dataset,seed,condition,method,model,bal_acc,macro_f1
gaussian,0,clean,No scaling,LogReg,0.8133333333333332,0.8133250366682965
gaussian,0,clean,No scaling,RBF-SVM,0.7966666666666666,0.7960116373688846
gaussian,0,clean,No scaling,KNN,0.7833333333333334,0.783273131425396
gaussian,0,clean,Z-score,LogReg,0.8133333333333332,0.8133250366682965
gaussian,0,clean,Z-score,RBF-SVM,0.8,0.7994294883223391
gaussian,0,clean,Z-score,KNN,0.7833333333333333,0.7832153061111049
gaussian,0,clean,Min-Max,LogReg,0.8233333333333333,0.8232842456237843
gaussian,0,clean,Min-Max,RBF-SVM,0.8066666666666666,0.8062447107033095
gaussian,0,clean,Min-Max,KNN,0.8,0.7998576765700054
gaussian,0,clean,RobustScaler,LogReg,0.8133333333333332,0.8133250366682965
gaussian,0,clean,RobustScaler,RBF-SVM,0.8,0.7995634938310098
gaussian,0,clean,RobustScaler,KNN,0.7866666666666666,0.7865812991863412
gaussian,0,clean,Winsorized Z-score,LogReg,0.8066666666666666,0.8066666666666666
gaussian,0,clean,Winsorized Z-score,RBF-SVM,0.8033333333333333,0.8028404344193818
gaussian,0,clean,Winsorized Z-score,KNN,0.78,0.7799119647859143
gaussian,0,clean,Yeo-Johnson,LogReg,0.8066666666666666,0.8066666666666666
gaussian,0,clean,Yeo-Johnson,RBF-SVM,0.8,0.7994294883223391
gaussian,0,clean,Yeo-Johnson,KNN,0.79,0.7899416504584607
gaussian,0,clean,Quantile-Normal,LogReg,0.81,0.8099978888654318
gaussian,0,clean,Quantile-Normal,RBF-SVM,0.81,0.8095238095238095
gaussian,0,clean,Quantile-Normal,KNN,0.7766666666666666,0.7766443310997766
gaussian,0,clean,Core-Norm ablation — residual channel removed,LogReg,0.7933333333333333,0.7933241477398996
gaussian,0,clean,Core-Norm ablation — residual channel removed,RBF-SVM,0.7933333333333333,0.79288227695871
gaussian,0,clean,Core-Norm ablation — residual channel removed,KNN,0.76,0.7594761925972118
gaussian,0,clean,Core-Norm,LogReg,0.7966666666666666,0.7966644073823043
gaussian,0,clean,Core-Norm,RBF-SVM,0.7966666666666666,0.7961570593149541
gaussian,0,clean,Core-Norm,KNN,0.76,0.7597330367074526
gaussian,1,clean,No scaling,LogReg,0.85,0.8499182888461496
gaussian,1,clean,No scaling,RBF-SVM,0.8233333333333333,0.8232842456237843
gaussian,1,clean,No scaling,KNN,0.7633333333333334,0.7633307036744853
gaussian,1,clean,Z-score,LogReg,0.85,0.8499182888461496
gaussian,1,clean,Z-score,RBF-SVM,0.8266666666666667,0.8265973055889022
gaussian,1,clean,Z-score,KNN,0.7666666666666666,0.7666562958353704
gaussian,1,clean,Min-Max,LogReg,0.8466666666666667,0.8466053087901828
gaussian,1,clean,Min-Max,RBF-SVM,0.8233333333333334,0.8232370957521318
gaussian,1,clean,Min-Max,KNN,0.7566666666666666,0.756599055293137
gaussian,1,clean,RobustScaler,LogReg,0.85,0.8499182888461496
gaussian,1,clean,RobustScaler,RBF-SVM,0.8266666666666667,0.8265973055889022
gaussian,1,clean,RobustScaler,KNN,0.77,0.7699769976997699
gaussian,1,clean,Winsorized Z-score,LogReg,0.8533333333333333,0.8532746431906095
gaussian,1,clean,Winsorized Z-score,RBF-SVM,0.8266666666666667,0.8265973055889022
gaussian,1,clean,Winsorized Z-score,KNN,0.7633333333333334,0.7633307036744853
gaussian,1,clean,Yeo-Johnson,LogReg,0.85,0.8499182888461496
gaussian,1,clean,Yeo-Johnson,RBF-SVM,0.8233333333333333,0.8232842456237843
gaussian,1,clean,Yeo-Johnson,KNN,0.77,0.7699769976997699
gaussian,1,clean,Quantile-Normal,LogReg,0.8533333333333333,0.8532289628180039
gaussian,1,clean,Quantile-Normal,RBF-SVM,0.8366666666666667,0.8366212836899138
gaussian,1,clean,Quantile-Normal,KNN,0.7566666666666666,0.756599055293137
gaussian,1,clean,Core-Norm ablation — residual channel removed,LogReg,0.85,0.8499182888461496
gaussian,1,clean,Core-Norm ablation — residual channel removed,RBF-SVM,0.8333333333333333,0.8332147304750044
gaussian,1,clean,Core-Norm ablation — residual channel removed,KNN,0.75,0.7497747973175859
gaussian,1,clean,Core-Norm,LogReg,0.8433333333333333,0.8431922063190205
gaussian,1,clean,Core-Norm,RBF-SVM,0.8266666666666667,0.8265433196940046
gaussian,1,clean,Core-Norm,KNN,0.77,0.7699360933592665
correlated,0,clean,No scaling,LogReg,0.8066666666666666,0.806658073692164
correlated,0,clean,No scaling,RBF-SVM,0.7133333333333334,0.7127076744911139
correlated,0,clean,No scaling,KNN,0.6866666666666668,0.6864436932930084
correlated,0,clean,Z-score,LogReg,0.78,0.779990221787635
correlated,0,clean,Z-score,RBF-SVM,0.7166666666666667,0.7161336287027864
correlated,0,clean,Z-score,KNN,0.6833333333333333,0.6829070194372434
correlated,0,clean,Min-Max,LogReg,0.7233333333333334,0.7232564601278133
correlated,0,clean,Min-Max,RBF-SVM,0.72,0.719551282051282
correlated,0,clean,Min-Max,KNN,0.6699999999999999,0.6695557360451273
correlated,0,clean,RobustScaler,LogReg,0.77,0.7699974444160491
correlated,0,clean,RobustScaler,RBF-SVM,0.72,0.7193888913634137
correlated,0,clean,RobustScaler,KNN,0.6766666666666666,0.6764905337350335
correlated,0,clean,Winsorized Z-score,LogReg,0.7833333333333333,0.7833116644997833
correlated,0,clean,Winsorized Z-score,RBF-SVM,0.72,0.7192012836512747
correlated,0,clean,Winsorized Z-score,KNN,0.6666666666666666,0.6662958843159066
correlated,0,clean,Yeo-Johnson,LogReg,0.7866666666666666,0.7866571847637673
correlated,0,clean,Yeo-Johnson,RBF-SVM,0.7133333333333334,0.7127076744911139
correlated,0,clean,Yeo-Johnson,KNN,0.6766666666666667,0.6762313777411854
correlated,0,clean,Quantile-Normal,LogReg,0.7833333333333333,0.7833116644997833
correlated,0,clean,Quantile-Normal,RBF-SVM,0.72,0.7193888913634137
correlated,0,clean,Quantile-Normal,KNN,0.6633333333333333,0.6624895572263994
correlated,0,clean,Core-Norm ablation — residual channel removed,LogReg,0.7733333333333333,0.7732930298719772
correlated,0,clean,Core-Norm ablation — residual channel removed,RBF-SVM,0.71,0.7092731829573935
correlated,0,clean,Core-Norm ablation — residual channel removed,KNN,0.6733333333333333,0.6729699666295884
correlated,0,clean,Core-Norm,LogReg,0.7766666666666666,0.7766443310997766
correlated,0,clean,Core-Norm,RBF-SVM,0.7166666666666667,0.7157539209238555
correlated,0,clean,Core-Norm,KNN,0.6733333333333333,0.6729699666295884
correlated,1,clean,No scaling,LogReg,0.8133333333333334,0.8132586367880486
correlated,1,clean,No scaling,RBF-SVM,0.8033333333333333,0.8032262009316183
correlated,1,clean,No scaling,KNN,0.76,0.7598292118840064
correlated,1,clean,Z-score,LogReg,0.81,0.8098964992051227
correlated,1,clean,Z-score,RBF-SVM,0.8133333333333334,0.8131256952169077
correlated,1,clean,Z-score,KNN,0.77,0.769792813532179
correlated,1,clean,Min-Max,LogReg,0.8066666666666666,0.8064516129032258
correlated,1,clean,Min-Max,RBF-SVM,0.8166666666666667,0.8165015180328963
correlated,1,clean,Min-Max,KNN,0.7666666666666666,0.7662927350427351
correlated,1,clean,RobustScaler,LogReg,0.8133333333333334,0.8132586367880486
correlated,1,clean,RobustScaler,RBF-SVM,0.8133333333333334,0.8131256952169077
correlated,1,clean,RobustScaler,KNN,0.75,0.7496634363978237
correlated,1,clean,Winsorized Z-score,LogReg,0.8133333333333334,0.8132586367880486
correlated,1,clean,Winsorized Z-score,RBF-SVM,0.8,0.7998576765700054
correlated,1,clean,Winsorized Z-score,KNN,0.7733333333333333,0.7730812013348165
correlated,1,clean,Yeo-Johnson,LogReg,0.8133333333333334,0.8132586367880486
correlated,1,clean,Yeo-Johnson,RBF-SVM,0.8133333333333332,0.813200498132005
correlated,1,clean,Yeo-Johnson,KNN,0.7666666666666666,0.7664071190211346
correlated,1,clean,Quantile-Normal,LogReg,0.8066666666666666,0.8064516129032258
correlated,1,clean,Quantile-Normal,RBF-SVM,0.8166666666666667,0.8165667974786273
correlated,1,clean,Quantile-Normal,KNN,0.7733333333333333,0.7729700854700854
correlated,1,clean,Core-Norm ablation — residual channel removed,LogReg,0.8066666666666666,0.8065290873510051
correlated,1,clean,Core-Norm ablation — residual channel removed,RBF-SVM,0.8,0.7998576765700054
correlated,1,clean,Core-Norm ablation — residual channel removed,KNN,0.75,0.7497747973175859
correlated,1,clean,Core-Norm,LogReg,0.8166666666666667,0.8165667974786273
correlated,1,clean,Core-Norm,RBF-SVM,0.7966666666666666,0.7965559026581139
correlated,1,clean,Core-Norm,KNN,0.76,0.7598292118840064
lognormal,0,clean,No scaling,LogReg,0.78,0.7799119647859143
lognormal,0,clean,No scaling,RBF-SVM,0.77,0.7695672985940265
lognormal,0,clean,No scaling,KNN,0.7433333333333334,0.7426900584795322
lognormal,0,clean,Z-score,LogReg,0.78,0.7799119647859143
lognormal,0,clean,Z-score,RBF-SVM,0.7666666666666666,0.7661574094695114
lognormal,0,clean,Z-score,KNN,0.7366666666666667,0.7361712549120014
lognormal,0,clean,Min-Max,LogReg,0.7633333333333333,0.7628880898576216
lognormal,0,clean,Min-Max,RBF-SVM,0.77,0.7692590652205415
lognormal,0,clean,Min-Max,KNN,0.7466666666666667,0.7465652927837803
lognormal,0,clean,RobustScaler,LogReg,0.7766666666666666,0.7766046123923311
lognormal,0,clean,RobustScaler,RBF-SVM,0.7633333333333333,0.7631201414606479
lognormal,0,clean,RobustScaler,KNN,0.73,0.7289126384720936
lognormal,0,clean,Winsorized Z-score,LogReg,0.77,0.7698747095640961
lognormal,0,clean,Winsorized Z-score,RBF-SVM,0.7566666666666666,0.7564474693891169
lognormal,0,clean,Winsorized Z-score,KNN,0.74,0.7394325419803127
lognormal,0,clean,Yeo-Johnson,LogReg,0.8,0.8
lognormal,0,clean,Yeo-Johnson,RBF-SVM,0.8033333333333333,0.8029633422760517
lognormal,0,clean,Yeo-Johnson,KNN,0.7866666666666666,0.7865148550080057
lognormal,0,clean,Quantile-Normal,LogReg,0.81,0.8099978888654318
lognormal,0,clean,Quantile-Normal,RBF-SVM,0.81,0.8095238095238095
lognormal,0,clean,Quantile-Normal,KNN,0.7766666666666666,0.7766443310997766
lognormal,0,clean,Core-Norm ablation — residual channel removed,LogReg,0.8033333333333333,0.8033311481238681
lognormal,0,clean,Core-Norm ablation — residual channel removed,RBF-SVM,0.79,0.7896049248032417
lognormal,0,clean,Core-Norm ablation — residual channel removed,KNN,0.76,0.76
lognormal,0,clean,Core-Norm,LogReg,0.8066666666666666,0.8066322901849218
lognormal,0,clean,Core-Norm,RBF-SVM,0.7833333333333333,0.7830416448781139
lognormal,0,clean,Core-Norm,KNN,0.7433333333333334,0.7432620172270075
lognormal,1,clean,No scaling,LogReg,0.76,0.7596153846153846
lognormal,1,clean,No scaling,RBF-SVM,0.76,0.7594761925972118
lognormal,1,clean,No scaling,KNN,0.7566666666666666,0.7560568086883876
lognormal,1,clean,Z-score,LogReg,0.7633333333333333,0.7628880898576216
lognormal,1,clean,Z-score,RBF-SVM,0.7433333333333334,0.7425064930721985
lognormal,1,clean,Z-score,KNN,0.7333333333333334,0.7330367074527253
lognormal,1,clean,Min-Max,LogReg,0.73,0.7296365113096497
lognormal,1,clean,Min-Max,RBF-SVM,0.73,0.7294920461755964
lognormal,1,clean,Min-Max,KNN,0.7466666666666666,0.7466216216216216
lognormal,1,clean,RobustScaler,LogReg,0.76,0.7596153846153846
lognormal,1,clean,RobustScaler,RBF-SVM,0.76,0.7594761925972118
lognormal,1,clean,RobustScaler,KNN,0.74,0.7390606182256123
lognormal,1,clean,Winsorized Z-score,LogReg,0.7566666666666666,0.7563390780938818
lognormal,1,clean,Winsorized Z-score,RBF-SVM,0.76,0.7594761925972118
lognormal,1,clean,Winsorized Z-score,KNN,0.74,0.7394325419803127
lognormal,1,clean,Yeo-Johnson,LogReg,0.7166666666666667,0.7157539209238555
lognormal,1,clean,Yeo-Johnson,RBF-SVM,0.72,0.7193888913634137
lognormal,1,clean,Yeo-Johnson,KNN,0.7133333333333334,0.7133205920263123
lognormal,1,clean,Quantile-Normal,LogReg,0.7233333333333334,0.7224420639609412
lognormal,1,clean,Quantile-Normal,RBF-SVM,0.72,0.7196885428253614
lognormal,1,clean,Quantile-Normal,KNN,0.7166666666666667,0.7162852279175336
lognormal,1,clean,Core-Norm ablation — residual channel removed,LogReg,0.73,0.7289126384720936
lognormal,1,clean,Core-Norm ablation — residual channel removed,RBF-SVM,0.7233333333333334,0.7228128374391913
lognormal,1,clean,Core-Norm ablation — residual channel removed,KNN,0.7133333333333334,0.7128739316239316
lognormal,1,clean,Core-Norm,LogReg,0.75,0.7493734335839599
lognormal,1,clean,Core-Norm,RBF-SVM,0.7433333333333334,0.7426900584795322
lognormal,1,clean,Core-Norm,KNN,0.73,0.7294920461755964
student_t,0,clean,No scaling,LogReg,0.83,0.8299829982998299
student_t,0,clean,No scaling,RBF-SVM,0.8233333333333334,0.8232370957521318
student_t,0,clean,No scaling,KNN,0.7666666666666666,0.7665006226650062
student_t,0,clean,Z-score,LogReg,0.83,0.8299829982998299
student_t,0,clean,Z-score,RBF-SVM,0.8200000000000001,0.8198719089130049
student_t,0,clean,Z-score,KNN,0.7733333333333334,0.773172033446006
student_t,0,clean,Min-Max,LogReg,0.7866666666666666,0.786628733997155
student_t,0,clean,Min-Max,RBF-SVM,0.8,0.7999911107160318
student_t,0,clean,Min-Max,KNN,0.7566666666666666,0.7566639629329215
student_t,0,clean,RobustScaler,LogReg,0.83,0.8299829982998299
student_t,0,clean,RobustScaler,RBF-SVM,0.8333333333333334,0.8332666399893291
student_t,0,clean,RobustScaler,KNN,0.79,0.7899976666407404
student_t,0,clean,Winsorized Z-score,LogReg,0.8366666666666667,0.8366503316998366
student_t,0,clean,Winsorized Z-score,RBF-SVM,0.8066666666666666,0.8066322901849218
student_t,0,clean,Winsorized Z-score,KNN,0.7833333333333333,0.7833116644997833
student_t,0,clean,Yeo-Johnson,LogReg,0.8333333333333333,0.8333036984352773
student_t,0,clean,Yeo-Johnson,RBF-SVM,0.81,0.8098288459613652
student_t,0,clean,Yeo-Johnson,KNN,0.78,0.7799119647859143
student_t,0,clean,Quantile-Normal,LogReg,0.8266666666666667,0.8264738598442714
student_t,0,clean,Quantile-Normal,RBF-SVM,0.8200000000000001,0.8199919996444287
student_t,0,clean,Quantile-Normal,KNN,0.7933333333333333,0.7933333333333333
student_t,0,clean,Core-Norm ablation — residual channel removed,LogReg,0.8166666666666667,0.8165667974786273
student_t,0,clean,Core-Norm ablation — residual channel removed,RBF-SVM,0.8166666666666667,0.8165667974786273
student_t,0,clean,Core-Norm ablation — residual channel removed,KNN,0.7766666666666666,0.7763660031820558
student_t,0,clean,Core-Norm,LogReg,0.8300000000000001,0.8298468621759583
student_t,0,clean,Core-Norm,RBF-SVM,0.8166666666666667,0.8166157265907197
student_t,0,clean,Core-Norm,KNN,0.7966666666666666,0.7966644073823043
student_t,1,clean,No scaling,LogReg,0.76,0.76
student_t,1,clean,No scaling,RBF-SVM,0.7633333333333334,0.7633307036744853
student_t,1,clean,No scaling,KNN,0.7133333333333334,0.7133205920263123
student_t,1,clean,Z-score,LogReg,0.76,0.76
student_t,1,clean,Z-score,RBF-SVM,0.7433333333333333,0.7433076640997434
student_t,1,clean,Z-score,KNN,0.7033333333333334,0.7033300370004111
student_t,1,clean,Min-Max,LogReg,0.74,0.7399537695590328
student_t,1,clean,Min-Max,RBF-SVM,0.76,0.7598292118840064
student_t,1,clean,Min-Max,KNN,0.73,0.72997299729973
student_t,1,clean,RobustScaler,LogReg,0.76,0.76
student_t,1,clean,RobustScaler,RBF-SVM,0.7633333333333334,0.7633307036744853
student_t,1,clean,RobustScaler,KNN,0.7066666666666667,0.7066666666666667
student_t,1,clean,Winsorized Z-score,LogReg,0.7633333333333334,0.7633307036744853
student_t,1,clean,Winsorized Z-score,RBF-SVM,0.71,0.7099709970997099
student_t,1,clean,Winsorized Z-score,KNN,0.7,0.6999466571834994
student_t,1,clean,Yeo-Johnson,LogReg,0.7666666666666667,0.7666666666666667
student_t,1,clean,Yeo-Johnson,RBF-SVM,0.76,0.76
student_t,1,clean,Yeo-Johnson,KNN,0.6933333333333334,0.6933333333333334
student_t,1,clean,Quantile-Normal,LogReg,0.76,0.76
student_t,1,clean,Quantile-Normal,RBF-SVM,0.69,0.6898311302820425
student_t,1,clean,Quantile-Normal,KNN,0.6566666666666667,0.6566628518094646
student_t,1,clean,Core-Norm ablation — residual channel removed,LogReg,0.7366666666666666,0.7365934981939428
student_t,1,clean,Core-Norm ablation — residual channel removed,RBF-SVM,0.6833333333333333,0.6833298147757197
student_t,1,clean,Core-Norm ablation — residual channel removed,KNN,0.64,0.64
student_t,1,clean,Core-Norm,LogReg,0.7533333333333334,0.7532894736842105
student_t,1,clean,Core-Norm,RBF-SVM,0.69,0.6899138649624896
student_t,1,clean,Core-Norm,KNN,0.6833333333333333,0.6833298147757197
laplace,0,clean,No scaling,LogReg,0.8666666666666667,0.866642958748222
laplace,0,clean,No scaling,RBF-SVM,0.8600000000000001,0.8599937775012223
laplace,0,clean,No scaling,KNN,0.8433333333333334,0.8433176650998433
laplace,0,clean,Z-score,LogReg,0.8666666666666667,0.866642958748222
laplace,0,clean,Z-score,RBF-SVM,0.8600000000000001,0.8599937775012223
laplace,0,clean,Z-score,KNN,0.83,0.8299829982998299
laplace,0,clean,Min-Max,LogReg,0.8733333333333333,0.8733333333333333
laplace,0,clean,Min-Max,RBF-SVM,0.8633333333333333,0.8633318147979422
laplace,0,clean,Min-Max,KNN,0.8400000000000001,0.8399928885728254
laplace,0,clean,RobustScaler,LogReg,0.8666666666666667,0.866642958748222
laplace,0,clean,RobustScaler,RBF-SVM,0.86,0.8599751066856329
laplace,0,clean,RobustScaler,KNN,0.8600000000000001,0.8599937775012223
laplace,0,clean,Winsorized Z-score,LogReg,0.8666666666666667,0.8666133119914632
laplace,0,clean,Winsorized Z-score,RBF-SVM,0.87,0.869998555539506
laplace,0,clean,Winsorized Z-score,KNN,0.84,0.84
laplace,0,clean,Yeo-Johnson,LogReg,0.8766666666666667,0.8766652962810697
laplace,0,clean,Yeo-Johnson,RBF-SVM,0.86,0.86
laplace,0,clean,Yeo-Johnson,KNN,0.8400000000000001,0.8399928885728254
laplace,0,clean,Quantile-Normal,LogReg,0.8633333333333333,0.8633318147979422
laplace,0,clean,Quantile-Normal,RBF-SVM,0.85,0.84998499849985
laplace,0,clean,Quantile-Normal,KNN,0.8200000000000001,0.8199279711884754
laplace,0,clean,Core-Norm ablation — residual channel removed,LogReg,0.8700000000000001,0.8699638788552375
laplace,0,clean,Core-Norm ablation — residual channel removed,RBF-SVM,0.8566666666666667,0.856626840789108
laplace,0,clean,Core-Norm ablation — residual channel removed,KNN,0.8400000000000001,0.8399715504978662
laplace,0,clean,Core-Norm,LogReg,0.8666666666666667,0.8666133119914632
laplace,0,clean,Core-Norm,RBF-SVM,0.8600000000000001,0.8599937775012223
laplace,0,clean,Core-Norm,KNN,0.85,0.8499182888461496
laplace,1,clean,No scaling,LogReg,0.8533333333333333,0.8531701890989989
laplace,1,clean,No scaling,RBF-SVM,0.81,0.8098964992051227
laplace,1,clean,No scaling,KNN,0.78,0.779205138498595
laplace,1,clean,Z-score,LogReg,0.8533333333333333,0.8531701890989989
laplace,1,clean,Z-score,RBF-SVM,0.81,0.8098964992051227
laplace,1,clean,Z-score,KNN,0.7666666666666666,0.7660010697093956
laplace,1,clean,Min-Max,LogReg,0.8566666666666667,0.8565885871196541
laplace,1,clean,Min-Max,RBF-SVM,0.8066666666666666,0.8065290873510051
laplace,1,clean,Min-Max,KNN,0.7833333333333333,0.783138157675241
laplace,1,clean,RobustScaler,LogReg,0.8533333333333333,0.8531701890989989
laplace,1,clean,RobustScaler,RBF-SVM,0.8066666666666666,0.8065290873510051
laplace,1,clean,RobustScaler,KNN,0.79,0.7894736842105263
laplace,1,clean,Winsorized Z-score,LogReg,0.84,0.8399359743897559
laplace,1,clean,Winsorized Z-score,RBF-SVM,0.8266666666666667,0.8266358463726885
laplace,1,clean,Winsorized Z-score,KNN,0.78,0.7796474358974359
laplace,1,clean,Yeo-Johnson,LogReg,0.8566666666666667,0.8565375504620825
laplace,1,clean,Yeo-Johnson,RBF-SVM,0.8233333333333334,0.8231741901044274
laplace,1,clean,Yeo-Johnson,KNN,0.76,0.7596153846153846
laplace,1,clean,Quantile-Normal,LogReg,0.8400000000000001,0.8399928885728254
laplace,1,clean,Quantile-Normal,RBF-SVM,0.8200000000000001,0.8199679943100995
laplace,1,clean,Quantile-Normal,KNN,0.7933333333333333,0.7931862657890055
laplace,1,clean,Core-Norm ablation — residual channel removed,LogReg,0.83,0.8299829982998299
laplace,1,clean,Core-Norm ablation — residual channel removed,RBF-SVM,0.8066666666666666,0.806658073692164
laplace,1,clean,Core-Norm ablation — residual channel removed,KNN,0.77,0.7699769976997699
laplace,1,clean,Core-Norm,LogReg,0.8533333333333333,0.8532746431906095
laplace,1,clean,Core-Norm,RBF-SVM,0.8300000000000001,0.8299981110901232
laplace,1,clean,Core-Norm,KNN,0.79,0.7898108297467721
bimodal,0,clean,No scaling,LogReg,0.7766666666666666,0.7766046123923311
bimodal,0,clean,No scaling,RBF-SVM,0.8266666666666667,0.8266666666666667
bimodal,0,clean,No scaling,KNN,0.7733333333333333,0.7726867534319843
bimodal,0,clean,Z-score,LogReg,0.7766666666666666,0.7766046123923311
bimodal,0,clean,Z-score,RBF-SVM,0.8233333333333333,0.8233313703485594
bimodal,0,clean,Z-score,KNN,0.78,0.7793724371545729
bimodal,0,clean,Min-Max,LogReg,0.77,0.7699974444160491
bimodal,0,clean,Min-Max,RBF-SVM,0.8266666666666667,0.8266666666666667
bimodal,0,clean,Min-Max,KNN,0.7733333333333333,0.7726867534319843
bimodal,0,clean,RobustScaler,LogReg,0.7733333333333333,0.7732930298719772
bimodal,0,clean,RobustScaler,RBF-SVM,0.8233333333333333,0.8233313703485594
bimodal,0,clean,RobustScaler,KNN,0.7766666666666666,0.775767244168275
bimodal,0,clean,Winsorized Z-score,LogReg,0.7733333333333334,0.7733232588115027
bimodal,0,clean,Winsorized Z-score,RBF-SVM,0.8333333333333333,0.8333259255966932
bimodal,0,clean,Winsorized Z-score,KNN,0.77,0.7694235588972431
bimodal,0,clean,Yeo-Johnson,LogReg,0.7733333333333333,0.7732930298719772
bimodal,0,clean,Yeo-Johnson,RBF-SVM,0.8133333333333334,0.8133333333333334
bimodal,0,clean,Yeo-Johnson,KNN,0.7766666666666666,0.775767244168275
bimodal,0,clean,Quantile-Normal,LogReg,0.7633333333333333,0.7633096642997633
bimodal,0,clean,Quantile-Normal,RBF-SVM,0.8266666666666667,0.8265973055889022
bimodal,0,clean,Quantile-Normal,KNN,0.7333333333333334,0.7323698648467818
bimodal,0,clean,Core-Norm ablation — residual channel removed,LogReg,0.7633333333333334,0.7633307036744853
bimodal,0,clean,Core-Norm ablation — residual channel removed,RBF-SVM,0.8166666666666667,0.8166646296069957
bimodal,0,clean,Core-Norm ablation — residual channel removed,KNN,0.7766666666666666,0.7761069340016709
bimodal,0,clean,Core-Norm,LogReg,0.76,0.76
bimodal,0,clean,Core-Norm,RBF-SVM,0.8166666666666667,0.8166646296069957
bimodal,0,clean,Core-Norm,KNN,0.78,0.7793724371545729
bimodal,1,clean,No scaling,LogReg,0.8233333333333333,0.8232842456237843
bimodal,1,clean,No scaling,RBF-SVM,0.8,0.7997775305895439
bimodal,1,clean,No scaling,KNN,0.7966666666666666,0.7966463312997967
bimodal,1,clean,Z-score,LogReg,0.8233333333333333,0.8232842456237843
bimodal,1,clean,Z-score,RBF-SVM,0.8,0.7997775305895439
bimodal,1,clean,Z-score,KNN,0.7966666666666666,0.7966463312997967
bimodal,1,clean,Min-Max,LogReg,0.8,0.8
bimodal,1,clean,Min-Max,RBF-SVM,0.8,0.7997775305895439
bimodal,1,clean,Min-Max,KNN,0.7933333333333333,0.7933241477398996
bimodal,1,clean,RobustScaler,LogReg,0.8200000000000001,0.8199279711884754
bimodal,1,clean,RobustScaler,RBF-SVM,0.8,0.7997775305895439
bimodal,1,clean,RobustScaler,KNN,0.7966666666666666,0.7966463312997967
bimodal,1,clean,Winsorized Z-score,LogReg,0.8233333333333333,0.8232842456237843
bimodal,1,clean,Winsorized Z-score,RBF-SVM,0.8,0.7997775305895439
bimodal,1,clean,Winsorized Z-score,KNN,0.7966666666666666,0.7966463312997967
bimodal,1,clean,Yeo-Johnson,LogReg,0.8266666666666667,0.8266358463726885
bimodal,1,clean,Yeo-Johnson,RBF-SVM,0.8,0.7997775305895439
bimodal,1,clean,Yeo-Johnson,KNN,0.7966666666666666,0.7966463312997967
bimodal,1,clean,Quantile-Normal,LogReg,0.8233333333333334,0.8233156648998233
bimodal,1,clean,Quantile-Normal,RBF-SVM,0.7966666666666666,0.7966463312997967
bimodal,1,clean,Quantile-Normal,KNN,0.7833333333333333,0.7833309258991767
bimodal,1,clean,Core-Norm ablation — residual channel removed,LogReg,0.8266666666666667,0.8265973055889022
bimodal,1,clean,Core-Norm ablation — residual channel removed,RBF-SVM,0.7966666666666666,0.7964835018183032
bimodal,1,clean,Core-Norm ablation — residual channel removed,KNN,0.7966666666666666,0.7966463312997967
bimodal,1,clean,Core-Norm,LogReg,0.8300000000000001,0.8299527646568491
bimodal,1,clean,Core-Norm,RBF-SVM,0.8,0.7997775305895439
bimodal,1,clean,Core-Norm,KNN,0.7933333333333333,0.793296586059744
zero_inflated,0,clean,No scaling,LogReg,0.6633333333333333,0.6619774874775488
zero_inflated,0,clean,No scaling,RBF-SVM,0.66,0.6590301301479764
zero_inflated,0,clean,No scaling,KNN,0.64,0.6399359886201992
zero_inflated,0,clean,Z-score,LogReg,0.6633333333333333,0.6619774874775488
zero_inflated,0,clean,Z-score,RBF-SVM,0.6633333333333333,0.6626999588115461
zero_inflated,0,clean,Z-score,KNN,0.6333333333333333,0.633317036312725
zero_inflated,0,clean,Min-Max,LogReg,0.6699999999999999,0.6689369196642552
zero_inflated,0,clean,Min-Max,RBF-SVM,0.6633333333333333,0.6626999588115461
zero_inflated,0,clean,Min-Max,KNN,0.63,0.6299958888432093
zero_inflated,0,clean,RobustScaler,LogReg,0.6633333333333333,0.6619774874775488
zero_inflated,0,clean,RobustScaler,RBF-SVM,0.66,0.6590301301479764
zero_inflated,0,clean,RobustScaler,KNN,0.64,0.6399359886201992
zero_inflated,0,clean,Winsorized Z-score,LogReg,0.6566666666666667,0.6552839723780943
zero_inflated,0,clean,Winsorized Z-score,RBF-SVM,0.6599999999999999,0.6592579395127165
zero_inflated,0,clean,Winsorized Z-score,KNN,0.6333333333333333,0.633317036312725
zero_inflated,0,clean,Yeo-Johnson,LogReg,0.6733333333333333,0.6721530844373076
zero_inflated,0,clean,Yeo-Johnson,RBF-SVM,0.67,0.6693791675479511
zero_inflated,0,clean,Yeo-Johnson,KNN,0.6466666666666667,0.6465252767773777
zero_inflated,0,clean,Quantile-Normal,LogReg,0.6533333333333333,0.6527777777777777
zero_inflated,0,clean,Quantile-Normal,RBF-SVM,0.61,0.6072727272727273
zero_inflated,0,clean,Quantile-Normal,KNN,0.55,0.5497548665384487
zero_inflated,0,clean,Core-Norm ablation — residual channel removed,LogReg,0.6533333333333333,0.6517857142857143
zero_inflated,0,clean,Core-Norm ablation — residual channel removed,RBF-SVM,0.6499999999999999,0.6482765551200884
zero_inflated,0,clean,Core-Norm ablation — residual channel removed,KNN,0.62,0.6197295854830102
zero_inflated,0,clean,Core-Norm,LogReg,0.6666666666666666,0.6651785714285714
zero_inflated,0,clean,Core-Norm,RBF-SVM,0.6466666666666667,0.6453900709219857
zero_inflated,0,clean,Core-Norm,KNN,0.6333333333333333,0.6331866079765239
zero_inflated,1,clean,No scaling,LogReg,0.8266666666666667,0.8266358463726885
zero_inflated,1,clean,No scaling,RBF-SVM,0.78,0.779990221787635
zero_inflated,1,clean,No scaling,KNN,0.7166666666666666,0.7165879410947485
zero_inflated,1,clean,Z-score,LogReg,0.8266666666666667,0.8265973055889022
zero_inflated,1,clean,Z-score,RBF-SVM,0.78,0.7799119647859143
zero_inflated,1,clean,Z-score,KNN,0.7166666666666667,0.7165123233760603
zero_inflated,1,clean,Min-Max,LogReg,0.81,0.8099809980998101
zero_inflated,1,clean,Min-Max,RBF-SVM,0.7833333333333334,0.783273131425396
zero_inflated,1,clean,Min-Max,KNN,0.7233333333333334,0.7228128374391913
zero_inflated,1,clean,RobustScaler,LogReg,0.8266666666666667,0.8266358463726885
zero_inflated,1,clean,RobustScaler,RBF-SVM,0.78,0.779990221787635
zero_inflated,1,clean,RobustScaler,KNN,0.7166666666666666,0.7165879410947485
zero_inflated,1,clean,Winsorized Z-score,LogReg,0.8266666666666667,0.8266358463726885
zero_inflated,1,clean,Winsorized Z-score,RBF-SVM,0.8,0.8
zero_inflated,1,clean,Winsorized Z-score,KNN,0.73,0.7298529199230692
zero_inflated,1,clean,Yeo-Johnson,LogReg,0.8266666666666667,0.8266358463726885
zero_inflated,1,clean,Yeo-Johnson,RBF-SVM,0.7766666666666666,0.7766641851576128
zero_inflated,1,clean,Yeo-Johnson,KNN,0.72,0.7198007471980075
zero_inflated,1,clean,Quantile-Normal,LogReg,0.8300000000000001,0.8299527646568491
zero_inflated,1,clean,Quantile-Normal,RBF-SVM,0.7866666666666666,0.7865148550080057
zero_inflated,1,clean,Quantile-Normal,KNN,0.7366666666666666,0.7363121530057077
zero_inflated,1,clean,Core-Norm ablation — residual channel removed,LogReg,0.8200000000000001,0.8199679943100995
zero_inflated,1,clean,Core-Norm ablation — residual channel removed,RBF-SVM,0.7866666666666666,0.7866571847637673
zero_inflated,1,clean,Core-Norm ablation — residual channel removed,KNN,0.74,0.7399884439308414
zero_inflated,1,clean,Core-Norm,LogReg,0.8200000000000001,0.8199679943100995
zero_inflated,1,clean,Core-Norm,RBF-SVM,0.7933333333333333,0.7933241477398996
zero_inflated,1,clean,Core-Norm,KNN,0.73,0.729924979160878
bounded_beta,0,clean,No scaling,LogReg,0.83,0.8299829982998299
bounded_beta,0,clean,No scaling,RBF-SVM,0.8133333333333334,0.8133001422475107
bounded_beta,0,clean,No scaling,KNN,0.8033333333333333,0.8033311481238681
bounded_beta,0,clean,Z-score,LogReg,0.8266666666666667,0.8266358463726885
bounded_beta,0,clean,Z-score,RBF-SVM,0.81,0.8099472075576549
bounded_beta,0,clean,Z-score,KNN,0.7966666666666666,0.7966644073823043
bounded_beta,0,clean,Min-Max,LogReg,0.83,0.8299829982998299
bounded_beta,0,clean,Min-Max,RBF-SVM,0.81,0.8099809980998101
bounded_beta,0,clean,Min-Max,KNN,0.7933333333333333,0.7933333333333333
bounded_beta,0,clean,RobustScaler,LogReg,0.83,0.8299829982998299
bounded_beta,0,clean,RobustScaler,RBF-SVM,0.81,0.8099472075576549
bounded_beta,0,clean,RobustScaler,KNN,0.7966666666666666,0.7966463312997967
bounded_beta,0,clean,Winsorized Z-score,LogReg,0.83,0.8299829982998299
bounded_beta,0,clean,Winsorized Z-score,RBF-SVM,0.8133333333333332,0.8133250366682965
bounded_beta,0,clean,Winsorized Z-score,KNN,0.8,0.7999911107160318
bounded_beta,0,clean,Yeo-Johnson,LogReg,0.8433333333333333,0.8433315925732507
bounded_beta,0,clean,Yeo-Johnson,RBF-SVM,0.8400000000000001,0.8399715504978662
bounded_beta,0,clean,Yeo-Johnson,KNN,0.8066666666666666,0.8062447107033095
bounded_beta,0,clean,Quantile-Normal,LogReg,0.8633333333333333,0.8633318147979422
bounded_beta,0,clean,Quantile-Normal,RBF-SVM,0.8466666666666667,0.8464209401709402
bounded_beta,0,clean,Quantile-Normal,KNN,0.8266666666666667,0.8266666666666667
bounded_beta,0,clean,Core-Norm ablation — residual channel removed,LogReg,0.8533333333333333,0.853307254623044
bounded_beta,0,clean,Core-Norm ablation — residual channel removed,RBF-SVM,0.8333333333333333,0.8333036984352773
bounded_beta,0,clean,Core-Norm ablation — residual channel removed,KNN,0.81,0.8098288459613652
bounded_beta,0,clean,Core-Norm,LogReg,0.8566666666666667,0.8566523318998567
bounded_beta,0,clean,Core-Norm,RBF-SVM,0.8333333333333334,0.8332666399893291
bounded_beta,0,clean,Core-Norm,KNN,0.8200000000000001,0.8198719089130049
bounded_beta,1,clean,No scaling,LogReg,0.81,0.8099472075576549
bounded_beta,1,clean,No scaling,RBF-SVM,0.8066666666666666,0.8065893023876217
bounded_beta,1,clean,No scaling,KNN,0.7666666666666666,0.7661574094695114
bounded_beta,1,clean,Z-score,LogReg,0.8133333333333332,0.8133250366682965
bounded_beta,1,clean,Z-score,RBF-SVM,0.8033333333333333,0.8032262009316183
bounded_beta,1,clean,Z-score,KNN,0.76,0.7593153859868069
bounded_beta,1,clean,Min-Max,LogReg,0.8200000000000001,0.8199279711884754
bounded_beta,1,clean,Min-Max,RBF-SVM,0.8033333333333333,0.8032262009316183
bounded_beta,1,clean,Min-Max,KNN,0.76,0.7594761925972118
bounded_beta,1,clean,RobustScaler,LogReg,0.8133333333333332,0.8133250366682965
bounded_beta,1,clean,RobustScaler,RBF-SVM,0.8,0.7999199679871949
bounded_beta,1,clean,RobustScaler,KNN,0.76,0.7599039615846338
bounded_beta,1,clean,Winsorized Z-score,LogReg,0.8133333333333332,0.8133250366682965
bounded_beta,1,clean,Winsorized Z-score,RBF-SVM,0.8033333333333332,0.8032786885245902
bounded_beta,1,clean,Winsorized Z-score,KNN,0.7633333333333334,0.7627401837928154
bounded_beta,1,clean,Yeo-Johnson,LogReg,0.8,0.7999911107160318
bounded_beta,1,clean,Yeo-Johnson,RBF-SVM,0.78,0.78
bounded_beta,1,clean,Yeo-Johnson,KNN,0.7366666666666666,0.7365934981939428
bounded_beta,1,clean,Quantile-Normal,LogReg,0.7866666666666666,0.786628733997155
bounded_beta,1,clean,Quantile-Normal,RBF-SVM,0.81,0.8098964992051227
bounded_beta,1,clean,Quantile-Normal,KNN,0.77,0.7698747095640961
bounded_beta,1,clean,Core-Norm ablation — residual channel removed,LogReg,0.8066666666666666,0.8066322901849218
bounded_beta,1,clean,Core-Norm ablation — residual channel removed,RBF-SVM,0.78,0.78
bounded_beta,1,clean,Core-Norm ablation — residual channel removed,KNN,0.7533333333333334,0.753322369883106
bounded_beta,1,clean,Core-Norm,LogReg,0.8133333333333332,0.8133250366682965
bounded_beta,1,clean,Core-Norm,RBF-SVM,0.7866666666666666,0.7866571847637673
bounded_beta,1,clean,Core-Norm,KNN,0.7566666666666667,0.7566423308997566
mixed,0,clean,No scaling,LogReg,0.8366666666666667,0.8366503316998366
mixed,0,clean,No scaling,RBF-SVM,0.8266666666666667,0.8266589626205609
mixed,0,clean,No scaling,KNN,0.7533333333333334,0.7532894736842105
mixed,0,clean,Z-score,LogReg,0.8366666666666667,0.8366503316998366
mixed,0,clean,Z-score,RBF-SVM,0.8166666666666667,0.8166646296069957
mixed,0,clean,Z-score,KNN,0.7966666666666666,0.7966101694915255
mixed,0,clean,Min-Max,LogReg,0.8466666666666667,0.8466394025604552
mixed,0,clean,Min-Max,RBF-SVM,0.8366666666666667,0.836664851831687
mixed,0,clean,Min-Max,KNN,0.7566666666666666,0.756599055293137
mixed,0,clean,RobustScaler,LogReg,0.8366666666666667,0.8366503316998366
mixed,0,clean,RobustScaler,RBF-SVM,0.5633333333333334,0.5481460189709687
mixed,0,clean,RobustScaler,KNN,0.6233333333333333,0.6232956628996233
mixed,0,clean,Winsorized Z-score,LogReg,0.85,0.84998499849985
mixed,0,clean,Winsorized Z-score,RBF-SVM,0.8300000000000001,0.8299981110901232
mixed,0,clean,Winsorized Z-score,KNN,0.8066666666666666,0.8065893023876217
mixed,0,clean,Yeo-Johnson,LogReg,0.8666666666666667,0.8664529914529915
mixed,0,clean,Yeo-Johnson,RBF-SVM,0.8266666666666667,0.8266589626205609
mixed,0,clean,Yeo-Johnson,KNN,0.78,0.779990221787635
mixed,0,clean,Quantile-Normal,LogReg,0.8733333333333333,0.8730568794263062
mixed,0,clean,Quantile-Normal,RBF-SVM,0.8333333333333334,0.8332666399893291
mixed,0,clean,Quantile-Normal,KNN,0.8133333333333334,0.8132586367880486
mixed,0,clean,Core-Norm ablation — residual channel removed,LogReg,0.8666666666666667,0.8665717843800036
mixed,0,clean,Core-Norm ablation — residual channel removed,RBF-SVM,0.8300000000000001,0.8299981110901232
mixed,0,clean,Core-Norm ablation — residual channel removed,KNN,0.8133333333333334,0.8133001422475107
mixed,0,clean,Core-Norm,LogReg,0.8733333333333333,0.8732826463918901
mixed,0,clean,Core-Norm,RBF-SVM,0.8366666666666667,0.8366503316998366
mixed,0,clean,Core-Norm,KNN,0.81,0.8099472075576549
mixed,1,clean,No scaling,LogReg,0.8,0.7999199679871949
mixed,1,clean,No scaling,RBF-SVM,0.78,0.779990221787635
mixed,1,clean,No scaling,KNN,0.75,0.7499972221913577
mixed,1,clean,Z-score,LogReg,0.7966666666666666,0.7966101694915255
mixed,1,clean,Z-score,RBF-SVM,0.77,0.7698747095640961
mixed,1,clean,Z-score,KNN,0.7633333333333334,0.7627401837928154
mixed,1,clean,Min-Max,LogReg,0.72,0.7184860807006568
mixed,1,clean,Min-Max,RBF-SVM,0.7133333333333334,0.7120535714285714
mixed,1,clean,Min-Max,KNN,0.6966666666666667,0.6954450629748212
mixed,1,clean,RobustScaler,LogReg,0.7966666666666666,0.7966101694915255
mixed,1,clean,RobustScaler,RBF-SVM,0.64,0.639599555061179
mixed,1,clean,RobustScaler,KNN,0.6833333333333333,0.6825396825396826
mixed,1,clean,Winsorized Z-score,LogReg,0.7966666666666666,0.7966101694915255
mixed,1,clean,Winsorized Z-score,RBF-SVM,0.75,0.7499972221913577
mixed,1,clean,Winsorized Z-score,KNN,0.7833333333333333,0.7832153061111049
mixed,1,clean,Yeo-Johnson,LogReg,0.7866666666666666,0.7865148550080057
mixed,1,clean,Yeo-Johnson,RBF-SVM,0.7833333333333333,0.783138157675241
mixed,1,clean,Yeo-Johnson,KNN,0.73,0.729130206998027
mixed,1,clean,Quantile-Normal,LogReg,0.7733333333333333,0.7732930298719772
mixed,1,clean,Quantile-Normal,RBF-SVM,0.7933333333333333,0.793296586059744
mixed,1,clean,Quantile-Normal,KNN,0.7766666666666666,0.7766046123923311
mixed,1,clean,Core-Norm ablation — residual channel removed,LogReg,0.76,0.76
mixed,1,clean,Core-Norm ablation — residual channel removed,RBF-SVM,0.7666666666666666,0.7666251778093883
mixed,1,clean,Core-Norm ablation — residual channel removed,KNN,0.7566666666666666,0.7560568086883876
mixed,1,clean,Core-Norm,LogReg,0.7633333333333334,0.7632675743262017
mixed,1,clean,Core-Norm,RBF-SVM,0.7733333333333333,0.7732930298719772
mixed,1,clean,Core-Norm,KNN,0.75,0.7491946361092843
heteroscedastic,0,clean,No scaling,LogReg,0.8200000000000001,0.8199679943100995
heteroscedastic,0,clean,No scaling,RBF-SVM,0.7433333333333334,0.7433304814497939
heteroscedastic,0,clean,No scaling,KNN,0.6966666666666667,0.6966632962588473
heteroscedastic,0,clean,Z-score,LogReg,0.8133333333333332,0.8133250366682965
heteroscedastic,0,clean,Z-score,RBF-SVM,0.8,0.7994294883223391
heteroscedastic,0,clean,Z-score,KNN,0.7833333333333333,0.7832153061111049
heteroscedastic,0,clean,Min-Max,LogReg,0.8233333333333333,0.8232842456237843
heteroscedastic,0,clean,Min-Max,RBF-SVM,0.8066666666666666,0.8062447107033095
heteroscedastic,0,clean,Min-Max,KNN,0.8,0.7998576765700054
heteroscedastic,0,clean,RobustScaler,LogReg,0.8133333333333332,0.8133250366682965
heteroscedastic,0,clean,RobustScaler,RBF-SVM,0.8,0.7995634938310098
heteroscedastic,0,clean,RobustScaler,KNN,0.7866666666666666,0.7865812991863412
heteroscedastic,0,clean,Winsorized Z-score,LogReg,0.8066666666666666,0.8066666666666666
heteroscedastic,0,clean,Winsorized Z-score,RBF-SVM,0.8033333333333333,0.8028404344193818
heteroscedastic,0,clean,Winsorized Z-score,KNN,0.78,0.7799119647859143
heteroscedastic,0,clean,Yeo-Johnson,LogReg,0.8133333333333332,0.8133250366682965
heteroscedastic,0,clean,Yeo-Johnson,RBF-SVM,0.8033333333333333,0.8028404344193818
heteroscedastic,0,clean,Yeo-Johnson,KNN,0.7833333333333334,0.783273131425396
heteroscedastic,0,clean,Quantile-Normal,LogReg,0.81,0.8099978888654318
heteroscedastic,0,clean,Quantile-Normal,RBF-SVM,0.81,0.8095238095238095
heteroscedastic,0,clean,Quantile-Normal,KNN,0.7766666666666666,0.7766443310997766
heteroscedastic,0,clean,Core-Norm ablation — residual channel removed,LogReg,0.7933333333333333,0.7933241477398996
heteroscedastic,0,clean,Core-Norm ablation — residual channel removed,RBF-SVM,0.7933333333333333,0.79288227695871
heteroscedastic,0,clean,Core-Norm ablation — residual channel removed,KNN,0.76,0.7594761925972118
heteroscedastic,0,clean,Core-Norm,LogReg,0.7966666666666666,0.7966644073823043
heteroscedastic,0,clean,Core-Norm,RBF-SVM,0.7966666666666666,0.7961570593149541
heteroscedastic,0,clean,Core-Norm,KNN,0.76,0.7597330367074526
heteroscedastic,1,clean,No scaling,LogReg,0.8366666666666667,0.8365776922991406
heteroscedastic,1,clean,No scaling,RBF-SVM,0.7366666666666667,0.7364294531745237
heteroscedastic,1,clean,No scaling,KNN,0.7166666666666667,0.7165123233760603
heteroscedastic,1,clean,Z-score,LogReg,0.85,0.8499182888461496
heteroscedastic,1,clean,Z-score,RBF-SVM,0.8266666666666667,0.8265973055889022
heteroscedastic,1,clean,Z-score,KNN,0.7666666666666666,0.7666562958353704
heteroscedastic,1,clean,Min-Max,LogReg,0.8466666666666667,0.8466053087901828
heteroscedastic,1,clean,Min-Max,RBF-SVM,0.8233333333333334,0.8232370957521318
heteroscedastic,1,clean,Min-Max,KNN,0.7566666666666666,0.756599055293137
heteroscedastic,1,clean,RobustScaler,LogReg,0.85,0.8499182888461496
heteroscedastic,1,clean,RobustScaler,RBF-SVM,0.8266666666666667,0.8265973055889022
heteroscedastic,1,clean,RobustScaler,KNN,0.77,0.7699769976997699
heteroscedastic,1,clean,Winsorized Z-score,LogReg,0.8533333333333333,0.8532746431906095
heteroscedastic,1,clean,Winsorized Z-score,RBF-SVM,0.8266666666666667,0.8265973055889022
heteroscedastic,1,clean,Winsorized Z-score,KNN,0.7633333333333334,0.7633307036744853
heteroscedastic,1,clean,Yeo-Johnson,LogReg,0.85,0.8499182888461496
heteroscedastic,1,clean,Yeo-Johnson,RBF-SVM,0.8233333333333333,0.8232842456237843
heteroscedastic,1,clean,Yeo-Johnson,KNN,0.77,0.7699769976997699
heteroscedastic,1,clean,Quantile-Normal,LogReg,0.8533333333333333,0.8532289628180039
heteroscedastic,1,clean,Quantile-Normal,RBF-SVM,0.8366666666666667,0.8366212836899138
heteroscedastic,1,clean,Quantile-Normal,KNN,0.7566666666666666,0.756599055293137
heteroscedastic,1,clean,Core-Norm ablation — residual channel removed,LogReg,0.85,0.8499182888461496
heteroscedastic,1,clean,Core-Norm ablation — residual channel removed,RBF-SVM,0.8333333333333333,0.8332147304750044
heteroscedastic,1,clean,Core-Norm ablation — residual channel removed,KNN,0.75,0.7497747973175859
heteroscedastic,1,clean,Core-Norm,LogReg,0.8433333333333333,0.8431922063190205
heteroscedastic,1,clean,Core-Norm,RBF-SVM,0.8266666666666667,0.8265433196940046
heteroscedastic,1,clean,Core-Norm,KNN,0.77,0.7699360933592665
breast,0,clean,No scaling,LogReg,0.93290011682243,0.93154274484114
breast,0,clean,No scaling,RBF-SVM,0.8812792056074766,0.8956362526701251
breast,0,clean,No scaling,KNN,0.9031834112149532,0.9108047690014904
breast,0,clean,Z-score,LogReg,0.9578709112149532,0.9564362921716344
breast,0,clean,Z-score,RBF-SVM,0.9500584112149532,0.9500584112149532
breast,0,clean,Z-score,KNN,0.9281542056074766,0.9362891207153504
breast,0,clean,Min-Max,LogReg,0.923481308411215,0.9301703975943868
breast,0,clean,Min-Max,RBF-SVM,0.9422459112149532,0.9436366965757188
breast,0,clean,Min-Max,KNN,0.9281542056074766,0.9362891207153504
breast,0,clean,RobustScaler,LogReg,0.9578709112149532,0.9564362921716344
breast,0,clean,RobustScaler,RBF-SVM,0.9422459112149532,0.9436366965757188
breast,0,clean,RobustScaler,KNN,0.9359667056074766,0.942866688940862
breast,0,clean,Winsorized Z-score,LogReg,0.9500584112149532,0.9500584112149532
breast,0,clean,Winsorized Z-score,RBF-SVM,0.954731308411215,0.9561618751144478
breast,0,clean,Winsorized Z-score,KNN,0.9328271028037384,0.9424479264051456
breast,0,clean,Yeo-Johnson,LogReg,0.9578709112149532,0.9564362921716344
breast,0,clean,Yeo-Johnson,RBF-SVM,0.946918808411215,0.9497354497354498
breast,0,clean,Yeo-Johnson,KNN,0.939106308411215,0.94326267281106
breast,0,clean,Quantile-Normal,LogReg,0.9500584112149532,0.9500584112149532
breast,0,clean,Quantile-Normal,RBF-SVM,0.954731308411215,0.9561618751144478
breast,0,clean,Quantile-Normal,KNN,0.9515917056074766,0.9558709677419356
breast,0,clean,Core-Norm ablation — residual channel removed,LogReg,0.9453855140186916,0.9439895185063872
breast,0,clean,Core-Norm ablation — residual channel removed,RBF-SVM,0.9515917056074766,0.9558709677419356
breast,0,clean,Core-Norm ablation — residual channel removed,KNN,0.9281542056074766,0.9362891207153504
breast,0,clean,Core-Norm,LogReg,0.9500584112149532,0.9500584112149532
breast,0,clean,Core-Norm,RBF-SVM,0.954731308411215,0.9561618751144478
breast,0,clean,Core-Norm,KNN,0.9406396028037384,0.9490312965722802
breast,1,clean,No scaling,LogReg,0.9500584112149532,0.9500584112149532
breast,1,clean,No scaling,RBF-SVM,0.907856308411215,0.9168692270296548
breast,1,clean,No scaling,KNN,0.9109959112149532,0.9174741062479116
breast,1,clean,Z-score,LogReg,0.9515917056074766,0.9558709677419356
breast,1,clean,Z-score,RBF-SVM,0.96875,0.97469665581533
breast,1,clean,Z-score,KNN,0.9375,0.9486486486486488
breast,1,clean,Min-Max,LogReg,0.9375,0.9486486486486488
breast,1,clean,Min-Max,RBF-SVM,0.9640771028037384,0.968479262672811
breast,1,clean,Min-Max,KNN,0.953125,0.9617734724292102
breast,1,clean,RobustScaler,LogReg,0.9594042056074766,0.9623015873015872
breast,1,clean,RobustScaler,RBF-SVM,0.953125,0.9617734724292102
breast,1,clean,RobustScaler,KNN,0.9296875,0.9420055017522704
breast,1,clean,Winsorized Z-score,LogReg,0.9594042056074766,0.9623015873015872
breast,1,clean,Winsorized Z-score,RBF-SVM,0.96875,0.97469665581533
breast,1,clean,Winsorized Z-score,KNN,0.9375,0.9486486486486488
breast,1,clean,Yeo-Johnson,LogReg,0.9672167056074766,0.9686870536531772
breast,1,clean,Yeo-Johnson,RBF-SVM,0.96875,0.97469665581533
breast,1,clean,Yeo-Johnson,KNN,0.9562646028037384,0.962044983722995
breast,1,clean,Quantile-Normal,LogReg,0.9515917056074766,0.9558709677419356
breast,1,clean,Quantile-Normal,RBF-SVM,0.9640771028037384,0.968479262672811
breast,1,clean,Quantile-Normal,KNN,0.9515917056074766,0.9558709677419356
breast,1,clean,Core-Norm ablation — residual channel removed,LogReg,0.9594042056074766,0.9623015873015872
breast,1,clean,Core-Norm ablation — residual channel removed,RBF-SVM,0.9562646028037384,0.962044983722995
breast,1,clean,Core-Norm ablation — residual channel removed,KNN,0.9453125,0.9552372760928912
breast,1,clean,Core-Norm,LogReg,0.9515917056074766,0.9558709677419356
breast,1,clean,Core-Norm,RBF-SVM,0.9562646028037384,0.962044983722995
breast,1,clean,Core-Norm,KNN,0.9453125,0.9552372760928912
wine,0,clean,No scaling,LogReg,0.9497354497354498,0.9463385494069996
wine,0,clean,No scaling,RBF-SVM,0.6052910052910053,0.5711173358232181
wine,0,clean,No scaling,KNN,0.6470899470899472,0.6480392156862744
wine,0,clean,Z-score,LogReg,1.0,1.0
wine,0,clean,Z-score,RBF-SVM,1.0,1.0
wine,0,clean,Z-score,KNN,0.9841269841269842,0.982860909690178
wine,0,clean,Min-Max,LogReg,1.0,1.0
wine,0,clean,Min-Max,RBF-SVM,1.0,1.0
wine,0,clean,Min-Max,KNN,0.9841269841269842,0.982860909690178
wine,0,clean,RobustScaler,LogReg,1.0,1.0
wine,0,clean,RobustScaler,RBF-SVM,1.0,1.0
wine,0,clean,RobustScaler,KNN,0.9841269841269842,0.982860909690178
wine,0,clean,Winsorized Z-score,LogReg,1.0,1.0
wine,0,clean,Winsorized Z-score,RBF-SVM,1.0,1.0
wine,0,clean,Winsorized Z-score,KNN,0.9841269841269842,0.982860909690178
wine,0,clean,Yeo-Johnson,LogReg,1.0,1.0
wine,0,clean,Yeo-Johnson,RBF-SVM,1.0,1.0
wine,0,clean,Yeo-Johnson,KNN,0.9682539682539684,0.9635716361522814
wine,0,clean,Quantile-Normal,LogReg,0.9814814814814816,0.9827242524916944
wine,0,clean,Quantile-Normal,RBF-SVM,1.0,1.0
wine,0,clean,Quantile-Normal,KNN,0.9365079365079364,0.9265350877192984
wine,0,clean,Core-Norm ablation — residual channel removed,LogReg,1.0,1.0
wine,0,clean,Core-Norm ablation — residual channel removed,RBF-SVM,1.0,1.0
wine,0,clean,Core-Norm ablation — residual channel removed,KNN,0.9682539682539684,0.9635716361522814
wine,0,clean,Core-Norm,LogReg,1.0,1.0
wine,0,clean,Core-Norm,RBF-SVM,1.0,1.0
wine,0,clean,Core-Norm,KNN,0.9682539682539684,0.9635716361522814
wine,1,clean,No scaling,LogReg,0.9275132275132276,0.929732688353378
wine,1,clean,No scaling,RBF-SVM,0.5857142857142857,0.589576074332172
wine,1,clean,No scaling,KNN,0.7216931216931218,0.7029887029887029
wine,1,clean,Z-score,LogReg,0.9841269841269842,0.981117230527144
wine,1,clean,Z-score,RBF-SVM,0.9814814814814816,0.9827242524916944
wine,1,clean,Z-score,KNN,0.9682539682539684,0.9635716361522814
wine,1,clean,Min-Max,LogReg,1.0,1.0
wine,1,clean,Min-Max,RBF-SVM,0.9814814814814816,0.9827242524916944
wine,1,clean,Min-Max,KNN,0.9682539682539684,0.9657894736842104
wine,1,clean,RobustScaler,LogReg,0.9841269841269842,0.981117230527144
wine,1,clean,RobustScaler,RBF-SVM,0.9814814814814816,0.9827242524916944
wine,1,clean,RobustScaler,KNN,0.9523809523809524,0.9460624265378086
wine,1,clean,Winsorized Z-score,LogReg,0.9656084656084656,0.9638504864311316
wine,1,clean,Winsorized Z-score,RBF-SVM,0.9814814814814816,0.9827242524916944
wine,1,clean,Winsorized Z-score,KNN,0.9841269841269842,0.982860909690178
wine,1,clean,Yeo-Johnson,LogReg,1.0,1.0
wine,1,clean,Yeo-Johnson,RBF-SVM,0.9814814814814816,0.9827242524916944
wine,1,clean,Yeo-Johnson,KNN,0.9365079365079364,0.9315789473684212
wine,1,clean,Quantile-Normal,LogReg,1.0,1.0
wine,1,clean,Quantile-Normal,RBF-SVM,0.9814814814814816,0.9827242524916944
wine,1,clean,Quantile-Normal,KNN,0.9206349206349206,0.91430454845089
wine,1,clean,Core-Norm ablation — residual channel removed,LogReg,0.9656084656084656,0.9638504864311316
wine,1,clean,Core-Norm ablation — residual channel removed,RBF-SVM,0.9814814814814816,0.9827242524916944
wine,1,clean,Core-Norm ablation — residual channel removed,KNN,0.9523809523809524,0.9460624265378086
wine,1,clean,Core-Norm,LogReg,0.9656084656084656,0.9638504864311316
wine,1,clean,Core-Norm,RBF-SVM,0.9814814814814816,0.9827242524916944
wine,1,clean,Core-Norm,KNN,0.9523809523809524,0.9460624265378086
iris,0,clean,No scaling,LogReg,1.0,1.0
iris,0,clean,No scaling,RBF-SVM,1.0,1.0
iris,0,clean,No scaling,KNN,1.0,1.0
iris,0,clean,Z-score,LogReg,0.977777777777778,0.9777530589543938
iris,0,clean,Z-score,RBF-SVM,0.977777777777778,0.9777530589543938
iris,0,clean,Z-score,KNN,0.977777777777778,0.9777530589543938
iris,0,clean,Min-Max,LogReg,0.888888888888889,0.8877665544332212
iris,0,clean,Min-Max,RBF-SVM,0.977777777777778,0.9777530589543938
iris,0,clean,Min-Max,KNN,0.977777777777778,0.9777530589543938
iris,0,clean,RobustScaler,LogReg,0.977777777777778,0.9777530589543938
iris,0,clean,RobustScaler,RBF-SVM,0.9555555555555556,0.9553571428571428
iris,0,clean,RobustScaler,KNN,0.9111111111111112,0.9107142857142856
iris,0,clean,Winsorized Z-score,LogReg,0.977777777777778,0.9777530589543938
iris,0,clean,Winsorized Z-score,RBF-SVM,0.977777777777778,0.9777530589543938
iris,0,clean,Winsorized Z-score,KNN,0.977777777777778,0.9777530589543938
iris,0,clean,Yeo-Johnson,LogReg,0.977777777777778,0.9777530589543938
iris,0,clean,Yeo-Johnson,RBF-SVM,0.977777777777778,0.9777530589543938
iris,0,clean,Yeo-Johnson,KNN,0.977777777777778,0.9777530589543938
iris,0,clean,Quantile-Normal,LogReg,1.0,1.0
iris,0,clean,Quantile-Normal,RBF-SVM,0.977777777777778,0.9777530589543938
iris,0,clean,Quantile-Normal,KNN,1.0,1.0
iris,0,clean,Core-Norm ablation — residual channel removed,LogReg,0.977777777777778,0.9777530589543938
iris,0,clean,Core-Norm ablation — residual channel removed,RBF-SVM,1.0,1.0
iris,0,clean,Core-Norm ablation — residual channel removed,KNN,0.977777777777778,0.9777530589543938
iris,0,clean,Core-Norm,LogReg,0.977777777777778,0.9777530589543938
iris,0,clean,Core-Norm,RBF-SVM,1.0,1.0
iris,0,clean,Core-Norm,KNN,0.977777777777778,0.9777530589543938
iris,1,clean,No scaling,LogReg,0.977777777777778,0.9777530589543938
iris,1,clean,No scaling,RBF-SVM,0.977777777777778,0.9777530589543938
iris,1,clean,No scaling,KNN,0.977777777777778,0.9777530589543938
iris,1,clean,Z-score,LogReg,0.977777777777778,0.9777530589543938
iris,1,clean,Z-score,RBF-SVM,0.977777777777778,0.9777530589543938
iris,1,clean,Z-score,KNN,0.977777777777778,0.9777530589543938
iris,1,clean,Min-Max,LogReg,0.9333333333333332,0.9332591768631814
iris,1,clean,Min-Max,RBF-SVM,0.977777777777778,0.9777530589543938
iris,1,clean,Min-Max,KNN,0.977777777777778,0.9777530589543938
iris,1,clean,RobustScaler,LogReg,0.9555555555555556,0.9555555555555556
iris,1,clean,RobustScaler,RBF-SVM,0.9555555555555556,0.9555555555555556
iris,1,clean,RobustScaler,KNN,0.9111111111111112,0.9107142857142856
iris,1,clean,Winsorized Z-score,LogReg,0.977777777777778,0.9777530589543938
iris,1,clean,Winsorized Z-score,RBF-SVM,0.977777777777778,0.9777530589543938
iris,1,clean,Winsorized Z-score,KNN,0.977777777777778,0.9777530589543938
iris,1,clean,Yeo-Johnson,LogReg,0.977777777777778,0.9777530589543938
iris,1,clean,Yeo-Johnson,RBF-SVM,0.977777777777778,0.9777530589543938
iris,1,clean,Yeo-Johnson,KNN,0.977777777777778,0.9777530589543938
iris,1,clean,Quantile-Normal,LogReg,0.977777777777778,0.9777530589543938
iris,1,clean,Quantile-Normal,RBF-SVM,0.9333333333333332,0.9332591768631814
iris,1,clean,Quantile-Normal,KNN,0.977777777777778,0.9777530589543938
iris,1,clean,Core-Norm ablation — residual channel removed,LogReg,0.977777777777778,0.9777530589543938
iris,1,clean,Core-Norm ablation — residual channel removed,RBF-SVM,0.977777777777778,0.9777530589543938
iris,1,clean,Core-Norm ablation — residual channel removed,KNN,0.977777777777778,0.9777530589543938
iris,1,clean,Core-Norm,LogReg,0.977777777777778,0.9777530589543938
iris,1,clean,Core-Norm,RBF-SVM,0.977777777777778,0.9777530589543938
iris,1,clean,Core-Norm,KNN,0.977777777777778,0.9777530589543938
digits,0,clean,No scaling,LogReg,0.9608508402848026,0.9612635327366188
digits,0,clean,No scaling,RBF-SVM,0.9868570318570316,0.9868855091913428
digits,0,clean,No scaling,KNN,0.977382826816789,0.9775342519033956
digits,0,clean,Z-score,LogReg,0.972070731504694,0.9724693748973184
digits,0,clean,Z-score,RBF-SVM,0.981476325910288,0.9815583872644662
digits,0,clean,Z-score,KNN,0.9551918067955804,0.955503411622207
digits,0,clean,Min-Max,LogReg,0.9719658363997986,0.9724632981395556
digits,0,clean,Min-Max,RBF-SVM,0.9868570318570316,0.9868855091913428
digits,0,clean,Min-Max,KNN,0.9754960343639588,0.9756342630034068
digits,0,clean,RobustScaler,LogReg,0.9628788123127746,0.9633584105598336
digits,0,clean,RobustScaler,RBF-SVM,0.9571484804503672,0.9572851207182628
digits,0,clean,RobustScaler,KNN,0.8753900641636492,0.8752153315324673
digits,0,clean,Winsorized Z-score,LogReg,0.970252549686512,0.9706352638888952
digits,0,clean,Winsorized Z-score,RBF-SVM,0.9925550375550374,0.9925723521970136
digits,0,clean,Winsorized Z-score,KNN,0.9497035913073648,0.950046885604832
digits,0,clean,Yeo-Johnson,LogReg,0.96840069783466,0.9685546555605222
digits,0,clean,Yeo-Johnson,RBF-SVM,0.9795532489872112,0.9795500722056923
digits,0,clean,Yeo-Johnson,KNN,0.9459636031334144,0.9461401944516934
digits,0,clean,Quantile-Normal,LogReg,0.918036875772725,0.9182914453873088
digits,0,clean,Quantile-Normal,RBF-SVM,0.964733278601203,0.9648167636049028
digits,0,clean,Quantile-Normal,KNN,0.9534137944515304,0.9539162278356186
digits,0,clean,Core-Norm ablation — residual channel removed,LogReg,0.9680523424863048,0.968331738528405
digits,0,clean,Core-Norm ablation — residual channel removed,RBF-SVM,0.9925550375550374,0.9925203014038048
digits,0,clean,Core-Norm ablation — residual channel removed,KNN,0.9718233862573488,0.9718111490673458
digits,0,clean,Core-Norm,LogReg,0.9699041943381564,0.970184702167504
digits,0,clean,Core-Norm,RBF-SVM,0.9944068894068894,0.9944065803514488
digits,0,clean,Core-Norm,KNN,0.9718233862573488,0.9718111490673458
digits,1,clean,No scaling,LogReg,0.9627739172078794,0.9628595888064098
digits,1,clean,No scaling,RBF-SVM,0.9832543382543382,0.9833332871682912
digits,1,clean,No scaling,KNN,0.9793745143745144,0.979399216228296
digits,1,clean,Z-score,LogReg,0.9664776209115832,0.9665831324400598
digits,1,clean,Z-score,RBF-SVM,0.9888474488474488,0.9888967534933536
digits,1,clean,Z-score,KNN,0.9701127139806384,0.9701451702833944
digits,1,clean,Min-Max,LogReg,0.9647319347319346,0.964745663094287
digits,1,clean,Min-Max,RBF-SVM,0.9832543382543382,0.9833332871682912
digits,1,clean,Min-Max,KNN,0.9793745143745144,0.979399216228296
digits,1,clean,RobustScaler,LogReg,0.9609894054233676,0.9611560620381938
digits,1,clean,RobustScaler,RBF-SVM,0.9666200710540334,0.9667485316385352
digits,1,clean,RobustScaler,KNN,0.9253018330376822,0.9248034734287796
digits,1,clean,Winsorized Z-score,LogReg,0.9665462315462314,0.9665699699268974
digits,1,clean,Winsorized Z-score,RBF-SVM,0.9869606563946188,0.9870766823429216
digits,1,clean,Winsorized Z-score,KNN,0.9664440241798732,0.9664427191410436
digits,1,clean,Yeo-Johnson,LogReg,0.9608845103184726,0.9609716779160749
digits,1,clean,Yeo-Johnson,RBF-SVM,0.9682595182595184,0.9683481148010448
digits,1,clean,Yeo-Johnson,KNN,0.9533372672051916,0.953470620071659
digits,1,clean,Quantile-Normal,LogReg,0.9273621312300556,0.9272531939284884
digits,1,clean,Quantile-Normal,RBF-SVM,0.9701515395855018,0.9702305145370824
digits,1,clean,Quantile-Normal,KNN,0.9665837865837869,0.9665441330944342
digits,1,clean,Core-Norm ablation — residual channel removed,LogReg,0.957285701719664,0.9573695793317594
digits,1,clean,Core-Norm ablation — residual channel removed,RBF-SVM,0.9794794094794094,0.9795676622877598
digits,1,clean,Core-Norm ablation — residual channel removed,KNN,0.9738526288526288,0.973796200272365
digits,1,clean,Core-Norm,LogReg,0.9628425278425278,0.9628558176165996
digits,1,clean,Core-Norm,RBF-SVM,0.9794794094794094,0.9795676622877598
digits,1,clean,Core-Norm,KNN,0.9813312613312613,0.9813199095032672
gaussian,0,outlier1,No scaling,LogReg,0.65,0.64996499649965
gaussian,0,outlier1,No scaling,RBF-SVM,0.7833333333333334,0.783273131425396
gaussian,0,outlier1,No scaling,KNN,0.7666666666666666,0.7665006226650062
gaussian,0,outlier1,Z-score,LogReg,0.6533333333333333,0.653271692745377
gaussian,0,outlier1,Z-score,RBF-SVM,0.7866666666666666,0.7865148550080057
gaussian,0,outlier1,Z-score,KNN,0.77,0.769792813532179
gaussian,0,outlier1,Min-Max,LogReg,0.73,0.7296365113096497
gaussian,0,outlier1,Min-Max,RBF-SVM,0.72,0.7199502133712661
gaussian,0,outlier1,Min-Max,KNN,0.76,0.7597330367074526
gaussian,0,outlier1,RobustScaler,LogReg,0.6533333333333333,0.6533179252411219
gaussian,0,outlier1,RobustScaler,RBF-SVM,0.79,0.7899976666407404
gaussian,0,outlier1,RobustScaler,KNN,0.7766666666666666,0.7766046123923311
gaussian,0,outlier1,Winsorized Z-score,LogReg,0.8033333333333333,0.8033311481238681
gaussian,0,outlier1,Winsorized Z-score,RBF-SVM,0.7866666666666666,0.7862010600864104
gaussian,0,outlier1,Winsorized Z-score,KNN,0.7733333333333333,0.7732426303854876
gaussian,0,outlier1,Yeo-Johnson,LogReg,0.72,0.7199502133712661
gaussian,0,outlier1,Yeo-Johnson,RBF-SVM,0.7733333333333333,0.7733333333333333
gaussian,0,outlier1,Yeo-Johnson,KNN,0.75,0.74997499749975
gaussian,0,outlier1,Quantile-Normal,LogReg,0.82,0.82
gaussian,0,outlier1,Quantile-Normal,RBF-SVM,0.79,0.7894736842105263
gaussian,0,outlier1,Quantile-Normal,KNN,0.7633333333333334,0.7633307036744853
gaussian,0,outlier1,Core-Norm ablation — residual channel removed,LogReg,0.7933333333333333,0.7933241477398996
gaussian,0,outlier1,Core-Norm ablation — residual channel removed,RBF-SVM,0.7766666666666666,0.775767244168275
gaussian,0,outlier1,Core-Norm ablation — residual channel removed,KNN,0.76,0.7599039615846338
gaussian,0,outlier1,Core-Norm,LogReg,0.79,0.78997899789979
gaussian,0,outlier1,Core-Norm,RBF-SVM,0.7866666666666666,0.7860581208771618
gaussian,0,outlier1,Core-Norm,KNN,0.7633333333333333,0.7632044112905916
gaussian,1,outlier1,No scaling,LogReg,0.71,0.7098420251025559
gaussian,1,outlier1,No scaling,RBF-SVM,0.83,0.8299829982998299
gaussian,1,outlier1,No scaling,KNN,0.7433333333333333,0.7433076640997434
gaussian,1,outlier1,Z-score,LogReg,0.71,0.7098420251025559
gaussian,1,outlier1,Z-score,RBF-SVM,0.8233333333333333,0.8233313703485594
gaussian,1,outlier1,Z-score,KNN,0.73,0.72997299729973
gaussian,1,outlier1,Min-Max,LogReg,0.72,0.7193888913634137
gaussian,1,outlier1,Min-Max,RBF-SVM,0.8233333333333333,0.8232842456237843
gaussian,1,outlier1,Min-Max,KNN,0.74,0.7398959583833533
gaussian,1,outlier1,RobustScaler,LogReg,0.71,0.7098420251025559
gaussian,1,outlier1,RobustScaler,RBF-SVM,0.8266666666666667,0.8266589626205609
gaussian,1,outlier1,RobustScaler,KNN,0.74,0.7399537695590328
gaussian,1,outlier1,Winsorized Z-score,LogReg,0.8466666666666667,0.8466598515489577
gaussian,1,outlier1,Winsorized Z-score,RBF-SVM,0.81,0.8099809980998101
gaussian,1,outlier1,Winsorized Z-score,KNN,0.7633333333333333,0.7633096642997633
gaussian,1,outlier1,Yeo-Johnson,LogReg,0.7366666666666667,0.7365232181965737
gaussian,1,outlier1,Yeo-Johnson,RBF-SVM,0.8200000000000001,0.8199919996444287
gaussian,1,outlier1,Yeo-Johnson,KNN,0.73,0.729924979160878
gaussian,1,outlier1,Quantile-Normal,LogReg,0.8300000000000001,0.8299981110901232
gaussian,1,outlier1,Quantile-Normal,RBF-SVM,0.8233333333333334,0.8233156648998233
gaussian,1,outlier1,Quantile-Normal,KNN,0.7766666666666666,0.7766443310997766
gaussian,1,outlier1,Core-Norm ablation — residual channel removed,LogReg,0.8500000000000001,0.8499583217560434
gaussian,1,outlier1,Core-Norm ablation — residual channel removed,RBF-SVM,0.8266666666666667,0.8265973055889022
gaussian,1,outlier1,Core-Norm ablation — residual channel removed,KNN,0.7666666666666666,0.7666251778093883
gaussian,1,outlier1,Core-Norm,LogReg,0.85,0.8499182888461496
gaussian,1,outlier1,Core-Norm,RBF-SVM,0.8300000000000001,0.8299527646568491
gaussian,1,outlier1,Core-Norm,KNN,0.7833333333333334,0.783273131425396
correlated,0,outlier1,No scaling,LogReg,0.6433333333333333,0.643329370326337
correlated,0,outlier1,No scaling,RBF-SVM,0.7,0.6999866660740477
correlated,0,outlier1,No scaling,KNN,0.6433333333333333,0.6426623326023311
correlated,0,outlier1,Z-score,LogReg,0.6433333333333333,0.643329370326337
correlated,0,outlier1,Z-score,RBF-SVM,0.6833333333333333,0.6832453459294248
correlated,0,outlier1,Z-score,KNN,0.6533333333333333,0.6531946111778044
correlated,0,outlier1,Min-Max,LogReg,0.63,0.6290726817042607
correlated,0,outlier1,Min-Max,RBF-SVM,0.6633333333333333,0.660584064253789
correlated,0,outlier1,Min-Max,KNN,0.6666666666666667,0.6659391563850162
correlated,0,outlier1,RobustScaler,LogReg,0.6433333333333333,0.643329370326337
correlated,0,outlier1,RobustScaler,RBF-SVM,0.6933333333333334,0.6933197030979155
correlated,0,outlier1,RobustScaler,KNN,0.63,0.6297984458205023
correlated,0,outlier1,Winsorized Z-score,LogReg,0.73,0.7299969999666662
correlated,0,outlier1,Winsorized Z-score,RBF-SVM,0.7233333333333334,0.7228128374391913
correlated,0,outlier1,Winsorized Z-score,KNN,0.6433333333333333,0.6430120441730891
correlated,0,outlier1,Yeo-Johnson,LogReg,0.6633333333333333,0.6632996632996633
correlated,0,outlier1,Yeo-Johnson,RBF-SVM,0.6833333333333333,0.6833016634996834
correlated,0,outlier1,Yeo-Johnson,KNN,0.6633333333333333,0.6628800943490694
correlated,0,outlier1,Quantile-Normal,LogReg,0.73,0.7299969999666662
correlated,0,outlier1,Quantile-Normal,RBF-SVM,0.7066666666666667,0.70560685133146
correlated,0,outlier1,Quantile-Normal,KNN,0.63,0.6296667000300271
correlated,0,outlier1,Core-Norm ablation — residual channel removed,LogReg,0.7366666666666667,0.7365232181965737
correlated,0,outlier1,Core-Norm ablation — residual channel removed,RBF-SVM,0.7066666666666667,0.7058299162060973
correlated,0,outlier1,Core-Norm ablation — residual channel removed,KNN,0.6599999999999999,0.6599395448079659
correlated,0,outlier1,Core-Norm,LogReg,0.74,0.739814979541007
correlated,0,outlier1,Core-Norm,RBF-SVM,0.7033333333333334,0.702377634849684
correlated,0,outlier1,Core-Norm,KNN,0.6533333333333333,0.6529477196885428
correlated,1,outlier1,No scaling,LogReg,0.6499999999999999,0.6499961110679008
correlated,1,outlier1,No scaling,RBF-SVM,0.7766666666666666,0.7766641851576128
correlated,1,outlier1,No scaling,KNN,0.73,0.7296365113096497
correlated,1,outlier1,Z-score,LogReg,0.6466666666666666,0.6466666666666666
correlated,1,outlier1,Z-score,RBF-SVM,0.79,0.7899416504584607
correlated,1,outlier1,Z-score,KNN,0.7166666666666667,0.7165123233760603
correlated,1,outlier1,Min-Max,LogReg,0.6766666666666666,0.6766343300996767
correlated,1,outlier1,Min-Max,RBF-SVM,0.7466666666666666,0.7457513716044427
correlated,1,outlier1,Min-Max,KNN,0.7133333333333334,0.7132823613086771
correlated,1,outlier1,RobustScaler,LogReg,0.6499999999999999,0.6499961110679008
correlated,1,outlier1,RobustScaler,RBF-SVM,0.8033333333333333,0.8033136646998034
correlated,1,outlier1,RobustScaler,KNN,0.7133333333333334,0.7131293364170077
correlated,1,outlier1,Winsorized Z-score,LogReg,0.7933333333333333,0.7931862657890055
correlated,1,outlier1,Winsorized Z-score,RBF-SVM,0.78,0.7799608819345661
correlated,1,outlier1,Winsorized Z-score,KNN,0.7633333333333333,0.7631201414606479
correlated,1,outlier1,Yeo-Johnson,LogReg,0.6666666666666666,0.6666666666666666
correlated,1,outlier1,Yeo-Johnson,RBF-SVM,0.79,0.78997899789979
correlated,1,outlier1,Yeo-Johnson,KNN,0.7133333333333334,0.7130144605116796
correlated,1,outlier1,Quantile-Normal,LogReg,0.7833333333333333,0.7833116644997833
correlated,1,outlier1,Quantile-Normal,RBF-SVM,0.7733333333333334,0.7733232588115027
correlated,1,outlier1,Quantile-Normal,KNN,0.73,0.7297567811029927
correlated,1,outlier1,Core-Norm ablation — residual channel removed,LogReg,0.7966666666666666,0.7965559026581139
correlated,1,outlier1,Core-Norm ablation — residual channel removed,RBF-SVM,0.7866666666666666,0.7865812991863412
correlated,1,outlier1,Core-Norm ablation — residual channel removed,KNN,0.7566666666666667,0.7562088811212164
correlated,1,outlier1,Core-Norm,LogReg,0.7833333333333333,0.7830416448781139
correlated,1,outlier1,Core-Norm,RBF-SVM,0.7966666666666666,0.7966101694915255
correlated,1,outlier1,Core-Norm,KNN,0.75,0.7495296723848115
lognormal,0,outlier1,No scaling,LogReg,0.69,0.6881671156017033
lognormal,0,outlier1,No scaling,RBF-SVM,0.7466666666666667,0.746384872080089
lognormal,0,outlier1,No scaling,KNN,0.7133333333333334,0.7122976047102904
lognormal,0,outlier1,Z-score,LogReg,0.6933333333333334,0.691358024691358
lognormal,0,outlier1,Z-score,RBF-SVM,0.75,0.7496634363978237
lognormal,0,outlier1,Z-score,KNN,0.7266666666666667,0.7262286324786325
lognormal,0,outlier1,Min-Max,LogReg,0.72,0.7192012836512747
lognormal,0,outlier1,Min-Max,RBF-SVM,0.7033333333333334,0.7015792826725978
lognormal,0,outlier1,Min-Max,KNN,0.7266666666666667,0.7263626251390434
lognormal,0,outlier1,RobustScaler,LogReg,0.69,0.6881671156017033
lognormal,0,outlier1,RobustScaler,RBF-SVM,0.76,0.7599039615846338
lognormal,0,outlier1,RobustScaler,KNN,0.71,0.7090657778867697
lognormal,0,outlier1,Winsorized Z-score,LogReg,0.7466666666666666,0.7464863903220067
lognormal,0,outlier1,Winsorized Z-score,RBF-SVM,0.76,0.7597330367074526
lognormal,0,outlier1,Winsorized Z-score,KNN,0.7266666666666667,0.7260701082357133
lognormal,0,outlier1,Yeo-Johnson,LogReg,0.7066666666666667,0.7060264576188142
lognormal,0,outlier1,Yeo-Johnson,RBF-SVM,0.7466666666666666,0.7452969301577372
lognormal,0,outlier1,Yeo-Johnson,KNN,0.7,0.6991442324835087
lognormal,0,outlier1,Quantile-Normal,LogReg,0.82,0.82
lognormal,0,outlier1,Quantile-Normal,RBF-SVM,0.7933333333333333,0.79288227695871
lognormal,0,outlier1,Quantile-Normal,KNN,0.7633333333333334,0.7633307036744853
lognormal,0,outlier1,Core-Norm ablation — residual channel removed,LogReg,0.7933333333333333,0.7933241477398996
lognormal,0,outlier1,Core-Norm ablation — residual channel removed,RBF-SVM,0.7833333333333333,0.7827903091060986
lognormal,0,outlier1,Core-Norm ablation — residual channel removed,KNN,0.75,0.7498638147435825
lognormal,0,outlier1,Core-Norm,LogReg,0.7933333333333333,0.7933333333333333
lognormal,0,outlier1,Core-Norm,RBF-SVM,0.78,0.7796474358974359
lognormal,0,outlier1,Core-Norm,KNN,0.7366666666666667,0.7365232181965737
lognormal,1,outlier1,No scaling,LogReg,0.6566666666666667,0.6558061821219716
lognormal,1,outlier1,No scaling,RBF-SVM,0.7133333333333334,0.7127076744911139
lognormal,1,outlier1,No scaling,KNN,0.7166666666666667,0.7155256082731847
lognormal,1,outlier1,Z-score,LogReg,0.6566666666666667,0.6558061821219716
lognormal,1,outlier1,Z-score,RBF-SVM,0.7066666666666667,0.7061965811965811
lognormal,1,outlier1,Z-score,KNN,0.7,0.699786514855008
lognormal,1,outlier1,Min-Max,LogReg,0.6966666666666667,0.6954450629748212
lognormal,1,outlier1,Min-Max,RBF-SVM,0.7033333333333334,0.6996996996996997
lognormal,1,outlier1,Min-Max,KNN,0.72,0.7192012836512747
lognormal,1,outlier1,RobustScaler,LogReg,0.6599999999999999,0.6592579395127165
lognormal,1,outlier1,RobustScaler,RBF-SVM,0.7133333333333334,0.7127076744911139
lognormal,1,outlier1,RobustScaler,KNN,0.7266666666666667,0.7258869673738635
lognormal,1,outlier1,Winsorized Z-score,LogReg,0.7433333333333333,0.7428504636484065
lognormal,1,outlier1,Winsorized Z-score,RBF-SVM,0.72,0.7198879551820728
lognormal,1,outlier1,Winsorized Z-score,KNN,0.74,0.7397107897664071
lognormal,1,outlier1,Yeo-Johnson,LogReg,0.6866666666666668,0.6866527401217832
lognormal,1,outlier1,Yeo-Johnson,RBF-SVM,0.7066666666666667,0.7060264576188142
lognormal,1,outlier1,Yeo-Johnson,KNN,0.6966666666666667,0.6963934207453375
lognormal,1,outlier1,Quantile-Normal,LogReg,0.7133333333333334,0.7128739316239316
lognormal,1,outlier1,Quantile-Normal,RBF-SVM,0.7133333333333334,0.7128739316239316
lognormal,1,outlier1,Quantile-Normal,KNN,0.7033333333333334,0.7027752112299763
lognormal,1,outlier1,Core-Norm ablation — residual channel removed,LogReg,0.71,0.7085720028137876
lognormal,1,outlier1,Core-Norm ablation — residual channel removed,RBF-SVM,0.71,0.7094544199663814
lognormal,1,outlier1,Core-Norm ablation — residual channel removed,KNN,0.71,0.7096095862214755
lognormal,1,outlier1,Core-Norm,LogReg,0.7233333333333334,0.7219709911901651
lognormal,1,outlier1,Core-Norm,RBF-SVM,0.7366666666666667,0.7361712549120014
lognormal,1,outlier1,Core-Norm,KNN,0.73,0.7289126384720936
student_t,0,outlier1,No scaling,LogReg,0.7366666666666667,0.7366403306997367
student_t,0,outlier1,No scaling,RBF-SVM,0.7833333333333333,0.783138157675241
student_t,0,outlier1,No scaling,KNN,0.76,0.7599573257467995
student_t,0,outlier1,Z-score,LogReg,0.74,0.7399884439308414
student_t,0,outlier1,Z-score,RBF-SVM,0.8,0.7995634938310098
student_t,0,outlier1,Z-score,KNN,0.7633333333333333,0.7633096642997633
student_t,0,outlier1,Min-Max,LogReg,0.77,0.7699769976997699
student_t,0,outlier1,Min-Max,RBF-SVM,0.7933333333333333,0.7931862657890055
student_t,0,outlier1,Min-Max,KNN,0.7533333333333333,0.7533333333333333
student_t,0,outlier1,RobustScaler,LogReg,0.7366666666666667,0.7366403306997367
student_t,0,outlier1,RobustScaler,RBF-SVM,0.7933333333333333,0.7931862657890055
student_t,0,outlier1,RobustScaler,KNN,0.7633333333333333,0.7633096642997633
student_t,0,outlier1,Winsorized Z-score,LogReg,0.7866666666666666,0.7866666666666666
student_t,0,outlier1,Winsorized Z-score,RBF-SVM,0.8166666666666667,0.8164198533584041
student_t,0,outlier1,Winsorized Z-score,KNN,0.76,0.7599039615846338
student_t,0,outlier1,Yeo-Johnson,LogReg,0.7466666666666667,0.7465652927837803
student_t,0,outlier1,Yeo-Johnson,RBF-SVM,0.8066666666666666,0.8065893023876217
student_t,0,outlier1,Yeo-Johnson,KNN,0.77,0.7699974444160491
student_t,0,outlier1,Quantile-Normal,LogReg,0.79,0.7899416504584607
student_t,0,outlier1,Quantile-Normal,RBF-SVM,0.78,0.779990221787635
student_t,0,outlier1,Quantile-Normal,KNN,0.77,0.7699360933592665
student_t,0,outlier1,Core-Norm ablation — residual channel removed,LogReg,0.8066666666666666,0.8066322901849218
student_t,0,outlier1,Core-Norm ablation — residual channel removed,RBF-SVM,0.8,0.7999199679871949
student_t,0,outlier1,Core-Norm ablation — residual channel removed,KNN,0.77,0.7692590652205415
student_t,0,outlier1,Core-Norm,LogReg,0.8033333333333333,0.8030685699662881
student_t,0,outlier1,Core-Norm,RBF-SVM,0.8033333333333333,0.8033311481238681
student_t,0,outlier1,Core-Norm,KNN,0.7733333333333333,0.7732426303854876
student_t,1,outlier1,No scaling,LogReg,0.6433333333333333,0.6432342317310364
student_t,1,outlier1,No scaling,RBF-SVM,0.74,0.7399884439308414
student_t,1,outlier1,No scaling,KNN,0.6799999999999999,0.6799431009957326
student_t,1,outlier1,Z-score,LogReg,0.6433333333333333,0.6432342317310364
student_t,1,outlier1,Z-score,RBF-SVM,0.7633333333333333,0.7633096642997633
student_t,1,outlier1,Z-score,KNN,0.6566666666666667,0.6564796389145201
student_t,1,outlier1,Min-Max,LogReg,0.6799999999999999,0.6796440489432702
student_t,1,outlier1,Min-Max,RBF-SVM,0.7166666666666666,0.7165879410947485
student_t,1,outlier1,Min-Max,KNN,0.6733333333333333,0.673202614379085
student_t,1,outlier1,RobustScaler,LogReg,0.6433333333333333,0.6432342317310364
student_t,1,outlier1,RobustScaler,RBF-SVM,0.74,0.7399884439308414
student_t,1,outlier1,RobustScaler,KNN,0.6633333333333333,0.6632996632996633
student_t,1,outlier1,Winsorized Z-score,LogReg,0.7233333333333334,0.7231826216495647
student_t,1,outlier1,Winsorized Z-score,RBF-SVM,0.7166666666666667,0.7165123233760603
student_t,1,outlier1,Winsorized Z-score,KNN,0.6699999999999999,0.6699963332925921
student_t,1,outlier1,Yeo-Johnson,LogReg,0.6733333333333333,0.6732752489331437
student_t,1,outlier1,Yeo-Johnson,RBF-SVM,0.7366666666666667,0.7366403306997367
student_t,1,outlier1,Yeo-Johnson,KNN,0.6766666666666667,0.6766630740341559
student_t,1,outlier1,Quantile-Normal,LogReg,0.7433333333333333,0.7433076640997434
student_t,1,outlier1,Quantile-Normal,RBF-SVM,0.6733333333333333,0.6733333333333333
student_t,1,outlier1,Quantile-Normal,KNN,0.6499999999999999,0.6499961110679008
student_t,1,outlier1,Core-Norm ablation — residual channel removed,LogReg,0.74,0.7399537695590328
student_t,1,outlier1,Core-Norm ablation — residual channel removed,RBF-SVM,0.6733333333333333,0.6732752489331437
student_t,1,outlier1,Core-Norm ablation — residual channel removed,KNN,0.6533333333333333,0.653271692745377
student_t,1,outlier1,Core-Norm,LogReg,0.74,0.7399884439308414
student_t,1,outlier1,Core-Norm,RBF-SVM,0.67,0.66996699669967
student_t,1,outlier1,Core-Norm,KNN,0.66,0.6598639455782312
laplace,0,outlier1,No scaling,LogReg,0.7733333333333333,0.7730812013348165
laplace,0,outlier1,No scaling,RBF-SVM,0.8300000000000001,0.8299527646568491
laplace,0,outlier1,No scaling,KNN,0.8033333333333332,0.8032786885245902
laplace,0,outlier1,Z-score,LogReg,0.7733333333333333,0.7730812013348165
laplace,0,outlier1,Z-score,RBF-SVM,0.8233333333333334,0.8232370957521318
laplace,0,outlier1,Z-score,KNN,0.7966666666666666,0.7965559026581139
laplace,0,outlier1,Min-Max,LogReg,0.8,0.7996794871794872
laplace,0,outlier1,Min-Max,RBF-SVM,0.8333333333333333,0.8332147304750044
laplace,0,outlier1,Min-Max,KNN,0.81,0.8099978888654318
laplace,0,outlier1,RobustScaler,LogReg,0.7733333333333333,0.7730812013348165
laplace,0,outlier1,RobustScaler,RBF-SVM,0.8300000000000001,0.8299073940256362
laplace,0,outlier1,RobustScaler,KNN,0.8,0.7996794871794872
laplace,0,outlier1,Winsorized Z-score,LogReg,0.8366666666666667,0.8366503316998366
laplace,0,outlier1,Winsorized Z-score,RBF-SVM,0.8366666666666667,0.836664851831687
laplace,0,outlier1,Winsorized Z-score,KNN,0.81,0.8098964992051227
laplace,0,outlier1,Yeo-Johnson,LogReg,0.7866666666666666,0.7866571847637673
laplace,0,outlier1,Yeo-Johnson,RBF-SVM,0.8366666666666667,0.8365776922991406
laplace,0,outlier1,Yeo-Johnson,KNN,0.7866666666666666,0.7865812991863412
laplace,0,outlier1,Quantile-Normal,LogReg,0.8400000000000001,0.8399715504978662
laplace,0,outlier1,Quantile-Normal,RBF-SVM,0.8466666666666667,0.8466394025604552
laplace,0,outlier1,Quantile-Normal,KNN,0.8033333333333333,0.8033311481238681
laplace,0,outlier1,Core-Norm ablation — residual channel removed,LogReg,0.8433333333333334,0.8433176650998433
laplace,0,outlier1,Core-Norm ablation — residual channel removed,RBF-SVM,0.84,0.84
laplace,0,outlier1,Core-Norm ablation — residual channel removed,KNN,0.8233333333333334,0.8233156648998233
laplace,0,outlier1,Core-Norm,LogReg,0.8333333333333334,0.8333333333333334
laplace,0,outlier1,Core-Norm,RBF-SVM,0.8366666666666667,0.836664851831687
laplace,0,outlier1,Core-Norm,KNN,0.8300000000000001,0.8299981110901232
laplace,1,outlier1,No scaling,LogReg,0.6766666666666666,0.6766343300996767
laplace,1,outlier1,No scaling,RBF-SVM,0.8333333333333334,0.8331479421579533
laplace,1,outlier1,No scaling,KNN,0.7866666666666666,0.7866571847637673
laplace,1,outlier1,Z-score,LogReg,0.6733333333333333,0.6733188141695187
laplace,1,outlier1,Z-score,RBF-SVM,0.8166666666666667,0.8163217597488618
laplace,1,outlier1,Z-score,KNN,0.74,0.7399537695590328
laplace,1,outlier1,Min-Max,LogReg,0.7033333333333334,0.7033300370004111
laplace,1,outlier1,Min-Max,RBF-SVM,0.8,0.7999911107160318
laplace,1,outlier1,Min-Max,KNN,0.75,0.7499305362600722
laplace,1,outlier1,RobustScaler,LogReg,0.6766666666666666,0.6766343300996767
laplace,1,outlier1,RobustScaler,RBF-SVM,0.8333333333333334,0.8331479421579533
laplace,1,outlier1,RobustScaler,KNN,0.7966666666666666,0.7966101694915255
laplace,1,outlier1,Winsorized Z-score,LogReg,0.8033333333333333,0.8030685699662881
laplace,1,outlier1,Winsorized Z-score,RBF-SVM,0.8200000000000001,0.8198719089130049
laplace,1,outlier1,Winsorized Z-score,KNN,0.77,0.7699974444160491
laplace,1,outlier1,Yeo-Johnson,LogReg,0.7066666666666667,0.7066536290501799
laplace,1,outlier1,Yeo-Johnson,RBF-SVM,0.8166666666666667,0.8164198533584041
laplace,1,outlier1,Yeo-Johnson,KNN,0.73,0.7299969999666662
laplace,1,outlier1,Quantile-Normal,LogReg,0.81,0.8099472075576549
laplace,1,outlier1,Quantile-Normal,RBF-SVM,0.8266666666666667,0.8266358463726885
laplace,1,outlier1,Quantile-Normal,KNN,0.7566666666666666,0.756599055293137
laplace,1,outlier1,Core-Norm ablation — residual channel removed,LogReg,0.8133333333333332,0.813200498132005
laplace,1,outlier1,Core-Norm ablation — residual channel removed,RBF-SVM,0.8,0.7999199679871949
laplace,1,outlier1,Core-Norm ablation — residual channel removed,KNN,0.7533333333333334,0.7532894736842105
laplace,1,outlier1,Core-Norm,LogReg,0.8266666666666667,0.8265433196940046
laplace,1,outlier1,Core-Norm,RBF-SVM,0.7966666666666666,0.7965559026581139
laplace,1,outlier1,Core-Norm,KNN,0.7733333333333334,0.7733232588115027
bimodal,0,outlier1,No scaling,LogReg,0.5433333333333333,0.5433282592028801
bimodal,0,outlier1,No scaling,RBF-SVM,0.7533333333333334,0.7532894736842105
bimodal,0,outlier1,No scaling,KNN,0.7333333333333334,0.731891505429197
bimodal,0,outlier1,Z-score,LogReg,0.5466666666666666,0.5466465176230055
bimodal,0,outlier1,Z-score,RBF-SVM,0.7166666666666667,0.7159565580618212
bimodal,0,outlier1,Z-score,KNN,0.7366666666666667,0.7356061535715481
bimodal,0,outlier1,Min-Max,LogReg,0.4866666666666667,0.4838911479512042
bimodal,0,outlier1,Min-Max,RBF-SVM,0.4733333333333333,0.3561182351662682
bimodal,0,outlier1,Min-Max,KNN,0.7333333333333334,0.732905982905983
bimodal,0,outlier1,RobustScaler,LogReg,0.5466666666666666,0.5466465176230055
bimodal,0,outlier1,RobustScaler,RBF-SVM,0.7566666666666666,0.756599055293137
bimodal,0,outlier1,RobustScaler,KNN,0.72,0.7178809726389325
bimodal,0,outlier1,Winsorized Z-score,LogReg,0.7633333333333333,0.7633096642997633
bimodal,0,outlier1,Winsorized Z-score,RBF-SVM,0.7933333333333333,0.793296586059744
bimodal,0,outlier1,Winsorized Z-score,KNN,0.75,0.7491946361092843
bimodal,0,outlier1,Yeo-Johnson,LogReg,0.5633333333333334,0.5625118277654707
bimodal,0,outlier1,Yeo-Johnson,RBF-SVM,0.6933333333333334,0.692664023874215
bimodal,0,outlier1,Yeo-Johnson,KNN,0.7066666666666667,0.7064579256360078
bimodal,0,outlier1,Quantile-Normal,LogReg,0.7366666666666666,0.7365934981939428
bimodal,0,outlier1,Quantile-Normal,RBF-SVM,0.7866666666666666,0.7866571847637673
bimodal,0,outlier1,Quantile-Normal,KNN,0.71,0.7097387648883995
bimodal,0,outlier1,Core-Norm ablation — residual channel removed,LogReg,0.7566666666666666,0.7565341130170871
bimodal,0,outlier1,Core-Norm ablation — residual channel removed,RBF-SVM,0.7866666666666666,0.7866571847637673
bimodal,0,outlier1,Core-Norm ablation — residual channel removed,KNN,0.7466666666666666,0.7464863903220067
bimodal,0,outlier1,Core-Norm,LogReg,0.7466666666666666,0.7466216216216216
bimodal,0,outlier1,Core-Norm,RBF-SVM,0.7966666666666666,0.7966463312997967
bimodal,0,outlier1,Core-Norm,KNN,0.7466666666666666,0.7462606837606838
bimodal,1,outlier1,No scaling,LogReg,0.7766666666666666,0.7766641851576128
bimodal,1,outlier1,No scaling,RBF-SVM,0.7666666666666666,0.7664071190211346
bimodal,1,outlier1,No scaling,KNN,0.7666666666666666,0.7665732959850606
bimodal,1,outlier1,Z-score,LogReg,0.78,0.779990221787635
bimodal,1,outlier1,Z-score,RBF-SVM,0.77,0.7696903614859978
bimodal,1,outlier1,Z-score,KNN,0.7733333333333333,0.7729700854700854
bimodal,1,outlier1,Min-Max,LogReg,0.76,0.7599893328592382
bimodal,1,outlier1,Min-Max,RBF-SVM,0.7733333333333333,0.7732426303854876
bimodal,1,outlier1,Min-Max,KNN,0.7733333333333334,0.773172033446006
bimodal,1,outlier1,RobustScaler,LogReg,0.7766666666666666,0.7766641851576128
bimodal,1,outlier1,RobustScaler,RBF-SVM,0.7666666666666666,0.7664071190211346
bimodal,1,outlier1,RobustScaler,KNN,0.77,0.7698747095640961
bimodal,1,outlier1,Winsorized Z-score,LogReg,0.8033333333333333,0.8033311481238681
bimodal,1,outlier1,Winsorized Z-score,RBF-SVM,0.8,0.7999199679871949
bimodal,1,outlier1,Winsorized Z-score,KNN,0.78,0.78
bimodal,1,outlier1,Yeo-Johnson,LogReg,0.78,0.779990221787635
bimodal,1,outlier1,Yeo-Johnson,RBF-SVM,0.77,0.769792813532179
bimodal,1,outlier1,Yeo-Johnson,KNN,0.7733333333333333,0.7730812013348165
bimodal,1,outlier1,Quantile-Normal,LogReg,0.79,0.78997899789979
bimodal,1,outlier1,Quantile-Normal,RBF-SVM,0.7866666666666666,0.7864293659621802
bimodal,1,outlier1,Quantile-Normal,KNN,0.79,0.7899976666407404
bimodal,1,outlier1,Core-Norm ablation — residual channel removed,LogReg,0.8066666666666666,0.8066322901849218
bimodal,1,outlier1,Core-Norm ablation — residual channel removed,RBF-SVM,0.7966666666666666,0.7966101694915255
bimodal,1,outlier1,Core-Norm ablation — residual channel removed,KNN,0.8,0.7999911107160318
bimodal,1,outlier1,Core-Norm,LogReg,0.8233333333333333,0.8232842456237843
bimodal,1,outlier1,Core-Norm,RBF-SVM,0.8,0.7998576765700054
bimodal,1,outlier1,Core-Norm,KNN,0.7966666666666666,0.7966644073823043
zero_inflated,0,outlier1,No scaling,LogReg,0.6033333333333333,0.5972063950536495
zero_inflated,0,outlier1,No scaling,RBF-SVM,0.6433333333333333,0.6426623326023311
zero_inflated,0,outlier1,No scaling,KNN,0.6133333333333333,0.6129032258064516
zero_inflated,0,outlier1,Z-score,LogReg,0.6066666666666667,0.6009199134199135
zero_inflated,0,outlier1,Z-score,RBF-SVM,0.6666666666666666,0.6662958843159066
zero_inflated,0,outlier1,Z-score,KNN,0.6333333333333333,0.6332681365576103
zero_inflated,0,outlier1,Min-Max,LogReg,0.6166666666666667,0.613986013986014
zero_inflated,0,outlier1,Min-Max,RBF-SVM,0.6266666666666667,0.6228956228956228
zero_inflated,0,outlier1,Min-Max,KNN,0.6333333333333333,0.6330724070450098
zero_inflated,0,outlier1,RobustScaler,LogReg,0.6033333333333333,0.5972063950536495
zero_inflated,0,outlier1,RobustScaler,RBF-SVM,0.6433333333333333,0.6426623326023311
zero_inflated,0,outlier1,RobustScaler,KNN,0.6133333333333333,0.6129032258064516
zero_inflated,0,outlier1,Winsorized Z-score,LogReg,0.63,0.6290726817042607
zero_inflated,0,outlier1,Winsorized Z-score,RBF-SVM,0.6366666666666667,0.6365657126979717
zero_inflated,0,outlier1,Winsorized Z-score,KNN,0.6133333333333333,0.6129032258064516
zero_inflated,0,outlier1,Yeo-Johnson,LogReg,0.6333333333333333,0.6291134688005755
zero_inflated,0,outlier1,Yeo-Johnson,RBF-SVM,0.6633333333333333,0.6624895572263994
zero_inflated,0,outlier1,Yeo-Johnson,KNN,0.6299999999999999,0.6298971936649069
zero_inflated,0,outlier1,Quantile-Normal,LogReg,0.6333333333333333,0.6327457264957266
zero_inflated,0,outlier1,Quantile-Normal,RBF-SVM,0.6133333333333333,0.6124894214066188
zero_inflated,0,outlier1,Quantile-Normal,KNN,0.54,0.54
zero_inflated,0,outlier1,Core-Norm ablation — residual channel removed,LogReg,0.6366666666666667,0.6357560568086884
zero_inflated,0,outlier1,Core-Norm ablation — residual channel removed,RBF-SVM,0.6499999999999999,0.6495288109569533
zero_inflated,0,outlier1,Core-Norm ablation — residual channel removed,KNN,0.61,0.6096486838154338
zero_inflated,0,outlier1,Core-Norm,LogReg,0.6533333333333333,0.6520808243008163
zero_inflated,0,outlier1,Core-Norm,RBF-SVM,0.6533333333333333,0.6525767226404169
zero_inflated,0,outlier1,Core-Norm,KNN,0.6033333333333333,0.6027993190845471
zero_inflated,1,outlier1,No scaling,LogReg,0.7233333333333334,0.7228128374391913
zero_inflated,1,outlier1,No scaling,RBF-SVM,0.7866666666666666,0.786628733997155
zero_inflated,1,outlier1,No scaling,KNN,0.6966666666666667,0.6966363302996966
zero_inflated,1,outlier1,Z-score,LogReg,0.7233333333333334,0.7228128374391913
zero_inflated,1,outlier1,Z-score,RBF-SVM,0.7833333333333333,0.783138157675241
zero_inflated,1,outlier1,Z-score,KNN,0.7033333333333334,0.7031717268290514
zero_inflated,1,outlier1,Min-Max,LogReg,0.7166666666666667,0.7159565580618212
zero_inflated,1,outlier1,Min-Max,RBF-SVM,0.7966666666666666,0.7966644073823043
zero_inflated,1,outlier1,Min-Max,KNN,0.7133333333333334,0.7131293364170077
zero_inflated,1,outlier1,RobustScaler,LogReg,0.7233333333333334,0.7228128374391913
zero_inflated,1,outlier1,RobustScaler,RBF-SVM,0.7866666666666666,0.786628733997155
zero_inflated,1,outlier1,RobustScaler,KNN,0.6966666666666667,0.6966363302996966
zero_inflated,1,outlier1,Winsorized Z-score,LogReg,0.8066666666666666,0.8065893023876217
zero_inflated,1,outlier1,Winsorized Z-score,RBF-SVM,0.7833333333333334,0.783273131425396
zero_inflated,1,outlier1,Winsorized Z-score,KNN,0.7066666666666667,0.7063403781979978
zero_inflated,1,outlier1,Yeo-Johnson,LogReg,0.7466666666666666,0.7461137588526123
zero_inflated,1,outlier1,Yeo-Johnson,RBF-SVM,0.77,0.7699360933592665
zero_inflated,1,outlier1,Yeo-Johnson,KNN,0.7,0.6998799519807923
zero_inflated,1,outlier1,Quantile-Normal,LogReg,0.8066666666666666,0.8065290873510051
zero_inflated,1,outlier1,Quantile-Normal,RBF-SVM,0.7633333333333334,0.7633307036744853
zero_inflated,1,outlier1,Quantile-Normal,KNN,0.7133333333333334,0.7130144605116796
zero_inflated,1,outlier1,Core-Norm ablation — residual channel removed,LogReg,0.8133333333333334,0.8132586367880486
zero_inflated,1,outlier1,Core-Norm ablation — residual channel removed,RBF-SVM,0.7866666666666666,0.786628733997155
zero_inflated,1,outlier1,Core-Norm ablation — residual channel removed,KNN,0.7133333333333334,0.7132823613086771
zero_inflated,1,outlier1,Core-Norm,LogReg,0.8066666666666666,0.8066322901849218
zero_inflated,1,outlier1,Core-Norm,RBF-SVM,0.7966666666666666,0.7966644073823043
zero_inflated,1,outlier1,Core-Norm,KNN,0.7233333333333334,0.7233056638997233
bounded_beta,0,outlier1,No scaling,LogReg,0.6533333333333333,0.6502869440459111
bounded_beta,0,outlier1,No scaling,RBF-SVM,0.8033333333333332,0.8032786885245902
bounded_beta,0,outlier1,No scaling,KNN,0.7733333333333334,0.7733232588115027
bounded_beta,0,outlier1,Z-score,LogReg,0.6533333333333333,0.6502869440459111
bounded_beta,0,outlier1,Z-score,RBF-SVM,0.8066666666666666,0.8065893023876217
bounded_beta,0,outlier1,Z-score,KNN,0.7733333333333333,0.7732426303854876
bounded_beta,0,outlier1,Min-Max,LogReg,0.72,0.7193888913634137
bounded_beta,0,outlier1,Min-Max,RBF-SVM,0.6933333333333334,0.687202502379981
bounded_beta,0,outlier1,Min-Max,KNN,0.7766666666666666,0.7765450078376005
bounded_beta,0,outlier1,RobustScaler,LogReg,0.6533333333333333,0.6502869440459111
bounded_beta,0,outlier1,RobustScaler,RBF-SVM,0.8066666666666666,0.8065893023876217
bounded_beta,0,outlier1,RobustScaler,KNN,0.7733333333333333,0.7732426303854876
bounded_beta,0,outlier1,Winsorized Z-score,LogReg,0.8233333333333333,0.8232842456237843
bounded_beta,0,outlier1,Winsorized Z-score,RBF-SVM,0.79,0.7899976666407404
bounded_beta,0,outlier1,Winsorized Z-score,KNN,0.7766666666666666,0.7766641851576128
bounded_beta,0,outlier1,Yeo-Johnson,LogReg,0.6733333333333333,0.6721530844373076
bounded_beta,0,outlier1,Yeo-Johnson,RBF-SVM,0.8,0.7999199679871949
bounded_beta,0,outlier1,Yeo-Johnson,KNN,0.77,0.7698747095640961
bounded_beta,0,outlier1,Quantile-Normal,LogReg,0.8333333333333334,0.8332666399893291
bounded_beta,0,outlier1,Quantile-Normal,RBF-SVM,0.8066666666666666,0.8066322901849218
bounded_beta,0,outlier1,Quantile-Normal,KNN,0.8233333333333333,0.8233313703485594
bounded_beta,0,outlier1,Core-Norm ablation — residual channel removed,LogReg,0.8200000000000001,0.8199919996444287
bounded_beta,0,outlier1,Core-Norm ablation — residual channel removed,RBF-SVM,0.8166666666666667,0.8166646296069957
bounded_beta,0,outlier1,Core-Norm ablation — residual channel removed,KNN,0.79,0.7898856043846094
bounded_beta,0,outlier1,Core-Norm,LogReg,0.8266666666666667,0.8266666666666667
bounded_beta,0,outlier1,Core-Norm,RBF-SVM,0.8066666666666666,0.8066666666666666
bounded_beta,0,outlier1,Core-Norm,KNN,0.8066666666666666,0.8064516129032258
bounded_beta,1,outlier1,No scaling,LogReg,0.7066666666666667,0.7063403781979978
bounded_beta,1,outlier1,No scaling,RBF-SVM,0.7833333333333334,0.783273131425396
bounded_beta,1,outlier1,No scaling,KNN,0.76,0.7597330367074526
bounded_beta,1,outlier1,Z-score,LogReg,0.7033333333333334,0.7029339445254175
bounded_beta,1,outlier1,Z-score,RBF-SVM,0.7966666666666666,0.79639292827023
bounded_beta,1,outlier1,Z-score,KNN,0.75,0.7491946361092843
bounded_beta,1,outlier1,Min-Max,LogReg,0.6799999999999999,0.679985777145651
bounded_beta,1,outlier1,Min-Max,RBF-SVM,0.7633333333333334,0.7614006788318715
bounded_beta,1,outlier1,Min-Max,KNN,0.7666666666666666,0.7662927350427351
bounded_beta,1,outlier1,RobustScaler,LogReg,0.71,0.7096095862214755
bounded_beta,1,outlier1,RobustScaler,RBF-SVM,0.7766666666666666,0.7766443310997766
bounded_beta,1,outlier1,RobustScaler,KNN,0.7566666666666666,0.7565341130170871
bounded_beta,1,outlier1,Winsorized Z-score,LogReg,0.8066666666666666,0.8066666666666666
bounded_beta,1,outlier1,Winsorized Z-score,RBF-SVM,0.7733333333333333,0.7732426303854876
bounded_beta,1,outlier1,Winsorized Z-score,KNN,0.7533333333333334,0.7529380341880342
bounded_beta,1,outlier1,Yeo-Johnson,LogReg,0.7133333333333334,0.7130144605116796
bounded_beta,1,outlier1,Yeo-Johnson,RBF-SVM,0.7966666666666666,0.7962841335396467
bounded_beta,1,outlier1,Yeo-Johnson,KNN,0.7433333333333334,0.7425064930721985
bounded_beta,1,outlier1,Quantile-Normal,LogReg,0.7566666666666666,0.756599055293137
bounded_beta,1,outlier1,Quantile-Normal,RBF-SVM,0.7633333333333333,0.7631201414606479
bounded_beta,1,outlier1,Quantile-Normal,KNN,0.7433333333333333,0.7433076640997434
bounded_beta,1,outlier1,Core-Norm ablation — residual channel removed,LogReg,0.7733333333333333,0.7733333333333333
bounded_beta,1,outlier1,Core-Norm ablation — residual channel removed,RBF-SVM,0.77,0.7699769976997699
bounded_beta,1,outlier1,Core-Norm ablation — residual channel removed,KNN,0.7533333333333334,0.7531578011030066
bounded_beta,1,outlier1,Core-Norm,LogReg,0.7833333333333333,0.7833116644997833
bounded_beta,1,outlier1,Core-Norm,RBF-SVM,0.7766666666666666,0.7766443310997766
bounded_beta,1,outlier1,Core-Norm,KNN,0.7633333333333334,0.7627401837928154
mixed,0,outlier1,No scaling,LogReg,0.7333333333333334,0.7332859174964438
mixed,0,outlier1,No scaling,RBF-SVM,0.8033333333333333,0.8031561738898343
mixed,0,outlier1,No scaling,KNN,0.7233333333333334,0.7233302592251025
mixed,0,outlier1,Z-score,LogReg,0.73,0.72997299729973
mixed,0,outlier1,Z-score,RBF-SVM,0.7966666666666666,0.79639292827023
mixed,0,outlier1,Z-score,KNN,0.72,0.7198879551820728
mixed,0,outlier1,Min-Max,LogReg,0.64,0.6398559423769508
mixed,0,outlier1,Min-Max,RBF-SVM,0.7133333333333334,0.7133205920263123
mixed,0,outlier1,Min-Max,KNN,0.6733333333333333,0.6733188141695187
mixed,0,outlier1,RobustScaler,LogReg,0.7333333333333334,0.7332859174964438
mixed,0,outlier1,RobustScaler,RBF-SVM,0.5466666666666666,0.5426829268292683
mixed,0,outlier1,RobustScaler,KNN,0.6266666666666667,0.62640099626401
mixed,0,outlier1,Winsorized Z-score,LogReg,0.8366666666666667,0.8366503316998366
mixed,0,outlier1,Winsorized Z-score,RBF-SVM,0.8166666666666667,0.8166483314998166
mixed,0,outlier1,Winsorized Z-score,KNN,0.7766666666666666,0.7766641851576128
mixed,0,outlier1,Yeo-Johnson,LogReg,0.7766666666666666,0.7766641851576128
mixed,0,outlier1,Yeo-Johnson,RBF-SVM,0.8,0.7997775305895439
mixed,0,outlier1,Yeo-Johnson,KNN,0.74,0.7398959583833533
mixed,0,outlier1,Quantile-Normal,LogReg,0.8333333333333334,0.8331479421579533
mixed,0,outlier1,Quantile-Normal,RBF-SVM,0.8133333333333332,0.8133250366682965
mixed,0,outlier1,Quantile-Normal,KNN,0.7733333333333334,0.7733232588115027
mixed,0,outlier1,Core-Norm ablation — residual channel removed,LogReg,0.8366666666666667,0.8365776922991406
mixed,0,outlier1,Core-Norm ablation — residual channel removed,RBF-SVM,0.81,0.8099978888654318
mixed,0,outlier1,Core-Norm ablation — residual channel removed,KNN,0.7866666666666666,0.7866666666666666
mixed,0,outlier1,Core-Norm,LogReg,0.85,0.8499182888461496
mixed,0,outlier1,Core-Norm,RBF-SVM,0.81,0.8099978888654318
mixed,0,outlier1,Core-Norm,KNN,0.7766666666666666,0.7764654856037101
mixed,1,outlier1,No scaling,LogReg,0.6966666666666667,0.6948731991371506
mixed,1,outlier1,No scaling,RBF-SVM,0.7766666666666666,0.7766641851576128
mixed,1,outlier1,No scaling,KNN,0.7533333333333334,0.753322369883106
mixed,1,outlier1,Z-score,LogReg,0.6966666666666667,0.6948731991371506
mixed,1,outlier1,Z-score,RBF-SVM,0.77,0.7698747095640961
mixed,1,outlier1,Z-score,KNN,0.7233333333333334,0.7210740330006384
mixed,1,outlier1,Min-Max,LogReg,0.7166666666666667,0.7146853146853147
mixed,1,outlier1,Min-Max,RBF-SVM,0.7333333333333334,0.7306397306397306
mixed,1,outlier1,Min-Max,KNN,0.6966666666666667,0.6945454545454546
mixed,1,outlier1,RobustScaler,LogReg,0.6966666666666667,0.6948731991371506
mixed,1,outlier1,RobustScaler,RBF-SVM,0.7166666666666666,0.7152714970019763
mixed,1,outlier1,RobustScaler,KNN,0.6766666666666666,0.672706414279448
mixed,1,outlier1,Winsorized Z-score,LogReg,0.77,0.7695672985940265
mixed,1,outlier1,Winsorized Z-score,RBF-SVM,0.78,0.7795198432141108
mixed,1,outlier1,Winsorized Z-score,KNN,0.7366666666666666,0.7348251748251748
mixed,1,outlier1,Yeo-Johnson,LogReg,0.7033333333333334,0.700910710085022
mixed,1,outlier1,Yeo-Johnson,RBF-SVM,0.75,0.7497747973175859
mixed,1,outlier1,Yeo-Johnson,KNN,0.7266666666666666,0.7242647058823529
mixed,1,outlier1,Quantile-Normal,LogReg,0.77,0.7699769976997699
mixed,1,outlier1,Quantile-Normal,RBF-SVM,0.78,0.7799608819345661
mixed,1,outlier1,Quantile-Normal,KNN,0.76,0.7593153859868069
mixed,1,outlier1,Core-Norm ablation — residual channel removed,LogReg,0.7633333333333333,0.7633096642997633
mixed,1,outlier1,Core-Norm ablation — residual channel removed,RBF-SVM,0.76,0.76
mixed,1,outlier1,Core-Norm ablation — residual channel removed,KNN,0.7466666666666666,0.7462606837606838
mixed,1,outlier1,Core-Norm,LogReg,0.7566666666666667,0.7566423308997566
mixed,1,outlier1,Core-Norm,RBF-SVM,0.75,0.7499305362600722
mixed,1,outlier1,Core-Norm,KNN,0.7333333333333333,0.7313152120370785
heteroscedastic,0,outlier1,No scaling,LogReg,0.6566666666666666,0.6566323298996566
heteroscedastic,0,outlier1,No scaling,RBF-SVM,0.7066666666666667,0.7066536290501799
heteroscedastic,0,outlier1,No scaling,KNN,0.6933333333333334,0.6933197030979155
heteroscedastic,0,outlier1,Z-score,LogReg,0.6533333333333333,0.653271692745377
heteroscedastic,0,outlier1,Z-score,RBF-SVM,0.7866666666666666,0.7865148550080057
heteroscedastic,0,outlier1,Z-score,KNN,0.77,0.769792813532179
heteroscedastic,0,outlier1,Min-Max,LogReg,0.73,0.7296365113096497
heteroscedastic,0,outlier1,Min-Max,RBF-SVM,0.72,0.7199502133712661
heteroscedastic,0,outlier1,Min-Max,KNN,0.76,0.7597330367074526
heteroscedastic,0,outlier1,RobustScaler,LogReg,0.6533333333333333,0.6533179252411219
heteroscedastic,0,outlier1,RobustScaler,RBF-SVM,0.79,0.7899976666407404
heteroscedastic,0,outlier1,RobustScaler,KNN,0.7766666666666666,0.7766046123923311
heteroscedastic,0,outlier1,Winsorized Z-score,LogReg,0.8033333333333333,0.8033311481238681
heteroscedastic,0,outlier1,Winsorized Z-score,RBF-SVM,0.7866666666666666,0.7862010600864104
heteroscedastic,0,outlier1,Winsorized Z-score,KNN,0.7733333333333333,0.7732426303854876
heteroscedastic,0,outlier1,Yeo-Johnson,LogReg,0.7033333333333334,0.7033036636997033
heteroscedastic,0,outlier1,Yeo-Johnson,RBF-SVM,0.78,0.7799119647859143
heteroscedastic,0,outlier1,Yeo-Johnson,KNN,0.7566666666666666,0.7566639629329215
heteroscedastic,0,outlier1,Quantile-Normal,LogReg,0.82,0.82
heteroscedastic,0,outlier1,Quantile-Normal,RBF-SVM,0.79,0.7894736842105263
heteroscedastic,0,outlier1,Quantile-Normal,KNN,0.7633333333333334,0.7633307036744853
heteroscedastic,0,outlier1,Core-Norm ablation — residual channel removed,LogReg,0.7933333333333333,0.7933241477398996
heteroscedastic,0,outlier1,Core-Norm ablation — residual channel removed,RBF-SVM,0.7766666666666666,0.775767244168275
heteroscedastic,0,outlier1,Core-Norm ablation — residual channel removed,KNN,0.76,0.7599039615846338
heteroscedastic,0,outlier1,Core-Norm,LogReg,0.79,0.78997899789979
heteroscedastic,0,outlier1,Core-Norm,RBF-SVM,0.7866666666666666,0.7860581208771618
heteroscedastic,0,outlier1,Core-Norm,KNN,0.7633333333333333,0.7632044112905916
heteroscedastic,1,outlier1,No scaling,LogReg,0.7066666666666667,0.7065492863812192
heteroscedastic,1,outlier1,No scaling,RBF-SVM,0.7433333333333333,0.7433076640997434
heteroscedastic,1,outlier1,No scaling,KNN,0.7133333333333334,0.713218620781646
heteroscedastic,1,outlier1,Z-score,LogReg,0.71,0.7098420251025559
heteroscedastic,1,outlier1,Z-score,RBF-SVM,0.8233333333333333,0.8233313703485594
heteroscedastic,1,outlier1,Z-score,KNN,0.73,0.72997299729973
heteroscedastic,1,outlier1,Min-Max,LogReg,0.72,0.7193888913634137
heteroscedastic,1,outlier1,Min-Max,RBF-SVM,0.8233333333333333,0.8232842456237843
heteroscedastic,1,outlier1,Min-Max,KNN,0.74,0.7398959583833533
heteroscedastic,1,outlier1,RobustScaler,LogReg,0.71,0.7098420251025559
heteroscedastic,1,outlier1,RobustScaler,RBF-SVM,0.8266666666666667,0.8266589626205609
heteroscedastic,1,outlier1,RobustScaler,KNN,0.74,0.7399537695590328
heteroscedastic,1,outlier1,Winsorized Z-score,LogReg,0.8466666666666667,0.8466598515489577
heteroscedastic,1,outlier1,Winsorized Z-score,RBF-SVM,0.81,0.8099809980998101
heteroscedastic,1,outlier1,Winsorized Z-score,KNN,0.7633333333333333,0.7633096642997633
heteroscedastic,1,outlier1,Yeo-Johnson,LogReg,0.7366666666666667,0.7365232181965737
heteroscedastic,1,outlier1,Yeo-Johnson,RBF-SVM,0.8166666666666667,0.8166646296069957
heteroscedastic,1,outlier1,Yeo-Johnson,KNN,0.7233333333333334,0.7228128374391913
heteroscedastic,1,outlier1,Quantile-Normal,LogReg,0.8300000000000001,0.8299981110901232
heteroscedastic,1,outlier1,Quantile-Normal,RBF-SVM,0.8233333333333334,0.8233156648998233
heteroscedastic,1,outlier1,Quantile-Normal,KNN,0.7766666666666666,0.7766443310997766
heteroscedastic,1,outlier1,Core-Norm ablation — residual channel removed,LogReg,0.8500000000000001,0.8499583217560434
heteroscedastic,1,outlier1,Core-Norm ablation — residual channel removed,RBF-SVM,0.8266666666666667,0.8265973055889022
heteroscedastic,1,outlier1,Core-Norm ablation — residual channel removed,KNN,0.7666666666666666,0.7666251778093883
heteroscedastic,1,outlier1,Core-Norm,LogReg,0.85,0.8499182888461496
heteroscedastic,1,outlier1,Core-Norm,RBF-SVM,0.8300000000000001,0.8299527646568491
heteroscedastic,1,outlier1,Core-Norm,KNN,0.7833333333333334,0.783273131425396
breast,0,outlier1,No scaling,LogReg,0.8517085280373832,0.8550046082949309
breast,0,outlier1,No scaling,RBF-SVM,0.8656542056074766,0.881578947368421
breast,0,outlier1,No scaling,KNN,0.8844918224299065,0.8869047619047619
breast,0,outlier1,Z-score,LogReg,0.8548481308411215,0.8559604468046145
breast,0,outlier1,Z-score,RBF-SVM,0.829731308411215,0.8466128466128466
breast,0,outlier1,Z-score,KNN,0.8283440420560748,0.8262699564586358
breast,0,outlier1,Min-Max,LogReg,0.6813668224299065,0.6890909090909092
breast,0,outlier1,Min-Max,RBF-SVM,0.7532856308411215,0.763157894736842
breast,0,outlier1,Min-Max,KNN,0.8283440420560748,0.8262699564586358
breast,0,outlier1,RobustScaler,LogReg,0.8626606308411215,0.8626606308411215
breast,0,outlier1,RobustScaler,RBF-SVM,0.821918808411215,0.8391849529780564
breast,0,outlier1,RobustScaler,KNN,0.8065128504672897,0.8025974025974025
breast,0,outlier1,Winsorized Z-score,LogReg,0.9360397196261684,0.931948916464672
breast,0,outlier1,Winsorized Z-score,RBF-SVM,0.9422459112149532,0.9436366965757188
breast,0,outlier1,Winsorized Z-score,KNN,0.9219480140186916,0.9246031746031746
breast,0,outlier1,Yeo-Johnson,LogReg,0.8939106308411215,0.888961038961039
breast,0,outlier1,Yeo-Johnson,RBF-SVM,0.8563084112149533,0.8695453158376564
breast,0,outlier1,Yeo-Johnson,KNN,0.8641939252336448,0.8676129032258064
breast,0,outlier1,Quantile-Normal,LogReg,0.94852511682243,0.9443218407438224
breast,0,outlier1,Quantile-Normal,RBF-SVM,0.946918808411215,0.9497354497354498
breast,0,outlier1,Quantile-Normal,KNN,0.9297605140186916,0.9311115180369895
breast,0,outlier1,Core-Norm ablation — residual channel removed,LogReg,0.962543808411215,0.962543808411215
breast,0,outlier1,Core-Norm ablation — residual channel removed,RBF-SVM,0.946918808411215,0.9497354497354498
breast,0,outlier1,Core-Norm ablation — residual channel removed,KNN,0.9266209112149532,0.9306543778801843
breast,0,outlier1,Core-Norm,LogReg,0.962543808411215,0.962543808411215
breast,0,outlier1,Core-Norm,RBF-SVM,0.946918808411215,0.9497354497354498
breast,0,outlier1,Core-Norm,KNN,0.931293808411215,0.936741639538325
breast,1,outlier1,No scaling,LogReg,0.8938376168224299,0.89878662326132
breast,1,outlier1,No scaling,RBF-SVM,0.884418808411215,0.8964891041162228
breast,1,outlier1,No scaling,KNN,0.9188084112149532,0.92408996744599
breast,1,outlier1,Z-score,LogReg,0.8782126168224299,0.8853204172876303
breast,1,outlier1,Z-score,RBF-SVM,0.8422167056074766,0.85995085995086
breast,1,outlier1,Z-score,KNN,0.9047167056074766,0.916230169197724
breast,1,outlier1,Min-Max,LogReg,0.892231308411215,0.9033425029204508
breast,1,outlier1,Min-Max,RBF-SVM,0.8985105140186915,0.9047778149014368
breast,1,outlier1,Min-Max,KNN,0.900043808411215,0.9101351351351352
breast,1,outlier1,RobustScaler,LogReg,0.8704001168224299,0.8785011779664186
breast,1,outlier1,RobustScaler,RBF-SVM,0.814106308411215,0.8316730322479033
breast,1,outlier1,RobustScaler,KNN,0.8875584112149533,0.8972972972972972
breast,1,outlier1,Winsorized Z-score,LogReg,0.9500584112149532,0.9500584112149532
breast,1,outlier1,Winsorized Z-score,RBF-SVM,0.954731308411215,0.9561618751144478
breast,1,outlier1,Winsorized Z-score,KNN,0.9250146028037384,0.9358108108108107
breast,1,outlier1,Yeo-Johnson,LogReg,0.9109959112149532,0.9174741062479116
breast,1,outlier1,Yeo-Johnson,RBF-SVM,0.8547021028037383,0.8732888732888733
breast,1,outlier1,Yeo-Johnson,KNN,0.8859521028037383,0.9017429611185596
breast,1,outlier1,Quantile-Normal,LogReg,0.9375730140186916,0.9375730140186916
breast,1,outlier1,Quantile-Normal,RBF-SVM,0.9422459112149532,0.9436366965757188
breast,1,outlier1,Quantile-Normal,KNN,0.9515917056074766,0.9558709677419356
breast,1,outlier1,Core-Norm ablation — residual channel removed,LogReg,0.9422459112149532,0.9436366965757188
breast,1,outlier1,Core-Norm ablation — residual channel removed,RBF-SVM,0.9422459112149532,0.9436366965757188
breast,1,outlier1,Core-Norm ablation — residual channel removed,KNN,0.9406396028037384,0.9490312965722802
breast,1,outlier1,Core-Norm,LogReg,0.9422459112149532,0.9436366965757188
breast,1,outlier1,Core-Norm,RBF-SVM,0.9422459112149532,0.9436366965757188
breast,1,outlier1,Core-Norm,KNN,0.9406396028037384,0.9490312965722802
wine,0,outlier1,No scaling,LogReg,0.946031746031746,0.9435672514619884
wine,0,outlier1,No scaling,RBF-SVM,0.5830687830687831,0.5361823361823362
wine,0,outlier1,No scaling,KNN,0.6433862433862433,0.6447154471544715
wine,0,outlier1,Z-score,LogReg,0.9275132275132276,0.9264720942140298
wine,0,outlier1,Z-score,RBF-SVM,0.8904761904761905,0.8919843597262952
wine,0,outlier1,Z-score,KNN,0.8735449735449735,0.8716179594228374
wine,0,outlier1,Min-Max,LogReg,0.8476190476190476,0.8470391573839849
wine,0,outlier1,Min-Max,RBF-SVM,0.8698412698412699,0.8680743068773701
wine,0,outlier1,Min-Max,KNN,0.815873015873016,0.810233918128655
wine,0,outlier1,RobustScaler,LogReg,0.9407407407407408,0.9466756817669596
wine,0,outlier1,RobustScaler,RBF-SVM,0.9037037037037038,0.9113780875519688
wine,0,outlier1,RobustScaler,KNN,0.8904761904761905,0.8873716153127917
wine,0,outlier1,Winsorized Z-score,LogReg,1.0,1.0
wine,0,outlier1,Winsorized Z-score,RBF-SVM,0.9629629629629628,0.96524064171123
wine,0,outlier1,Winsorized Z-score,KNN,1.0,1.0
wine,0,outlier1,Yeo-Johnson,LogReg,0.9116402116402116,0.9081591173054588
wine,0,outlier1,Yeo-Johnson,RBF-SVM,0.8746031746031746,0.8742626833178884
wine,0,outlier1,Yeo-Johnson,KNN,0.8984126984126984,0.888157894736842
wine,0,outlier1,Quantile-Normal,LogReg,0.9814814814814816,0.9827242524916944
wine,0,outlier1,Quantile-Normal,RBF-SVM,0.9592592592592591,0.9638304224511122
wine,0,outlier1,Quantile-Normal,KNN,0.8957671957671959,0.890714908456844
wine,0,outlier1,Core-Norm ablation — residual channel removed,LogReg,1.0,1.0
wine,0,outlier1,Core-Norm ablation — residual channel removed,RBF-SVM,0.9814814814814816,0.9827242524916944
wine,0,outlier1,Core-Norm ablation — residual channel removed,KNN,0.9523809523809524,0.9460624265378086
wine,0,outlier1,Core-Norm,LogReg,1.0,1.0
wine,0,outlier1,Core-Norm,RBF-SVM,0.9814814814814816,0.9827242524916944
wine,0,outlier1,Core-Norm,KNN,0.9523809523809524,0.9460624265378086
wine,1,outlier1,No scaling,LogReg,0.8772486772486773,0.8751461988304093
wine,1,outlier1,No scaling,RBF-SVM,0.5978835978835978,0.5185185185185185
wine,1,outlier1,No scaling,KNN,0.6550264550264551,0.6479050479050479
wine,1,outlier1,Z-score,LogReg,0.8587301587301587,0.8552758108226244
wine,1,outlier1,Z-score,RBF-SVM,0.9222222222222222,0.9292172095770296
wine,1,outlier1,Z-score,KNN,0.8640211640211639,0.8614197394242545
wine,1,outlier1,Min-Max,LogReg,0.8772486772486773,0.8789635990733773
wine,1,outlier1,Min-Max,RBF-SVM,0.8746031746031746,0.8786866256794084
wine,1,outlier1,Min-Max,KNN,0.8957671957671959,0.8957707043913942
wine,1,outlier1,RobustScaler,LogReg,0.8798941798941798,0.8728251563565655
wine,1,outlier1,RobustScaler,RBF-SVM,0.9063492063492063,0.91225302381489
wine,1,outlier1,RobustScaler,KNN,0.9116402116402116,0.9101003442466856
wine,1,outlier1,Winsorized Z-score,LogReg,0.9365079365079364,0.9265350877192984
wine,1,outlier1,Winsorized Z-score,RBF-SVM,0.9592592592592591,0.9638304224511122
wine,1,outlier1,Winsorized Z-score,KNN,0.8984126984126984,0.891812865497076
wine,1,outlier1,Yeo-Johnson,LogReg,0.9248677248677248,0.929631288251978
wine,1,outlier1,Yeo-Johnson,RBF-SVM,0.9037037037037038,0.9113780875519688
wine,1,outlier1,Yeo-Johnson,KNN,0.8798941798941798,0.8786766872973769
wine,1,outlier1,Quantile-Normal,LogReg,0.9433862433862432,0.94673141465443
wine,1,outlier1,Quantile-Normal,RBF-SVM,0.9407407407407408,0.9466756817669596
wine,1,outlier1,Quantile-Normal,KNN,0.8825396825396826,0.877823636444326
wine,1,outlier1,Core-Norm ablation — residual channel removed,LogReg,0.9433862433862432,0.94673141465443
wine,1,outlier1,Core-Norm ablation — residual channel removed,RBF-SVM,0.9433862433862432,0.94673141465443
wine,1,outlier1,Core-Norm ablation — residual channel removed,KNN,0.93015873015873,0.929531388152078
wine,1,outlier1,Core-Norm,LogReg,0.9275132275132276,0.9275132275132276
wine,1,outlier1,Core-Norm,RBF-SVM,0.9433862433862432,0.94673141465443
wine,1,outlier1,Core-Norm,KNN,0.93015873015873,0.929531388152078
iris,0,outlier1,No scaling,LogReg,0.977777777777778,0.9777530589543938
iris,0,outlier1,No scaling,RBF-SVM,0.977777777777778,0.9777530589543938
iris,0,outlier1,No scaling,KNN,0.977777777777778,0.9777530589543938
iris,0,outlier1,Z-score,LogReg,0.977777777777778,0.9777530589543938
iris,0,outlier1,Z-score,RBF-SVM,0.977777777777778,0.9777530589543938
iris,0,outlier1,Z-score,KNN,0.977777777777778,0.9777530589543938
iris,0,outlier1,Min-Max,LogReg,0.9333333333333332,0.9343931930138828
iris,0,outlier1,Min-Max,RBF-SVM,0.977777777777778,0.9777530589543938
iris,0,outlier1,Min-Max,KNN,0.977777777777778,0.9777530589543938
iris,0,outlier1,RobustScaler,LogReg,0.9555555555555556,0.9555308367321717
iris,0,outlier1,RobustScaler,RBF-SVM,0.7777777777777778,0.7806204424669385
iris,0,outlier1,RobustScaler,KNN,0.9111111111111112,0.9118032381658632
iris,0,outlier1,Winsorized Z-score,LogReg,0.9555555555555556,0.9561781609195404
iris,0,outlier1,Winsorized Z-score,RBF-SVM,0.9555555555555556,0.9561781609195404
iris,0,outlier1,Winsorized Z-score,KNN,0.9555555555555556,0.9561781609195404
iris,0,outlier1,Yeo-Johnson,LogReg,0.9555555555555556,0.9555308367321717
iris,0,outlier1,Yeo-Johnson,RBF-SVM,0.9555555555555556,0.9561781609195404
iris,0,outlier1,Yeo-Johnson,KNN,0.9555555555555556,0.9555308367321717
iris,0,outlier1,Quantile-Normal,LogReg,0.977777777777778,0.9777530589543938
iris,0,outlier1,Quantile-Normal,RBF-SVM,0.977777777777778,0.9777530589543938
iris,0,outlier1,Quantile-Normal,KNN,0.977777777777778,0.9777530589543938
iris,0,outlier1,Core-Norm ablation — residual channel removed,LogReg,1.0,1.0
iris,0,outlier1,Core-Norm ablation — residual channel removed,RBF-SVM,0.977777777777778,0.9777530589543938
iris,0,outlier1,Core-Norm ablation — residual channel removed,KNN,0.9555555555555556,0.9561781609195404
iris,0,outlier1,Core-Norm,LogReg,0.977777777777778,0.9777530589543938
iris,0,outlier1,Core-Norm,RBF-SVM,0.977777777777778,0.9777530589543938
iris,0,outlier1,Core-Norm,KNN,0.9555555555555556,0.9561781609195404
iris,1,outlier1,No scaling,LogReg,0.7111111111111111,0.7066052227342551
iris,1,outlier1,No scaling,RBF-SVM,0.8666666666666667,0.8582949308755761
iris,1,outlier1,No scaling,KNN,0.9555555555555556,0.9546850998463904
iris,1,outlier1,Z-score,LogReg,0.7111111111111111,0.7066052227342551
iris,1,outlier1,Z-score,RBF-SVM,0.8222222222222223,0.8187403993855606
iris,1,outlier1,Z-score,KNN,0.8444444444444444,0.8403275587415372
iris,1,outlier1,Min-Max,LogReg,0.6444444444444444,0.6464828587884707
iris,1,outlier1,Min-Max,RBF-SVM,0.6888888888888888,0.6954144620811288
iris,1,outlier1,Min-Max,KNN,0.7555555555555555,0.7555555555555555
iris,1,outlier1,RobustScaler,LogReg,0.7111111111111111,0.7066052227342551
iris,1,outlier1,RobustScaler,RBF-SVM,0.8222222222222223,0.8159761385567837
iris,1,outlier1,RobustScaler,KNN,0.9333333333333332,0.9313769414575866
iris,1,outlier1,Winsorized Z-score,LogReg,0.9555555555555556,0.9546850998463904
iris,1,outlier1,Winsorized Z-score,RBF-SVM,0.9555555555555556,0.9555308367321717
iris,1,outlier1,Winsorized Z-score,KNN,0.9555555555555556,0.9553571428571428
iris,1,outlier1,Yeo-Johnson,LogReg,0.888888888888889,0.8873316030156965
iris,1,outlier1,Yeo-Johnson,RBF-SVM,0.9555555555555556,0.9546850998463904
iris,1,outlier1,Yeo-Johnson,KNN,0.9555555555555556,0.9553571428571428
iris,1,outlier1,Quantile-Normal,LogReg,0.8666666666666667,0.8618191843998296
iris,1,outlier1,Quantile-Normal,RBF-SVM,0.9111111111111112,0.9093701996927804
iris,1,outlier1,Quantile-Normal,KNN,0.977777777777778,0.9777530589543938
iris,1,outlier1,Core-Norm ablation — residual channel removed,LogReg,0.977777777777778,0.9777530589543938
iris,1,outlier1,Core-Norm ablation — residual channel removed,RBF-SVM,0.977777777777778,0.9777530589543938
iris,1,outlier1,Core-Norm ablation — residual channel removed,KNN,0.977777777777778,0.9777530589543938
iris,1,outlier1,Core-Norm,LogReg,0.977777777777778,0.9777530589543938
iris,1,outlier1,Core-Norm,RBF-SVM,0.977777777777778,0.9777530589543938
iris,1,outlier1,Core-Norm,KNN,0.977777777777778,0.9777530589543938
digits,0,outlier1,No scaling,LogReg,0.5871230935381878,0.5849119052541129
digits,0,outlier1,No scaling,RBF-SVM,0.7086483362898457,0.7119196316143637
digits,0,outlier1,No scaling,KNN,0.7920373058108907,0.7921316332481708
digits,0,outlier1,Z-score,LogReg,0.5776553146364467,0.5767620556550401
digits,0,outlier1,Z-score,RBF-SVM,0.5979181021633851,0.6015868724582821
digits,0,outlier1,Z-score,KNN,0.6569845283996228,0.6568497954588228
digits,0,outlier1,Min-Max,LogReg,0.5354524441316894,0.51860187366378
digits,0,outlier1,Min-Max,RBF-SVM,0.5592624356775301,0.5598425141472783
digits,0,outlier1,Min-Max,KNN,0.6476501590652534,0.6461751999624998
digits,0,outlier1,RobustScaler,LogReg,0.5962502870993437,0.5944692119039686
digits,0,outlier1,RobustScaler,RBF-SVM,0.5997700273171971,0.6013831040105837
digits,0,outlier1,RobustScaler,KNN,0.6656830276641597,0.6650546263010207
digits,0,outlier1,Winsorized Z-score,LogReg,0.9571808066147688,0.9575291338693892
digits,0,outlier1,Winsorized Z-score,RBF-SVM,0.9737140637140638,0.9737930857080151
digits,0,outlier1,Winsorized Z-score,KNN,0.9588268265626756,0.9590286903209216
digits,0,outlier1,Yeo-Johnson,LogReg,0.6015571535382855,0.6018024563060822
digits,0,outlier1,Yeo-Johnson,RBF-SVM,0.5977471375584583,0.6044313980342116
digits,0,outlier1,Yeo-Johnson,KNN,0.6791756217227916,0.6790127340842489
digits,0,outlier1,Quantile-Normal,LogReg,0.9289757517116009,0.9287495654993492
digits,0,outlier1,Quantile-Normal,RBF-SVM,0.9606423206423208,0.9606611489095982
digits,0,outlier1,Quantile-Normal,KNN,0.9385484257182368,0.9386524881186956
digits,0,outlier1,Core-Norm ablation — residual channel removed,LogReg,0.9608508402848026,0.9612537330399636
digits,0,outlier1,Core-Norm ablation — residual channel removed,RBF-SVM,0.98503885003885,0.9851143945890148
digits,0,outlier1,Core-Norm ablation — residual channel removed,KNN,0.9699029237708484,0.9700310367068647
digits,0,outlier1,Core-Norm,LogReg,0.9645584289923914,0.964904328573808
digits,0,outlier1,Core-Norm,RBF-SVM,0.9831157731157733,0.9832172576089542
digits,0,outlier1,Core-Norm,KNN,0.9663028446047316,0.9663234925681384
digits,1,outlier1,No scaling,LogReg,0.6193787414542131,0.61802535056898
digits,1,outlier1,No scaling,RBF-SVM,0.7222794221850826,0.7267358681309058
digits,1,outlier1,No scaling,KNN,0.8014816525193884,0.8015607286488784
digits,1,outlier1,Z-score,LogReg,0.6135784550878891,0.6107577366450787
digits,1,outlier1,Z-score,RBF-SVM,0.6160468497260949,0.6215349974029595
digits,1,outlier1,Z-score,KNN,0.732249832627191,0.7310276177514845
digits,1,outlier1,Min-Max,LogReg,0.5403551968646308,0.5114612765376915
digits,1,outlier1,Min-Max,RBF-SVM,0.5952050744503574,0.5966078834562474
digits,1,outlier1,Min-Max,KNN,0.7212746722180684,0.7196227508703362
digits,1,outlier1,RobustScaler,LogReg,0.6247957318712036,0.6225101091443322
digits,1,outlier1,RobustScaler,RBF-SVM,0.6235824378277208,0.6253632340535805
digits,1,outlier1,RobustScaler,KNN,0.7123184432618395,0.7113085818985391
digits,1,outlier1,Winsorized Z-score,LogReg,0.951657650525575,0.9519082188708357
digits,1,outlier1,Winsorized Z-score,RBF-SVM,0.981228980662943,0.9813829562508982
digits,1,outlier1,Winsorized Z-score,KNN,0.966234233970083,0.966374635869846
digits,1,outlier1,Yeo-Johnson,LogReg,0.6006466210239795,0.5987238586151167
digits,1,outlier1,Yeo-Johnson,RBF-SVM,0.6161569004021834,0.6280453392315679
digits,1,outlier1,Yeo-Johnson,KNN,0.7340343444117029,0.7336985895797252
digits,1,outlier1,Quantile-Normal,LogReg,0.91806666080251,0.9187346935298096
digits,1,outlier1,Quantile-Normal,RBF-SVM,0.9665837865837864,0.9666157198493844
digits,1,outlier1,Quantile-Normal,KNN,0.9589614333953956,0.9590803180074958
digits,1,outlier1,Core-Norm ablation — residual channel removed,LogReg,0.9535081585081584,0.9537701170817025
digits,1,outlier1,Core-Norm ablation — residual channel removed,RBF-SVM,0.9795506345506344,0.9796103512475676
digits,1,outlier1,Core-Norm ablation — residual channel removed,KNN,0.9757044807044808,0.9757311092448372
digits,1,outlier1,Core-Norm,LogReg,0.9535793835793837,0.9538644275247208
digits,1,outlier1,Core-Norm,RBF-SVM,0.9795506345506344,0.9796103512475676
digits,1,outlier1,Core-Norm,KNN,0.9775226625226624,0.9775946611549168
gaussian,0,outlier5,No scaling,LogReg,0.5599999999999999,0.5512035903712771
gaussian,0,outlier5,No scaling,RBF-SVM,0.6533333333333333,0.6525767226404169
gaussian,0,outlier5,No scaling,KNN,0.6333333333333333,0.6325330720235178
gaussian,0,outlier5,Z-score,LogReg,0.5599999999999999,0.5512035903712771
gaussian,0,outlier5,Z-score,RBF-SVM,0.64,0.6389730789802104
gaussian,0,outlier5,Z-score,KNN,0.63,0.6288080614417406
gaussian,0,outlier5,Min-Max,LogReg,0.56,0.5494060352282554
gaussian,0,outlier5,Min-Max,RBF-SVM,0.6599999999999999,0.6592579395127165
gaussian,0,outlier5,Min-Max,KNN,0.63,0.6288080614417406
gaussian,0,outlier5,RobustScaler,LogReg,0.5599999999999999,0.5512035903712771
gaussian,0,outlier5,RobustScaler,RBF-SVM,0.6533333333333333,0.6520808243008163
gaussian,0,outlier5,RobustScaler,KNN,0.6333333333333333,0.6322873952576217
gaussian,0,outlier5,Winsorized Z-score,LogReg,0.5733333333333333,0.5621237000547346
gaussian,0,outlier5,Winsorized Z-score,RBF-SVM,0.6366666666666667,0.6354962044788265
gaussian,0,outlier5,Winsorized Z-score,KNN,0.6466666666666667,0.646273637374861
gaussian,0,outlier5,Yeo-Johnson,LogReg,0.5800000000000001,0.5757575757575757
gaussian,0,outlier5,Yeo-Johnson,RBF-SVM,0.65,0.6496847162446202
gaussian,0,outlier5,Yeo-Johnson,KNN,0.65,0.6488724905529979
gaussian,0,outlier5,Quantile-Normal,LogReg,0.7266666666666666,0.7266545179785768
gaussian,0,outlier5,Quantile-Normal,RBF-SVM,0.76,0.7597330367074526
gaussian,0,outlier5,Quantile-Normal,KNN,0.7233333333333334,0.7228128374391913
gaussian,0,outlier5,Core-Norm ablation — residual channel removed,LogReg,0.75,0.7499972221913577
gaussian,0,outlier5,Core-Norm ablation — residual channel removed,RBF-SVM,0.77,0.7694235588972431
gaussian,0,outlier5,Core-Norm ablation — residual channel removed,KNN,0.7633333333333334,0.7630147197899397
gaussian,0,outlier5,Core-Norm,LogReg,0.7666666666666667,0.7666666666666667
gaussian,0,outlier5,Core-Norm,RBF-SVM,0.7666666666666666,0.7660010697093956
gaussian,0,outlier5,Core-Norm,KNN,0.7166666666666667,0.7162852279175336
gaussian,1,outlier5,No scaling,LogReg,0.5466666666666666,0.5465860597439545
gaussian,1,outlier5,No scaling,RBF-SVM,0.6733333333333333,0.6733333333333333
gaussian,1,outlier5,No scaling,KNN,0.6533333333333333,0.6533179252411219
gaussian,1,outlier5,Z-score,LogReg,0.5466666666666666,0.5465860597439545
gaussian,1,outlier5,Z-score,RBF-SVM,0.6533333333333333,0.653271692745377
gaussian,1,outlier5,Z-score,KNN,0.6433333333333333,0.6431390423675112
gaussian,1,outlier5,Min-Max,LogReg,0.55,0.5497548665384487
gaussian,1,outlier5,Min-Max,RBF-SVM,0.6766666666666666,0.6766343300996767
gaussian,1,outlier5,Min-Max,KNN,0.6433333333333333,0.6432976630996432
gaussian,1,outlier5,RobustScaler,LogReg,0.5466666666666666,0.5465860597439545
gaussian,1,outlier5,RobustScaler,RBF-SVM,0.6833333333333333,0.6833298147757197
gaussian,1,outlier5,RobustScaler,KNN,0.6466666666666667,0.6466038406827881
gaussian,1,outlier5,Winsorized Z-score,LogReg,0.5633333333333332,0.5632120033342596
gaussian,1,outlier5,Winsorized Z-score,RBF-SVM,0.6633333333333333,0.6632996632996633
gaussian,1,outlier5,Winsorized Z-score,KNN,0.66,0.66
gaussian,1,outlier5,Yeo-Johnson,LogReg,0.56,0.5592948717948718
gaussian,1,outlier5,Yeo-Johnson,RBF-SVM,0.6533333333333333,0.6531946111778044
gaussian,1,outlier5,Yeo-Johnson,KNN,0.6566666666666667,0.6565712697971658
gaussian,1,outlier5,Quantile-Normal,LogReg,0.7766666666666666,0.7766046123923311
gaussian,1,outlier5,Quantile-Normal,RBF-SVM,0.7566666666666666,0.756599055293137
gaussian,1,outlier5,Quantile-Normal,KNN,0.76,0.7597330367074526
gaussian,1,outlier5,Core-Norm ablation — residual channel removed,LogReg,0.8,0.7999644381223329
gaussian,1,outlier5,Core-Norm ablation — residual channel removed,RBF-SVM,0.7633333333333334,0.7633307036744853
gaussian,1,outlier5,Core-Norm ablation — residual channel removed,KNN,0.74,0.7395833333333333
gaussian,1,outlier5,Core-Norm,LogReg,0.8233333333333334,0.8232370957521318
gaussian,1,outlier5,Core-Norm,RBF-SVM,0.7833333333333333,0.7832153061111049
gaussian,1,outlier5,Core-Norm,KNN,0.75,0.7496634363978237
correlated,0,outlier5,No scaling,LogReg,0.52,0.5157819225251077
correlated,0,outlier5,No scaling,RBF-SVM,0.6,0.5998399359743898
correlated,0,outlier5,No scaling,KNN,0.6066666666666667,0.6041331186258723
correlated,0,outlier5,Z-score,LogReg,0.52,0.5157819225251077
correlated,0,outlier5,Z-score,RBF-SVM,0.6166666666666667,0.6163213558869649
correlated,0,outlier5,Z-score,KNN,0.5833333333333333,0.581655306284095
correlated,0,outlier5,Min-Max,LogReg,0.5333333333333333,0.5292324246771879
correlated,0,outlier5,Min-Max,RBF-SVM,0.5966666666666667,0.595655806182122
correlated,0,outlier5,Min-Max,KNN,0.6066666666666667,0.6058082045343192
correlated,0,outlier5,RobustScaler,LogReg,0.52,0.5157819225251077
correlated,0,outlier5,RobustScaler,RBF-SVM,0.5900000000000001,0.5896306676008407
correlated,0,outlier5,RobustScaler,KNN,0.5966666666666667,0.5959078714474959
correlated,0,outlier5,Winsorized Z-score,LogReg,0.5266666666666667,0.5218855218855218
correlated,0,outlier5,Winsorized Z-score,RBF-SVM,0.6166666666666667,0.6159454976567109
correlated,0,outlier5,Winsorized Z-score,KNN,0.5966666666666667,0.595655806182122
correlated,0,outlier5,Yeo-Johnson,LogReg,0.5333333333333333,0.5298016210648874
correlated,0,outlier5,Yeo-Johnson,RBF-SVM,0.63,0.6295018858687791
correlated,0,outlier5,Yeo-Johnson,KNN,0.5966666666666667,0.5950423364830041
correlated,0,outlier5,Quantile-Normal,LogReg,0.6699999999999999,0.6699083078632954
correlated,0,outlier5,Quantile-Normal,RBF-SVM,0.6633333333333333,0.6631499371880245
correlated,0,outlier5,Quantile-Normal,KNN,0.6333333333333333,0.6327457264957266
correlated,0,outlier5,Core-Norm ablation — residual channel removed,LogReg,0.6866666666666666,0.6865412831799387
correlated,0,outlier5,Core-Norm ablation — residual channel removed,RBF-SVM,0.6766666666666667,0.6765768268963601
correlated,0,outlier5,Core-Norm ablation — residual channel removed,KNN,0.6266666666666667,0.6262513904338154
correlated,0,outlier5,Core-Norm,LogReg,0.7166666666666666,0.7165879410947485
correlated,0,outlier5,Core-Norm,RBF-SVM,0.6766666666666666,0.6760583762843562
correlated,0,outlier5,Core-Norm,KNN,0.63,0.629303915129521
correlated,1,outlier5,No scaling,LogReg,0.63,0.62996299629963
correlated,1,outlier5,No scaling,RBF-SVM,0.6633333333333333,0.6633295925510283
correlated,1,outlier5,No scaling,KNN,0.6366666666666667,0.6365657126979717
correlated,1,outlier5,Z-score,LogReg,0.63,0.62996299629963
correlated,1,outlier5,Z-score,RBF-SVM,0.6699999999999999,0.6699083078632954
correlated,1,outlier5,Z-score,KNN,0.64,0.6399359886201992
correlated,1,outlier5,Min-Max,LogReg,0.6433333333333333,0.6432342317310364
correlated,1,outlier5,Min-Max,RBF-SVM,0.6699999999999999,0.6699963332925921
correlated,1,outlier5,Min-Max,KNN,0.6366666666666667,0.6366626295847732
correlated,1,outlier5,RobustScaler,LogReg,0.63,0.62996299629963
correlated,1,outlier5,RobustScaler,RBF-SVM,0.6733333333333333,0.6733333333333333
correlated,1,outlier5,RobustScaler,KNN,0.6366666666666667,0.6365657126979717
correlated,1,outlier5,Winsorized Z-score,LogReg,0.63,0.629303915129521
correlated,1,outlier5,Winsorized Z-score,RBF-SVM,0.6733333333333333,0.6733188141695187
correlated,1,outlier5,Winsorized Z-score,KNN,0.6533333333333333,0.6533333333333333
correlated,1,outlier5,Yeo-Johnson,LogReg,0.64,0.6398559423769508
correlated,1,outlier5,Yeo-Johnson,RBF-SVM,0.6833333333333333,0.6833016634996834
correlated,1,outlier5,Yeo-Johnson,KNN,0.6366666666666667,0.6366626295847732
correlated,1,outlier5,Quantile-Normal,LogReg,0.76,0.7599893328592382
correlated,1,outlier5,Quantile-Normal,RBF-SVM,0.7433333333333334,0.7431935164700781
correlated,1,outlier5,Quantile-Normal,KNN,0.72,0.7199875550024446
correlated,1,outlier5,Core-Norm ablation — residual channel removed,LogReg,0.7633333333333333,0.7633096642997633
correlated,1,outlier5,Core-Norm ablation — residual channel removed,RBF-SVM,0.75,0.7499972221913577
correlated,1,outlier5,Core-Norm ablation — residual channel removed,KNN,0.7266666666666667,0.726618065433855
correlated,1,outlier5,Core-Norm,LogReg,0.78,0.7797552836484983
correlated,1,outlier5,Core-Norm,RBF-SVM,0.7666666666666667,0.7666666666666667
correlated,1,outlier5,Core-Norm,KNN,0.7133333333333334,0.713218620781646
lognormal,0,outlier5,No scaling,LogReg,0.55,0.54226426609704
lognormal,0,outlier5,No scaling,RBF-SVM,0.6133333333333333,0.6119363040278335
lognormal,0,outlier5,No scaling,KNN,0.62,0.6193910256410255
lognormal,0,outlier5,Z-score,LogReg,0.55,0.54226426609704
lognormal,0,outlier5,Z-score,RBF-SVM,0.62,0.6197295854830102
lognormal,0,outlier5,Z-score,KNN,0.63,0.6299958888432093
lognormal,0,outlier5,Min-Max,LogReg,0.5566666666666666,0.548228580486645
lognormal,0,outlier5,Min-Max,RBF-SVM,0.6066666666666667,0.6060363247863247
lognormal,0,outlier5,Min-Max,KNN,0.63,0.6297984458205023
lognormal,0,outlier5,RobustScaler,LogReg,0.55,0.54226426609704
lognormal,0,outlier5,RobustScaler,RBF-SVM,0.6066666666666667,0.6060363247863247
lognormal,0,outlier5,RobustScaler,KNN,0.6233333333333333,0.6231281475469979
lognormal,0,outlier5,Winsorized Z-score,LogReg,0.5633333333333334,0.5523459124511625
lognormal,0,outlier5,Winsorized Z-score,RBF-SVM,0.6033333333333333,0.6032231175326479
lognormal,0,outlier5,Winsorized Z-score,KNN,0.6033333333333333,0.6032231175326479
lognormal,0,outlier5,Yeo-Johnson,LogReg,0.5433333333333333,0.5354829959651443
lognormal,0,outlier5,Yeo-Johnson,RBF-SVM,0.6333333333333333,0.6329254727474972
lognormal,0,outlier5,Yeo-Johnson,KNN,0.6266666666666667,0.6266500733365927
lognormal,0,outlier5,Quantile-Normal,LogReg,0.7233333333333334,0.7233302592251025
lognormal,0,outlier5,Quantile-Normal,RBF-SVM,0.7533333333333334,0.7529380341880342
lognormal,0,outlier5,Quantile-Normal,KNN,0.7266666666666666,0.7264721579790072
lognormal,0,outlier5,Core-Norm ablation — residual channel removed,LogReg,0.7433333333333334,0.7432620172270075
lognormal,0,outlier5,Core-Norm ablation — residual channel removed,RBF-SVM,0.7566666666666666,0.7565341130170871
lognormal,0,outlier5,Core-Norm ablation — residual channel removed,KNN,0.73,0.7299969999666662
lognormal,0,outlier5,Core-Norm,LogReg,0.7633333333333333,0.7633096642997633
lognormal,0,outlier5,Core-Norm,RBF-SVM,0.7666666666666666,0.7665732959850606
lognormal,0,outlier5,Core-Norm,KNN,0.7033333333333334,0.7031717268290514
lognormal,1,outlier5,No scaling,LogReg,0.6033333333333333,0.6031172527264844
lognormal,1,outlier5,No scaling,RBF-SVM,0.5933333333333333,0.5897596843615496
lognormal,1,outlier5,No scaling,KNN,0.6266666666666667,0.6266500733365927
lognormal,1,outlier5,Z-score,LogReg,0.6033333333333333,0.6031172527264844
lognormal,1,outlier5,Z-score,RBF-SVM,0.5933333333333333,0.5907139023081052
lognormal,1,outlier5,Z-score,KNN,0.62,0.6199324324324325
lognormal,1,outlier5,Min-Max,LogReg,0.6066666666666667,0.6065967283072546
lognormal,1,outlier5,Min-Max,RBF-SVM,0.5900000000000001,0.5879811074263892
lognormal,1,outlier5,Min-Max,KNN,0.6399999999999999,0.6399839992888572
lognormal,1,outlier5,RobustScaler,LogReg,0.6033333333333333,0.6031172527264844
lognormal,1,outlier5,RobustScaler,RBF-SVM,0.6,0.5978372581437955
lognormal,1,outlier5,RobustScaler,KNN,0.63,0.6299958888432093
lognormal,1,outlier5,Winsorized Z-score,LogReg,0.5933333333333333,0.5930439423590108
lognormal,1,outlier5,Winsorized Z-score,RBF-SVM,0.6000000000000001,0.5985547972701726
lognormal,1,outlier5,Winsorized Z-score,KNN,0.61,0.60996099609961
lognormal,1,outlier5,Yeo-Johnson,LogReg,0.6033333333333333,0.6025870801839008
lognormal,1,outlier5,Yeo-Johnson,RBF-SVM,0.5966666666666667,0.594281946105442
lognormal,1,outlier5,Yeo-Johnson,KNN,0.62,0.6197295854830102
lognormal,1,outlier5,Quantile-Normal,LogReg,0.6833333333333333,0.6833298147757197
lognormal,1,outlier5,Quantile-Normal,RBF-SVM,0.6633333333333333,0.6632397888302306
lognormal,1,outlier5,Quantile-Normal,KNN,0.6666666666666667,0.6666073968705548
lognormal,1,outlier5,Core-Norm ablation — residual channel removed,LogReg,0.7033333333333334,0.7033300370004111
lognormal,1,outlier5,Core-Norm ablation — residual channel removed,RBF-SVM,0.6633333333333333,0.6631499371880245
lognormal,1,outlier5,Core-Norm ablation — residual channel removed,KNN,0.6566666666666667,0.6566628518094646
lognormal,1,outlier5,Core-Norm,LogReg,0.7033333333333334,0.7033300370004111
lognormal,1,outlier5,Core-Norm,RBF-SVM,0.6966666666666667,0.6966632962588473
lognormal,1,outlier5,Core-Norm,KNN,0.6933333333333334,0.6929922135706341
student_t,0,outlier5,No scaling,LogReg,0.5966666666666667,0.5904367546343829
student_t,0,outlier5,No scaling,RBF-SVM,0.6733333333333333,0.6732752489331437
student_t,0,outlier5,No scaling,KNN,0.6466666666666667,0.6461004273504274
student_t,0,outlier5,Z-score,LogReg,0.5966666666666667,0.5904367546343829
student_t,0,outlier5,Z-score,RBF-SVM,0.6833333333333333,0.6831608320085379
student_t,0,outlier5,Z-score,KNN,0.6333333333333333,0.6327457264957266
student_t,0,outlier5,Min-Max,LogReg,0.6,0.5927601809954751
student_t,0,outlier5,Min-Max,RBF-SVM,0.6733333333333333,0.6731008717310087
student_t,0,outlier5,Min-Max,KNN,0.6599999999999999,0.6594551282051282
student_t,0,outlier5,RobustScaler,LogReg,0.5966666666666667,0.5904367546343829
student_t,0,outlier5,RobustScaler,RBF-SVM,0.6766666666666666,0.6766343300996767
student_t,0,outlier5,RobustScaler,KNN,0.6466666666666667,0.6458955057681173
student_t,0,outlier5,Winsorized Z-score,LogReg,0.6066666666666667,0.5995475113122172
student_t,0,outlier5,Winsorized Z-score,RBF-SVM,0.6633333333333333,0.6632996632996633
student_t,0,outlier5,Winsorized Z-score,KNN,0.6466666666666667,0.6453900709219857
student_t,0,outlier5,Yeo-Johnson,LogReg,0.6233333333333333,0.620257418422556
student_t,0,outlier5,Yeo-Johnson,RBF-SVM,0.6833333333333333,0.6831608320085379
student_t,0,outlier5,Yeo-Johnson,KNN,0.6466666666666667,0.6458955057681173
student_t,0,outlier5,Quantile-Normal,LogReg,0.76,0.7597330367074526
student_t,0,outlier5,Quantile-Normal,RBF-SVM,0.7633333333333334,0.7633307036744853
student_t,0,outlier5,Quantile-Normal,KNN,0.7066666666666667,0.7064579256360078
student_t,0,outlier5,Core-Norm ablation — residual channel removed,LogReg,0.78,0.7797552836484983
student_t,0,outlier5,Core-Norm ablation — residual channel removed,RBF-SVM,0.7633333333333334,0.7633307036744853
student_t,0,outlier5,Core-Norm ablation — residual channel removed,KNN,0.7166666666666667,0.7157539209238555
student_t,0,outlier5,Core-Norm,LogReg,0.77,0.7696903614859978
student_t,0,outlier5,Core-Norm,RBF-SVM,0.76,0.7598292118840064
student_t,0,outlier5,Core-Norm,KNN,0.7166666666666667,0.7159565580618212
student_t,1,outlier5,No scaling,LogReg,0.5533333333333333,0.5531545951714019
student_t,1,outlier5,No scaling,RBF-SVM,0.6266666666666667,0.6266666666666667
student_t,1,outlier5,No scaling,KNN,0.5966666666666667,0.5966263292995966
student_t,1,outlier5,Z-score,LogReg,0.5533333333333333,0.5531545951714019
student_t,1,outlier5,Z-score,RBF-SVM,0.62,0.6195773081201335
student_t,1,outlier5,Z-score,KNN,0.56,0.5595105672969967
student_t,1,outlier5,Min-Max,LogReg,0.5566666666666666,0.5566617406860076
student_t,1,outlier5,Min-Max,RBF-SVM,0.59,0.5883488213835495
student_t,1,outlier5,Min-Max,KNN,0.6066666666666667,0.6062291434927698
student_t,1,outlier5,RobustScaler,LogReg,0.5533333333333333,0.5531545951714019
student_t,1,outlier5,RobustScaler,RBF-SVM,0.6266666666666667,0.6266500733365927
student_t,1,outlier5,RobustScaler,KNN,0.6066666666666667,0.6065092703748166
student_t,1,outlier5,Winsorized Z-score,LogReg,0.5700000000000001,0.5696126513862476
student_t,1,outlier5,Winsorized Z-score,RBF-SVM,0.6166666666666667,0.6163213558869649
student_t,1,outlier5,Winsorized Z-score,KNN,0.5900000000000001,0.5896306676008407
student_t,1,outlier5,Yeo-Johnson,LogReg,0.55,0.5495946351716545
student_t,1,outlier5,Yeo-Johnson,RBF-SVM,0.6333333333333333,0.6330724070450098
student_t,1,outlier5,Yeo-Johnson,KNN,0.5666666666666667,0.5664932639722555
student_t,1,outlier5,Quantile-Normal,LogReg,0.7166666666666667,0.7165123233760603
student_t,1,outlier5,Quantile-Normal,RBF-SVM,0.6933333333333334,0.692664023874215
student_t,1,outlier5,Quantile-Normal,KNN,0.6466666666666667,0.6466038406827881
student_t,1,outlier5,Core-Norm ablation — residual channel removed,LogReg,0.72,0.7199502133712661
student_t,1,outlier5,Core-Norm ablation — residual channel removed,RBF-SVM,0.6833333333333333,0.6829070194372434
student_t,1,outlier5,Core-Norm ablation — residual channel removed,KNN,0.6333333333333333,0.6327457264957266
student_t,1,outlier5,Core-Norm,LogReg,0.72,0.7199875550024446
student_t,1,outlier5,Core-Norm,RBF-SVM,0.7,0.6993452407465146
student_t,1,outlier5,Core-Norm,KNN,0.6499999999999999,0.6495288109569533
laplace,0,outlier5,No scaling,LogReg,0.6333333333333333,0.630558416550983
laplace,0,outlier5,No scaling,RBF-SVM,0.6966666666666667,0.6963934207453375
laplace,0,outlier5,No scaling,KNN,0.6933333333333334,0.6932788051209103
laplace,0,outlier5,Z-score,LogReg,0.6366666666666667,0.6336996336996337
laplace,0,outlier5,Z-score,RBF-SVM,0.71,0.7098420251025559
laplace,0,outlier5,Z-score,KNN,0.6866666666666666,0.6865412831799387
laplace,0,outlier5,Min-Max,LogReg,0.63,0.6274125874125873
laplace,0,outlier5,Min-Max,RBF-SVM,0.6933333333333334,0.6931151040740082
laplace,0,outlier5,Min-Max,KNN,0.6933333333333334,0.6932106175803654
laplace,0,outlier5,RobustScaler,LogReg,0.6333333333333333,0.630558416550983
laplace,0,outlier5,RobustScaler,RBF-SVM,0.7,0.699666295884316
laplace,0,outlier5,RobustScaler,KNN,0.6833333333333333,0.6830480766022754
laplace,0,outlier5,Winsorized Z-score,LogReg,0.6433333333333333,0.6389648075041334
laplace,0,outlier5,Winsorized Z-score,RBF-SVM,0.69,0.6892230576441103
laplace,0,outlier5,Winsorized Z-score,KNN,0.6766666666666667,0.6766630740341559
laplace,0,outlier5,Yeo-Johnson,LogReg,0.6566666666666667,0.6555606335900837
laplace,0,outlier5,Yeo-Johnson,RBF-SVM,0.6933333333333334,0.6933197030979155
laplace,0,outlier5,Yeo-Johnson,KNN,0.6866666666666668,0.6864436932930084
laplace,0,outlier5,Quantile-Normal,LogReg,0.78,0.7799608819345661
laplace,0,outlier5,Quantile-Normal,RBF-SVM,0.7766666666666666,0.7766641851576128
laplace,0,outlier5,Quantile-Normal,KNN,0.78,0.779990221787635
laplace,0,outlier5,Core-Norm ablation — residual channel removed,LogReg,0.8066666666666666,0.8065290873510051
laplace,0,outlier5,Core-Norm ablation — residual channel removed,RBF-SVM,0.8133333333333334,0.8132586367880486
laplace,0,outlier5,Core-Norm ablation — residual channel removed,KNN,0.8066666666666666,0.8066666666666666
laplace,0,outlier5,Core-Norm,LogReg,0.8066666666666666,0.8066666666666666
laplace,0,outlier5,Core-Norm,RBF-SVM,0.8233333333333334,0.8232370957521318
laplace,0,outlier5,Core-Norm,KNN,0.7733333333333334,0.7733232588115027
laplace,1,outlier5,No scaling,LogReg,0.5833333333333333,0.5833287036522627
laplace,1,outlier5,No scaling,RBF-SVM,0.6833333333333333,0.6833016634996834
laplace,1,outlier5,No scaling,KNN,0.63,0.628178072555522
laplace,1,outlier5,Z-score,LogReg,0.5833333333333333,0.5833287036522627
laplace,1,outlier5,Z-score,RBF-SVM,0.6966666666666667,0.6965014285555469
laplace,1,outlier5,Z-score,KNN,0.63,0.6285099119802764
laplace,1,outlier5,Min-Max,LogReg,0.5833333333333333,0.5832175604334537
laplace,1,outlier5,Min-Max,RBF-SVM,0.69,0.6899689968996899
laplace,1,outlier5,Min-Max,KNN,0.64,0.638053532329416
laplace,1,outlier5,RobustScaler,LogReg,0.5833333333333333,0.5833287036522627
laplace,1,outlier5,RobustScaler,RBF-SVM,0.6799999999999999,0.6799431009957326
laplace,1,outlier5,RobustScaler,KNN,0.65,0.6488724905529979
laplace,1,outlier5,Winsorized Z-score,LogReg,0.6,0.6
laplace,1,outlier5,Winsorized Z-score,RBF-SVM,0.7066666666666667,0.7066536290501799
laplace,1,outlier5,Winsorized Z-score,KNN,0.6366666666666667,0.6354962044788265
laplace,1,outlier5,Yeo-Johnson,LogReg,0.5833333333333334,0.583106357905971
laplace,1,outlier5,Yeo-Johnson,RBF-SVM,0.69,0.6897207486738064
laplace,1,outlier5,Yeo-Johnson,KNN,0.6333333333333333,0.6313508199651459
laplace,1,outlier5,Quantile-Normal,LogReg,0.76,0.76
laplace,1,outlier5,Quantile-Normal,RBF-SVM,0.7733333333333333,0.7733333333333333
laplace,1,outlier5,Quantile-Normal,KNN,0.7,0.6989160979526294
laplace,1,outlier5,Core-Norm ablation — residual channel removed,LogReg,0.79,0.78997899789979
laplace,1,outlier5,Core-Norm ablation — residual channel removed,RBF-SVM,0.76,0.7598292118840064
laplace,1,outlier5,Core-Norm ablation — residual channel removed,KNN,0.74,0.7397107897664071
laplace,1,outlier5,Core-Norm,LogReg,0.7933333333333333,0.7933241477398996
laplace,1,outlier5,Core-Norm,RBF-SVM,0.7666666666666666,0.7665732959850606
laplace,1,outlier5,Core-Norm,KNN,0.7166666666666666,0.7152714970019763
bimodal,0,outlier5,No scaling,LogReg,0.52,0.5051319648093842
bimodal,0,outlier5,No scaling,RBF-SVM,0.4233333333333333,0.3779887103153201
bimodal,0,outlier5,No scaling,KNN,0.6499999999999999,0.6491228070175439
bimodal,0,outlier5,Z-score,LogReg,0.52,0.5051319648093842
bimodal,0,outlier5,Z-score,RBF-SVM,0.4266666666666667,0.3827751196172249
bimodal,0,outlier5,Z-score,KNN,0.65,0.6485904572786398
bimodal,0,outlier5,Min-Max,LogReg,0.52,0.5062857142857142
bimodal,0,outlier5,Min-Max,RBF-SVM,0.43,0.3851795922769928
bimodal,0,outlier5,Min-Max,KNN,0.6366666666666667,0.6357560568086884
bimodal,0,outlier5,RobustScaler,LogReg,0.52,0.5051319648093842
bimodal,0,outlier5,RobustScaler,RBF-SVM,0.4233333333333333,0.3779887103153201
bimodal,0,outlier5,RobustScaler,KNN,0.6499999999999999,0.6491228070175439
bimodal,0,outlier5,Winsorized Z-score,LogReg,0.4833333333333334,0.4544750642311618
bimodal,0,outlier5,Winsorized Z-score,RBF-SVM,0.4166666666666667,0.3732016857889899
bimodal,0,outlier5,Winsorized Z-score,KNN,0.6533333333333333,0.6529477196885428
bimodal,0,outlier5,Yeo-Johnson,LogReg,0.5066666666666666,0.5009890307498651
bimodal,0,outlier5,Yeo-Johnson,RBF-SVM,0.43,0.3851795922769928
bimodal,0,outlier5,Yeo-Johnson,KNN,0.6566666666666667,0.6555606335900837
bimodal,0,outlier5,Quantile-Normal,LogReg,0.6333333333333333,0.6327457264957266
bimodal,0,outlier5,Quantile-Normal,RBF-SVM,0.7266666666666667,0.726618065433855
bimodal,0,outlier5,Quantile-Normal,KNN,0.6866666666666666,0.6863181312569522
bimodal,0,outlier5,Core-Norm ablation — residual channel removed,LogReg,0.6366666666666667,0.6352034270797309
bimodal,0,outlier5,Core-Norm ablation — residual channel removed,RBF-SVM,0.7466666666666666,0.7466216216216216
bimodal,0,outlier5,Core-Norm ablation — residual channel removed,KNN,0.6866666666666666,0.6865412831799387
bimodal,0,outlier5,Core-Norm,LogReg,0.7,0.699786514855008
bimodal,0,outlier5,Core-Norm,RBF-SVM,0.7433333333333333,0.7433076640997434
bimodal,0,outlier5,Core-Norm,KNN,0.6699999999999999,0.6695557360451273
bimodal,1,outlier5,No scaling,LogReg,0.6933333333333334,0.6932106175803654
bimodal,1,outlier5,No scaling,RBF-SVM,0.6733333333333333,0.6729699666295884
bimodal,1,outlier5,No scaling,KNN,0.6799999999999999,0.6797722825120085
bimodal,1,outlier5,Z-score,LogReg,0.6933333333333334,0.6932106175803654
bimodal,1,outlier5,Z-score,RBF-SVM,0.6799999999999999,0.6796440489432702
bimodal,1,outlier5,Z-score,KNN,0.6699999999999999,0.669820235461529
bimodal,1,outlier5,Min-Max,LogReg,0.6933333333333334,0.6932106175803654
bimodal,1,outlier5,Min-Max,RBF-SVM,0.6766666666666667,0.6762313777411854
bimodal,1,outlier5,Min-Max,KNN,0.6833333333333333,0.6830480766022754
bimodal,1,outlier5,RobustScaler,LogReg,0.6933333333333334,0.6932106175803654
bimodal,1,outlier5,RobustScaler,RBF-SVM,0.6733333333333333,0.6729699666295884
bimodal,1,outlier5,RobustScaler,KNN,0.6833333333333333,0.6831608320085379
bimodal,1,outlier5,Winsorized Z-score,LogReg,0.6866666666666668,0.6864436932930084
bimodal,1,outlier5,Winsorized Z-score,RBF-SVM,0.6866666666666666,0.6859828070019153
bimodal,1,outlier5,Winsorized Z-score,KNN,0.6766666666666667,0.6765768268963601
bimodal,1,outlier5,Yeo-Johnson,LogReg,0.7066666666666667,0.7065492863812192
bimodal,1,outlier5,Yeo-Johnson,RBF-SVM,0.69,0.6897207486738064
bimodal,1,outlier5,Yeo-Johnson,KNN,0.6799999999999999,0.6797722825120085
bimodal,1,outlier5,Quantile-Normal,LogReg,0.7833333333333333,0.783138157675241
bimodal,1,outlier5,Quantile-Normal,RBF-SVM,0.7766666666666666,0.7763660031820558
bimodal,1,outlier5,Quantile-Normal,KNN,0.7933333333333333,0.793296586059744
bimodal,1,outlier5,Core-Norm ablation — residual channel removed,LogReg,0.7833333333333333,0.783138157675241
bimodal,1,outlier5,Core-Norm ablation — residual channel removed,RBF-SVM,0.7933333333333333,0.7931862657890055
bimodal,1,outlier5,Core-Norm ablation — residual channel removed,KNN,0.7933333333333333,0.7932506335867681
bimodal,1,outlier5,Core-Norm,LogReg,0.8333333333333333,0.8333259255966932
bimodal,1,outlier5,Core-Norm,RBF-SVM,0.7933333333333333,0.7931862657890055
bimodal,1,outlier5,Core-Norm,KNN,0.7966666666666666,0.7965559026581139
zero_inflated,0,outlier5,No scaling,LogReg,0.5233333333333333,0.5194408038444736
zero_inflated,0,outlier5,No scaling,RBF-SVM,0.5733333333333333,0.5726495726495726
zero_inflated,0,outlier5,No scaling,KNN,0.5533333333333333,0.5533134805991378
zero_inflated,0,outlier5,Z-score,LogReg,0.5233333333333333,0.5194408038444736
zero_inflated,0,outlier5,Z-score,RBF-SVM,0.5766666666666667,0.5764360596324666
zero_inflated,0,outlier5,Z-score,KNN,0.5533333333333333,0.5531545951714019
zero_inflated,0,outlier5,Min-Max,LogReg,0.5266666666666666,0.5225071736011477
zero_inflated,0,outlier5,Min-Max,RBF-SVM,0.58,0.5795328142380423
zero_inflated,0,outlier5,Min-Max,KNN,0.5433333333333333,0.5433282592028801
zero_inflated,0,outlier5,RobustScaler,LogReg,0.5233333333333333,0.5194408038444736
zero_inflated,0,outlier5,RobustScaler,RBF-SVM,0.5733333333333333,0.5726495726495726
zero_inflated,0,outlier5,RobustScaler,KNN,0.5533333333333333,0.5533134805991378
zero_inflated,0,outlier5,Winsorized Z-score,LogReg,0.5233333333333333,0.5188371336600904
zero_inflated,0,outlier5,Winsorized Z-score,RBF-SVM,0.56,0.5598239295718287
zero_inflated,0,outlier5,Winsorized Z-score,KNN,0.5533333333333333,0.5532539118065434
zero_inflated,0,outlier5,Yeo-Johnson,LogReg,0.5333333333333333,0.5316472634818681
zero_inflated,0,outlier5,Yeo-Johnson,RBF-SVM,0.5666666666666667,0.5663582992350116
zero_inflated,0,outlier5,Yeo-Johnson,KNN,0.5466666666666666,0.5461624026696329
zero_inflated,0,outlier5,Quantile-Normal,LogReg,0.6166666666666667,0.6157059314954052
zero_inflated,0,outlier5,Quantile-Normal,RBF-SVM,0.61,0.6052232007288187
zero_inflated,0,outlier5,Quantile-Normal,KNN,0.54,0.5398159263705482
zero_inflated,0,outlier5,Core-Norm ablation — residual channel removed,LogReg,0.61,0.609474960780605
zero_inflated,0,outlier5,Core-Norm ablation — residual channel removed,RBF-SVM,0.5700000000000001,0.5669930069930069
zero_inflated,0,outlier5,Core-Norm ablation — residual channel removed,KNN,0.5566666666666666,0.5566223288995567
zero_inflated,0,outlier5,Core-Norm,LogReg,0.6399999999999999,0.6386993175431553
zero_inflated,0,outlier5,Core-Norm,RBF-SVM,0.5933333333333333,0.5915178571428572
zero_inflated,0,outlier5,Core-Norm,KNN,0.56,0.56
zero_inflated,1,outlier5,No scaling,LogReg,0.6033333333333333,0.6025870801839008
zero_inflated,1,outlier5,No scaling,RBF-SVM,0.6499999999999999,0.6499961110679008
zero_inflated,1,outlier5,No scaling,KNN,0.5866666666666667,0.5865012671735361
zero_inflated,1,outlier5,Z-score,LogReg,0.6033333333333333,0.6027993190845471
zero_inflated,1,outlier5,Z-score,RBF-SVM,0.6699999999999999,0.6697027324592133
zero_inflated,1,outlier5,Z-score,KNN,0.5833333333333333,0.5827723939963729
zero_inflated,1,outlier5,Min-Max,LogReg,0.5866666666666667,0.5851732905125118
zero_inflated,1,outlier5,Min-Max,RBF-SVM,0.6499999999999999,0.6499027507641011
zero_inflated,1,outlier5,Min-Max,KNN,0.5866666666666667,0.5865012671735361
zero_inflated,1,outlier5,RobustScaler,LogReg,0.6033333333333333,0.6025870801839008
zero_inflated,1,outlier5,RobustScaler,RBF-SVM,0.6499999999999999,0.6499961110679008
zero_inflated,1,outlier5,RobustScaler,KNN,0.5866666666666667,0.5865012671735361
zero_inflated,1,outlier5,Winsorized Z-score,LogReg,0.6133333333333333,0.6127136752136753
zero_inflated,1,outlier5,Winsorized Z-score,RBF-SVM,0.6833333333333333,0.6832453459294248
zero_inflated,1,outlier5,Winsorized Z-score,KNN,0.5900000000000001,0.5896306676008407
zero_inflated,1,outlier5,Yeo-Johnson,LogReg,0.5866666666666667,0.5857645539174201
zero_inflated,1,outlier5,Yeo-Johnson,RBF-SVM,0.6766666666666666,0.6764905337350335
zero_inflated,1,outlier5,Yeo-Johnson,KNN,0.5866666666666667,0.5860042735042734
zero_inflated,1,outlier5,Quantile-Normal,LogReg,0.7333333333333334,0.7331435687600072
zero_inflated,1,outlier5,Quantile-Normal,RBF-SVM,0.7233333333333334,0.7231826216495647
zero_inflated,1,outlier5,Quantile-Normal,KNN,0.6633333333333333,0.6632397888302306
zero_inflated,1,outlier5,Core-Norm ablation — residual channel removed,LogReg,0.7233333333333334,0.7224420639609412
zero_inflated,1,outlier5,Core-Norm ablation — residual channel removed,RBF-SVM,0.7233333333333334,0.7229608696135916
zero_inflated,1,outlier5,Core-Norm ablation — residual channel removed,KNN,0.6466666666666667,0.6461004273504274
zero_inflated,1,outlier5,Core-Norm,LogReg,0.78,0.7798434442270059
zero_inflated,1,outlier5,Core-Norm,RBF-SVM,0.73,0.7297567811029927
zero_inflated,1,outlier5,Core-Norm,KNN,0.6366666666666667,0.6364687440940067
bounded_beta,0,outlier5,No scaling,LogReg,0.6066666666666667,0.6032101865136299
bounded_beta,0,outlier5,No scaling,RBF-SVM,0.6366666666666667,0.6361775275648371
bounded_beta,0,outlier5,No scaling,KNN,0.6733333333333333,0.6733188141695187
bounded_beta,0,outlier5,Z-score,LogReg,0.6066666666666667,0.6032101865136299
bounded_beta,0,outlier5,Z-score,RBF-SVM,0.6233333333333333,0.6233291481016456
bounded_beta,0,outlier5,Z-score,KNN,0.6533333333333333,0.653271692745377
bounded_beta,0,outlier5,Min-Max,LogReg,0.6033333333333333,0.6009880296408892
bounded_beta,0,outlier5,Min-Max,RBF-SVM,0.6466666666666667,0.6466038406827881
bounded_beta,0,outlier5,Min-Max,KNN,0.6633333333333333,0.6632996632996633
bounded_beta,0,outlier5,RobustScaler,LogReg,0.6066666666666667,0.6032101865136299
bounded_beta,0,outlier5,RobustScaler,RBF-SVM,0.6233333333333333,0.622994027958496
bounded_beta,0,outlier5,RobustScaler,KNN,0.6566666666666667,0.6564796389145201
bounded_beta,0,outlier5,Winsorized Z-score,LogReg,0.58,0.5738636363636364
bounded_beta,0,outlier5,Winsorized Z-score,RBF-SVM,0.6333333333333333,0.633317036312725
bounded_beta,0,outlier5,Winsorized Z-score,KNN,0.6733333333333333,0.6731008717310087
bounded_beta,0,outlier5,Yeo-Johnson,LogReg,0.6,0.5982142857142857
bounded_beta,0,outlier5,Yeo-Johnson,RBF-SVM,0.6366666666666667,0.6366626295847732
bounded_beta,0,outlier5,Yeo-Johnson,KNN,0.6499999999999999,0.6499961110679008
bounded_beta,0,outlier5,Quantile-Normal,LogReg,0.7733333333333334,0.773172033446006
bounded_beta,0,outlier5,Quantile-Normal,RBF-SVM,0.7833333333333333,0.7833309258991767
bounded_beta,0,outlier5,Quantile-Normal,KNN,0.7566666666666666,0.7563390780938818
bounded_beta,0,outlier5,Core-Norm ablation — residual channel removed,LogReg,0.7566666666666667,0.7566423308997566
bounded_beta,0,outlier5,Core-Norm ablation — residual channel removed,RBF-SVM,0.77,0.7699769976997699
bounded_beta,0,outlier5,Core-Norm ablation — residual channel removed,KNN,0.78,0.7799119647859143
bounded_beta,0,outlier5,Core-Norm,LogReg,0.8066666666666666,0.8066322901849218
bounded_beta,0,outlier5,Core-Norm,RBF-SVM,0.78,0.779990221787635
bounded_beta,0,outlier5,Core-Norm,KNN,0.7566666666666666,0.7565341130170871
bounded_beta,1,outlier5,No scaling,LogReg,0.53,0.5299947777197525
bounded_beta,1,outlier5,No scaling,RBF-SVM,0.6499999999999999,0.6491228070175439
bounded_beta,1,outlier5,No scaling,KNN,0.6433333333333333,0.6432976630996432
bounded_beta,1,outlier5,Z-score,LogReg,0.53,0.5299947777197525
bounded_beta,1,outlier5,Z-score,RBF-SVM,0.6466666666666667,0.646273637374861
bounded_beta,1,outlier5,Z-score,KNN,0.6366666666666667,0.6365657126979717
bounded_beta,1,outlier5,Min-Max,LogReg,0.53,0.5299947777197525
bounded_beta,1,outlier5,Min-Max,RBF-SVM,0.6266666666666667,0.6246481076008759
bounded_beta,1,outlier5,Min-Max,KNN,0.6533333333333333,0.6531946111778044
bounded_beta,1,outlier5,RobustScaler,LogReg,0.53,0.5299947777197525
bounded_beta,1,outlier5,RobustScaler,RBF-SVM,0.63,0.6285099119802764
bounded_beta,1,outlier5,RobustScaler,KNN,0.6466666666666667,0.6466038406827881
bounded_beta,1,outlier5,Winsorized Z-score,LogReg,0.5466666666666666,0.5466465176230055
bounded_beta,1,outlier5,Winsorized Z-score,RBF-SVM,0.6533333333333333,0.6529477196885428
bounded_beta,1,outlier5,Winsorized Z-score,KNN,0.6566666666666667,0.6565712697971658
bounded_beta,1,outlier5,Yeo-Johnson,LogReg,0.5366666666666666,0.5366203286995366
bounded_beta,1,outlier5,Yeo-Johnson,RBF-SVM,0.6499999999999999,0.6495288109569533
bounded_beta,1,outlier5,Yeo-Johnson,KNN,0.64,0.6398559423769508
bounded_beta,1,outlier5,Quantile-Normal,LogReg,0.7366666666666667,0.7361712549120014
bounded_beta,1,outlier5,Quantile-Normal,RBF-SVM,0.7566666666666666,0.7560568086883876
bounded_beta,1,outlier5,Quantile-Normal,KNN,0.7166666666666667,0.7166383304997166
bounded_beta,1,outlier5,Core-Norm ablation — residual channel removed,LogReg,0.77,0.7696903614859978
bounded_beta,1,outlier5,Core-Norm ablation — residual channel removed,RBF-SVM,0.7766666666666666,0.7766046123923311
bounded_beta,1,outlier5,Core-Norm ablation — residual channel removed,KNN,0.7133333333333334,0.7131293364170077
bounded_beta,1,outlier5,Core-Norm,LogReg,0.7866666666666666,0.7866571847637673
bounded_beta,1,outlier5,Core-Norm,RBF-SVM,0.78,0.7799119647859143
bounded_beta,1,outlier5,Core-Norm,KNN,0.7266666666666667,0.7262286324786325
mixed,0,outlier5,No scaling,LogReg,0.54,0.5386878231413799
mixed,0,outlier5,No scaling,RBF-SVM,0.7133333333333334,0.7130144605116796
mixed,0,outlier5,No scaling,KNN,0.6866666666666666,0.6866666666666666
mixed,0,outlier5,Z-score,LogReg,0.54,0.5386878231413799
mixed,0,outlier5,Z-score,RBF-SVM,0.6599999999999999,0.659758050169009
mixed,0,outlier5,Z-score,KNN,0.6033333333333333,0.6023391812865497
mixed,0,outlier5,Min-Max,LogReg,0.53,0.5284859158854545
mixed,0,outlier5,Min-Max,RBF-SVM,0.59,0.5892286627110908
mixed,0,outlier5,Min-Max,KNN,0.6000000000000001,0.5999822214320636
mixed,0,outlier5,RobustScaler,LogReg,0.54,0.5386878231413799
mixed,0,outlier5,RobustScaler,RBF-SVM,0.6466666666666667,0.6466509622649895
mixed,0,outlier5,RobustScaler,KNN,0.6233333333333333,0.622119918404655
mixed,0,outlier5,Winsorized Z-score,LogReg,0.5566666666666666,0.5530463420371676
mixed,0,outlier5,Winsorized Z-score,RBF-SVM,0.6799999999999999,0.6799431009957326
mixed,0,outlier5,Winsorized Z-score,KNN,0.6333333333333333,0.6322873952576217
mixed,0,outlier5,Yeo-Johnson,LogReg,0.5466666666666666,0.5461624026696329
mixed,0,outlier5,Yeo-Johnson,RBF-SVM,0.6599999999999999,0.6594551282051282
mixed,0,outlier5,Yeo-Johnson,KNN,0.61,0.609266288920306
mixed,0,outlier5,Quantile-Normal,LogReg,0.8066666666666666,0.8066322901849218
mixed,0,outlier5,Quantile-Normal,RBF-SVM,0.75,0.7498638147435825
mixed,0,outlier5,Quantile-Normal,KNN,0.7233333333333334,0.7232564601278133
mixed,0,outlier5,Core-Norm ablation — residual channel removed,LogReg,0.83,0.8299829982998299
mixed,0,outlier5,Core-Norm ablation — residual channel removed,RBF-SVM,0.7933333333333333,0.7933333333333333
mixed,0,outlier5,Core-Norm ablation — residual channel removed,KNN,0.7466666666666666,0.7466554069069737
mixed,0,outlier5,Core-Norm,LogReg,0.8300000000000001,0.8299981110901232
mixed,0,outlier5,Core-Norm,RBF-SVM,0.7966666666666666,0.7966463312997967
mixed,0,outlier5,Core-Norm,KNN,0.7366666666666666,0.73666374070823
mixed,1,outlier5,No scaling,LogReg,0.5966666666666667,0.5965545984995833
mixed,1,outlier5,No scaling,RBF-SVM,0.6366666666666667,0.6357560568086884
mixed,1,outlier5,No scaling,KNN,0.6633333333333333,0.6628800943490694
mixed,1,outlier5,Z-score,LogReg,0.5966666666666667,0.5965545984995833
mixed,1,outlier5,Z-score,RBF-SVM,0.6433333333333333,0.6412245308535727
mixed,1,outlier5,Z-score,KNN,0.6633333333333333,0.6630300603876822
mixed,1,outlier5,Min-Max,LogReg,0.6166666666666667,0.6166624073600818
mixed,1,outlier5,Min-Max,RBF-SVM,0.6466666666666667,0.6450892857142857
mixed,1,outlier5,Min-Max,KNN,0.6566666666666667,0.6555606335900837
mixed,1,outlier5,RobustScaler,LogReg,0.5966666666666667,0.5965545984995833
mixed,1,outlier5,RobustScaler,RBF-SVM,0.6599999999999999,0.6587715776796468
mixed,1,outlier5,RobustScaler,KNN,0.6466666666666667,0.6461004273504274
mixed,1,outlier5,Winsorized Z-score,LogReg,0.6133333333333333,0.6129032258064516
mixed,1,outlier5,Winsorized Z-score,RBF-SVM,0.6733333333333333,0.6733188141695187
mixed,1,outlier5,Winsorized Z-score,KNN,0.6733333333333333,0.6724014975931538
mixed,1,outlier5,Yeo-Johnson,LogReg,0.5900000000000001,0.5899954443938267
mixed,1,outlier5,Yeo-Johnson,RBF-SVM,0.6433333333333333,0.6412245308535727
mixed,1,outlier5,Yeo-Johnson,KNN,0.6566666666666667,0.6564796389145201
mixed,1,outlier5,Quantile-Normal,LogReg,0.7066666666666667,0.7060264576188142
mixed,1,outlier5,Quantile-Normal,RBF-SVM,0.6666666666666667,0.6645195920558239
mixed,1,outlier5,Quantile-Normal,KNN,0.66,0.657426895347275
mixed,1,outlier5,Core-Norm ablation — residual channel removed,LogReg,0.7366666666666666,0.7365934981939428
mixed,1,outlier5,Core-Norm ablation — residual channel removed,RBF-SVM,0.7033333333333334,0.7031717268290514
mixed,1,outlier5,Core-Norm ablation — residual channel removed,KNN,0.7233333333333334,0.7213986013986013
mixed,1,outlier5,Core-Norm,LogReg,0.72,0.7199502133712661
mixed,1,outlier5,Core-Norm,RBF-SVM,0.7,0.6998799519807923
mixed,1,outlier5,Core-Norm,KNN,0.6933333333333334,0.6902356902356902
heteroscedastic,0,outlier5,No scaling,LogReg,0.5599999999999999,0.5512035903712771
heteroscedastic,0,outlier5,No scaling,RBF-SVM,0.6666666666666667,0.6666073968705548
heteroscedastic,0,outlier5,No scaling,KNN,0.65,0.64996499649965
heteroscedastic,0,outlier5,Z-score,LogReg,0.5599999999999999,0.5512035903712771
heteroscedastic,0,outlier5,Z-score,RBF-SVM,0.64,0.6389730789802104
heteroscedastic,0,outlier5,Z-score,KNN,0.63,0.6288080614417406
heteroscedastic,0,outlier5,Min-Max,LogReg,0.56,0.5494060352282554
heteroscedastic,0,outlier5,Min-Max,RBF-SVM,0.6599999999999999,0.6592579395127165
heteroscedastic,0,outlier5,Min-Max,KNN,0.63,0.6288080614417406
heteroscedastic,0,outlier5,RobustScaler,LogReg,0.5599999999999999,0.5512035903712771
heteroscedastic,0,outlier5,RobustScaler,RBF-SVM,0.6533333333333333,0.6520808243008163
heteroscedastic,0,outlier5,RobustScaler,KNN,0.6333333333333333,0.6322873952576217
heteroscedastic,0,outlier5,Winsorized Z-score,LogReg,0.5733333333333333,0.5621237000547346
heteroscedastic,0,outlier5,Winsorized Z-score,RBF-SVM,0.6366666666666667,0.6354962044788265
heteroscedastic,0,outlier5,Winsorized Z-score,KNN,0.6466666666666667,0.646273637374861
heteroscedastic,0,outlier5,Yeo-Johnson,LogReg,0.5766666666666667,0.5720976201439818
heteroscedastic,0,outlier5,Yeo-Johnson,RBF-SVM,0.6533333333333333,0.6530866393880093
heteroscedastic,0,outlier5,Yeo-Johnson,KNN,0.65,0.6488724905529979
heteroscedastic,0,outlier5,Quantile-Normal,LogReg,0.7266666666666666,0.7266545179785768
heteroscedastic,0,outlier5,Quantile-Normal,RBF-SVM,0.76,0.7597330367074526
heteroscedastic,0,outlier5,Quantile-Normal,KNN,0.7233333333333334,0.7228128374391913
heteroscedastic,0,outlier5,Core-Norm ablation — residual channel removed,LogReg,0.75,0.7499972221913577
heteroscedastic,0,outlier5,Core-Norm ablation — residual channel removed,RBF-SVM,0.77,0.7694235588972431
heteroscedastic,0,outlier5,Core-Norm ablation — residual channel removed,KNN,0.7633333333333334,0.7630147197899397
heteroscedastic,0,outlier5,Core-Norm,LogReg,0.7666666666666667,0.7666666666666667
heteroscedastic,0,outlier5,Core-Norm,RBF-SVM,0.7666666666666666,0.7660010697093956
heteroscedastic,0,outlier5,Core-Norm,KNN,0.7166666666666667,0.7162852279175336
heteroscedastic,1,outlier5,No scaling,LogReg,0.55,0.5498749652681301
heteroscedastic,1,outlier5,No scaling,RBF-SVM,0.6633333333333333,0.6630300603876822
heteroscedastic,1,outlier5,No scaling,KNN,0.7033333333333334,0.7033300370004111
heteroscedastic,1,outlier5,Z-score,LogReg,0.5466666666666666,0.5465860597439545
heteroscedastic,1,outlier5,Z-score,RBF-SVM,0.6533333333333333,0.653271692745377
heteroscedastic,1,outlier5,Z-score,KNN,0.6433333333333333,0.6431390423675112
heteroscedastic,1,outlier5,Min-Max,LogReg,0.55,0.5497548665384487
heteroscedastic,1,outlier5,Min-Max,RBF-SVM,0.6766666666666666,0.6766343300996767
heteroscedastic,1,outlier5,Min-Max,KNN,0.6433333333333333,0.6432976630996432
heteroscedastic,1,outlier5,RobustScaler,LogReg,0.5466666666666666,0.5465860597439545
heteroscedastic,1,outlier5,RobustScaler,RBF-SVM,0.6833333333333333,0.6833298147757197
heteroscedastic,1,outlier5,RobustScaler,KNN,0.6466666666666667,0.6466038406827881
heteroscedastic,1,outlier5,Winsorized Z-score,LogReg,0.5633333333333332,0.5632120033342596
heteroscedastic,1,outlier5,Winsorized Z-score,RBF-SVM,0.6633333333333333,0.6632996632996633
heteroscedastic,1,outlier5,Winsorized Z-score,KNN,0.66,0.66
heteroscedastic,1,outlier5,Yeo-Johnson,LogReg,0.5666666666666667,0.5659722222222223
heteroscedastic,1,outlier5,Yeo-Johnson,RBF-SVM,0.6633333333333333,0.6632397888302306
heteroscedastic,1,outlier5,Yeo-Johnson,KNN,0.6599999999999999,0.6599848882172541
heteroscedastic,1,outlier5,Quantile-Normal,LogReg,0.7766666666666666,0.7766046123923311
heteroscedastic,1,outlier5,Quantile-Normal,RBF-SVM,0.7566666666666666,0.756599055293137
heteroscedastic,1,outlier5,Quantile-Normal,KNN,0.76,0.7597330367074526
heteroscedastic,1,outlier5,Core-Norm ablation — residual channel removed,LogReg,0.8,0.7999644381223329
heteroscedastic,1,outlier5,Core-Norm ablation — residual channel removed,RBF-SVM,0.7633333333333334,0.7633307036744853
heteroscedastic,1,outlier5,Core-Norm ablation — residual channel removed,KNN,0.74,0.7395833333333333
heteroscedastic,1,outlier5,Core-Norm,LogReg,0.8233333333333334,0.8232370957521318
heteroscedastic,1,outlier5,Core-Norm,RBF-SVM,0.7833333333333333,0.7832153061111049
heteroscedastic,1,outlier5,Core-Norm,KNN,0.75,0.7496634363978237
breast,0,outlier5,No scaling,LogReg,0.6017815420560748,0.5995645207674294
breast,0,outlier5,No scaling,RBF-SVM,0.8156396028037383,0.8359449952030701
breast,0,outlier5,No scaling,KNN,0.8516355140186915,0.8635897435897435
breast,0,outlier5,Z-score,LogReg,0.6642815420560748,0.6700791432058905
breast,0,outlier5,Z-score,RBF-SVM,0.7516793224299065,0.7643422451470646
breast,0,outlier5,Z-score,KNN,0.7470794392523364,0.754161622276029
breast,0,outlier5,Min-Max,LogReg,0.5766647196261683,0.5538109407187
breast,0,outlier5,Min-Max,RBF-SVM,0.7516793224299065,0.7643422451470646
breast,0,outlier5,Min-Max,KNN,0.7517523364485981,0.7596581196581197
breast,0,outlier5,RobustScaler,LogReg,0.6642815420560748,0.6700791432058905
breast,0,outlier5,RobustScaler,RBF-SVM,0.7360543224299065,0.7483793994829986
breast,0,outlier5,RobustScaler,KNN,0.7564252336448598,0.7651815685077815
breast,0,outlier5,Winsorized Z-score,LogReg,0.7314544392523364,0.7390906316753127
breast,0,outlier5,Winsorized Z-score,RBF-SVM,0.7360543224299065,0.7483793994829986
breast,0,outlier5,Winsorized Z-score,KNN,0.7657710280373832,0.7763157894736842
breast,0,outlier5,Yeo-Johnson,LogReg,0.7579585280373832,0.7687135293890327
breast,0,outlier5,Yeo-Johnson,RBF-SVM,0.7688376168224299,0.7834757834757835
breast,0,outlier5,Yeo-Johnson,KNN,0.7767231308411215,0.7856410256410257
breast,0,outlier5,Quantile-Normal,LogReg,0.8985835280373832,0.8948301436272204
breast,0,outlier5,Quantile-Normal,RBF-SVM,0.915668808411215,0.9235469448584204
breast,0,outlier5,Quantile-Normal,KNN,0.8844918224299065,0.8869047619047619
breast,0,outlier5,Core-Norm ablation — residual channel removed,LogReg,0.9063230140186916,0.911438295353655
breast,0,outlier5,Core-Norm ablation — residual channel removed,RBF-SVM,0.9406396028037384,0.9490312965722802
breast,0,outlier5,Core-Norm ablation — residual channel removed,KNN,0.923481308411215,0.9301703975943868
breast,0,outlier5,Core-Norm,LogReg,0.9297605140186916,0.9311115180369895
breast,0,outlier5,Core-Norm,RBF-SVM,0.923481308411215,0.9301703975943868
breast,0,outlier5,Core-Norm,KNN,0.9188084112149532,0.92408996744599
breast,1,outlier5,No scaling,LogReg,0.6175525700934579,0.6198138448204393
breast,1,outlier5,No scaling,RBF-SVM,0.8344772196261683,0.8447336561743342
breast,1,outlier5,No scaling,KNN,0.8470356308411215,0.8492063492063492
breast,1,outlier5,Z-score,LogReg,0.5972546728971962,0.5988952784503632
breast,1,outlier5,Z-score,RBF-SVM,0.6908586448598131,0.6973684210526316
breast,1,outlier5,Z-score,KNN,0.6628942757009346,0.6628942757009346
breast,1,outlier5,Min-Max,LogReg,0.5189106308411215,0.4792358803986711
breast,1,outlier5,Min-Max,RBF-SVM,0.6580753504672897,0.6629825713954477
breast,1,outlier5,Min-Max,KNN,0.6441296728971962,0.6457531814146197
breast,1,outlier5,RobustScaler,LogReg,0.5972546728971962,0.5988952784503632
breast,1,outlier5,RobustScaler,RBF-SVM,0.6705607476635513,0.6761989411446458
breast,1,outlier5,RobustScaler,KNN,0.6675671728971962,0.668082768723677
breast,1,outlier5,Winsorized Z-score,LogReg,0.6035338785046729,0.6049925484351714
breast,1,outlier5,Winsorized Z-score,RBF-SVM,0.6908586448598131,0.6973684210526316
breast,1,outlier5,Winsorized Z-score,KNN,0.694071261682243,0.6963598697839597
breast,1,outlier5,Yeo-Johnson,LogReg,0.6082067757009346,0.609924834523765
breast,1,outlier5,Yeo-Johnson,RBF-SVM,0.7142231308411215,0.7239437728865614
breast,1,outlier5,Yeo-Johnson,KNN,0.6644275700934579,0.6658801843317972
breast,1,outlier5,Quantile-Normal,LogReg,0.8907710280373832,0.8883164005805515
breast,1,outlier5,Quantile-Normal,RBF-SVM,0.8954439252336448,0.8942024238453979
breast,1,outlier5,Quantile-Normal,KNN,0.9063230140186916,0.911438295353655
breast,1,outlier5,Core-Norm ablation — residual channel removed,LogReg,0.9375730140186916,0.9375730140186916
breast,1,outlier5,Core-Norm ablation — residual channel removed,RBF-SVM,0.9219480140186916,0.9246031746031746
breast,1,outlier5,Core-Norm ablation — residual channel removed,KNN,0.8875584112149533,0.8972972972972972
breast,1,outlier5,Core-Norm,LogReg,0.9422459112149532,0.9436366965757188
breast,1,outlier5,Core-Norm,RBF-SVM,0.9266209112149532,0.9306543778801843
breast,1,outlier5,Core-Norm,KNN,0.8797459112149533,0.8904548366431775
wine,0,outlier5,No scaling,LogReg,0.5619047619047618,0.5347061347061347
wine,0,outlier5,No scaling,RBF-SVM,0.5793650793650794,0.4934609250398724
wine,0,outlier5,No scaling,KNN,0.6375661375661376,0.6294151294151294
wine,0,outlier5,Z-score,LogReg,0.5158730158730158,0.5088148730949675
wine,0,outlier5,Z-score,RBF-SVM,0.5227513227513226,0.5221328159181268
wine,0,outlier5,Z-score,KNN,0.7111111111111111,0.7062137049941928
wine,0,outlier5,Min-Max,LogReg,0.3211640211640211,0.2968253968253968
wine,0,outlier5,Min-Max,RBF-SVM,0.3253968253968254,0.2491542288557214
wine,0,outlier5,Min-Max,KNN,0.7111111111111111,0.7079290147740188
wine,0,outlier5,RobustScaler,LogReg,0.5746031746031747,0.5797385620915033
wine,0,outlier5,RobustScaler,RBF-SVM,0.3661375661375661,0.3166488503217422
wine,0,outlier5,RobustScaler,KNN,0.6862433862433863,0.6862433862433863
wine,0,outlier5,Winsorized Z-score,LogReg,0.6444444444444444,0.649621212121212
wine,0,outlier5,Winsorized Z-score,RBF-SVM,0.5878306878306878,0.5938022700119474
wine,0,outlier5,Winsorized Z-score,KNN,0.7248677248677248,0.7179777400490472
wine,0,outlier5,Yeo-Johnson,LogReg,0.6857142857142856,0.6709473533002944
wine,0,outlier5,Yeo-Johnson,RBF-SVM,0.6518518518518519,0.6545114539504441
wine,0,outlier5,Yeo-Johnson,KNN,0.6761904761904761,0.6469040469040469
wine,0,outlier5,Quantile-Normal,LogReg,0.8153439153439154,0.8143939393939394
wine,0,outlier5,Quantile-Normal,RBF-SVM,0.8486772486772486,0.8533512464546947
wine,0,outlier5,Quantile-Normal,KNN,0.8513227513227513,0.8523809523809524
wine,0,outlier5,Core-Norm ablation — residual channel removed,LogReg,0.8153439153439154,0.8181818181818182
wine,0,outlier5,Core-Norm ablation — residual channel removed,RBF-SVM,0.9407407407407408,0.9466756817669596
wine,0,outlier5,Core-Norm ablation — residual channel removed,KNN,0.9338624338624338,0.9268398268398268
wine,0,outlier5,Core-Norm,LogReg,0.8719576719576719,0.871782339524275
wine,0,outlier5,Core-Norm,RBF-SVM,0.9222222222222222,0.9292172095770296
wine,0,outlier5,Core-Norm,KNN,0.9338624338624338,0.9268398268398268
wine,1,outlier5,No scaling,LogReg,0.4015873015873015,0.3936353501570893
wine,1,outlier5,No scaling,RBF-SVM,0.5634920634920635,0.4883040935672514
wine,1,outlier5,No scaling,KNN,0.6264550264550265,0.6221592560302238
wine,1,outlier5,Z-score,LogReg,0.4026455026455026,0.4000878348704436
wine,1,outlier5,Z-score,RBF-SVM,0.337037037037037,0.3053639846743295
wine,1,outlier5,Z-score,KNN,0.7047619047619048,0.7087177190625468
wine,1,outlier5,Min-Max,LogReg,0.3423280423280423,0.251816454281243
wine,1,outlier5,Min-Max,RBF-SVM,0.3264550264550264,0.2433982683982684
wine,1,outlier5,Min-Max,KNN,0.7111111111111111,0.7104128973419824
wine,1,outlier5,RobustScaler,LogReg,0.4026455026455026,0.4000878348704436
wine,1,outlier5,RobustScaler,RBF-SVM,0.3,0.2627816627816627
wine,1,outlier5,RobustScaler,KNN,0.673015873015873,0.6720427744817989
wine,1,outlier5,Winsorized Z-score,LogReg,0.4804232804232804,0.4819551008809321
wine,1,outlier5,Winsorized Z-score,RBF-SVM,0.5608465608465608,0.5535678791492745
wine,1,outlier5,Winsorized Z-score,KNN,0.7640211640211639,0.7628213579433091
wine,1,outlier5,Yeo-Johnson,LogReg,0.5671957671957673,0.5670670670670671
wine,1,outlier5,Yeo-Johnson,RBF-SVM,0.5222222222222223,0.4722222222222222
wine,1,outlier5,Yeo-Johnson,KNN,0.7137566137566139,0.7101873706909112
wine,1,outlier5,Quantile-Normal,LogReg,0.8296296296296296,0.823391812865497
wine,1,outlier5,Quantile-Normal,RBF-SVM,0.908994708994709,0.9127090201669192
wine,1,outlier5,Quantile-Normal,KNN,0.8640211640211639,0.8614197394242545
wine,1,outlier5,Core-Norm ablation — residual channel removed,LogReg,0.8957671957671959,0.8926900584795322
wine,1,outlier5,Core-Norm ablation — residual channel removed,RBF-SVM,0.8931216931216932,0.8958416544623442
wine,1,outlier5,Core-Norm ablation — residual channel removed,KNN,0.8957671957671959,0.8957707043913942
wine,1,outlier5,Core-Norm,LogReg,0.8957671957671959,0.8926900584795322
wine,1,outlier5,Core-Norm,RBF-SVM,0.8931216931216932,0.8958416544623442
wine,1,outlier5,Core-Norm,KNN,0.8798941798941798,0.8786766872973769
iris,0,outlier5,No scaling,LogReg,0.6,0.5879499810534293
iris,0,outlier5,No scaling,RBF-SVM,0.6,0.5412698412698412
iris,0,outlier5,No scaling,KNN,0.9111111111111112,0.9093701996927804
iris,0,outlier5,Z-score,LogReg,0.5777777777777778,0.5561904761904762
iris,0,outlier5,Z-score,RBF-SVM,0.6,0.5682844707234951
iris,0,outlier5,Z-score,KNN,0.888888888888889,0.8871031746031747
iris,0,outlier5,Min-Max,LogReg,0.5333333333333333,0.4813186813186813
iris,0,outlier5,Min-Max,RBF-SVM,0.3111111111111111,0.2231481481481481
iris,0,outlier5,Min-Max,KNN,0.888888888888889,0.8871031746031747
iris,0,outlier5,RobustScaler,LogReg,0.6,0.5879499810534293
iris,0,outlier5,RobustScaler,RBF-SVM,0.5777777777777778,0.5343915343915344
iris,0,outlier5,RobustScaler,KNN,0.8444444444444444,0.8454365079365079
iris,0,outlier5,Winsorized Z-score,LogReg,0.6444444444444445,0.6494252873563218
iris,0,outlier5,Winsorized Z-score,RBF-SVM,0.8000000000000002,0.8053872053872054
iris,0,outlier5,Winsorized Z-score,KNN,0.888888888888889,0.8875951634572324
iris,0,outlier5,Yeo-Johnson,LogReg,0.888888888888889,0.889367816091954
iris,0,outlier5,Yeo-Johnson,RBF-SVM,0.8666666666666667,0.8682141613176095
iris,0,outlier5,Yeo-Johnson,KNN,0.9333333333333332,0.9331349206349208
iris,0,outlier5,Quantile-Normal,LogReg,0.8666666666666667,0.868013468013468
iris,0,outlier5,Quantile-Normal,RBF-SVM,0.9111111111111112,0.9105836692043588
iris,0,outlier5,Quantile-Normal,KNN,0.888888888888889,0.8875951634572324
iris,0,outlier5,Core-Norm ablation — residual channel removed,LogReg,0.888888888888889,0.8884920634920634
iris,0,outlier5,Core-Norm ablation — residual channel removed,RBF-SVM,0.9333333333333332,0.9331349206349208
iris,0,outlier5,Core-Norm ablation — residual channel removed,KNN,0.9111111111111112,0.91225302381489
iris,0,outlier5,Core-Norm,LogReg,0.888888888888889,0.8903816490023386
iris,0,outlier5,Core-Norm,RBF-SVM,0.9111111111111112,0.9114046872667562
iris,0,outlier5,Core-Norm,KNN,0.9111111111111112,0.9131652661064426
iris,1,outlier5,No scaling,LogReg,0.4444444444444444,0.4295977011494252
iris,1,outlier5,No scaling,RBF-SVM,0.7111111111111111,0.6570793972109762
iris,1,outlier5,No scaling,KNN,0.888888888888889,0.8871031746031747
iris,1,outlier5,Z-score,LogReg,0.4888888888888889,0.4414855072463768
iris,1,outlier5,Z-score,RBF-SVM,0.6888888888888888,0.6713636363636364
iris,1,outlier5,Z-score,KNN,0.6888888888888888,0.677414539483505
iris,1,outlier5,Min-Max,LogReg,0.3333333333333333,0.3383681214421252
iris,1,outlier5,Min-Max,RBF-SVM,0.3111111111111111,0.1939775910364145
iris,1,outlier5,Min-Max,KNN,0.7555555555555555,0.7447176479434544
iris,1,outlier5,RobustScaler,LogReg,0.4666666666666666,0.4519841269841269
iris,1,outlier5,RobustScaler,RBF-SVM,0.6888888888888888,0.6613190730837789
iris,1,outlier5,RobustScaler,KNN,0.7333333333333334,0.7242125690401552
iris,1,outlier5,Winsorized Z-score,LogReg,0.6,0.5582912457912458
iris,1,outlier5,Winsorized Z-score,RBF-SVM,0.6666666666666666,0.6612779631689532
iris,1,outlier5,Winsorized Z-score,KNN,0.6888888888888888,0.677414539483505
iris,1,outlier5,Yeo-Johnson,LogReg,0.8444444444444444,0.8421208750463478
iris,1,outlier5,Yeo-Johnson,RBF-SVM,0.8222222222222223,0.8174019607843137
iris,1,outlier5,Yeo-Johnson,KNN,0.9111111111111112,0.9093701996927804
iris,1,outlier5,Quantile-Normal,LogReg,0.7999999999999999,0.7969101470769991
iris,1,outlier5,Quantile-Normal,RBF-SVM,0.8444444444444444,0.8412356321839081
iris,1,outlier5,Quantile-Normal,KNN,0.8666666666666667,0.8651093807934743
iris,1,outlier5,Core-Norm ablation — residual channel removed,LogReg,0.7333333333333333,0.7251984126984127
iris,1,outlier5,Core-Norm ablation — residual channel removed,RBF-SVM,0.888888888888889,0.8887652947719689
iris,1,outlier5,Core-Norm ablation — residual channel removed,KNN,0.9111111111111112,0.9105436081242532
iris,1,outlier5,Core-Norm,LogReg,0.8222222222222223,0.8222222222222223
iris,1,outlier5,Core-Norm,RBF-SVM,0.9111111111111112,0.9107142857142856
iris,1,outlier5,Core-Norm,KNN,0.9111111111111112,0.9105436081242532
digits,0,outlier5,No scaling,LogReg,0.183088333748711,0.1796237028869438
digits,0,outlier5,No scaling,RBF-SVM,0.1925120826064222,0.187441587176164
digits,0,outlier5,No scaling,KNN,0.2624705692630221,0.2625072227202609
digits,0,outlier5,Z-score,LogReg,0.1812701519305292,0.1772601029815456
digits,0,outlier5,Z-score,RBF-SVM,0.1924886992811521,0.1864048789896563
digits,0,outlier5,Z-score,KNN,0.1569981625642003,0.1490692655334378
digits,0,outlier5,Min-Max,LogReg,0.1997588121173026,0.194712489867912
digits,0,outlier5,Min-Max,RBF-SVM,0.1978694052278958,0.1903146459571713
digits,0,outlier5,Min-Max,KNN,0.1585365996686751,0.1515185845589388
digits,0,outlier5,RobustScaler,LogReg,0.1830546637150411,0.1797030983918822
digits,0,outlier5,RobustScaler,RBF-SVM,0.2425325338532885,0.2403590657522785
digits,0,outlier5,RobustScaler,KNN,0.2010643933285442,0.1936238593855976
digits,0,outlier5,Winsorized Z-score,LogReg,0.2016818890403796,0.1980553286504019
digits,0,outlier5,Winsorized Z-score,RBF-SVM,0.2092613850161019,0.2059693354165679
digits,0,outlier5,Winsorized Z-score,KNN,0.1883488489148866,0.1766675252288637
digits,0,outlier5,Yeo-Johnson,LogReg,0.1774615531219304,0.1724099747948611
digits,0,outlier5,Yeo-Johnson,RBF-SVM,0.1793496161420689,0.1743955808822072
digits,0,outlier5,Yeo-Johnson,KNN,0.1589186250507005,0.1534279122352903
digits,0,outlier5,Quantile-Normal,LogReg,0.8111086677124414,0.8132533476458887
digits,0,outlier5,Quantile-Normal,RBF-SVM,0.8941933363631478,0.8945471364115727
digits,0,outlier5,Quantile-Normal,KNN,0.8826238925295529,0.8830047038499563
digits,0,outlier5,Core-Norm ablation — residual channel removed,LogReg,0.9088773560471676,0.9096220506461664
digits,0,outlier5,Core-Norm ablation — residual channel removed,RBF-SVM,0.9443900788240412,0.9444441123510072
digits,0,outlier5,Core-Norm ablation — residual channel removed,KNN,0.91614627161797,0.916162716079131
digits,0,outlier5,Core-Norm,LogReg,0.9331715314734182,0.9340044321262916
digits,0,outlier5,Core-Norm,RBF-SVM,0.9425045569385192,0.9427824470279434
digits,0,outlier5,Core-Norm,KNN,0.9105168765546126,0.9109185102228208
digits,1,outlier5,No scaling,LogReg,0.1886515127081164,0.1898173027755642
digits,1,outlier5,No scaling,RBF-SVM,0.1920769621713018,0.1871778385944461
digits,1,outlier5,No scaling,KNN,0.2389700097247267,0.2382837497477759
digits,1,outlier5,Z-score,LogReg,0.194173398230002,0.1948295722497973
digits,1,outlier5,Z-score,RBF-SVM,0.1570937238861767,0.1528608999326879
digits,1,outlier5,Z-score,KNN,0.1608870025851158,0.1535202199339261
digits,1,outlier5,Min-Max,LogReg,0.203193082249686,0.1996303492075293
digits,1,outlier5,Min-Max,RBF-SVM,0.1531491743755894,0.1489172940750644
digits,1,outlier5,Min-Max,KNN,0.1515901882883014,0.1437688381608653
digits,1,outlier5,RobustScaler,LogReg,0.1904696945262983,0.191305765651062
digits,1,outlier5,RobustScaler,RBF-SVM,0.1812040091285374,0.1779057743665955
digits,1,outlier5,RobustScaler,KNN,0.1630546637150411,0.1573681776933759
digits,1,outlier5,Winsorized Z-score,LogReg,0.220309041063758,0.2174788850274185
digits,1,outlier5,Winsorized Z-score,RBF-SVM,0.2091332043218835,0.2091372920633197
digits,1,outlier5,Winsorized Z-score,KNN,0.1776209360171624,0.1659559306598722
digits,1,outlier5,Yeo-Johnson,LogReg,0.2107752659639452,0.2093055053723486
digits,1,outlier5,Yeo-Johnson,RBF-SVM,0.1643664511589039,0.1618225667843188
digits,1,outlier5,Yeo-Johnson,KNN,0.1738900617202504,0.1676461778422632
digits,1,outlier5,Quantile-Normal,LogReg,0.8315566159905783,0.8322967128214087
digits,1,outlier5,Quantile-Normal,RBF-SVM,0.918484897352822,0.9182549739850452
digits,1,outlier5,Quantile-Normal,KNN,0.909046976782826,0.9090051307842152
digits,1,outlier5,Core-Norm ablation — residual channel removed,LogReg,0.8907342901682525,0.8911187454763538
digits,1,outlier5,Core-Norm ablation — residual channel removed,RBF-SVM,0.950014245014245,0.9502235832035116
digits,1,outlier5,Core-Norm ablation — residual channel removed,KNN,0.9329862974202596,0.932644721685194
digits,1,outlier5,Core-Norm,LogReg,0.9202667947007568,0.9202202405769968
digits,1,outlier5,Core-Norm,RBF-SVM,0.950014245014245,0.9502788807397672
digits,1,outlier5,Core-Norm,KNN,0.925540064407989,0.9249688312906724
gaussian,0,outlier10,No scaling,LogReg,0.54,0.5332792207792207
gaussian,0,outlier10,No scaling,RBF-SVM,0.5166666666666666,0.5074672494027332
gaussian,0,outlier10,No scaling,KNN,0.6133333333333333,0.6130581747020103
gaussian,0,outlier10,Z-score,LogReg,0.54,0.5332792207792207
gaussian,0,outlier10,Z-score,RBF-SVM,0.5066666666666666,0.4958212209302325
gaussian,0,outlier10,Z-score,KNN,0.6233333333333333,0.6231281475469979
gaussian,0,outlier10,Min-Max,LogReg,0.5366666666666666,0.5287017258332486
gaussian,0,outlier10,Min-Max,RBF-SVM,0.5033333333333333,0.4929155653367517
gaussian,0,outlier10,Min-Max,KNN,0.6299999999999999,0.6298971936649069
gaussian,0,outlier10,RobustScaler,LogReg,0.54,0.5332792207792207
gaussian,0,outlier10,RobustScaler,RBF-SVM,0.5133333333333333,0.5026344476744187
gaussian,0,outlier10,RobustScaler,KNN,0.6266666666666667,0.6260683760683761
gaussian,0,outlier10,Winsorized Z-score,LogReg,0.5433333333333333,0.5354829959651443
gaussian,0,outlier10,Winsorized Z-score,RBF-SVM,0.5033333333333333,0.4938801390414293
gaussian,0,outlier10,Winsorized Z-score,KNN,0.62,0.6195773081201335
gaussian,0,outlier10,Yeo-Johnson,LogReg,0.5466666666666666,0.5432358604630334
gaussian,0,outlier10,Yeo-Johnson,RBF-SVM,0.5166666666666666,0.5074672494027332
gaussian,0,outlier10,Yeo-Johnson,KNN,0.6366666666666667,0.636339372101558
gaussian,0,outlier10,Quantile-Normal,LogReg,0.7033333333333334,0.7025898078529658
gaussian,0,outlier10,Quantile-Normal,RBF-SVM,0.6933333333333334,0.6928418803418803
gaussian,0,outlier10,Quantile-Normal,KNN,0.6733333333333333,0.6726203732573159
gaussian,0,outlier10,Core-Norm ablation — residual channel removed,LogReg,0.7033333333333334,0.7027752112299763
gaussian,0,outlier10,Core-Norm ablation — residual channel removed,RBF-SVM,0.7166666666666667,0.7166383304997166
gaussian,0,outlier10,Core-Norm ablation — residual channel removed,KNN,0.6433333333333333,0.6408391608391608
gaussian,0,outlier10,Core-Norm,LogReg,0.75,0.74997499749975
gaussian,0,outlier10,Core-Norm,RBF-SVM,0.72,0.7198879551820728
gaussian,0,outlier10,Core-Norm,KNN,0.6833333333333333,0.6811188811188811
gaussian,1,outlier10,No scaling,LogReg,0.5800000000000001,0.5797011207970113
gaussian,1,outlier10,No scaling,RBF-SVM,0.52,0.4923619271445358
gaussian,1,outlier10,No scaling,KNN,0.6066666666666667,0.6060363247863247
gaussian,1,outlier10,Z-score,LogReg,0.5800000000000001,0.5797011207970113
gaussian,1,outlier10,Z-score,RBF-SVM,0.5233333333333333,0.4950505537965372
gaussian,1,outlier10,Z-score,KNN,0.6233333333333333,0.622624706393116
gaussian,1,outlier10,Min-Max,LogReg,0.5700000000000001,0.5697657613589622
gaussian,1,outlier10,Min-Max,RBF-SVM,0.52,0.4906621392190152
gaussian,1,outlier10,Min-Max,KNN,0.62,0.6195773081201335
gaussian,1,outlier10,RobustScaler,LogReg,0.5800000000000001,0.5797011207970113
gaussian,1,outlier10,RobustScaler,RBF-SVM,0.5166666666666666,0.4862467668977571
gaussian,1,outlier10,RobustScaler,KNN,0.61,0.609474960780605
gaussian,1,outlier10,Winsorized Z-score,LogReg,0.5800000000000001,0.5798319327731092
gaussian,1,outlier10,Winsorized Z-score,RBF-SVM,0.5066666666666667,0.4765138653084323
gaussian,1,outlier10,Winsorized Z-score,KNN,0.62,0.6191706382789185
gaussian,1,outlier10,Yeo-Johnson,LogReg,0.5833333333333334,0.583106357905971
gaussian,1,outlier10,Yeo-Johnson,RBF-SVM,0.52,0.4940029985007496
gaussian,1,outlier10,Yeo-Johnson,KNN,0.6133333333333333,0.6127136752136753
gaussian,1,outlier10,Quantile-Normal,LogReg,0.7633333333333334,0.7633307036744853
gaussian,1,outlier10,Quantile-Normal,RBF-SVM,0.7766666666666666,0.7766046123923311
gaussian,1,outlier10,Quantile-Normal,KNN,0.7333333333333334,0.7332859174964438
gaussian,1,outlier10,Core-Norm ablation — residual channel removed,LogReg,0.7666666666666667,0.7666666666666667
gaussian,1,outlier10,Core-Norm ablation — residual channel removed,RBF-SVM,0.7666666666666666,0.7666251778093883
gaussian,1,outlier10,Core-Norm ablation — residual channel removed,KNN,0.7366666666666666,0.73666374070823
gaussian,1,outlier10,Core-Norm,LogReg,0.8133333333333334,0.8133001422475107
gaussian,1,outlier10,Core-Norm,RBF-SVM,0.8133333333333332,0.8133250366682965
gaussian,1,outlier10,Core-Norm,KNN,0.7566666666666666,0.756599055293137
correlated,0,outlier10,No scaling,LogReg,0.5,0.4900040799673603
correlated,0,outlier10,No scaling,RBF-SVM,0.5133333333333333,0.5036039711682306
correlated,0,outlier10,No scaling,KNN,0.61,0.60996099609961
correlated,0,outlier10,Z-score,LogReg,0.5,0.4900040799673603
correlated,0,outlier10,Z-score,RBF-SVM,0.4833333333333334,0.4724960579006477
correlated,0,outlier10,Z-score,KNN,0.5766666666666667,0.576661962910699
correlated,0,outlier10,Min-Max,LogReg,0.5033333333333333,0.49479537517377
correlated,0,outlier10,Min-Max,RBF-SVM,0.4866666666666667,0.4764041887664898
correlated,0,outlier10,Min-Max,KNN,0.5800000000000001,0.5799813325036669
correlated,0,outlier10,RobustScaler,LogReg,0.5,0.4900040799673603
correlated,0,outlier10,RobustScaler,RBF-SVM,0.4866666666666667,0.4764041887664898
correlated,0,outlier10,RobustScaler,KNN,0.5666666666666667,0.5666474065514022
correlated,0,outlier10,Winsorized Z-score,LogReg,0.5033333333333333,0.4938801390414293
correlated,0,outlier10,Winsorized Z-score,RBF-SVM,0.5,0.4918469668910068
correlated,0,outlier10,Winsorized Z-score,KNN,0.5733333333333334,0.5733333333333334
correlated,0,outlier10,Yeo-Johnson,LogReg,0.5066666666666666,0.5023314203730272
correlated,0,outlier10,Yeo-Johnson,RBF-SVM,0.48,0.4705882352941176
correlated,0,outlier10,Yeo-Johnson,KNN,0.5800000000000001,0.5799813325036669
correlated,0,outlier10,Quantile-Normal,LogReg,0.5966666666666667,0.5966621851353904
correlated,0,outlier10,Quantile-Normal,RBF-SVM,0.5866666666666667,0.5851732905125118
correlated,0,outlier10,Quantile-Normal,KNN,0.5700000000000001,0.5686147741079689
correlated,0,outlier10,Core-Norm ablation — residual channel removed,LogReg,0.6066666666666667,0.6065967283072546
correlated,0,outlier10,Core-Norm ablation — residual channel removed,RBF-SVM,0.58,0.5795328142380423
correlated,0,outlier10,Core-Norm ablation — residual channel removed,KNN,0.6066666666666667,0.6045399705080656
correlated,0,outlier10,Core-Norm,LogReg,0.6966666666666667,0.6966632962588473
correlated,0,outlier10,Core-Norm,RBF-SVM,0.62,0.6195773081201335
correlated,0,outlier10,Core-Norm,KNN,0.5566666666666666,0.5535664335664336
correlated,1,outlier10,No scaling,LogReg,0.5833333333333333,0.5827723939963729
correlated,1,outlier10,No scaling,RBF-SVM,0.4966666666666666,0.4702435943913648
correlated,1,outlier10,No scaling,KNN,0.5766666666666667,0.5766243290995766
correlated,1,outlier10,Z-score,LogReg,0.5833333333333333,0.5827723939963729
correlated,1,outlier10,Z-score,RBF-SVM,0.5166666666666666,0.495821694734524
correlated,1,outlier10,Z-score,KNN,0.59,0.5892286627110908
correlated,1,outlier10,Min-Max,LogReg,0.5933333333333333,0.5926816239316239
correlated,1,outlier10,Min-Max,RBF-SVM,0.5233333333333333,0.4983101589269216
correlated,1,outlier10,Min-Max,KNN,0.6,0.5995550611790879
correlated,1,outlier10,RobustScaler,LogReg,0.5833333333333333,0.5827723939963729
correlated,1,outlier10,RobustScaler,RBF-SVM,0.5166666666666666,0.4928592247158262
correlated,1,outlier10,RobustScaler,KNN,0.6033333333333333,0.6027993190845471
correlated,1,outlier10,Winsorized Z-score,LogReg,0.5933333333333334,0.592880978865406
correlated,1,outlier10,Winsorized Z-score,RBF-SVM,0.5166666666666666,0.4912935177930325
correlated,1,outlier10,Winsorized Z-score,KNN,0.59,0.5892286627110908
correlated,1,outlier10,Yeo-Johnson,LogReg,0.5933333333333334,0.592880978865406
correlated,1,outlier10,Yeo-Johnson,RBF-SVM,0.5033333333333334,0.4804198486592042
correlated,1,outlier10,Yeo-Johnson,KNN,0.6000000000000001,0.5997153531400107
correlated,1,outlier10,Quantile-Normal,LogReg,0.72,0.7199875550024446
correlated,1,outlier10,Quantile-Normal,RBF-SVM,0.7433333333333334,0.7431021252460548
correlated,1,outlier10,Quantile-Normal,KNN,0.7133333333333334,0.7133205920263123
correlated,1,outlier10,Core-Norm ablation — residual channel removed,LogReg,0.7166666666666666,0.7165879410947485
correlated,1,outlier10,Core-Norm ablation — residual channel removed,RBF-SVM,0.74,0.7399537695590328
correlated,1,outlier10,Core-Norm ablation — residual channel removed,KNN,0.7133333333333334,0.7133205920263123
correlated,1,outlier10,Core-Norm,LogReg,0.75,0.7493734335839599
correlated,1,outlier10,Core-Norm,RBF-SVM,0.7466666666666666,0.7452969301577372
correlated,1,outlier10,Core-Norm,KNN,0.72,0.719551282051282
lognormal,0,outlier10,No scaling,LogReg,0.54,0.5347059881316311
lognormal,0,outlier10,No scaling,RBF-SVM,0.53,0.5219204557013528
lognormal,0,outlier10,No scaling,KNN,0.6033333333333333,0.6020554892933977
lognormal,0,outlier10,Z-score,LogReg,0.54,0.5347059881316311
lognormal,0,outlier10,Z-score,RBF-SVM,0.53,0.5227403504417191
lognormal,0,outlier10,Z-score,KNN,0.6133333333333333,0.6119363040278335
lognormal,0,outlier10,Min-Max,LogReg,0.54,0.5347059881316311
lognormal,0,outlier10,Min-Max,RBF-SVM,0.5366666666666666,0.5302731624894397
lognormal,0,outlier10,Min-Max,KNN,0.61,0.6087436323304833
lognormal,0,outlier10,RobustScaler,LogReg,0.5366666666666666,0.5309916658231265
lognormal,0,outlier10,RobustScaler,RBF-SVM,0.5266666666666666,0.5197510822510822
lognormal,0,outlier10,RobustScaler,KNN,0.6166666666666667,0.6159454976567109
lognormal,0,outlier10,Winsorized Z-score,LogReg,0.55,0.5437904815544916
lognormal,0,outlier10,Winsorized Z-score,RBF-SVM,0.52,0.5151515151515151
lognormal,0,outlier10,Winsorized Z-score,KNN,0.6,0.5982142857142857
lognormal,0,outlier10,Yeo-Johnson,LogReg,0.56,0.5561334289813487
lognormal,0,outlier10,Yeo-Johnson,RBF-SVM,0.53,0.5249272790574917
lognormal,0,outlier10,Yeo-Johnson,KNN,0.6033333333333333,0.6017358515824586
lognormal,0,outlier10,Quantile-Normal,LogReg,0.7033333333333334,0.7027752112299763
lognormal,0,outlier10,Quantile-Normal,RBF-SVM,0.7033333333333334,0.703250903028619
lognormal,0,outlier10,Quantile-Normal,KNN,0.6766666666666666,0.6756250627013409
lognormal,0,outlier10,Core-Norm ablation — residual channel removed,LogReg,0.6966666666666667,0.6960960024935713
lognormal,0,outlier10,Core-Norm ablation — residual channel removed,RBF-SVM,0.6866666666666668,0.6864436932930084
lognormal,0,outlier10,Core-Norm ablation — residual channel removed,KNN,0.66,0.6596218020022246
lognormal,0,outlier10,Core-Norm,LogReg,0.7666666666666667,0.7666666666666667
lognormal,0,outlier10,Core-Norm,RBF-SVM,0.7066666666666667,0.7066145092460883
lognormal,0,outlier10,Core-Norm,KNN,0.6666666666666667,0.6661324786324787
lognormal,1,outlier10,No scaling,LogReg,0.5333333333333333,0.5332503556187767
lognormal,1,outlier10,No scaling,RBF-SVM,0.5366666666666666,0.5138443602448266
lognormal,1,outlier10,No scaling,KNN,0.5866666666666667,0.5865012671735361
lognormal,1,outlier10,Z-score,LogReg,0.5333333333333333,0.5332503556187767
lognormal,1,outlier10,Z-score,RBF-SVM,0.5533333333333333,0.5320357608493201
lognormal,1,outlier10,Z-score,KNN,0.5633333333333332,0.5632120033342596
lognormal,1,outlier10,Min-Max,LogReg,0.53,0.5298694081689358
lognormal,1,outlier10,Min-Max,RBF-SVM,0.5533333333333333,0.5320357608493201
lognormal,1,outlier10,Min-Max,KNN,0.5700000000000001,0.5698805223673242
lognormal,1,outlier10,RobustScaler,LogReg,0.53,0.52995299529953
lognormal,1,outlier10,RobustScaler,RBF-SVM,0.5566666666666666,0.5348294957738269
lognormal,1,outlier10,RobustScaler,KNN,0.5733333333333334,0.5731625983726825
lognormal,1,outlier10,Winsorized Z-score,LogReg,0.5366666666666666,0.5365379272020006
lognormal,1,outlier10,Winsorized Z-score,RBF-SVM,0.5666666666666667,0.5498407128676301
lognormal,1,outlier10,Winsorized Z-score,KNN,0.5666666666666667,0.5661846496106786
lognormal,1,outlier10,Yeo-Johnson,LogReg,0.5433333333333333,0.5427185438200246
lognormal,1,outlier10,Yeo-Johnson,RBF-SVM,0.5566666666666666,0.5375467958599427
lognormal,1,outlier10,Yeo-Johnson,KNN,0.5666666666666667,0.5664932639722555
lognormal,1,outlier10,Quantile-Normal,LogReg,0.6633333333333333,0.6632397888302306
lognormal,1,outlier10,Quantile-Normal,RBF-SVM,0.6366666666666667,0.6364687440940067
lognormal,1,outlier10,Quantile-Normal,KNN,0.6466666666666667,0.6466509622649895
lognormal,1,outlier10,Core-Norm ablation — residual channel removed,LogReg,0.66,0.6596218020022246
lognormal,1,outlier10,Core-Norm ablation — residual channel removed,RBF-SVM,0.6633333333333333,0.6632397888302306
lognormal,1,outlier10,Core-Norm ablation — residual channel removed,KNN,0.6533333333333333,0.6530866393880093
lognormal,1,outlier10,Core-Norm,LogReg,0.6833333333333333,0.6823132057384267
lognormal,1,outlier10,Core-Norm,RBF-SVM,0.65,0.6488724905529979
lognormal,1,outlier10,Core-Norm,KNN,0.6433333333333333,0.6430120441730891
student_t,0,outlier10,No scaling,LogReg,0.5466666666666666,0.5376036991704066
student_t,0,outlier10,No scaling,RBF-SVM,0.5466666666666666,0.5407680878843816
student_t,0,outlier10,No scaling,KNN,0.5666666666666667,0.5661846496106786
student_t,0,outlier10,Z-score,LogReg,0.5433333333333333,0.5346414701253411
student_t,0,outlier10,Z-score,RBF-SVM,0.5599999999999999,0.5549361625606906
student_t,0,outlier10,Z-score,KNN,0.58,0.5795328142380423
student_t,0,outlier10,Min-Max,LogReg,0.54,0.5298873546511628
student_t,0,outlier10,Min-Max,RBF-SVM,0.5800000000000001,0.5745351402458241
student_t,0,outlier10,Min-Max,KNN,0.5800000000000001,0.5798319327731092
student_t,0,outlier10,RobustScaler,LogReg,0.5466666666666666,0.5376036991704066
student_t,0,outlier10,RobustScaler,RBF-SVM,0.5666666666666667,0.5628586800573888
student_t,0,outlier10,RobustScaler,KNN,0.5800000000000001,0.5797011207970113
student_t,0,outlier10,Winsorized Z-score,LogReg,0.56,0.548440065681445
student_t,0,outlier10,Winsorized Z-score,RBF-SVM,0.5533333333333333,0.5488215488215489
student_t,0,outlier10,Winsorized Z-score,KNN,0.5766666666666667,0.5764360596324666
student_t,0,outlier10,Yeo-Johnson,LogReg,0.5499999999999999,0.5457553359728127
student_t,0,outlier10,Yeo-Johnson,RBF-SVM,0.5766666666666667,0.5737062937062938
student_t,0,outlier10,Yeo-Johnson,KNN,0.5766666666666667,0.5762853234577787
student_t,0,outlier10,Quantile-Normal,LogReg,0.6933333333333334,0.6928418803418803
student_t,0,outlier10,Quantile-Normal,RBF-SVM,0.6799999999999999,0.6793015901296156
student_t,0,outlier10,Quantile-Normal,KNN,0.6933333333333334,0.6933197030979155
student_t,0,outlier10,Core-Norm ablation — residual channel removed,LogReg,0.72,0.719551282051282
student_t,0,outlier10,Core-Norm ablation — residual channel removed,RBF-SVM,0.7166666666666667,0.7155256082731847
student_t,0,outlier10,Core-Norm ablation — residual channel removed,KNN,0.6933333333333334,0.6929922135706341
student_t,0,outlier10,Core-Norm,LogReg,0.78,0.7799608819345661
student_t,0,outlier10,Core-Norm,RBF-SVM,0.7233333333333334,0.7232564601278133
student_t,0,outlier10,Core-Norm,KNN,0.6799999999999999,0.6793015901296156
student_t,1,outlier10,No scaling,LogReg,0.4833333333333333,0.4812525797922779
student_t,1,outlier10,No scaling,RBF-SVM,0.5333333333333333,0.5164855406152146
student_t,1,outlier10,No scaling,KNN,0.5733333333333333,0.5724021201728208
student_t,1,outlier10,Z-score,LogReg,0.4833333333333333,0.4812525797922779
student_t,1,outlier10,Z-score,RBF-SVM,0.55,0.5396419437340154
student_t,1,outlier10,Z-score,KNN,0.5666666666666667,0.5659722222222223
student_t,1,outlier10,Min-Max,LogReg,0.48,0.4785166696380817
student_t,1,outlier10,Min-Max,RBF-SVM,0.5333333333333333,0.5110821382007823
student_t,1,outlier10,Min-Max,KNN,0.5733333333333333,0.5733143695275345
student_t,1,outlier10,RobustScaler,LogReg,0.4833333333333333,0.4812525797922779
student_t,1,outlier10,RobustScaler,RBF-SVM,0.54,0.5245969408846631
student_t,1,outlier10,RobustScaler,KNN,0.5800000000000001,0.5793269230769231
student_t,1,outlier10,Winsorized Z-score,LogReg,0.49,0.4890405316650154
student_t,1,outlier10,Winsorized Z-score,RBF-SVM,0.56,0.5503270348837209
student_t,1,outlier10,Winsorized Z-score,KNN,0.5633333333333334,0.5619266310708833
student_t,1,outlier10,Yeo-Johnson,LogReg,0.4833333333333333,0.4820384294068504
student_t,1,outlier10,Yeo-Johnson,RBF-SVM,0.5466666666666666,0.5367005813953488
student_t,1,outlier10,Yeo-Johnson,KNN,0.5666666666666667,0.5659722222222223
student_t,1,outlier10,Quantile-Normal,LogReg,0.6666666666666666,0.6662958843159066
student_t,1,outlier10,Quantile-Normal,RBF-SVM,0.62,0.6199831103604605
student_t,1,outlier10,Quantile-Normal,KNN,0.5866666666666667,0.5865931721194879
student_t,1,outlier10,Core-Norm ablation — residual channel removed,LogReg,0.69,0.6895826611333014
student_t,1,outlier10,Core-Norm ablation — residual channel removed,RBF-SVM,0.62,0.6198479391756703
student_t,1,outlier10,Core-Norm ablation — residual channel removed,KNN,0.5866666666666667,0.5866666666666667
student_t,1,outlier10,Core-Norm,LogReg,0.6799999999999999,0.6793015901296156
student_t,1,outlier10,Core-Norm,RBF-SVM,0.6366666666666667,0.6365657126979717
student_t,1,outlier10,Core-Norm,KNN,0.5833333333333333,0.5832175604334537
laplace,0,outlier10,No scaling,LogReg,0.5266666666666666,0.5205078564675161
laplace,0,outlier10,No scaling,RBF-SVM,0.5233333333333333,0.5151391855694571
laplace,0,outlier10,No scaling,KNN,0.6133333333333333,0.6133161473843283
laplace,0,outlier10,Z-score,LogReg,0.5266666666666666,0.5205078564675161
laplace,0,outlier10,Z-score,RBF-SVM,0.5166666666666666,0.5083579154375615
laplace,0,outlier10,Z-score,KNN,0.6166666666666667,0.6164578492734933
laplace,0,outlier10,Min-Max,LogReg,0.53,0.5242433444680635
laplace,0,outlier10,Min-Max,RBF-SVM,0.5166666666666666,0.5083579154375615
laplace,0,outlier10,Min-Max,KNN,0.6133333333333333,0.6129032258064516
laplace,0,outlier10,RobustScaler,LogReg,0.5266666666666666,0.5205078564675161
laplace,0,outlier10,RobustScaler,RBF-SVM,0.5133333333333333,0.50539771444058
laplace,0,outlier10,RobustScaler,KNN,0.62,0.6198479391756703
laplace,0,outlier10,Winsorized Z-score,LogReg,0.5266666666666666,0.5189484619901531
laplace,0,outlier10,Winsorized Z-score,RBF-SVM,0.5133333333333333,0.50539771444058
laplace,0,outlier10,Winsorized Z-score,KNN,0.62,0.6198479391756703
laplace,0,outlier10,Yeo-Johnson,LogReg,0.5366666666666666,0.5348007005879137
laplace,0,outlier10,Yeo-Johnson,RBF-SVM,0.5133333333333333,0.50539771444058
laplace,0,outlier10,Yeo-Johnson,KNN,0.6133333333333333,0.6131786047752434
laplace,0,outlier10,Quantile-Normal,LogReg,0.73,0.7296365113096497
laplace,0,outlier10,Quantile-Normal,RBF-SVM,0.7366666666666667,0.7365232181965737
laplace,0,outlier10,Quantile-Normal,KNN,0.7333333333333334,0.732751325108013
laplace,0,outlier10,Core-Norm ablation — residual channel removed,LogReg,0.8,0.7999199679871949
laplace,0,outlier10,Core-Norm ablation — residual channel removed,RBF-SVM,0.77,0.7698747095640961
laplace,0,outlier10,Core-Norm ablation — residual channel removed,KNN,0.7533333333333333,0.7530589543937709
laplace,0,outlier10,Core-Norm,LogReg,0.8033333333333333,0.8033311481238681
laplace,0,outlier10,Core-Norm,RBF-SVM,0.8033333333333333,0.8033311481238681
laplace,0,outlier10,Core-Norm,KNN,0.7433333333333333,0.7428504636484065
laplace,1,outlier10,No scaling,LogReg,0.57,0.5691910365018757
laplace,1,outlier10,No scaling,RBF-SVM,0.5433333333333333,0.5193600823285893
laplace,1,outlier10,No scaling,KNN,0.6133333333333333,0.6130581747020103
laplace,1,outlier10,Z-score,LogReg,0.57,0.5691910365018757
laplace,1,outlier10,Z-score,RBF-SVM,0.5533333333333333,0.5347222222222222
laplace,1,outlier10,Z-score,KNN,0.6233333333333333,0.6232286746318423
laplace,1,outlier10,Min-Max,LogReg,0.5666666666666667,0.565720903300521
laplace,1,outlier10,Min-Max,RBF-SVM,0.55,0.5278344505974935
laplace,1,outlier10,Min-Max,KNN,0.62,0.6198479391756703
laplace,1,outlier10,RobustScaler,LogReg,0.57,0.5691910365018757
laplace,1,outlier10,RobustScaler,RBF-SVM,0.5466666666666666,0.5236093596749335
laplace,1,outlier10,RobustScaler,KNN,0.6066666666666667,0.6062291434927698
laplace,1,outlier10,Winsorized Z-score,LogReg,0.5633333333333332,0.5627454689081988
laplace,1,outlier10,Winsorized Z-score,RBF-SVM,0.5633333333333334,0.5469792855413771
laplace,1,outlier10,Winsorized Z-score,KNN,0.6033333333333333,0.6029760117439029
laplace,1,outlier10,Yeo-Johnson,LogReg,0.5633333333333332,0.5622389306599833
laplace,1,outlier10,Yeo-Johnson,RBF-SVM,0.5533333333333333,0.5359896578789418
laplace,1,outlier10,Yeo-Johnson,KNN,0.6133333333333333,0.6130581747020103
laplace,1,outlier10,Quantile-Normal,LogReg,0.73,0.7299969999666662
laplace,1,outlier10,Quantile-Normal,RBF-SVM,0.7,0.6989160979526294
laplace,1,outlier10,Quantile-Normal,KNN,0.7033333333333334,0.7025898078529658
laplace,1,outlier10,Core-Norm ablation — residual channel removed,LogReg,0.7366666666666666,0.73666374070823
laplace,1,outlier10,Core-Norm ablation — residual channel removed,RBF-SVM,0.73,0.7293233082706767
laplace,1,outlier10,Core-Norm ablation — residual channel removed,KNN,0.7066666666666667,0.7066145092460883
laplace,1,outlier10,Core-Norm,LogReg,0.7866666666666666,0.786628733997155
laplace,1,outlier10,Core-Norm,RBF-SVM,0.7366666666666666,0.7360066833751044
laplace,1,outlier10,Core-Norm,KNN,0.7266666666666667,0.7262286324786325
bimodal,0,outlier10,No scaling,LogReg,0.5,0.4845124633431085
bimodal,0,outlier10,No scaling,RBF-SVM,0.49,0.4793025603793491
bimodal,0,outlier10,No scaling,KNN,0.6233333333333333,0.6232286746318423
bimodal,0,outlier10,Z-score,LogReg,0.5,0.4845124633431085
bimodal,0,outlier10,Z-score,RBF-SVM,0.4833333333333333,0.4714407502131287
bimodal,0,outlier10,Z-score,KNN,0.6133333333333333,0.6133161473843283
bimodal,0,outlier10,Min-Max,LogReg,0.5,0.4845124633431085
bimodal,0,outlier10,Min-Max,RBF-SVM,0.49,0.4793025603793491
bimodal,0,outlier10,Min-Max,KNN,0.6066666666666667,0.6066491844081959
bimodal,0,outlier10,RobustScaler,LogReg,0.5,0.4845124633431085
bimodal,0,outlier10,RobustScaler,RBF-SVM,0.4933333333333333,0.4832041343669251
bimodal,0,outlier10,RobustScaler,KNN,0.6266666666666667,0.6266666666666667
bimodal,0,outlier10,Winsorized Z-score,LogReg,0.51,0.4942138523471459
bimodal,0,outlier10,Winsorized Z-score,RBF-SVM,0.4866666666666666,0.4782962193414337
bimodal,0,outlier10,Winsorized Z-score,KNN,0.6266666666666667,0.6266500733365927
bimodal,0,outlier10,Yeo-Johnson,LogReg,0.4933333333333333,0.4905938603154743
bimodal,0,outlier10,Yeo-Johnson,RBF-SVM,0.49,0.4782608695652174
bimodal,0,outlier10,Yeo-Johnson,KNN,0.5966666666666667,0.5966621851353904
bimodal,0,outlier10,Quantile-Normal,LogReg,0.6666666666666667,0.6661324786324787
bimodal,0,outlier10,Quantile-Normal,RBF-SVM,0.6633333333333333,0.6633295925510283
bimodal,0,outlier10,Quantile-Normal,KNN,0.6633333333333333,0.6630300603876822
bimodal,0,outlier10,Core-Norm ablation — residual channel removed,LogReg,0.64,0.6389730789802104
bimodal,0,outlier10,Core-Norm ablation — residual channel removed,RBF-SVM,0.6466666666666667,0.6466038406827881
bimodal,0,outlier10,Core-Norm ablation — residual channel removed,KNN,0.62,0.6199324324324325
bimodal,0,outlier10,Core-Norm,LogReg,0.7366666666666667,0.7361712549120014
bimodal,0,outlier10,Core-Norm,RBF-SVM,0.6833333333333333,0.6833298147757197
bimodal,0,outlier10,Core-Norm,KNN,0.6166666666666667,0.6163213558869649
bimodal,1,outlier10,No scaling,LogReg,0.6499999999999999,0.6491228070175439
bimodal,1,outlier10,No scaling,RBF-SVM,0.6366666666666667,0.635983123865926
bimodal,1,outlier10,No scaling,KNN,0.6166666666666667,0.6163213558869649
bimodal,1,outlier10,Z-score,LogReg,0.6499999999999999,0.6491228070175439
bimodal,1,outlier10,Z-score,RBF-SVM,0.6366666666666667,0.6366303296996366
bimodal,1,outlier10,Z-score,KNN,0.6166666666666667,0.6164578492734933
bimodal,1,outlier10,Min-Max,LogReg,0.65,0.649341541338736
bimodal,1,outlier10,Min-Max,RBF-SVM,0.64,0.639599555061179
bimodal,1,outlier10,Min-Max,KNN,0.62,0.6197295854830102
bimodal,1,outlier10,RobustScaler,LogReg,0.6499999999999999,0.6491228070175439
bimodal,1,outlier10,RobustScaler,RBF-SVM,0.6466666666666667,0.6464152286070095
bimodal,1,outlier10,RobustScaler,KNN,0.6100000000000001,0.6098916365657128
bimodal,1,outlier10,Winsorized Z-score,LogReg,0.64,0.6389730789802104
bimodal,1,outlier10,Winsorized Z-score,RBF-SVM,0.6433333333333333,0.6432342317310364
bimodal,1,outlier10,Winsorized Z-score,KNN,0.63,0.6296667000300271
bimodal,1,outlier10,Yeo-Johnson,LogReg,0.6433333333333333,0.6421843475159121
bimodal,1,outlier10,Yeo-Johnson,RBF-SVM,0.6399999999999999,0.6399839992888572
bimodal,1,outlier10,Yeo-Johnson,KNN,0.6233333333333333,0.622826244172721
bimodal,1,outlier10,Quantile-Normal,LogReg,0.7766666666666666,0.7766046123923311
bimodal,1,outlier10,Quantile-Normal,RBF-SVM,0.7833333333333333,0.7833309258991767
bimodal,1,outlier10,Quantile-Normal,KNN,0.7733333333333333,0.7733333333333333
bimodal,1,outlier10,Core-Norm ablation — residual channel removed,LogReg,0.7733333333333333,0.7732426303854876
bimodal,1,outlier10,Core-Norm ablation — residual channel removed,RBF-SVM,0.7866666666666666,0.786628733997155
bimodal,1,outlier10,Core-Norm ablation — residual channel removed,KNN,0.77,0.7699769976997699
bimodal,1,outlier10,Core-Norm,LogReg,0.8033333333333333,0.8033136646998034
bimodal,1,outlier10,Core-Norm,RBF-SVM,0.7866666666666666,0.786628733997155
bimodal,1,outlier10,Core-Norm,KNN,0.7733333333333333,0.7732930298719772
zero_inflated,0,outlier10,No scaling,LogReg,0.54,0.5347059881316311
zero_inflated,0,outlier10,No scaling,RBF-SVM,0.4866666666666666,0.4782962193414337
zero_inflated,0,outlier10,No scaling,KNN,0.5700000000000001,0.5696126513862476
zero_inflated,0,outlier10,Z-score,LogReg,0.54,0.5347059881316311
zero_inflated,0,outlier10,Z-score,RBF-SVM,0.4966666666666667,0.4880141050418743
zero_inflated,0,outlier10,Z-score,KNN,0.5833333333333333,0.5827723939963729
zero_inflated,0,outlier10,Min-Max,LogReg,0.5333333333333333,0.5279625966552778
zero_inflated,0,outlier10,Min-Max,RBF-SVM,0.4966666666666667,0.4880141050418743
zero_inflated,0,outlier10,Min-Max,KNN,0.5833333333333333,0.5829579955293097
zero_inflated,0,outlier10,RobustScaler,LogReg,0.54,0.5347059881316311
zero_inflated,0,outlier10,RobustScaler,RBF-SVM,0.4866666666666666,0.4782962193414337
zero_inflated,0,outlier10,RobustScaler,KNN,0.5700000000000001,0.5696126513862476
zero_inflated,0,outlier10,Winsorized Z-score,LogReg,0.5433333333333333,0.5377399871781894
zero_inflated,0,outlier10,Winsorized Z-score,RBF-SVM,0.4833333333333333,0.4753528675068542
zero_inflated,0,outlier10,Winsorized Z-score,KNN,0.5633333333333332,0.5627454689081988
zero_inflated,0,outlier10,Yeo-Johnson,LogReg,0.54,0.5375128468653648
zero_inflated,0,outlier10,Yeo-Johnson,RBF-SVM,0.4833333333333333,0.4734994734994734
zero_inflated,0,outlier10,Yeo-Johnson,KNN,0.5733333333333333,0.5724021201728208
zero_inflated,0,outlier10,Quantile-Normal,LogReg,0.5866666666666667,0.5866666666666667
zero_inflated,0,outlier10,Quantile-Normal,RBF-SVM,0.54,0.5365187407639604
zero_inflated,0,outlier10,Quantile-Normal,KNN,0.5066666666666666,0.5064692543684141
zero_inflated,0,outlier10,Core-Norm ablation — residual channel removed,LogReg,0.5366666666666666,0.5366203286995366
zero_inflated,0,outlier10,Core-Norm ablation — residual channel removed,RBF-SVM,0.5700000000000001,0.5669930069930069
zero_inflated,0,outlier10,Core-Norm ablation — residual channel removed,KNN,0.56,0.5580357142857143
zero_inflated,0,outlier10,Core-Norm,LogReg,0.62,0.6195773081201335
zero_inflated,0,outlier10,Core-Norm,RBF-SVM,0.6033333333333333,0.6005594405594405
zero_inflated,0,outlier10,Core-Norm,KNN,0.55,0.5493941855160827
zero_inflated,1,outlier10,No scaling,LogReg,0.5466666666666666,0.5466666666666666
zero_inflated,1,outlier10,No scaling,RBF-SVM,0.5133333333333334,0.4853113983548766
zero_inflated,1,outlier10,No scaling,KNN,0.5966666666666667,0.595655806182122
zero_inflated,1,outlier10,Z-score,LogReg,0.5466666666666666,0.5466666666666666
zero_inflated,1,outlier10,Z-score,RBF-SVM,0.52,0.4923619271445358
zero_inflated,1,outlier10,Z-score,KNN,0.6,0.5982142857142857
zero_inflated,1,outlier10,Min-Max,LogReg,0.54,0.5399795546468732
zero_inflated,1,outlier10,Min-Max,RBF-SVM,0.5133333333333333,0.4835880022637238
zero_inflated,1,outlier10,Min-Max,KNN,0.6100000000000001,0.6090225563909775
zero_inflated,1,outlier10,RobustScaler,LogReg,0.5466666666666666,0.5466666666666666
zero_inflated,1,outlier10,RobustScaler,RBF-SVM,0.5133333333333334,0.4853113983548766
zero_inflated,1,outlier10,RobustScaler,KNN,0.5966666666666667,0.595655806182122
zero_inflated,1,outlier10,Winsorized Z-score,LogReg,0.5566666666666666,0.5565434843011947
zero_inflated,1,outlier10,Winsorized Z-score,RBF-SVM,0.52,0.4923619271445358
zero_inflated,1,outlier10,Winsorized Z-score,KNN,0.6133333333333333,0.6122303440898555
zero_inflated,1,outlier10,Yeo-Johnson,LogReg,0.5566666666666666,0.5566223288995567
zero_inflated,1,outlier10,Yeo-Johnson,RBF-SVM,0.5166666666666667,0.4896702213775384
zero_inflated,1,outlier10,Yeo-Johnson,KNN,0.6066666666666667,0.6052455506490031
zero_inflated,1,outlier10,Quantile-Normal,LogReg,0.7366666666666667,0.7364294531745237
zero_inflated,1,outlier10,Quantile-Normal,RBF-SVM,0.7033333333333334,0.703250903028619
zero_inflated,1,outlier10,Quantile-Normal,KNN,0.71,0.7094544199663814
zero_inflated,1,outlier10,Core-Norm ablation — residual channel removed,LogReg,0.6966666666666667,0.6966363302996966
zero_inflated,1,outlier10,Core-Norm ablation — residual channel removed,RBF-SVM,0.6933333333333334,0.692664023874215
zero_inflated,1,outlier10,Core-Norm ablation — residual channel removed,KNN,0.6366666666666667,0.6361775275648371
zero_inflated,1,outlier10,Core-Norm,LogReg,0.7666666666666666,0.7665006226650062
zero_inflated,1,outlier10,Core-Norm,RBF-SVM,0.7233333333333334,0.7230841090314617
zero_inflated,1,outlier10,Core-Norm,KNN,0.6133333333333333,0.6130581747020103
bounded_beta,0,outlier10,No scaling,LogReg,0.5366666666666666,0.5269480777302583
bounded_beta,0,outlier10,No scaling,RBF-SVM,0.4966666666666666,0.485080988917306
bounded_beta,0,outlier10,No scaling,KNN,0.61,0.6096486838154338
bounded_beta,0,outlier10,Z-score,LogReg,0.5366666666666666,0.5269480777302583
bounded_beta,0,outlier10,Z-score,RBF-SVM,0.49,0.4748223663886314
bounded_beta,0,outlier10,Z-score,KNN,0.63,0.6295018858687791
bounded_beta,0,outlier10,Min-Max,LogReg,0.5433333333333333,0.5337545802089596
bounded_beta,0,outlier10,Min-Max,RBF-SVM,0.48,0.4638929618768328
bounded_beta,0,outlier10,Min-Max,KNN,0.6166666666666667,0.6163213558869649
bounded_beta,0,outlier10,RobustScaler,LogReg,0.5366666666666666,0.5269480777302583
bounded_beta,0,outlier10,RobustScaler,RBF-SVM,0.4866666666666666,0.4731800766283525
bounded_beta,0,outlier10,RobustScaler,KNN,0.6133333333333333,0.6132645803698435
bounded_beta,0,outlier10,Winsorized Z-score,LogReg,0.5333333333333333,0.5230741279069768
bounded_beta,0,outlier10,Winsorized Z-score,RBF-SVM,0.4833333333333333,0.4691720225116725
bounded_beta,0,outlier10,Winsorized Z-score,KNN,0.6166666666666667,0.6163213558869649
bounded_beta,0,outlier10,Yeo-Johnson,LogReg,0.5566666666666666,0.5490455362289357
bounded_beta,0,outlier10,Yeo-Johnson,RBF-SVM,0.49,0.4782608695652174
bounded_beta,0,outlier10,Yeo-Johnson,KNN,0.63,0.6297984458205023
bounded_beta,0,outlier10,Quantile-Normal,LogReg,0.7166666666666667,0.7162852279175336
bounded_beta,0,outlier10,Quantile-Normal,RBF-SVM,0.7066666666666667,0.7066145092460883
bounded_beta,0,outlier10,Quantile-Normal,KNN,0.7,0.6991442324835087
bounded_beta,0,outlier10,Core-Norm ablation — residual channel removed,LogReg,0.7133333333333334,0.7131293364170077
bounded_beta,0,outlier10,Core-Norm ablation — residual channel removed,RBF-SVM,0.71,0.7099194220616838
bounded_beta,0,outlier10,Core-Norm ablation — residual channel removed,KNN,0.71,0.7098420251025559
bounded_beta,0,outlier10,Core-Norm,LogReg,0.7733333333333334,0.7733232588115027
bounded_beta,0,outlier10,Core-Norm,RBF-SVM,0.7366666666666666,0.7365934981939428
bounded_beta,0,outlier10,Core-Norm,KNN,0.7033333333333334,0.7033300370004111
bounded_beta,1,outlier10,No scaling,LogReg,0.5266666666666666,0.5263298345490126
bounded_beta,1,outlier10,No scaling,RBF-SVM,0.52,0.4906621392190152
bounded_beta,1,outlier10,No scaling,KNN,0.63,0.6297984458205023
bounded_beta,1,outlier10,Z-score,LogReg,0.5266666666666666,0.5263298345490126
bounded_beta,1,outlier10,Z-score,RBF-SVM,0.5266666666666666,0.5010307346326837
bounded_beta,1,outlier10,Z-score,KNN,0.6033333333333333,0.6025870801839008
bounded_beta,1,outlier10,Min-Max,LogReg,0.5266666666666666,0.5263298345490126
bounded_beta,1,outlier10,Min-Max,RBF-SVM,0.53,0.500419269879888
bounded_beta,1,outlier10,Min-Max,KNN,0.6066666666666667,0.6062291434927698
bounded_beta,1,outlier10,RobustScaler,LogReg,0.5266666666666666,0.5263298345490126
bounded_beta,1,outlier10,RobustScaler,RBF-SVM,0.5333333333333333,0.5030997113245942
bounded_beta,1,outlier10,RobustScaler,KNN,0.6133333333333333,0.6130581747020103
bounded_beta,1,outlier10,Winsorized Z-score,LogReg,0.52,0.5196584237680129
bounded_beta,1,outlier10,Winsorized Z-score,RBF-SVM,0.5333333333333333,0.5095978702536079
bounded_beta,1,outlier10,Winsorized Z-score,KNN,0.61,0.609474960780605
bounded_beta,1,outlier10,Yeo-Johnson,LogReg,0.5233333333333333,0.5230736734444308
bounded_beta,1,outlier10,Yeo-Johnson,RBF-SVM,0.52,0.4940029985007496
bounded_beta,1,outlier10,Yeo-Johnson,KNN,0.62,0.6191706382789185
bounded_beta,1,outlier10,Quantile-Normal,LogReg,0.72,0.72
bounded_beta,1,outlier10,Quantile-Normal,RBF-SVM,0.7,0.699666295884316
bounded_beta,1,outlier10,Quantile-Normal,KNN,0.6933333333333334,0.6932106175803654
bounded_beta,1,outlier10,Core-Norm ablation — residual channel removed,LogReg,0.73,0.7298529199230692
bounded_beta,1,outlier10,Core-Norm ablation — residual channel removed,RBF-SVM,0.7333333333333334,0.732905982905983
bounded_beta,1,outlier10,Core-Norm ablation — residual channel removed,KNN,0.7166666666666666,0.7165879410947485
bounded_beta,1,outlier10,Core-Norm,LogReg,0.7933333333333333,0.7933241477398996
bounded_beta,1,outlier10,Core-Norm,RBF-SVM,0.78,0.7799608819345661
bounded_beta,1,outlier10,Core-Norm,KNN,0.77,0.7699769976997699
mixed,0,outlier10,No scaling,LogReg,0.53,0.5291157840834456
mixed,0,outlier10,No scaling,RBF-SVM,0.52,0.5157819225251077
mixed,0,outlier10,No scaling,KNN,0.5733333333333334,0.5733333333333334
mixed,0,outlier10,Z-score,LogReg,0.53,0.5291157840834456
mixed,0,outlier10,Z-score,RBF-SVM,0.49,0.4899943332703697
mixed,0,outlier10,Z-score,KNN,0.5066666666666666,0.5058760683760684
mixed,0,outlier10,Min-Max,LogReg,0.52,0.5192307692307692
mixed,0,outlier10,Min-Max,RBF-SVM,0.5233333333333334,0.523200889135871
mixed,0,outlier10,Min-Max,KNN,0.5066666666666667,0.5034889962426194
mixed,0,outlier10,RobustScaler,LogReg,0.53,0.5291157840834456
mixed,0,outlier10,RobustScaler,RBF-SVM,0.4966666666666667,0.4966610740119335
mixed,0,outlier10,RobustScaler,KNN,0.5033333333333333,0.5020885547201337
mixed,0,outlier10,Winsorized Z-score,LogReg,0.52,0.5192307692307692
mixed,0,outlier10,Winsorized Z-score,RBF-SVM,0.5166666666666667,0.5157573666106355
mixed,0,outlier10,Winsorized Z-score,KNN,0.5166666666666666,0.5147201552895503
mixed,0,outlier10,Yeo-Johnson,LogReg,0.5333333333333333,0.5320021394187913
mixed,0,outlier10,Yeo-Johnson,RBF-SVM,0.49,0.4899489948994899
mixed,0,outlier10,Yeo-Johnson,KNN,0.4966666666666667,0.4959890519476184
mixed,0,outlier10,Quantile-Normal,LogReg,0.71,0.7097387648883995
mixed,0,outlier10,Quantile-Normal,RBF-SVM,0.6699999999999999,0.6699963332925921
mixed,0,outlier10,Quantile-Normal,KNN,0.6833333333333333,0.6823132057384267
mixed,0,outlier10,Core-Norm ablation — residual channel removed,LogReg,0.7433333333333333,0.7433076640997434
mixed,0,outlier10,Core-Norm ablation — residual channel removed,RBF-SVM,0.71,0.7094544199663814
mixed,0,outlier10,Core-Norm ablation — residual channel removed,KNN,0.6533333333333333,0.6527777777777777
mixed,0,outlier10,Core-Norm,LogReg,0.8,0.7997775305895439
mixed,0,outlier10,Core-Norm,RBF-SVM,0.7366666666666666,0.7365934981939428
mixed,0,outlier10,Core-Norm,KNN,0.6266666666666667,0.6258518551512182
mixed,1,outlier10,No scaling,LogReg,0.6000000000000001,0.5985547972701726
mixed,1,outlier10,No scaling,RBF-SVM,0.5833333333333334,0.5761706167565185
mixed,1,outlier10,No scaling,KNN,0.5933333333333333,0.5932610241820768
mixed,1,outlier10,Z-score,LogReg,0.5966666666666667,0.5953673462563119
mixed,1,outlier10,Z-score,RBF-SVM,0.6,0.5876099706744868
mixed,1,outlier10,Z-score,KNN,0.61,0.6068152031454783
mixed,1,outlier10,Min-Max,LogReg,0.5866666666666667,0.5857645539174201
mixed,1,outlier10,Min-Max,RBF-SVM,0.5766666666666667,0.563028294204677
mixed,1,outlier10,Min-Max,KNN,0.56,0.5555555555555556
mixed,1,outlier10,RobustScaler,LogReg,0.6000000000000001,0.5985547972701726
mixed,1,outlier10,RobustScaler,RBF-SVM,0.5566666666666666,0.5566617406860076
mixed,1,outlier10,RobustScaler,KNN,0.5833333333333334,0.579930772591323
mixed,1,outlier10,Winsorized Z-score,LogReg,0.6166666666666667,0.6147790841791445
mixed,1,outlier10,Winsorized Z-score,RBF-SVM,0.6166666666666667,0.6144001967117837
mixed,1,outlier10,Winsorized Z-score,KNN,0.6166666666666667,0.6151228817813674
mixed,1,outlier10,Yeo-Johnson,LogReg,0.6000000000000001,0.5985547972701726
mixed,1,outlier10,Yeo-Johnson,RBF-SVM,0.5966666666666667,0.5836726267619365
mixed,1,outlier10,Yeo-Johnson,KNN,0.6,0.5969728180556177
mixed,1,outlier10,Quantile-Normal,LogReg,0.6833333333333333,0.6833016634996834
mixed,1,outlier10,Quantile-Normal,RBF-SVM,0.6866666666666666,0.6866109530583215
mixed,1,outlier10,Quantile-Normal,KNN,0.71,0.7085720028137876
mixed,1,outlier10,Core-Norm ablation — residual channel removed,LogReg,0.6966666666666667,0.6966632962588473
mixed,1,outlier10,Core-Norm ablation — residual channel removed,RBF-SVM,0.69,0.6899689968996899
mixed,1,outlier10,Core-Norm ablation — residual channel removed,KNN,0.6966666666666667,0.6954450629748212
mixed,1,outlier10,Core-Norm,LogReg,0.6833333333333333,0.6830480766022754
mixed,1,outlier10,Core-Norm,RBF-SVM,0.6933333333333334,0.6931151040740082
mixed,1,outlier10,Core-Norm,KNN,0.6766666666666666,0.6756250627013409
heteroscedastic,0,outlier10,No scaling,LogReg,0.5433333333333333,0.5362796312802518
heteroscedastic,0,outlier10,No scaling,RBF-SVM,0.5333333333333333,0.4976076555023923
heteroscedastic,0,outlier10,No scaling,KNN,0.62,0.6195773081201335
heteroscedastic,0,outlier10,Z-score,LogReg,0.54,0.5332792207792207
heteroscedastic,0,outlier10,Z-score,RBF-SVM,0.5066666666666666,0.4958212209302325
heteroscedastic,0,outlier10,Z-score,KNN,0.6233333333333333,0.6231281475469979
heteroscedastic,0,outlier10,Min-Max,LogReg,0.5366666666666666,0.5287017258332486
heteroscedastic,0,outlier10,Min-Max,RBF-SVM,0.5033333333333333,0.4929155653367517
heteroscedastic,0,outlier10,Min-Max,KNN,0.6299999999999999,0.6298971936649069
heteroscedastic,0,outlier10,RobustScaler,LogReg,0.54,0.5332792207792207
heteroscedastic,0,outlier10,RobustScaler,RBF-SVM,0.5133333333333333,0.5026344476744187
heteroscedastic,0,outlier10,RobustScaler,KNN,0.6266666666666667,0.6260683760683761
heteroscedastic,0,outlier10,Winsorized Z-score,LogReg,0.5433333333333333,0.5354829959651443
heteroscedastic,0,outlier10,Winsorized Z-score,RBF-SVM,0.5033333333333333,0.4938801390414293
heteroscedastic,0,outlier10,Winsorized Z-score,KNN,0.62,0.6195773081201335
heteroscedastic,0,outlier10,Yeo-Johnson,LogReg,0.55,0.5468531468531468
heteroscedastic,0,outlier10,Yeo-Johnson,RBF-SVM,0.52,0.5104039167686658
heteroscedastic,0,outlier10,Yeo-Johnson,KNN,0.6366666666666667,0.636339372101558
heteroscedastic,0,outlier10,Quantile-Normal,LogReg,0.7033333333333334,0.7025898078529658
heteroscedastic,0,outlier10,Quantile-Normal,RBF-SVM,0.6933333333333334,0.6928418803418803
heteroscedastic,0,outlier10,Quantile-Normal,KNN,0.6733333333333333,0.6726203732573159
heteroscedastic,0,outlier10,Core-Norm ablation — residual channel removed,LogReg,0.7033333333333334,0.7027752112299763
heteroscedastic,0,outlier10,Core-Norm ablation — residual channel removed,RBF-SVM,0.7166666666666667,0.7166383304997166
heteroscedastic,0,outlier10,Core-Norm ablation — residual channel removed,KNN,0.6433333333333333,0.6408391608391608
heteroscedastic,0,outlier10,Core-Norm,LogReg,0.75,0.74997499749975
heteroscedastic,0,outlier10,Core-Norm,RBF-SVM,0.72,0.7198879551820728
heteroscedastic,0,outlier10,Core-Norm,KNN,0.6833333333333333,0.6811188811188811
heteroscedastic,1,outlier10,No scaling,LogReg,0.5800000000000001,0.5797011207970113
heteroscedastic,1,outlier10,No scaling,RBF-SVM,0.63,0.62996299629963
heteroscedastic,1,outlier10,No scaling,KNN,0.6533333333333333,0.6529477196885428
heteroscedastic,1,outlier10,Z-score,LogReg,0.5800000000000001,0.5797011207970113
heteroscedastic,1,outlier10,Z-score,RBF-SVM,0.5233333333333333,0.4950505537965372
heteroscedastic,1,outlier10,Z-score,KNN,0.6233333333333333,0.622624706393116
heteroscedastic,1,outlier10,Min-Max,LogReg,0.5700000000000001,0.5697657613589622
heteroscedastic,1,outlier10,Min-Max,RBF-SVM,0.52,0.4906621392190152
heteroscedastic,1,outlier10,Min-Max,KNN,0.62,0.6195773081201335
heteroscedastic,1,outlier10,RobustScaler,LogReg,0.5800000000000001,0.5797011207970113
heteroscedastic,1,outlier10,RobustScaler,RBF-SVM,0.5166666666666666,0.4862467668977571
heteroscedastic,1,outlier10,RobustScaler,KNN,0.61,0.609474960780605
heteroscedastic,1,outlier10,Winsorized Z-score,LogReg,0.5800000000000001,0.5798319327731092
heteroscedastic,1,outlier10,Winsorized Z-score,RBF-SVM,0.5066666666666667,0.4765138653084323
heteroscedastic,1,outlier10,Winsorized Z-score,KNN,0.62,0.6191706382789185
heteroscedastic,1,outlier10,Yeo-Johnson,LogReg,0.5800000000000001,0.5798319327731092
heteroscedastic,1,outlier10,Yeo-Johnson,RBF-SVM,0.52,0.4940029985007496
heteroscedastic,1,outlier10,Yeo-Johnson,KNN,0.6166666666666667,0.6161506024766631
heteroscedastic,1,outlier10,Quantile-Normal,LogReg,0.7633333333333334,0.7633307036744853
heteroscedastic,1,outlier10,Quantile-Normal,RBF-SVM,0.7766666666666666,0.7766046123923311
heteroscedastic,1,outlier10,Quantile-Normal,KNN,0.7333333333333334,0.7332859174964438
heteroscedastic,1,outlier10,Core-Norm ablation — residual channel removed,LogReg,0.7666666666666667,0.7666666666666667
heteroscedastic,1,outlier10,Core-Norm ablation — residual channel removed,RBF-SVM,0.7666666666666666,0.7666251778093883
heteroscedastic,1,outlier10,Core-Norm ablation — residual channel removed,KNN,0.7366666666666666,0.73666374070823
heteroscedastic,1,outlier10,Core-Norm,LogReg,0.8133333333333334,0.8133001422475107
heteroscedastic,1,outlier10,Core-Norm,RBF-SVM,0.8133333333333332,0.8133250366682965
heteroscedastic,1,outlier10,Core-Norm,KNN,0.7566666666666666,0.756599055293137
breast,0,outlier10,No scaling,LogReg,0.5329293224299065,0.4904214559386973
breast,0,outlier10,No scaling,RBF-SVM,0.7422605140186915,0.756875330056465
breast,0,outlier10,No scaling,KNN,0.8156396028037383,0.8359449952030701
breast,0,outlier10,Z-score,LogReg,0.5673919392523364,0.5554655870445344
breast,0,outlier10,Z-score,RBF-SVM,0.5781980140186915,0.5508442776735459
breast,0,outlier10,Z-score,KNN,0.6080607476635513,0.6083182640144665
breast,0,outlier10,Min-Max,LogReg,0.5391355140186915,0.4888017642734624
breast,0,outlier10,Min-Max,RBF-SVM,0.579731308411215,0.5473359965346296
breast,0,outlier10,Min-Max,KNN,0.6127336448598131,0.6131221719457014
breast,0,outlier10,RobustScaler,LogReg,0.5673919392523364,0.5554655870445344
breast,0,outlier10,RobustScaler,RBF-SVM,0.579731308411215,0.5473359965346296
breast,0,outlier10,RobustScaler,KNN,0.6205461448598131,0.6220614828209765
breast,0,outlier10,Winsorized Z-score,LogReg,0.5752044392523364,0.5655487804878049
breast,0,outlier10,Winsorized Z-score,RBF-SVM,0.5641793224299065,0.5381551842526895
breast,0,outlier10,Winsorized Z-score,KNN,0.6298919392523364,0.6318397855140756
breast,0,outlier10,Yeo-Johnson,LogReg,0.5689252336448598,0.5539130434782609
breast,0,outlier10,Yeo-Johnson,RBF-SVM,0.6125876168224299,0.6021832498210451
breast,0,outlier10,Yeo-Johnson,KNN,0.6220794392523364,0.6227941176470588
breast,0,outlier10,Quantile-Normal,LogReg,0.9126022196261684,0.9126022196261684
breast,0,outlier10,Quantile-Normal,RBF-SVM,0.9188084112149532,0.92408996744599
breast,0,outlier10,Quantile-Normal,KNN,0.9219480140186916,0.9246031746031746
breast,0,outlier10,Core-Norm ablation — residual channel removed,LogReg,0.9375730140186916,0.9375730140186916
breast,0,outlier10,Core-Norm ablation — residual channel removed,RBF-SVM,0.931293808411215,0.936741639538325
breast,0,outlier10,Core-Norm ablation — residual channel removed,KNN,0.946918808411215,0.9497354497354498
breast,0,outlier10,Core-Norm,LogReg,0.939106308411215,0.94326267281106
breast,0,outlier10,Core-Norm,RBF-SVM,0.9515917056074766,0.9558709677419356
breast,0,outlier10,Core-Norm,KNN,0.939106308411215,0.94326267281106
breast,1,outlier10,No scaling,LogReg,0.5004380841121495,0.4954968944099379
breast,1,outlier10,No scaling,RBF-SVM,0.829731308411215,0.8466128466128466
breast,1,outlier10,No scaling,KNN,0.8454293224299065,0.8529224785909277
breast,1,outlier10,Z-score,LogReg,0.5379672897196262,0.5378378378378379
breast,1,outlier10,Z-score,RBF-SVM,0.5924357476635513,0.5901612706666125
breast,1,outlier10,Z-score,KNN,0.6314982476635513,0.6346153846153846
breast,1,outlier10,Min-Max,LogReg,0.5143107476635513,0.4904780411970462
breast,1,outlier10,Min-Max,RBF-SVM,0.5814836448598131,0.5760330578512397
breast,1,outlier10,Min-Max,KNN,0.6346378504672897,0.638166144200627
breast,1,outlier10,RobustScaler,LogReg,0.5379672897196262,0.5378378378378379
breast,1,outlier10,RobustScaler,RBF-SVM,0.5892961448598131,0.5855141530750585
breast,1,outlier10,RobustScaler,KNN,0.6065274532710281,0.6075498575498576
breast,1,outlier10,Winsorized Z-score,LogReg,0.5254818925233644,0.525
breast,1,outlier10,Winsorized Z-score,RBF-SVM,0.5892961448598131,0.5855141530750585
breast,1,outlier10,Winsorized Z-score,KNN,0.6174065420560748,0.6179469472315879
breast,1,outlier10,Yeo-Johnson,LogReg,0.5489193925233644,0.5492816572001337
breast,1,outlier10,Yeo-Johnson,RBF-SVM,0.5970356308411215,0.5892244337680165
breast,1,outlier10,Yeo-Johnson,KNN,0.6501898364485981,0.6545733678086619
breast,1,outlier10,Quantile-Normal,LogReg,0.8860251168224299,0.8920815235549615
breast,1,outlier10,Quantile-Normal,RBF-SVM,0.8689398364485981,0.8642857142857143
breast,1,outlier10,Quantile-Normal,KNN,0.8938376168224299,0.89878662326132
breast,1,outlier10,Core-Norm ablation — residual channel removed,LogReg,0.915668808411215,0.9235469448584204
breast,1,outlier10,Core-Norm ablation — residual channel removed,RBF-SVM,0.907856308411215,0.9168692270296548
breast,1,outlier10,Core-Norm ablation — residual channel removed,KNN,0.892231308411215,0.9033425029204508
breast,1,outlier10,Core-Norm,LogReg,0.9281542056074766,0.9362891207153504
breast,1,outlier10,Core-Norm,RBF-SVM,0.9125292056074766,0.922972972972973
breast,1,outlier10,Core-Norm,KNN,0.900043808411215,0.9101351351351352
wine,0,outlier10,No scaling,LogReg,0.4386243386243386,0.4333333333333333
wine,0,outlier10,No scaling,RBF-SVM,0.5396825396825397,0.4685792349726775
wine,0,outlier10,No scaling,KNN,0.602116402116402,0.5908029768899334
wine,0,outlier10,Z-score,LogReg,0.3656084656084656,0.3549772306200543
wine,0,outlier10,Z-score,RBF-SVM,0.3285714285714285,0.3163379830046496
wine,0,outlier10,Z-score,KNN,0.4571428571428571,0.4530797101449275
wine,0,outlier10,Min-Max,LogReg,0.3132275132275132,0.2565134461003165
wine,0,outlier10,Min-Max,RBF-SVM,0.3248677248677248,0.3055918663761801
wine,0,outlier10,Min-Max,KNN,0.4571428571428571,0.4534829359513792
wine,0,outlier10,RobustScaler,LogReg,0.3656084656084656,0.3549772306200543
wine,0,outlier10,RobustScaler,RBF-SVM,0.3037037037037036,0.2734201094133182
wine,0,outlier10,RobustScaler,KNN,0.4349206349206349,0.4322463768115942
wine,0,outlier10,Winsorized Z-score,LogReg,0.4343915343915344,0.425036075036075
wine,0,outlier10,Winsorized Z-score,RBF-SVM,0.3222222222222222,0.2956111078586343
wine,0,outlier10,Winsorized Z-score,KNN,0.4952380952380952,0.4884057971014492
wine,0,outlier10,Yeo-Johnson,LogReg,0.4248677248677248,0.4213151927437641
wine,0,outlier10,Yeo-Johnson,RBF-SVM,0.3153439153439153,0.3079322638146167
wine,0,outlier10,Yeo-Johnson,KNN,0.4285714285714285,0.4246031746031746
wine,0,outlier10,Quantile-Normal,LogReg,0.8142857142857144,0.8159736090770573
wine,0,outlier10,Quantile-Normal,RBF-SVM,0.8904761904761905,0.8913990402362494
wine,0,outlier10,Quantile-Normal,KNN,0.8656084656084656,0.8685475444096133
wine,0,outlier10,Core-Norm ablation — residual channel removed,LogReg,0.8153439153439154,0.8181818181818182
wine,0,outlier10,Core-Norm ablation — residual channel removed,RBF-SVM,0.8534391534391533,0.8533900836320192
wine,0,outlier10,Core-Norm ablation — residual channel removed,KNN,0.9063492063492063,0.9069029162052415
wine,0,outlier10,Core-Norm,LogReg,0.9275132275132276,0.9263605068483116
wine,0,outlier10,Core-Norm,RBF-SVM,0.8534391534391533,0.8573067632850243
wine,0,outlier10,Core-Norm,KNN,0.8841269841269841,0.8867058718702664
wine,1,outlier10,No scaling,LogReg,0.3264550264550265,0.3014125056230319
wine,1,outlier10,No scaling,RBF-SVM,0.5740740740740741,0.4999143982194829
wine,1,outlier10,No scaling,KNN,0.5740740740740741,0.5746827884758919
wine,1,outlier10,Z-score,LogReg,0.3460317460317459,0.3321297005507532
wine,1,outlier10,Z-score,RBF-SVM,0.3529100529100529,0.3148148148148148
wine,1,outlier10,Z-score,KNN,0.5074074074074074,0.5091490299823632
wine,1,outlier10,Min-Max,LogReg,0.3597883597883597,0.2827380952380952
wine,1,outlier10,Min-Max,RBF-SVM,0.3661375661375661,0.3143479614067849
wine,1,outlier10,Min-Max,KNN,0.525925925925926,0.5289001122334457
wine,1,outlier10,RobustScaler,LogReg,0.3460317460317459,0.3321297005507532
wine,1,outlier10,RobustScaler,RBF-SVM,0.3687830687830687,0.325190185363763
wine,1,outlier10,RobustScaler,KNN,0.4888888888888889,0.4885384309040223
wine,1,outlier10,Winsorized Z-score,LogReg,0.3460317460317459,0.3316239316239316
wine,1,outlier10,Winsorized Z-score,RBF-SVM,0.3661375661375661,0.3143479614067849
wine,1,outlier10,Winsorized Z-score,KNN,0.5417989417989418,0.5461538461538461
wine,1,outlier10,Yeo-Johnson,LogReg,0.3433862433862434,0.3259259259259259
wine,1,outlier10,Yeo-Johnson,RBF-SVM,0.3407407407407407,0.3176850171405525
wine,1,outlier10,Yeo-Johnson,KNN,0.525925925925926,0.5307943690296631
wine,1,outlier10,Quantile-Normal,LogReg,0.8962962962962964,0.9054060271451576
wine,1,outlier10,Quantile-Normal,RBF-SVM,0.8645502645502644,0.8698893698893699
wine,1,outlier10,Quantile-Normal,KNN,0.870899470899471,0.8768818652539583
wine,1,outlier10,Core-Norm ablation — residual channel removed,LogReg,0.9026455026455028,0.9105820105820106
wine,1,outlier10,Core-Norm ablation — residual channel removed,RBF-SVM,0.9222222222222222,0.9292172095770296
wine,1,outlier10,Core-Norm ablation — residual channel removed,KNN,0.8550264550264549,0.8600668337510443
wine,1,outlier10,Core-Norm,LogReg,0.9629629629629628,0.96524064171123
wine,1,outlier10,Core-Norm,RBF-SVM,0.9222222222222222,0.9292172095770296
wine,1,outlier10,Core-Norm,KNN,0.8328042328042328,0.8405639421551294
iris,0,outlier10,No scaling,LogReg,0.5555555555555555,0.5553571428571429
iris,0,outlier10,No scaling,RBF-SVM,0.5111111111111111,0.4460987041632203
iris,0,outlier10,No scaling,KNN,0.7333333333333334,0.7331603015696452
iris,0,outlier10,Z-score,LogReg,0.5555555555555555,0.5553571428571429
iris,0,outlier10,Z-score,RBF-SVM,0.5111111111111111,0.4913920817369093
iris,0,outlier10,Z-score,KNN,0.6666666666666666,0.6675255778704056
iris,0,outlier10,Min-Max,LogReg,0.6,0.5814814814814815
iris,0,outlier10,Min-Max,RBF-SVM,0.5111111111111111,0.4851851851851851
iris,0,outlier10,Min-Max,KNN,0.6666666666666666,0.6675255778704056
iris,0,outlier10,RobustScaler,LogReg,0.5555555555555555,0.5553571428571429
iris,0,outlier10,RobustScaler,RBF-SVM,0.5111111111111111,0.4913920817369093
iris,0,outlier10,RobustScaler,KNN,0.6444444444444444,0.6464828587884707
iris,0,outlier10,Winsorized Z-score,LogReg,0.5555555555555555,0.5553571428571429
iris,0,outlier10,Winsorized Z-score,RBF-SVM,0.5111111111111111,0.4913920817369093
iris,0,outlier10,Winsorized Z-score,KNN,0.6666666666666666,0.6699106002554278
iris,0,outlier10,Yeo-Johnson,LogReg,0.5555555555555556,0.551734539969834
iris,0,outlier10,Yeo-Johnson,RBF-SVM,0.4888888888888889,0.4548131080389145
iris,0,outlier10,Yeo-Johnson,KNN,0.6444444444444444,0.6432439335887612
iris,0,outlier10,Quantile-Normal,LogReg,0.6444444444444444,0.6448399456185886
iris,0,outlier10,Quantile-Normal,RBF-SVM,0.7777777777777777,0.7761216166110495
iris,0,outlier10,Quantile-Normal,KNN,0.7555555555555555,0.7588325652841782
iris,0,outlier10,Core-Norm ablation — residual channel removed,LogReg,0.6444444444444444,0.6448399456185886
iris,0,outlier10,Core-Norm ablation — residual channel removed,RBF-SVM,0.7777777777777778,0.7761216166110493
iris,0,outlier10,Core-Norm ablation — residual channel removed,KNN,0.7333333333333333,0.7370689655172414
iris,0,outlier10,Core-Norm,LogReg,0.7333333333333334,0.7354097144975901
iris,0,outlier10,Core-Norm,RBF-SVM,0.7555555555555555,0.7579365079365079
iris,0,outlier10,Core-Norm,KNN,0.7111111111111111,0.7176195452057521
iris,1,outlier10,No scaling,LogReg,0.4222222222222222,0.3964646464646464
iris,1,outlier10,No scaling,RBF-SVM,0.3999999999999999,0.3587962962962963
iris,1,outlier10,No scaling,KNN,0.7555555555555555,0.753899394388827
iris,1,outlier10,Z-score,LogReg,0.4222222222222222,0.3964646464646464
iris,1,outlier10,Z-score,RBF-SVM,0.3777777777777777,0.3097208429879731
iris,1,outlier10,Z-score,KNN,0.6444444444444445,0.6378205128205128
iris,1,outlier10,Min-Max,LogReg,0.3777777777777777,0.3407325534985109
iris,1,outlier10,Min-Max,RBF-SVM,0.3111111111111111,0.1898496240601503
iris,1,outlier10,Min-Max,KNN,0.6444444444444445,0.6378205128205128
iris,1,outlier10,RobustScaler,LogReg,0.4222222222222222,0.3964646464646464
iris,1,outlier10,RobustScaler,RBF-SVM,0.3111111111111111,0.2231481481481481
iris,1,outlier10,RobustScaler,KNN,0.6666666666666666,0.6588888888888889
iris,1,outlier10,Winsorized Z-score,LogReg,0.3999999999999999,0.3695652173913044
iris,1,outlier10,Winsorized Z-score,RBF-SVM,0.3111111111111111,0.2211188348229063
iris,1,outlier10,Winsorized Z-score,KNN,0.6222222222222222,0.6271825396825396
iris,1,outlier10,Yeo-Johnson,LogReg,0.5777777777777777,0.5540824915824917
iris,1,outlier10,Yeo-Johnson,RBF-SVM,0.3999999999999999,0.376807589573547
iris,1,outlier10,Yeo-Johnson,KNN,0.6444444444444445,0.6378205128205128
iris,1,outlier10,Quantile-Normal,LogReg,0.8222222222222223,0.8220986281053021
iris,1,outlier10,Quantile-Normal,RBF-SVM,0.8222222222222223,0.8220491904585341
iris,1,outlier10,Quantile-Normal,KNN,0.7777777777777778,0.7764834727200318
iris,1,outlier10,Core-Norm ablation — residual channel removed,LogReg,0.7999999999999999,0.7998269682363119
iris,1,outlier10,Core-Norm ablation — residual channel removed,RBF-SVM,0.8444444444444444,0.8444444444444444
iris,1,outlier10,Core-Norm ablation — residual channel removed,KNN,0.7777777777777778,0.777238853100922
iris,1,outlier10,Core-Norm,LogReg,0.8222222222222223,0.8235817575083426
iris,1,outlier10,Core-Norm,RBF-SVM,0.8222222222222223,0.8220491904585341
iris,1,outlier10,Core-Norm,KNN,0.7555555555555555,0.7529246487867178
digits,0,outlier10,No scaling,LogReg,0.1237295548616303,0.1210112188440078
digits,0,outlier10,No scaling,RBF-SVM,0.1163104924425679,0.1128182824205436
digits,0,outlier10,No scaling,KNN,0.088879652841917,0.0868134447116262
digits,0,outlier10,Z-score,LogReg,0.1239406156387288,0.1218322086652748
digits,0,outlier10,Z-score,RBF-SVM,0.1017663084644216,0.09426928980213
digits,0,outlier10,Z-score,KNN,0.077552325382514,0.0706794283924339
digits,0,outlier10,Min-Max,LogReg,0.111112332810446,0.1081187669239169
digits,0,outlier10,Min-Max,RBF-SVM,0.1091387019688906,0.1028824792136811
digits,0,outlier10,Min-Max,KNN,0.0847201575503462,0.0778903917833702
digits,0,outlier10,RobustScaler,LogReg,0.1237644954626086,0.1212971626104785
digits,0,outlier10,RobustScaler,RBF-SVM,0.1238550478173119,0.1235545563294758
digits,0,outlier10,RobustScaler,KNN,0.0919204624865002,0.0739907763946342
digits,0,outlier10,Winsorized Z-score,LogReg,0.1332684855326364,0.1317404881717103
digits,0,outlier10,Winsorized Z-score,RBF-SVM,0.1163479741781628,0.1144258986019728
digits,0,outlier10,Winsorized Z-score,KNN,0.0940816974779238,0.088477701612516
digits,0,outlier10,Yeo-Johnson,LogReg,0.1181027009328896,0.1150925432468776
digits,0,outlier10,Yeo-Johnson,RBF-SVM,0.1054000576642086,0.0972276257069096
digits,0,outlier10,Yeo-Johnson,KNN,0.0811536751159392,0.0753158477876888
digits,0,outlier10,Quantile-Normal,LogReg,0.7075915907991381,0.7083367102284372
digits,0,outlier10,Quantile-Normal,RBF-SVM,0.8179359878416482,0.8186462297602249
digits,0,outlier10,Quantile-Normal,KNN,0.8139396138452742,0.8128834222456309
digits,0,outlier10,Core-Norm ablation — residual channel removed,LogReg,0.7481329257744354,0.7481392905894948
digits,0,outlier10,Core-Norm ablation — residual channel removed,RBF-SVM,0.7998268119022837,0.7991419947302301
digits,0,outlier10,Core-Norm ablation — residual channel removed,KNN,0.7899251831327303,0.7891714500073113
digits,0,outlier10,Core-Norm,LogReg,0.8775241285618645,0.8790224247046549
digits,0,outlier10,Core-Norm,RBF-SVM,0.8311813099548949,0.831071283259911
digits,0,outlier10,Core-Norm,KNN,0.7045600416355133,0.6987254576513175
digits,1,outlier10,No scaling,LogReg,0.1316223922827696,0.1292164491152269
digits,1,outlier10,No scaling,RBF-SVM,0.1168063802026066,0.1194297037488021
digits,1,outlier10,No scaling,KNN,0.0925419898061407,0.0911939475147969
digits,1,outlier10,Z-score,LogReg,0.1279523586127359,0.1252608154334296
digits,1,outlier10,Z-score,RBF-SVM,0.1091115313756823,0.1050736605285864
digits,1,outlier10,Z-score,KNN,0.0998458459779214,0.0891538511771918
digits,1,outlier10,Min-Max,LogReg,0.1262041312984709,0.1253846415965065
digits,1,outlier10,Min-Max,RBF-SVM,0.1129887408189295,0.1090821191223334
digits,1,outlier10,Min-Max,KNN,0.1053716165036919,0.0966332696382992
digits,1,outlier10,RobustScaler,LogReg,0.1279523586127359,0.1254396576577038
digits,1,outlier10,RobustScaler,RBF-SVM,0.1406343795966437,0.1395639838715767
digits,1,outlier10,RobustScaler,KNN,0.0940753446413823,0.0761676962385083
digits,1,outlier10,Winsorized Z-score,LogReg,0.1279160741424892,0.1260115206932499
digits,1,outlier10,Winsorized Z-score,RBF-SVM,0.1296683330645594,0.1313979755623293
digits,1,outlier10,Winsorized Z-score,KNN,0.1016264727585482,0.0891946337624408
digits,1,outlier10,Yeo-Johnson,LogReg,0.1427671734275508,0.1418576127363551
digits,1,outlier10,Yeo-Johnson,RBF-SVM,0.1297265592548611,0.1273961919886589
digits,1,outlier10,Yeo-Johnson,KNN,0.1072195833516588,0.0964651266385315
digits,1,outlier10,Quantile-Normal,LogReg,0.7457813011586596,0.7453035903468493
digits,1,outlier10,Quantile-Normal,RBF-SVM,0.8310684982383096,0.8304089994407802
digits,1,outlier10,Quantile-Normal,KNN,0.8157914656971259,0.8140589915243485
digits,1,outlier10,Core-Norm ablation — residual channel removed,LogReg,0.7548319674734769,0.7567819780291372
digits,1,outlier10,Core-Norm ablation — residual channel removed,RBF-SVM,0.8202656463033822,0.8215046937465675
digits,1,outlier10,Core-Norm ablation — residual channel removed,KNN,0.7826835114570964,0.7795743139459105
digits,1,outlier10,Core-Norm,LogReg,0.881010272048008,0.8812213837196399
digits,1,outlier10,Core-Norm,RBF-SVM,0.8499030459407818,0.8510427167732957
digits,1,outlier10,Core-Norm,KNN,0.7115867675301637,0.7071618548348889
gaussian,0,outlier20,No scaling,LogReg,0.4666666666666667,0.4665718349928876
gaussian,0,outlier20,No scaling,RBF-SVM,0.5133333333333333,0.5111607142857143
gaussian,0,outlier20,No scaling,KNN,0.53,0.5297439717179353
gaussian,0,outlier20,Z-score,LogReg,0.4666666666666667,0.4665718349928876
gaussian,0,outlier20,Z-score,RBF-SVM,0.5166666666666667,0.5151096298112829
gaussian,0,outlier20,Z-score,KNN,0.5233333333333334,0.5226916187318507
gaussian,0,outlier20,Min-Max,LogReg,0.4633333333333333,0.4631842178382884
gaussian,0,outlier20,Min-Max,RBF-SVM,0.52,0.5182657567242072
gaussian,0,outlier20,Min-Max,KNN,0.5166666666666666,0.5162312748139992
gaussian,0,outlier20,RobustScaler,LogReg,0.4666666666666667,0.4665718349928876
gaussian,0,outlier20,RobustScaler,RBF-SVM,0.5233333333333333,0.5217977728483687
gaussian,0,outlier20,RobustScaler,KNN,0.53,0.5293672604279086
gaussian,0,outlier20,Winsorized Z-score,LogReg,0.4599999999999999,0.4597839135654261
gaussian,0,outlier20,Winsorized Z-score,RBF-SVM,0.52,0.5182657567242072
gaussian,0,outlier20,Winsorized Z-score,KNN,0.5266666666666666,0.5264772575696945
gaussian,0,outlier20,Yeo-Johnson,LogReg,0.4666666666666667,0.4665718349928876
gaussian,0,outlier20,Yeo-Johnson,RBF-SVM,0.52,0.5186307719736138
gaussian,0,outlier20,Yeo-Johnson,KNN,0.51,0.5090781578742305
gaussian,0,outlier20,Quantile-Normal,LogReg,0.6733333333333333,0.671875
gaussian,0,outlier20,Quantile-Normal,RBF-SVM,0.71,0.7098420251025559
gaussian,0,outlier20,Quantile-Normal,KNN,0.6933333333333334,0.6922253445737989
gaussian,0,outlier20,Core-Norm ablation — residual channel removed,LogReg,0.6933333333333334,0.6919642857142857
gaussian,0,outlier20,Core-Norm ablation — residual channel removed,RBF-SVM,0.6666666666666666,0.6651785714285714
gaussian,0,outlier20,Core-Norm ablation — residual channel removed,KNN,0.6733333333333333,0.671875
gaussian,0,outlier20,Core-Norm,LogReg,0.7766666666666666,0.7766443310997766
gaussian,0,outlier20,Core-Norm,RBF-SVM,0.7133333333333334,0.7120535714285714
gaussian,0,outlier20,Core-Norm,KNN,0.6866666666666666,0.6865412831799387
gaussian,1,outlier20,No scaling,LogReg,0.5166666666666666,0.5142866713563126
gaussian,1,outlier20,No scaling,RBF-SVM,0.5233333333333333,0.5194408038444736
gaussian,1,outlier20,No scaling,KNN,0.53,0.5288220551378446
gaussian,1,outlier20,Z-score,LogReg,0.5166666666666666,0.5142866713563126
gaussian,1,outlier20,Z-score,RBF-SVM,0.54,0.5359576757532281
gaussian,1,outlier20,Z-score,KNN,0.5633333333333334,0.5615747609857316
gaussian,1,outlier20,Min-Max,LogReg,0.5166666666666666,0.5147201552895503
gaussian,1,outlier20,Min-Max,RBF-SVM,0.5266666666666666,0.5212192051789246
gaussian,1,outlier20,Min-Max,KNN,0.54,0.5389960358113224
gaussian,1,outlier20,RobustScaler,LogReg,0.5166666666666666,0.5142866713563126
gaussian,1,outlier20,RobustScaler,RBF-SVM,0.5333333333333333,0.5279625966552778
gaussian,1,outlier20,RobustScaler,KNN,0.5466666666666666,0.5453735068639687
gaussian,1,outlier20,Winsorized Z-score,LogReg,0.5166666666666666,0.5147201552895503
gaussian,1,outlier20,Winsorized Z-score,RBF-SVM,0.5366666666666666,0.5328830191215512
gaussian,1,outlier20,Winsorized Z-score,KNN,0.56,0.558744874309146
gaussian,1,outlier20,Yeo-Johnson,LogReg,0.5233333333333333,0.5217977728483687
gaussian,1,outlier20,Yeo-Johnson,RBF-SVM,0.5466666666666666,0.5437466451959205
gaussian,1,outlier20,Yeo-Johnson,KNN,0.5466666666666666,0.5442155592296349
gaussian,1,outlier20,Quantile-Normal,LogReg,0.6933333333333334,0.6933333333333334
gaussian,1,outlier20,Quantile-Normal,RBF-SVM,0.69,0.6897207486738064
gaussian,1,outlier20,Quantile-Normal,KNN,0.7,0.6999866660740477
gaussian,1,outlier20,Core-Norm ablation — residual channel removed,LogReg,0.69,0.6899138649624896
gaussian,1,outlier20,Core-Norm ablation — residual channel removed,RBF-SVM,0.69,0.6895826611333014
gaussian,1,outlier20,Core-Norm ablation — residual channel removed,KNN,0.6866666666666666,0.6866666666666666
gaussian,1,outlier20,Core-Norm,LogReg,0.7733333333333333,0.7732930298719772
gaussian,1,outlier20,Core-Norm,RBF-SVM,0.72,0.719551282051282
gaussian,1,outlier20,Core-Norm,KNN,0.69,0.6898311302820425
correlated,0,outlier20,No scaling,LogReg,0.47,0.4697112872563951
correlated,0,outlier20,No scaling,RBF-SVM,0.48,0.4740154648444524
correlated,0,outlier20,No scaling,KNN,0.53,0.52995299529953
correlated,0,outlier20,Z-score,LogReg,0.47,0.4697112872563951
correlated,0,outlier20,Z-score,RBF-SVM,0.5,0.4991987179487179
correlated,0,outlier20,Z-score,KNN,0.56,0.5595105672969967
correlated,0,outlier20,Min-Max,LogReg,0.4666666666666667,0.4662871375200142
correlated,0,outlier20,Min-Max,RBF-SVM,0.5033333333333333,0.5023989491378255
correlated,0,outlier20,Min-Max,KNN,0.56,0.5592948717948718
correlated,0,outlier20,RobustScaler,LogReg,0.47,0.4697112872563951
correlated,0,outlier20,RobustScaler,RBF-SVM,0.5,0.4985737208058477
correlated,0,outlier20,RobustScaler,KNN,0.5366666666666666,0.5357949928198507
correlated,0,outlier20,Winsorized Z-score,LogReg,0.47,0.4698527368713531
correlated,0,outlier20,Winsorized Z-score,RBF-SVM,0.5166666666666666,0.5154553049289892
correlated,0,outlier20,Winsorized Z-score,KNN,0.56,0.5595105672969967
correlated,0,outlier20,Yeo-Johnson,LogReg,0.4733333333333333,0.4731225823662798
correlated,0,outlier20,Yeo-Johnson,RBF-SVM,0.5033333333333334,0.5026646936436765
correlated,0,outlier20,Yeo-Johnson,KNN,0.5633333333333334,0.5629399793147166
correlated,0,outlier20,Quantile-Normal,LogReg,0.6433333333333333,0.6418969421791854
correlated,0,outlier20,Quantile-Normal,RBF-SVM,0.6866666666666668,0.6855345911949685
correlated,0,outlier20,Quantile-Normal,KNN,0.64,0.6398559423769508
correlated,0,outlier20,Core-Norm ablation — residual channel removed,LogReg,0.6566666666666667,0.6552839723780943
correlated,0,outlier20,Core-Norm ablation — residual channel removed,RBF-SVM,0.6733333333333333,0.671875
correlated,0,outlier20,Core-Norm ablation — residual channel removed,KNN,0.5933333333333333,0.5932610241820768
correlated,0,outlier20,Core-Norm,LogReg,0.6933333333333334,0.6933197030979155
correlated,0,outlier20,Core-Norm,RBF-SVM,0.6866666666666668,0.6855345911949685
correlated,0,outlier20,Core-Norm,KNN,0.61,0.6096486838154338
correlated,1,outlier20,No scaling,LogReg,0.54,0.537037037037037
correlated,1,outlier20,No scaling,RBF-SVM,0.5366666666666666,0.5348007005879137
correlated,1,outlier20,No scaling,KNN,0.5800000000000001,0.579925320056899
correlated,1,outlier20,Z-score,LogReg,0.5366666666666666,0.5339271942864168
correlated,1,outlier20,Z-score,RBF-SVM,0.53,0.5261619114830124
correlated,1,outlier20,Z-score,KNN,0.5433333333333333,0.5421888053467001
correlated,1,outlier20,Min-Max,LogReg,0.5366666666666666,0.5339271942864168
correlated,1,outlier20,Min-Max,RBF-SVM,0.5333333333333333,0.5303274288781535
correlated,1,outlier20,Min-Max,KNN,0.5366666666666666,0.5351740589225401
correlated,1,outlier20,RobustScaler,LogReg,0.54,0.537037037037037
correlated,1,outlier20,RobustScaler,RBF-SVM,0.5266666666666666,0.5225071736011477
correlated,1,outlier20,RobustScaler,KNN,0.5566666666666666,0.5548812458862772
correlated,1,outlier20,Winsorized Z-score,LogReg,0.53,0.5267132867132867
correlated,1,outlier20,Winsorized Z-score,RBF-SVM,0.53,0.5267132867132867
correlated,1,outlier20,Winsorized Z-score,KNN,0.5233333333333333,0.5229039468855303
correlated,1,outlier20,Yeo-Johnson,LogReg,0.5433333333333333,0.5414942156873682
correlated,1,outlier20,Yeo-Johnson,RBF-SVM,0.5366666666666666,0.5302731624894397
correlated,1,outlier20,Yeo-Johnson,KNN,0.5733333333333334,0.5728587319243603
correlated,1,outlier20,Quantile-Normal,LogReg,0.6533333333333333,0.6533179252411219
correlated,1,outlier20,Quantile-Normal,RBF-SVM,0.6733333333333333,0.6733188141695187
correlated,1,outlier20,Quantile-Normal,KNN,0.6633333333333333,0.6631499371880245
correlated,1,outlier20,Core-Norm ablation — residual channel removed,LogReg,0.6433333333333333,0.6432976630996432
correlated,1,outlier20,Core-Norm ablation — residual channel removed,RBF-SVM,0.67,0.66996699669967
correlated,1,outlier20,Core-Norm ablation — residual channel removed,KNN,0.6566666666666666,0.6566323298996566
correlated,1,outlier20,Core-Norm,LogReg,0.75,0.7499972221913577
correlated,1,outlier20,Core-Norm,RBF-SVM,0.7,0.6998799519807923
correlated,1,outlier20,Core-Norm,KNN,0.6533333333333333,0.653271692745377
lognormal,0,outlier20,No scaling,LogReg,0.4666666666666667,0.4665718349928876
lognormal,0,outlier20,No scaling,RBF-SVM,0.5233333333333334,0.5226916187318507
lognormal,0,outlier20,No scaling,KNN,0.52,0.5186307719736138
lognormal,0,outlier20,Z-score,LogReg,0.4666666666666667,0.4665718349928876
lognormal,0,outlier20,Z-score,RBF-SVM,0.5466666666666666,0.5463440668920121
lognormal,0,outlier20,Z-score,KNN,0.52,0.5169082125603865
lognormal,0,outlier20,Min-Max,LogReg,0.4599999999999999,0.4597839135654261
lognormal,0,outlier20,Min-Max,RBF-SVM,0.5466666666666666,0.5463440668920121
lognormal,0,outlier20,Min-Max,KNN,0.51,0.5071028601446279
lognormal,0,outlier20,RobustScaler,LogReg,0.4666666666666667,0.4665718349928876
lognormal,0,outlier20,RobustScaler,RBF-SVM,0.54,0.5394883203559511
lognormal,0,outlier20,RobustScaler,KNN,0.52,0.5178571428571429
lognormal,0,outlier20,Winsorized Z-score,LogReg,0.47,0.4698527368713531
lognormal,0,outlier20,Winsorized Z-score,RBF-SVM,0.5533333333333333,0.5528364849833147
lognormal,0,outlier20,Winsorized Z-score,KNN,0.5466666666666666,0.5453735068639687
lognormal,0,outlier20,Yeo-Johnson,LogReg,0.47,0.468671679197995
lognormal,0,outlier20,Yeo-Johnson,RBF-SVM,0.5333333333333333,0.5320021394187913
lognormal,0,outlier20,Yeo-Johnson,KNN,0.55,0.5477841422972565
lognormal,0,outlier20,Quantile-Normal,LogReg,0.6699999999999999,0.6686710025770033
lognormal,0,outlier20,Quantile-Normal,RBF-SVM,0.6966666666666667,0.6965014285555469
lognormal,0,outlier20,Quantile-Normal,KNN,0.6799999999999999,0.6788438378161381
lognormal,0,outlier20,Core-Norm ablation — residual channel removed,LogReg,0.6966666666666667,0.6948731991371506
lognormal,0,outlier20,Core-Norm ablation — residual channel removed,RBF-SVM,0.6666666666666666,0.6651785714285714
lognormal,0,outlier20,Core-Norm ablation — residual channel removed,KNN,0.66,0.657426895347275
lognormal,0,outlier20,Core-Norm,LogReg,0.75,0.7499972221913577
lognormal,0,outlier20,Core-Norm,RBF-SVM,0.7,0.6983779436078467
lognormal,0,outlier20,Core-Norm,KNN,0.66,0.657426895347275
lognormal,1,outlier20,No scaling,LogReg,0.53,0.5284859158854545
lognormal,1,outlier20,No scaling,RBF-SVM,0.5066666666666667,0.5029331422685952
lognormal,1,outlier20,No scaling,KNN,0.5233333333333333,0.5205150272155223
lognormal,1,outlier20,Z-score,LogReg,0.53,0.5284859158854545
lognormal,1,outlier20,Z-score,RBF-SVM,0.5233333333333333,0.5181886589022788
lognormal,1,outlier20,Z-score,KNN,0.53,0.5255666842382709
lognormal,1,outlier20,Min-Max,LogReg,0.53,0.5281071854884593
lognormal,1,outlier20,Min-Max,RBF-SVM,0.53,0.5249272790574917
lognormal,1,outlier20,Min-Max,KNN,0.5333333333333333,0.5298016210648874
lognormal,1,outlier20,RobustScaler,LogReg,0.53,0.5284859158854545
lognormal,1,outlier20,RobustScaler,RBF-SVM,0.54,0.5324992095397263
lognormal,1,outlier20,RobustScaler,KNN,0.54,0.537037037037037
lognormal,1,outlier20,Winsorized Z-score,LogReg,0.5266666666666667,0.5245535714285714
lognormal,1,outlier20,Winsorized Z-score,RBF-SVM,0.5233333333333333,0.5181886589022788
lognormal,1,outlier20,Winsorized Z-score,KNN,0.52,0.5157819225251077
lognormal,1,outlier20,Yeo-Johnson,LogReg,0.5433333333333333,0.5410846481090678
lognormal,1,outlier20,Yeo-Johnson,RBF-SVM,0.54,0.5332792207792207
lognormal,1,outlier20,Yeo-Johnson,KNN,0.52,0.5174047097725547
lognormal,1,outlier20,Quantile-Normal,LogReg,0.6466666666666667,0.643992655949129
lognormal,1,outlier20,Quantile-Normal,RBF-SVM,0.6466666666666667,0.6465252767773777
lognormal,1,outlier20,Quantile-Normal,KNN,0.64,0.6392142888958176
lognormal,1,outlier20,Core-Norm ablation — residual channel removed,LogReg,0.6499999999999999,0.6475524475524476
lognormal,1,outlier20,Core-Norm ablation — residual channel removed,RBF-SVM,0.6433333333333333,0.6432976630996432
lognormal,1,outlier20,Core-Norm ablation — residual channel removed,KNN,0.6599999999999999,0.6592579395127165
lognormal,1,outlier20,Core-Norm,LogReg,0.6833333333333333,0.6823132057384267
lognormal,1,outlier20,Core-Norm,RBF-SVM,0.6699999999999999,0.669820235461529
lognormal,1,outlier20,Core-Norm,KNN,0.64,0.6398559423769508
student_t,0,outlier20,No scaling,LogReg,0.4933333333333333,0.4933108138139472
student_t,0,outlier20,No scaling,RBF-SVM,0.5166666666666666,0.5142866713563126
student_t,0,outlier20,No scaling,KNN,0.5433333333333333,0.5433282592028801
student_t,0,outlier20,Z-score,LogReg,0.49,0.4899489948994899
student_t,0,outlier20,Z-score,RBF-SVM,0.51,0.5075871771681237
student_t,0,outlier20,Z-score,KNN,0.5266666666666666,0.5266666666666666
student_t,0,outlier20,Min-Max,LogReg,0.49,0.4899489948994899
student_t,0,outlier20,Min-Max,RBF-SVM,0.5266666666666666,0.52361782071927
student_t,0,outlier20,Min-Max,KNN,0.52,0.5199786657184764
student_t,0,outlier20,RobustScaler,LogReg,0.49,0.4899489948994899
student_t,0,outlier20,RobustScaler,RBF-SVM,0.5066666666666666,0.5039992850440145
student_t,0,outlier20,RobustScaler,KNN,0.5066666666666667,0.5066666666666667
student_t,0,outlier20,Winsorized Z-score,LogReg,0.4833333333333333,0.4833275925288058
student_t,0,outlier20,Winsorized Z-score,RBF-SVM,0.5266666666666667,0.5245535714285714
student_t,0,outlier20,Winsorized Z-score,KNN,0.5133333333333333,0.5133333333333333
student_t,0,outlier20,Yeo-Johnson,LogReg,0.4766666666666667,0.476195242384813
student_t,0,outlier20,Yeo-Johnson,RBF-SVM,0.5266666666666666,0.52361782071927
student_t,0,outlier20,Yeo-Johnson,KNN,0.5333333333333333,0.5333125916707409
student_t,0,outlier20,Quantile-Normal,LogReg,0.6433333333333333,0.6418969421791854
student_t,0,outlier20,Quantile-Normal,RBF-SVM,0.6833333333333333,0.6833016634996834
student_t,0,outlier20,Quantile-Normal,KNN,0.6133333333333333,0.6133333333333333
student_t,0,outlier20,Core-Norm ablation — residual channel removed,LogReg,0.6566666666666666,0.6560207500751412
student_t,0,outlier20,Core-Norm ablation — residual channel removed,RBF-SVM,0.6799999999999999,0.679985777145651
student_t,0,outlier20,Core-Norm ablation — residual channel removed,KNN,0.6499999999999999,0.6499027507641011
student_t,0,outlier20,Core-Norm,LogReg,0.7333333333333334,0.7332266239829266
student_t,0,outlier20,Core-Norm,RBF-SVM,0.6599999999999999,0.6599848882172541
student_t,0,outlier20,Core-Norm,KNN,0.6133333333333333,0.6132645803698435
student_t,1,outlier20,No scaling,LogReg,0.51,0.5075871771681237
student_t,1,outlier20,No scaling,RBF-SVM,0.5233333333333334,0.523200889135871
student_t,1,outlier20,No scaling,KNN,0.5233333333333333,0.5233280369781886
student_t,1,outlier20,Z-score,LogReg,0.51,0.5075871771681237
student_t,1,outlier20,Z-score,RBF-SVM,0.52,0.52
student_t,1,outlier20,Z-score,KNN,0.5166666666666666,0.5166183284995166
student_t,1,outlier20,Min-Max,LogReg,0.5133333333333333,0.5107019974082846
student_t,1,outlier20,Min-Max,RBF-SVM,0.53,0.52995299529953
student_t,1,outlier20,Min-Max,KNN,0.53,0.5284859158854545
student_t,1,outlier20,RobustScaler,LogReg,0.51,0.5075871771681237
student_t,1,outlier20,RobustScaler,RBF-SVM,0.5233333333333334,0.5226916187318507
student_t,1,outlier20,RobustScaler,KNN,0.53,0.5299947777197525
student_t,1,outlier20,Winsorized Z-score,LogReg,0.54,0.5379464285714286
student_t,1,outlier20,Winsorized Z-score,RBF-SVM,0.5233333333333333,0.5232856618995232
student_t,1,outlier20,Winsorized Z-score,KNN,0.5133333333333334,0.5133117027423442
student_t,1,outlier20,Yeo-Johnson,LogReg,0.5166666666666666,0.5147201552895503
student_t,1,outlier20,Yeo-Johnson,RBF-SVM,0.52,0.5199146514935988
student_t,1,outlier20,Yeo-Johnson,KNN,0.5366666666666666,0.5362492910285924
student_t,1,outlier20,Quantile-Normal,LogReg,0.67,0.6693791675479511
student_t,1,outlier20,Quantile-Normal,RBF-SVM,0.6233333333333333,0.6214785783673332
student_t,1,outlier20,Quantile-Normal,KNN,0.6266666666666667,0.6266500733365927
student_t,1,outlier20,Core-Norm ablation — residual channel removed,LogReg,0.6599999999999999,0.6599395448079659
student_t,1,outlier20,Core-Norm ablation — residual channel removed,RBF-SVM,0.5933333333333333,0.5931706015739628
student_t,1,outlier20,Core-Norm ablation — residual channel removed,KNN,0.6266666666666667,0.6265172735760971
student_t,1,outlier20,Core-Norm,LogReg,0.6699999999999999,0.6699963332925921
student_t,1,outlier20,Core-Norm,RBF-SVM,0.62,0.62
student_t,1,outlier20,Core-Norm,KNN,0.63,0.6299958888432093
laplace,0,outlier20,No scaling,LogReg,0.4866666666666667,0.486643850837815
laplace,0,outlier20,No scaling,RBF-SVM,0.5133333333333333,0.5115750033453766
laplace,0,outlier20,No scaling,KNN,0.54,0.5379464285714286
laplace,0,outlier20,Z-score,LogReg,0.4866666666666667,0.486643850837815
laplace,0,outlier20,Z-score,RBF-SVM,0.5166666666666667,0.5157573666106355
laplace,0,outlier20,Z-score,KNN,0.5433333333333333,0.5401398601398602
laplace,0,outlier20,Min-Max,LogReg,0.49,0.4899489948994899
laplace,0,outlier20,Min-Max,RBF-SVM,0.5133333333333334,0.5122711683221237
laplace,0,outlier20,Min-Max,KNN,0.5366666666666666,0.5334265734265734
laplace,0,outlier20,RobustScaler,LogReg,0.4866666666666667,0.486643850837815
laplace,0,outlier20,RobustScaler,RBF-SVM,0.51,0.5087719298245614
laplace,0,outlier20,RobustScaler,KNN,0.5466666666666666,0.5432358604630334
laplace,0,outlier20,Winsorized Z-score,LogReg,0.4933333333333333,0.4933108138139472
laplace,0,outlier20,Winsorized Z-score,RBF-SVM,0.5266666666666666,0.5256336020667232
laplace,0,outlier20,Winsorized Z-score,KNN,0.5266666666666667,0.5245535714285714
laplace,0,outlier20,Yeo-Johnson,LogReg,0.4933333333333333,0.4933108138139472
laplace,0,outlier20,Yeo-Johnson,RBF-SVM,0.5233333333333333,0.5224365753470406
laplace,0,outlier20,Yeo-Johnson,KNN,0.54,0.537037037037037
laplace,0,outlier20,Quantile-Normal,LogReg,0.71,0.7076318177235609
laplace,0,outlier20,Quantile-Normal,RBF-SVM,0.6799999999999999,0.6788438378161381
laplace,0,outlier20,Quantile-Normal,KNN,0.6633333333333333,0.6622487766271694
laplace,0,outlier20,Core-Norm ablation — residual channel removed,LogReg,0.74,0.7383252818035426
laplace,0,outlier20,Core-Norm ablation — residual channel removed,RBF-SVM,0.69,0.6890013487755124
laplace,0,outlier20,Core-Norm ablation — residual channel removed,KNN,0.6866666666666668,0.6866527401217832
laplace,0,outlier20,Core-Norm,LogReg,0.7566666666666666,0.756599055293137
laplace,0,outlier20,Core-Norm,RBF-SVM,0.7366666666666666,0.7360066833751044
laplace,0,outlier20,Core-Norm,KNN,0.64,0.64
laplace,1,outlier20,No scaling,LogReg,0.53,0.5288220551378446
laplace,1,outlier20,No scaling,RBF-SVM,0.55,0.5488721804511278
laplace,1,outlier20,No scaling,KNN,0.5433333333333333,0.541862201959626
laplace,1,outlier20,Z-score,LogReg,0.53,0.5288220551378446
laplace,1,outlier20,Z-score,RBF-SVM,0.5566666666666666,0.5560698272121408
laplace,1,outlier20,Z-score,KNN,0.5333333333333333,0.5308101345010947
laplace,1,outlier20,Min-Max,LogReg,0.5333333333333333,0.5323148189390228
laplace,1,outlier20,Min-Max,RBF-SVM,0.5566666666666666,0.5558326190290657
laplace,1,outlier20,Min-Max,KNN,0.5366666666666666,0.5348007005879137
laplace,1,outlier20,RobustScaler,LogReg,0.53,0.5288220551378446
laplace,1,outlier20,RobustScaler,RBF-SVM,0.52,0.5194660734149055
laplace,1,outlier20,RobustScaler,KNN,0.5466666666666666,0.5450287702395289
laplace,1,outlier20,Winsorized Z-score,LogReg,0.5333333333333333,0.5320021394187913
laplace,1,outlier20,Winsorized Z-score,RBF-SVM,0.5366666666666666,0.5360429021239667
laplace,1,outlier20,Winsorized Z-score,KNN,0.5533333333333333,0.5509182715939049
laplace,1,outlier20,Yeo-Johnson,LogReg,0.53,0.5291157840834456
laplace,1,outlier20,Yeo-Johnson,RBF-SVM,0.5566666666666666,0.5558326190290657
laplace,1,outlier20,Yeo-Johnson,KNN,0.5233333333333333,0.5209861655445014
laplace,1,outlier20,Quantile-Normal,LogReg,0.6799999999999999,0.6798719487795117
laplace,1,outlier20,Quantile-Normal,RBF-SVM,0.6733333333333333,0.6732752489331437
laplace,1,outlier20,Quantile-Normal,KNN,0.6466666666666667,0.6466038406827881
laplace,1,outlier20,Core-Norm ablation — residual channel removed,LogReg,0.7033333333333334,0.7033300370004111
laplace,1,outlier20,Core-Norm ablation — residual channel removed,RBF-SVM,0.67,0.6693791675479511
laplace,1,outlier20,Core-Norm ablation — residual channel removed,KNN,0.6266666666666667,0.62640099626401
laplace,1,outlier20,Core-Norm,LogReg,0.7666666666666667,0.7666666666666667
laplace,1,outlier20,Core-Norm,RBF-SVM,0.7233333333333334,0.7231826216495647
laplace,1,outlier20,Core-Norm,KNN,0.6599999999999999,0.6592579395127165
bimodal,0,outlier20,No scaling,LogReg,0.49,0.4893134102515604
bimodal,0,outlier20,No scaling,RBF-SVM,0.4766666666666667,0.473006993006993
bimodal,0,outlier20,No scaling,KNN,0.5433333333333333,0.5421888053467001
bimodal,0,outlier20,Z-score,LogReg,0.4866666666666666,0.4858440170940171
bimodal,0,outlier20,Z-score,RBF-SVM,0.4833333333333333,0.4812525797922779
bimodal,0,outlier20,Z-score,KNN,0.5266666666666666,0.5249565101030376
bimodal,0,outlier20,Min-Max,LogReg,0.4933333333333333,0.4925213675213675
bimodal,0,outlier20,Min-Max,RBF-SVM,0.4766666666666667,0.4735724424673917
bimodal,0,outlier20,Min-Max,KNN,0.5266666666666666,0.5259081196581197
bimodal,0,outlier20,RobustScaler,LogReg,0.49,0.4893134102515604
bimodal,0,outlier20,RobustScaler,RBF-SVM,0.4766666666666667,0.473006993006993
bimodal,0,outlier20,RobustScaler,KNN,0.5333333333333333,0.5308101345010947
bimodal,0,outlier20,Winsorized Z-score,LogReg,0.48,0.4788650839606253
bimodal,0,outlier20,Winsorized Z-score,RBF-SVM,0.4866666666666667,0.4838911479512042
bimodal,0,outlier20,Winsorized Z-score,KNN,0.5333333333333333,0.5323148189390228
bimodal,0,outlier20,Yeo-Johnson,LogReg,0.49,0.4893134102515604
bimodal,0,outlier20,Yeo-Johnson,RBF-SVM,0.4766666666666667,0.4740897062271798
bimodal,0,outlier20,Yeo-Johnson,KNN,0.5333333333333333,0.5320021394187913
bimodal,0,outlier20,Quantile-Normal,LogReg,0.6266666666666667,0.625601711535033
bimodal,0,outlier20,Quantile-Normal,RBF-SVM,0.6366666666666667,0.6354962044788265
bimodal,0,outlier20,Quantile-Normal,KNN,0.61,0.609266288920306
bimodal,0,outlier20,Core-Norm ablation — residual channel removed,LogReg,0.5866666666666667,0.5844318334152554
bimodal,0,outlier20,Core-Norm ablation — residual channel removed,RBF-SVM,0.5633333333333332,0.5632120033342596
bimodal,0,outlier20,Core-Norm ablation — residual channel removed,KNN,0.5433333333333333,0.5401398601398602
bimodal,0,outlier20,Core-Norm,LogReg,0.6433333333333333,0.6432342317310364
bimodal,0,outlier20,Core-Norm,RBF-SVM,0.5766666666666667,0.5760967523003149
bimodal,0,outlier20,Core-Norm,KNN,0.5333333333333333,0.5323148189390228
bimodal,1,outlier20,No scaling,LogReg,0.5900000000000001,0.589448035692431
bimodal,1,outlier20,No scaling,RBF-SVM,0.55,0.5376659550908115
bimodal,1,outlier20,No scaling,KNN,0.5866666666666667,0.5851732905125118
bimodal,1,outlier20,Z-score,LogReg,0.5866666666666667,0.5862068965517242
bimodal,1,outlier20,Z-score,RBF-SVM,0.5633333333333334,0.5541740876450636
bimodal,1,outlier20,Z-score,KNN,0.59,0.5886792032192262
bimodal,1,outlier20,Min-Max,LogReg,0.5900000000000001,0.5896306676008407
bimodal,1,outlier20,Min-Max,RBF-SVM,0.54,0.5268571428571429
bimodal,1,outlier20,Min-Max,KNN,0.59,0.5883488213835495
bimodal,1,outlier20,RobustScaler,LogReg,0.5900000000000001,0.589448035692431
bimodal,1,outlier20,RobustScaler,RBF-SVM,0.55,0.5376659550908115
bimodal,1,outlier20,RobustScaler,KNN,0.5966666666666667,0.594680601614578
bimodal,1,outlier20,Winsorized Z-score,LogReg,0.5800000000000001,0.5798319327731092
bimodal,1,outlier20,Winsorized Z-score,RBF-SVM,0.5633333333333334,0.5532821824381927
bimodal,1,outlier20,Winsorized Z-score,KNN,0.6,0.5988589766446781
bimodal,1,outlier20,Yeo-Johnson,LogReg,0.59,0.5892286627110908
bimodal,1,outlier20,Yeo-Johnson,RBF-SVM,0.5466666666666666,0.5337142857142857
bimodal,1,outlier20,Yeo-Johnson,KNN,0.5866666666666667,0.5848214285714286
bimodal,1,outlier20,Quantile-Normal,LogReg,0.74,0.7399537695590328
bimodal,1,outlier20,Quantile-Normal,RBF-SVM,0.76,0.7599893328592382
bimodal,1,outlier20,Quantile-Normal,KNN,0.78,0.7799608819345661
bimodal,1,outlier20,Core-Norm ablation — residual channel removed,LogReg,0.7466666666666666,0.7466216216216216
bimodal,1,outlier20,Core-Norm ablation — residual channel removed,RBF-SVM,0.7633333333333333,0.7633096642997633
bimodal,1,outlier20,Core-Norm ablation — residual channel removed,KNN,0.77,0.7699769976997699
bimodal,1,outlier20,Core-Norm,LogReg,0.7833333333333333,0.7833116644997833
bimodal,1,outlier20,Core-Norm,RBF-SVM,0.7733333333333334,0.7733232588115027
bimodal,1,outlier20,Core-Norm,KNN,0.7633333333333333,0.7633096642997633
zero_inflated,0,outlier20,No scaling,LogReg,0.47,0.4697112872563951
zero_inflated,0,outlier20,No scaling,RBF-SVM,0.4866666666666667,0.484375
zero_inflated,0,outlier20,No scaling,KNN,0.55,0.54995499549955
zero_inflated,0,outlier20,Z-score,LogReg,0.47,0.4697112872563951
zero_inflated,0,outlier20,Z-score,RBF-SVM,0.4866666666666667,0.484375
zero_inflated,0,outlier20,Z-score,KNN,0.5333333333333333,0.5333125916707409
zero_inflated,0,outlier20,Min-Max,LogReg,0.47,0.4697112872563951
zero_inflated,0,outlier20,Min-Max,RBF-SVM,0.4833333333333334,0.4802785260028389
zero_inflated,0,outlier20,Min-Max,KNN,0.54,0.5399182076813656
zero_inflated,0,outlier20,RobustScaler,LogReg,0.47,0.4697112872563951
zero_inflated,0,outlier20,RobustScaler,RBF-SVM,0.5266666666666666,0.5162609011627908
zero_inflated,0,outlier20,RobustScaler,KNN,0.53,0.5288220551378446
zero_inflated,0,outlier20,Winsorized Z-score,LogReg,0.4666666666666667,0.466453247965853
zero_inflated,0,outlier20,Winsorized Z-score,RBF-SVM,0.4933333333333334,0.4910714285714286
zero_inflated,0,outlier20,Winsorized Z-score,KNN,0.54,0.5399795546468732
zero_inflated,0,outlier20,Yeo-Johnson,LogReg,0.4666666666666667,0.466453247965853
zero_inflated,0,outlier20,Yeo-Johnson,RBF-SVM,0.49,0.4864335664335665
zero_inflated,0,outlier20,Yeo-Johnson,KNN,0.5466666666666666,0.5466465176230055
zero_inflated,0,outlier20,Quantile-Normal,LogReg,0.5866666666666667,0.5844318334152554
zero_inflated,0,outlier20,Quantile-Normal,RBF-SVM,0.6000000000000001,0.5999822214320636
zero_inflated,0,outlier20,Quantile-Normal,KNN,0.5566666666666666,0.5566223288995567
zero_inflated,0,outlier20,Core-Norm ablation — residual channel removed,LogReg,0.6033333333333333,0.6017358515824586
zero_inflated,0,outlier20,Core-Norm ablation — residual channel removed,RBF-SVM,0.5466666666666666,0.5464852607709751
zero_inflated,0,outlier20,Core-Norm ablation — residual channel removed,KNN,0.55,0.5497548665384487
zero_inflated,0,outlier20,Core-Norm,LogReg,0.5966666666666667,0.596123677388489
zero_inflated,0,outlier20,Core-Norm,RBF-SVM,0.5433333333333333,0.5432876620995433
zero_inflated,0,outlier20,Core-Norm,KNN,0.5166666666666666,0.5165323701028064
zero_inflated,1,outlier20,No scaling,LogReg,0.5233333333333333,0.5214136703890048
zero_inflated,1,outlier20,No scaling,RBF-SVM,0.52,0.5144758137025716
zero_inflated,1,outlier20,No scaling,KNN,0.4866666666666667,0.4860956618464961
zero_inflated,1,outlier20,Z-score,LogReg,0.5266666666666666,0.5249565101030376
zero_inflated,1,outlier20,Z-score,RBF-SVM,0.5233333333333333,0.5188371336600904
zero_inflated,1,outlier20,Z-score,KNN,0.4833333333333333,0.4833275925288058
zero_inflated,1,outlier20,Min-Max,LogReg,0.53,0.5284859158854545
zero_inflated,1,outlier20,Min-Max,RBF-SVM,0.5333333333333333,0.5298016210648874
zero_inflated,1,outlier20,Min-Max,KNN,0.5,0.4999777767900796
zero_inflated,1,outlier20,RobustScaler,LogReg,0.5266666666666666,0.5249565101030376
zero_inflated,1,outlier20,RobustScaler,RBF-SVM,0.5700000000000001,0.5285030275709988
zero_inflated,1,outlier20,RobustScaler,KNN,0.5433333333333333,0.5433282592028801
zero_inflated,1,outlier20,Winsorized Z-score,LogReg,0.5266666666666666,0.5253164556962026
zero_inflated,1,outlier20,Winsorized Z-score,RBF-SVM,0.5266666666666666,0.5225071736011477
zero_inflated,1,outlier20,Winsorized Z-score,KNN,0.47,0.4699941110456783
zero_inflated,1,outlier20,Yeo-Johnson,LogReg,0.5233333333333333,0.5217977728483687
zero_inflated,1,outlier20,Yeo-Johnson,RBF-SVM,0.53,0.5272211107509696
zero_inflated,1,outlier20,Yeo-Johnson,KNN,0.4866666666666667,0.4865753911806543
zero_inflated,1,outlier20,Quantile-Normal,LogReg,0.6666666666666667,0.6664294609500089
zero_inflated,1,outlier20,Quantile-Normal,RBF-SVM,0.6333333333333333,0.6331866079765239
zero_inflated,1,outlier20,Quantile-Normal,KNN,0.62,0.6197295854830102
zero_inflated,1,outlier20,Core-Norm ablation — residual channel removed,LogReg,0.64,0.639599555061179
zero_inflated,1,outlier20,Core-Norm ablation — residual channel removed,RBF-SVM,0.6366666666666667,0.635983123865926
zero_inflated,1,outlier20,Core-Norm ablation — residual channel removed,KNN,0.6,0.5998399359743898
zero_inflated,1,outlier20,Core-Norm,LogReg,0.7366666666666667,0.7365232181965737
zero_inflated,1,outlier20,Core-Norm,RBF-SVM,0.66,0.6598639455782312
zero_inflated,1,outlier20,Core-Norm,KNN,0.6133333333333333,0.6129032258064516
bounded_beta,0,outlier20,No scaling,LogReg,0.48,0.4794215795328142
bounded_beta,0,outlier20,No scaling,RBF-SVM,0.4866666666666667,0.4833601717659689
bounded_beta,0,outlier20,No scaling,KNN,0.5333333333333333,0.5320021394187913
bounded_beta,0,outlier20,Z-score,LogReg,0.48,0.4794215795328142
bounded_beta,0,outlier20,Z-score,RBF-SVM,0.5066666666666666,0.5039992850440145
bounded_beta,0,outlier20,Z-score,KNN,0.5266666666666666,0.5256336020667232
bounded_beta,0,outlier20,Min-Max,LogReg,0.48,0.4794215795328142
bounded_beta,0,outlier20,Min-Max,RBF-SVM,0.48,0.4785166696380817
bounded_beta,0,outlier20,Min-Max,KNN,0.5366666666666666,0.5360429021239667
bounded_beta,0,outlier20,RobustScaler,LogReg,0.48,0.4794215795328142
bounded_beta,0,outlier20,RobustScaler,RBF-SVM,0.49,0.4874886946035573
bounded_beta,0,outlier20,RobustScaler,KNN,0.5466666666666666,0.5461624026696329
bounded_beta,0,outlier20,Winsorized Z-score,LogReg,0.4766666666666667,0.4759621268594444
bounded_beta,0,outlier20,Winsorized Z-score,RBF-SVM,0.51,0.5071028601446279
bounded_beta,0,outlier20,Winsorized Z-score,KNN,0.53,0.5293672604279086
bounded_beta,0,outlier20,Yeo-Johnson,LogReg,0.48,0.4788650839606253
bounded_beta,0,outlier20,Yeo-Johnson,RBF-SVM,0.5066666666666667,0.5044642857142857
bounded_beta,0,outlier20,Yeo-Johnson,KNN,0.55,0.5497548665384487
bounded_beta,0,outlier20,Quantile-Normal,LogReg,0.6866666666666666,0.6857728650383312
bounded_beta,0,outlier20,Quantile-Normal,RBF-SVM,0.7133333333333334,0.7133205920263123
bounded_beta,0,outlier20,Quantile-Normal,KNN,0.6766666666666667,0.6765768268963601
bounded_beta,0,outlier20,Core-Norm ablation — residual channel removed,LogReg,0.6699999999999999,0.6689369196642552
bounded_beta,0,outlier20,Core-Norm ablation — residual channel removed,RBF-SVM,0.6599999999999999,0.6599848882172541
bounded_beta,0,outlier20,Core-Norm ablation — residual channel removed,KNN,0.6433333333333333,0.6431390423675112
bounded_beta,0,outlier20,Core-Norm,LogReg,0.7833333333333333,0.783138157675241
bounded_beta,0,outlier20,Core-Norm,RBF-SVM,0.71,0.7098420251025559
bounded_beta,0,outlier20,Core-Norm,KNN,0.6799999999999999,0.6793015901296156
bounded_beta,1,outlier20,No scaling,LogReg,0.5266666666666666,0.5259081196581197
bounded_beta,1,outlier20,No scaling,RBF-SVM,0.5233333333333333,0.5142608045833852
bounded_beta,1,outlier20,No scaling,KNN,0.5466666666666666,0.5461624026696329
bounded_beta,1,outlier20,Z-score,LogReg,0.5266666666666666,0.5259081196581197
bounded_beta,1,outlier20,Z-score,RBF-SVM,0.5366666666666666,0.5328830191215512
bounded_beta,1,outlier20,Z-score,KNN,0.54,0.5389960358113224
bounded_beta,1,outlier20,Min-Max,LogReg,0.53,0.5291157840834456
bounded_beta,1,outlier20,Min-Max,RBF-SVM,0.5133333333333333,0.5062229437229437
bounded_beta,1,outlier20,Min-Max,KNN,0.5333333333333333,0.5323148189390228
bounded_beta,1,outlier20,RobustScaler,LogReg,0.5233333333333333,0.5224365753470406
bounded_beta,1,outlier20,RobustScaler,RBF-SVM,0.5166666666666666,0.5083579154375615
bounded_beta,1,outlier20,RobustScaler,KNN,0.5233333333333333,0.5217977728483687
bounded_beta,1,outlier20,Winsorized Z-score,LogReg,0.5233333333333333,0.5224365753470406
bounded_beta,1,outlier20,Winsorized Z-score,RBF-SVM,0.5266666666666666,0.52361782071927
bounded_beta,1,outlier20,Winsorized Z-score,KNN,0.5533333333333333,0.5517195236183594
bounded_beta,1,outlier20,Yeo-Johnson,LogReg,0.5266666666666666,0.5253164556962026
bounded_beta,1,outlier20,Yeo-Johnson,RBF-SVM,0.5433333333333333,0.5384045193679174
bounded_beta,1,outlier20,Yeo-Johnson,KNN,0.5333333333333333,0.5328142380422691
bounded_beta,1,outlier20,Quantile-Normal,LogReg,0.6633333333333333,0.6632996632996633
bounded_beta,1,outlier20,Quantile-Normal,RBF-SVM,0.66,0.66
bounded_beta,1,outlier20,Quantile-Normal,KNN,0.6699999999999999,0.6699083078632954
bounded_beta,1,outlier20,Core-Norm ablation — residual channel removed,LogReg,0.6666666666666666,0.6665332799786581
bounded_beta,1,outlier20,Core-Norm ablation — residual channel removed,RBF-SVM,0.6433333333333333,0.6428531692608952
bounded_beta,1,outlier20,Core-Norm ablation — residual channel removed,KNN,0.6633333333333333,0.6628800943490694
bounded_beta,1,outlier20,Core-Norm,LogReg,0.7433333333333334,0.7431935164700781
bounded_beta,1,outlier20,Core-Norm,RBF-SVM,0.71,0.7094544199663814
bounded_beta,1,outlier20,Core-Norm,KNN,0.6599999999999999,0.6592579395127165
mixed,0,outlier20,No scaling,LogReg,0.48,0.4799075391180654
mixed,0,outlier20,No scaling,RBF-SVM,0.52,0.5104039167686658
mixed,0,outlier20,No scaling,KNN,0.5366666666666666,0.5362492910285924
mixed,0,outlier20,Z-score,LogReg,0.48,0.4799075391180654
mixed,0,outlier20,Z-score,RBF-SVM,0.47,0.4662937062937062
mixed,0,outlier20,Z-score,KNN,0.47,0.4618135866683215
mixed,0,outlier20,Min-Max,LogReg,0.48,0.4799768878616827
mixed,0,outlier20,Min-Max,RBF-SVM,0.48,0.4747474747474747
mixed,0,outlier20,Min-Max,KNN,0.5033333333333333,0.4986484819255487
mixed,0,outlier20,RobustScaler,LogReg,0.48,0.4799075391180654
mixed,0,outlier20,RobustScaler,RBF-SVM,0.4733333333333333,0.472958548301014
mixed,0,outlier20,RobustScaler,KNN,0.5166666666666667,0.5157573666106355
mixed,0,outlier20,Winsorized Z-score,LogReg,0.4833333333333333,0.4831897749374826
mixed,0,outlier20,Winsorized Z-score,RBF-SVM,0.47,0.4699941110456783
mixed,0,outlier20,Winsorized Z-score,KNN,0.4966666666666667,0.4946396099911868
mixed,0,outlier20,Yeo-Johnson,LogReg,0.48,0.4799075391180654
mixed,0,outlier20,Yeo-Johnson,RBF-SVM,0.4633333333333334,0.4589508350976241
mixed,0,outlier20,Yeo-Johnson,KNN,0.5,0.4918469668910068
mixed,0,outlier20,Quantile-Normal,LogReg,0.62,0.6166606886657102
mixed,0,outlier20,Quantile-Normal,RBF-SVM,0.6266666666666667,0.6176778480724592
mixed,0,outlier20,Quantile-Normal,KNN,0.6566666666666667,0.6538629566152502
mixed,0,outlier20,Core-Norm ablation — residual channel removed,LogReg,0.6966666666666668,0.69517301443741
mixed,0,outlier20,Core-Norm ablation — residual channel removed,RBF-SVM,0.6599999999999999,0.659758050169009
mixed,0,outlier20,Core-Norm ablation — residual channel removed,KNN,0.65,0.649341541338736
mixed,0,outlier20,Core-Norm,LogReg,0.75,0.74997499749975
mixed,0,outlier20,Core-Norm,RBF-SVM,0.72,0.71875
mixed,0,outlier20,Core-Norm,KNN,0.6333333333333333,0.6333333333333333
mixed,1,outlier20,No scaling,LogReg,0.5833333333333333,0.5833287036522627
mixed,1,outlier20,No scaling,RBF-SVM,0.55,0.5499949999444438
mixed,1,outlier20,No scaling,KNN,0.51,0.5093403353397346
mixed,1,outlier20,Z-score,LogReg,0.5833333333333333,0.5833287036522627
mixed,1,outlier20,Z-score,RBF-SVM,0.5533333333333333,0.5260328239954726
mixed,1,outlier20,Z-score,KNN,0.5233333333333334,0.523200889135871
mixed,1,outlier20,Min-Max,LogReg,0.5833333333333333,0.5833287036522627
mixed,1,outlier20,Min-Max,RBF-SVM,0.54,0.5118845500848896
mixed,1,outlier20,Min-Max,KNN,0.5066666666666667,0.506578947368421
mixed,1,outlier20,RobustScaler,LogReg,0.5866666666666667,0.5866482954797991
mixed,1,outlier20,RobustScaler,RBF-SVM,0.5166666666666667,0.5151096298112829
mixed,1,outlier20,RobustScaler,KNN,0.5466666666666666,0.5466465176230055
mixed,1,outlier20,Winsorized Z-score,LogReg,0.5800000000000001,0.5799813325036669
mixed,1,outlier20,Winsorized Z-score,RBF-SVM,0.5466666666666666,0.5426829268292683
mixed,1,outlier20,Winsorized Z-score,KNN,0.5233333333333333,0.5230736734444308
mixed,1,outlier20,Yeo-Johnson,LogReg,0.5700000000000001,0.5697657613589622
mixed,1,outlier20,Yeo-Johnson,RBF-SVM,0.5466666666666666,0.5221139430284858
mixed,1,outlier20,Yeo-Johnson,KNN,0.52,0.5198079231692677
mixed,1,outlier20,Quantile-Normal,LogReg,0.5966666666666667,0.5963033396723718
mixed,1,outlier20,Quantile-Normal,RBF-SVM,0.59,0.5892286627110908
mixed,1,outlier20,Quantile-Normal,KNN,0.6100000000000001,0.6057907209200463
mixed,1,outlier20,Core-Norm ablation — residual channel removed,LogReg,0.64,0.6392142888958176
mixed,1,outlier20,Core-Norm ablation — residual channel removed,RBF-SVM,0.6433333333333333,0.6428531692608952
mixed,1,outlier20,Core-Norm ablation — residual channel removed,KNN,0.61,0.609266288920306
mixed,1,outlier20,Core-Norm,LogReg,0.6866666666666666,0.6866109530583215
mixed,1,outlier20,Core-Norm,RBF-SVM,0.6333333333333333,0.6327457264957266
mixed,1,outlier20,Core-Norm,KNN,0.6200000000000001,0.6186270574066639
heteroscedastic,0,outlier20,No scaling,LogReg,0.4666666666666667,0.4665718349928876
heteroscedastic,0,outlier20,No scaling,RBF-SVM,0.51,0.4791605154066918
heteroscedastic,0,outlier20,No scaling,KNN,0.5666666666666667,0.565720903300521
heteroscedastic,0,outlier20,Z-score,LogReg,0.4666666666666667,0.4665718349928876
heteroscedastic,0,outlier20,Z-score,RBF-SVM,0.5166666666666667,0.5151096298112829
heteroscedastic,0,outlier20,Z-score,KNN,0.5233333333333334,0.5226916187318507
heteroscedastic,0,outlier20,Min-Max,LogReg,0.4633333333333333,0.4631842178382884
heteroscedastic,0,outlier20,Min-Max,RBF-SVM,0.52,0.5182657567242072
heteroscedastic,0,outlier20,Min-Max,KNN,0.5166666666666666,0.5162312748139992
heteroscedastic,0,outlier20,RobustScaler,LogReg,0.4666666666666667,0.4665718349928876
heteroscedastic,0,outlier20,RobustScaler,RBF-SVM,0.5233333333333333,0.5217977728483687
heteroscedastic,0,outlier20,RobustScaler,KNN,0.53,0.5293672604279086
heteroscedastic,0,outlier20,Winsorized Z-score,LogReg,0.4599999999999999,0.4597839135654261
heteroscedastic,0,outlier20,Winsorized Z-score,RBF-SVM,0.52,0.5182657567242072
heteroscedastic,0,outlier20,Winsorized Z-score,KNN,0.5266666666666666,0.5264772575696945
heteroscedastic,0,outlier20,Yeo-Johnson,LogReg,0.4633333333333333,0.4631842178382884
heteroscedastic,0,outlier20,Yeo-Johnson,RBF-SVM,0.52,0.5186307719736138
heteroscedastic,0,outlier20,Yeo-Johnson,KNN,0.52,0.5194660734149055
heteroscedastic,0,outlier20,Quantile-Normal,LogReg,0.6733333333333333,0.671875
heteroscedastic,0,outlier20,Quantile-Normal,RBF-SVM,0.71,0.7098420251025559
heteroscedastic,0,outlier20,Quantile-Normal,KNN,0.6933333333333334,0.6922253445737989
heteroscedastic,0,outlier20,Core-Norm ablation — residual channel removed,LogReg,0.6933333333333334,0.6919642857142857
heteroscedastic,0,outlier20,Core-Norm ablation — residual channel removed,RBF-SVM,0.6666666666666666,0.6651785714285714
heteroscedastic,0,outlier20,Core-Norm ablation — residual channel removed,KNN,0.6733333333333333,0.671875
heteroscedastic,0,outlier20,Core-Norm,LogReg,0.7766666666666666,0.7766443310997766
heteroscedastic,0,outlier20,Core-Norm,RBF-SVM,0.7133333333333334,0.7120535714285714
heteroscedastic,0,outlier20,Core-Norm,KNN,0.6866666666666666,0.6865412831799387
heteroscedastic,1,outlier20,No scaling,LogReg,0.5166666666666666,0.5142866713563126
heteroscedastic,1,outlier20,No scaling,RBF-SVM,0.61,0.6096486838154338
heteroscedastic,1,outlier20,No scaling,KNN,0.6266666666666667,0.62640099626401
heteroscedastic,1,outlier20,Z-score,LogReg,0.5166666666666666,0.5142866713563126
heteroscedastic,1,outlier20,Z-score,RBF-SVM,0.54,0.5359576757532281
heteroscedastic,1,outlier20,Z-score,KNN,0.5633333333333334,0.5615747609857316
heteroscedastic,1,outlier20,Min-Max,LogReg,0.5166666666666666,0.5147201552895503
heteroscedastic,1,outlier20,Min-Max,RBF-SVM,0.5266666666666666,0.5212192051789246
heteroscedastic,1,outlier20,Min-Max,KNN,0.54,0.5389960358113224
heteroscedastic,1,outlier20,RobustScaler,LogReg,0.5166666666666666,0.5142866713563126
heteroscedastic,1,outlier20,RobustScaler,RBF-SVM,0.5333333333333333,0.5279625966552778
heteroscedastic,1,outlier20,RobustScaler,KNN,0.5466666666666666,0.5453735068639687
heteroscedastic,1,outlier20,Winsorized Z-score,LogReg,0.5166666666666666,0.5147201552895503
heteroscedastic,1,outlier20,Winsorized Z-score,RBF-SVM,0.5366666666666666,0.5328830191215512
heteroscedastic,1,outlier20,Winsorized Z-score,KNN,0.56,0.558744874309146
heteroscedastic,1,outlier20,Yeo-Johnson,LogReg,0.5266666666666666,0.5253164556962026
heteroscedastic,1,outlier20,Yeo-Johnson,RBF-SVM,0.5466666666666666,0.5437466451959205
heteroscedastic,1,outlier20,Yeo-Johnson,KNN,0.55,0.5477841422972565
heteroscedastic,1,outlier20,Quantile-Normal,LogReg,0.6933333333333334,0.6933333333333334
heteroscedastic,1,outlier20,Quantile-Normal,RBF-SVM,0.69,0.6897207486738064
heteroscedastic,1,outlier20,Quantile-Normal,KNN,0.7,0.6999866660740477
heteroscedastic,1,outlier20,Core-Norm ablation — residual channel removed,LogReg,0.69,0.6899138649624896
heteroscedastic,1,outlier20,Core-Norm ablation — residual channel removed,RBF-SVM,0.69,0.6895826611333014
heteroscedastic,1,outlier20,Core-Norm ablation — residual channel removed,KNN,0.6866666666666666,0.6866666666666666
heteroscedastic,1,outlier20,Core-Norm,LogReg,0.7733333333333333,0.7732930298719772
heteroscedastic,1,outlier20,Core-Norm,RBF-SVM,0.72,0.719551282051282
heteroscedastic,1,outlier20,Core-Norm,KNN,0.69,0.6898311302820425
breast,0,outlier20,No scaling,LogReg,0.5332213785046729,0.5308188739034665
breast,0,outlier20,No scaling,RBF-SVM,0.7062646028037383,0.7174782608695652
breast,0,outlier20,No scaling,KNN,0.7391209112149533,0.7541185653835093
breast,0,outlier20,Z-score,LogReg,0.5643253504672897,0.5574134176903167
breast,0,outlier20,Z-score,RBF-SVM,0.5156980140186915,0.4481645824929406
breast,0,outlier20,Z-score,KNN,0.5754234813084111,0.5763513513513514
breast,0,outlier20,Min-Max,LogReg,0.5376022196261683,0.4941793893129771
breast,0,outlier20,Min-Max,RBF-SVM,0.5078855140186915,0.4339766766817742
breast,0,outlier20,Min-Max,KNN,0.5473860981308412,0.5476190476190476
breast,0,outlier20,RobustScaler,LogReg,0.5596524532710281,0.5529411764705883
breast,0,outlier20,RobustScaler,RBF-SVM,0.5047459112149533,0.4223273218647679
breast,0,outlier20,RobustScaler,KNN,0.5426401869158879,0.5424878471568
breast,0,outlier20,Winsorized Z-score,LogReg,0.5689982476635513,0.561900826446281
breast,0,outlier20,Winsorized Z-score,RBF-SVM,0.5235105140186915,0.4620224719101123
breast,0,outlier20,Winsorized Z-score,KNN,0.5754234813084111,0.5763513513513514
breast,0,outlier20,Yeo-Johnson,LogReg,0.522196261682243,0.5110294117647058
breast,0,outlier20,Yeo-Johnson,RBF-SVM,0.5376022196261683,0.4941793893129771
breast,0,outlier20,Yeo-Johnson,KNN,0.5424941588785046,0.5345899175366616
breast,0,outlier20,Quantile-Normal,LogReg,0.8517085280373832,0.8550046082949309
breast,0,outlier20,Quantile-Normal,RBF-SVM,0.8735397196261683,0.8793852322084865
breast,0,outlier20,Quantile-Normal,KNN,0.8798189252336448,0.881010803882073
breast,0,outlier20,Core-Norm ablation — residual channel removed,LogReg,0.8860251168224299,0.8920815235549615
breast,0,outlier20,Core-Norm ablation — residual channel removed,RBF-SVM,0.8610543224299065,0.8666889408620113
breast,0,outlier20,Core-Norm ablation — residual channel removed,KNN,0.8344772196261683,0.8447336561743342
breast,0,outlier20,Core-Norm,LogReg,0.9188084112149532,0.92408996744599
breast,0,outlier20,Core-Norm,RBF-SVM,0.892231308411215,0.9033425029204508
breast,0,outlier20,Core-Norm,KNN,0.8235251168224299,0.8362382685309329
breast,1,outlier20,No scaling,LogReg,0.5332213785046729,0.5308188739034665
breast,1,outlier20,No scaling,RBF-SVM,0.6955315420560748,0.7026316806430422
breast,1,outlier20,No scaling,KNN,0.7658440420560748,0.7706408345752608
breast,1,outlier20,Z-score,LogReg,0.5892231308411215,0.579090555771473
breast,1,outlier20,Z-score,RBF-SVM,0.5141647196261683,0.4552805684881157
breast,1,outlier20,Z-score,KNN,0.498758761682243,0.4811073699962589
breast,1,outlier20,Min-Max,LogReg,0.5735251168224299,0.5465878959854864
breast,1,outlier20,Min-Max,RBF-SVM,0.4985397196261682,0.4278651685393259
breast,1,outlier20,Min-Max,KNN,0.4816004672897196,0.4629752066115702
breast,1,outlier20,RobustScaler,LogReg,0.5892231308411215,0.579090555771473
breast,1,outlier20,RobustScaler,RBF-SVM,0.4954001168224299,0.4165605744258288
breast,1,outlier20,RobustScaler,KNN,0.4924795560747663,0.4680161943319838
breast,1,outlier20,Winsorized Z-score,LogReg,0.5970356308411215,0.5892244337680165
breast,1,outlier20,Winsorized Z-score,RBF-SVM,0.4985397196261682,0.4278651685393259
breast,1,outlier20,Winsorized Z-score,KNN,0.5174503504672897,0.497165991902834
breast,1,outlier20,Yeo-Johnson,LogReg,0.5924357476635513,0.5901612706666125
breast,1,outlier20,Yeo-Johnson,RBF-SVM,0.5110251168224299,0.444943820224719
breast,1,outlier20,Yeo-Johnson,KNN,0.5112441588785046,0.4953236064347175
breast,1,outlier20,Quantile-Normal,LogReg,0.8189252336448598,0.8228765907073099
breast,1,outlier20,Quantile-Normal,RBF-SVM,0.8391501168224299,0.8505982905982906
breast,1,outlier20,Quantile-Normal,KNN,0.8532418224299065,0.8598360655737705
breast,1,outlier20,Core-Norm ablation — residual channel removed,LogReg,0.8610543224299065,0.8666889408620113
breast,1,outlier20,Core-Norm ablation — residual channel removed,RBF-SVM,0.868793808411215,0.8825907842538907
breast,1,outlier20,Core-Norm ablation — residual channel removed,KNN,0.8625876168224299,0.8716216216216217
breast,1,outlier20,Core-Norm,LogReg,0.923481308411215,0.9301703975943868
breast,1,outlier20,Core-Norm,RBF-SVM,0.8875584112149533,0.8972972972972972
breast,1,outlier20,Core-Norm,KNN,0.860981308411215,0.875541084083509
wine,0,outlier20,No scaling,LogReg,0.5042328042328043,0.4993580765639589
wine,0,outlier20,No scaling,RBF-SVM,0.5433862433862434,0.4979970482816783
wine,0,outlier20,No scaling,KNN,0.691005291005291,0.6912293207401466
wine,0,outlier20,Z-score,LogReg,0.4751322751322751,0.4683229813664596
wine,0,outlier20,Z-score,RBF-SVM,0.3037037037037036,0.2939393939393939
wine,0,outlier20,Z-score,KNN,0.3238095238095237,0.2961463487779277
wine,0,outlier20,Min-Max,LogReg,0.3158730158730158,0.2724137931034483
wine,0,outlier20,Min-Max,RBF-SVM,0.3100529100529101,0.308994708994709
wine,0,outlier20,Min-Max,KNN,0.3645502645502645,0.3498335582546109
wine,0,outlier20,RobustScaler,LogReg,0.4592592592592592,0.4545663676098458
wine,0,outlier20,RobustScaler,RBF-SVM,0.3126984126984127,0.3089603874762152
wine,0,outlier20,RobustScaler,KNN,0.32010582010582,0.2705128205128205
wine,0,outlier20,Winsorized Z-score,LogReg,0.4751322751322751,0.4683229813664596
wine,0,outlier20,Winsorized Z-score,RBF-SVM,0.3,0.274049633689887
wine,0,outlier20,Winsorized Z-score,KNN,0.3238095238095237,0.2954222403956617
wine,0,outlier20,Yeo-Johnson,LogReg,0.4814814814814814,0.4806722689075629
wine,0,outlier20,Yeo-Johnson,RBF-SVM,0.2973544973544973,0.2755470235873371
wine,0,outlier20,Yeo-Johnson,KNN,0.2857142857142857,0.2409288824383164
wine,0,outlier20,Quantile-Normal,LogReg,0.7232804232804232,0.7198412698412698
wine,0,outlier20,Quantile-Normal,RBF-SVM,0.6582010582010582,0.6675450153711023
wine,0,outlier20,Quantile-Normal,KNN,0.7354497354497354,0.7354497354497354
wine,0,outlier20,Core-Norm ablation — residual channel removed,LogReg,0.7291005291005291,0.7352657004830917
wine,0,outlier20,Core-Norm ablation — residual channel removed,RBF-SVM,0.744973544973545,0.7497584541062802
wine,0,outlier20,Core-Norm ablation — residual channel removed,KNN,0.7216931216931216,0.7206369099264115
wine,0,outlier20,Core-Norm,LogReg,0.8682539682539683,0.8708853238265003
wine,0,outlier20,Core-Norm,RBF-SVM,0.7894179894179895,0.796571411264065
wine,0,outlier20,Core-Norm,KNN,0.6994708994708995,0.69383263529605
wine,1,outlier20,No scaling,LogReg,0.302116402116402,0.3010695187165775
wine,1,outlier20,No scaling,RBF-SVM,0.5423280423280423,0.4737373737373737
wine,1,outlier20,No scaling,KNN,0.6534391534391534,0.6509803921568628
wine,1,outlier20,Z-score,LogReg,0.3603174603174603,0.3549043549043549
wine,1,outlier20,Z-score,RBF-SVM,0.3661375661375661,0.3174603174603174
wine,1,outlier20,Z-score,KNN,0.3211640211640211,0.3162907268170426
wine,1,outlier20,Min-Max,LogReg,0.4095238095238094,0.3844155844155844
wine,1,outlier20,Min-Max,RBF-SVM,0.3185185185185185,0.2859997433500156
wine,1,outlier20,Min-Max,KNN,0.3052910052910053,0.2975912975912975
wine,1,outlier20,RobustScaler,LogReg,0.3603174603174603,0.3549043549043549
wine,1,outlier20,RobustScaler,RBF-SVM,0.3502645502645503,0.3077750874361044
wine,1,outlier20,RobustScaler,KNN,0.2894179894179894,0.2777777777777777
wine,1,outlier20,Winsorized Z-score,LogReg,0.3417989417989417,0.3384559590189944
wine,1,outlier20,Winsorized Z-score,RBF-SVM,0.3846560846560847,0.3398467432950192
wine,1,outlier20,Winsorized Z-score,KNN,0.3015873015873015,0.2980030721966206
wine,1,outlier20,Yeo-Johnson,LogReg,0.3703703703703703,0.3683613321544356
wine,1,outlier20,Yeo-Johnson,RBF-SVM,0.3724867724867725,0.3406444925685306
wine,1,outlier20,Yeo-Johnson,KNN,0.2809523809523809,0.2510442773600668
wine,1,outlier20,Quantile-Normal,LogReg,0.7328042328042327,0.7387235720569055
wine,1,outlier20,Quantile-Normal,RBF-SVM,0.7386243386243386,0.7473922902494331
wine,1,outlier20,Quantile-Normal,KNN,0.7671957671957671,0.7715973827764934
wine,1,outlier20,Core-Norm ablation — residual channel removed,LogReg,0.7206349206349206,0.7238692342140617
wine,1,outlier20,Core-Norm ablation — residual channel removed,RBF-SVM,0.7513227513227513,0.7560935068075011
wine,1,outlier20,Core-Norm ablation — residual channel removed,KNN,0.7576719576719576,0.7614870509607351
wine,1,outlier20,Core-Norm,LogReg,0.8645502645502644,0.8667320086726663
wine,1,outlier20,Core-Norm,RBF-SVM,0.7328042328042327,0.7409094394601641
wine,1,outlier20,Core-Norm,KNN,0.7259259259259259,0.7214894141889049
iris,0,outlier20,No scaling,LogReg,0.3999999999999999,0.387037037037037
iris,0,outlier20,No scaling,RBF-SVM,0.3777777777777777,0.3611111111111111
iris,0,outlier20,No scaling,KNN,0.7333333333333334,0.7342140618002686
iris,0,outlier20,Z-score,LogReg,0.3999999999999999,0.387037037037037
iris,0,outlier20,Z-score,RBF-SVM,0.4888888888888889,0.4821744821744822
iris,0,outlier20,Z-score,KNN,0.5555555555555555,0.5521885521885521
iris,0,outlier20,Min-Max,LogReg,0.3777777777777777,0.3670995670995671
iris,0,outlier20,Min-Max,RBF-SVM,0.4666666666666666,0.4641564641564641
iris,0,outlier20,Min-Max,KNN,0.5777777777777778,0.5766901495488815
iris,0,outlier20,RobustScaler,LogReg,0.3999999999999999,0.387037037037037
iris,0,outlier20,RobustScaler,RBF-SVM,0.3999999999999999,0.3790200138026224
iris,0,outlier20,RobustScaler,KNN,0.5777777777777778,0.5766901495488815
iris,0,outlier20,Winsorized Z-score,LogReg,0.3999999999999999,0.3944592030360531
iris,0,outlier20,Winsorized Z-score,RBF-SVM,0.4444444444444445,0.4433862433862434
iris,0,outlier20,Winsorized Z-score,KNN,0.6444444444444445,0.6378932696136997
iris,0,outlier20,Yeo-Johnson,LogReg,0.4666666666666666,0.4526984126984126
iris,0,outlier20,Yeo-Johnson,RBF-SVM,0.3777777777777777,0.3410528044674386
iris,0,outlier20,Yeo-Johnson,KNN,0.6222222222222222,0.6187739463601533
iris,0,outlier20,Quantile-Normal,LogReg,0.6444444444444444,0.6466973886328725
iris,0,outlier20,Quantile-Normal,RBF-SVM,0.7999999999999999,0.7976066079514355
iris,0,outlier20,Quantile-Normal,KNN,0.7777777777777778,0.7755952380952381
iris,0,outlier20,Core-Norm ablation — residual channel removed,LogReg,0.6666666666666666,0.6682027649769585
iris,0,outlier20,Core-Norm ablation — residual channel removed,RBF-SVM,0.8222222222222223,0.8225574712643677
iris,0,outlier20,Core-Norm ablation — residual channel removed,KNN,0.7555555555555555,0.7573192239858907
iris,0,outlier20,Core-Norm,LogReg,0.8000000000000002,0.8041474654377879
iris,0,outlier20,Core-Norm,RBF-SVM,0.8222222222222223,0.8225574712643677
iris,0,outlier20,Core-Norm,KNN,0.7555555555555555,0.7572242572242572
iris,1,outlier20,No scaling,LogReg,0.4444444444444445,0.3994437124871907
iris,1,outlier20,No scaling,RBF-SVM,0.2222222222222222,0.1785185185185185
iris,1,outlier20,No scaling,KNN,0.5777777777777778,0.5836194456884112
iris,1,outlier20,Z-score,LogReg,0.4444444444444445,0.3994437124871907
iris,1,outlier20,Z-score,RBF-SVM,0.2222222222222222,0.206449864498645
iris,1,outlier20,Z-score,KNN,0.5777777777777778,0.57822271659869
iris,1,outlier20,Min-Max,LogReg,0.4000000000000001,0.3388543823326431
iris,1,outlier20,Min-Max,RBF-SVM,0.2222222222222222,0.1944444444444444
iris,1,outlier20,Min-Max,KNN,0.5333333333333333,0.5368214161317609
iris,1,outlier20,RobustScaler,LogReg,0.4444444444444445,0.3994437124871907
iris,1,outlier20,RobustScaler,RBF-SVM,0.2444444444444444,0.2085720705538703
iris,1,outlier20,RobustScaler,KNN,0.5333333333333333,0.5400045075501465
iris,1,outlier20,Winsorized Z-score,LogReg,0.4444444444444445,0.3994437124871907
iris,1,outlier20,Winsorized Z-score,RBF-SVM,0.1999999999999999,0.1786720867208672
iris,1,outlier20,Winsorized Z-score,KNN,0.5777777777777778,0.57822271659869
iris,1,outlier20,Yeo-Johnson,LogReg,0.4444444444444445,0.4181395471718052
iris,1,outlier20,Yeo-Johnson,RBF-SVM,0.2222222222222222,0.1944444444444444
iris,1,outlier20,Yeo-Johnson,KNN,0.5111111111111111,0.5099740452354468
iris,1,outlier20,Quantile-Normal,LogReg,0.5555555555555555,0.5433006535947712
iris,1,outlier20,Quantile-Normal,RBF-SVM,0.7111111111111111,0.7063888888888888
iris,1,outlier20,Quantile-Normal,KNN,0.688888888888889,0.6872256872256872
iris,1,outlier20,Core-Norm ablation — residual channel removed,LogReg,0.5333333333333333,0.5250770734641702
iris,1,outlier20,Core-Norm ablation — residual channel removed,RBF-SVM,0.688888888888889,0.6852848301124164
iris,1,outlier20,Core-Norm ablation — residual channel removed,KNN,0.688888888888889,0.6840207347306738
iris,1,outlier20,Core-Norm,LogReg,0.7777777777777777,0.7791373130638982
iris,1,outlier20,Core-Norm,RBF-SVM,0.7111111111111111,0.7070092404778002
iris,1,outlier20,Core-Norm,KNN,0.6666666666666666,0.6636065084340946
digits,0,outlier20,No scaling,LogReg,0.0925394486715241,0.0887162273737732
digits,0,outlier20,No scaling,RBF-SVM,0.1052084219065351,0.1016104244021572
digits,0,outlier20,No scaling,KNN,0.1213985525306279,0.1132239956597051
digits,0,outlier20,Z-score,LogReg,0.0906163717484472,0.0862433636840663
digits,0,outlier20,Z-score,RBF-SVM,0.1075379337643488,0.1072618979473107
digits,0,outlier20,Z-score,KNN,0.0985960475583117,0.0980566115744044
digits,0,outlier20,Min-Max,LogReg,0.0832426343747098,0.0791664882176316
digits,0,outlier20,Min-Max,RBF-SVM,0.105719751946167,0.1051702939622197
digits,0,outlier20,Min-Max,KNN,0.1058312197934839,0.1052309549192336
digits,0,outlier20,RobustScaler,LogReg,0.0925394486715241,0.088823152107158
digits,0,outlier20,RobustScaler,RBF-SVM,0.1165927049889314,0.1174124786059943
digits,0,outlier20,RobustScaler,KNN,0.1147383120024629,0.1052966795183568
digits,0,outlier20,Winsorized Z-score,LogReg,0.1037268671230935,0.1051490633030901
digits,0,outlier20,Winsorized Z-score,RBF-SVM,0.1275328514951156,0.1293022437618755
digits,0,outlier20,Winsorized Z-score,KNN,0.113091094789208,0.1008832928498326
digits,0,outlier20,Yeo-Johnson,LogReg,0.096139527837641,0.0899284525094155
digits,0,outlier20,Yeo-Johnson,RBF-SVM,0.1031441654083163,0.1008295393380749
digits,0,outlier20,Yeo-Johnson,KNN,0.0963208035849545,0.0956073039524531
digits,0,outlier20,Quantile-Normal,LogReg,0.5164768390240088,0.5140246484359339
digits,0,outlier20,Quantile-Normal,RBF-SVM,0.5842441590554798,0.5826941719091414
digits,0,outlier20,Quantile-Normal,KNN,0.5789218992049181,0.5752662472658434
digits,0,outlier20,Core-Norm ablation — residual channel removed,LogReg,0.5344384825516901,0.5312432682232602
digits,0,outlier20,Core-Norm ablation — residual channel removed,RBF-SVM,0.608363631476839,0.6075394647474015
digits,0,outlier20,Core-Norm ablation — residual channel removed,KNN,0.5530323310511989,0.5521350128301259
digits,0,outlier20,Core-Norm,LogReg,0.844100145137881,0.8448306086191598
digits,0,outlier20,Core-Norm,RBF-SVM,0.6508214706327913,0.6492610064665065
digits,0,outlier20,Core-Norm,KNN,0.4158142870407021,0.407466164505961
digits,1,outlier20,No scaling,LogReg,0.1256020045642687,0.1126353182081636
digits,1,outlier20,No scaling,RBF-SVM,0.118645233173535,0.1163507171055107
digits,1,outlier20,No scaling,KNN,0.0983421295685446,0.0948574636632823
digits,1,outlier20,Z-score,LogReg,0.1218633602595866,0.1095170904879125
digits,1,outlier20,Z-score,RBF-SVM,0.1008144336446223,0.0839551767571637
digits,1,outlier20,Z-score,KNN,0.1222091011713653,0.117169046249841
digits,1,outlier20,Min-Max,LogReg,0.1237501527124168,0.1111010140533427
digits,1,outlier20,Min-Max,RBF-SVM,0.1063026491328378,0.0895325959505236
digits,1,outlier20,Min-Max,KNN,0.1185403380686399,0.1140936953655998
digits,1,outlier20,RobustScaler,LogReg,0.1218633602595866,0.1095170904879125
digits,1,outlier20,RobustScaler,RBF-SVM,0.1144934345877742,0.1126458704632612
digits,1,outlier20,RobustScaler,KNN,0.0999778383740647,0.0944889776686104
digits,1,outlier20,Winsorized Z-score,LogReg,0.1239948102212253,0.1217441197521271
digits,1,outlier20,Winsorized Z-score,RBF-SVM,0.1220096221039617,0.1199952578771522
digits,1,outlier20,Winsorized Z-score,KNN,0.1240337824300088,0.1237557126552341
digits,1,outlier20,Yeo-Johnson,LogReg,0.1274901408863673,0.1137870894228525
digits,1,outlier20,Yeo-Johnson,RBF-SVM,0.1045867479829743,0.0888213095194931
digits,1,outlier20,Yeo-Johnson,KNN,0.1149014332976597,0.1061455063991825
digits,1,outlier20,Quantile-Normal,LogReg,0.5808293139425216,0.578683114694868
digits,1,outlier20,Quantile-Normal,RBF-SVM,0.6341313717728811,0.6320043182071331
digits,1,outlier20,Quantile-Normal,KNN,0.6047880351653936,0.6008688794139945
digits,1,outlier20,Core-Norm ablation — residual channel removed,LogReg,0.6013730434485152,0.5987989353423054
digits,1,outlier20,Core-Norm ablation — residual channel removed,RBF-SVM,0.6309107768541731,0.6299518238009857
digits,1,outlier20,Core-Norm ablation — residual channel removed,KNN,0.5639347026139478,0.5596329037944319
digits,1,outlier20,Core-Norm,LogReg,0.8572897088934825,0.8570321162136537
digits,1,outlier20,Core-Norm,RBF-SVM,0.6754057019151359,0.6749571348415199
digits,1,outlier20,Core-Norm,KNN,0.4789710115181814,0.4730458378810139
gaussian,0,missing10,No scaling,LogReg,0.7933333333333333,0.793296586059744
gaussian,0,missing10,No scaling,RBF-SVM,0.8,0.7998576765700054
gaussian,0,missing10,No scaling,KNN,0.76,0.7597330367074526
gaussian,0,missing10,Z-score,LogReg,0.7933333333333333,0.793296586059744
gaussian,0,missing10,Z-score,RBF-SVM,0.7933333333333333,0.7931034482758621
gaussian,0,missing10,Z-score,KNN,0.7566666666666666,0.756599055293137
gaussian,0,missing10,Min-Max,LogReg,0.7933333333333333,0.793296586059744
gaussian,0,missing10,Min-Max,RBF-SVM,0.78,0.7796474358974359
gaussian,0,missing10,Min-Max,KNN,0.7433333333333334,0.7431935164700781
gaussian,0,missing10,RobustScaler,LogReg,0.7933333333333333,0.793296586059744
gaussian,0,missing10,RobustScaler,RBF-SVM,0.7933333333333333,0.7930021367521367
gaussian,0,missing10,RobustScaler,KNN,0.7433333333333334,0.7432620172270075
gaussian,0,missing10,Winsorized Z-score,LogReg,0.7866666666666666,0.7866571847637673
gaussian,0,missing10,Winsorized Z-score,RBF-SVM,0.7966666666666666,0.79639292827023
gaussian,0,missing10,Winsorized Z-score,KNN,0.7433333333333334,0.7432620172270075
gaussian,0,missing10,Yeo-Johnson,LogReg,0.7933333333333333,0.793296586059744
gaussian,0,missing10,Yeo-Johnson,RBF-SVM,0.7833333333333333,0.7830416448781139
gaussian,0,missing10,Yeo-Johnson,KNN,0.7533333333333334,0.7532894736842105
gaussian,0,missing10,Quantile-Normal,LogReg,0.79,0.7899976666407404
gaussian,0,missing10,Quantile-Normal,RBF-SVM,0.8033333333333332,0.8032786885245902
gaussian,0,missing10,Quantile-Normal,KNN,0.7633333333333334,0.7630147197899397
gaussian,0,missing10,Core-Norm ablation — residual channel removed,LogReg,0.78,0.779990221787635
gaussian,0,missing10,Core-Norm ablation — residual channel removed,RBF-SVM,0.79,0.7894736842105263
gaussian,0,missing10,Core-Norm ablation — residual channel removed,KNN,0.7333333333333334,0.7333214809547091
gaussian,0,missing10,Core-Norm,LogReg,0.78,0.7799608819345661
gaussian,0,missing10,Core-Norm,RBF-SVM,0.8,0.7995634938310098
gaussian,0,missing10,Core-Norm,KNN,0.7233333333333334,0.7233056638997233
gaussian,1,missing10,No scaling,LogReg,0.8200000000000001,0.8199919996444287
gaussian,1,missing10,No scaling,RBF-SVM,0.8,0.7999644381223329
gaussian,1,missing10,No scaling,KNN,0.7233333333333334,0.7233302592251025
gaussian,1,missing10,Z-score,LogReg,0.8200000000000001,0.8199919996444287
gaussian,1,missing10,Z-score,RBF-SVM,0.79,0.7899416504584607
gaussian,1,missing10,Z-score,KNN,0.74,0.7399884439308414
gaussian,1,missing10,Min-Max,LogReg,0.8233333333333333,0.8233313703485594
gaussian,1,missing10,Min-Max,RBF-SVM,0.7833333333333333,0.7833309258991767
gaussian,1,missing10,Min-Max,KNN,0.7266666666666666,0.7266545179785768
gaussian,1,missing10,RobustScaler,LogReg,0.8200000000000001,0.8199919996444287
gaussian,1,missing10,RobustScaler,RBF-SVM,0.8033333333333333,0.8032262009316183
gaussian,1,missing10,RobustScaler,KNN,0.7466666666666667,0.7466666666666667
gaussian,1,missing10,Winsorized Z-score,LogReg,0.8200000000000001,0.8199919996444287
gaussian,1,missing10,Winsorized Z-score,RBF-SVM,0.7966666666666666,0.7966644073823043
gaussian,1,missing10,Winsorized Z-score,KNN,0.7433333333333333,0.7433076640997434
gaussian,1,missing10,Yeo-Johnson,LogReg,0.8200000000000001,0.8199919996444287
gaussian,1,missing10,Yeo-Johnson,RBF-SVM,0.8033333333333332,0.8032786885245902
gaussian,1,missing10,Yeo-Johnson,KNN,0.7466666666666667,0.7466666666666667
gaussian,1,missing10,Quantile-Normal,LogReg,0.8066666666666666,0.806658073692164
gaussian,1,missing10,Quantile-Normal,RBF-SVM,0.8133333333333332,0.813200498132005
gaussian,1,missing10,Quantile-Normal,KNN,0.7566666666666667,0.7566423308997566
gaussian,1,missing10,Core-Norm ablation — residual channel removed,LogReg,0.8133333333333332,0.8133250366682965
gaussian,1,missing10,Core-Norm ablation — residual channel removed,RBF-SVM,0.7933333333333333,0.7933241477398996
gaussian,1,missing10,Core-Norm ablation — residual channel removed,KNN,0.7366666666666667,0.7364294531745237
gaussian,1,missing10,Core-Norm,LogReg,0.8233333333333334,0.8233156648998233
gaussian,1,missing10,Core-Norm,RBF-SVM,0.8,0.7999644381223329
gaussian,1,missing10,Core-Norm,KNN,0.74,0.739814979541007
correlated,0,missing10,No scaling,LogReg,0.7266666666666666,0.7266545179785768
correlated,0,missing10,No scaling,RBF-SVM,0.6866666666666666,0.6866666666666666
correlated,0,missing10,No scaling,KNN,0.6566666666666667,0.6563573883161512
correlated,0,missing10,Z-score,LogReg,0.7233333333333334,0.7233302592251025
correlated,0,missing10,Z-score,RBF-SVM,0.69,0.6899965555172836
correlated,0,missing10,Z-score,KNN,0.6733333333333333,0.6731008717310087
correlated,0,missing10,Min-Max,LogReg,0.7033333333333334,0.7033300370004111
correlated,0,missing10,Min-Max,RBF-SVM,0.6933333333333334,0.6933333333333334
correlated,0,missing10,Min-Max,KNN,0.6766666666666666,0.6763754045307443
correlated,0,missing10,RobustScaler,LogReg,0.7233333333333334,0.7233056638997233
correlated,0,missing10,RobustScaler,RBF-SVM,0.71,0.7099709970997099
correlated,0,missing10,RobustScaler,KNN,0.6699999999999999,0.669820235461529
correlated,0,missing10,Winsorized Z-score,LogReg,0.7333333333333334,0.7332859174964438
correlated,0,missing10,Winsorized Z-score,RBF-SVM,0.6866666666666666,0.6866666666666666
correlated,0,missing10,Winsorized Z-score,KNN,0.6733333333333333,0.6731008717310087
correlated,0,missing10,Yeo-Johnson,LogReg,0.7233333333333334,0.7233302592251025
correlated,0,missing10,Yeo-Johnson,RBF-SVM,0.6966666666666667,0.6966632962588473
correlated,0,missing10,Yeo-Johnson,KNN,0.6766666666666667,0.6762313777411854
correlated,0,missing10,Quantile-Normal,LogReg,0.7066666666666667,0.7066666666666667
correlated,0,missing10,Quantile-Normal,RBF-SVM,0.6866666666666668,0.6866527401217832
correlated,0,missing10,Quantile-Normal,KNN,0.6599999999999999,0.6592579395127165
correlated,0,missing10,Core-Norm ablation — residual channel removed,LogReg,0.72,0.72
correlated,0,missing10,Core-Norm ablation — residual channel removed,RBF-SVM,0.6933333333333334,0.6932106175803654
correlated,0,missing10,Core-Norm ablation — residual channel removed,KNN,0.6533333333333333,0.6527777777777777
correlated,0,missing10,Core-Norm,LogReg,0.7233333333333334,0.7233302592251025
correlated,0,missing10,Core-Norm,RBF-SVM,0.6833333333333333,0.6831608320085379
correlated,0,missing10,Core-Norm,KNN,0.66,0.6590301301479764
correlated,1,missing10,No scaling,LogReg,0.7866666666666666,0.7864293659621802
correlated,1,missing10,No scaling,RBF-SVM,0.78,0.7796474358974359
correlated,1,missing10,No scaling,KNN,0.7666666666666666,0.7664071190211346
correlated,1,missing10,Z-score,LogReg,0.7866666666666666,0.7864293659621802
correlated,1,missing10,Z-score,RBF-SVM,0.7766666666666666,0.7764654856037101
correlated,1,missing10,Z-score,KNN,0.7466666666666666,0.7461137588526123
correlated,1,missing10,Min-Max,LogReg,0.7833333333333333,0.7827903091060986
correlated,1,missing10,Min-Max,RBF-SVM,0.7733333333333333,0.7730812013348165
correlated,1,missing10,Min-Max,KNN,0.7633333333333334,0.7627401837928154
correlated,1,missing10,RobustScaler,LogReg,0.7866666666666666,0.7864293659621802
correlated,1,missing10,RobustScaler,RBF-SVM,0.7766666666666666,0.7764654856037101
correlated,1,missing10,RobustScaler,KNN,0.75,0.7496634363978237
correlated,1,missing10,Winsorized Z-score,LogReg,0.7866666666666666,0.7865148550080057
correlated,1,missing10,Winsorized Z-score,RBF-SVM,0.7633333333333333,0.7631201414606479
correlated,1,missing10,Winsorized Z-score,KNN,0.7333333333333334,0.7325726510964521
correlated,1,missing10,Yeo-Johnson,LogReg,0.78,0.7798434442270059
correlated,1,missing10,Yeo-Johnson,RBF-SVM,0.7733333333333333,0.7730812013348165
correlated,1,missing10,Yeo-Johnson,KNN,0.7466666666666667,0.7455357142857142
correlated,1,missing10,Quantile-Normal,LogReg,0.7833333333333333,0.7832153061111049
correlated,1,missing10,Quantile-Normal,RBF-SVM,0.7833333333333334,0.783273131425396
correlated,1,missing10,Quantile-Normal,KNN,0.74,0.7394325419803127
correlated,1,missing10,Core-Norm ablation — residual channel removed,LogReg,0.7866666666666666,0.7863247863247863
correlated,1,missing10,Core-Norm ablation — residual channel removed,RBF-SVM,0.78,0.7799119647859143
correlated,1,missing10,Core-Norm ablation — residual channel removed,KNN,0.7466666666666666,0.7461137588526123
correlated,1,missing10,Core-Norm,LogReg,0.7866666666666666,0.7864293659621802
correlated,1,missing10,Core-Norm,RBF-SVM,0.78,0.7799119647859143
correlated,1,missing10,Core-Norm,KNN,0.7766666666666666,0.7763660031820558
lognormal,0,missing10,No scaling,LogReg,0.76,0.7597330367074526
lognormal,0,missing10,No scaling,RBF-SVM,0.7633333333333333,0.7631201414606479
lognormal,0,missing10,No scaling,KNN,0.7133333333333334,0.7127076744911139
lognormal,0,missing10,Z-score,LogReg,0.76,0.7597330367074526
lognormal,0,missing10,Z-score,RBF-SVM,0.7733333333333334,0.773172033446006
lognormal,0,missing10,Z-score,KNN,0.7,0.6993452407465146
lognormal,0,missing10,Min-Max,LogReg,0.75,0.7489931837704571
lognormal,0,missing10,Min-Max,RBF-SVM,0.77,0.7695672985940265
lognormal,0,missing10,Min-Max,KNN,0.7066666666666667,0.7061965811965811
lognormal,0,missing10,RobustScaler,LogReg,0.76,0.7597330367074526
lognormal,0,missing10,RobustScaler,RBF-SVM,0.7633333333333333,0.7628880898576216
lognormal,0,missing10,RobustScaler,KNN,0.7133333333333334,0.7132823613086771
lognormal,0,missing10,Winsorized Z-score,LogReg,0.7633333333333333,0.7631201414606479
lognormal,0,missing10,Winsorized Z-score,RBF-SVM,0.7666666666666666,0.7665732959850606
lognormal,0,missing10,Winsorized Z-score,KNN,0.6966666666666667,0.6962583028293594
lognormal,0,missing10,Yeo-Johnson,LogReg,0.7933333333333333,0.7933241477398996
lognormal,0,missing10,Yeo-Johnson,RBF-SVM,0.7833333333333333,0.7829257160668366
lognormal,0,missing10,Yeo-Johnson,KNN,0.7433333333333334,0.7433304814497939
lognormal,0,missing10,Quantile-Normal,LogReg,0.79,0.7899976666407404
lognormal,0,missing10,Quantile-Normal,RBF-SVM,0.8,0.7999199679871949
lognormal,0,missing10,Quantile-Normal,KNN,0.77,0.7696903614859978
lognormal,0,missing10,Core-Norm ablation — residual channel removed,LogReg,0.7933333333333333,0.7933241477398996
lognormal,0,missing10,Core-Norm ablation — residual channel removed,RBF-SVM,0.7733333333333334,0.7725143851197644
lognormal,0,missing10,Core-Norm ablation — residual channel removed,KNN,0.72,0.7199502133712661
lognormal,0,missing10,Core-Norm,LogReg,0.7933333333333333,0.793296586059744
lognormal,0,missing10,Core-Norm,RBF-SVM,0.77,0.7694235588972431
lognormal,0,missing10,Core-Norm,KNN,0.7266666666666666,0.7266545179785768
lognormal,1,missing10,No scaling,LogReg,0.7533333333333334,0.7531578011030066
lognormal,1,missing10,No scaling,RBF-SVM,0.7533333333333334,0.7531578011030066
lognormal,1,missing10,No scaling,KNN,0.7033333333333334,0.7031717268290514
lognormal,1,missing10,Z-score,LogReg,0.7566666666666666,0.7564474693891169
lognormal,1,missing10,Z-score,RBF-SVM,0.7533333333333334,0.7531578011030066
lognormal,1,missing10,Z-score,KNN,0.73,0.7298529199230692
lognormal,1,missing10,Min-Max,LogReg,0.74,0.7392583348190409
lognormal,1,missing10,Min-Max,RBF-SVM,0.7533333333333334,0.7531578011030066
lognormal,1,missing10,Min-Max,KNN,0.7266666666666667,0.7260701082357133
lognormal,1,missing10,RobustScaler,LogReg,0.7566666666666666,0.7564474693891169
lognormal,1,missing10,RobustScaler,RBF-SVM,0.7533333333333333,0.7530589543937709
lognormal,1,missing10,RobustScaler,KNN,0.7333333333333334,0.7332859174964438
lognormal,1,missing10,Winsorized Z-score,LogReg,0.76,0.7597330367074526
lognormal,1,missing10,Winsorized Z-score,RBF-SVM,0.7533333333333334,0.753322369883106
lognormal,1,missing10,Winsorized Z-score,KNN,0.7066666666666667,0.7066145092460883
lognormal,1,missing10,Yeo-Johnson,LogReg,0.7166666666666667,0.7162852279175336
lognormal,1,missing10,Yeo-Johnson,RBF-SVM,0.72,0.7199502133712661
lognormal,1,missing10,Yeo-Johnson,KNN,0.71,0.7096095862214755
lognormal,1,missing10,Quantile-Normal,LogReg,0.7133333333333334,0.7128739316239316
lognormal,1,missing10,Quantile-Normal,RBF-SVM,0.7333333333333334,0.7332859174964438
lognormal,1,missing10,Quantile-Normal,KNN,0.6933333333333334,0.6922253445737989
lognormal,1,missing10,Core-Norm ablation — residual channel removed,LogReg,0.7366666666666666,0.7363121530057077
lognormal,1,missing10,Core-Norm ablation — residual channel removed,RBF-SVM,0.7233333333333334,0.7232564601278133
lognormal,1,missing10,Core-Norm ablation — residual channel removed,KNN,0.7133333333333334,0.7133333333333334
lognormal,1,missing10,Core-Norm,LogReg,0.7433333333333333,0.7428504636484065
lognormal,1,missing10,Core-Norm,RBF-SVM,0.7433333333333334,0.7432620172270075
lognormal,1,missing10,Core-Norm,KNN,0.72,0.7198007471980075
student_t,0,missing10,No scaling,LogReg,0.8133333333333332,0.813200498132005
student_t,0,missing10,No scaling,RBF-SVM,0.7866666666666666,0.7865148550080057
student_t,0,missing10,No scaling,KNN,0.7333333333333334,0.732751325108013
student_t,0,missing10,Z-score,LogReg,0.8166666666666667,0.8165667974786273
student_t,0,missing10,Z-score,RBF-SVM,0.7933333333333333,0.7931862657890055
student_t,0,missing10,Z-score,KNN,0.7366666666666666,0.73666374070823
student_t,0,missing10,Min-Max,LogReg,0.7833333333333333,0.7833116644997833
student_t,0,missing10,Min-Max,RBF-SVM,0.7933333333333333,0.7933241477398996
student_t,0,missing10,Min-Max,KNN,0.7033333333333334,0.703250903028619
student_t,0,missing10,RobustScaler,LogReg,0.8133333333333332,0.813200498132005
student_t,0,missing10,RobustScaler,RBF-SVM,0.7933333333333333,0.7931034482758621
student_t,0,missing10,RobustScaler,KNN,0.7366666666666667,0.7364294531745237
student_t,0,missing10,Winsorized Z-score,LogReg,0.8166666666666667,0.8165667974786273
student_t,0,missing10,Winsorized Z-score,RBF-SVM,0.7833333333333333,0.7829257160668366
student_t,0,missing10,Winsorized Z-score,KNN,0.7566666666666667,0.7562088811212164
student_t,0,missing10,Yeo-Johnson,LogReg,0.8166666666666667,0.8165015180328963
student_t,0,missing10,Yeo-Johnson,RBF-SVM,0.7833333333333333,0.783138157675241
student_t,0,missing10,Yeo-Johnson,KNN,0.7066666666666667,0.7066145092460883
student_t,0,missing10,Quantile-Normal,LogReg,0.81,0.8099472075576549
student_t,0,missing10,Quantile-Normal,RBF-SVM,0.7766666666666666,0.7766443310997766
student_t,0,missing10,Quantile-Normal,KNN,0.7466666666666667,0.746384872080089
student_t,0,missing10,Core-Norm ablation — residual channel removed,LogReg,0.7866666666666666,0.7865148550080057
student_t,0,missing10,Core-Norm ablation — residual channel removed,RBF-SVM,0.7566666666666667,0.7562088811212164
student_t,0,missing10,Core-Norm ablation — residual channel removed,KNN,0.7533333333333334,0.752794975724912
student_t,0,missing10,Core-Norm,LogReg,0.8066666666666666,0.8064516129032258
student_t,0,missing10,Core-Norm,RBF-SVM,0.77,0.769792813532179
student_t,0,missing10,Core-Norm,KNN,0.76,0.7587023548862772
student_t,1,missing10,No scaling,LogReg,0.75,0.7499972221913577
student_t,1,missing10,No scaling,RBF-SVM,0.72,0.7199502133712661
student_t,1,missing10,No scaling,KNN,0.72,0.72
student_t,1,missing10,Z-score,LogReg,0.7466666666666666,0.7466554069069737
student_t,1,missing10,Z-score,RBF-SVM,0.7166666666666667,0.7166383304997166
student_t,1,missing10,Z-score,KNN,0.71,0.7099967777419749
student_t,1,missing10,Min-Max,LogReg,0.7266666666666666,0.7264721579790072
student_t,1,missing10,Min-Max,RBF-SVM,0.72,0.7199875550024446
student_t,1,missing10,Min-Max,KNN,0.6766666666666666,0.6764905337350335
student_t,1,missing10,RobustScaler,LogReg,0.75,0.7499972221913577
student_t,1,missing10,RobustScaler,RBF-SVM,0.7233333333333334,0.7233056638997233
student_t,1,missing10,RobustScaler,KNN,0.7233333333333334,0.7233056638997233
student_t,1,missing10,Winsorized Z-score,LogReg,0.75,0.7499972221913577
student_t,1,missing10,Winsorized Z-score,RBF-SVM,0.72,0.7198879551820728
student_t,1,missing10,Winsorized Z-score,KNN,0.7,0.7
student_t,1,missing10,Yeo-Johnson,LogReg,0.7533333333333333,0.7533333333333333
student_t,1,missing10,Yeo-Johnson,RBF-SVM,0.7133333333333334,0.7132823613086771
student_t,1,missing10,Yeo-Johnson,KNN,0.6966666666666667,0.6965014285555469
student_t,1,missing10,Quantile-Normal,LogReg,0.7466666666666666,0.7466554069069737
student_t,1,missing10,Quantile-Normal,RBF-SVM,0.7033333333333334,0.7033300370004111
student_t,1,missing10,Quantile-Normal,KNN,0.6833333333333333,0.6832453459294248
student_t,1,missing10,Core-Norm ablation — residual channel removed,LogReg,0.7366666666666667,0.7366403306997367
student_t,1,missing10,Core-Norm ablation — residual channel removed,RBF-SVM,0.7033333333333334,0.7031717268290514
student_t,1,missing10,Core-Norm ablation — residual channel removed,KNN,0.6699999999999999,0.6699963332925921
student_t,1,missing10,Core-Norm,LogReg,0.7433333333333334,0.7433304814497939
student_t,1,missing10,Core-Norm,RBF-SVM,0.7066666666666667,0.7066145092460883
student_t,1,missing10,Core-Norm,KNN,0.6799999999999999,0.6799431009957326
laplace,0,missing10,No scaling,LogReg,0.8300000000000001,0.8299981110901232
laplace,0,missing10,No scaling,RBF-SVM,0.8333333333333334,0.8331479421579533
laplace,0,missing10,No scaling,KNN,0.8200000000000001,0.8199679943100995
laplace,0,missing10,Z-score,LogReg,0.8333333333333334,0.8333333333333334
laplace,0,missing10,Z-score,RBF-SVM,0.8333333333333334,0.8331479421579533
laplace,0,missing10,Z-score,KNN,0.8133333333333334,0.8133001422475107
laplace,0,missing10,Min-Max,LogReg,0.8366666666666667,0.836664851831687
laplace,0,missing10,Min-Max,RBF-SVM,0.8166666666666667,0.8166157265907197
laplace,0,missing10,Min-Max,KNN,0.8033333333333332,0.8032786885245902
laplace,0,missing10,RobustScaler,LogReg,0.8300000000000001,0.8299981110901232
laplace,0,missing10,RobustScaler,RBF-SVM,0.8333333333333333,0.8330662393162394
laplace,0,missing10,RobustScaler,KNN,0.8200000000000001,0.8199679943100995
laplace,0,missing10,Winsorized Z-score,LogReg,0.8300000000000001,0.8299981110901232
laplace,0,missing10,Winsorized Z-score,RBF-SVM,0.8200000000000001,0.8199679943100995
laplace,0,missing10,Winsorized Z-score,KNN,0.8133333333333334,0.8132586367880486
laplace,0,missing10,Yeo-Johnson,LogReg,0.8333333333333334,0.8333333333333334
laplace,0,missing10,Yeo-Johnson,RBF-SVM,0.8300000000000001,0.82977113675052
laplace,0,missing10,Yeo-Johnson,KNN,0.8066666666666666,0.8065893023876217
laplace,0,missing10,Quantile-Normal,LogReg,0.8166666666666667,0.8166483314998166
laplace,0,missing10,Quantile-Normal,RBF-SVM,0.8266666666666667,0.8266358463726885
laplace,0,missing10,Quantile-Normal,KNN,0.7966666666666666,0.7965559026581139
laplace,0,missing10,Core-Norm ablation — residual channel removed,LogReg,0.81,0.8099978888654318
laplace,0,missing10,Core-Norm ablation — residual channel removed,RBF-SVM,0.8200000000000001,0.8199679943100995
laplace,0,missing10,Core-Norm ablation — residual channel removed,KNN,0.7933333333333333,0.793296586059744
laplace,0,missing10,Core-Norm,LogReg,0.8166666666666667,0.8166646296069957
laplace,0,missing10,Core-Norm,RBF-SVM,0.8233333333333334,0.8233156648998233
laplace,0,missing10,Core-Norm,KNN,0.81,0.8099978888654318
laplace,1,missing10,No scaling,LogReg,0.8133333333333332,0.813200498132005
laplace,1,missing10,No scaling,RBF-SVM,0.78,0.7799119647859143
laplace,1,missing10,No scaling,KNN,0.7166666666666667,0.7161336287027864
laplace,1,missing10,Z-score,LogReg,0.8133333333333332,0.813200498132005
laplace,1,missing10,Z-score,RBF-SVM,0.7733333333333333,0.7732930298719772
laplace,1,missing10,Z-score,KNN,0.7133333333333334,0.7127076744911139
laplace,1,missing10,Min-Max,LogReg,0.8066666666666666,0.8066322901849218
laplace,1,missing10,Min-Max,RBF-SVM,0.7833333333333334,0.783273131425396
laplace,1,missing10,Min-Max,KNN,0.7066666666666667,0.7061965811965811
laplace,1,missing10,RobustScaler,LogReg,0.8133333333333332,0.813200498132005
laplace,1,missing10,RobustScaler,RBF-SVM,0.7666666666666666,0.7666251778093883
laplace,1,missing10,RobustScaler,KNN,0.73,0.7293233082706767
laplace,1,missing10,Winsorized Z-score,LogReg,0.81,0.8098964992051227
laplace,1,missing10,Winsorized Z-score,RBF-SVM,0.7566666666666666,0.7566639629329215
laplace,1,missing10,Winsorized Z-score,KNN,0.72,0.7196885428253614
laplace,1,missing10,Yeo-Johnson,LogReg,0.8033333333333333,0.8033311481238681
laplace,1,missing10,Yeo-Johnson,RBF-SVM,0.7666666666666666,0.7666562958353704
laplace,1,missing10,Yeo-Johnson,KNN,0.7166666666666667,0.7162852279175336
laplace,1,missing10,Quantile-Normal,LogReg,0.78,0.7799119647859143
laplace,1,missing10,Quantile-Normal,RBF-SVM,0.7666666666666666,0.7665732959850606
laplace,1,missing10,Quantile-Normal,KNN,0.72,0.7199502133712661
laplace,1,missing10,Core-Norm ablation — residual channel removed,LogReg,0.7866666666666666,0.7866571847637673
laplace,1,missing10,Core-Norm ablation — residual channel removed,RBF-SVM,0.7866666666666666,0.7866571847637673
laplace,1,missing10,Core-Norm ablation — residual channel removed,KNN,0.7633333333333334,0.7632675743262017
laplace,1,missing10,Core-Norm,LogReg,0.7966666666666666,0.7966644073823043
laplace,1,missing10,Core-Norm,RBF-SVM,0.7733333333333333,0.7732426303854876
laplace,1,missing10,Core-Norm,KNN,0.7433333333333334,0.7431935164700781
bimodal,0,missing10,No scaling,LogReg,0.7233333333333334,0.7233056638997233
bimodal,0,missing10,No scaling,RBF-SVM,0.74,0.7392583348190409
bimodal,0,missing10,No scaling,KNN,0.7333333333333334,0.7333214809547091
bimodal,0,missing10,Z-score,LogReg,0.7233333333333334,0.7233056638997233
bimodal,0,missing10,Z-score,RBF-SVM,0.74,0.7392583348190409
bimodal,0,missing10,Z-score,KNN,0.7433333333333333,0.7433076640997434
bimodal,0,missing10,Min-Max,LogReg,0.7233333333333334,0.7233056638997233
bimodal,0,missing10,Min-Max,RBF-SVM,0.74,0.7392583348190409
bimodal,0,missing10,Min-Max,KNN,0.75,0.7499305362600722
bimodal,0,missing10,RobustScaler,LogReg,0.72,0.7199502133712661
bimodal,0,missing10,RobustScaler,RBF-SVM,0.74,0.7390606182256123
bimodal,0,missing10,RobustScaler,KNN,0.7466666666666666,0.7466554069069737
bimodal,0,missing10,Winsorized Z-score,LogReg,0.7166666666666667,0.7165123233760603
bimodal,0,missing10,Winsorized Z-score,RBF-SVM,0.7433333333333334,0.7422996686710026
bimodal,0,missing10,Winsorized Z-score,KNN,0.75,0.7499972221913577
bimodal,0,missing10,Yeo-Johnson,LogReg,0.7233333333333334,0.7233056638997233
bimodal,0,missing10,Yeo-Johnson,RBF-SVM,0.7366666666666667,0.7356061535715481
bimodal,0,missing10,Yeo-Johnson,KNN,0.73,0.72997299729973
bimodal,0,missing10,Quantile-Normal,LogReg,0.72,0.7198879551820728
bimodal,0,missing10,Quantile-Normal,RBF-SVM,0.7466666666666666,0.7464863903220067
bimodal,0,missing10,Quantile-Normal,KNN,0.7233333333333334,0.722639933166249
bimodal,0,missing10,Core-Norm ablation — residual channel removed,LogReg,0.7333333333333334,0.7330367074527253
bimodal,0,missing10,Core-Norm ablation — residual channel removed,RBF-SVM,0.7266666666666667,0.7260701082357133
bimodal,0,missing10,Core-Norm ablation — residual channel removed,KNN,0.74,0.74
bimodal,0,missing10,Core-Norm,LogReg,0.7266666666666667,0.7263626251390434
bimodal,0,missing10,Core-Norm,RBF-SVM,0.7333333333333334,0.7323698648467818
bimodal,0,missing10,Core-Norm,KNN,0.7266666666666667,0.7266666666666667
bimodal,1,missing10,No scaling,LogReg,0.7933333333333333,0.7933333333333333
bimodal,1,missing10,No scaling,RBF-SVM,0.7933333333333333,0.7933241477398996
bimodal,1,missing10,No scaling,KNN,0.78,0.779990221787635
bimodal,1,missing10,Z-score,LogReg,0.7933333333333333,0.7933241477398996
bimodal,1,missing10,Z-score,RBF-SVM,0.7933333333333333,0.7933241477398996
bimodal,1,missing10,Z-score,KNN,0.78,0.779990221787635
bimodal,1,missing10,Min-Max,LogReg,0.8,0.8
bimodal,1,missing10,Min-Max,RBF-SVM,0.7933333333333333,0.7933241477398996
bimodal,1,missing10,Min-Max,KNN,0.7766666666666666,0.7766641851576128
bimodal,1,missing10,RobustScaler,LogReg,0.79,0.7899976666407404
bimodal,1,missing10,RobustScaler,RBF-SVM,0.7933333333333333,0.7933241477398996
bimodal,1,missing10,RobustScaler,KNN,0.7766666666666666,0.7766641851576128
bimodal,1,missing10,Winsorized Z-score,LogReg,0.79,0.7899976666407404
bimodal,1,missing10,Winsorized Z-score,RBF-SVM,0.7933333333333333,0.7933241477398996
bimodal,1,missing10,Winsorized Z-score,KNN,0.78,0.78
bimodal,1,missing10,Yeo-Johnson,LogReg,0.7933333333333333,0.7933241477398996
bimodal,1,missing10,Yeo-Johnson,RBF-SVM,0.7933333333333333,0.7933241477398996
bimodal,1,missing10,Yeo-Johnson,KNN,0.7833333333333333,0.7833309258991767
bimodal,1,missing10,Quantile-Normal,LogReg,0.8,0.7999644381223329
bimodal,1,missing10,Quantile-Normal,RBF-SVM,0.7933333333333333,0.7933241477398996
bimodal,1,missing10,Quantile-Normal,KNN,0.78,0.779990221787635
bimodal,1,missing10,Core-Norm ablation — residual channel removed,LogReg,0.79,0.78997899789979
bimodal,1,missing10,Core-Norm ablation — residual channel removed,RBF-SVM,0.7933333333333333,0.7933241477398996
bimodal,1,missing10,Core-Norm ablation — residual channel removed,KNN,0.7833333333333333,0.7833309258991767
bimodal,1,missing10,Core-Norm,LogReg,0.7933333333333333,0.7933241477398996
bimodal,1,missing10,Core-Norm,RBF-SVM,0.7933333333333333,0.7933241477398996
bimodal,1,missing10,Core-Norm,KNN,0.7866666666666666,0.7866666666666666
zero_inflated,0,missing10,No scaling,LogReg,0.6599999999999999,0.6581616694222261
zero_inflated,0,missing10,No scaling,RBF-SVM,0.6266666666666667,0.6266500733365927
zero_inflated,0,missing10,No scaling,KNN,0.62,0.6189160278124443
zero_inflated,0,missing10,Z-score,LogReg,0.6599999999999999,0.6581616694222261
zero_inflated,0,missing10,Z-score,RBF-SVM,0.6333333333333333,0.6332681365576103
zero_inflated,0,missing10,Z-score,KNN,0.63,0.6288080614417406
zero_inflated,0,missing10,Min-Max,LogReg,0.6533333333333333,0.6520808243008163
zero_inflated,0,missing10,Min-Max,RBF-SVM,0.6366666666666667,0.6366303296996366
zero_inflated,0,missing10,Min-Max,KNN,0.6266666666666667,0.6253178107854944
zero_inflated,0,missing10,RobustScaler,LogReg,0.6599999999999999,0.6581616694222261
zero_inflated,0,missing10,RobustScaler,RBF-SVM,0.6266666666666667,0.6266500733365927
zero_inflated,0,missing10,RobustScaler,KNN,0.62,0.6189160278124443
zero_inflated,0,missing10,Winsorized Z-score,LogReg,0.6599999999999999,0.6581616694222261
zero_inflated,0,missing10,Winsorized Z-score,RBF-SVM,0.6433333333333333,0.6432976630996432
zero_inflated,0,missing10,Winsorized Z-score,KNN,0.63,0.6288080614417406
zero_inflated,0,missing10,Yeo-Johnson,LogReg,0.6633333333333333,0.6613427814599144
zero_inflated,0,missing10,Yeo-Johnson,RBF-SVM,0.6366666666666667,0.6366303296996366
zero_inflated,0,missing10,Yeo-Johnson,KNN,0.6133333333333333,0.6124894214066188
zero_inflated,0,missing10,Quantile-Normal,LogReg,0.6333333333333333,0.6322873952576217
zero_inflated,0,missing10,Quantile-Normal,RBF-SVM,0.6166666666666667,0.6161506024766631
zero_inflated,0,missing10,Quantile-Normal,KNN,0.6,0.6
zero_inflated,0,missing10,Core-Norm ablation — residual channel removed,LogReg,0.6566666666666666,0.6546366979244671
zero_inflated,0,missing10,Core-Norm ablation — residual channel removed,RBF-SVM,0.6433333333333333,0.6432342317310364
zero_inflated,0,missing10,Core-Norm ablation — residual channel removed,KNN,0.6166666666666667,0.6159454976567109
zero_inflated,0,missing10,Core-Norm,LogReg,0.6633333333333333,0.6613427814599144
zero_inflated,0,missing10,Core-Norm,RBF-SVM,0.64,0.6399359886201992
zero_inflated,0,missing10,Core-Norm,KNN,0.6166666666666667,0.6154317753675692
zero_inflated,1,missing10,No scaling,LogReg,0.8066666666666666,0.8065893023876217
zero_inflated,1,missing10,No scaling,RBF-SVM,0.7766666666666666,0.7766443310997766
zero_inflated,1,missing10,No scaling,KNN,0.73,0.7297567811029927
zero_inflated,1,missing10,Z-score,LogReg,0.8033333333333333,0.8032262009316183
zero_inflated,1,missing10,Z-score,RBF-SVM,0.78,0.7799119647859143
zero_inflated,1,missing10,Z-score,KNN,0.7166666666666667,0.7162852279175336
zero_inflated,1,missing10,Min-Max,LogReg,0.7933333333333333,0.793296586059744
zero_inflated,1,missing10,Min-Max,RBF-SVM,0.78,0.779990221787635
zero_inflated,1,missing10,Min-Max,KNN,0.7066666666666667,0.7060264576188142
zero_inflated,1,missing10,RobustScaler,LogReg,0.8066666666666666,0.8065893023876217
zero_inflated,1,missing10,RobustScaler,RBF-SVM,0.7766666666666666,0.7766443310997766
zero_inflated,1,missing10,RobustScaler,KNN,0.73,0.7297567811029927
zero_inflated,1,missing10,Winsorized Z-score,LogReg,0.8066666666666666,0.8065893023876217
zero_inflated,1,missing10,Winsorized Z-score,RBF-SVM,0.7733333333333334,0.7733232588115027
zero_inflated,1,missing10,Winsorized Z-score,KNN,0.7266666666666667,0.7260701082357133
zero_inflated,1,missing10,Yeo-Johnson,LogReg,0.8033333333333333,0.8032262009316183
zero_inflated,1,missing10,Yeo-Johnson,RBF-SVM,0.77,0.7699360933592665
zero_inflated,1,missing10,Yeo-Johnson,KNN,0.72,0.719551282051282
zero_inflated,1,missing10,Quantile-Normal,LogReg,0.8033333333333332,0.8032786885245902
zero_inflated,1,missing10,Quantile-Normal,RBF-SVM,0.7833333333333333,0.7833116644997833
zero_inflated,1,missing10,Quantile-Normal,KNN,0.7266666666666667,0.726618065433855
zero_inflated,1,missing10,Core-Norm ablation — residual channel removed,LogReg,0.8,0.7999199679871949
zero_inflated,1,missing10,Core-Norm ablation — residual channel removed,RBF-SVM,0.7866666666666666,0.7866571847637673
zero_inflated,1,missing10,Core-Norm ablation — residual channel removed,KNN,0.7133333333333334,0.7131293364170077
zero_inflated,1,missing10,Core-Norm,LogReg,0.8033333333333333,0.8032262009316183
zero_inflated,1,missing10,Core-Norm,RBF-SVM,0.7866666666666666,0.7866571847637673
zero_inflated,1,missing10,Core-Norm,KNN,0.7366666666666666,0.7363121530057077
bounded_beta,0,missing10,No scaling,LogReg,0.7833333333333333,0.7833116644997833
bounded_beta,0,missing10,No scaling,RBF-SVM,0.7666666666666666,0.7665732959850606
bounded_beta,0,missing10,No scaling,KNN,0.7333333333333334,0.732905982905983
bounded_beta,0,missing10,Z-score,LogReg,0.7866666666666666,0.786628733997155
bounded_beta,0,missing10,Z-score,RBF-SVM,0.7633333333333334,0.7632675743262017
bounded_beta,0,missing10,Z-score,KNN,0.7433333333333334,0.7431021252460548
bounded_beta,0,missing10,Min-Max,LogReg,0.7833333333333333,0.7833116644997833
bounded_beta,0,missing10,Min-Max,RBF-SVM,0.7666666666666666,0.7665732959850606
bounded_beta,0,missing10,Min-Max,KNN,0.7533333333333334,0.7529380341880342
bounded_beta,0,missing10,RobustScaler,LogReg,0.7866666666666666,0.786628733997155
bounded_beta,0,missing10,RobustScaler,RBF-SVM,0.76,0.7599039615846338
bounded_beta,0,missing10,RobustScaler,KNN,0.7466666666666667,0.746384872080089
bounded_beta,0,missing10,Winsorized Z-score,LogReg,0.7866666666666666,0.786628733997155
bounded_beta,0,missing10,Winsorized Z-score,RBF-SVM,0.7633333333333333,0.7632044112905916
bounded_beta,0,missing10,Winsorized Z-score,KNN,0.7433333333333333,0.7428504636484065
bounded_beta,0,missing10,Yeo-Johnson,LogReg,0.8166666666666667,0.8166646296069957
bounded_beta,0,missing10,Yeo-Johnson,RBF-SVM,0.8033333333333333,0.8033136646998034
bounded_beta,0,missing10,Yeo-Johnson,KNN,0.79,0.7898108297467721
bounded_beta,0,missing10,Quantile-Normal,LogReg,0.8433333333333333,0.8433315925732507
bounded_beta,0,missing10,Quantile-Normal,RBF-SVM,0.8033333333333333,0.8031561738898343
bounded_beta,0,missing10,Quantile-Normal,KNN,0.7633333333333334,0.7633307036744853
bounded_beta,0,missing10,Core-Norm ablation — residual channel removed,LogReg,0.8166666666666667,0.8166646296069957
bounded_beta,0,missing10,Core-Norm ablation — residual channel removed,RBF-SVM,0.7966666666666666,0.7966463312997967
bounded_beta,0,missing10,Core-Norm ablation — residual channel removed,KNN,0.7833333333333333,0.7830416448781139
bounded_beta,0,missing10,Core-Norm,LogReg,0.8133333333333334,0.8133333333333334
bounded_beta,0,missing10,Core-Norm,RBF-SVM,0.7933333333333333,0.793296586059744
bounded_beta,0,missing10,Core-Norm,KNN,0.79,0.7898856043846094
bounded_beta,1,missing10,No scaling,LogReg,0.7766666666666666,0.7765450078376005
bounded_beta,1,missing10,No scaling,RBF-SVM,0.7766666666666666,0.7766641851576128
bounded_beta,1,missing10,No scaling,KNN,0.7466666666666667,0.746384872080089
bounded_beta,1,missing10,Z-score,LogReg,0.7866666666666666,0.786628733997155
bounded_beta,1,missing10,Z-score,RBF-SVM,0.77,0.7699974444160491
bounded_beta,1,missing10,Z-score,KNN,0.75,0.7497747973175859
bounded_beta,1,missing10,Min-Max,LogReg,0.78,0.7799119647859143
bounded_beta,1,missing10,Min-Max,RBF-SVM,0.7733333333333333,0.7733333333333333
bounded_beta,1,missing10,Min-Max,KNN,0.7533333333333334,0.7531578011030066
bounded_beta,1,missing10,RobustScaler,LogReg,0.7833333333333334,0.783273131425396
bounded_beta,1,missing10,RobustScaler,RBF-SVM,0.7833333333333333,0.7833309258991767
bounded_beta,1,missing10,RobustScaler,KNN,0.7533333333333333,0.7530589543937709
bounded_beta,1,missing10,Winsorized Z-score,LogReg,0.7866666666666666,0.786628733997155
bounded_beta,1,missing10,Winsorized Z-score,RBF-SVM,0.7733333333333334,0.7733232588115027
bounded_beta,1,missing10,Winsorized Z-score,KNN,0.7533333333333333,0.7530589543937709
bounded_beta,1,missing10,Yeo-Johnson,LogReg,0.7766666666666666,0.7764654856037101
bounded_beta,1,missing10,Yeo-Johnson,RBF-SVM,0.7566666666666666,0.7565341130170871
bounded_beta,1,missing10,Yeo-Johnson,KNN,0.72,0.7196885428253614
bounded_beta,1,missing10,Quantile-Normal,LogReg,0.78,0.7799608819345661
bounded_beta,1,missing10,Quantile-Normal,RBF-SVM,0.7866666666666666,0.7865812991863412
bounded_beta,1,missing10,Quantile-Normal,KNN,0.76,0.7598292118840064
bounded_beta,1,missing10,Core-Norm ablation — residual channel removed,LogReg,0.7966666666666666,0.7966463312997967
bounded_beta,1,missing10,Core-Norm ablation — residual channel removed,RBF-SVM,0.7566666666666667,0.7566423308997566
bounded_beta,1,missing10,Core-Norm ablation — residual channel removed,KNN,0.7566666666666667,0.7566423308997566
bounded_beta,1,missing10,Core-Norm,LogReg,0.7933333333333333,0.7933241477398996
bounded_beta,1,missing10,Core-Norm,RBF-SVM,0.76,0.7599893328592382
bounded_beta,1,missing10,Core-Norm,KNN,0.7666666666666666,0.7666562958353704
mixed,0,missing10,No scaling,LogReg,0.8200000000000001,0.8199279711884754
mixed,0,missing10,No scaling,RBF-SVM,0.8,0.8
mixed,0,missing10,No scaling,KNN,0.7366666666666667,0.7364294531745237
mixed,0,missing10,Z-score,LogReg,0.8166666666666667,0.8165667974786273
mixed,0,missing10,Z-score,RBF-SVM,0.78,0.7799119647859143
mixed,0,missing10,Z-score,KNN,0.7633333333333334,0.7633307036744853
mixed,0,missing10,Min-Max,LogReg,0.8433333333333333,0.8433315925732507
mixed,0,missing10,Min-Max,RBF-SVM,0.8033333333333333,0.8033136646998034
mixed,0,missing10,Min-Max,KNN,0.74,0.7397107897664071
mixed,0,missing10,RobustScaler,LogReg,0.8200000000000001,0.8199279711884754
mixed,0,missing10,RobustScaler,RBF-SVM,0.7866666666666666,0.7865148550080057
mixed,0,missing10,RobustScaler,KNN,0.7533333333333334,0.7532894736842105
mixed,0,missing10,Winsorized Z-score,LogReg,0.8200000000000001,0.8199279711884754
mixed,0,missing10,Winsorized Z-score,RBF-SVM,0.7766666666666666,0.7766046123923311
mixed,0,missing10,Winsorized Z-score,KNN,0.7766666666666666,0.7766443310997766
mixed,0,missing10,Yeo-Johnson,LogReg,0.81,0.8099978888654318
mixed,0,missing10,Yeo-Johnson,RBF-SVM,0.7866666666666666,0.7866571847637673
mixed,0,missing10,Yeo-Johnson,KNN,0.7533333333333334,0.7531578011030066
mixed,0,missing10,Quantile-Normal,LogReg,0.8166666666666667,0.8166157265907197
mixed,0,missing10,Quantile-Normal,RBF-SVM,0.7933333333333333,0.7933241477398996
mixed,0,missing10,Quantile-Normal,KNN,0.78,0.779990221787635
mixed,0,missing10,Core-Norm ablation — residual channel removed,LogReg,0.8200000000000001,0.8199679943100995
mixed,0,missing10,Core-Norm ablation — residual channel removed,RBF-SVM,0.78,0.7799608819345661
mixed,0,missing10,Core-Norm ablation — residual channel removed,KNN,0.78,0.7799608819345661
mixed,0,missing10,Core-Norm,LogReg,0.8233333333333334,0.8233156648998233
mixed,0,missing10,Core-Norm,RBF-SVM,0.7933333333333333,0.7931034482758621
mixed,0,missing10,Core-Norm,KNN,0.7766666666666666,0.7764654856037101
mixed,1,missing10,No scaling,LogReg,0.75,0.7498638147435825
mixed,1,missing10,No scaling,RBF-SVM,0.7666666666666666,0.7666251778093883
mixed,1,missing10,No scaling,KNN,0.7533333333333334,0.7531578011030066
mixed,1,missing10,Z-score,LogReg,0.7533333333333334,0.7531578011030066
mixed,1,missing10,Z-score,RBF-SVM,0.7266666666666667,0.7258869673738635
mixed,1,missing10,Z-score,KNN,0.6766666666666666,0.6760583762843562
mixed,1,missing10,Min-Max,LogReg,0.6966666666666667,0.6954450629748212
mixed,1,missing10,Min-Max,RBF-SVM,0.7,0.6989160979526294
mixed,1,missing10,Min-Max,KNN,0.6233333333333333,0.6218163968808219
mixed,1,missing10,RobustScaler,LogReg,0.75,0.7498638147435825
mixed,1,missing10,RobustScaler,RBF-SVM,0.7633333333333333,0.7631201414606479
mixed,1,missing10,RobustScaler,KNN,0.74,0.7392583348190409
mixed,1,missing10,Winsorized Z-score,LogReg,0.7466666666666667,0.7465652927837803
mixed,1,missing10,Winsorized Z-score,RBF-SVM,0.7266666666666667,0.7262286324786325
mixed,1,missing10,Winsorized Z-score,KNN,0.74,0.7399537695590328
mixed,1,missing10,Yeo-Johnson,LogReg,0.7633333333333333,0.7631201414606479
mixed,1,missing10,Yeo-Johnson,RBF-SVM,0.7433333333333334,0.7429877947017658
mixed,1,missing10,Yeo-Johnson,KNN,0.69,0.6890013487755124
mixed,1,missing10,Quantile-Normal,LogReg,0.75,0.7498638147435825
mixed,1,missing10,Quantile-Normal,RBF-SVM,0.73,0.7299969999666662
mixed,1,missing10,Quantile-Normal,KNN,0.7333333333333334,0.7325726510964521
mixed,1,missing10,Core-Norm ablation — residual channel removed,LogReg,0.7433333333333334,0.7433304814497939
mixed,1,missing10,Core-Norm ablation — residual channel removed,RBF-SVM,0.7266666666666667,0.7265572895824997
mixed,1,missing10,Core-Norm ablation — residual channel removed,KNN,0.7166666666666667,0.7166383304997166
mixed,1,missing10,Core-Norm,LogReg,0.77,0.7696903614859978
mixed,1,missing10,Core-Norm,RBF-SVM,0.73,0.7298529199230692
mixed,1,missing10,Core-Norm,KNN,0.7133333333333334,0.7122976047102904
heteroscedastic,0,missing10,No scaling,LogReg,0.8133333333333334,0.8133001422475107
heteroscedastic,0,missing10,No scaling,RBF-SVM,0.6933333333333334,0.6932788051209103
heteroscedastic,0,missing10,No scaling,KNN,0.6933333333333334,0.6932788051209103
heteroscedastic,0,missing10,Z-score,LogReg,0.7933333333333333,0.793296586059744
heteroscedastic,0,missing10,Z-score,RBF-SVM,0.7933333333333333,0.7931034482758621
heteroscedastic,0,missing10,Z-score,KNN,0.7566666666666666,0.756599055293137
heteroscedastic,0,missing10,Min-Max,LogReg,0.7933333333333333,0.793296586059744
heteroscedastic,0,missing10,Min-Max,RBF-SVM,0.78,0.7796474358974359
heteroscedastic,0,missing10,Min-Max,KNN,0.7433333333333334,0.7431935164700781
heteroscedastic,0,missing10,RobustScaler,LogReg,0.7933333333333333,0.793296586059744
heteroscedastic,0,missing10,RobustScaler,RBF-SVM,0.7933333333333333,0.7930021367521367
heteroscedastic,0,missing10,RobustScaler,KNN,0.7433333333333334,0.7432620172270075
heteroscedastic,0,missing10,Winsorized Z-score,LogReg,0.7866666666666666,0.7866571847637673
heteroscedastic,0,missing10,Winsorized Z-score,RBF-SVM,0.7966666666666666,0.79639292827023
heteroscedastic,0,missing10,Winsorized Z-score,KNN,0.7433333333333334,0.7432620172270075
heteroscedastic,0,missing10,Yeo-Johnson,LogReg,0.7933333333333333,0.793296586059744
heteroscedastic,0,missing10,Yeo-Johnson,RBF-SVM,0.7833333333333333,0.7830416448781139
heteroscedastic,0,missing10,Yeo-Johnson,KNN,0.75,0.7499972221913577
heteroscedastic,0,missing10,Quantile-Normal,LogReg,0.79,0.7899976666407404
heteroscedastic,0,missing10,Quantile-Normal,RBF-SVM,0.8033333333333332,0.8032786885245902
heteroscedastic,0,missing10,Quantile-Normal,KNN,0.7633333333333334,0.7630147197899397
heteroscedastic,0,missing10,Core-Norm ablation — residual channel removed,LogReg,0.78,0.779990221787635
heteroscedastic,0,missing10,Core-Norm ablation — residual channel removed,RBF-SVM,0.79,0.7894736842105263
heteroscedastic,0,missing10,Core-Norm ablation — residual channel removed,KNN,0.7333333333333334,0.7333214809547091
heteroscedastic,0,missing10,Core-Norm,LogReg,0.78,0.7799608819345661
heteroscedastic,0,missing10,Core-Norm,RBF-SVM,0.8,0.7995634938310098
heteroscedastic,0,missing10,Core-Norm,KNN,0.7233333333333334,0.7233056638997233
heteroscedastic,1,missing10,No scaling,LogReg,0.8066666666666666,0.8066666666666666
heteroscedastic,1,missing10,No scaling,RBF-SVM,0.71,0.7099194220616838
heteroscedastic,1,missing10,No scaling,KNN,0.6866666666666666,0.6866666666666666
heteroscedastic,1,missing10,Z-score,LogReg,0.8200000000000001,0.8199919996444287
heteroscedastic,1,missing10,Z-score,RBF-SVM,0.79,0.7899416504584607
heteroscedastic,1,missing10,Z-score,KNN,0.74,0.7399884439308414
heteroscedastic,1,missing10,Min-Max,LogReg,0.8233333333333333,0.8233313703485594
heteroscedastic,1,missing10,Min-Max,RBF-SVM,0.7833333333333333,0.7833309258991767
heteroscedastic,1,missing10,Min-Max,KNN,0.7266666666666666,0.7266545179785768
heteroscedastic,1,missing10,RobustScaler,LogReg,0.8200000000000001,0.8199919996444287
heteroscedastic,1,missing10,RobustScaler,RBF-SVM,0.8033333333333333,0.8032262009316183
heteroscedastic,1,missing10,RobustScaler,KNN,0.7466666666666667,0.7466666666666667
heteroscedastic,1,missing10,Winsorized Z-score,LogReg,0.8200000000000001,0.8199919996444287
heteroscedastic,1,missing10,Winsorized Z-score,RBF-SVM,0.7966666666666666,0.7966644073823043
heteroscedastic,1,missing10,Winsorized Z-score,KNN,0.7433333333333333,0.7433076640997434
heteroscedastic,1,missing10,Yeo-Johnson,LogReg,0.8233333333333334,0.8233156648998233
heteroscedastic,1,missing10,Yeo-Johnson,RBF-SVM,0.8033333333333332,0.8032786885245902
heteroscedastic,1,missing10,Yeo-Johnson,KNN,0.7433333333333334,0.7433304814497939
heteroscedastic,1,missing10,Quantile-Normal,LogReg,0.8066666666666666,0.806658073692164
heteroscedastic,1,missing10,Quantile-Normal,RBF-SVM,0.8133333333333332,0.813200498132005
heteroscedastic,1,missing10,Quantile-Normal,KNN,0.7566666666666667,0.7566423308997566
heteroscedastic,1,missing10,Core-Norm ablation — residual channel removed,LogReg,0.8133333333333332,0.8133250366682965
heteroscedastic,1,missing10,Core-Norm ablation — residual channel removed,RBF-SVM,0.7933333333333333,0.7933241477398996
heteroscedastic,1,missing10,Core-Norm ablation — residual channel removed,KNN,0.7366666666666667,0.7364294531745237
heteroscedastic,1,missing10,Core-Norm,LogReg,0.8233333333333334,0.8233156648998233
heteroscedastic,1,missing10,Core-Norm,RBF-SVM,0.8,0.7999644381223329
heteroscedastic,1,missing10,Core-Norm,KNN,0.74,0.739814979541007
breast,0,missing10,No scaling,LogReg,0.91727511682243,0.9185863394982604
breast,0,missing10,No scaling,RBF-SVM,0.8563084112149533,0.8695453158376564
breast,0,missing10,No scaling,KNN,0.8782126168224299,0.8853204172876303
breast,0,missing10,Z-score,LogReg,0.9531980140186916,0.9503628447024672
breast,0,missing10,Z-score,RBF-SVM,0.9375730140186916,0.9375730140186916
breast,0,missing10,Z-score,KNN,0.915668808411215,0.9235469448584204
breast,0,missing10,Min-Max,LogReg,0.915668808411215,0.9235469448584204
breast,0,missing10,Min-Max,RBF-SVM,0.9344334112149532,0.937169312169312
breast,0,missing10,Min-Max,KNN,0.9125292056074766,0.922972972972973
breast,0,missing10,RobustScaler,LogReg,0.9453855140186916,0.9439895185063872
breast,0,missing10,RobustScaler,RBF-SVM,0.9500584112149532,0.9500584112149532
breast,0,missing10,RobustScaler,KNN,0.9250146028037384,0.9358108108108107
breast,0,missing10,Winsorized Z-score,LogReg,0.9438522196261684,0.9383116883116882
breast,0,missing10,Winsorized Z-score,RBF-SVM,0.9422459112149532,0.9436366965757188
breast,0,missing10,Winsorized Z-score,KNN,0.915668808411215,0.9235469448584204
breast,0,missing10,Yeo-Johnson,LogReg,0.9438522196261684,0.9383116883116882
breast,0,missing10,Yeo-Johnson,RBF-SVM,0.9375730140186916,0.9375730140186916
breast,0,missing10,Yeo-Johnson,KNN,0.915668808411215,0.9235469448584204
breast,0,missing10,Quantile-Normal,LogReg,0.9313668224299064,0.925974025974026
breast,0,missing10,Quantile-Normal,RBF-SVM,0.9375730140186916,0.9375730140186916
breast,0,missing10,Quantile-Normal,KNN,0.9297605140186916,0.9311115180369895
breast,0,missing10,Core-Norm ablation — residual channel removed,LogReg,0.93290011682243,0.93154274484114
breast,0,missing10,Core-Norm ablation — residual channel removed,RBF-SVM,0.9344334112149532,0.937169312169312
breast,0,missing10,Core-Norm ablation — residual channel removed,KNN,0.915668808411215,0.9235469448584204
breast,0,missing10,Core-Norm,LogReg,0.93290011682243,0.93154274484114
breast,0,missing10,Core-Norm,RBF-SVM,0.9422459112149532,0.9436366965757188
breast,0,missing10,Core-Norm,KNN,0.9281542056074766,0.9362891207153504
breast,1,missing10,No scaling,LogReg,0.8906980140186915,0.8980625931445603
breast,1,missing10,No scaling,RBF-SVM,0.884418808411215,0.8964891041162228
breast,1,missing10,No scaling,KNN,0.8969772196261683,0.8994708994708995
breast,1,missing10,Z-score,LogReg,0.9484521028037384,0.9555629802873372
breast,1,missing10,Z-score,RBF-SVM,0.9515917056074766,0.9558709677419356
breast,1,missing10,Z-score,KNN,0.9296875,0.9420055017522704
breast,1,missing10,Min-Max,LogReg,0.9406396028037384,0.9490312965722802
breast,1,missing10,Min-Max,RBF-SVM,0.9484521028037384,0.9555629802873372
breast,1,missing10,Min-Max,KNN,0.9296875,0.9420055017522704
breast,1,missing10,RobustScaler,LogReg,0.9437792056074766,0.94939331163066
breast,1,missing10,RobustScaler,RBF-SVM,0.9437792056074766,0.94939331163066
breast,1,missing10,RobustScaler,KNN,0.9375,0.9486486486486488
breast,1,missing10,Winsorized Z-score,LogReg,0.9640771028037384,0.968479262672811
breast,1,missing10,Winsorized Z-score,RBF-SVM,0.9484521028037384,0.9555629802873372
breast,1,missing10,Winsorized Z-score,KNN,0.9296875,0.9420055017522704
breast,1,missing10,Yeo-Johnson,LogReg,0.9672167056074766,0.9686870536531772
breast,1,missing10,Yeo-Johnson,RBF-SVM,0.9515917056074766,0.9558709677419356
breast,1,missing10,Yeo-Johnson,KNN,0.9453125,0.9552372760928912
breast,1,missing10,Quantile-Normal,LogReg,0.9594042056074766,0.9623015873015872
breast,1,missing10,Quantile-Normal,RBF-SVM,0.9562646028037384,0.962044983722995
breast,1,missing10,Quantile-Normal,KNN,0.9359667056074766,0.942866688940862
breast,1,missing10,Core-Norm ablation — residual channel removed,LogReg,0.9594042056074766,0.9623015873015872
breast,1,missing10,Core-Norm ablation — residual channel removed,RBF-SVM,0.9437792056074766,0.94939331163066
breast,1,missing10,Core-Norm ablation — residual channel removed,KNN,0.9375,0.9486486486486488
breast,1,missing10,Core-Norm,LogReg,0.9594042056074766,0.9623015873015872
breast,1,missing10,Core-Norm,RBF-SVM,0.9437792056074766,0.94939331163066
breast,1,missing10,Core-Norm,KNN,0.9375,0.9486486486486488
wine,0,missing10,No scaling,LogReg,0.93015873015873,0.9269005847953216
wine,0,missing10,No scaling,RBF-SVM,0.546031746031746,0.4985216308745721
wine,0,missing10,No scaling,KNN,0.6063492063492063,0.6106691013434199
wine,0,missing10,Z-score,LogReg,0.9841269841269842,0.982860909690178
wine,0,missing10,Z-score,RBF-SVM,1.0,1.0
wine,0,missing10,Z-score,KNN,0.9682539682539684,0.9635716361522814
wine,0,missing10,Min-Max,LogReg,0.9841269841269842,0.982860909690178
wine,0,missing10,Min-Max,RBF-SVM,1.0,1.0
wine,0,missing10,Min-Max,KNN,0.9841269841269842,0.982860909690178
wine,0,missing10,RobustScaler,LogReg,0.9841269841269842,0.982860909690178
wine,0,missing10,RobustScaler,RBF-SVM,1.0,1.0
wine,0,missing10,RobustScaler,KNN,0.9841269841269842,0.982860909690178
wine,0,missing10,Winsorized Z-score,LogReg,0.9841269841269842,0.982860909690178
wine,0,missing10,Winsorized Z-score,RBF-SVM,1.0,1.0
wine,0,missing10,Winsorized Z-score,KNN,0.9682539682539684,0.9635716361522814
wine,0,missing10,Yeo-Johnson,LogReg,0.9841269841269842,0.982860909690178
wine,0,missing10,Yeo-Johnson,RBF-SVM,1.0,1.0
wine,0,missing10,Yeo-Johnson,KNN,0.9841269841269842,0.982860909690178
wine,0,missing10,Quantile-Normal,LogReg,0.9841269841269842,0.982860909690178
wine,0,missing10,Quantile-Normal,RBF-SVM,1.0,1.0
wine,0,missing10,Quantile-Normal,KNN,0.9365079365079364,0.9285185668886856
wine,0,missing10,Core-Norm ablation — residual channel removed,LogReg,1.0,1.0
wine,0,missing10,Core-Norm ablation — residual channel removed,RBF-SVM,1.0,1.0
wine,0,missing10,Core-Norm ablation — residual channel removed,KNN,0.9682539682539684,0.9635716361522814
wine,0,missing10,Core-Norm,LogReg,1.0,1.0
wine,0,missing10,Core-Norm,RBF-SVM,1.0,1.0
wine,0,missing10,Core-Norm,KNN,0.9682539682539684,0.9635716361522814
wine,1,missing10,No scaling,LogReg,0.8862433862433862,0.8800263678312459
wine,1,missing10,No scaling,RBF-SVM,0.6333333333333333,0.6357665323182564
wine,1,missing10,No scaling,KNN,0.6301587301587301,0.6306637806637806
wine,1,missing10,Z-score,LogReg,0.9682539682539684,0.9657894736842104
wine,1,missing10,Z-score,RBF-SVM,0.9656084656084656,0.9656084656084656
wine,1,missing10,Z-score,KNN,0.93015873015873,0.929531388152078
wine,1,missing10,Min-Max,LogReg,0.961904761904762,0.963623722244412
wine,1,missing10,Min-Max,RBF-SVM,0.9656084656084656,0.9656084656084656
wine,1,missing10,Min-Max,KNN,0.93015873015873,0.929531388152078
wine,1,missing10,RobustScaler,LogReg,0.9682539682539684,0.9657894736842104
wine,1,missing10,RobustScaler,RBF-SVM,0.9656084656084656,0.9656084656084656
wine,1,missing10,RobustScaler,KNN,0.93015873015873,0.929531388152078
wine,1,missing10,Winsorized Z-score,LogReg,0.9656084656084656,0.9656084656084656
wine,1,missing10,Winsorized Z-score,RBF-SVM,0.9656084656084656,0.9656084656084656
wine,1,missing10,Winsorized Z-score,KNN,0.93015873015873,0.929531388152078
wine,1,missing10,Yeo-Johnson,LogReg,0.9841269841269842,0.982860909690178
wine,1,missing10,Yeo-Johnson,RBF-SVM,0.9656084656084656,0.9656084656084656
wine,1,missing10,Yeo-Johnson,KNN,0.93015873015873,0.929531388152078
wine,1,missing10,Quantile-Normal,LogReg,0.9682539682539684,0.9635716361522814
wine,1,missing10,Quantile-Normal,RBF-SVM,0.9814814814814816,0.9827242524916944
wine,1,missing10,Quantile-Normal,KNN,0.9142857142857144,0.912767621324126
wine,1,missing10,Core-Norm ablation — residual channel removed,LogReg,0.9656084656084656,0.9656084656084656
wine,1,missing10,Core-Norm ablation — residual channel removed,RBF-SVM,0.9814814814814816,0.9827242524916944
wine,1,missing10,Core-Norm ablation — residual channel removed,KNN,0.9523809523809524,0.9487179487179488
wine,1,missing10,Core-Norm,LogReg,0.9656084656084656,0.9656084656084656
wine,1,missing10,Core-Norm,RBF-SVM,0.9814814814814816,0.9827242524916944
wine,1,missing10,Core-Norm,KNN,0.9523809523809524,0.9487179487179488
iris,0,missing10,No scaling,LogReg,0.9333333333333332,0.9343931930138828
iris,0,missing10,No scaling,RBF-SVM,0.9111111111111112,0.9131652661064426
iris,0,missing10,No scaling,KNN,0.9111111111111112,0.9131652661064426
iris,0,missing10,Z-score,LogReg,0.9555555555555556,0.9553571428571428
iris,0,missing10,Z-score,RBF-SVM,0.9555555555555556,0.9553571428571428
iris,0,missing10,Z-score,KNN,0.9111111111111112,0.91225302381489
iris,0,missing10,Min-Max,LogReg,0.8444444444444444,0.8428731762065095
iris,0,missing10,Min-Max,RBF-SVM,0.9555555555555556,0.9553571428571428
iris,0,missing10,Min-Max,KNN,0.9333333333333332,0.9343931930138828
iris,0,missing10,RobustScaler,LogReg,0.9111111111111112,0.9107142857142856
iris,0,missing10,RobustScaler,RBF-SVM,0.9333333333333332,0.9326599326599326
iris,0,missing10,RobustScaler,KNN,0.8888888888888888,0.8857142857142858
iris,0,missing10,Winsorized Z-score,LogReg,0.9555555555555556,0.9553571428571428
iris,0,missing10,Winsorized Z-score,RBF-SVM,0.9333333333333332,0.9332591768631814
iris,0,missing10,Winsorized Z-score,KNN,0.9111111111111112,0.91225302381489
iris,0,missing10,Yeo-Johnson,LogReg,0.977777777777778,0.9777530589543938
iris,0,missing10,Yeo-Johnson,RBF-SVM,0.9555555555555556,0.9553571428571428
iris,0,missing10,Yeo-Johnson,KNN,0.9111111111111112,0.91225302381489
iris,0,missing10,Quantile-Normal,LogReg,0.977777777777778,0.9777530589543938
iris,0,missing10,Quantile-Normal,RBF-SVM,0.9555555555555556,0.9555555555555556
iris,0,missing10,Quantile-Normal,KNN,0.9555555555555556,0.9553571428571428
iris,0,missing10,Core-Norm ablation — residual channel removed,LogReg,0.977777777777778,0.9777530589543938
iris,0,missing10,Core-Norm ablation — residual channel removed,RBF-SVM,0.977777777777778,0.9777530589543938
iris,0,missing10,Core-Norm ablation — residual channel removed,KNN,0.977777777777778,0.9777530589543938
iris,0,missing10,Core-Norm,LogReg,0.9555555555555556,0.9553571428571428
iris,0,missing10,Core-Norm,RBF-SVM,0.977777777777778,0.9777530589543938
iris,0,missing10,Core-Norm,KNN,0.977777777777778,0.9777530589543938
iris,1,missing10,No scaling,LogReg,0.9555555555555556,0.9553571428571428
iris,1,missing10,No scaling,RBF-SVM,0.9333333333333332,0.9343931930138828
iris,1,missing10,No scaling,KNN,0.9555555555555556,0.9553571428571428
iris,1,missing10,Z-score,LogReg,0.9333333333333332,0.9332591768631814
iris,1,missing10,Z-score,RBF-SVM,0.9111111111111112,0.9111111111111112
iris,1,missing10,Z-score,KNN,0.9333333333333332,0.9326599326599326
iris,1,missing10,Min-Max,LogReg,0.9111111111111112,0.9111111111111112
iris,1,missing10,Min-Max,RBF-SVM,0.9333333333333332,0.9332591768631814
iris,1,missing10,Min-Max,KNN,0.9555555555555556,0.9553571428571428
iris,1,missing10,RobustScaler,LogReg,0.8444444444444444,0.8442714126807563
iris,1,missing10,RobustScaler,RBF-SVM,0.888888888888889,0.8887652947719689
iris,1,missing10,RobustScaler,KNN,0.8222222222222223,0.8190045248868779
iris,1,missing10,Winsorized Z-score,LogReg,0.9333333333333332,0.9332591768631814
iris,1,missing10,Winsorized Z-score,RBF-SVM,0.9111111111111112,0.9111111111111112
iris,1,missing10,Winsorized Z-score,KNN,0.9333333333333332,0.9326599326599326
iris,1,missing10,Yeo-Johnson,LogReg,0.9333333333333332,0.9332591768631814
iris,1,missing10,Yeo-Johnson,RBF-SVM,0.9111111111111112,0.9111111111111112
iris,1,missing10,Yeo-Johnson,KNN,0.9333333333333332,0.9326599326599326
iris,1,missing10,Quantile-Normal,LogReg,0.8666666666666667,0.8660714285714285
iris,1,missing10,Quantile-Normal,RBF-SVM,0.888888888888889,0.8902978618217773
iris,1,missing10,Quantile-Normal,KNN,0.8444444444444444,0.8449160035366932
iris,1,missing10,Core-Norm ablation — residual channel removed,LogReg,0.9555555555555556,0.9553571428571428
iris,1,missing10,Core-Norm ablation — residual channel removed,RBF-SVM,0.9555555555555556,0.9553571428571428
iris,1,missing10,Core-Norm ablation — residual channel removed,KNN,0.9111111111111112,0.9095022624434388
iris,1,missing10,Core-Norm,LogReg,0.9555555555555556,0.9553571428571428
iris,1,missing10,Core-Norm,RBF-SVM,0.9555555555555556,0.9553571428571428
iris,1,missing10,Core-Norm,KNN,0.9111111111111112,0.9095022624434388
digits,0,missing10,No scaling,LogReg,0.9294276582955828,0.9299272582731136
digits,0,missing10,No scaling,RBF-SVM,0.979272233706196,0.9794415698812916
digits,0,missing10,No scaling,KNN,0.971862285164172,0.9721089039628924
digits,0,missing10,Z-score,LogReg,0.9384836267855136,0.9393073458378628
digits,0,missing10,Z-score,RBF-SVM,0.9719347808027056,0.9723588005192544
digits,0,missing10,Z-score,KNN,0.9496349806727166,0.9502397763398284
digits,0,missing10,Min-Max,LogReg,0.938484897352822,0.9392920489180164
digits,0,missing10,Min-Max,RBF-SVM,0.979272233706196,0.9794415698812916
digits,0,missing10,Min-Max,KNN,0.9717936745295236,0.9721064183077972
digits,0,missing10,RobustScaler,LogReg,0.9457524690543556,0.946549851061654
digits,0,missing10,RobustScaler,RBF-SVM,0.929431616601428,0.9297595149133644
digits,0,missing10,RobustScaler,KNN,0.815902933544443,0.815054839084729
digits,0,missing10,Winsorized Z-score,LogReg,0.93477992308181,0.9357314981861632
digits,0,missing10,Winsorized Z-score,RBF-SVM,0.9774928774928776,0.9777437360382356
digits,0,missing10,Winsorized Z-score,KNN,0.9459312769690128,0.9463676980337876
digits,0,missing10,Yeo-Johnson,LogReg,0.9312121700800948,0.9316204534303912
digits,0,missing10,Yeo-Johnson,RBF-SVM,0.9702564346903968,0.9702773075321672
digits,0,missing10,Yeo-Johnson,KNN,0.9401943723641836,0.9402976778003888
digits,0,missing10,Quantile-Normal,LogReg,0.8773829489867225,0.878286608688701
digits,0,missing10,Quantile-Normal,RBF-SVM,0.9515929248948116,0.9517919946337572
digits,0,missing10,Quantile-Normal,KNN,0.9387310453348188,0.9397940114063068
digits,0,missing10,Core-Norm ablation — residual channel removed,LogReg,0.9402655241334488,0.9406262536636204
digits,0,missing10,Core-Norm ablation — residual channel removed,RBF-SVM,0.9812302512302512,0.9813504333086652
digits,0,missing10,Core-Norm ablation — residual channel removed,KNN,0.9718946113285736,0.9720631597579916
digits,0,missing10,Core-Norm,LogReg,0.9402318540997786,0.9406153728583344
digits,0,missing10,Core-Norm,RBF-SVM,0.983082103082103,0.983216409885921
digits,0,missing10,Core-Norm,KNN,0.9700104333123202,0.9702198943506724
digits,1,missing10,No scaling,LogReg,0.924251513685476,0.9243518949922568
digits,1,missing10,No scaling,RBF-SVM,0.975914270914271,0.9760846294168072
digits,1,missing10,No scaling,KNN,0.9701825951825952,0.9702094500088884
digits,1,missing10,Z-score,LogReg,0.9388992488992488,0.9391332118649164
digits,1,missing10,Z-score,RBF-SVM,0.973995078995079,0.9740699823493392
digits,1,missing10,Z-score,KNN,0.9683980833980832,0.9682647571872856
digits,1,missing10,Min-Max,LogReg,0.9370461264800888,0.9371192461227468
digits,1,missing10,Min-Max,RBF-SVM,0.975914270914271,0.9760846294168072
digits,1,missing10,Min-Max,KNN,0.972034447034447,0.9720152411479812
digits,1,missing10,RobustScaler,LogReg,0.93488093318282,0.9351300785644392
digits,1,missing10,RobustScaler,RBF-SVM,0.947885336187223,0.9483902719065332
digits,1,missing10,RobustScaler,KNN,0.877627679797491,0.8779668048826548
digits,1,missing10,Winsorized Z-score,LogReg,0.9388992488992488,0.9393013289973388
digits,1,missing10,Winsorized Z-score,RBF-SVM,0.9775938875938875,0.9777572838602624
digits,1,missing10,Winsorized Z-score,KNN,0.9609557353896976,0.960955235227268
digits,1,missing10,Yeo-Johnson,LogReg,0.933163688163688,0.9330293651179784
digits,1,missing10,Yeo-Johnson,RBF-SVM,0.9628788123127744,0.9631013946248536
digits,1,missing10,Yeo-Johnson,KNN,0.947706601574526,0.947655200746596
digits,1,missing10,Quantile-Normal,LogReg,0.8962251200930446,0.8969153644208688
digits,1,missing10,Quantile-Normal,RBF-SVM,0.955328954762917,0.9554599363098644
digits,1,missing10,Quantile-Normal,KNN,0.946346825780788,0.9464238015095048
digits,1,missing10,Core-Norm ablation — residual channel removed,LogReg,0.936867391867392,0.9366672303533136
digits,1,missing10,Core-Norm ablation — residual channel removed,RBF-SVM,0.9740624190624192,0.9741722649395832
digits,1,missing10,Core-Norm ablation — residual channel removed,KNN,0.971963221963222,0.9718982741336089
digits,1,missing10,Core-Norm,LogReg,0.9368337218337216,0.936736404417729
digits,1,missing10,Core-Norm,RBF-SVM,0.975914270914271,0.976039339790353
digits,1,missing10,Core-Norm,KNN,0.970040145040145,0.9699250951643356
gaussian,0,drift,No scaling,LogReg,0.8133333333333334,0.8131256952169077
gaussian,0,drift,No scaling,RBF-SVM,0.79,0.7867563267931085
gaussian,0,drift,No scaling,KNN,0.7733333333333333,0.7730812013348165
gaussian,0,drift,Z-score,LogReg,0.8133333333333334,0.8131256952169077
gaussian,0,drift,Z-score,RBF-SVM,0.7866666666666666,0.7831880392068296
gaussian,0,drift,Z-score,KNN,0.7833333333333333,0.7830416448781139
gaussian,0,drift,Min-Max,LogReg,0.8133333333333334,0.8131256952169077
gaussian,0,drift,Min-Max,RBF-SVM,0.79,0.7871022247254295
gaussian,0,drift,Min-Max,KNN,0.7733333333333333,0.7732426303854876
gaussian,0,drift,RobustScaler,LogReg,0.81,0.8097442116623461
gaussian,0,drift,RobustScaler,RBF-SVM,0.79,0.7867563267931085
gaussian,0,drift,RobustScaler,KNN,0.8066666666666666,0.8062447107033095
gaussian,0,drift,Winsorized Z-score,LogReg,0.8066666666666666,0.8065290873510051
gaussian,0,drift,Winsorized Z-score,RBF-SVM,0.7866666666666666,0.7838908648867678
gaussian,0,drift,Winsorized Z-score,KNN,0.7833333333333333,0.7829257160668366
gaussian,0,drift,Yeo-Johnson,LogReg,0.8066666666666666,0.8065290873510051
gaussian,0,drift,Yeo-Johnson,RBF-SVM,0.7866666666666666,0.7831880392068296
gaussian,0,drift,Yeo-Johnson,KNN,0.7666666666666666,0.7664071190211346
gaussian,0,drift,Quantile-Normal,LogReg,0.8066666666666666,0.8063568376068376
gaussian,0,drift,Quantile-Normal,RBF-SVM,0.7766666666666666,0.7728274505814939
gaussian,0,drift,Quantile-Normal,KNN,0.7933333333333333,0.79288227695871
gaussian,0,drift,Core-Norm ablation — residual channel removed,LogReg,0.7966666666666666,0.7966101694915255
gaussian,0,drift,Core-Norm ablation — residual channel removed,RBF-SVM,0.7833333333333333,0.7803435651929034
gaussian,0,drift,Core-Norm ablation — residual channel removed,KNN,0.76,0.7596153846153846
gaussian,0,drift,Core-Norm,LogReg,0.8,0.7999644381223329
gaussian,0,drift,Core-Norm,RBF-SVM,0.7766666666666666,0.7739312346053919
gaussian,0,drift,Core-Norm,KNN,0.7766666666666666,0.7765450078376005
gaussian,1,drift,No scaling,LogReg,0.8466666666666667,0.8466053087901828
gaussian,1,drift,No scaling,RBF-SVM,0.8066666666666666,0.8065893023876217
gaussian,1,drift,No scaling,KNN,0.7166666666666667,0.7164114369599306
gaussian,1,drift,Z-score,LogReg,0.8466666666666667,0.8466053087901828
gaussian,1,drift,Z-score,RBF-SVM,0.8033333333333333,0.8032262009316183
gaussian,1,drift,Z-score,KNN,0.7,0.699666295884316
gaussian,1,drift,Min-Max,LogReg,0.8433333333333333,0.8432479905726451
gaussian,1,drift,Min-Max,RBF-SVM,0.8066666666666666,0.8066322901849218
gaussian,1,drift,Min-Max,KNN,0.72,0.719551282051282
gaussian,1,drift,RobustScaler,LogReg,0.8466666666666667,0.8466053087901828
gaussian,1,drift,RobustScaler,RBF-SVM,0.8033333333333333,0.8031561738898343
gaussian,1,drift,RobustScaler,KNN,0.7066666666666667,0.7065492863812192
gaussian,1,drift,Winsorized Z-score,LogReg,0.8400000000000001,0.8398861412560042
gaussian,1,drift,Winsorized Z-score,RBF-SVM,0.8033333333333333,0.8028404344193818
gaussian,1,drift,Winsorized Z-score,KNN,0.7266666666666666,0.7264721579790072
gaussian,1,drift,Yeo-Johnson,LogReg,0.8400000000000001,0.8398861412560042
gaussian,1,drift,Yeo-Johnson,RBF-SVM,0.8066666666666666,0.8065290873510051
gaussian,1,drift,Yeo-Johnson,KNN,0.72,0.719551282051282
gaussian,1,drift,Quantile-Normal,LogReg,0.8366666666666667,0.8365776922991406
gaussian,1,drift,Quantile-Normal,RBF-SVM,0.7933333333333333,0.7932506335867681
gaussian,1,drift,Quantile-Normal,KNN,0.72,0.7198007471980075
gaussian,1,drift,Core-Norm ablation — residual channel removed,LogReg,0.8300000000000001,0.82977113675052
gaussian,1,drift,Core-Norm ablation — residual channel removed,RBF-SVM,0.8,0.7994294883223391
gaussian,1,drift,Core-Norm ablation — residual channel removed,KNN,0.75,0.74997499749975
gaussian,1,drift,Core-Norm,LogReg,0.8366666666666667,0.8365776922991406
gaussian,1,drift,Core-Norm,RBF-SVM,0.8066666666666666,0.8063568376068376
gaussian,1,drift,Core-Norm,KNN,0.7333333333333333,0.7333333333333333
correlated,0,drift,No scaling,LogReg,0.6333333333333333,0.5810268650652582
correlated,0,drift,No scaling,RBF-SVM,0.6866666666666666,0.6866666666666666
correlated,0,drift,No scaling,KNN,0.69,0.6899689968996899
correlated,0,drift,Z-score,LogReg,0.6666666666666666,0.6268471068212349
correlated,0,drift,Z-score,RBF-SVM,0.6966666666666667,0.6966632962588473
correlated,0,drift,Z-score,KNN,0.6566666666666666,0.6566323298996566
correlated,0,drift,Min-Max,LogReg,0.73,0.729924979160878
correlated,0,drift,Min-Max,RBF-SVM,0.6833333333333333,0.6833298147757197
correlated,0,drift,Min-Max,KNN,0.6699999999999999,0.6699963332925921
correlated,0,drift,RobustScaler,LogReg,0.69,0.6600835780163014
correlated,0,drift,RobustScaler,RBF-SVM,0.6933333333333334,0.6933197030979155
correlated,0,drift,RobustScaler,KNN,0.6766666666666666,0.6766343300996767
correlated,0,drift,Winsorized Z-score,LogReg,0.6699999999999999,0.6314724969289375
correlated,0,drift,Winsorized Z-score,RBF-SVM,0.6933333333333334,0.6932106175803654
correlated,0,drift,Winsorized Z-score,KNN,0.6633333333333333,0.6632397888302306
correlated,0,drift,Yeo-Johnson,LogReg,0.6666666666666666,0.6268471068212349
correlated,0,drift,Yeo-Johnson,RBF-SVM,0.6866666666666666,0.6866666666666666
correlated,0,drift,Yeo-Johnson,KNN,0.6633333333333333,0.6633295925510283
correlated,0,drift,Quantile-Normal,LogReg,0.6766666666666666,0.6469774720675474
correlated,0,drift,Quantile-Normal,RBF-SVM,0.6766666666666667,0.6766630740341559
correlated,0,drift,Quantile-Normal,KNN,0.6933333333333334,0.6928418803418803
correlated,0,drift,Core-Norm ablation — residual channel removed,LogReg,0.6933333333333334,0.6756756756756757
correlated,0,drift,Core-Norm ablation — residual channel removed,RBF-SVM,0.7033333333333334,0.7030660928168685
correlated,0,drift,Core-Norm ablation — residual channel removed,KNN,0.6466666666666666,0.6466666666666666
correlated,0,drift,Core-Norm,LogReg,0.6966666666666667,0.6775755571565234
correlated,0,drift,Core-Norm,RBF-SVM,0.7,0.6998799519807923
correlated,0,drift,Core-Norm,KNN,0.6633333333333333,0.6632397888302306
correlated,1,drift,No scaling,LogReg,0.8200000000000001,0.8193496587715776
correlated,1,drift,No scaling,RBF-SVM,0.7933333333333333,0.7931862657890055
correlated,1,drift,No scaling,KNN,0.7633333333333334,0.7630147197899397
correlated,1,drift,Z-score,LogReg,0.8200000000000001,0.8194865394901052
correlated,1,drift,Z-score,RBF-SVM,0.7866666666666666,0.7865812991863412
correlated,1,drift,Z-score,KNN,0.7566666666666666,0.756599055293137
correlated,1,drift,Min-Max,LogReg,0.8166666666666667,0.8166483314998166
correlated,1,drift,Min-Max,RBF-SVM,0.81,0.8099472075576549
correlated,1,drift,Min-Max,KNN,0.7866666666666666,0.7866571847637673
correlated,1,drift,RobustScaler,LogReg,0.8266666666666667,0.8262883613202086
correlated,1,drift,RobustScaler,RBF-SVM,0.7933333333333333,0.7932506335867681
correlated,1,drift,RobustScaler,KNN,0.7633333333333333,0.7633096642997633
correlated,1,drift,Winsorized Z-score,LogReg,0.83,0.8296801772216718
correlated,1,drift,Winsorized Z-score,RBF-SVM,0.7866666666666666,0.7866571847637673
correlated,1,drift,Winsorized Z-score,KNN,0.7633333333333334,0.7632675743262017
correlated,1,drift,Yeo-Johnson,LogReg,0.8200000000000001,0.8194865394901052
correlated,1,drift,Yeo-Johnson,RBF-SVM,0.7966666666666666,0.7966463312997967
correlated,1,drift,Yeo-Johnson,KNN,0.7766666666666666,0.7766046123923311
correlated,1,drift,Quantile-Normal,LogReg,0.8300000000000001,0.82977113675052
correlated,1,drift,Quantile-Normal,RBF-SVM,0.7966666666666666,0.7965559026581139
correlated,1,drift,Quantile-Normal,KNN,0.7566666666666666,0.7565341130170871
correlated,1,drift,Core-Norm ablation — residual channel removed,LogReg,0.8200000000000001,0.8197997775305895
correlated,1,drift,Core-Norm ablation — residual channel removed,RBF-SVM,0.7966666666666666,0.7966644073823043
correlated,1,drift,Core-Norm ablation — residual channel removed,KNN,0.7566666666666667,0.7566423308997566
correlated,1,drift,Core-Norm,LogReg,0.8266666666666667,0.8264738598442714
correlated,1,drift,Core-Norm,RBF-SVM,0.8033333333333333,0.8033311481238681
correlated,1,drift,Core-Norm,KNN,0.7566666666666667,0.7566423308997566
lognormal,0,drift,No scaling,LogReg,0.74,0.7373737373737375
lognormal,0,drift,No scaling,RBF-SVM,0.6966666666666667,0.6786685342341601
lognormal,0,drift,No scaling,KNN,0.7333333333333334,0.7309899569583931
lognormal,0,drift,Z-score,LogReg,0.74,0.7373737373737375
lognormal,0,drift,Z-score,RBF-SVM,0.6866666666666666,0.6663669490322275
lognormal,0,drift,Z-score,KNN,0.72,0.7159090909090908
lognormal,0,drift,Min-Max,LogReg,0.7133333333333334,0.70703125
lognormal,0,drift,Min-Max,RBF-SVM,0.6833333333333333,0.661000820734855
lognormal,0,drift,Min-Max,KNN,0.7133333333333334,0.7044538123167156
lognormal,0,drift,RobustScaler,LogReg,0.74,0.7373737373737375
lognormal,0,drift,RobustScaler,RBF-SVM,0.6933333333333334,0.6734655245847334
lognormal,0,drift,RobustScaler,KNN,0.7,0.6945701357466063
lognormal,0,drift,Winsorized Z-score,LogReg,0.7366666666666667,0.7356061535715481
lognormal,0,drift,Winsorized Z-score,RBF-SVM,0.7033333333333334,0.6945045137816221
lognormal,0,drift,Winsorized Z-score,KNN,0.7466666666666667,0.7447494514352246
lognormal,0,drift,Yeo-Johnson,LogReg,0.7266666666666667,0.7099603848330504
lognormal,0,drift,Yeo-Johnson,RBF-SVM,0.6066666666666667,0.5429663292708118
lognormal,0,drift,Yeo-Johnson,KNN,0.67,0.648
lognormal,0,drift,Quantile-Normal,LogReg,0.7266666666666667,0.7109283196239717
lognormal,0,drift,Quantile-Normal,RBF-SVM,0.55,0.4517469643026356
lognormal,0,drift,Quantile-Normal,KNN,0.65,0.623921011473394
lognormal,0,drift,Core-Norm ablation — residual channel removed,LogReg,0.75,0.7461384842775101
lognormal,0,drift,Core-Norm ablation — residual channel removed,RBF-SVM,0.69,0.6656239887822242
lognormal,0,drift,Core-Norm ablation — residual channel removed,KNN,0.7333333333333334,0.7274709302325582
lognormal,0,drift,Core-Norm,LogReg,0.7433333333333333,0.7389210999220154
lognormal,0,drift,Core-Norm,RBF-SVM,0.7,0.6782496782496783
lognormal,0,drift,Core-Norm,KNN,0.7166666666666667,0.7089007865386592
lognormal,1,drift,No scaling,LogReg,0.76,0.7599573257467995
lognormal,1,drift,No scaling,RBF-SVM,0.7533333333333334,0.7531578011030066
lognormal,1,drift,No scaling,KNN,0.69,0.6890013487755124
lognormal,1,drift,Z-score,LogReg,0.76,0.7599573257467995
lognormal,1,drift,Z-score,RBF-SVM,0.7466666666666667,0.746384872080089
lognormal,1,drift,Z-score,KNN,0.69,0.6895826611333014
lognormal,1,drift,Min-Max,LogReg,0.74,0.7397107897664071
lognormal,1,drift,Min-Max,RBF-SVM,0.74,0.739814979541007
lognormal,1,drift,Min-Max,KNN,0.7066666666666667,0.7060264576188142
lognormal,1,drift,RobustScaler,LogReg,0.76,0.7599573257467995
lognormal,1,drift,RobustScaler,RBF-SVM,0.7466666666666666,0.7464863903220067
lognormal,1,drift,RobustScaler,KNN,0.6766666666666666,0.6753645176764578
lognormal,1,drift,Winsorized Z-score,LogReg,0.76,0.7599039615846338
lognormal,1,drift,Winsorized Z-score,RBF-SVM,0.7366666666666666,0.7360066833751044
lognormal,1,drift,Winsorized Z-score,KNN,0.7,0.6999466571834994
lognormal,1,drift,Yeo-Johnson,LogReg,0.74,0.7390606182256123
lognormal,1,drift,Yeo-Johnson,RBF-SVM,0.72,0.7199502133712661
lognormal,1,drift,Yeo-Johnson,KNN,0.6733333333333333,0.6733188141695187
lognormal,1,drift,Quantile-Normal,LogReg,0.7333333333333334,0.731891505429197
lognormal,1,drift,Quantile-Normal,RBF-SVM,0.7266666666666667,0.7245980923380055
lognormal,1,drift,Quantile-Normal,KNN,0.73,0.7297567811029927
lognormal,1,drift,Core-Norm ablation — residual channel removed,LogReg,0.7633333333333333,0.7632044112905916
lognormal,1,drift,Core-Norm ablation — residual channel removed,RBF-SVM,0.73,0.72997299729973
lognormal,1,drift,Core-Norm ablation — residual channel removed,KNN,0.71,0.7099967777419749
lognormal,1,drift,Core-Norm,LogReg,0.7666666666666666,0.7664071190211346
lognormal,1,drift,Core-Norm,RBF-SVM,0.74,0.7399884439308414
lognormal,1,drift,Core-Norm,KNN,0.7033333333333334,0.7030660928168685
student_t,0,drift,No scaling,LogReg,0.8033333333333333,0.7999525311090767
student_t,0,drift,No scaling,RBF-SVM,0.7766666666666666,0.7719821669635059
student_t,0,drift,No scaling,KNN,0.7566666666666666,0.7556866988699116
student_t,0,drift,Z-score,LogReg,0.8133333333333334,0.8106060606060606
student_t,0,drift,Z-score,RBF-SVM,0.7933333333333333,0.7903138528138528
student_t,0,drift,Z-score,KNN,0.7666666666666666,0.7651637144390768
student_t,0,drift,Min-Max,LogReg,0.7733333333333333,0.7692307692307693
student_t,0,drift,Min-Max,RBF-SVM,0.8266666666666667,0.8251434720229556
student_t,0,drift,Min-Max,KNN,0.7733333333333333,0.771043771043771
student_t,0,drift,RobustScaler,LogReg,0.8066666666666666,0.8035141605311893
student_t,0,drift,RobustScaler,RBF-SVM,0.7866666666666666,0.7824017407860737
student_t,0,drift,RobustScaler,KNN,0.75,0.7485218674207286
student_t,0,drift,Winsorized Z-score,LogReg,0.8233333333333333,0.822097902097902
student_t,0,drift,Winsorized Z-score,RBF-SVM,0.7533333333333334,0.7468527640941434
student_t,0,drift,Winsorized Z-score,KNN,0.7666666666666666,0.763981298327639
student_t,0,drift,Yeo-Johnson,LogReg,0.81,0.8073782033230077
student_t,0,drift,Yeo-Johnson,RBF-SVM,0.7733333333333333,0.7688018495852034
student_t,0,drift,Yeo-Johnson,KNN,0.7633333333333333,0.7611009544745904
student_t,0,drift,Quantile-Normal,LogReg,0.7966666666666666,0.7954644521688592
student_t,0,drift,Quantile-Normal,RBF-SVM,0.7366666666666667,0.7294489663124009
student_t,0,drift,Quantile-Normal,KNN,0.73,0.7213015104769988
student_t,0,drift,Core-Norm ablation — residual channel removed,LogReg,0.7966666666666666,0.7947487073654931
student_t,0,drift,Core-Norm ablation — residual channel removed,RBF-SVM,0.72,0.7126436781609196
student_t,0,drift,Core-Norm ablation — residual channel removed,KNN,0.7366666666666666,0.7288298493117771
student_t,0,drift,Core-Norm,LogReg,0.8033333333333333,0.8009245200256436
student_t,0,drift,Core-Norm,RBF-SVM,0.7266666666666667,0.7188571428571429
student_t,0,drift,Core-Norm,KNN,0.76,0.7552019583843329
student_t,1,drift,No scaling,LogReg,0.7566666666666666,0.7565341130170871
student_t,1,drift,No scaling,RBF-SVM,0.7266666666666667,0.7262286324786325
student_t,1,drift,No scaling,KNN,0.66,0.6598639455782312
student_t,1,drift,Z-score,LogReg,0.7566666666666666,0.7565341130170871
student_t,1,drift,Z-score,RBF-SVM,0.72,0.7192012836512747
student_t,1,drift,Z-score,KNN,0.6633333333333333,0.6630300603876822
student_t,1,drift,Min-Max,LogReg,0.7366666666666667,0.7341827521618681
student_t,1,drift,Min-Max,RBF-SVM,0.7333333333333334,0.7316156736446592
student_t,1,drift,Min-Max,KNN,0.6633333333333333,0.660584064253789
student_t,1,drift,RobustScaler,LogReg,0.7566666666666666,0.7565341130170871
student_t,1,drift,RobustScaler,RBF-SVM,0.72,0.7196885428253614
student_t,1,drift,RobustScaler,KNN,0.6766666666666666,0.6764905337350335
student_t,1,drift,Winsorized Z-score,LogReg,0.7666666666666666,0.7665732959850606
student_t,1,drift,Winsorized Z-score,RBF-SVM,0.6699999999999999,0.6689369196642552
student_t,1,drift,Winsorized Z-score,KNN,0.6466666666666667,0.6466509622649895
student_t,1,drift,Yeo-Johnson,LogReg,0.7666666666666666,0.7665732959850606
student_t,1,drift,Yeo-Johnson,RBF-SVM,0.7066666666666667,0.7058299162060973
student_t,1,drift,Yeo-Johnson,KNN,0.6599999999999999,0.6599848882172541
student_t,1,drift,Quantile-Normal,LogReg,0.7433333333333334,0.7433304814497939
student_t,1,drift,Quantile-Normal,RBF-SVM,0.69,0.6884735202492211
student_t,1,drift,Quantile-Normal,KNN,0.6566666666666667,0.6542657342657343
student_t,1,drift,Core-Norm ablation — residual channel removed,LogReg,0.7566666666666666,0.7564474693891169
student_t,1,drift,Core-Norm ablation — residual channel removed,RBF-SVM,0.6766666666666667,0.6744055944055944
student_t,1,drift,Core-Norm ablation — residual channel removed,KNN,0.6766666666666666,0.6753645176764578
student_t,1,drift,Core-Norm,LogReg,0.75,0.7479584635547938
student_t,1,drift,Core-Norm,RBF-SVM,0.7033333333333334,0.702377634849684
student_t,1,drift,Core-Norm,KNN,0.6933333333333334,0.6928418803418803
laplace,0,drift,No scaling,LogReg,0.8733333333333333,0.8732431951610033
laplace,0,drift,No scaling,RBF-SVM,0.8533333333333333,0.8533268145250901
laplace,0,drift,No scaling,KNN,0.8400000000000001,0.8399928885728254
laplace,0,drift,Z-score,LogReg,0.8733333333333333,0.8732431951610033
laplace,0,drift,Z-score,RBF-SVM,0.8466666666666667,0.8466394025604552
laplace,0,drift,Z-score,KNN,0.8300000000000001,0.8299073940256362
laplace,0,drift,Min-Max,LogReg,0.87,0.869998555539506
laplace,0,drift,Min-Max,RBF-SVM,0.8466666666666667,0.8466394025604552
laplace,0,drift,Min-Max,KNN,0.8500000000000001,0.8499983333148147
laplace,0,drift,RobustScaler,LogReg,0.8733333333333333,0.8732431951610033
laplace,0,drift,RobustScaler,RBF-SVM,0.8566666666666667,0.856626840789108
laplace,0,drift,RobustScaler,KNN,0.8366666666666667,0.8366503316998366
laplace,0,drift,Winsorized Z-score,LogReg,0.8666666666666667,0.8665183537263625
laplace,0,drift,Winsorized Z-score,RBF-SVM,0.8500000000000001,0.8499983333148147
laplace,0,drift,Winsorized Z-score,KNN,0.8366666666666667,0.8366212836899138
laplace,0,drift,Yeo-Johnson,LogReg,0.87,0.8698828946051447
laplace,0,drift,Yeo-Johnson,RBF-SVM,0.8533333333333333,0.853307254623044
laplace,0,drift,Yeo-Johnson,KNN,0.8366666666666667,0.836664851831687
laplace,0,drift,Quantile-Normal,LogReg,0.8766666666666667,0.8766323978883023
laplace,0,drift,Quantile-Normal,RBF-SVM,0.8566666666666667,0.856626840789108
laplace,0,drift,Quantile-Normal,KNN,0.8133333333333334,0.8131256952169077
laplace,0,drift,Core-Norm ablation — residual channel removed,LogReg,0.8466666666666667,0.846496106785317
laplace,0,drift,Core-Norm ablation — residual channel removed,RBF-SVM,0.83,0.8299829982998299
laplace,0,drift,Core-Norm ablation — residual channel removed,KNN,0.8233333333333333,0.8232842456237843
laplace,0,drift,Core-Norm,LogReg,0.86,0.859775641025641
laplace,0,drift,Core-Norm,RBF-SVM,0.8466666666666667,0.8466666666666667
laplace,0,drift,Core-Norm,KNN,0.8200000000000001,0.8197997775305895
laplace,1,drift,No scaling,LogReg,0.8133333333333334,0.8114478114478114
laplace,1,drift,No scaling,RBF-SVM,0.8300000000000001,0.8294523525543134
laplace,1,drift,No scaling,KNN,0.7466666666666667,0.746384872080089
laplace,1,drift,Z-score,LogReg,0.8133333333333334,0.8114478114478114
laplace,1,drift,Z-score,RBF-SVM,0.8266666666666667,0.8260404121504081
laplace,1,drift,Z-score,KNN,0.7766666666666666,0.7761069340016709
laplace,1,drift,Min-Max,LogReg,0.78,0.7767857142857143
laplace,1,drift,Min-Max,RBF-SVM,0.8066666666666666,0.8056213414361678
laplace,1,drift,Min-Max,KNN,0.78,0.7785829307568438
laplace,1,drift,RobustScaler,LogReg,0.8133333333333334,0.8114478114478114
laplace,1,drift,RobustScaler,RBF-SVM,0.8266666666666667,0.8260404121504081
laplace,1,drift,RobustScaler,KNN,0.7566666666666666,0.7564474693891169
laplace,1,drift,Winsorized Z-score,LogReg,0.81,0.8079493255764327
laplace,1,drift,Winsorized Z-score,RBF-SVM,0.8200000000000001,0.8194865394901052
laplace,1,drift,Winsorized Z-score,KNN,0.7633333333333333,0.7631201414606479
laplace,1,drift,Yeo-Johnson,LogReg,0.81,0.8079493255764327
laplace,1,drift,Yeo-Johnson,RBF-SVM,0.8233333333333334,0.8227642095172276
laplace,1,drift,Yeo-Johnson,KNN,0.76,0.7598292118840064
laplace,1,drift,Quantile-Normal,LogReg,0.8200000000000001,0.8181818181818181
laplace,1,drift,Quantile-Normal,RBF-SVM,0.8066666666666666,0.8058035714285714
laplace,1,drift,Quantile-Normal,KNN,0.7966666666666666,0.7964835018183032
laplace,1,drift,Core-Norm ablation — residual channel removed,LogReg,0.7966666666666666,0.7947487073654931
laplace,1,drift,Core-Norm ablation — residual channel removed,RBF-SVM,0.8200000000000001,0.8197115384615384
laplace,1,drift,Core-Norm ablation — residual channel removed,KNN,0.78,0.7798434442270059
laplace,1,drift,Core-Norm,LogReg,0.8133333333333334,0.8111850386621111
laplace,1,drift,Core-Norm,RBF-SVM,0.8266666666666667,0.8262883613202086
laplace,1,drift,Core-Norm,KNN,0.76,0.7599573257467995
bimodal,0,drift,No scaling,LogReg,0.7566666666666666,0.7510656436487639
bimodal,0,drift,No scaling,RBF-SVM,0.75,0.7461384842775101
bimodal,0,drift,No scaling,KNN,0.7066666666666667,0.7058299162060973
bimodal,0,drift,Z-score,LogReg,0.7566666666666666,0.7510656436487639
bimodal,0,drift,Z-score,RBF-SVM,0.7533333333333334,0.7493111703328967
bimodal,0,drift,Z-score,KNN,0.7033333333333334,0.7027752112299763
bimodal,0,drift,Min-Max,LogReg,0.7566666666666666,0.7510656436487639
bimodal,0,drift,Min-Max,RBF-SVM,0.75,0.7461384842775101
bimodal,0,drift,Min-Max,KNN,0.7066666666666667,0.7060264576188142
bimodal,0,drift,RobustScaler,LogReg,0.7566666666666666,0.7510656436487639
bimodal,0,drift,RobustScaler,RBF-SVM,0.7533333333333334,0.7493111703328967
bimodal,0,drift,RobustScaler,KNN,0.6933333333333334,0.69245854876092
bimodal,0,drift,Winsorized Z-score,LogReg,0.7666666666666666,0.7624434389140271
bimodal,0,drift,Winsorized Z-score,RBF-SVM,0.7533333333333334,0.748868778280543
bimodal,0,drift,Winsorized Z-score,KNN,0.7033333333333334,0.7031717268290514
bimodal,0,drift,Yeo-Johnson,LogReg,0.7566666666666666,0.7515626595274019
bimodal,0,drift,Yeo-Johnson,RBF-SVM,0.75,0.7457023700539112
bimodal,0,drift,Yeo-Johnson,KNN,0.72,0.7193888913634137
bimodal,0,drift,Quantile-Normal,LogReg,0.7166666666666667,0.7095374241095329
bimodal,0,drift,Quantile-Normal,RBF-SVM,0.6599999999999999,0.6486151302190988
bimodal,0,drift,Quantile-Normal,KNN,0.6333333333333333,0.6331866079765239
bimodal,0,drift,Core-Norm ablation — residual channel removed,LogReg,0.7666666666666666,0.763981298327639
bimodal,0,drift,Core-Norm ablation — residual channel removed,RBF-SVM,0.7533333333333333,0.7514665711342976
bimodal,0,drift,Core-Norm ablation — residual channel removed,KNN,0.7233333333333334,0.7233056638997233
bimodal,0,drift,Core-Norm,LogReg,0.7866666666666666,0.7852925389157273
bimodal,0,drift,Core-Norm,RBF-SVM,0.7466666666666666,0.7433704020530367
bimodal,0,drift,Core-Norm,KNN,0.7233333333333334,0.7232564601278133
bimodal,1,drift,No scaling,LogReg,0.8333333333333333,0.8327311655292386
bimodal,1,drift,No scaling,RBF-SVM,0.8,0.7997775305895439
bimodal,1,drift,No scaling,KNN,0.8033333333333333,0.8033136646998034
bimodal,1,drift,Z-score,LogReg,0.8300000000000001,0.8294523525543134
bimodal,1,drift,Z-score,RBF-SVM,0.8033333333333333,0.8030685699662881
bimodal,1,drift,Z-score,KNN,0.8033333333333333,0.8033136646998034
bimodal,1,drift,Min-Max,LogReg,0.8,0.7998576765700054
bimodal,1,drift,Min-Max,RBF-SVM,0.8066666666666666,0.8065290873510051
bimodal,1,drift,Min-Max,KNN,0.8,0.7999911107160318
bimodal,1,drift,RobustScaler,LogReg,0.8266666666666667,0.8260404121504081
bimodal,1,drift,RobustScaler,RBF-SVM,0.8033333333333333,0.8030685699662881
bimodal,1,drift,RobustScaler,KNN,0.8033333333333333,0.8033136646998034
bimodal,1,drift,Winsorized Z-score,LogReg,0.8333333333333333,0.8327311655292386
bimodal,1,drift,Winsorized Z-score,RBF-SVM,0.8,0.7997775305895439
bimodal,1,drift,Winsorized Z-score,KNN,0.8033333333333333,0.8033136646998034
bimodal,1,drift,Yeo-Johnson,LogReg,0.8300000000000001,0.8294523525543134
bimodal,1,drift,Yeo-Johnson,RBF-SVM,0.8033333333333333,0.8030685699662881
bimodal,1,drift,Yeo-Johnson,KNN,0.8033333333333333,0.8033136646998034
bimodal,1,drift,Quantile-Normal,LogReg,0.79,0.7877334651107941
bimodal,1,drift,Quantile-Normal,RBF-SVM,0.8033333333333333,0.8032262009316183
bimodal,1,drift,Quantile-Normal,KNN,0.7933333333333333,0.7933241477398996
bimodal,1,drift,Core-Norm ablation — residual channel removed,LogReg,0.8266666666666667,0.8261722232126939
bimodal,1,drift,Core-Norm ablation — residual channel removed,RBF-SVM,0.7933333333333333,0.7931862657890055
bimodal,1,drift,Core-Norm ablation — residual channel removed,KNN,0.7966666666666666,0.7966463312997967
bimodal,1,drift,Core-Norm,LogReg,0.8233333333333333,0.822890559732665
bimodal,1,drift,Core-Norm,RBF-SVM,0.7966666666666666,0.7964835018183032
bimodal,1,drift,Core-Norm,KNN,0.7966666666666666,0.7966463312997967
zero_inflated,0,drift,No scaling,LogReg,0.6566666666666667,0.6534281452237015
zero_inflated,0,drift,No scaling,RBF-SVM,0.6666666666666667,0.6664294609500089
zero_inflated,0,drift,No scaling,KNN,0.6033333333333333,0.6017358515824586
zero_inflated,0,drift,Z-score,LogReg,0.6533333333333333,0.6498316498316499
zero_inflated,0,drift,Z-score,RBF-SVM,0.6599999999999999,0.659758050169009
zero_inflated,0,drift,Z-score,KNN,0.6000000000000001,0.5974235104669887
zero_inflated,0,drift,Min-Max,LogReg,0.6533333333333333,0.6507097756482021
zero_inflated,0,drift,Min-Max,RBF-SVM,0.6666666666666666,0.6657158138705652
zero_inflated,0,drift,Min-Max,KNN,0.6066666666666667,0.6036899377546907
zero_inflated,0,drift,RobustScaler,LogReg,0.6566666666666667,0.6534281452237015
zero_inflated,0,drift,RobustScaler,RBF-SVM,0.6666666666666667,0.6664294609500089
zero_inflated,0,drift,RobustScaler,KNN,0.6033333333333333,0.6017358515824586
zero_inflated,0,drift,Winsorized Z-score,LogReg,0.65,0.6466985946455209
zero_inflated,0,drift,Winsorized Z-score,RBF-SVM,0.6666666666666667,0.6664294609500089
zero_inflated,0,drift,Winsorized Z-score,KNN,0.6,0.5995550611790879
zero_inflated,0,drift,Yeo-Johnson,LogReg,0.6533333333333333,0.6498316498316499
zero_inflated,0,drift,Yeo-Johnson,RBF-SVM,0.6499999999999999,0.6495288109569533
zero_inflated,0,drift,Yeo-Johnson,KNN,0.6,0.5978372581437955
zero_inflated,0,drift,Quantile-Normal,LogReg,0.6766666666666667,0.6750745318728436
zero_inflated,0,drift,Quantile-Normal,RBF-SVM,0.5833333333333333,0.5833287036522627
zero_inflated,0,drift,Quantile-Normal,KNN,0.5666666666666667,0.5552818828680898
zero_inflated,0,drift,Core-Norm ablation — residual channel removed,LogReg,0.6499999999999999,0.6462224418513236
zero_inflated,0,drift,Core-Norm ablation — residual channel removed,RBF-SVM,0.6466666666666667,0.6464152286070095
zero_inflated,0,drift,Core-Norm ablation — residual channel removed,KNN,0.62,0.6199831103604605
zero_inflated,0,drift,Core-Norm,LogReg,0.6533333333333333,0.6502869440459111
zero_inflated,0,drift,Core-Norm,RBF-SVM,0.6566666666666667,0.6562044526530113
zero_inflated,0,drift,Core-Norm,KNN,0.6033333333333333,0.6031172527264844
zero_inflated,1,drift,No scaling,LogReg,0.8133333333333334,0.8125
zero_inflated,1,drift,No scaling,RBF-SVM,0.78,0.7785829307568438
zero_inflated,1,drift,No scaling,KNN,0.74,0.7398959583833533
zero_inflated,1,drift,Z-score,LogReg,0.81,0.8090644156366193
zero_inflated,1,drift,Z-score,RBF-SVM,0.7766666666666666,0.7753462015625174
zero_inflated,1,drift,Z-score,KNN,0.7466666666666666,0.7466216216216216
zero_inflated,1,drift,Min-Max,LogReg,0.8033333333333333,0.8026997804059703
zero_inflated,1,drift,Min-Max,RBF-SVM,0.7633333333333333,0.761934034491623
zero_inflated,1,drift,Min-Max,KNN,0.7266666666666667,0.726618065433855
zero_inflated,1,drift,RobustScaler,LogReg,0.8133333333333334,0.8125
zero_inflated,1,drift,RobustScaler,RBF-SVM,0.78,0.7785829307568438
zero_inflated,1,drift,RobustScaler,KNN,0.74,0.7398959583833533
zero_inflated,1,drift,Winsorized Z-score,LogReg,0.8166666666666667,0.8159283347650018
zero_inflated,1,drift,Winsorized Z-score,RBF-SVM,0.79,0.7887583686334119
zero_inflated,1,drift,Winsorized Z-score,KNN,0.7433333333333334,0.7432620172270075
zero_inflated,1,drift,Yeo-Johnson,LogReg,0.81,0.8090644156366193
zero_inflated,1,drift,Yeo-Johnson,RBF-SVM,0.78,0.7785829307568438
zero_inflated,1,drift,Yeo-Johnson,KNN,0.74,0.7398959583833533
zero_inflated,1,drift,Quantile-Normal,LogReg,0.6900000000000001,0.6726850385386971
zero_inflated,1,drift,Quantile-Normal,RBF-SVM,0.6733333333333333,0.6509308510638299
zero_inflated,1,drift,Quantile-Normal,KNN,0.6866666666666666,0.6804025567795458
zero_inflated,1,drift,Core-Norm ablation — residual channel removed,LogReg,0.81,0.8090644156366193
zero_inflated,1,drift,Core-Norm ablation — residual channel removed,RBF-SVM,0.7966666666666666,0.7952447552447552
zero_inflated,1,drift,Core-Norm ablation — residual channel removed,KNN,0.7533333333333333,0.753234627184207
zero_inflated,1,drift,Core-Norm,LogReg,0.8066666666666666,0.8056213414361678
zero_inflated,1,drift,Core-Norm,RBF-SVM,0.7933333333333333,0.7924107142857143
zero_inflated,1,drift,Core-Norm,KNN,0.76,0.7599039615846338
bounded_beta,0,drift,No scaling,LogReg,0.8433333333333333,0.8432898027229786
bounded_beta,0,drift,No scaling,RBF-SVM,0.8066666666666666,0.8059681520139168
bounded_beta,0,drift,No scaling,KNN,0.78,0.7785829307568438
bounded_beta,0,drift,Z-score,LogReg,0.8333333333333333,0.8333259255966932
bounded_beta,0,drift,Z-score,RBF-SVM,0.8033333333333333,0.802541304566093
bounded_beta,0,drift,Z-score,KNN,0.7766666666666666,0.7755669446956754
bounded_beta,0,drift,Min-Max,LogReg,0.8466666666666667,0.8466394025604552
bounded_beta,0,drift,Min-Max,RBF-SVM,0.8066666666666666,0.8058035714285714
bounded_beta,0,drift,Min-Max,KNN,0.7766666666666666,0.775767244168275
bounded_beta,0,drift,RobustScaler,LogReg,0.8366666666666667,0.8366503316998366
bounded_beta,0,drift,RobustScaler,RBF-SVM,0.8200000000000001,0.8196071444479087
bounded_beta,0,drift,RobustScaler,KNN,0.7766666666666666,0.7755669446956754
bounded_beta,0,drift,Winsorized Z-score,LogReg,0.83,0.8299829982998299
bounded_beta,0,drift,Winsorized Z-score,RBF-SVM,0.8200000000000001,0.8198719089130049
bounded_beta,0,drift,Winsorized Z-score,KNN,0.7866666666666666,0.7860581208771618
bounded_beta,0,drift,Yeo-Johnson,LogReg,0.8300000000000001,0.8291628982011858
bounded_beta,0,drift,Yeo-Johnson,RBF-SVM,0.8,0.7995634938310098
bounded_beta,0,drift,Yeo-Johnson,KNN,0.8266666666666667,0.8262883613202086
bounded_beta,0,drift,Quantile-Normal,LogReg,0.78,0.7760180995475113
bounded_beta,0,drift,Quantile-Normal,RBF-SVM,0.5933333333333333,0.5218436454849499
bounded_beta,0,drift,Quantile-Normal,KNN,0.7266666666666667,0.7222096752337503
bounded_beta,0,drift,Core-Norm ablation — residual channel removed,LogReg,0.8466666666666667,0.8464209401709402
bounded_beta,0,drift,Core-Norm ablation — residual channel removed,RBF-SVM,0.8133333333333334,0.8132586367880486
bounded_beta,0,drift,Core-Norm ablation — residual channel removed,KNN,0.8233333333333334,0.8227642095172276
bounded_beta,0,drift,Core-Norm,LogReg,0.8433333333333334,0.8430385946944818
bounded_beta,0,drift,Core-Norm,RBF-SVM,0.8166666666666667,0.8164198533584041
bounded_beta,0,drift,Core-Norm,KNN,0.8266666666666667,0.8261722232126939
bounded_beta,1,drift,No scaling,LogReg,0.8233333333333334,0.8231741901044274
bounded_beta,1,drift,No scaling,RBF-SVM,0.7933333333333333,0.7925866452562559
bounded_beta,1,drift,No scaling,KNN,0.75,0.7482517482517483
bounded_beta,1,drift,Z-score,LogReg,0.8266666666666667,0.8265973055889022
bounded_beta,1,drift,Z-score,RBF-SVM,0.7933333333333333,0.7925866452562559
bounded_beta,1,drift,Z-score,KNN,0.76,0.7578909612625538
bounded_beta,1,drift,Min-Max,LogReg,0.8233333333333333,0.8230954950544621
bounded_beta,1,drift,Min-Max,RBF-SVM,0.7933333333333333,0.7925866452562559
bounded_beta,1,drift,Min-Max,KNN,0.7533333333333334,0.7508417508417509
bounded_beta,1,drift,RobustScaler,LogReg,0.8300000000000001,0.8299073940256362
bounded_beta,1,drift,RobustScaler,RBF-SVM,0.8,0.7991071428571428
bounded_beta,1,drift,RobustScaler,KNN,0.7566666666666667,0.7552279509561758
bounded_beta,1,drift,Winsorized Z-score,LogReg,0.8166666666666667,0.8163217597488618
bounded_beta,1,drift,Winsorized Z-score,RBF-SVM,0.7966666666666666,0.7958477894666385
bounded_beta,1,drift,Winsorized Z-score,KNN,0.7566666666666666,0.754965034965035
bounded_beta,1,drift,Yeo-Johnson,LogReg,0.8066666666666666,0.8065290873510051
bounded_beta,1,drift,Yeo-Johnson,RBF-SVM,0.7633333333333334,0.7627401837928154
bounded_beta,1,drift,Yeo-Johnson,KNN,0.7366666666666666,0.7363121530057077
bounded_beta,1,drift,Quantile-Normal,LogReg,0.7466666666666667,0.742965367965368
bounded_beta,1,drift,Quantile-Normal,RBF-SVM,0.6266666666666667,0.6038483305036786
bounded_beta,1,drift,Quantile-Normal,KNN,0.6633333333333333,0.6622487766271694
bounded_beta,1,drift,Core-Norm ablation — residual channel removed,LogReg,0.8200000000000001,0.8198719089130049
bounded_beta,1,drift,Core-Norm ablation — residual channel removed,RBF-SVM,0.8066666666666666,0.8059681520139168
bounded_beta,1,drift,Core-Norm ablation — residual channel removed,KNN,0.7666666666666666,0.7664071190211346
bounded_beta,1,drift,Core-Norm,LogReg,0.8133333333333334,0.8132586367880486
bounded_beta,1,drift,Core-Norm,RBF-SVM,0.8,0.7994294883223391
bounded_beta,1,drift,Core-Norm,KNN,0.7633333333333334,0.7627401837928154
mixed,0,drift,No scaling,LogReg,0.8033333333333333,0.8028404344193818
mixed,0,drift,No scaling,RBF-SVM,0.7633333333333334,0.7596777651160429
mixed,0,drift,No scaling,KNN,0.75,0.7473017441795169
mixed,0,drift,Z-score,LogReg,0.8033333333333333,0.8028404344193818
mixed,0,drift,Z-score,RBF-SVM,0.7866666666666666,0.7855132043433576
mixed,0,drift,Z-score,KNN,0.7766666666666666,0.7761069340016709
mixed,0,drift,Min-Max,LogReg,0.8200000000000001,0.8197997775305895
mixed,0,drift,Min-Max,RBF-SVM,0.7966666666666666,0.7962841335396467
mixed,0,drift,Min-Max,KNN,0.7333333333333334,0.732905982905983
mixed,0,drift,RobustScaler,LogReg,0.8033333333333333,0.8028404344193818
mixed,0,drift,RobustScaler,RBF-SVM,0.55,0.540561082687661
mixed,0,drift,RobustScaler,KNN,0.5466666666666666,0.5432358604630334
mixed,0,drift,Winsorized Z-score,LogReg,0.8166666666666667,0.8162071846282373
mixed,0,drift,Winsorized Z-score,RBF-SVM,0.8033333333333333,0.8021705357043064
mixed,0,drift,Winsorized Z-score,KNN,0.7766666666666666,0.7764654856037101
mixed,0,drift,Yeo-Johnson,LogReg,0.7533333333333334,0.7430555555555556
mixed,0,drift,Yeo-Johnson,RBF-SVM,0.6366666666666667,0.6316530554773303
mixed,0,drift,Yeo-Johnson,KNN,0.72,0.712
mixed,0,drift,Quantile-Normal,LogReg,0.7233333333333334,0.710569445897409
mixed,0,drift,Quantile-Normal,RBF-SVM,0.6966666666666667,0.6966363302996966
mixed,0,drift,Quantile-Normal,KNN,0.72,0.7144022847817217
mixed,0,drift,Core-Norm ablation — residual channel removed,LogReg,0.8266666666666667,0.8262883613202086
mixed,0,drift,Core-Norm ablation — residual channel removed,RBF-SVM,0.7766666666666666,0.775767244168275
mixed,0,drift,Core-Norm ablation — residual channel removed,KNN,0.7833333333333334,0.783273131425396
mixed,0,drift,Core-Norm,LogReg,0.8266666666666667,0.8261722232126939
mixed,0,drift,Core-Norm,RBF-SVM,0.7966666666666666,0.7960116373688846
mixed,0,drift,Core-Norm,KNN,0.7933333333333333,0.7931034482758621
mixed,1,drift,No scaling,LogReg,0.79,0.7893234943317988
mixed,1,drift,No scaling,RBF-SVM,0.7733333333333333,0.772838626341811
mixed,1,drift,No scaling,KNN,0.75,0.7496634363978237
mixed,1,drift,Z-score,LogReg,0.79,0.7893234943317988
mixed,1,drift,Z-score,RBF-SVM,0.7566666666666666,0.75588277914637
mixed,1,drift,Z-score,KNN,0.7,0.6999466571834994
mixed,1,drift,Min-Max,LogReg,0.7166666666666667,0.7112739048222919
mixed,1,drift,Min-Max,RBF-SVM,0.7366666666666667,0.735109700349834
mixed,1,drift,Min-Max,KNN,0.6833333333333333,0.679915542627388
mixed,1,drift,RobustScaler,LogReg,0.79,0.7893234943317988
mixed,1,drift,RobustScaler,RBF-SVM,0.5366666666666666,0.4631753755841347
mixed,1,drift,RobustScaler,KNN,0.5366666666666667,0.4850262426674899
mixed,1,drift,Winsorized Z-score,LogReg,0.7933333333333333,0.79288227695871
mixed,1,drift,Winsorized Z-score,RBF-SVM,0.7666666666666667,0.7649008105324437
mixed,1,drift,Winsorized Z-score,KNN,0.72,0.719551282051282
mixed,1,drift,Yeo-Johnson,LogReg,0.79,0.7894736842105263
mixed,1,drift,Yeo-Johnson,RBF-SVM,0.7533333333333334,0.7493111703328967
mixed,1,drift,Yeo-Johnson,KNN,0.73,0.722599573054487
mixed,1,drift,Quantile-Normal,LogReg,0.76,0.7581836908333707
mixed,1,drift,Quantile-Normal,RBF-SVM,0.7733333333333334,0.7683502906976745
mixed,1,drift,Quantile-Normal,KNN,0.7366666666666666,0.7316545703642479
mixed,1,drift,Core-Norm ablation — residual channel removed,LogReg,0.7466666666666666,0.7444404591104734
mixed,1,drift,Core-Norm ablation — residual channel removed,RBF-SVM,0.7033333333333334,0.6867631013972477
mixed,1,drift,Core-Norm ablation — residual channel removed,KNN,0.72,0.7106242248863166
mixed,1,drift,Core-Norm,LogReg,0.7633333333333333,0.7625709221834558
mixed,1,drift,Core-Norm,RBF-SVM,0.7166666666666667,0.7035952156780696
mixed,1,drift,Core-Norm,KNN,0.7366666666666666,0.7325992034389773
heteroscedastic,0,drift,No scaling,LogReg,0.81,0.8084484323016433
heteroscedastic,0,drift,No scaling,RBF-SVM,0.6933333333333334,0.6893431182747287
heteroscedastic,0,drift,No scaling,KNN,0.7133333333333334,0.7108142037302726
heteroscedastic,0,drift,Z-score,LogReg,0.8133333333333334,0.8131256952169077
heteroscedastic,0,drift,Z-score,RBF-SVM,0.7866666666666666,0.7831880392068296
heteroscedastic,0,drift,Z-score,KNN,0.7833333333333333,0.7830416448781139
heteroscedastic,0,drift,Min-Max,LogReg,0.8133333333333334,0.8131256952169077
heteroscedastic,0,drift,Min-Max,RBF-SVM,0.79,0.7871022247254295
heteroscedastic,0,drift,Min-Max,KNN,0.7733333333333333,0.7732426303854876
heteroscedastic,0,drift,RobustScaler,LogReg,0.81,0.8097442116623461
heteroscedastic,0,drift,RobustScaler,RBF-SVM,0.79,0.7867563267931085
heteroscedastic,0,drift,RobustScaler,KNN,0.8066666666666666,0.8062447107033095
heteroscedastic,0,drift,Winsorized Z-score,LogReg,0.8066666666666666,0.8065290873510051
heteroscedastic,0,drift,Winsorized Z-score,RBF-SVM,0.7866666666666666,0.7838908648867678
heteroscedastic,0,drift,Winsorized Z-score,KNN,0.7833333333333333,0.7829257160668366
heteroscedastic,0,drift,Yeo-Johnson,LogReg,0.8066666666666666,0.8065290873510051
heteroscedastic,0,drift,Yeo-Johnson,RBF-SVM,0.7866666666666666,0.7831880392068296
heteroscedastic,0,drift,Yeo-Johnson,KNN,0.7733333333333333,0.7730812013348165
heteroscedastic,0,drift,Quantile-Normal,LogReg,0.8066666666666666,0.8063568376068376
heteroscedastic,0,drift,Quantile-Normal,RBF-SVM,0.7766666666666666,0.7728274505814939
heteroscedastic,0,drift,Quantile-Normal,KNN,0.7933333333333333,0.79288227695871
heteroscedastic,0,drift,Core-Norm ablation — residual channel removed,LogReg,0.7966666666666666,0.7966101694915255
heteroscedastic,0,drift,Core-Norm ablation — residual channel removed,RBF-SVM,0.7833333333333333,0.7803435651929034
heteroscedastic,0,drift,Core-Norm ablation — residual channel removed,KNN,0.76,0.7596153846153846
heteroscedastic,0,drift,Core-Norm,LogReg,0.8,0.7999644381223329
heteroscedastic,0,drift,Core-Norm,RBF-SVM,0.7766666666666666,0.7739312346053919
heteroscedastic,0,drift,Core-Norm,KNN,0.7766666666666666,0.7765450078376005
heteroscedastic,1,drift,No scaling,LogReg,0.8366666666666667,0.8365776922991406
heteroscedastic,1,drift,No scaling,RBF-SVM,0.6966666666666667,0.69030413721909
heteroscedastic,1,drift,No scaling,KNN,0.6766666666666667,0.6716724396655798
heteroscedastic,1,drift,Z-score,LogReg,0.8466666666666667,0.8466053087901828
heteroscedastic,1,drift,Z-score,RBF-SVM,0.8033333333333333,0.8032262009316183
heteroscedastic,1,drift,Z-score,KNN,0.7,0.699666295884316
heteroscedastic,1,drift,Min-Max,LogReg,0.8433333333333333,0.8432479905726451
heteroscedastic,1,drift,Min-Max,RBF-SVM,0.8066666666666666,0.8066322901849218
heteroscedastic,1,drift,Min-Max,KNN,0.72,0.719551282051282
heteroscedastic,1,drift,RobustScaler,LogReg,0.8466666666666667,0.8466053087901828
heteroscedastic,1,drift,RobustScaler,RBF-SVM,0.8033333333333333,0.8031561738898343
heteroscedastic,1,drift,RobustScaler,KNN,0.7066666666666667,0.7065492863812192
heteroscedastic,1,drift,Winsorized Z-score,LogReg,0.8400000000000001,0.8398861412560042
heteroscedastic,1,drift,Winsorized Z-score,RBF-SVM,0.8033333333333333,0.8028404344193818
heteroscedastic,1,drift,Winsorized Z-score,KNN,0.7266666666666666,0.7264721579790072
heteroscedastic,1,drift,Yeo-Johnson,LogReg,0.8433333333333333,0.8432479905726451
heteroscedastic,1,drift,Yeo-Johnson,RBF-SVM,0.8066666666666666,0.8065290873510051
heteroscedastic,1,drift,Yeo-Johnson,KNN,0.7233333333333334,0.7229608696135916
heteroscedastic,1,drift,Quantile-Normal,LogReg,0.8366666666666667,0.8365776922991406
heteroscedastic,1,drift,Quantile-Normal,RBF-SVM,0.7933333333333333,0.7932506335867681
heteroscedastic,1,drift,Quantile-Normal,KNN,0.72,0.7198007471980075
heteroscedastic,1,drift,Core-Norm ablation — residual channel removed,LogReg,0.8300000000000001,0.82977113675052
heteroscedastic,1,drift,Core-Norm ablation — residual channel removed,RBF-SVM,0.8,0.7994294883223391
heteroscedastic,1,drift,Core-Norm ablation — residual channel removed,KNN,0.75,0.74997499749975
heteroscedastic,1,drift,Core-Norm,LogReg,0.8366666666666667,0.8365776922991406
heteroscedastic,1,drift,Core-Norm,RBF-SVM,0.8066666666666666,0.8063568376068376
heteroscedastic,1,drift,Core-Norm,KNN,0.7333333333333333,0.7333333333333333
breast,0,drift,No scaling,LogReg,0.9093896028037384,0.9223668280871672
breast,0,drift,No scaling,RBF-SVM,0.8359375,0.8571883078146749
breast,0,drift,No scaling,KNN,0.8390771028037383,0.8586053470882388
breast,0,drift,Z-score,LogReg,0.9656834112149532,0.9627721335268504
breast,0,drift,Z-score,RBF-SVM,0.9516647196261684,0.9446343130553656
breast,0,drift,Z-score,KNN,0.9188084112149532,0.92408996744599
breast,0,drift,Min-Max,LogReg,0.9344334112149532,0.937169312169312
breast,0,drift,Min-Max,RBF-SVM,0.93290011682243,0.93154274484114
breast,0,drift,Min-Max,KNN,0.939106308411215,0.94326267281106
breast,0,drift,RobustScaler,LogReg,0.9610105140186916,0.9566947650229732
breast,0,drift,RobustScaler,RBF-SVM,0.9469918224299064,0.9386481056257177
breast,0,drift,RobustScaler,KNN,0.9297605140186916,0.9311115180369895
breast,0,drift,Winsorized Z-score,LogReg,0.94852511682243,0.9443218407438224
breast,0,drift,Winsorized Z-score,RBF-SVM,0.95633761682243,0.9506493506493509
breast,0,drift,Winsorized Z-score,KNN,0.9266209112149532,0.9306543778801843
breast,0,drift,Yeo-Johnson,LogReg,0.954731308411215,0.9561618751144478
breast,0,drift,Yeo-Johnson,RBF-SVM,0.9531980140186916,0.9503628447024672
breast,0,drift,Yeo-Johnson,KNN,0.9375730140186916,0.9375730140186916
breast,0,drift,Quantile-Normal,LogReg,0.954731308411215,0.9561618751144478
breast,0,drift,Quantile-Normal,RBF-SVM,0.9500584112149532,0.9500584112149532
breast,0,drift,Quantile-Normal,KNN,0.954731308411215,0.9561618751144478
breast,0,drift,Core-Norm ablation — residual channel removed,LogReg,0.9453855140186916,0.9439895185063872
breast,0,drift,Core-Norm ablation — residual channel removed,RBF-SVM,0.9531980140186916,0.9503628447024672
breast,0,drift,Core-Norm ablation — residual channel removed,KNN,0.9204147196261684,0.9190959711758926
breast,0,drift,Core-Norm,LogReg,0.9453855140186916,0.9439895185063872
breast,0,drift,Core-Norm,RBF-SVM,0.95633761682243,0.9506493506493509
breast,0,drift,Core-Norm,KNN,0.92508761682243,0.92508761682243
breast,1,drift,No scaling,LogReg,0.90625,0.9217271895025938
breast,1,drift,No scaling,RBF-SVM,0.8515625,0.8720715045084065
breast,1,drift,No scaling,KNN,0.8671875,0.8866268866268867
breast,1,drift,Z-score,LogReg,0.962543808411215,0.962543808411215
breast,1,drift,Z-score,RBF-SVM,0.9500584112149532,0.9500584112149532
breast,1,drift,Z-score,KNN,0.9453125,0.9552372760928912
breast,1,drift,Min-Max,LogReg,0.9515917056074766,0.9558709677419356
breast,1,drift,Min-Max,RBF-SVM,0.9578709112149532,0.9564362921716344
breast,1,drift,Min-Max,KNN,0.9609375,0.9682592716338122
breast,1,drift,RobustScaler,LogReg,0.9594042056074766,0.9623015873015872
breast,1,drift,RobustScaler,RBF-SVM,0.9515917056074766,0.9558709677419356
breast,1,drift,RobustScaler,KNN,0.9375,0.9486486486486488
breast,1,drift,Winsorized Z-score,LogReg,0.962543808411215,0.962543808411215
breast,1,drift,Winsorized Z-score,RBF-SVM,0.9594042056074766,0.9623015873015872
breast,1,drift,Winsorized Z-score,KNN,0.9453125,0.9552372760928912
breast,1,drift,Yeo-Johnson,LogReg,0.9562646028037384,0.962044983722995
breast,1,drift,Yeo-Johnson,RBF-SVM,0.9609375,0.9682592716338122
breast,1,drift,Yeo-Johnson,KNN,0.9250146028037384,0.9358108108108107
breast,1,drift,Quantile-Normal,LogReg,0.9453125,0.9552372760928912
breast,1,drift,Quantile-Normal,RBF-SVM,0.9375,0.9486486486486488
breast,1,drift,Quantile-Normal,KNN,0.9250146028037384,0.9358108108108107
breast,1,drift,Core-Norm ablation — residual channel removed,LogReg,0.9594042056074766,0.9623015873015872
breast,1,drift,Core-Norm ablation — residual channel removed,RBF-SVM,0.9562646028037384,0.962044983722995
breast,1,drift,Core-Norm ablation — residual channel removed,KNN,0.9453125,0.9552372760928912
breast,1,drift,Core-Norm,LogReg,0.9515917056074766,0.9558709677419356
breast,1,drift,Core-Norm,RBF-SVM,0.9562646028037384,0.962044983722995
breast,1,drift,Core-Norm,KNN,0.9375,0.9486486486486488
wine,0,drift,No scaling,LogReg,0.9206349206349206,0.908480595980596
wine,0,drift,No scaling,RBF-SVM,0.6105820105820106,0.5731074481074481
wine,0,drift,No scaling,KNN,0.7084656084656085,0.6723695844385499
wine,0,drift,Z-score,LogReg,0.9814814814814816,0.9827242524916944
wine,0,drift,Z-score,RBF-SVM,0.9814814814814816,0.9827242524916944
wine,0,drift,Z-score,KNN,0.9656084656084656,0.9656084656084656
wine,0,drift,Min-Max,LogReg,0.9629629629629628,0.96524064171123
wine,0,drift,Min-Max,RBF-SVM,0.9814814814814816,0.9827242524916944
wine,0,drift,Min-Max,KNN,1.0,1.0
wine,0,drift,RobustScaler,LogReg,0.9814814814814816,0.9827242524916944
wine,0,drift,RobustScaler,RBF-SVM,0.9814814814814816,0.9827242524916944
wine,0,drift,RobustScaler,KNN,0.9656084656084656,0.9656084656084656
wine,0,drift,Winsorized Z-score,LogReg,0.9814814814814816,0.9827242524916944
wine,0,drift,Winsorized Z-score,RBF-SVM,0.9814814814814816,0.9827242524916944
wine,0,drift,Winsorized Z-score,KNN,1.0,1.0
wine,0,drift,Yeo-Johnson,LogReg,0.9814814814814816,0.9827242524916944
wine,0,drift,Yeo-Johnson,RBF-SVM,0.9814814814814816,0.9827242524916944
wine,0,drift,Yeo-Johnson,KNN,0.9682539682539684,0.9625
wine,0,drift,Quantile-Normal,LogReg,0.9814814814814816,0.9827242524916944
wine,0,drift,Quantile-Normal,RBF-SVM,0.9814814814814816,0.9827242524916944
wine,0,drift,Quantile-Normal,KNN,0.9497354497354498,0.9463385494069996
wine,0,drift,Core-Norm ablation — residual channel removed,LogReg,0.9629629629629628,0.96524064171123
wine,0,drift,Core-Norm ablation — residual channel removed,RBF-SVM,0.9629629629629628,0.96524064171123
wine,0,drift,Core-Norm ablation — residual channel removed,KNN,0.947089947089947,0.9463836547372138
wine,0,drift,Core-Norm,LogReg,0.9629629629629628,0.96524064171123
wine,0,drift,Core-Norm,RBF-SVM,0.9629629629629628,0.96524064171123
wine,0,drift,Core-Norm,KNN,0.947089947089947,0.9463836547372138
wine,1,drift,No scaling,LogReg,0.8862433862433862,0.873368560868561
wine,1,drift,No scaling,RBF-SVM,0.6518518518518518,0.6512746512746512
wine,1,drift,No scaling,KNN,0.6708994708994709,0.6622843295169272
wine,1,drift,Z-score,LogReg,0.9656084656084656,0.9638504864311316
wine,1,drift,Z-score,RBF-SVM,0.9814814814814816,0.9827242524916944
wine,1,drift,Z-score,KNN,0.9682539682539684,0.9635716361522814
wine,1,drift,Min-Max,LogReg,0.9656084656084656,0.9638504864311316
wine,1,drift,Min-Max,RBF-SVM,0.9814814814814816,0.9827242524916944
wine,1,drift,Min-Max,KNN,0.9365079365079364,0.9285185668886856
wine,1,drift,RobustScaler,LogReg,0.9656084656084656,0.9638504864311316
wine,1,drift,RobustScaler,RBF-SVM,0.9814814814814816,0.9827242524916944
wine,1,drift,RobustScaler,KNN,0.9338624338624338,0.9288869514675966
wine,1,drift,Winsorized Z-score,LogReg,0.9656084656084656,0.9638504864311316
wine,1,drift,Winsorized Z-score,RBF-SVM,0.9656084656084656,0.9638504864311316
wine,1,drift,Winsorized Z-score,KNN,0.9682539682539684,0.9635716361522814
wine,1,drift,Yeo-Johnson,LogReg,0.9497354497354498,0.945252613240418
wine,1,drift,Yeo-Johnson,RBF-SVM,0.9814814814814816,0.9827242524916944
wine,1,drift,Yeo-Johnson,KNN,0.9047619047619048,0.8930413497683364
wine,1,drift,Quantile-Normal,LogReg,0.9682539682539684,0.9625
wine,1,drift,Quantile-Normal,RBF-SVM,0.9814814814814816,0.9827242524916944
wine,1,drift,Quantile-Normal,KNN,0.873015873015873,0.8531162464985994
wine,1,drift,Core-Norm ablation — residual channel removed,LogReg,0.9656084656084656,0.9638504864311316
wine,1,drift,Core-Norm ablation — residual channel removed,RBF-SVM,0.9656084656084656,0.9638504864311316
wine,1,drift,Core-Norm ablation — residual channel removed,KNN,0.9206349206349206,0.908480595980596
wine,1,drift,Core-Norm,LogReg,0.9656084656084656,0.9638504864311316
wine,1,drift,Core-Norm,RBF-SVM,0.9656084656084656,0.9638504864311316
wine,1,drift,Core-Norm,KNN,0.9206349206349206,0.908480595980596
iris,0,drift,No scaling,LogReg,1.0,1.0
iris,0,drift,No scaling,RBF-SVM,1.0,1.0
iris,0,drift,No scaling,KNN,1.0,1.0
iris,0,drift,Z-score,LogReg,1.0,1.0
iris,0,drift,Z-score,RBF-SVM,1.0,1.0
iris,0,drift,Z-score,KNN,0.977777777777778,0.9777530589543938
iris,0,drift,Min-Max,LogReg,0.8666666666666667,0.8660714285714285
iris,0,drift,Min-Max,RBF-SVM,1.0,1.0
iris,0,drift,Min-Max,KNN,0.977777777777778,0.9777530589543938
iris,0,drift,RobustScaler,LogReg,0.977777777777778,0.9777530589543938
iris,0,drift,RobustScaler,RBF-SVM,1.0,1.0
iris,0,drift,RobustScaler,KNN,0.8888888888888888,0.8877665544332212
iris,0,drift,Winsorized Z-score,LogReg,1.0,1.0
iris,0,drift,Winsorized Z-score,RBF-SVM,1.0,1.0
iris,0,drift,Winsorized Z-score,KNN,0.977777777777778,0.9777530589543938
iris,0,drift,Yeo-Johnson,LogReg,1.0,1.0
iris,0,drift,Yeo-Johnson,RBF-SVM,1.0,1.0
iris,0,drift,Yeo-Johnson,KNN,0.9555555555555556,0.9553571428571428
iris,0,drift,Quantile-Normal,LogReg,1.0,1.0
iris,0,drift,Quantile-Normal,RBF-SVM,1.0,1.0
iris,0,drift,Quantile-Normal,KNN,1.0,1.0
iris,0,drift,Core-Norm ablation — residual channel removed,LogReg,1.0,1.0
iris,0,drift,Core-Norm ablation — residual channel removed,RBF-SVM,1.0,1.0
iris,0,drift,Core-Norm ablation — residual channel removed,KNN,1.0,1.0
iris,0,drift,Core-Norm,LogReg,1.0,1.0
iris,0,drift,Core-Norm,RBF-SVM,1.0,1.0
iris,0,drift,Core-Norm,KNN,1.0,1.0
iris,1,drift,No scaling,LogReg,0.9555555555555556,0.9553571428571428
iris,1,drift,No scaling,RBF-SVM,0.9555555555555556,0.9553571428571428
iris,1,drift,No scaling,KNN,0.9111111111111112,0.9095022624434388
iris,1,drift,Z-score,LogReg,0.9333333333333332,0.9326599326599326
iris,1,drift,Z-score,RBF-SVM,0.9555555555555556,0.9553571428571428
iris,1,drift,Z-score,KNN,0.9111111111111112,0.9095022624434388
iris,1,drift,Min-Max,LogReg,0.8888888888888888,0.8857142857142858
iris,1,drift,Min-Max,RBF-SVM,0.977777777777778,0.9777530589543938
iris,1,drift,Min-Max,KNN,0.9333333333333332,0.9326599326599326
iris,1,drift,RobustScaler,LogReg,0.8888888888888888,0.8857142857142858
iris,1,drift,RobustScaler,RBF-SVM,0.9333333333333332,0.9326599326599326
iris,1,drift,RobustScaler,KNN,0.8888888888888888,0.8857142857142858
iris,1,drift,Winsorized Z-score,LogReg,0.9333333333333332,0.9326599326599326
iris,1,drift,Winsorized Z-score,RBF-SVM,0.9333333333333332,0.9326599326599326
iris,1,drift,Winsorized Z-score,KNN,0.8888888888888888,0.8857142857142858
iris,1,drift,Yeo-Johnson,LogReg,0.9111111111111112,0.9105436081242532
iris,1,drift,Yeo-Johnson,RBF-SVM,0.9333333333333332,0.9326599326599326
iris,1,drift,Yeo-Johnson,KNN,0.8888888888888888,0.8857142857142858
iris,1,drift,Quantile-Normal,LogReg,0.9111111111111112,0.9114046872667562
iris,1,drift,Quantile-Normal,RBF-SVM,0.888888888888889,0.8882154882154882
iris,1,drift,Quantile-Normal,KNN,0.8888888888888888,0.8862179487179488
iris,1,drift,Core-Norm ablation — residual channel removed,LogReg,0.977777777777778,0.9777530589543938
iris,1,drift,Core-Norm ablation — residual channel removed,RBF-SVM,0.977777777777778,0.9777530589543938
iris,1,drift,Core-Norm ablation — residual channel removed,KNN,0.9333333333333332,0.9326599326599326
iris,1,drift,Core-Norm,LogReg,0.977777777777778,0.9777530589543938
iris,1,drift,Core-Norm,RBF-SVM,0.977777777777778,0.9777530589543938
iris,1,drift,Core-Norm,KNN,0.9333333333333332,0.9326599326599326
digits,0,drift,No scaling,LogReg,0.9374709357728228,0.9378666150456464
digits,0,drift,No scaling,RBF-SVM,0.9871380471380472,0.9870511763135106
digits,0,drift,No scaling,KNN,0.9684006978346602,0.9685852349013636
digits,0,drift,Z-score,LogReg,0.9503665586684452,0.950310438125286
digits,0,drift,Z-score,RBF-SVM,0.9761266755606378,0.9761907227592788
digits,0,drift,Z-score,KNN,0.94984215644593,0.9503153180579528
digits,0,drift,Min-Max,LogReg,0.963399402833365,0.9634397596194472
digits,0,drift,Min-Max,RBF-SVM,0.9834680134680134,0.9833446460002662
digits,0,drift,Min-Max,KNN,0.96651390538183,0.966854821276368
digits,0,drift,RobustScaler,LogReg,0.9502616635635504,0.9504174798743412
digits,0,drift,RobustScaler,RBF-SVM,0.940584167753979,0.9411990802081928
digits,0,drift,RobustScaler,KNN,0.8717575855311704,0.871598481922492
digits,0,drift,Winsorized Z-score,LogReg,0.957636671504596,0.9579359779195334
digits,0,drift,Winsorized Z-score,RBF-SVM,0.97983164983165,0.9796725569775646
digits,0,drift,Winsorized Z-score,KNN,0.9499146520844632,0.950208883650558
digits,0,drift,Yeo-Johnson,LogReg,0.1,0.0190641247833622
digits,0,drift,Yeo-Johnson,RBF-SVM,0.1,0.0181818181818181
digits,0,drift,Yeo-Johnson,KNN,0.8296855101572083,0.8354776681158258
digits,0,drift,Quantile-Normal,LogReg,0.72997668997669,0.7177546626787001
digits,0,drift,Quantile-Normal,RBF-SVM,0.9017003367003368,0.9013312750467618
digits,0,drift,Quantile-Normal,KNN,0.8788747660445774,0.8835305007384718
digits,0,drift,Core-Norm ablation — residual channel removed,LogReg,0.9411409694428562,0.9422898075018512
digits,0,drift,Core-Norm ablation — residual channel removed,RBF-SVM,0.9815112665112664,0.9815233646540604
digits,0,drift,Core-Norm ablation — residual channel removed,KNN,0.9571497510176756,0.95775947360637
digits,0,drift,Core-Norm,LogReg,0.94484467314656,0.9455312606130584
digits,0,drift,Core-Norm,RBF-SVM,0.9815112665112664,0.9815233646540604
digits,0,drift,Core-Norm,KNN,0.9553315691994936,0.9561585693355652
digits,1,drift,No scaling,LogReg,0.9386248796626152,0.9388163357025971
digits,1,drift,No scaling,RBF-SVM,0.9815073815073816,0.9814733953491136
digits,1,drift,No scaling,KNN,0.9794794094794094,0.9794836264313072
digits,1,drift,Z-score,LogReg,0.9441467651845008,0.9443998000599312
digits,1,drift,Z-score,RBF-SVM,0.9665851304530548,0.966848405201744
digits,1,drift,Z-score,KNN,0.9627027654386144,0.9626730137873768
digits,1,drift,Min-Max,LogReg,0.9497385319083432,0.9498506360317684
digits,1,drift,Min-Max,RBF-SVM,0.9815073815073816,0.9814733953491136
digits,1,drift,Min-Max,KNN,0.9814024864024864,0.981412361065966
digits,1,drift,RobustScaler,LogReg,0.9368766523483506,0.937122838328605
digits,1,drift,RobustScaler,RBF-SVM,0.94644656531449,0.9463573704965736
digits,1,drift,RobustScaler,KNN,0.8863573812630416,0.8858189052616297
digits,1,drift,Winsorized Z-score,LogReg,0.9497695875054364,0.9500943843832748
digits,1,drift,Winsorized Z-score,RBF-SVM,0.6197656536335782,0.5494338154664158
digits,1,drift,Winsorized Z-score,KNN,0.919781364687025,0.9240782395723534
digits,1,drift,Yeo-Johnson,LogReg,0.1163636363636363,0.0396818086665271
digits,1,drift,Yeo-Johnson,RBF-SVM,0.1,0.0181818181818181
digits,1,drift,Yeo-Johnson,KNN,0.6057791998358036,0.6307870811089404
digits,1,drift,Quantile-Normal,LogReg,0.7628667663573323,0.751519361742185
digits,1,drift,Quantile-Normal,RBF-SVM,0.5910075598754844,0.5278925506771883
digits,1,drift,Quantile-Normal,KNN,0.7707981606094814,0.767992936283652
digits,1,drift,Core-Norm ablation — residual channel removed,LogReg,0.9384461450499186,0.9386514701258016
digits,1,drift,Core-Norm ablation — residual channel removed,RBF-SVM,0.9740274784614408,0.9739771664611588
digits,1,drift,Core-Norm ablation — residual channel removed,KNN,0.9627000777000776,0.9625374422220918
digits,1,drift,Core-Norm,LogReg,0.9384824295201654,0.9386402917143072
digits,1,drift,Core-Norm,RBF-SVM,0.9759142709142709,0.975828859704141
digits,1,drift,Core-Norm,KNN,0.9608482258482258,0.96068559037024
gaussian,0,combined,No scaling,LogReg,0.59,0.5892286627110908
gaussian,0,combined,No scaling,RBF-SVM,0.6533333333333333,0.6511003757380569
gaussian,0,combined,No scaling,KNN,0.5766666666666667,0.5726735382855348
gaussian,0,combined,Z-score,LogReg,0.59,0.5892286627110908
gaussian,0,combined,Z-score,RBF-SVM,0.6366666666666667,0.6345184473181253
gaussian,0,combined,Z-score,KNN,0.5900000000000001,0.589448035692431
gaussian,0,combined,Min-Max,LogReg,0.5966666666666667,0.595655806182122
gaussian,0,combined,Min-Max,RBF-SVM,0.6466666666666667,0.6443907675791734
gaussian,0,combined,Min-Max,KNN,0.5866666666666667,0.5840042941492216
gaussian,0,combined,RobustScaler,LogReg,0.59,0.5892286627110908
gaussian,0,combined,RobustScaler,RBF-SVM,0.6366666666666667,0.6352034270797309
gaussian,0,combined,RobustScaler,KNN,0.5833333333333333,0.581655306284095
gaussian,0,combined,Winsorized Z-score,LogReg,0.6033333333333333,0.6032231175326479
gaussian,0,combined,Winsorized Z-score,RBF-SVM,0.6266666666666667,0.6199095022624435
gaussian,0,combined,Winsorized Z-score,KNN,0.5900000000000001,0.589448035692431
gaussian,0,combined,Yeo-Johnson,LogReg,0.5633333333333334,0.5481460189709687
gaussian,0,combined,Yeo-Johnson,RBF-SVM,0.6366666666666667,0.6341258741258742
gaussian,0,combined,Yeo-Johnson,KNN,0.62,0.6199831103604605
gaussian,0,combined,Quantile-Normal,LogReg,0.62,0.5967741935483871
gaussian,0,combined,Quantile-Normal,RBF-SVM,0.6466666666666667,0.6435616929698709
gaussian,0,combined,Quantile-Normal,KNN,0.6466666666666667,0.6461004273504274
gaussian,0,combined,Core-Norm ablation — residual channel removed,LogReg,0.6566666666666667,0.6374898813923204
gaussian,0,combined,Core-Norm ablation — residual channel removed,RBF-SVM,0.6366666666666667,0.6249612918764551
gaussian,0,combined,Core-Norm ablation — residual channel removed,KNN,0.6133333333333333,0.6116071428571428
gaussian,0,combined,Core-Norm,LogReg,0.6266666666666667,0.6024797690596754
gaussian,0,combined,Core-Norm,RBF-SVM,0.64,0.6358568602769286
gaussian,0,combined,Core-Norm,KNN,0.6133333333333333,0.6116071428571428
gaussian,1,combined,No scaling,LogReg,0.53,0.4949796439785575
gaussian,1,combined,No scaling,RBF-SVM,0.5066666666666666,0.4300385109114249
gaussian,1,combined,No scaling,KNN,0.5166666666666666,0.4652800826050079
gaussian,1,combined,Z-score,LogReg,0.53,0.4949796439785575
gaussian,1,combined,Z-score,RBF-SVM,0.5266666666666667,0.4647972259912558
gaussian,1,combined,Z-score,KNN,0.53,0.4868435418713833
gaussian,1,combined,Min-Max,LogReg,0.52,0.4770229044598324
gaussian,1,combined,Min-Max,RBF-SVM,0.52,0.4515260779036107
gaussian,1,combined,Min-Max,KNN,0.5166666666666667,0.4627971596171658
gaussian,1,combined,RobustScaler,LogReg,0.53,0.4949796439785575
gaussian,1,combined,RobustScaler,RBF-SVM,0.5233333333333333,0.4567901234567901
gaussian,1,combined,RobustScaler,KNN,0.5233333333333333,0.4726555297414906
gaussian,1,combined,Winsorized Z-score,LogReg,0.5133333333333333,0.4578134284016636
gaussian,1,combined,Winsorized Z-score,RBF-SVM,0.5333333333333333,0.4695898161244696
gaussian,1,combined,Winsorized Z-score,KNN,0.54,0.5047846889952153
gaussian,1,combined,Yeo-Johnson,LogReg,0.5233333333333333,0.4817275747508305
gaussian,1,combined,Yeo-Johnson,RBF-SVM,0.5366666666666666,0.4774370606147947
gaussian,1,combined,Yeo-Johnson,KNN,0.5233333333333333,0.4773328135089365
gaussian,1,combined,Quantile-Normal,LogReg,0.56,0.4693396226415094
gaussian,1,combined,Quantile-Normal,RBF-SVM,0.5266666666666666,0.4042291340344596
gaussian,1,combined,Quantile-Normal,KNN,0.55,0.4755991764964846
gaussian,1,combined,Core-Norm ablation — residual channel removed,LogReg,0.5666666666666667,0.4702238643773093
gaussian,1,combined,Core-Norm ablation — residual channel removed,RBF-SVM,0.5466666666666666,0.4495709891533107
gaussian,1,combined,Core-Norm ablation — residual channel removed,KNN,0.54,0.4488524415570584
gaussian,1,combined,Core-Norm,LogReg,0.6466666666666666,0.6275299850074962
gaussian,1,combined,Core-Norm,RBF-SVM,0.5366666666666666,0.4145807303000098
gaussian,1,combined,Core-Norm,KNN,0.5466666666666666,0.4495709891533107
correlated,0,combined,No scaling,LogReg,0.5666666666666667,0.5665896159317212
correlated,0,combined,No scaling,RBF-SVM,0.5966666666666667,0.5856117078962089
correlated,0,combined,No scaling,KNN,0.5166666666666667,0.503418988801242
correlated,0,combined,Z-score,LogReg,0.5666666666666667,0.5665896159317212
correlated,0,combined,Z-score,RBF-SVM,0.6066666666666667,0.5988032095743234
correlated,0,combined,Z-score,KNN,0.5466666666666666,0.5367005813953488
correlated,0,combined,Min-Max,LogReg,0.5700000000000001,0.5697657613589622
correlated,0,combined,Min-Max,RBF-SVM,0.6133333333333333,0.6104070574537638
correlated,0,combined,Min-Max,KNN,0.5033333333333333,0.4860592124173613
correlated,0,combined,RobustScaler,LogReg,0.5666666666666667,0.5665896159317212
correlated,0,combined,RobustScaler,RBF-SVM,0.6066666666666667,0.6021399028951627
correlated,0,combined,RobustScaler,KNN,0.5233333333333333,0.5102683820591559
correlated,0,combined,Winsorized Z-score,LogReg,0.5766666666666667,0.576661962910699
correlated,0,combined,Winsorized Z-score,RBF-SVM,0.5966666666666667,0.5865179802029821
correlated,0,combined,Winsorized Z-score,KNN,0.55,0.5451431395231303
correlated,0,combined,Yeo-Johnson,LogReg,0.55,0.54226426609704
correlated,0,combined,Yeo-Johnson,RBF-SVM,0.6133333333333333,0.6070283210623786
correlated,0,combined,Yeo-Johnson,KNN,0.5366666666666666,0.5269480777302583
correlated,0,combined,Quantile-Normal,LogReg,0.63,0.6236395076797885
correlated,0,combined,Quantile-Normal,RBF-SVM,0.5466666666666666,0.532624633431085
correlated,0,combined,Quantile-Normal,KNN,0.5666666666666667,0.5633872195602525
correlated,0,combined,Core-Norm ablation — residual channel removed,LogReg,0.6466666666666667,0.6396028831769346
correlated,0,combined,Core-Norm ablation — residual channel removed,RBF-SVM,0.54,0.5028579662808013
correlated,0,combined,Core-Norm ablation — residual channel removed,KNN,0.5966666666666667,0.5950423364830041
correlated,0,combined,Core-Norm,LogReg,0.5700000000000001,0.5526994070666559
correlated,0,combined,Core-Norm,RBF-SVM,0.5499999999999999,0.5343489508479448
correlated,0,combined,Core-Norm,KNN,0.5566666666666666,0.5548812458862772
correlated,1,combined,No scaling,LogReg,0.5433333333333333,0.52083940542116
correlated,1,combined,No scaling,RBF-SVM,0.5533333333333333,0.5091575091575091
correlated,1,combined,No scaling,KNN,0.6066666666666667,0.5934959349593496
correlated,1,combined,Z-score,LogReg,0.54,0.5180666790836282
correlated,1,combined,Z-score,RBF-SVM,0.56,0.5225694444444444
correlated,1,combined,Z-score,KNN,0.5866666666666667,0.562867215041128
correlated,1,combined,Min-Max,LogReg,0.5633333333333334,0.5445009793808459
correlated,1,combined,Min-Max,RBF-SVM,0.5566666666666666,0.5159588019070496
correlated,1,combined,Min-Max,KNN,0.58,0.5543293718166383
correlated,1,combined,RobustScaler,LogReg,0.5433333333333333,0.52083940542116
correlated,1,combined,RobustScaler,RBF-SVM,0.5533333333333333,0.5133407583167885
correlated,1,combined,RobustScaler,KNN,0.5700000000000001,0.5474266468641462
correlated,1,combined,Winsorized Z-score,LogReg,0.5333333333333333,0.4800950683303625
correlated,1,combined,Winsorized Z-score,RBF-SVM,0.5933333333333334,0.5654445288753799
correlated,1,combined,Winsorized Z-score,KNN,0.5766666666666667,0.558409346422652
correlated,1,combined,Yeo-Johnson,LogReg,0.54,0.5118845500848896
correlated,1,combined,Yeo-Johnson,RBF-SVM,0.5566666666666666,0.5159588019070496
correlated,1,combined,Yeo-Johnson,KNN,0.56,0.537620849096259
correlated,1,combined,Quantile-Normal,LogReg,0.61,0.5759589247961341
correlated,1,combined,Quantile-Normal,RBF-SVM,0.59,0.5523528769516323
correlated,1,combined,Quantile-Normal,KNN,0.58,0.5612609684757881
correlated,1,combined,Core-Norm ablation — residual channel removed,LogReg,0.6033333333333333,0.5631370917412107
correlated,1,combined,Core-Norm ablation — residual channel removed,RBF-SVM,0.5733333333333334,0.5290423861852434
correlated,1,combined,Core-Norm ablation — residual channel removed,KNN,0.57,0.5488195861264937
correlated,1,combined,Core-Norm,LogReg,0.53,0.4643874643874644
correlated,1,combined,Core-Norm,RBF-SVM,0.54,0.4488524415570584
correlated,1,combined,Core-Norm,KNN,0.62,0.6052449328223832
lognormal,0,combined,No scaling,LogReg,0.6,0.5999288762446657
lognormal,0,combined,No scaling,RBF-SVM,0.6333333333333333,0.6330724070450098
lognormal,0,combined,No scaling,KNN,0.5800000000000001,0.5757575757575757
lognormal,0,combined,Z-score,LogReg,0.6,0.5999288762446657
lognormal,0,combined,Z-score,RBF-SVM,0.6266666666666667,0.6266002844950214
lognormal,0,combined,Z-score,KNN,0.6200000000000001,0.6186270574066639
lognormal,0,combined,Min-Max,LogReg,0.5766666666666667,0.5756056808688388
lognormal,0,combined,Min-Max,RBF-SVM,0.62,0.6193910256410255
lognormal,0,combined,Min-Max,KNN,0.5966666666666667,0.594281946105442
lognormal,0,combined,RobustScaler,LogReg,0.6,0.5999288762446657
lognormal,0,combined,RobustScaler,RBF-SVM,0.6166666666666667,0.6164578492734933
lognormal,0,combined,RobustScaler,KNN,0.6000000000000001,0.5974235104669887
lognormal,0,combined,Winsorized Z-score,LogReg,0.6,0.5995550611790879
lognormal,0,combined,Winsorized Z-score,RBF-SVM,0.65,0.6485904572786398
lognormal,0,combined,Winsorized Z-score,KNN,0.6066666666666667,0.6066491844081959
lognormal,0,combined,Yeo-Johnson,LogReg,0.5833333333333334,0.578229915308567
lognormal,0,combined,Yeo-Johnson,RBF-SVM,0.6366666666666667,0.6365657126979717
lognormal,0,combined,Yeo-Johnson,KNN,0.5866666666666667,0.5848214285714286
lognormal,0,combined,Quantile-Normal,LogReg,0.6366666666666667,0.6230591001832833
lognormal,0,combined,Quantile-Normal,RBF-SVM,0.6466666666666667,0.6420692449687092
lognormal,0,combined,Quantile-Normal,KNN,0.6066666666666667,0.6065092703748166
lognormal,0,combined,Core-Norm ablation — residual channel removed,LogReg,0.6699999999999999,0.6616965292569854
lognormal,0,combined,Core-Norm ablation — residual channel removed,RBF-SVM,0.6266666666666667,0.6160000000000001
lognormal,0,combined,Core-Norm ablation — residual channel removed,KNN,0.6599999999999999,0.659758050169009
lognormal,0,combined,Core-Norm,LogReg,0.6066666666666667,0.5853635682158921
lognormal,0,combined,Core-Norm,RBF-SVM,0.63,0.6274125874125873
lognormal,0,combined,Core-Norm,KNN,0.6566666666666667,0.6562044526530113
lognormal,1,combined,No scaling,LogReg,0.5466666666666666,0.5337142857142857
lognormal,1,combined,No scaling,RBF-SVM,0.52,0.4544352394423115
lognormal,1,combined,No scaling,KNN,0.5466666666666666,0.5060771875453973
lognormal,1,combined,Z-score,LogReg,0.5433333333333333,0.5308165618328976
lognormal,1,combined,Z-score,RBF-SVM,0.5133333333333333,0.4551967759590029
lognormal,1,combined,Z-score,KNN,0.54,0.498813616774006
lognormal,1,combined,Min-Max,LogReg,0.5433333333333333,0.5286210732759116
lognormal,1,combined,Min-Max,RBF-SVM,0.5166666666666667,0.4548803869722678
lognormal,1,combined,Min-Max,KNN,0.54,0.498813616774006
lognormal,1,combined,RobustScaler,LogReg,0.5466666666666666,0.5337142857142857
lognormal,1,combined,RobustScaler,RBF-SVM,0.5133333333333333,0.4525
lognormal,1,combined,RobustScaler,KNN,0.5333333333333333,0.4871794871794872
lognormal,1,combined,Winsorized Z-score,LogReg,0.5366666666666666,0.5107873156653644
lognormal,1,combined,Winsorized Z-score,RBF-SVM,0.5066666666666667,0.4554552590266876
lognormal,1,combined,Winsorized Z-score,KNN,0.5266666666666666,0.4904306220095693
lognormal,1,combined,Yeo-Johnson,LogReg,0.5533333333333333,0.5435138081395349
lognormal,1,combined,Yeo-Johnson,RBF-SVM,0.5133333333333333,0.4578134284016636
lognormal,1,combined,Yeo-Johnson,KNN,0.53,0.4846428440892311
lognormal,1,combined,Quantile-Normal,LogReg,0.5900000000000001,0.5855748604544075
lognormal,1,combined,Quantile-Normal,RBF-SVM,0.5366666666666666,0.439327731092437
lognormal,1,combined,Quantile-Normal,KNN,0.6133333333333333,0.6056031551747586
lognormal,1,combined,Core-Norm ablation — residual channel removed,LogReg,0.5766666666666667,0.558409346422652
lognormal,1,combined,Core-Norm ablation — residual channel removed,RBF-SVM,0.5566666666666666,0.5117414554754709
lognormal,1,combined,Core-Norm ablation — residual channel removed,KNN,0.5733333333333334,0.5516323385175844
lognormal,1,combined,Core-Norm,LogReg,0.59,0.5814000975598689
lognormal,1,combined,Core-Norm,RBF-SVM,0.5466666666666666,0.4532590051457976
lognormal,1,combined,Core-Norm,KNN,0.5733333333333333,0.5590464379220064
student_t,0,combined,No scaling,LogReg,0.5933333333333333,0.5911345457795254
student_t,0,combined,No scaling,RBF-SVM,0.6266666666666667,0.6151026392961876
student_t,0,combined,No scaling,KNN,0.5900000000000001,0.5746446726838883
student_t,0,combined,Z-score,LogReg,0.5900000000000001,0.5879811074263892
student_t,0,combined,Z-score,RBF-SVM,0.6533333333333333,0.6470588235294117
student_t,0,combined,Z-score,KNN,0.5966666666666667,0.5836726267619365
student_t,0,combined,Min-Max,LogReg,0.6,0.5995550611790879
student_t,0,combined,Min-Max,RBF-SVM,0.6333333333333333,0.6266968325791855
student_t,0,combined,Min-Max,KNN,0.6033333333333334,0.5950131025172715
student_t,0,combined,RobustScaler,LogReg,0.5933333333333333,0.5911345457795254
student_t,0,combined,RobustScaler,RBF-SVM,0.6366666666666667,0.6290456149107782
student_t,0,combined,RobustScaler,KNN,0.5866666666666667,0.5706172953506625
student_t,0,combined,Winsorized Z-score,LogReg,0.6233333333333333,0.6218163968808219
student_t,0,combined,Winsorized Z-score,RBF-SVM,0.6433333333333333,0.6351236146632566
student_t,0,combined,Winsorized Z-score,KNN,0.5666666666666667,0.5460048426150121
student_t,0,combined,Yeo-Johnson,LogReg,0.5766666666666667,0.5660147395518903
student_t,0,combined,Yeo-Johnson,RBF-SVM,0.6466666666666667,0.6409051899363114
student_t,0,combined,Yeo-Johnson,KNN,0.5966666666666667,0.5815610194695162
student_t,0,combined,Quantile-Normal,LogReg,0.62,0.5967741935483871
student_t,0,combined,Quantile-Normal,RBF-SVM,0.5566666666666666,0.4999937342573215
student_t,0,combined,Quantile-Normal,KNN,0.5800000000000001,0.565936337329475
student_t,0,combined,Core-Norm ablation — residual channel removed,LogReg,0.6433333333333333,0.6279511816316833
student_t,0,combined,Core-Norm ablation — residual channel removed,RBF-SVM,0.6166666666666667,0.5832074901842343
student_t,0,combined,Core-Norm ablation — residual channel removed,KNN,0.6533333333333333,0.6434285714285715
student_t,0,combined,Core-Norm,LogReg,0.65,0.635918122030999
student_t,0,combined,Core-Norm,RBF-SVM,0.6266666666666667,0.601063829787234
student_t,0,combined,Core-Norm,KNN,0.6266666666666667,0.6121704603167275
student_t,1,combined,No scaling,LogReg,0.53,0.4910421003236636
student_t,1,combined,No scaling,RBF-SVM,0.53,0.4585184142142117
student_t,1,combined,No scaling,KNN,0.5533333333333333,0.5320357608493201
student_t,1,combined,Z-score,LogReg,0.53,0.4910421003236636
student_t,1,combined,Z-score,RBF-SVM,0.53,0.4643874643874644
student_t,1,combined,Z-score,KNN,0.5466666666666666,0.5314868402921318
student_t,1,combined,Min-Max,LogReg,0.51,0.4579046354685253
student_t,1,combined,Min-Max,RBF-SVM,0.51,0.4289857699628387
student_t,1,combined,Min-Max,KNN,0.55,0.5248653785239151
student_t,1,combined,RobustScaler,LogReg,0.53,0.4910421003236636
student_t,1,combined,RobustScaler,RBF-SVM,0.5266666666666666,0.4591437712660606
student_t,1,combined,RobustScaler,KNN,0.5533333333333333,0.5359896578789418
student_t,1,combined,Winsorized Z-score,LogReg,0.5233333333333333,0.4623992781864434
student_t,1,combined,Winsorized Z-score,RBF-SVM,0.5333333333333333,0.4667614646285105
student_t,1,combined,Winsorized Z-score,KNN,0.5266666666666667,0.5218855218855218
student_t,1,combined,Yeo-Johnson,LogReg,0.52,0.4770229044598324
student_t,1,combined,Yeo-Johnson,RBF-SVM,0.53,0.469918169400619
student_t,1,combined,Yeo-Johnson,KNN,0.5466666666666666,0.5337142857142857
student_t,1,combined,Quantile-Normal,LogReg,0.5333333333333333,0.4333819005989963
student_t,1,combined,Quantile-Normal,RBF-SVM,0.5833333333333333,0.5390345539698345
student_t,1,combined,Quantile-Normal,KNN,0.5766666666666667,0.5515483939311904
student_t,1,combined,Core-Norm ablation — residual channel removed,LogReg,0.54,0.4336525307797537
student_t,1,combined,Core-Norm ablation — residual channel removed,RBF-SVM,0.59,0.5684765702658138
student_t,1,combined,Core-Norm ablation — residual channel removed,KNN,0.5833333333333333,0.5487961882301982
student_t,1,combined,Core-Norm,LogReg,0.5266666666666666,0.4172366621067031
student_t,1,combined,Core-Norm,RBF-SVM,0.5866666666666667,0.5416687201222217
student_t,1,combined,Core-Norm,KNN,0.58,0.5298273545947559
laplace,0,combined,No scaling,LogReg,0.63,0.6296667000300271
laplace,0,combined,No scaling,RBF-SVM,0.6866666666666668,0.6839131994261118
laplace,0,combined,No scaling,KNN,0.63,0.6288080614417406
laplace,0,combined,Z-score,LogReg,0.6266666666666667,0.62640099626401
laplace,0,combined,Z-score,RBF-SVM,0.6799999999999999,0.677938808373591
laplace,0,combined,Z-score,KNN,0.6466666666666667,0.646273637374861
laplace,0,combined,Min-Max,LogReg,0.62,0.6198479391756703
laplace,0,combined,Min-Max,RBF-SVM,0.6866666666666668,0.6839131994261118
laplace,0,combined,Min-Max,KNN,0.63,0.629303915129521
laplace,0,combined,RobustScaler,LogReg,0.63,0.6296667000300271
laplace,0,combined,RobustScaler,RBF-SVM,0.6733333333333333,0.6704626972740315
laplace,0,combined,RobustScaler,KNN,0.6233333333333333,0.622624706393116
laplace,0,combined,Winsorized Z-score,LogReg,0.6266666666666667,0.6262513904338154
laplace,0,combined,Winsorized Z-score,RBF-SVM,0.6666666666666667,0.6637374461979914
laplace,0,combined,Winsorized Z-score,KNN,0.66,0.6598639455782312
laplace,0,combined,Yeo-Johnson,LogReg,0.6233333333333333,0.6187198434389445
laplace,0,combined,Yeo-Johnson,RBF-SVM,0.69,0.6881671156017033
laplace,0,combined,Yeo-Johnson,KNN,0.6666666666666667,0.6664294609500089
laplace,0,combined,Quantile-Normal,LogReg,0.6933333333333334,0.683064627256442
laplace,0,combined,Quantile-Normal,RBF-SVM,0.6566666666666667,0.6549760493082772
laplace,0,combined,Quantile-Normal,KNN,0.7,0.699786514855008
laplace,0,combined,Core-Norm ablation — residual channel removed,LogReg,0.7033333333333334,0.697686794460988
laplace,0,combined,Core-Norm ablation — residual channel removed,RBF-SVM,0.7066666666666667,0.7044467332407863
laplace,0,combined,Core-Norm ablation — residual channel removed,KNN,0.6966666666666668,0.69517301443741
laplace,0,combined,Core-Norm,LogReg,0.6866666666666668,0.6761747278489734
laplace,0,combined,Core-Norm,RBF-SVM,0.69,0.6852117205041126
laplace,0,combined,Core-Norm,KNN,0.7166666666666667,0.7157539209238555
laplace,1,combined,No scaling,LogReg,0.5033333333333333,0.4642792938553913
laplace,1,combined,No scaling,RBF-SVM,0.5166666666666667,0.4575992219354355
laplace,1,combined,No scaling,KNN,0.5166666666666667,0.4744790093627303
laplace,1,combined,Z-score,LogReg,0.5033333333333333,0.4642792938553913
laplace,1,combined,Z-score,RBF-SVM,0.5233333333333333,0.4676824955640208
laplace,1,combined,Z-score,KNN,0.53,0.500419269879888
laplace,1,combined,Min-Max,LogReg,0.5233333333333333,0.4795647268624667
laplace,1,combined,Min-Max,RBF-SVM,0.52,0.457259158751696
laplace,1,combined,Min-Max,KNN,0.5166666666666667,0.4700227829286419
laplace,1,combined,RobustScaler,LogReg,0.5033333333333333,0.4642792938553913
laplace,1,combined,RobustScaler,RBF-SVM,0.51,0.4501178318931657
laplace,1,combined,RobustScaler,KNN,0.5166666666666667,0.4744790093627303
laplace,1,combined,Winsorized Z-score,LogReg,0.5233333333333333,0.4773328135089365
laplace,1,combined,Winsorized Z-score,RBF-SVM,0.53,0.4800309768779732
laplace,1,combined,Winsorized Z-score,KNN,0.5433333333333333,0.5236384288181365
laplace,1,combined,Yeo-Johnson,LogReg,0.5066666666666666,0.464699074074074
laplace,1,combined,Yeo-Johnson,RBF-SVM,0.52,0.4626598338225782
laplace,1,combined,Yeo-Johnson,KNN,0.5233333333333333,0.4897170248956239
laplace,1,combined,Quantile-Normal,LogReg,0.5833333333333333,0.5276542681160332
laplace,1,combined,Quantile-Normal,RBF-SVM,0.58,0.5226308345120226
laplace,1,combined,Quantile-Normal,KNN,0.6133333333333333,0.6048328488372092
laplace,1,combined,Core-Norm ablation — residual channel removed,LogReg,0.5933333333333333,0.5301668806161746
laplace,1,combined,Core-Norm ablation — residual channel removed,RBF-SVM,0.62,0.5924495924495925
laplace,1,combined,Core-Norm ablation — residual channel removed,KNN,0.5800000000000001,0.5586380832282472
laplace,1,combined,Core-Norm,LogReg,0.5833333333333334,0.5324131223581341
laplace,1,combined,Core-Norm,RBF-SVM,0.5566666666666666,0.4892407736914195
laplace,1,combined,Core-Norm,KNN,0.6000000000000001,0.564185753716527
bimodal,0,combined,No scaling,LogReg,0.5333333333333333,0.5325854700854701
bimodal,0,combined,No scaling,RBF-SVM,0.4333333333333333,0.3875786541140305
bimodal,0,combined,No scaling,KNN,0.4666666666666667,0.4428710710803658
bimodal,0,combined,Z-score,LogReg,0.5333333333333333,0.5325854700854701
bimodal,0,combined,Z-score,RBF-SVM,0.4366666666666666,0.3923704742386654
bimodal,0,combined,Z-score,KNN,0.4733333333333333,0.4513888888888889
bimodal,0,combined,Min-Max,LogReg,0.5233333333333333,0.5188371336600904
bimodal,0,combined,Min-Max,RBF-SVM,0.4366666666666666,0.3923704742386654
bimodal,0,combined,Min-Max,KNN,0.4666666666666667,0.4412367293723226
bimodal,0,combined,RobustScaler,LogReg,0.5333333333333333,0.5325854700854701
bimodal,0,combined,RobustScaler,RBF-SVM,0.4333333333333333,0.3875786541140305
bimodal,0,combined,RobustScaler,KNN,0.4666666666666667,0.4444444444444444
bimodal,0,combined,Winsorized Z-score,LogReg,0.53,0.5299947777197525
bimodal,0,combined,Winsorized Z-score,RBF-SVM,0.4499999999999999,0.4067522381620105
bimodal,0,combined,Winsorized Z-score,KNN,0.48,0.4612267452569534
bimodal,0,combined,Yeo-Johnson,LogReg,0.5233333333333333,0.4998542698921597
bimodal,0,combined,Yeo-Johnson,RBF-SVM,0.44,0.3923611111111111
bimodal,0,combined,Yeo-Johnson,KNN,0.4866666666666667,0.468134094676736
bimodal,0,combined,Quantile-Normal,LogReg,0.5333333333333333,0.4608472400513479
bimodal,0,combined,Quantile-Normal,RBF-SVM,0.53,0.520141575251557
bimodal,0,combined,Quantile-Normal,KNN,0.57,0.5601023017902813
bimodal,0,combined,Core-Norm ablation — residual channel removed,LogReg,0.54,0.4655029952489155
bimodal,0,combined,Core-Norm ablation — residual channel removed,RBF-SVM,0.53,0.5288220551378446
bimodal,0,combined,Core-Norm ablation — residual channel removed,KNN,0.54,0.4685494223363287
bimodal,0,combined,Core-Norm,LogReg,0.54,0.4591346153846153
bimodal,0,combined,Core-Norm,RBF-SVM,0.5033333333333334,0.5017333437371114
bimodal,0,combined,Core-Norm,KNN,0.5566666666666666,0.5024875621890548
bimodal,1,combined,No scaling,LogReg,0.6066666666666667,0.5963327859879584
bimodal,1,combined,No scaling,RBF-SVM,0.63,0.6290726817042607
bimodal,1,combined,No scaling,KNN,0.61,0.609474960780605
bimodal,1,combined,Z-score,LogReg,0.6066666666666667,0.5963327859879584
bimodal,1,combined,Z-score,RBF-SVM,0.64,0.6392142888958176
bimodal,1,combined,Z-score,KNN,0.5833333333333333,0.5788362402991947
bimodal,1,combined,Min-Max,LogReg,0.5433333333333333,0.5162372438470321
bimodal,1,combined,Min-Max,RBF-SVM,0.6266666666666667,0.625
bimodal,1,combined,Min-Max,KNN,0.59,0.5883488213835495
bimodal,1,combined,RobustScaler,LogReg,0.6066666666666667,0.5963327859879584
bimodal,1,combined,RobustScaler,RBF-SVM,0.6266666666666667,0.625601711535033
bimodal,1,combined,RobustScaler,KNN,0.6033333333333333,0.6025870801839008
bimodal,1,combined,Winsorized Z-score,LogReg,0.6066666666666667,0.6036899377546907
bimodal,1,combined,Winsorized Z-score,RBF-SVM,0.6266666666666667,0.6238412968519099
bimodal,1,combined,Winsorized Z-score,KNN,0.5733333333333334,0.5630603977970962
bimodal,1,combined,Yeo-Johnson,LogReg,0.6033333333333333,0.593352393753346
bimodal,1,combined,Yeo-Johnson,RBF-SVM,0.64,0.638053532329416
bimodal,1,combined,Yeo-Johnson,KNN,0.58,0.5731514521884458
bimodal,1,combined,Quantile-Normal,LogReg,0.7433333333333334,0.7431021252460548
bimodal,1,combined,Quantile-Normal,RBF-SVM,0.57,0.5691910365018757
bimodal,1,combined,Quantile-Normal,KNN,0.53,0.4671940144348856
bimodal,1,combined,Core-Norm ablation — residual channel removed,LogReg,0.76,0.7578909612625538
bimodal,1,combined,Core-Norm ablation — residual channel removed,RBF-SVM,0.5633333333333334,0.5532821824381927
bimodal,1,combined,Core-Norm ablation — residual channel removed,KNN,0.5733333333333334,0.537037037037037
bimodal,1,combined,Core-Norm,LogReg,0.6933333333333334,0.6888528138528138
bimodal,1,combined,Core-Norm,RBF-SVM,0.48,0.4233896801537627
bimodal,1,combined,Core-Norm,KNN,0.5733333333333333,0.5311355311355311
zero_inflated,0,combined,No scaling,LogReg,0.5566666666666666,0.5566617406860076
zero_inflated,0,combined,No scaling,RBF-SVM,0.5433333333333333,0.5384045193679174
zero_inflated,0,combined,No scaling,KNN,0.5,0.486863711001642
zero_inflated,0,combined,Z-score,LogReg,0.5566666666666666,0.5566617406860076
zero_inflated,0,combined,Z-score,RBF-SVM,0.5466666666666666,0.545940170940171
zero_inflated,0,combined,Z-score,KNN,0.5033333333333333,0.4919011082693947
zero_inflated,0,combined,Min-Max,LogReg,0.5333333333333333,0.53125
zero_inflated,0,combined,Min-Max,RBF-SVM,0.5333333333333333,0.5279625966552778
zero_inflated,0,combined,Min-Max,KNN,0.51,0.4987212276214834
zero_inflated,0,combined,RobustScaler,LogReg,0.5566666666666666,0.5566617406860076
zero_inflated,0,combined,RobustScaler,RBF-SVM,0.5433333333333333,0.5384045193679174
zero_inflated,0,combined,RobustScaler,KNN,0.5,0.486863711001642
zero_inflated,0,combined,Winsorized Z-score,LogReg,0.5433333333333333,0.5421888053467001
zero_inflated,0,combined,Winsorized Z-score,RBF-SVM,0.5333333333333333,0.5316472634818681
zero_inflated,0,combined,Winsorized Z-score,KNN,0.49,0.4793025603793491
zero_inflated,0,combined,Yeo-Johnson,LogReg,0.56,0.5542749088289587
zero_inflated,0,combined,Yeo-Johnson,RBF-SVM,0.5433333333333333,0.541862201959626
zero_inflated,0,combined,Yeo-Johnson,KNN,0.5033333333333334,0.490836190497887
zero_inflated,0,combined,Quantile-Normal,LogReg,0.5733333333333334,0.5579296371339104
zero_inflated,0,combined,Quantile-Normal,RBF-SVM,0.5666666666666667,0.5628586800573888
zero_inflated,0,combined,Quantile-Normal,KNN,0.53,0.5291157840834456
zero_inflated,0,combined,Core-Norm ablation — residual channel removed,LogReg,0.5766666666666667,0.576661962910699
zero_inflated,0,combined,Core-Norm ablation — residual channel removed,RBF-SVM,0.5033333333333333,0.46830655041572
zero_inflated,0,combined,Core-Norm ablation — residual channel removed,KNN,0.4933333333333333,0.4722222222222222
zero_inflated,0,combined,Core-Norm,LogReg,0.5966666666666667,0.5923134806096205
zero_inflated,0,combined,Core-Norm,RBF-SVM,0.53,0.4968538497222585
zero_inflated,0,combined,Core-Norm,KNN,0.4633333333333333,0.4446680080482897
zero_inflated,1,combined,No scaling,LogReg,0.4933333333333333,0.4545454545454545
zero_inflated,1,combined,No scaling,RBF-SVM,0.5166666666666667,0.4400030896381261
zero_inflated,1,combined,No scaling,KNN,0.5266666666666667,0.4775313971742543
zero_inflated,1,combined,Z-score,LogReg,0.4933333333333333,0.4545454545454545
zero_inflated,1,combined,Z-score,RBF-SVM,0.5233333333333333,0.4596364827247421
zero_inflated,1,combined,Z-score,KNN,0.5433333333333333,0.5014011718892164
zero_inflated,1,combined,Min-Max,LogReg,0.4866666666666667,0.4407050506028763
zero_inflated,1,combined,Min-Max,RBF-SVM,0.5166666666666666,0.4431572344756077
zero_inflated,1,combined,Min-Max,KNN,0.5333333333333333,0.4893989496206963
zero_inflated,1,combined,RobustScaler,LogReg,0.4933333333333333,0.4545454545454545
zero_inflated,1,combined,RobustScaler,RBF-SVM,0.5166666666666667,0.4400030896381261
zero_inflated,1,combined,RobustScaler,KNN,0.5266666666666667,0.4775313971742543
zero_inflated,1,combined,Winsorized Z-score,LogReg,0.5233333333333333,0.4795647268624667
zero_inflated,1,combined,Winsorized Z-score,RBF-SVM,0.5333333333333333,0.4723352932308156
zero_inflated,1,combined,Winsorized Z-score,KNN,0.54,0.5047846889952153
zero_inflated,1,combined,Yeo-Johnson,LogReg,0.4866666666666667,0.4429976851851852
zero_inflated,1,combined,Yeo-Johnson,RBF-SVM,0.5166666666666666,0.4520789510145986
zero_inflated,1,combined,Yeo-Johnson,KNN,0.55,0.508679986898133
zero_inflated,1,combined,Quantile-Normal,LogReg,0.5833333333333333,0.5144436819411894
zero_inflated,1,combined,Quantile-Normal,RBF-SVM,0.5533333333333333,0.4682539682539682
zero_inflated,1,combined,Quantile-Normal,KNN,0.6133333333333333,0.5910693301997649
zero_inflated,1,combined,Core-Norm ablation — residual channel removed,LogReg,0.5733333333333333,0.4819491662619394
zero_inflated,1,combined,Core-Norm ablation — residual channel removed,RBF-SVM,0.54,0.4376222560312975
zero_inflated,1,combined,Core-Norm ablation — residual channel removed,KNN,0.57,0.5150315166856728
zero_inflated,1,combined,Core-Norm,LogReg,0.54,0.4210114119489819
zero_inflated,1,combined,Core-Norm,RBF-SVM,0.5233333333333333,0.4022988505747126
zero_inflated,1,combined,Core-Norm,KNN,0.5599999999999999,0.4998989694887856
bounded_beta,0,combined,No scaling,LogReg,0.5766666666666667,0.576661962910699
bounded_beta,0,combined,No scaling,RBF-SVM,0.6266666666666667,0.6260683760683761
bounded_beta,0,combined,No scaling,KNN,0.5466666666666666,0.5081018518518519
bounded_beta,0,combined,Z-score,LogReg,0.5766666666666667,0.576661962910699
bounded_beta,0,combined,Z-score,RBF-SVM,0.6033333333333333,0.5957834667512087
bounded_beta,0,combined,Z-score,KNN,0.5333333333333333,0.4976076555023923
bounded_beta,0,combined,Min-Max,LogReg,0.5666666666666667,0.5659722222222223
bounded_beta,0,combined,Min-Max,RBF-SVM,0.6133333333333333,0.6112426828723356
bounded_beta,0,combined,Min-Max,KNN,0.5433333333333333,0.5074245856254269
bounded_beta,0,combined,RobustScaler,LogReg,0.5733333333333334,0.5733333333333334
bounded_beta,0,combined,RobustScaler,RBF-SVM,0.6100000000000001,0.6080795899909557
bounded_beta,0,combined,RobustScaler,KNN,0.5366666666666666,0.5039906745488931
bounded_beta,0,combined,Winsorized Z-score,LogReg,0.5866666666666667,0.5863725315780111
bounded_beta,0,combined,Winsorized Z-score,RBF-SVM,0.6066666666666667,0.5954285714285714
bounded_beta,0,combined,Winsorized Z-score,KNN,0.5566666666666666,0.5199191442769309
bounded_beta,0,combined,Yeo-Johnson,LogReg,0.5866666666666667,0.5806277056277056
bounded_beta,0,combined,Yeo-Johnson,RBF-SVM,0.6066666666666667,0.5988032095743234
bounded_beta,0,combined,Yeo-Johnson,KNN,0.5466666666666666,0.5155775075987842
bounded_beta,0,combined,Quantile-Normal,LogReg,0.65,0.6411932886058935
bounded_beta,0,combined,Quantile-Normal,RBF-SVM,0.6533333333333333,0.6525767226404169
bounded_beta,0,combined,Quantile-Normal,KNN,0.6333333333333333,0.6200957819119544
bounded_beta,0,combined,Core-Norm ablation — residual channel removed,LogReg,0.6699999999999999,0.6664383023169622
bounded_beta,0,combined,Core-Norm ablation — residual channel removed,RBF-SVM,0.6499999999999999,0.6499961110679008
bounded_beta,0,combined,Core-Norm ablation — residual channel removed,KNN,0.6466666666666666,0.6329470427997599
bounded_beta,0,combined,Core-Norm,LogReg,0.6366666666666667,0.6327452015408979
bounded_beta,0,combined,Core-Norm,RBF-SVM,0.67,0.6680488649953616
bounded_beta,0,combined,Core-Norm,KNN,0.6266666666666667,0.6100097497562561
bounded_beta,1,combined,No scaling,LogReg,0.5233333333333333,0.4998542698921597
bounded_beta,1,combined,No scaling,RBF-SVM,0.54,0.4798733604703754
bounded_beta,1,combined,No scaling,KNN,0.5633333333333334,0.5573078006195438
bounded_beta,1,combined,Z-score,LogReg,0.5233333333333333,0.4998542698921597
bounded_beta,1,combined,Z-score,RBF-SVM,0.5533333333333333,0.5023767082590612
bounded_beta,1,combined,Z-score,KNN,0.5433333333333333,0.5337545802089596
bounded_beta,1,combined,Min-Max,LogReg,0.53,0.5037482842360892
bounded_beta,1,combined,Min-Max,RBF-SVM,0.5233333333333333,0.453858003080801
bounded_beta,1,combined,Min-Max,KNN,0.55,0.5396419437340154
bounded_beta,1,combined,RobustScaler,LogReg,0.5233333333333333,0.4998542698921597
bounded_beta,1,combined,RobustScaler,RBF-SVM,0.5266666666666666,0.4591437712660606
bounded_beta,1,combined,RobustScaler,KNN,0.5499999999999999,0.5457553359728127
bounded_beta,1,combined,Winsorized Z-score,LogReg,0.5266666666666666,0.4923494923494923
bounded_beta,1,combined,Winsorized Z-score,RBF-SVM,0.5466666666666666,0.4925120652768794
bounded_beta,1,combined,Winsorized Z-score,KNN,0.54,0.5316742081447964
bounded_beta,1,combined,Yeo-Johnson,LogReg,0.5233333333333333,0.4967092528068138
bounded_beta,1,combined,Yeo-Johnson,RBF-SVM,0.5466666666666666,0.4973140801340495
bounded_beta,1,combined,Yeo-Johnson,KNN,0.56,0.5520361990950227
bounded_beta,1,combined,Quantile-Normal,LogReg,0.6233333333333333,0.5996267907548039
bounded_beta,1,combined,Quantile-Normal,RBF-SVM,0.5033333333333334,0.3625123005176913
bounded_beta,1,combined,Quantile-Normal,KNN,0.62,0.5994190404797601
bounded_beta,1,combined,Core-Norm ablation — residual channel removed,LogReg,0.6266666666666667,0.5965224074163025
bounded_beta,1,combined,Core-Norm ablation — residual channel removed,RBF-SVM,0.5266666666666667,0.408694686580423
bounded_beta,1,combined,Core-Norm ablation — residual channel removed,KNN,0.63,0.6278123637826782
bounded_beta,1,combined,Core-Norm,LogReg,0.6066666666666667,0.5995475113122172
bounded_beta,1,combined,Core-Norm,RBF-SVM,0.4933333333333333,0.3303571428571428
bounded_beta,1,combined,Core-Norm,KNN,0.6333333333333333,0.6325330720235178
mixed,0,combined,No scaling,LogReg,0.54,0.5386878231413799
mixed,0,combined,No scaling,RBF-SVM,0.6333333333333333,0.6200957819119544
mixed,0,combined,No scaling,KNN,0.6399999999999999,0.6397438178260095
mixed,0,combined,Z-score,LogReg,0.54,0.5386878231413799
mixed,0,combined,Z-score,RBF-SVM,0.6000000000000001,0.5974235104669887
mixed,0,combined,Z-score,KNN,0.5733333333333333,0.5717917837548507
mixed,0,combined,Min-Max,LogReg,0.53,0.5227403504417191
mixed,0,combined,Min-Max,RBF-SVM,0.5633333333333332,0.5627454689081988
mixed,0,combined,Min-Max,KNN,0.5533333333333333,0.5533134805991378
mixed,0,combined,RobustScaler,LogReg,0.54,0.5386878231413799
mixed,0,combined,RobustScaler,RBF-SVM,0.6599999999999999,0.6525254360465116
mixed,0,combined,RobustScaler,KNN,0.6466666666666667,0.6464152286070095
mixed,0,combined,Winsorized Z-score,LogReg,0.55,0.5495946351716545
mixed,0,combined,Winsorized Z-score,RBF-SVM,0.59,0.5777983729790959
mixed,0,combined,Winsorized Z-score,KNN,0.5533333333333333,0.5494081779053084
mixed,0,combined,Yeo-Johnson,LogReg,0.5433333333333333,0.5432876620995433
mixed,0,combined,Yeo-Johnson,RBF-SVM,0.6,0.5988589766446781
mixed,0,combined,Yeo-Johnson,KNN,0.5733333333333334,0.5721162417543234
mixed,0,combined,Quantile-Normal,LogReg,0.6566666666666667,0.6386429816047058
mixed,0,combined,Quantile-Normal,RBF-SVM,0.6133333333333333,0.5972222222222223
mixed,0,combined,Quantile-Normal,KNN,0.6366666666666667,0.6297512426544685
mixed,0,combined,Core-Norm ablation — residual channel removed,LogReg,0.64,0.6008082401064512
mixed,0,combined,Core-Norm ablation — residual channel removed,RBF-SVM,0.6133333333333333,0.5787128952593095
mixed,0,combined,Core-Norm ablation — residual channel removed,KNN,0.6166666666666667,0.5896325724685088
mixed,0,combined,Core-Norm,LogReg,0.62,0.5786309201123652
mixed,0,combined,Core-Norm,RBF-SVM,0.6266666666666667,0.5995995995995996
mixed,0,combined,Core-Norm,KNN,0.6233333333333333,0.6009840040490119
mixed,1,combined,No scaling,LogReg,0.5766666666666667,0.5500230303173459
mixed,1,combined,No scaling,RBF-SVM,0.56,0.5024875621890548
mixed,1,combined,No scaling,KNN,0.55,0.5164698718943636
mixed,1,combined,Z-score,LogReg,0.5766666666666667,0.5500230303173459
mixed,1,combined,Z-score,RBF-SVM,0.5133333333333333,0.396494708994709
mixed,1,combined,Z-score,KNN,0.5366666666666666,0.4919528746695257
mixed,1,combined,Min-Max,LogReg,0.5733333333333334,0.5721162417543234
mixed,1,combined,Min-Max,RBF-SVM,0.52,0.4356187290969899
mixed,1,combined,Min-Max,KNN,0.5366666666666666,0.5366615184613162
mixed,1,combined,RobustScaler,LogReg,0.5766666666666667,0.5500230303173459
mixed,1,combined,RobustScaler,RBF-SVM,0.5133333333333333,0.4050206476852858
mixed,1,combined,RobustScaler,KNN,0.5066666666666667,0.5044642857142857
mixed,1,combined,Winsorized Z-score,LogReg,0.5233333333333333,0.4477271849534623
mixed,1,combined,Winsorized Z-score,RBF-SVM,0.5033333333333333,0.3948910939340201
mixed,1,combined,Winsorized Z-score,KNN,0.5166666666666667,0.4548803869722678
mixed,1,combined,Yeo-Johnson,LogReg,0.5766666666666667,0.5415769272418813
mixed,1,combined,Yeo-Johnson,RBF-SVM,0.5033333333333333,0.3818367883171301
mixed,1,combined,Yeo-Johnson,KNN,0.5266666666666666,0.482104648900992
mixed,1,combined,Quantile-Normal,LogReg,0.5566666666666666,0.4892407736914195
mixed,1,combined,Quantile-Normal,RBF-SVM,0.51,0.3551783129359126
mixed,1,combined,Quantile-Normal,KNN,0.56,0.4944852941176471
mixed,1,combined,Core-Norm ablation — residual channel removed,LogReg,0.5499999999999999,0.4692770373864843
mixed,1,combined,Core-Norm ablation — residual channel removed,RBF-SVM,0.5066666666666666,0.3535612369693087
mixed,1,combined,Core-Norm ablation — residual channel removed,KNN,0.57,0.5197974959983125
mixed,1,combined,Core-Norm,LogReg,0.5466666666666666,0.4418604651162791
mixed,1,combined,Core-Norm,RBF-SVM,0.51,0.3551783129359126
mixed,1,combined,Core-Norm,KNN,0.5533333333333333,0.4809956620532948
heteroscedastic,0,combined,No scaling,LogReg,0.59,0.5892286627110908
heteroscedastic,0,combined,No scaling,RBF-SVM,0.6066666666666667,0.5658359497645212
heteroscedastic,0,combined,No scaling,KNN,0.6333333333333333,0.6320085641643249
heteroscedastic,0,combined,Z-score,LogReg,0.59,0.5892286627110908
heteroscedastic,0,combined,Z-score,RBF-SVM,0.6366666666666667,0.6345184473181253
heteroscedastic,0,combined,Z-score,KNN,0.5900000000000001,0.589448035692431
heteroscedastic,0,combined,Min-Max,LogReg,0.5966666666666667,0.595655806182122
heteroscedastic,0,combined,Min-Max,RBF-SVM,0.6466666666666667,0.6443907675791734
heteroscedastic,0,combined,Min-Max,KNN,0.5866666666666667,0.5840042941492216
heteroscedastic,0,combined,RobustScaler,LogReg,0.59,0.5892286627110908
heteroscedastic,0,combined,RobustScaler,RBF-SVM,0.6366666666666667,0.6352034270797309
heteroscedastic,0,combined,RobustScaler,KNN,0.5833333333333333,0.581655306284095
heteroscedastic,0,combined,Winsorized Z-score,LogReg,0.6033333333333333,0.6032231175326479
heteroscedastic,0,combined,Winsorized Z-score,RBF-SVM,0.6266666666666667,0.6199095022624435
heteroscedastic,0,combined,Winsorized Z-score,KNN,0.5900000000000001,0.589448035692431
heteroscedastic,0,combined,Yeo-Johnson,LogReg,0.5566666666666666,0.5412474849094567
heteroscedastic,0,combined,Yeo-Johnson,RBF-SVM,0.64,0.637275536250056
heteroscedastic,0,combined,Yeo-Johnson,KNN,0.6166666666666667,0.6159454976567109
heteroscedastic,0,combined,Quantile-Normal,LogReg,0.62,0.5967741935483871
heteroscedastic,0,combined,Quantile-Normal,RBF-SVM,0.6466666666666667,0.6435616929698709
heteroscedastic,0,combined,Quantile-Normal,KNN,0.6466666666666667,0.6461004273504274
heteroscedastic,0,combined,Core-Norm ablation — residual channel removed,LogReg,0.6566666666666667,0.6374898813923204
heteroscedastic,0,combined,Core-Norm ablation — residual channel removed,RBF-SVM,0.6366666666666667,0.6249612918764551
heteroscedastic,0,combined,Core-Norm ablation — residual channel removed,KNN,0.6133333333333333,0.6116071428571428
heteroscedastic,0,combined,Core-Norm,LogReg,0.6266666666666667,0.6024797690596754
heteroscedastic,0,combined,Core-Norm,RBF-SVM,0.64,0.6358568602769286
heteroscedastic,0,combined,Core-Norm,KNN,0.6133333333333333,0.6116071428571428
heteroscedastic,1,combined,No scaling,LogReg,0.53,0.4949796439785575
heteroscedastic,1,combined,No scaling,RBF-SVM,0.5133333333333333,0.4090982677675247
heteroscedastic,1,combined,No scaling,KNN,0.5033333333333333,0.3863177693268715
heteroscedastic,1,combined,Z-score,LogReg,0.53,0.4949796439785575
heteroscedastic,1,combined,Z-score,RBF-SVM,0.5266666666666667,0.4647972259912558
heteroscedastic,1,combined,Z-score,KNN,0.53,0.4868435418713833
heteroscedastic,1,combined,Min-Max,LogReg,0.52,0.4770229044598324
heteroscedastic,1,combined,Min-Max,RBF-SVM,0.52,0.4515260779036107
heteroscedastic,1,combined,Min-Max,KNN,0.5166666666666667,0.4627971596171658
heteroscedastic,1,combined,RobustScaler,LogReg,0.53,0.4949796439785575
heteroscedastic,1,combined,RobustScaler,RBF-SVM,0.5233333333333333,0.4567901234567901
heteroscedastic,1,combined,RobustScaler,KNN,0.5233333333333333,0.4726555297414906
heteroscedastic,1,combined,Winsorized Z-score,LogReg,0.5133333333333333,0.4578134284016636
heteroscedastic,1,combined,Winsorized Z-score,RBF-SVM,0.5333333333333333,0.4695898161244696
heteroscedastic,1,combined,Winsorized Z-score,KNN,0.54,0.5047846889952153
heteroscedastic,1,combined,Yeo-Johnson,LogReg,0.5233333333333333,0.4817275747508305
heteroscedastic,1,combined,Yeo-Johnson,RBF-SVM,0.5333333333333333,0.4723352932308156
heteroscedastic,1,combined,Yeo-Johnson,KNN,0.5266666666666666,0.482104648900992
heteroscedastic,1,combined,Quantile-Normal,LogReg,0.56,0.4693396226415094
heteroscedastic,1,combined,Quantile-Normal,RBF-SVM,0.5266666666666666,0.4042291340344596
heteroscedastic,1,combined,Quantile-Normal,KNN,0.55,0.4755991764964846
heteroscedastic,1,combined,Core-Norm ablation — residual channel removed,LogReg,0.5666666666666667,0.4702238643773093
heteroscedastic,1,combined,Core-Norm ablation — residual channel removed,RBF-SVM,0.5466666666666666,0.4495709891533107
heteroscedastic,1,combined,Core-Norm ablation — residual channel removed,KNN,0.54,0.4488524415570584
heteroscedastic,1,combined,Core-Norm,LogReg,0.6466666666666666,0.6275299850074962
heteroscedastic,1,combined,Core-Norm,RBF-SVM,0.5366666666666666,0.4145807303000098
heteroscedastic,1,combined,Core-Norm,KNN,0.5466666666666666,0.4495709891533107
breast,0,combined,No scaling,LogReg,0.5220502336448598,0.4873728197674418
breast,0,combined,No scaling,RBF-SVM,0.5517669392523364,0.5347842984842596
breast,0,combined,No scaling,KNN,0.5822137850467289,0.5308641975308642
breast,0,combined,Z-score,LogReg,0.5784170560747663,0.576191237607931
breast,0,combined,Z-score,RBF-SVM,0.6704147196261683,0.6762045024195245
breast,0,combined,Z-score,KNN,0.7034170560747663,0.706929955290611
breast,0,combined,Min-Max,LogReg,0.5235105140186915,0.4620224719101123
breast,0,combined,Min-Max,RBF-SVM,0.6157272196261683,0.6079365079365079
breast,0,combined,Min-Max,KNN,0.7189690420560748,0.7260451632590785
breast,0,combined,RobustScaler,LogReg,0.5862295560747663,0.5851660369854842
breast,0,combined,RobustScaler,RBF-SVM,0.6328855140186915,0.6278811564595639
breast,0,combined,RobustScaler,KNN,0.7236419392523364,0.7314307603907297
breast,0,combined,Winsorized Z-score,LogReg,0.6830461448598131,0.6894153108938439
breast,0,combined,Winsorized Z-score,RBF-SVM,0.7157564252336448,0.7265749920051168
breast,0,combined,Winsorized Z-score,KNN,0.7378066588785046,0.7378066588785046
breast,0,combined,Yeo-Johnson,LogReg,0.5580461448598131,0.5466863033873344
breast,0,combined,Yeo-Johnson,RBF-SVM,0.6704147196261683,0.6762045024195245
breast,0,combined,Yeo-Johnson,KNN,0.7111565420560748,0.7183298218732044
breast,0,combined,Quantile-Normal,LogReg,0.8219918224299065,0.8317947941888619
breast,0,combined,Quantile-Normal,RBF-SVM,0.7688376168224299,0.7834757834757835
breast,0,combined,Quantile-Normal,KNN,0.8204585280373832,0.827343779215437
breast,0,combined,Core-Norm ablation — residual channel removed,LogReg,0.8487879672897196,0.8270015698587128
breast,0,combined,Core-Norm ablation — residual channel removed,RBF-SVM,0.7770882009345794,0.7468411086245481
breast,0,combined,Core-Norm ablation — residual channel removed,KNN,0.8000876168224299,0.8141304347826087
breast,0,combined,Core-Norm,LogReg,0.7909608644859814,0.7813299232736572
breast,0,combined,Core-Norm,RBF-SVM,0.767742406542056,0.7355397463656046
breast,0,combined,Core-Norm,KNN,0.8032272196261683,0.8157894736842105
breast,1,combined,No scaling,LogReg,0.6816588785046729,0.6792207792207792
breast,1,combined,No scaling,RBF-SVM,0.5278913551401869,0.396331477235506
breast,1,combined,No scaling,KNN,0.5185455607476636,0.380003662332906
breast,1,combined,Z-score,LogReg,0.6629672897196262,0.6581953169617362
breast,1,combined,Z-score,RBF-SVM,0.6861857476635513,0.6921279448381537
breast,1,combined,Z-score,KNN,0.6863317757009346,0.6844904308816613
breast,1,combined,Min-Max,LogReg,0.514383761682243,0.5012119469208332
breast,1,combined,Min-Max,RBF-SVM,0.7034170560747663,0.706929955290611
breast,1,combined,Min-Max,KNN,0.6691734813084111,0.6668831168831169
breast,1,combined,RobustScaler,LogReg,0.6629672897196262,0.6581953169617362
breast,1,combined,RobustScaler,RBF-SVM,0.7002774532710281,0.7047297297297297
breast,1,combined,RobustScaler,KNN,0.6738463785046729,0.6721175066025107
breast,1,combined,Winsorized Z-score,LogReg,0.7051693925233644,0.6935376181607338
breast,1,combined,Winsorized Z-score,RBF-SVM,0.6799795560747663,0.6842521762068057
breast,1,combined,Winsorized Z-score,KNN,0.7238609813084111,0.7151717050005315
breast,1,combined,Yeo-Johnson,LogReg,0.6566880841121495,0.6545454545454545
breast,1,combined,Yeo-Johnson,RBF-SVM,0.7158294392523364,0.7236842105263157
breast,1,combined,Yeo-Johnson,KNN,0.7191880841121495,0.7097595473833098
breast,1,combined,Quantile-Normal,LogReg,0.763142523364486,0.7192118226600985
breast,1,combined,Quantile-Normal,RBF-SVM,0.8020589953271028,0.7703907729385437
breast,1,combined,Quantile-Normal,KNN,0.8377628504672897,0.829097658480868
breast,1,combined,Core-Norm ablation — residual channel removed,LogReg,0.6666179906542056,0.5831011423794928
breast,1,combined,Core-Norm ablation — residual channel removed,RBF-SVM,0.5622809579439252,0.4096224523889074
breast,1,combined,Core-Norm ablation — residual channel removed,KNN,0.8097254672897196,0.795281690140845
breast,1,combined,Core-Norm,LogReg,0.6416471962616822,0.5592783505154639
breast,1,combined,Core-Norm,RBF-SVM,0.5108790887850467,0.3096273291925465
breast,1,combined,Core-Norm,KNN,0.8237441588785046,0.8121345288301378
wine,0,combined,No scaling,LogReg,0.3116402116402116,0.3055555555555555
wine,0,combined,No scaling,RBF-SVM,0.3121693121693121,0.1879120879120879
wine,0,combined,No scaling,KNN,0.3851851851851851,0.2949494949494949
wine,0,combined,Z-score,LogReg,0.4164021164021164,0.4015345268542199
wine,0,combined,Z-score,RBF-SVM,0.4322751322751323,0.3940880570219875
wine,0,combined,Z-score,KNN,0.3841269841269841,0.3620202020202019
wine,0,combined,Min-Max,LogReg,0.246031746031746,0.2074074074074074
wine,0,combined,Min-Max,RBF-SVM,0.3518518518518518,0.2242769084874347
wine,0,combined,Min-Max,KNN,0.482010582010582,0.4630089717046239
wine,0,combined,RobustScaler,LogReg,0.3608465608465608,0.3522178304787
wine,0,combined,RobustScaler,RBF-SVM,0.3820105820105819,0.3254811183732752
wine,0,combined,RobustScaler,KNN,0.4899470899470899,0.4765017117958294
wine,0,combined,Winsorized Z-score,LogReg,0.3788359788359788,0.3051146384479717
wine,0,combined,Winsorized Z-score,RBF-SVM,0.338095238095238,0.2629629629629629
wine,0,combined,Winsorized Z-score,KNN,0.3185185185185185,0.2032828282828283
wine,0,combined,Yeo-Johnson,LogReg,0.6042328042328041,0.5962555962555963
wine,0,combined,Yeo-Johnson,RBF-SVM,0.5645502645502645,0.5666666666666667
wine,0,combined,Yeo-Johnson,KNN,0.5380952380952381,0.5231481481481481
wine,0,combined,Quantile-Normal,LogReg,0.5423280423280423,0.4695912263210369
wine,0,combined,Quantile-Normal,RBF-SVM,0.4497354497354497,0.3853479853479853
wine,0,combined,Quantile-Normal,KNN,0.6677248677248677,0.6666666666666666
wine,0,combined,Core-Norm ablation — residual channel removed,LogReg,0.6015873015873016,0.5456349206349206
wine,0,combined,Core-Norm ablation — residual channel removed,RBF-SVM,0.41005291005291,0.3321256038647343
wine,0,combined,Core-Norm ablation — residual channel removed,KNN,0.6232804232804233,0.608846812152332
wine,0,combined,Core-Norm,LogReg,0.5645502645502646,0.5149594320486816
wine,0,combined,Core-Norm,RBF-SVM,0.373015873015873,0.2787025181391379
wine,0,combined,Core-Norm,KNN,0.6084656084656085,0.6100645386359672
wine,1,combined,No scaling,LogReg,0.3185185185185185,0.2839506172839506
wine,1,combined,No scaling,RBF-SVM,0.3121693121693121,0.186307519640853
wine,1,combined,No scaling,KNN,0.3185185185185185,0.2008318478906714
wine,1,combined,Z-score,LogReg,0.3158730158730158,0.2708831908831908
wine,1,combined,Z-score,RBF-SVM,0.3544973544973545,0.2486772486772487
wine,1,combined,Z-score,KNN,0.3931216931216931,0.3497583851079531
wine,1,combined,Min-Max,LogReg,0.3544973544973545,0.2486772486772487
wine,1,combined,Min-Max,RBF-SVM,0.3333333333333333,0.1866666666666666
wine,1,combined,Min-Max,KNN,0.3798941798941799,0.3484953050170441
wine,1,combined,RobustScaler,LogReg,0.3158730158730158,0.2708831908831908
wine,1,combined,RobustScaler,RBF-SVM,0.3544973544973545,0.2486772486772487
wine,1,combined,RobustScaler,KNN,0.4328042328042327,0.4164464925755248
wine,1,combined,Winsorized Z-score,LogReg,0.3883597883597883,0.3539254385964912
wine,1,combined,Winsorized Z-score,RBF-SVM,0.3989417989417989,0.330802852541983
wine,1,combined,Winsorized Z-score,KNN,0.408994708994709,0.3583714187429357
wine,1,combined,Yeo-Johnson,LogReg,0.5259259259259259,0.485042735042735
wine,1,combined,Yeo-Johnson,RBF-SVM,0.3386243386243386,0.2390098164746052
wine,1,combined,Yeo-Johnson,KNN,0.4116402116402116,0.3760662525879917
wine,1,combined,Quantile-Normal,LogReg,0.3571428571428571,0.2679089026915113
wine,1,combined,Quantile-Normal,RBF-SVM,0.3333333333333333,0.1866666666666666
wine,1,combined,Quantile-Normal,KNN,0.4211640211640211,0.36783988957902
wine,1,combined,Core-Norm ablation — residual channel removed,LogReg,0.3804232804232804,0.2995581331123999
wine,1,combined,Core-Norm ablation — residual channel removed,RBF-SVM,0.3333333333333333,0.1866666666666666
wine,1,combined,Core-Norm ablation — residual channel removed,KNN,0.3857142857142857,0.3401350734251449
wine,1,combined,Core-Norm,LogReg,0.3989417989417989,0.3323996265172735
wine,1,combined,Core-Norm,RBF-SVM,0.3333333333333333,0.1866666666666666
wine,1,combined,Core-Norm,KNN,0.4582010582010581,0.4254802542312361
iris,0,combined,No scaling,LogReg,0.4222222222222222,0.3499319727891157
iris,0,combined,No scaling,RBF-SVM,0.5555555555555555,0.483726150392817
iris,0,combined,No scaling,KNN,0.6222222222222222,0.5841269841269842
iris,0,combined,Z-score,LogReg,0.3999999999999999,0.3469721767594108
iris,0,combined,Z-score,RBF-SVM,0.5777777777777778,0.487956487956488
iris,0,combined,Z-score,KNN,0.3999999999999999,0.34522987939137
iris,0,combined,Min-Max,LogReg,0.5333333333333333,0.4455026455026455
iris,0,combined,Min-Max,RBF-SVM,0.2666666666666666,0.1403508771929824
iris,0,combined,Min-Max,KNN,0.3333333333333333,0.2565539036127272
iris,0,combined,RobustScaler,LogReg,0.4222222222222222,0.3499319727891157
iris,0,combined,RobustScaler,RBF-SVM,0.5333333333333333,0.4571428571428571
iris,0,combined,RobustScaler,KNN,0.3333333333333333,0.2565539036127272
iris,0,combined,Winsorized Z-score,LogReg,0.3333333333333333,0.2848484848484848
iris,0,combined,Winsorized Z-score,RBF-SVM,0.5555555555555555,0.5331335331335332
iris,0,combined,Winsorized Z-score,KNN,0.3777777777777777,0.3287925696594427
iris,0,combined,Yeo-Johnson,LogReg,0.3333333333333333,0.2707551487414187
iris,0,combined,Yeo-Johnson,RBF-SVM,0.1777777777777777,0.212466261808367
iris,0,combined,Yeo-Johnson,KNN,0.3777777777777777,0.2993223010244286
iris,0,combined,Quantile-Normal,LogReg,0.6,0.4786324786324786
iris,0,combined,Quantile-Normal,RBF-SVM,0.4666666666666666,0.4620406968233055
iris,0,combined,Quantile-Normal,KNN,0.6666666666666666,0.6625542784163474
iris,0,combined,Core-Norm ablation — residual channel removed,LogReg,0.5333333333333333,0.5147228250676527
iris,0,combined,Core-Norm ablation — residual channel removed,RBF-SVM,0.6,0.5487659177667045
iris,0,combined,Core-Norm ablation — residual channel removed,KNN,0.5555555555555556,0.5436109783935871
iris,0,combined,Core-Norm,LogReg,0.4444444444444445,0.4394586894586894
iris,0,combined,Core-Norm,RBF-SVM,0.6222222222222222,0.584833050367855
iris,0,combined,Core-Norm,KNN,0.5555555555555556,0.5436109783935871
iris,1,combined,No scaling,LogReg,0.2666666666666666,0.1888888888888888
iris,1,combined,No scaling,RBF-SVM,0.6,0.5365172710802222
iris,1,combined,No scaling,KNN,0.6666666666666666,0.5650584795321637
iris,1,combined,Z-score,LogReg,0.2888888888888889,0.2308256635987728
iris,1,combined,Z-score,RBF-SVM,0.3333333333333333,0.277020202020202
iris,1,combined,Z-score,KNN,0.2888888888888889,0.2453703703703703
iris,1,combined,Min-Max,LogReg,0.4444444444444445,0.3904372600024774
iris,1,combined,Min-Max,RBF-SVM,0.3111111111111111,0.1997095134350036
iris,1,combined,Min-Max,KNN,0.3333333333333333,0.3116017316017316
iris,1,combined,RobustScaler,LogReg,0.2666666666666666,0.1888888888888888
iris,1,combined,RobustScaler,RBF-SVM,0.3555555555555555,0.2740740740740741
iris,1,combined,RobustScaler,KNN,0.2888888888888889,0.2317482016730137
iris,1,combined,Winsorized Z-score,LogReg,0.2444444444444444,0.1755555555555555
iris,1,combined,Winsorized Z-score,RBF-SVM,0.2888888888888889,0.2561703403808666
iris,1,combined,Winsorized Z-score,KNN,0.2888888888888889,0.2471014492753623
iris,1,combined,Yeo-Johnson,LogReg,0.3333333333333333,0.175438596491228
iris,1,combined,Yeo-Johnson,RBF-SVM,0.4222222222222222,0.3093453273363318
iris,1,combined,Yeo-Johnson,KNN,0.3999999999999999,0.2978410386553385
iris,1,combined,Quantile-Normal,LogReg,0.6,0.5607769423558898
iris,1,combined,Quantile-Normal,RBF-SVM,0.3111111111111111,0.2467171717171717
iris,1,combined,Quantile-Normal,KNN,0.3777777777777777,0.3127777777777777
iris,1,combined,Core-Norm ablation — residual channel removed,LogReg,0.3111111111111111,0.2577210884353741
iris,1,combined,Core-Norm ablation — residual channel removed,RBF-SVM,0.3333333333333333,0.2978191276510604
iris,1,combined,Core-Norm ablation — residual channel removed,KNN,0.3111111111111111,0.2577210884353741
iris,1,combined,Core-Norm,LogReg,0.2888888888888889,0.2308256635987728
iris,1,combined,Core-Norm,RBF-SVM,0.3333333333333333,0.3021687462863934
iris,1,combined,Core-Norm,KNN,0.3111111111111111,0.2577210884353741
digits,0,combined,No scaling,LogReg,0.1446735130697395,0.1165387930896711
digits,0,combined,No scaling,RBF-SVM,0.1755798429383334,0.1579830029407203
digits,0,combined,No scaling,KNN,0.1589443784726803,0.1467765125345312
digits,0,combined,Z-score,LogReg,0.1353404876046385,0.0986683124031078
digits,0,combined,Z-score,RBF-SVM,0.1058401626326154,0.0516359111229683
digits,0,combined,Z-score,KNN,0.1089030850351605,0.0702754383141947
digits,0,combined,Min-Max,LogReg,0.1425678898320407,0.0978981001340073
digits,0,combined,Min-Max,RBF-SVM,0.10175211231815,0.0435860760541654
digits,0,combined,Min-Max,KNN,0.1046749058069812,0.0658119361475977
digits,0,combined,RobustScaler,LogReg,0.142785450049601,0.1104157983688781
digits,0,combined,RobustScaler,RBF-SVM,0.183335385788216,0.1735958823819899
digits,0,combined,RobustScaler,KNN,0.1625134020417039,0.1617727544023907
digits,0,combined,Winsorized Z-score,LogReg,0.1783238529464944,0.1547033611322449
digits,0,combined,Winsorized Z-score,RBF-SVM,0.1658501316991883,0.1410174717991301
digits,0,combined,Winsorized Z-score,KNN,0.1504608982910869,0.1396255534277437
digits,0,combined,Yeo-Johnson,LogReg,0.1278955251596761,0.0863505595930268
digits,0,combined,Yeo-Johnson,RBF-SVM,0.0998653198653198,0.0372031197081252
digits,0,combined,Yeo-Johnson,KNN,0.0942526865168374,0.0629174860228052
digits,0,combined,Quantile-Normal,LogReg,0.2021740872684269,0.180248909308002
digits,0,combined,Quantile-Normal,RBF-SVM,0.1018518518518518,0.0221548821548821
digits,0,combined,Quantile-Normal,KNN,0.3034433107074616,0.2322959117022671
digits,0,combined,Core-Norm ablation — residual channel removed,LogReg,0.1703379709040086,0.1351152258506254
digits,0,combined,Core-Norm ablation — residual channel removed,RBF-SVM,0.2629998094149037,0.2115933452404312
digits,0,combined,Core-Norm ablation — residual channel removed,KNN,0.3107509052792071,0.2494474917297971
digits,0,combined,Core-Norm,LogReg,0.2222946445587955,0.1908202950952481
digits,0,combined,Core-Norm,RBF-SVM,0.2206028841877898,0.1721690356016589
digits,0,combined,Core-Norm,KNN,0.3070808716091734,0.2419345640933886
digits,1,combined,No scaling,LogReg,0.0965319865319865,0.0444645485406536
digits,1,combined,No scaling,RBF-SVM,0.1693717777680041,0.1517919866474108
digits,1,combined,No scaling,KNN,0.1623270440251572,0.1463883308171945
digits,1,combined,Z-score,LogReg,0.0982828282828282,0.0305083782260065
digits,1,combined,Z-score,RBF-SVM,0.1019191919191919,0.028499700025712
digits,1,combined,Z-score,KNN,0.0946814052474429,0.0301401575065697
digits,1,combined,Min-Max,LogReg,0.0983164983164983,0.033585534731383
digits,1,combined,Min-Max,RBF-SVM,0.1019528619528619,0.0311135570460094
digits,1,combined,Min-Max,KNN,0.0983514389174766,0.0367280383803873
digits,1,combined,RobustScaler,LogReg,0.091010101010101,0.0317638334877038
digits,1,combined,RobustScaler,RBF-SVM,0.1606911886157169,0.1465371203583073
digits,1,combined,RobustScaler,KNN,0.1980751638298808,0.1956564039469719
digits,1,combined,Winsorized Z-score,LogReg,0.1763013785655295,0.1380168924886766
digits,1,combined,Winsorized Z-score,RBF-SVM,0.1650231878533765,0.1291991122398285
digits,1,combined,Winsorized Z-score,KNN,0.1328541339862094,0.1269256124692832
digits,1,combined,Yeo-Johnson,LogReg,0.0965332570992948,0.0337897411195006
digits,1,combined,Yeo-Johnson,RBF-SVM,0.1001010101010101,0.0281923217886046
digits,1,combined,Yeo-Johnson,KNN,0.0946464646464646,0.0301826536037062
digits,1,combined,Quantile-Normal,LogReg,0.2722917613483651,0.2588716054038128
digits,1,combined,Quantile-Normal,RBF-SVM,0.1509783368273934,0.0512753751103265
digits,1,combined,Quantile-Normal,KNN,0.2677000043981176,0.2142147070660292
digits,1,combined,Core-Norm ablation — residual channel removed,LogReg,0.3595294747181539,0.3156770985463039
digits,1,combined,Core-Norm ablation — residual channel removed,RBF-SVM,0.2333187218092878,0.1962203090538061
digits,1,combined,Core-Norm ablation — residual channel removed,KNN,0.2414282642584529,0.1884859084771327
digits,1,combined,Core-Norm,LogReg,0.3442798571100457,0.2952201636732984
digits,1,combined,Core-Norm,RBF-SVM,0.239061686042818,0.1602312073821258
digits,1,combined,Core-Norm,KNN,0.2523321262943904,0.2017625203139338
gaussian,0,row5,No scaling,LogReg,0.6666666666666667,0.6645195920558239
gaussian,0,row5,No scaling,RBF-SVM,0.7933333333333333,0.793296586059744
gaussian,0,row5,No scaling,KNN,0.7833333333333333,0.7830416448781139
gaussian,0,row5,Z-score,LogReg,0.6666666666666667,0.6645195920558239
gaussian,0,row5,Z-score,RBF-SVM,0.7933333333333333,0.7933241477398996
gaussian,0,row5,Z-score,KNN,0.7666666666666666,0.7664071190211346
gaussian,0,row5,Min-Max,LogReg,0.69,0.6881671156017033
gaussian,0,row5,Min-Max,RBF-SVM,0.7833333333333333,0.7833116644997833
gaussian,0,row5,Min-Max,KNN,0.77,0.7698747095640961
gaussian,0,row5,RobustScaler,LogReg,0.6666666666666667,0.6645195920558239
gaussian,0,row5,RobustScaler,RBF-SVM,0.7966666666666666,0.7966463312997967
gaussian,0,row5,RobustScaler,KNN,0.7866666666666666,0.7865148550080057
gaussian,0,row5,Winsorized Z-score,LogReg,0.6466666666666667,0.6430976430976432
gaussian,0,row5,Winsorized Z-score,RBF-SVM,0.7933333333333333,0.793296586059744
gaussian,0,row5,Winsorized Z-score,KNN,0.7733333333333333,0.7730812013348165
gaussian,0,row5,Yeo-Johnson,LogReg,0.6666666666666666,0.6641440150463481
gaussian,0,row5,Yeo-Johnson,RBF-SVM,0.7933333333333333,0.7933241477398996
gaussian,0,row5,Yeo-Johnson,KNN,0.7633333333333333,0.7631201414606479
gaussian,0,row5,Quantile-Normal,LogReg,0.8,0.7999199679871949
gaussian,0,row5,Quantile-Normal,RBF-SVM,0.7933333333333333,0.79288227695871
gaussian,0,row5,Quantile-Normal,KNN,0.7666666666666666,0.7660010697093956
gaussian,0,row5,Core-Norm ablation — residual channel removed,LogReg,0.7966666666666666,0.7966463312997967
gaussian,0,row5,Core-Norm ablation — residual channel removed,RBF-SVM,0.7933333333333333,0.7930021367521367
gaussian,0,row5,Core-Norm ablation — residual channel removed,KNN,0.77,0.7694235588972431
gaussian,0,row5,Core-Norm,LogReg,0.77,0.7699974444160491
gaussian,0,row5,Core-Norm,RBF-SVM,0.7833333333333333,0.7826353512947131
gaussian,0,row5,Core-Norm,KNN,0.7666666666666666,0.7661574094695114
gaussian,1,row5,No scaling,LogReg,0.7366666666666666,0.7338245038690911
gaussian,1,row5,No scaling,RBF-SVM,0.8033333333333333,0.8029633422760517
gaussian,1,row5,No scaling,KNN,0.74,0.7397107897664071
gaussian,1,row5,Z-score,LogReg,0.7366666666666667,0.7334413064750144
gaussian,1,row5,Z-score,RBF-SVM,0.8066666666666666,0.8065290873510051
gaussian,1,row5,Z-score,KNN,0.75,0.7499305362600722
gaussian,1,row5,Min-Max,LogReg,0.7333333333333334,0.7229789002262339
gaussian,1,row5,Min-Max,RBF-SVM,0.8033333333333333,0.8029633422760517
gaussian,1,row5,Min-Max,KNN,0.74,0.739814979541007
gaussian,1,row5,RobustScaler,LogReg,0.7366666666666666,0.7338245038690911
gaussian,1,row5,RobustScaler,RBF-SVM,0.8133333333333334,0.8129259275756091
gaussian,1,row5,RobustScaler,KNN,0.7466666666666667,0.7465652927837803
gaussian,1,row5,Winsorized Z-score,LogReg,0.7266666666666667,0.7235209494695198
gaussian,1,row5,Winsorized Z-score,RBF-SVM,0.81,0.8098964992051227
gaussian,1,row5,Winsorized Z-score,KNN,0.75,0.7498638147435825
gaussian,1,row5,Yeo-Johnson,LogReg,0.74,0.7380323317361516
gaussian,1,row5,Yeo-Johnson,RBF-SVM,0.8133333333333334,0.8133001422475107
gaussian,1,row5,Yeo-Johnson,KNN,0.7433333333333334,0.7431935164700781
gaussian,1,row5,Quantile-Normal,LogReg,0.8133333333333332,0.813200498132005
gaussian,1,row5,Quantile-Normal,RBF-SVM,0.8133333333333334,0.8133333333333334
gaussian,1,row5,Quantile-Normal,KNN,0.7633333333333334,0.7632675743262017
gaussian,1,row5,Core-Norm ablation — residual channel removed,LogReg,0.8233333333333333,0.8230954950544621
gaussian,1,row5,Core-Norm ablation — residual channel removed,RBF-SVM,0.8266666666666667,0.8263888888888888
gaussian,1,row5,Core-Norm ablation — residual channel removed,KNN,0.7466666666666667,0.7465652927837803
gaussian,1,row5,Core-Norm,LogReg,0.8300000000000001,0.82977113675052
gaussian,1,row5,Core-Norm,RBF-SVM,0.8133333333333334,0.8133001422475107
gaussian,1,row5,Core-Norm,KNN,0.75,0.7499305362600722
correlated,0,row5,No scaling,LogReg,0.6333333333333333,0.6331866079765239
correlated,0,row5,No scaling,RBF-SVM,0.72,0.7199502133712661
correlated,0,row5,No scaling,KNN,0.6799999999999999,0.6799431009957326
correlated,0,row5,Z-score,LogReg,0.6366666666666667,0.6364687440940067
correlated,0,row5,Z-score,RBF-SVM,0.7033333333333334,0.7027752112299763
correlated,0,row5,Z-score,KNN,0.6799999999999999,0.6793015901296156
correlated,0,row5,Min-Max,LogReg,0.6399999999999999,0.6399839992888572
correlated,0,row5,Min-Max,RBF-SVM,0.7,0.699666295884316
correlated,0,row5,Min-Max,KNN,0.6866666666666666,0.6859828070019153
correlated,0,row5,RobustScaler,LogReg,0.6333333333333333,0.6331866079765239
correlated,0,row5,RobustScaler,RBF-SVM,0.6966666666666667,0.6960960024935713
correlated,0,row5,RobustScaler,KNN,0.6833333333333333,0.6829070194372434
correlated,0,row5,Winsorized Z-score,LogReg,0.6233333333333333,0.622624706393116
correlated,0,row5,Winsorized Z-score,RBF-SVM,0.6966666666666667,0.6960960024935713
correlated,0,row5,Winsorized Z-score,KNN,0.6766666666666666,0.6760583762843562
correlated,0,row5,Yeo-Johnson,LogReg,0.6133333333333333,0.6129032258064516
correlated,0,row5,Yeo-Johnson,RBF-SVM,0.7033333333333334,0.7029339445254175
correlated,0,row5,Yeo-Johnson,KNN,0.6866666666666666,0.6861645299145299
correlated,0,row5,Quantile-Normal,LogReg,0.7266666666666666,0.7266545179785768
correlated,0,row5,Quantile-Normal,RBF-SVM,0.7066666666666667,0.7061965811965811
correlated,0,row5,Quantile-Normal,KNN,0.69,0.6892230576441103
correlated,0,row5,Core-Norm ablation — residual channel removed,LogReg,0.7233333333333334,0.7232564601278133
correlated,0,row5,Core-Norm ablation — residual channel removed,RBF-SVM,0.7,0.6995192307692308
correlated,0,row5,Core-Norm ablation — residual channel removed,KNN,0.6766666666666666,0.6760583762843562
correlated,0,row5,Core-Norm,LogReg,0.7333333333333334,0.7332859174964438
correlated,0,row5,Core-Norm,RBF-SVM,0.7066666666666667,0.7058299162060973
correlated,0,row5,Core-Norm,KNN,0.6733333333333333,0.672809829059829
correlated,1,row5,No scaling,LogReg,0.7133333333333334,0.7114868491680086
correlated,1,row5,No scaling,RBF-SVM,0.7566666666666667,0.7566423308997566
correlated,1,row5,No scaling,KNN,0.75,0.7498638147435825
correlated,1,row5,Z-score,LogReg,0.71,0.707972027972028
correlated,1,row5,Z-score,RBF-SVM,0.7933333333333333,0.7930021367521367
correlated,1,row5,Z-score,KNN,0.7466666666666667,0.746384872080089
correlated,1,row5,Min-Max,LogReg,0.7,0.6927768422010832
correlated,1,row5,Min-Max,RBF-SVM,0.7966666666666666,0.79639292827023
correlated,1,row5,Min-Max,KNN,0.7533333333333334,0.7531578011030066
correlated,1,row5,RobustScaler,LogReg,0.7133333333333334,0.7114868491680086
correlated,1,row5,RobustScaler,RBF-SVM,0.79,0.7896049248032417
correlated,1,row5,RobustScaler,KNN,0.7433333333333334,0.7429877947017658
correlated,1,row5,Winsorized Z-score,LogReg,0.72,0.7189883580891208
correlated,1,row5,Winsorized Z-score,RBF-SVM,0.7866666666666666,0.7863247863247863
correlated,1,row5,Winsorized Z-score,KNN,0.7433333333333334,0.7429877947017658
correlated,1,row5,Yeo-Johnson,LogReg,0.7333333333333334,0.732751325108013
correlated,1,row5,Yeo-Johnson,RBF-SVM,0.7933333333333333,0.7930021367521367
correlated,1,row5,Yeo-Johnson,KNN,0.7533333333333333,0.7530589543937709
correlated,1,row5,Quantile-Normal,LogReg,0.78,0.7796474358974359
correlated,1,row5,Quantile-Normal,RBF-SVM,0.78,0.7799608819345661
correlated,1,row5,Quantile-Normal,KNN,0.7666666666666666,0.7665732959850606
correlated,1,row5,Core-Norm ablation — residual channel removed,LogReg,0.7866666666666666,0.7863247863247863
correlated,1,row5,Core-Norm ablation — residual channel removed,RBF-SVM,0.7833333333333333,0.7832153061111049
correlated,1,row5,Core-Norm ablation — residual channel removed,KNN,0.7633333333333333,0.7632044112905916
correlated,1,row5,Core-Norm,LogReg,0.7866666666666666,0.7863247863247863
correlated,1,row5,Core-Norm,RBF-SVM,0.78,0.779990221787635
correlated,1,row5,Core-Norm,KNN,0.7533333333333333,0.7530589543937709
lognormal,0,row5,No scaling,LogReg,0.6866666666666668,0.6846484165324745
lognormal,0,row5,No scaling,RBF-SVM,0.73,0.7277951406391774
lognormal,0,row5,No scaling,KNN,0.7333333333333334,0.732751325108013
lognormal,0,row5,Z-score,LogReg,0.68,0.6775782544444942
lognormal,0,row5,Z-score,RBF-SVM,0.7366666666666666,0.7353699795665427
lognormal,0,row5,Z-score,KNN,0.7166666666666667,0.7164114369599306
lognormal,0,row5,Min-Max,LogReg,0.6866666666666668,0.6839131994261118
lognormal,0,row5,Min-Max,RBF-SVM,0.73,0.7281118881118881
lognormal,0,row5,Min-Max,KNN,0.72,0.7198879551820728
lognormal,0,row5,RobustScaler,LogReg,0.6866666666666668,0.6846484165324745
lognormal,0,row5,RobustScaler,RBF-SVM,0.7366666666666666,0.7345162482777161
lognormal,0,row5,RobustScaler,KNN,0.71,0.7097387648883995
lognormal,0,row5,Winsorized Z-score,LogReg,0.67,0.6668872463800626
lognormal,0,row5,Winsorized Z-score,RBF-SVM,0.73,0.7284036168143868
lognormal,0,row5,Winsorized Z-score,KNN,0.7166666666666667,0.7165123233760603
lognormal,0,row5,Yeo-Johnson,LogReg,0.6699999999999999,0.6664383023169622
lognormal,0,row5,Yeo-Johnson,RBF-SVM,0.73,0.7281118881118881
lognormal,0,row5,Yeo-Johnson,KNN,0.7166666666666667,0.7165123233760603
lognormal,0,row5,Quantile-Normal,LogReg,0.8,0.7999199679871949
lognormal,0,row5,Quantile-Normal,RBF-SVM,0.79,0.7896049248032417
lognormal,0,row5,Quantile-Normal,KNN,0.7633333333333333,0.7625709221834558
lognormal,0,row5,Core-Norm ablation — residual channel removed,LogReg,0.8,0.7999199679871949
lognormal,0,row5,Core-Norm ablation — residual channel removed,RBF-SVM,0.79,0.789717286574172
lognormal,0,row5,Core-Norm ablation — residual channel removed,KNN,0.7433333333333334,0.7432620172270075
lognormal,0,row5,Core-Norm,LogReg,0.8033333333333333,0.8033311481238681
lognormal,0,row5,Core-Norm,RBF-SVM,0.7833333333333333,0.7830416448781139
lognormal,0,row5,Core-Norm,KNN,0.74,0.7399537695590328
lognormal,1,row5,No scaling,LogReg,0.71,0.7039171421764926
lognormal,1,row5,No scaling,RBF-SVM,0.7233333333333334,0.7222191233726392
lognormal,1,row5,No scaling,KNN,0.7266666666666667,0.7254464285714286
lognormal,1,row5,Z-score,LogReg,0.71,0.7039171421764926
lognormal,1,row5,Z-score,RBF-SVM,0.7266666666666666,0.7256791114679513
lognormal,1,row5,Z-score,KNN,0.7333333333333334,0.7330367074527253
lognormal,1,row5,Min-Max,LogReg,0.7266666666666666,0.7175141242937852
lognormal,1,row5,Min-Max,RBF-SVM,0.7166666666666666,0.7152714970019763
lognormal,1,row5,Min-Max,KNN,0.7366666666666666,0.7360066833751044
lognormal,1,row5,RobustScaler,LogReg,0.71,0.7039171421764926
lognormal,1,row5,RobustScaler,RBF-SVM,0.73,0.729130206998027
lognormal,1,row5,RobustScaler,KNN,0.7266666666666667,0.7260701082357133
lognormal,1,row5,Winsorized Z-score,LogReg,0.7033333333333334,0.697686794460988
lognormal,1,row5,Winsorized Z-score,RBF-SVM,0.7333333333333334,0.732905982905983
lognormal,1,row5,Winsorized Z-score,KNN,0.7433333333333334,0.7429877947017658
lognormal,1,row5,Yeo-Johnson,LogReg,0.71,0.70448034964164
lognormal,1,row5,Yeo-Johnson,RBF-SVM,0.7266666666666667,0.7258869673738635
lognormal,1,row5,Yeo-Johnson,KNN,0.74,0.7395833333333333
lognormal,1,row5,Quantile-Normal,LogReg,0.7266666666666667,0.7260701082357133
lognormal,1,row5,Quantile-Normal,RBF-SVM,0.7133333333333334,0.7133205920263123
lognormal,1,row5,Quantile-Normal,KNN,0.7,0.7
lognormal,1,row5,Core-Norm ablation — residual channel removed,LogReg,0.7233333333333334,0.7219709911901651
lognormal,1,row5,Core-Norm ablation — residual channel removed,RBF-SVM,0.7133333333333334,0.713218620781646
lognormal,1,row5,Core-Norm ablation — residual channel removed,KNN,0.7033333333333334,0.702377634849684
lognormal,1,row5,Core-Norm,LogReg,0.7133333333333334,0.7122976047102904
lognormal,1,row5,Core-Norm,RBF-SVM,0.7233333333333334,0.7232564601278133
lognormal,1,row5,Core-Norm,KNN,0.7233333333333334,0.7222191233726392
student_t,0,row5,No scaling,LogReg,0.6766666666666666,0.6760583762843562
student_t,0,row5,No scaling,RBF-SVM,0.8,0.7997775305895439
student_t,0,row5,No scaling,KNN,0.74,0.7397107897664071
student_t,0,row5,Z-score,LogReg,0.6766666666666666,0.6760583762843562
student_t,0,row5,Z-score,RBF-SVM,0.8033333333333333,0.8032262009316183
student_t,0,row5,Z-score,KNN,0.75,0.74997499749975
student_t,0,row5,Min-Max,LogReg,0.7266666666666667,0.7262286324786325
student_t,0,row5,Min-Max,RBF-SVM,0.81,0.8099809980998101
student_t,0,row5,Min-Max,KNN,0.7633333333333333,0.7631201414606479
student_t,0,row5,RobustScaler,LogReg,0.6766666666666666,0.6760583762843562
student_t,0,row5,RobustScaler,RBF-SVM,0.81,0.8099472075576549
student_t,0,row5,RobustScaler,KNN,0.76,0.7598292118840064
student_t,0,row5,Winsorized Z-score,LogReg,0.6566666666666667,0.6555606335900837
student_t,0,row5,Winsorized Z-score,RBF-SVM,0.8033333333333333,0.8031561738898343
student_t,0,row5,Winsorized Z-score,KNN,0.7566666666666667,0.7566423308997566
student_t,0,row5,Yeo-Johnson,LogReg,0.6833333333333333,0.6825396825396826
student_t,0,row5,Yeo-Johnson,RBF-SVM,0.8033333333333333,0.8032262009316183
student_t,0,row5,Yeo-Johnson,KNN,0.76,0.7598292118840064
student_t,0,row5,Quantile-Normal,LogReg,0.7966666666666666,0.7965559026581139
student_t,0,row5,Quantile-Normal,RBF-SVM,0.7633333333333333,0.7633096642997633
student_t,0,row5,Quantile-Normal,KNN,0.7633333333333334,0.7632675743262017
student_t,0,row5,Core-Norm ablation — residual channel removed,LogReg,0.7866666666666666,0.7865148550080057
student_t,0,row5,Core-Norm ablation — residual channel removed,RBF-SVM,0.78,0.7799119647859143
student_t,0,row5,Core-Norm ablation — residual channel removed,KNN,0.7666666666666666,0.7661574094695114
student_t,0,row5,Core-Norm,LogReg,0.7666666666666666,0.7662927350427351
student_t,0,row5,Core-Norm,RBF-SVM,0.78,0.78
student_t,0,row5,Core-Norm,KNN,0.7733333333333333,0.7732426303854876
student_t,1,row5,No scaling,LogReg,0.6966666666666667,0.6960960024935713
student_t,1,row5,No scaling,RBF-SVM,0.74,0.7399537695590328
student_t,1,row5,No scaling,KNN,0.71,0.7098420251025559
student_t,1,row5,Z-score,LogReg,0.6966666666666667,0.6960960024935713
student_t,1,row5,Z-score,RBF-SVM,0.74,0.7399884439308414
student_t,1,row5,Z-score,KNN,0.6933333333333334,0.6932106175803654
student_t,1,row5,Min-Max,LogReg,0.6733333333333333,0.67003367003367
student_t,1,row5,Min-Max,RBF-SVM,0.7233333333333334,0.7229608696135916
student_t,1,row5,Min-Max,KNN,0.69,0.6895826611333014
student_t,1,row5,RobustScaler,LogReg,0.6966666666666667,0.6960960024935713
student_t,1,row5,RobustScaler,RBF-SVM,0.7333333333333334,0.7332266239829266
student_t,1,row5,RobustScaler,KNN,0.7166666666666667,0.7166383304997166
student_t,1,row5,Winsorized Z-score,LogReg,0.6966666666666667,0.6962583028293594
student_t,1,row5,Winsorized Z-score,RBF-SVM,0.73,0.72997299729973
student_t,1,row5,Winsorized Z-score,KNN,0.7033333333333334,0.7031717268290514
student_t,1,row5,Yeo-Johnson,LogReg,0.7066666666666667,0.7066145092460883
student_t,1,row5,Yeo-Johnson,RBF-SVM,0.7433333333333334,0.7433304814497939
student_t,1,row5,Yeo-Johnson,KNN,0.7066666666666667,0.7064579256360078
student_t,1,row5,Quantile-Normal,LogReg,0.73,0.7297567811029927
student_t,1,row5,Quantile-Normal,RBF-SVM,0.6766666666666666,0.6764905337350335
student_t,1,row5,Quantile-Normal,KNN,0.64,0.6399359886201992
student_t,1,row5,Core-Norm ablation — residual channel removed,LogReg,0.7233333333333334,0.7228128374391913
student_t,1,row5,Core-Norm ablation — residual channel removed,RBF-SVM,0.6866666666666668,0.6866527401217832
student_t,1,row5,Core-Norm ablation — residual channel removed,KNN,0.6566666666666667,0.6562044526530113
student_t,1,row5,Core-Norm,LogReg,0.7433333333333334,0.7429877947017658
student_t,1,row5,Core-Norm,RBF-SVM,0.6833333333333333,0.6831608320085379
student_t,1,row5,Core-Norm,KNN,0.6633333333333333,0.6628800943490694
laplace,0,row5,No scaling,LogReg,0.6766666666666666,0.6763754045307443
laplace,0,row5,No scaling,RBF-SVM,0.8500000000000001,0.8499583217560434
laplace,0,row5,No scaling,KNN,0.8200000000000001,0.8198719089130049
laplace,0,row5,Z-score,LogReg,0.6766666666666666,0.6763754045307443
laplace,0,row5,Z-score,RBF-SVM,0.8466666666666667,0.8466598515489577
laplace,0,row5,Z-score,KNN,0.8333333333333334,0.8333333333333334
laplace,0,row5,Min-Max,LogReg,0.72,0.7184860807006568
laplace,0,row5,Min-Max,RBF-SVM,0.8433333333333333,0.8433315925732507
laplace,0,row5,Min-Max,KNN,0.84,0.84
laplace,0,row5,RobustScaler,LogReg,0.6766666666666666,0.6763754045307443
laplace,0,row5,RobustScaler,RBF-SVM,0.8500000000000001,0.8499983333148147
laplace,0,row5,RobustScaler,KNN,0.8433333333333333,0.8433315925732507
laplace,0,row5,Winsorized Z-score,LogReg,0.6833333333333333,0.6831608320085379
laplace,0,row5,Winsorized Z-score,RBF-SVM,0.8533333333333333,0.8533268145250901
laplace,0,row5,Winsorized Z-score,KNN,0.8500000000000001,0.8499983333148147
laplace,0,row5,Yeo-Johnson,LogReg,0.69,0.6899138649624896
laplace,0,row5,Yeo-Johnson,RBF-SVM,0.8466666666666667,0.8466394025604552
laplace,0,row5,Yeo-Johnson,KNN,0.8200000000000001,0.8199919996444287
laplace,0,row5,Quantile-Normal,LogReg,0.8266666666666667,0.8266666666666667
laplace,0,row5,Quantile-Normal,RBF-SVM,0.8200000000000001,0.8199679943100995
laplace,0,row5,Quantile-Normal,KNN,0.8066666666666666,0.8063568376068376
laplace,0,row5,Core-Norm ablation — residual channel removed,LogReg,0.8433333333333333,0.8432479905726451
laplace,0,row5,Core-Norm ablation — residual channel removed,RBF-SVM,0.8366666666666667,0.8365776922991406
laplace,0,row5,Core-Norm ablation — residual channel removed,KNN,0.8200000000000001,0.8199679943100995
laplace,0,row5,Core-Norm,LogReg,0.8233333333333334,0.8231741901044274
laplace,0,row5,Core-Norm,RBF-SVM,0.8366666666666667,0.836664851831687
laplace,0,row5,Core-Norm,KNN,0.8300000000000001,0.8299073940256362
laplace,1,row5,No scaling,LogReg,0.74,0.7392583348190409
laplace,1,row5,No scaling,RBF-SVM,0.8233333333333333,0.822890559732665
laplace,1,row5,No scaling,KNN,0.7666666666666666,0.7661574094695114
laplace,1,row5,Z-score,LogReg,0.7333333333333334,0.731891505429197
laplace,1,row5,Z-score,RBF-SVM,0.8200000000000001,0.8193496587715776
laplace,1,row5,Z-score,KNN,0.7766666666666666,0.7763660031820558
laplace,1,row5,Min-Max,LogReg,0.76,0.7552019583843329
laplace,1,row5,Min-Max,RBF-SVM,0.8200000000000001,0.8194865394901052
laplace,1,row5,Min-Max,KNN,0.78,0.7797552836484983
laplace,1,row5,RobustScaler,LogReg,0.74,0.7392583348190409
laplace,1,row5,RobustScaler,RBF-SVM,0.8166666666666667,0.8160760664801417
laplace,1,row5,RobustScaler,KNN,0.8,0.7998576765700054
laplace,1,row5,Winsorized Z-score,LogReg,0.7366666666666666,0.7363121530057077
laplace,1,row5,Winsorized Z-score,RBF-SVM,0.8200000000000001,0.8196071444479087
laplace,1,row5,Winsorized Z-score,KNN,0.7766666666666666,0.7764654856037101
laplace,1,row5,Yeo-Johnson,LogReg,0.75,0.7491946361092843
laplace,1,row5,Yeo-Johnson,RBF-SVM,0.8166666666666667,0.8159283347650018
laplace,1,row5,Yeo-Johnson,KNN,0.7833333333333333,0.7832153061111049
laplace,1,row5,Quantile-Normal,LogReg,0.78,0.779990221787635
laplace,1,row5,Quantile-Normal,RBF-SVM,0.7833333333333333,0.7833116644997833
laplace,1,row5,Quantile-Normal,KNN,0.76,0.7599893328592382
laplace,1,row5,Core-Norm ablation — residual channel removed,LogReg,0.8033333333333333,0.8033311481238681
laplace,1,row5,Core-Norm ablation — residual channel removed,RBF-SVM,0.8066666666666666,0.8065893023876217
laplace,1,row5,Core-Norm ablation — residual channel removed,KNN,0.7666666666666666,0.7666562958353704
laplace,1,row5,Core-Norm,LogReg,0.81,0.8099978888654318
laplace,1,row5,Core-Norm,RBF-SVM,0.8033333333333333,0.8033136646998034
laplace,1,row5,Core-Norm,KNN,0.7933333333333333,0.7933241477398996
bimodal,0,row5,No scaling,LogReg,0.5166666666666666,0.5166612962366248
bimodal,0,row5,No scaling,RBF-SVM,0.52,0.4131710497717887
bimodal,0,row5,No scaling,KNN,0.76,0.7594761925972118
bimodal,0,row5,Z-score,LogReg,0.5133333333333333,0.5133333333333333
bimodal,0,row5,Z-score,RBF-SVM,0.5233333333333333,0.4192578955205696
bimodal,0,row5,Z-score,KNN,0.74,0.738594217793467
bimodal,0,row5,Min-Max,LogReg,0.52,0.52
bimodal,0,row5,Min-Max,RBF-SVM,0.53,0.4312605042016806
bimodal,0,row5,Min-Max,KNN,0.7566666666666666,0.75588277914637
bimodal,0,row5,RobustScaler,LogReg,0.5166666666666666,0.5166612962366248
bimodal,0,row5,RobustScaler,RBF-SVM,0.5166666666666666,0.4070257228151965
bimodal,0,row5,RobustScaler,KNN,0.76,0.7591328783621036
bimodal,0,row5,Winsorized Z-score,LogReg,0.5266666666666666,0.5264772575696945
bimodal,0,row5,Winsorized Z-score,RBF-SVM,0.5966666666666667,0.5473759024426739
bimodal,0,row5,Winsorized Z-score,KNN,0.75,0.7487689679429204
bimodal,0,row5,Yeo-Johnson,LogReg,0.5166666666666666,0.5166183284995166
bimodal,0,row5,Yeo-Johnson,RBF-SVM,0.5533333333333333,0.474811872909699
bimodal,0,row5,Yeo-Johnson,KNN,0.7433333333333334,0.7422996686710026
bimodal,0,row5,Quantile-Normal,LogReg,0.75,0.7499305362600722
bimodal,0,row5,Quantile-Normal,RBF-SVM,0.8133333333333334,0.8133333333333334
bimodal,0,row5,Quantile-Normal,KNN,0.7566666666666666,0.7564474693891169
bimodal,0,row5,Core-Norm ablation — residual channel removed,LogReg,0.7433333333333333,0.7433076640997434
bimodal,0,row5,Core-Norm ablation — residual channel removed,RBF-SVM,0.81,0.8099978888654318
bimodal,0,row5,Core-Norm ablation — residual channel removed,KNN,0.75,0.7493734335839599
bimodal,0,row5,Core-Norm,LogReg,0.73,0.7299969999666662
bimodal,0,row5,Core-Norm,RBF-SVM,0.8,0.7999911107160318
bimodal,0,row5,Core-Norm,KNN,0.75,0.7493734335839599
bimodal,1,row5,No scaling,LogReg,0.79,0.7899976666407404
bimodal,1,row5,No scaling,RBF-SVM,0.7766666666666666,0.7766046123923311
bimodal,1,row5,No scaling,KNN,0.7833333333333333,0.7833309258991767
bimodal,1,row5,Z-score,LogReg,0.79,0.7899976666407404
bimodal,1,row5,Z-score,RBF-SVM,0.7766666666666666,0.7766046123923311
bimodal,1,row5,Z-score,KNN,0.7833333333333333,0.7833309258991767
bimodal,1,row5,Min-Max,LogReg,0.7866666666666666,0.786628733997155
bimodal,1,row5,Min-Max,RBF-SVM,0.7766666666666666,0.7766046123923311
bimodal,1,row5,Min-Max,KNN,0.78,0.78
bimodal,1,row5,RobustScaler,LogReg,0.79,0.7899976666407404
bimodal,1,row5,RobustScaler,RBF-SVM,0.7766666666666666,0.7766046123923311
bimodal,1,row5,RobustScaler,KNN,0.7833333333333333,0.7833309258991767
bimodal,1,row5,Winsorized Z-score,LogReg,0.79,0.7899976666407404
bimodal,1,row5,Winsorized Z-score,RBF-SVM,0.7766666666666666,0.7766046123923311
bimodal,1,row5,Winsorized Z-score,KNN,0.7766666666666666,0.7766641851576128
bimodal,1,row5,Yeo-Johnson,LogReg,0.7866666666666666,0.7866571847637673
bimodal,1,row5,Yeo-Johnson,RBF-SVM,0.7766666666666666,0.7766046123923311
bimodal,1,row5,Yeo-Johnson,KNN,0.7733333333333333,0.7733333333333333
bimodal,1,row5,Quantile-Normal,LogReg,0.8,0.7999911107160318
bimodal,1,row5,Quantile-Normal,RBF-SVM,0.7833333333333333,0.7832153061111049
bimodal,1,row5,Quantile-Normal,KNN,0.7733333333333333,0.7733333333333333
bimodal,1,row5,Core-Norm ablation — residual channel removed,LogReg,0.7866666666666666,0.786628733997155
bimodal,1,row5,Core-Norm ablation — residual channel removed,RBF-SVM,0.7833333333333333,0.7832153061111049
bimodal,1,row5,Core-Norm ablation — residual channel removed,KNN,0.7766666666666666,0.7766641851576128
bimodal,1,row5,Core-Norm,LogReg,0.8,0.7999911107160318
bimodal,1,row5,Core-Norm,RBF-SVM,0.78,0.7799119647859143
bimodal,1,row5,Core-Norm,KNN,0.7766666666666666,0.7766641851576128
zero_inflated,0,row5,No scaling,LogReg,0.5700000000000001,0.5698805223673242
zero_inflated,0,row5,No scaling,RBF-SVM,0.6466666666666667,0.6447562446936861
zero_inflated,0,row5,No scaling,KNN,0.6233333333333333,0.6231281475469979
zero_inflated,0,row5,Z-score,LogReg,0.5733333333333334,0.5731625983726825
zero_inflated,0,row5,Z-score,RBF-SVM,0.6499999999999999,0.6482765551200884
zero_inflated,0,row5,Z-score,KNN,0.6100000000000001,0.6098916365657128
zero_inflated,0,row5,Min-Max,LogReg,0.59,0.5899589958995899
zero_inflated,0,row5,Min-Max,RBF-SVM,0.65,0.64793061438902
zero_inflated,0,row5,Min-Max,KNN,0.62,0.62
zero_inflated,0,row5,RobustScaler,LogReg,0.5700000000000001,0.5698805223673242
zero_inflated,0,row5,RobustScaler,RBF-SVM,0.6466666666666667,0.6447562446936861
zero_inflated,0,row5,RobustScaler,KNN,0.6233333333333333,0.6231281475469979
zero_inflated,0,row5,Winsorized Z-score,LogReg,0.5866666666666667,0.5857645539174201
zero_inflated,0,row5,Winsorized Z-score,RBF-SVM,0.6466666666666667,0.6430976430976432
zero_inflated,0,row5,Winsorized Z-score,KNN,0.6233333333333333,0.6233291481016456
zero_inflated,0,row5,Yeo-Johnson,LogReg,0.5666666666666667,0.5659722222222223
zero_inflated,0,row5,Yeo-Johnson,RBF-SVM,0.6533333333333333,0.6511003757380569
zero_inflated,0,row5,Yeo-Johnson,KNN,0.6133333333333333,0.6133161473843283
zero_inflated,0,row5,Quantile-Normal,LogReg,0.6599999999999999,0.6581616694222261
zero_inflated,0,row5,Quantile-Normal,RBF-SVM,0.6133333333333333,0.6094276094276094
zero_inflated,0,row5,Quantile-Normal,KNN,0.5633333333333334,0.5629399793147166
zero_inflated,0,row5,Core-Norm ablation — residual channel removed,LogReg,0.6433333333333333,0.6404207413381725
zero_inflated,0,row5,Core-Norm ablation — residual channel removed,RBF-SVM,0.64,0.6383928571428572
zero_inflated,0,row5,Core-Norm ablation — residual channel removed,KNN,0.6166666666666667,0.6166624073600818
zero_inflated,0,row5,Core-Norm,LogReg,0.6433333333333333,0.6412245308535727
zero_inflated,0,row5,Core-Norm,RBF-SVM,0.6533333333333333,0.6520808243008163
zero_inflated,0,row5,Core-Norm,KNN,0.6133333333333333,0.6133333333333333
zero_inflated,1,row5,No scaling,LogReg,0.7533333333333334,0.7511657101865137
zero_inflated,1,row5,No scaling,RBF-SVM,0.8066666666666666,0.8062447107033095
zero_inflated,1,row5,No scaling,KNN,0.71,0.7097387648883995
zero_inflated,1,row5,Z-score,LogReg,0.75,0.7476418533182292
zero_inflated,1,row5,Z-score,RBF-SVM,0.8033333333333333,0.8028404344193818
zero_inflated,1,row5,Z-score,KNN,0.72,0.719551282051282
zero_inflated,1,row5,Min-Max,LogReg,0.7166666666666666,0.7060552616108171
zero_inflated,1,row5,Min-Max,RBF-SVM,0.81,0.8095238095238095
zero_inflated,1,row5,Min-Max,KNN,0.7066666666666667,0.7064579256360078
zero_inflated,1,row5,RobustScaler,LogReg,0.7533333333333334,0.7511657101865137
zero_inflated,1,row5,RobustScaler,RBF-SVM,0.8066666666666666,0.8062447107033095
zero_inflated,1,row5,RobustScaler,KNN,0.71,0.7097387648883995
zero_inflated,1,row5,Winsorized Z-score,LogReg,0.7033333333333334,0.700910710085022
zero_inflated,1,row5,Winsorized Z-score,RBF-SVM,0.8033333333333333,0.8028404344193818
zero_inflated,1,row5,Winsorized Z-score,KNN,0.7133333333333334,0.7130144605116796
zero_inflated,1,row5,Yeo-Johnson,LogReg,0.7533333333333333,0.7514665711342976
zero_inflated,1,row5,Yeo-Johnson,RBF-SVM,0.8033333333333333,0.8026997804059703
zero_inflated,1,row5,Yeo-Johnson,KNN,0.7266666666666667,0.7263626251390434
zero_inflated,1,row5,Quantile-Normal,LogReg,0.8,0.7999644381223329
zero_inflated,1,row5,Quantile-Normal,RBF-SVM,0.77,0.7699360933592665
zero_inflated,1,row5,Quantile-Normal,KNN,0.7333333333333334,0.7331435687600072
zero_inflated,1,row5,Core-Norm ablation — residual channel removed,LogReg,0.7966666666666666,0.7961570593149541
zero_inflated,1,row5,Core-Norm ablation — residual channel removed,RBF-SVM,0.7866666666666666,0.7866666666666666
zero_inflated,1,row5,Core-Norm ablation — residual channel removed,KNN,0.7166666666666667,0.7164114369599306
zero_inflated,1,row5,Core-Norm,LogReg,0.8033333333333332,0.8032786885245902
zero_inflated,1,row5,Core-Norm,RBF-SVM,0.7866666666666666,0.7866571847637673
zero_inflated,1,row5,Core-Norm,KNN,0.72,0.7196885428253614
bounded_beta,0,row5,No scaling,LogReg,0.7166666666666666,0.7165879410947485
bounded_beta,0,row5,No scaling,RBF-SVM,0.7966666666666666,0.7960116373688846
bounded_beta,0,row5,No scaling,KNN,0.7833333333333334,0.783273131425396
bounded_beta,0,row5,Z-score,LogReg,0.7166666666666666,0.7165879410947485
bounded_beta,0,row5,Z-score,RBF-SVM,0.8,0.7995634938310098
bounded_beta,0,row5,Z-score,KNN,0.77,0.7699769976997699
bounded_beta,0,row5,Min-Max,LogReg,0.7233333333333334,0.7229608696135916
bounded_beta,0,row5,Min-Max,RBF-SVM,0.7933333333333333,0.7925866452562559
bounded_beta,0,row5,Min-Max,KNN,0.7733333333333333,0.7733333333333333
bounded_beta,0,row5,RobustScaler,LogReg,0.7166666666666666,0.7165879410947485
bounded_beta,0,row5,RobustScaler,RBF-SVM,0.8033333333333333,0.8030685699662881
bounded_beta,0,row5,RobustScaler,KNN,0.7733333333333333,0.7732930298719772
bounded_beta,0,row5,Winsorized Z-score,LogReg,0.7133333333333334,0.7131293364170077
bounded_beta,0,row5,Winsorized Z-score,RBF-SVM,0.8033333333333333,0.8030685699662881
bounded_beta,0,row5,Winsorized Z-score,KNN,0.77,0.7699769976997699
bounded_beta,0,row5,Yeo-Johnson,LogReg,0.7166666666666667,0.7162852279175336
bounded_beta,0,row5,Yeo-Johnson,RBF-SVM,0.8,0.7996794871794872
bounded_beta,0,row5,Yeo-Johnson,KNN,0.78,0.7799608819345661
bounded_beta,0,row5,Quantile-Normal,LogReg,0.8200000000000001,0.8199279711884754
bounded_beta,0,row5,Quantile-Normal,RBF-SVM,0.8266666666666667,0.8265973055889022
bounded_beta,0,row5,Quantile-Normal,KNN,0.8233333333333334,0.8233156648998233
bounded_beta,0,row5,Core-Norm ablation — residual channel removed,LogReg,0.8300000000000001,0.8299981110901232
bounded_beta,0,row5,Core-Norm ablation — residual channel removed,RBF-SVM,0.8133333333333332,0.8133250366682965
bounded_beta,0,row5,Core-Norm ablation — residual channel removed,KNN,0.8166666666666667,0.8166157265907197
bounded_beta,0,row5,Core-Norm,LogReg,0.8300000000000001,0.8299527646568491
bounded_beta,0,row5,Core-Norm,RBF-SVM,0.7966666666666666,0.7966463312997967
bounded_beta,0,row5,Core-Norm,KNN,0.8133333333333334,0.8132586367880486
bounded_beta,1,row5,No scaling,LogReg,0.7466666666666667,0.7437511238985794
bounded_beta,1,row5,No scaling,RBF-SVM,0.7833333333333333,0.7827903091060986
bounded_beta,1,row5,No scaling,KNN,0.7566666666666666,0.7560568086883876
bounded_beta,1,row5,Z-score,LogReg,0.7466666666666667,0.7437511238985794
bounded_beta,1,row5,Z-score,RBF-SVM,0.7866666666666666,0.7857142857142858
bounded_beta,1,row5,Z-score,KNN,0.76,0.7593153859868069
bounded_beta,1,row5,Min-Max,LogReg,0.7233333333333334,0.7150997150997151
bounded_beta,1,row5,Min-Max,RBF-SVM,0.7866666666666666,0.7857142857142858
bounded_beta,1,row5,Min-Max,KNN,0.75,0.7497747973175859
bounded_beta,1,row5,RobustScaler,LogReg,0.7466666666666667,0.7437511238985794
bounded_beta,1,row5,RobustScaler,RBF-SVM,0.7966666666666666,0.7958477894666385
bounded_beta,1,row5,RobustScaler,KNN,0.7533333333333333,0.7530589543937709
bounded_beta,1,row5,Winsorized Z-score,LogReg,0.7466666666666666,0.7441077441077442
bounded_beta,1,row5,Winsorized Z-score,RBF-SVM,0.7933333333333333,0.7930021367521367
bounded_beta,1,row5,Winsorized Z-score,KNN,0.7733333333333334,0.7725143851197644
bounded_beta,1,row5,Yeo-Johnson,LogReg,0.7466666666666667,0.7447494514352246
bounded_beta,1,row5,Yeo-Johnson,RBF-SVM,0.7933333333333333,0.7927438045997504
bounded_beta,1,row5,Yeo-Johnson,KNN,0.7633333333333334,0.7627401837928154
bounded_beta,1,row5,Quantile-Normal,LogReg,0.7766666666666666,0.7766443310997766
bounded_beta,1,row5,Quantile-Normal,RBF-SVM,0.8033333333333333,0.8033136646998034
bounded_beta,1,row5,Quantile-Normal,KNN,0.77,0.7699974444160491
bounded_beta,1,row5,Core-Norm ablation — residual channel removed,LogReg,0.7966666666666666,0.7966101694915255
bounded_beta,1,row5,Core-Norm ablation — residual channel removed,RBF-SVM,0.7933333333333333,0.7933333333333333
bounded_beta,1,row5,Core-Norm ablation — residual channel removed,KNN,0.7533333333333333,0.753234627184207
bounded_beta,1,row5,Core-Norm,LogReg,0.8066666666666666,0.8065893023876217
bounded_beta,1,row5,Core-Norm,RBF-SVM,0.8,0.7999199679871949
bounded_beta,1,row5,Core-Norm,KNN,0.75,0.7498638147435825
mixed,0,row5,No scaling,LogReg,0.6399999999999999,0.6399839992888572
mixed,0,row5,No scaling,RBF-SVM,0.81,0.8098964992051227
mixed,0,row5,No scaling,KNN,0.74,0.7399884439308414
mixed,0,row5,Z-score,LogReg,0.6333333333333333,0.633317036312725
mixed,0,row5,Z-score,RBF-SVM,0.7733333333333334,0.7733232588115027
mixed,0,row5,Z-score,KNN,0.7,0.6999466571834994
mixed,0,row5,Min-Max,LogReg,0.5966666666666667,0.5966263292995966
mixed,0,row5,Min-Max,RBF-SVM,0.6966666666666667,0.6965014285555469
mixed,0,row5,Min-Max,KNN,0.6533333333333333,0.6533179252411219
mixed,0,row5,RobustScaler,LogReg,0.6399999999999999,0.6399839992888572
mixed,0,row5,RobustScaler,RBF-SVM,0.7166666666666667,0.7166383304997166
mixed,0,row5,RobustScaler,KNN,0.67,0.6693791675479511
mixed,0,row5,Winsorized Z-score,LogReg,0.6466666666666667,0.6466509622649895
mixed,0,row5,Winsorized Z-score,RBF-SVM,0.7966666666666666,0.7966644073823043
mixed,0,row5,Winsorized Z-score,KNN,0.7133333333333334,0.7133205920263123
mixed,0,row5,Yeo-Johnson,LogReg,0.6366666666666667,0.6366626295847732
mixed,0,row5,Yeo-Johnson,RBF-SVM,0.7833333333333333,0.7833309258991767
mixed,0,row5,Yeo-Johnson,KNN,0.7166666666666667,0.7166383304997166
mixed,0,row5,Quantile-Normal,LogReg,0.8366666666666667,0.8365776922991406
mixed,0,row5,Quantile-Normal,RBF-SVM,0.8233333333333334,0.8231741901044274
mixed,0,row5,Quantile-Normal,KNN,0.79,0.7899416504584607
mixed,0,row5,Core-Norm ablation — residual channel removed,LogReg,0.8466666666666667,0.8465575520370041
mixed,0,row5,Core-Norm ablation — residual channel removed,RBF-SVM,0.8166666666666667,0.8166483314998166
mixed,0,row5,Core-Norm ablation — residual channel removed,KNN,0.79,0.7899976666407404
mixed,0,row5,Core-Norm,LogReg,0.8233333333333334,0.8233156648998233
mixed,0,row5,Core-Norm,RBF-SVM,0.82,0.82
mixed,0,row5,Core-Norm,KNN,0.7833333333333334,0.783273131425396
mixed,1,row5,No scaling,LogReg,0.6966666666666667,0.6929513783446368
mixed,1,row5,No scaling,RBF-SVM,0.7733333333333334,0.7733232588115027
mixed,1,row5,No scaling,KNN,0.74,0.7399884439308414
mixed,1,row5,Z-score,LogReg,0.6966666666666667,0.6929513783446368
mixed,1,row5,Z-score,RBF-SVM,0.75,0.7496634363978237
mixed,1,row5,Z-score,KNN,0.7133333333333334,0.7104377104377104
mixed,1,row5,Min-Max,LogReg,0.6699999999999999,0.6649027992463133
mixed,1,row5,Min-Max,RBF-SVM,0.7366666666666666,0.7360066833751044
mixed,1,row5,Min-Max,KNN,0.7066666666666667,0.7044467332407863
mixed,1,row5,RobustScaler,LogReg,0.6966666666666667,0.6929513783446368
mixed,1,row5,RobustScaler,RBF-SVM,0.7533333333333334,0.7529380341880342
mixed,1,row5,RobustScaler,KNN,0.72,0.7175394548063128
mixed,1,row5,Winsorized Z-score,LogReg,0.71,0.7064480210547626
mixed,1,row5,Winsorized Z-score,RBF-SVM,0.7533333333333333,0.7530589543937709
mixed,1,row5,Winsorized Z-score,KNN,0.7266666666666667,0.7245980923380055
mixed,1,row5,Yeo-Johnson,LogReg,0.6933333333333334,0.689803992087754
mixed,1,row5,Yeo-Johnson,RBF-SVM,0.75,0.7496634363978237
mixed,1,row5,Yeo-Johnson,KNN,0.7233333333333334,0.7207236510055071
mixed,1,row5,Quantile-Normal,LogReg,0.76,0.7599039615846338
mixed,1,row5,Quantile-Normal,RBF-SVM,0.7766666666666666,0.7765450078376005
mixed,1,row5,Quantile-Normal,KNN,0.7633333333333334,0.7632675743262017
mixed,1,row5,Core-Norm ablation — residual channel removed,LogReg,0.7566666666666666,0.7563390780938818
mixed,1,row5,Core-Norm ablation — residual channel removed,RBF-SVM,0.7766666666666666,0.7766443310997766
mixed,1,row5,Core-Norm ablation — residual channel removed,KNN,0.76,0.7591328783621036
mixed,1,row5,Core-Norm,LogReg,0.7566666666666666,0.7564474693891169
mixed,1,row5,Core-Norm,RBF-SVM,0.7633333333333334,0.7633307036744853
mixed,1,row5,Core-Norm,KNN,0.7366666666666666,0.7353699795665427
heteroscedastic,0,row5,No scaling,LogReg,0.6633333333333333,0.6616755434964661
heteroscedastic,0,row5,No scaling,RBF-SVM,0.6966666666666668,0.6965823839955543
heteroscedastic,0,row5,No scaling,KNN,0.6833333333333333,0.6833016634996834
heteroscedastic,0,row5,Z-score,LogReg,0.6666666666666667,0.6645195920558239
heteroscedastic,0,row5,Z-score,RBF-SVM,0.7933333333333333,0.7933241477398996
heteroscedastic,0,row5,Z-score,KNN,0.7666666666666666,0.7664071190211346
heteroscedastic,0,row5,Min-Max,LogReg,0.69,0.6881671156017033
heteroscedastic,0,row5,Min-Max,RBF-SVM,0.7833333333333333,0.7833116644997833
heteroscedastic,0,row5,Min-Max,KNN,0.77,0.7698747095640961
heteroscedastic,0,row5,RobustScaler,LogReg,0.6666666666666667,0.6645195920558239
heteroscedastic,0,row5,RobustScaler,RBF-SVM,0.7966666666666666,0.7966463312997967
heteroscedastic,0,row5,RobustScaler,KNN,0.7866666666666666,0.7865148550080057
heteroscedastic,0,row5,Winsorized Z-score,LogReg,0.6466666666666667,0.6430976430976432
heteroscedastic,0,row5,Winsorized Z-score,RBF-SVM,0.7933333333333333,0.793296586059744
heteroscedastic,0,row5,Winsorized Z-score,KNN,0.7733333333333333,0.7730812013348165
heteroscedastic,0,row5,Yeo-Johnson,LogReg,0.6599999999999999,0.6570121951219512
heteroscedastic,0,row5,Yeo-Johnson,RBF-SVM,0.79,0.78997899789979
heteroscedastic,0,row5,Yeo-Johnson,KNN,0.7633333333333334,0.7630147197899397
heteroscedastic,0,row5,Quantile-Normal,LogReg,0.8,0.7999199679871949
heteroscedastic,0,row5,Quantile-Normal,RBF-SVM,0.7933333333333333,0.79288227695871
heteroscedastic,0,row5,Quantile-Normal,KNN,0.7666666666666666,0.7660010697093956
heteroscedastic,0,row5,Core-Norm ablation — residual channel removed,LogReg,0.7966666666666666,0.7966463312997967
heteroscedastic,0,row5,Core-Norm ablation — residual channel removed,RBF-SVM,0.7933333333333333,0.7930021367521367
heteroscedastic,0,row5,Core-Norm ablation — residual channel removed,KNN,0.77,0.7694235588972431
heteroscedastic,0,row5,Core-Norm,LogReg,0.77,0.7699974444160491
heteroscedastic,0,row5,Core-Norm,RBF-SVM,0.7833333333333333,0.7826353512947131
heteroscedastic,0,row5,Core-Norm,KNN,0.7666666666666666,0.7661574094695114
heteroscedastic,1,row5,No scaling,LogReg,0.7366666666666666,0.7338245038690911
heteroscedastic,1,row5,No scaling,RBF-SVM,0.7166666666666667,0.7166635184835387
heteroscedastic,1,row5,No scaling,KNN,0.7133333333333334,0.7130144605116796
heteroscedastic,1,row5,Z-score,LogReg,0.7366666666666667,0.7334413064750144
heteroscedastic,1,row5,Z-score,RBF-SVM,0.8066666666666666,0.8065290873510051
heteroscedastic,1,row5,Z-score,KNN,0.75,0.7499305362600722
heteroscedastic,1,row5,Min-Max,LogReg,0.7333333333333334,0.7229789002262339
heteroscedastic,1,row5,Min-Max,RBF-SVM,0.8033333333333333,0.8029633422760517
heteroscedastic,1,row5,Min-Max,KNN,0.74,0.739814979541007
heteroscedastic,1,row5,RobustScaler,LogReg,0.7366666666666666,0.7338245038690911
heteroscedastic,1,row5,RobustScaler,RBF-SVM,0.8133333333333334,0.8129259275756091
heteroscedastic,1,row5,RobustScaler,KNN,0.7466666666666667,0.7465652927837803
heteroscedastic,1,row5,Winsorized Z-score,LogReg,0.7266666666666667,0.7235209494695198
heteroscedastic,1,row5,Winsorized Z-score,RBF-SVM,0.81,0.8098964992051227
heteroscedastic,1,row5,Winsorized Z-score,KNN,0.75,0.7498638147435825
heteroscedastic,1,row5,Yeo-Johnson,LogReg,0.7433333333333334,0.7415384615384615
heteroscedastic,1,row5,Yeo-Johnson,RBF-SVM,0.81,0.8099472075576549
heteroscedastic,1,row5,Yeo-Johnson,KNN,0.7566666666666666,0.7565341130170871
heteroscedastic,1,row5,Quantile-Normal,LogReg,0.8133333333333332,0.813200498132005
heteroscedastic,1,row5,Quantile-Normal,RBF-SVM,0.8133333333333334,0.8133333333333334
heteroscedastic,1,row5,Quantile-Normal,KNN,0.7633333333333334,0.7632675743262017
heteroscedastic,1,row5,Core-Norm ablation — residual channel removed,LogReg,0.8233333333333333,0.8230954950544621
heteroscedastic,1,row5,Core-Norm ablation — residual channel removed,RBF-SVM,0.8266666666666667,0.8263888888888888
heteroscedastic,1,row5,Core-Norm ablation — residual channel removed,KNN,0.7466666666666667,0.7465652927837803
heteroscedastic,1,row5,Core-Norm,LogReg,0.8300000000000001,0.82977113675052
heteroscedastic,1,row5,Core-Norm,RBF-SVM,0.8133333333333334,0.8133001422475107
heteroscedastic,1,row5,Core-Norm,KNN,0.75,0.7499305362600722
breast,0,row5,No scaling,LogReg,0.8095064252336448,0.8188559322033898
breast,0,row5,No scaling,RBF-SVM,0.7954147196261683,0.8083626386366272
breast,0,row5,No scaling,KNN,0.8735397196261683,0.8793852322084865
breast,0,row5,Z-score,LogReg,0.9031834112149532,0.9108047690014904
breast,0,row5,Z-score,RBF-SVM,0.9063230140186916,0.911438295353655
breast,0,row5,Z-score,KNN,0.915668808411215,0.9235469448584204
breast,0,row5,Min-Max,LogReg,0.5343896028037383,0.4611344537815126
breast,0,row5,Min-Max,RBF-SVM,0.8985105140186915,0.9047778149014368
breast,0,row5,Min-Max,KNN,0.9031834112149532,0.9108047690014904
breast,0,row5,RobustScaler,LogReg,0.9110689252336448,0.907203067906371
breast,0,row5,RobustScaler,RBF-SVM,0.9063230140186916,0.911438295353655
breast,0,row5,RobustScaler,KNN,0.9109959112149532,0.9174741062479116
breast,0,row5,Winsorized Z-score,LogReg,0.9031834112149532,0.9108047690014904
breast,0,row5,Winsorized Z-score,RBF-SVM,0.9063230140186916,0.911438295353655
breast,0,row5,Winsorized Z-score,KNN,0.9109959112149532,0.9174741062479116
breast,0,row5,Yeo-Johnson,LogReg,0.9063230140186916,0.911438295353655
breast,0,row5,Yeo-Johnson,RBF-SVM,0.9063230140186916,0.911438295353655
breast,0,row5,Yeo-Johnson,KNN,0.9188084112149532,0.92408996744599
breast,0,row5,Quantile-Normal,LogReg,0.9079293224299064,0.9066491975106452
breast,0,row5,Quantile-Normal,RBF-SVM,0.9235543224299064,0.9195759921855216
breast,0,row5,Quantile-Normal,KNN,0.923481308411215,0.9301703975943868
breast,0,row5,Core-Norm ablation — residual channel removed,LogReg,0.9235543224299064,0.9195759921855216
breast,0,row5,Core-Norm ablation — residual channel removed,RBF-SVM,0.9282272196261684,0.9255442670537012
breast,0,row5,Core-Norm ablation — residual channel removed,KNN,0.907856308411215,0.9168692270296548
breast,0,row5,Core-Norm,LogReg,0.9204147196261684,0.9190959711758926
breast,0,row5,Core-Norm,RBF-SVM,0.9235543224299064,0.9195759921855216
breast,0,row5,Core-Norm,KNN,0.9125292056074766,0.922972972972973
breast,1,row5,No scaling,LogReg,0.8360835280373832,0.8412963581690611
breast,1,row5,No scaling,RBF-SVM,0.860981308411215,0.875541084083509
breast,1,row5,No scaling,KNN,0.8860251168224299,0.8920815235549615
breast,1,row5,Z-score,LogReg,0.8969042056074766,0.9094279661016949
breast,1,row5,Z-score,RBF-SVM,0.90625,0.9217271895025938
breast,1,row5,Z-score,KNN,0.9203417056074766,0.9296585767174002
breast,1,row5,Min-Max,LogReg,0.53125,0.4493344783168742
breast,1,row5,Min-Max,RBF-SVM,0.90625,0.9217271895025938
breast,1,row5,Min-Max,KNN,0.9203417056074766,0.9296585767174002
breast,1,row5,RobustScaler,LogReg,0.939106308411215,0.94326267281106
breast,1,row5,RobustScaler,RBF-SVM,0.90625,0.9217271895025938
breast,1,row5,RobustScaler,KNN,0.9203417056074766,0.9296585767174002
breast,1,row5,Winsorized Z-score,LogReg,0.9203417056074766,0.9296585767174002
breast,1,row5,Winsorized Z-score,RBF-SVM,0.90625,0.9217271895025938
breast,1,row5,Winsorized Z-score,KNN,0.9250146028037384,0.9358108108108107
breast,1,row5,Yeo-Johnson,LogReg,0.8860251168224299,0.8920815235549615
breast,1,row5,Yeo-Johnson,RBF-SVM,0.90625,0.9217271895025938
breast,1,row5,Yeo-Johnson,KNN,0.9344334112149532,0.937169312169312
breast,1,row5,Quantile-Normal,LogReg,0.9594042056074766,0.9623015873015872
breast,1,row5,Quantile-Normal,RBF-SVM,0.9562646028037384,0.962044983722995
breast,1,row5,Quantile-Normal,KNN,0.9515917056074766,0.9558709677419356
breast,1,row5,Core-Norm ablation — residual channel removed,LogReg,0.9484521028037384,0.9555629802873372
breast,1,row5,Core-Norm ablation — residual channel removed,RBF-SVM,0.9484521028037384,0.9555629802873372
breast,1,row5,Core-Norm ablation — residual channel removed,KNN,0.9375,0.9486486486486488
breast,1,row5,Core-Norm,LogReg,0.9562646028037384,0.962044983722995
breast,1,row5,Core-Norm,RBF-SVM,0.9484521028037384,0.9555629802873372
breast,1,row5,Core-Norm,KNN,0.9375,0.9486486486486488
wine,0,row5,No scaling,LogReg,0.8682539682539683,0.8712019959012741
wine,0,row5,No scaling,RBF-SVM,0.5608465608465608,0.4814814814814814
wine,0,row5,No scaling,KNN,0.5841269841269842,0.5874766573295985
wine,0,row5,Z-score,LogReg,0.9656084656084656,0.9625987120086256
wine,0,row5,Z-score,RBF-SVM,0.8693121693121691,0.8763603570555148
wine,0,row5,Z-score,KNN,0.9497354497354498,0.9439814814814814
wine,0,row5,Min-Max,LogReg,0.374074074074074,0.2685352078827205
wine,0,row5,Min-Max,RBF-SVM,0.3333333333333333,0.1866666666666666
wine,0,row5,Min-Max,KNN,0.9656084656084656,0.9625987120086256
wine,0,row5,RobustScaler,LogReg,0.9814814814814816,0.9797235023041476
wine,0,row5,RobustScaler,RBF-SVM,0.8026455026455026,0.819551282051282
wine,0,row5,RobustScaler,KNN,0.9433862433862432,0.94673141465443
wine,0,row5,Winsorized Z-score,LogReg,0.9656084656084656,0.9625987120086256
wine,0,row5,Winsorized Z-score,RBF-SVM,0.9433862433862432,0.94673141465443
wine,0,row5,Winsorized Z-score,KNN,0.9433862433862432,0.94673141465443
wine,0,row5,Yeo-Johnson,LogReg,0.947089947089947,0.9481727574750832
wine,0,row5,Yeo-Johnson,RBF-SVM,0.9433862433862432,0.94673141465443
wine,0,row5,Yeo-Johnson,KNN,0.917989417989418,0.9114245497946688
wine,0,row5,Quantile-Normal,LogReg,0.9814814814814816,0.9827242524916944
wine,0,row5,Quantile-Normal,RBF-SVM,0.9592592592592591,0.9638304224511122
wine,0,row5,Quantile-Normal,KNN,0.9275132275132276,0.929732688353378
wine,0,row5,Core-Norm ablation — residual channel removed,LogReg,0.977777777777778,0.9807538091419408
wine,0,row5,Core-Norm ablation — residual channel removed,RBF-SVM,0.9592592592592591,0.9638304224511122
wine,0,row5,Core-Norm ablation — residual channel removed,KNN,0.9275132275132276,0.9275132275132276
wine,0,row5,Core-Norm,LogReg,0.9592592592592591,0.9638304224511122
wine,0,row5,Core-Norm,RBF-SVM,0.9592592592592591,0.9638304224511122
wine,0,row5,Core-Norm,KNN,0.9275132275132276,0.9275132275132276
wine,1,row5,No scaling,LogReg,0.8957671957671959,0.8957707043913942
wine,1,row5,No scaling,RBF-SVM,0.5978835978835978,0.5185185185185185
wine,1,row5,No scaling,KNN,0.7153439153439153,0.7011221748063853
wine,1,row5,Z-score,LogReg,0.9052910052910054,0.9082390329383112
wine,1,row5,Z-score,RBF-SVM,0.6968253968253969,0.7033248081841433
wine,1,row5,Z-score,KNN,0.9841269841269842,0.982860909690178
wine,1,row5,Min-Max,LogReg,0.3015873015873015,0.1735159817351598
wine,1,row5,Min-Max,RBF-SVM,0.3015873015873015,0.1735159817351598
wine,1,row5,Min-Max,KNN,0.9206349206349206,0.91430454845089
wine,1,row5,RobustScaler,LogReg,0.9497354497354498,0.948582729070534
wine,1,row5,RobustScaler,RBF-SVM,0.6746031746031745,0.6764020293432057
wine,1,row5,RobustScaler,KNN,0.9841269841269842,0.982860909690178
wine,1,row5,Winsorized Z-score,LogReg,0.8830687830687832,0.8884078884078884
wine,1,row5,Winsorized Z-score,RBF-SVM,0.9338624338624338,0.9273148148148148
wine,1,row5,Winsorized Z-score,KNN,0.9365079365079364,0.9315789473684212
wine,1,row5,Yeo-Johnson,LogReg,0.8132275132275132,0.8141186299081036
wine,1,row5,Yeo-Johnson,RBF-SVM,0.7497354497354497,0.7416868695938463
wine,1,row5,Yeo-Johnson,KNN,0.8386243386243386,0.8176353874883286
wine,1,row5,Quantile-Normal,LogReg,0.9656084656084656,0.9656084656084656
wine,1,row5,Quantile-Normal,RBF-SVM,0.9814814814814816,0.9827242524916944
wine,1,row5,Quantile-Normal,KNN,0.9365079365079364,0.9315789473684212
wine,1,row5,Core-Norm ablation — residual channel removed,LogReg,0.9497354497354498,0.948582729070534
wine,1,row5,Core-Norm ablation — residual channel removed,RBF-SVM,0.9656084656084656,0.9656084656084656
wine,1,row5,Core-Norm ablation — residual channel removed,KNN,0.9523809523809524,0.9487179487179488
wine,1,row5,Core-Norm,LogReg,0.9497354497354498,0.948582729070534
wine,1,row5,Core-Norm,RBF-SVM,0.9656084656084656,0.9656084656084656
wine,1,row5,Core-Norm,KNN,0.9523809523809524,0.9487179487179488
iris,0,row5,No scaling,LogReg,0.7111111111111111,0.7081930415263749
iris,0,row5,No scaling,RBF-SVM,0.8444444444444444,0.8370904490828589
iris,0,row5,No scaling,KNN,1.0,1.0
iris,0,row5,Z-score,LogReg,0.7999999999999999,0.7997775305895439
iris,0,row5,Z-score,RBF-SVM,0.7333333333333334,0.7294771968854282
iris,0,row5,Z-score,KNN,0.8888888888888888,0.8877665544332212
iris,0,row5,Min-Max,LogReg,0.6444444444444445,0.526730721852673
iris,0,row5,Min-Max,RBF-SVM,0.7333333333333334,0.7294771968854282
iris,0,row5,Min-Max,KNN,0.8888888888888888,0.8877665544332212
iris,0,row5,RobustScaler,LogReg,0.7111111111111111,0.7081930415263749
iris,0,row5,RobustScaler,RBF-SVM,0.7333333333333333,0.7281105990783411
iris,0,row5,RobustScaler,KNN,0.9111111111111112,0.9107142857142856
iris,0,row5,Winsorized Z-score,LogReg,0.7333333333333334,0.7333333333333334
iris,0,row5,Winsorized Z-score,RBF-SVM,0.7555555555555555,0.7530864197530863
iris,0,row5,Winsorized Z-score,KNN,0.8444444444444444,0.8428731762065095
iris,0,row5,Yeo-Johnson,LogReg,0.7777777777777778,0.7767857142857143
iris,0,row5,Yeo-Johnson,RBF-SVM,0.7333333333333334,0.724290046870692
iris,0,row5,Yeo-Johnson,KNN,0.8444444444444444,0.8442714126807563
iris,0,row5,Quantile-Normal,LogReg,0.9555555555555556,0.9555555555555556
iris,0,row5,Quantile-Normal,RBF-SVM,0.977777777777778,0.9777530589543938
iris,0,row5,Quantile-Normal,KNN,1.0,1.0
iris,0,row5,Core-Norm ablation — residual channel removed,LogReg,0.977777777777778,0.9777530589543938
iris,0,row5,Core-Norm ablation — residual channel removed,RBF-SVM,1.0,1.0
iris,0,row5,Core-Norm ablation — residual channel removed,KNN,0.9555555555555556,0.9553571428571428
iris,0,row5,Core-Norm,LogReg,0.977777777777778,0.9777530589543938
iris,0,row5,Core-Norm,RBF-SVM,1.0,1.0
iris,0,row5,Core-Norm,KNN,0.9555555555555556,0.9553571428571428
iris,1,row5,No scaling,LogReg,0.4222222222222222,0.4089492207139266
iris,1,row5,No scaling,RBF-SVM,0.6666666666666666,0.5896032831737347
iris,1,row5,No scaling,KNN,0.9333333333333332,0.932542330985045
iris,1,row5,Z-score,LogReg,0.4666666666666667,0.4021229544449358
iris,1,row5,Z-score,RBF-SVM,0.7777777777777778,0.7737556561085973
iris,1,row5,Z-score,KNN,0.8666666666666667,0.8618191843998296
iris,1,row5,Min-Max,LogReg,0.6,0.513826043237808
iris,1,row5,Min-Max,RBF-SVM,0.6666666666666666,0.5896032831737347
iris,1,row5,Min-Max,KNN,0.8444444444444444,0.8370904490828589
iris,1,row5,RobustScaler,LogReg,0.4666666666666666,0.4411978598514363
iris,1,row5,RobustScaler,RBF-SVM,0.7999999999999999,0.7884841363102234
iris,1,row5,RobustScaler,KNN,0.9333333333333332,0.9313769414575866
iris,1,row5,Winsorized Z-score,LogReg,0.5333333333333333,0.5246913580246914
iris,1,row5,Winsorized Z-score,RBF-SVM,0.7999999999999999,0.7884841363102234
iris,1,row5,Winsorized Z-score,KNN,0.8888888888888888,0.8858522500995619
iris,1,row5,Yeo-Johnson,LogReg,0.5111111111111111,0.4985754985754986
iris,1,row5,Yeo-Johnson,RBF-SVM,0.7555555555555555,0.7530864197530863
iris,1,row5,Yeo-Johnson,KNN,0.8666666666666667,0.8618191843998296
iris,1,row5,Quantile-Normal,LogReg,0.8444444444444444,0.8442714126807563
iris,1,row5,Quantile-Normal,RBF-SVM,0.9111111111111112,0.9111111111111112
iris,1,row5,Quantile-Normal,KNN,0.9555555555555556,0.9546850998463904
iris,1,row5,Core-Norm ablation — residual channel removed,LogReg,0.888888888888889,0.8873316030156965
iris,1,row5,Core-Norm ablation — residual channel removed,RBF-SVM,0.9555555555555556,0.9555555555555556
iris,1,row5,Core-Norm ablation — residual channel removed,KNN,0.9111111111111112,0.9093701996927804
iris,1,row5,Core-Norm,LogReg,0.888888888888889,0.8873316030156965
iris,1,row5,Core-Norm,RBF-SVM,0.9555555555555556,0.9555555555555556
iris,1,row5,Core-Norm,KNN,0.9111111111111112,0.9093701996927804
digits,0,row5,No scaling,LogReg,0.8961617383315497,0.8963936664913617
digits,0,row5,No scaling,RBF-SVM,0.8225760019156245,0.8303423807862773
digits,0,row5,No scaling,KNN,0.9256269027967144,0.926018258508582
digits,0,row5,Z-score,LogReg,0.8532041264116735,0.8554556612186399
digits,0,row5,Z-score,RBF-SVM,0.748730067975351,0.7480765566118874
digits,0,row5,Z-score,KNN,0.843767476408986,0.8437482453777134
digits,0,row5,Min-Max,LogReg,0.6846014328089799,0.6517952440265715
digits,0,row5,Min-Max,RBF-SVM,0.7318510699642775,0.7302216367486765
digits,0,row5,Min-Max,KNN,0.841949294590804,0.8421483902716547
digits,0,row5,RobustScaler,LogReg,0.8924218234595592,0.8930533311417141
digits,0,row5,RobustScaler,RBF-SVM,0.6795770721242419,0.6717965252203892
digits,0,row5,RobustScaler,KNN,0.8254497075251793,0.8255810098440802
digits,0,row5,Winsorized Z-score,LogReg,0.8475786896541614,0.8482605017840766
digits,0,row5,Winsorized Z-score,RBF-SVM,0.7919325573099157,0.7932208456839629
digits,0,row5,Winsorized Z-score,KNN,0.8493592431328281,0.8493660775915666
digits,0,row5,Yeo-Johnson,LogReg,0.8550909188645038,0.8574125353353285
digits,0,row5,Yeo-Johnson,RBF-SVM,0.7579569277682485,0.7579388311709119
digits,0,row5,Yeo-Johnson,KNN,0.8493243025318498,0.8493325340352886
digits,0,row5,Quantile-Normal,LogReg,0.9071718393416508,0.906927718915479
digits,0,row5,Quantile-Normal,RBF-SVM,0.9352072735091604,0.9397428921734212
digits,0,row5,Quantile-Normal,KNN,0.910840602444376,0.9109634225155618
digits,0,row5,Core-Norm ablation — residual channel removed,LogReg,0.9090923018281508,0.9090597881619608
digits,0,row5,Core-Norm ablation — residual channel removed,RBF-SVM,0.9426146809165676,0.9474828075087064
digits,0,row5,Core-Norm ablation — residual channel removed,KNN,0.9273738595436708,0.9273839413547228
digits,0,row5,Core-Norm,LogReg,0.9201399578758068,0.9201648634196214
digits,0,row5,Core-Norm,RBF-SVM,0.940762829064716,0.9458895614235152
digits,0,row5,Core-Norm,KNN,0.9237374959073072,0.9237601254298444
digits,1,row5,No scaling,LogReg,0.8902474429832921,0.8905197855135862
digits,1,row5,No scaling,RBF-SVM,0.8102488357205339,0.8146682177310017
digits,1,row5,No scaling,KNN,0.9385535079874704,0.938707649502054
digits,1,row5,Z-score,LogReg,0.8866796899815768,0.8882346495664253
digits,1,row5,Z-score,RBF-SVM,0.7735874712289806,0.7751079662648233
digits,1,row5,Z-score,KNN,0.8898305503022484,0.8890948562330347
digits,1,row5,Min-Max,LogReg,0.670040389380012,0.6309363910814678
digits,1,row5,Min-Max,RBF-SVM,0.7679606906022001,0.7697768776320241
digits,1,row5,Min-Max,KNN,0.886195457233193,0.8854425089581127
digits,1,row5,RobustScaler,LogReg,0.910907869209756,0.911172001202324
digits,1,row5,RobustScaler,RBF-SVM,0.6850922382997854,0.6831831910940217
digits,1,row5,RobustScaler,KNN,0.8735031251068988,0.8735606490776495
digits,1,row5,Winsorized Z-score,LogReg,0.8997151485830731,0.8995972115499262
digits,1,row5,Winsorized Z-score,RBF-SVM,0.8104548142283992,0.8130252647338395
digits,1,row5,Winsorized Z-score,KNN,0.889934101537875,0.8892554925298946
digits,1,row5,Yeo-Johnson,LogReg,0.8939860872879739,0.8951718289632031
digits,1,row5,Yeo-Johnson,RBF-SVM,0.7810661037076132,0.7831795843929724
digits,1,row5,Yeo-Johnson,KNN,0.8879450284167266,0.8880516553061757
digits,1,row5,Quantile-Normal,LogReg,0.914403053270978,0.9146095053000012
digits,1,row5,Quantile-Normal,RBF-SVM,0.9330342369021616,0.9373767984776498
digits,1,row5,Quantile-Normal,KNN,0.9310709905049528,0.9308658070594396
digits,1,row5,Core-Norm ablation — residual channel removed,LogReg,0.9238397032736656,0.9239844745433932
digits,1,row5,Core-Norm ablation — residual channel removed,RBF-SVM,0.9329630118309364,0.9373327911486214
digits,1,row5,Core-Norm ablation — residual channel removed,KNN,0.9367353261692886,0.9366219594109412
digits,1,row5,Core-Norm,LogReg,0.9237684782024406,0.9239900102165182
digits,1,row5,Core-Norm,RBF-SVM,0.9348860887540132,0.9393489419271952
digits,1,row5,Core-Norm,KNN,0.9367353261692886,0.9366828731431808
