dataset,seed,condition,method,model,r2,rmse
gaussian,0,clean,No scaling,Ridge,0.7978855209331831,0.4836294741765398
gaussian,0,clean,No scaling,RBF-SVR,0.6703755296494947,0.6176234396388617
gaussian,0,clean,No scaling,KNN,0.6237488422338215,0.6598617731326764
gaussian,0,clean,Z-score,Ridge,0.7978803756543202,0.4836356300756265
gaussian,0,clean,Z-score,RBF-SVR,0.6693684989973714,0.6185661660986064
gaussian,0,clean,Z-score,KNN,0.6173022272779716,0.665490736483424
gaussian,0,clean,Min-Max,Ridge,0.796835105845075,0.4848845880062902
gaussian,0,clean,Min-Max,RBF-SVR,0.6673061937555518,0.6204923122458517
gaussian,0,clean,Min-Max,KNN,0.6190359359540831,0.6639816125458902
gaussian,0,clean,RobustScaler,Ridge,0.7978859076350394,0.4836290115167004
gaussian,0,clean,RobustScaler,RBF-SVR,0.6683158281965154,0.6195500848718359
gaussian,0,clean,RobustScaler,KNN,0.6289743219228316,0.6552635810653801
gaussian,0,clean,Winsorized Z-score,Ridge,0.7963201007757971,0.4854987688391897
gaussian,0,clean,Winsorized Z-score,RBF-SVR,0.6692670829235137,0.6186610266033912
gaussian,0,clean,Winsorized Z-score,KNN,0.6232570973302246,0.6602928385325055
gaussian,0,clean,Yeo-Johnson,Ridge,0.797122409433678,0.484541619384028
gaussian,0,clean,Yeo-Johnson,RBF-SVR,0.668346505784132,0.6195214330049056
gaussian,0,clean,Yeo-Johnson,KNN,0.6253294568617935,0.6584742892110372
gaussian,0,clean,Quantile-Normal,Ridge,0.7874484422292719,0.4959594769646392
gaussian,0,clean,Quantile-Normal,RBF-SVR,0.6687292289937106,0.6191638705506346
gaussian,0,clean,Quantile-Normal,KNN,0.6259690152190188,0.6579120451099891
gaussian,0,clean,Core-Norm ablation — residual channel removed,Ridge,0.7878181220162616,0.4955279911024952
gaussian,0,clean,Core-Norm ablation — residual channel removed,RBF-SVR,0.6666846563482847,0.6210716425820613
gaussian,0,clean,Core-Norm ablation — residual channel removed,KNN,0.6184453770247669,0.6644960553262182
gaussian,0,clean,Core-Norm,Ridge,0.7888093953085722,0.494369129859588
gaussian,0,clean,Core-Norm,RBF-SVR,0.6694690264712344,0.6184721223954901
gaussian,0,clean,Core-Norm,KNN,0.6146789421755144,0.667767716617112
gaussian,1,clean,No scaling,Ridge,0.7958497640895283,0.5199613534440664
gaussian,1,clean,No scaling,RBF-SVR,0.7254555118947538,0.6029794162383553
gaussian,1,clean,No scaling,KNN,0.5809778990735321,0.7449284954639944
gaussian,1,clean,Z-score,Ridge,0.7958526638240636,0.5199576606850527
gaussian,1,clean,Z-score,RBF-SVR,0.7256299081940502,0.6027878733588977
gaussian,1,clean,Z-score,KNN,0.5898012476697001,0.7370437876979067
gaussian,1,clean,Min-Max,Ridge,0.7910334257467835,0.5260590956281334
gaussian,1,clean,Min-Max,RBF-SVR,0.7227500690867884,0.6059431018753396
gaussian,1,clean,Min-Max,KNN,0.5470927531408036,0.7744631483941192
gaussian,1,clean,RobustScaler,Ridge,0.7958480482558028,0.5199635385146534
gaussian,1,clean,RobustScaler,RBF-SVR,0.7278168191440344,0.6003807583358634
gaussian,1,clean,RobustScaler,KNN,0.6027351743238067,0.7253309000486501
gaussian,1,clean,Winsorized Z-score,Ridge,0.797810470721451,0.5174584139922176
gaussian,1,clean,Winsorized Z-score,RBF-SVR,0.7223479969819082,0.6063823166870154
gaussian,1,clean,Winsorized Z-score,KNN,0.5943618429198825,0.7329351043021202
gaussian,1,clean,Yeo-Johnson,Ridge,0.7947708222517327,0.5213335506663052
gaussian,1,clean,Yeo-Johnson,RBF-SVR,0.7248895131300616,0.6036006450421634
gaussian,1,clean,Yeo-Johnson,KNN,0.5899623149336006,0.7368990709218356
gaussian,1,clean,Quantile-Normal,Ridge,0.7933255787102277,0.5231659707240067
gaussian,1,clean,Quantile-Normal,RBF-SVR,0.7219020538021352,0.606869083510046
gaussian,1,clean,Quantile-Normal,KNN,0.5865972398399146,0.7399166641342284
gaussian,1,clean,Core-Norm ablation — residual channel removed,Ridge,0.7967573178226497,0.5188043170918039
gaussian,1,clean,Core-Norm ablation — residual channel removed,RBF-SVR,0.7159908094235361,0.6132849673569551
gaussian,1,clean,Core-Norm ablation — residual channel removed,KNN,0.5939730154809928,0.7332863003293347
gaussian,1,clean,Core-Norm,Ridge,0.7980443266217511,0.517159076744831
gaussian,1,clean,Core-Norm,RBF-SVR,0.7215478047072942,0.6072554840700214
gaussian,1,clean,Core-Norm,KNN,0.5870754901095181,0.7394885492534489
correlated,0,clean,No scaling,Ridge,0.7979808295792277,0.4835154311206704
correlated,0,clean,No scaling,RBF-SVR,0.6540738721874819,0.6327115026614787
correlated,0,clean,No scaling,KNN,0.4160591341380792,0.8220504699665803
correlated,0,clean,Z-score,Ridge,0.795554647371951,0.4864101945290978
correlated,0,clean,Z-score,RBF-SVR,0.6409884244177284,0.6445673057073299
correlated,0,clean,Z-score,KNN,0.4051537595308477,0.8296910546911029
correlated,0,clean,Min-Max,Ridge,0.5992467808949895,0.681008538281314
correlated,0,clean,Min-Max,RBF-SVR,0.6438188284129553,0.6420214324599351
correlated,0,clean,Min-Max,KNN,0.4057962241420104,0.8292428790854252
correlated,0,clean,RobustScaler,Ridge,0.7893885874479787,0.4936907585301711
correlated,0,clean,RobustScaler,RBF-SVR,0.6398736378750917,0.645567270701933
correlated,0,clean,RobustScaler,KNN,0.4010877632833368,0.8325218496813633
correlated,0,clean,Winsorized Z-score,Ridge,0.7376256078440764,0.5510293985164305
correlated,0,clean,Winsorized Z-score,RBF-SVR,0.6263580229432355,0.6575698282113314
correlated,0,clean,Winsorized Z-score,KNN,0.4048427770299457,0.8299079054229617
correlated,0,clean,Yeo-Johnson,Ridge,0.7667124302313233,0.5195888785182506
correlated,0,clean,Yeo-Johnson,RBF-SVR,0.6408262552014785,0.6447128681074833
correlated,0,clean,Yeo-Johnson,KNN,0.396478214545786,0.8357194754157519
correlated,0,clean,Quantile-Normal,Ridge,0.6506921961225176,0.635796585694767
correlated,0,clean,Quantile-Normal,RBF-SVR,0.6125784677231998,0.6695853212856414
correlated,0,clean,Quantile-Normal,KNN,0.4029390222654888,0.8312341765564835
correlated,0,clean,Core-Norm ablation — residual channel removed,Ridge,0.6522804035580121,0.6343495420479855
correlated,0,clean,Core-Norm ablation — residual channel removed,RBF-SVR,0.5997304922290718,0.6805974236685236
correlated,0,clean,Core-Norm ablation — residual channel removed,KNN,0.4002464915642567,0.83310635210787
correlated,0,clean,Core-Norm,Ridge,0.714072096707853,0.5752310453985129
correlated,0,clean,Core-Norm,RBF-SVR,0.6195657702843809,0.6635197282241319
correlated,0,clean,Core-Norm,KNN,0.3996189174466952,0.8335421138631233
correlated,1,clean,No scaling,Ridge,0.7583988419667593,0.5199471132368977
correlated,1,clean,No scaling,RBF-SVR,0.6739874328564717,0.6039859502838278
correlated,1,clean,No scaling,KNN,0.573524388792084,0.6908070572933042
correlated,1,clean,Z-score,Ridge,0.7582492113993883,0.5201080974390747
correlated,1,clean,Z-score,RBF-SVR,0.6707017228589378,0.6070219490047868
correlated,1,clean,Z-score,KNN,0.5684206953238023,0.6949282567022083
correlated,1,clean,Min-Max,Ridge,0.7522906768776335,0.5264787441369538
correlated,1,clean,Min-Max,RBF-SVR,0.6747859160768794,0.6032458433709014
correlated,1,clean,Min-Max,KNN,0.5771545797270623,0.6878606743739706
correlated,1,clean,RobustScaler,Ridge,0.7581222429785326,0.5202446608722379
correlated,1,clean,RobustScaler,RBF-SVR,0.6713001526990955,0.6064701313058888
correlated,1,clean,RobustScaler,KNN,0.5704986251233117,0.6932532986588097
correlated,1,clean,Winsorized Z-score,Ridge,0.7564455046890338,0.5220447594278457
correlated,1,clean,Winsorized Z-score,RBF-SVR,0.6691947455658505,0.6084093296482451
correlated,1,clean,Winsorized Z-score,KNN,0.5742626613483068,0.69020886974517
correlated,1,clean,Yeo-Johnson,Ridge,0.7574597512173141,0.5209566364754694
correlated,1,clean,Yeo-Johnson,RBF-SVR,0.6699534217711982,0.6077112593606891
correlated,1,clean,Yeo-Johnson,KNN,0.5726402391858165,0.6915227612407304
correlated,1,clean,Quantile-Normal,Ridge,0.7467547862443593,0.5323291991197693
correlated,1,clean,Quantile-Normal,RBF-SVR,0.6762951934332775,0.601844421763389
correlated,1,clean,Quantile-Normal,KNN,0.5644478538163256,0.6981194607760549
correlated,1,clean,Core-Norm ablation — residual channel removed,Ridge,0.743722455026309,0.5355067421015562
correlated,1,clean,Core-Norm ablation — residual channel removed,RBF-SVR,0.6672791959466957,0.610168304112034
correlated,1,clean,Core-Norm ablation — residual channel removed,KNN,0.5618530448136139,0.7001959017879738
correlated,1,clean,Core-Norm,Ridge,0.7563909576304919,0.5221032153635639
correlated,1,clean,Core-Norm,RBF-SVR,0.6678659536325459,0.609630046628919
correlated,1,clean,Core-Norm,KNN,0.5596836237949132,0.7019272205018012
lognormal,0,clean,No scaling,Ridge,0.5329607810541968,0.735174987587477
lognormal,0,clean,No scaling,RBF-SVR,0.6417769074629258,0.6438590976924623
lognormal,0,clean,No scaling,KNN,0.5221046116120438,0.7436703507875397
lognormal,0,clean,Z-score,Ridge,0.5328878209529503,0.7352324092607421
lognormal,0,clean,Z-score,RBF-SVR,0.6373122797755117,0.6478589652377358
lognormal,0,clean,Z-score,KNN,0.5012829713565894,0.7596982848715439
lognormal,0,clean,Min-Max,Ridge,0.508127298322955,0.7544672757317423
lognormal,0,clean,Min-Max,RBF-SVR,0.6288674407522397,0.6553579549856963
lognormal,0,clean,Min-Max,KNN,0.4826243039483254,0.7737792139168135
lognormal,0,clean,RobustScaler,Ridge,0.5329325400908675,0.7351972145602578
lognormal,0,clean,RobustScaler,RBF-SVR,0.6370010183353279,0.6481369044354433
lognormal,0,clean,RobustScaler,KNN,0.5199216193581598,0.7453669322491314
lognormal,0,clean,Winsorized Z-score,Ridge,0.6166279652354629,0.666076731105286
lognormal,0,clean,Winsorized Z-score,RBF-SVR,0.6490879579979112,0.6372548994079134
lognormal,0,clean,Winsorized Z-score,KNN,0.5165753830162132,0.7479600950361819
lognormal,0,clean,Yeo-Johnson,Ridge,0.7904233635193694,0.4924764643657112
lognormal,0,clean,Yeo-Johnson,RBF-SVR,0.6639624080589721,0.623602688910973
lognormal,0,clean,Yeo-Johnson,KNN,0.6384789979713431,0.6468160877662851
lognormal,0,clean,Quantile-Normal,Ridge,0.7874676569175655,0.4959370590575735
lognormal,0,clean,Quantile-Normal,RBF-SVR,0.6686043631069387,0.6192805502708927
lognormal,0,clean,Quantile-Normal,KNN,0.6258702461273014,0.6579989056756681
lognormal,0,clean,Core-Norm ablation — residual channel removed,Ridge,0.7665259173147251,0.519796542122354
lognormal,0,clean,Core-Norm ablation — residual channel removed,RBF-SVR,0.6669305972976494,0.6208424675091492
lognormal,0,clean,Core-Norm ablation — residual channel removed,KNN,0.6353840641922059,0.6495788412290818
lognormal,0,clean,Core-Norm,Ridge,0.7614333935805812,0.5254348490290136
lognormal,0,clean,Core-Norm,RBF-SVR,0.6663821414474904,0.6213534190121015
lognormal,0,clean,Core-Norm,KNN,0.6250209035076024,0.658745370887101
lognormal,1,clean,No scaling,Ridge,0.735090813991716,0.5324198433803504
lognormal,1,clean,No scaling,RBF-SVR,0.632043994957653,0.6274854670579744
lognormal,1,clean,No scaling,KNN,0.5964981574637607,0.6570954884035157
lognormal,1,clean,Z-score,Ridge,0.7349747833094005,0.532536431022148
lognormal,1,clean,Z-score,RBF-SVR,0.636275419609317,0.6238670519491462
lognormal,1,clean,Z-score,KNN,0.5838000746413587,0.6673546997000888
lognormal,1,clean,Min-Max,Ridge,0.6768017365810208,0.5880851778469045
lognormal,1,clean,Min-Max,RBF-SVR,0.6477699475112169,0.6139301018807808
lognormal,1,clean,Min-Max,KNN,0.539924010181491,0.7016499665095666
lognormal,1,clean,RobustScaler,Ridge,0.735083666620513,0.532427025797552
lognormal,1,clean,RobustScaler,RBF-SVR,0.6308073129842815,0.6285390563785127
lognormal,1,clean,RobustScaler,KNN,0.6101517770447763,0.6458824793039294
lognormal,1,clean,Winsorized Z-score,Ridge,0.7097156122328212,0.5573365998219302
lognormal,1,clean,Winsorized Z-score,RBF-SVR,0.6232525628492478,0.6349373536771422
lognormal,1,clean,Winsorized Z-score,KNN,0.5932554254109837,0.6597305701989515
lognormal,1,clean,Yeo-Johnson,Ridge,0.5192760671545624,0.7172219895174435
lognormal,1,clean,Yeo-Johnson,RBF-SVR,0.5589417001444685,0.6869952333763758
lognormal,1,clean,Yeo-Johnson,KNN,0.4250420008851184,0.7843750746357775
lognormal,1,clean,Quantile-Normal,Ridge,0.527084124181249,0.7113734806009838
lognormal,1,clean,Quantile-Normal,RBF-SVR,0.6070547021540916,0.648442949188845
lognormal,1,clean,Quantile-Normal,KNN,0.4102580123108694,0.7943954515263615
lognormal,1,clean,Core-Norm ablation — residual channel removed,Ridge,0.5172790124894775,0.7187102106491271
lognormal,1,clean,Core-Norm ablation — residual channel removed,RBF-SVR,0.4335657108190113,0.778539213503994
lognormal,1,clean,Core-Norm ablation — residual channel removed,KNN,0.4358107524852234,0.7769948258008923
lognormal,1,clean,Core-Norm,Ridge,0.6706764188277933,0.5936317747579348
lognormal,1,clean,Core-Norm,RBF-SVR,0.5517224816154318,0.6925947636889813
lognormal,1,clean,Core-Norm,KNN,0.487195041432948,0.74076735007921
student_t,0,clean,No scaling,Ridge,0.4257177007888028,0.7258125020062721
student_t,0,clean,No scaling,RBF-SVR,0.5439692890200261,0.6467832656015955
student_t,0,clean,No scaling,KNN,0.5019378993439183,0.6759327315195729
student_t,0,clean,Z-score,Ridge,0.4260862986500322,0.7255795365479625
student_t,0,clean,Z-score,RBF-SVR,0.5403494878090458,0.6493451536433148
student_t,0,clean,Z-score,KNN,0.4701586614421558,0.6971635119026649
student_t,0,clean,Min-Max,Ridge,0.4176385395872839,0.7309001358106253
student_t,0,clean,Min-Max,RBF-SVR,0.5292897016868376,0.6571107609964992
student_t,0,clean,Min-Max,KNN,0.4065868338905957,0.737802832608467
student_t,0,clean,RobustScaler,Ridge,0.4258778989339618,0.7257112609210106
student_t,0,clean,RobustScaler,RBF-SVR,0.5457749372581293,0.6455015302215302
student_t,0,clean,RobustScaler,KNN,0.5177566956316996,0.665112075201423
student_t,0,clean,Winsorized Z-score,Ridge,0.6882045744927768,0.534806403858526
student_t,0,clean,Winsorized Z-score,RBF-SVR,0.5854829164124673,0.6166417795790933
student_t,0,clean,Winsorized Z-score,KNN,0.5114155583774296,0.6694706561004293
student_t,0,clean,Yeo-Johnson,Ridge,0.4574998410344546,0.705442570933769
student_t,0,clean,Yeo-Johnson,RBF-SVR,0.5608752487596872,0.6346812782506103
student_t,0,clean,Yeo-Johnson,KNN,0.4761304236199528,0.6932235661736112
student_t,0,clean,Quantile-Normal,Ridge,0.7305026218807651,0.4972090232650976
student_t,0,clean,Quantile-Normal,RBF-SVR,0.6138618543692624,0.5951591058920634
student_t,0,clean,Quantile-Normal,KNN,0.5623374745457101,0.6336236958834226
student_t,0,clean,Core-Norm ablation — residual channel removed,Ridge,0.6930474329465235,0.5306367986986288
student_t,0,clean,Core-Norm ablation — residual channel removed,RBF-SVR,0.5855603771932714,0.6165841609822864
student_t,0,clean,Core-Norm ablation — residual channel removed,KNN,0.537041224734609,0.6516777444304597
student_t,0,clean,Core-Norm,Ridge,0.7040761681255032,0.5210167677698254
student_t,0,clean,Core-Norm,RBF-SVR,0.6176545834645077,0.5922290049240378
student_t,0,clean,Core-Norm,KNN,0.5354485646036892,0.6527977254183666
student_t,1,clean,No scaling,Ridge,-0.4545485624401366,1.090154352181658
student_t,1,clean,No scaling,RBF-SVR,0.4622453325021547,0.662851089596794
student_t,1,clean,No scaling,KNN,0.3683429521271685,0.7183970716004837
student_t,1,clean,Z-score,Ridge,-0.4512920768790833,1.0889333337752134
student_t,1,clean,Z-score,RBF-SVR,0.4142827682748503,0.6917798068954997
student_t,1,clean,Z-score,KNN,0.3940972233826614,0.7035992236325637
student_t,1,clean,Min-Max,Ridge,0.0054864846643423,0.901424224584545
student_t,1,clean,Min-Max,RBF-SVR,0.5081928509119151,0.6339007987085303
student_t,1,clean,Min-Max,KNN,0.3605068297862128,0.7228394312430628
student_t,1,clean,RobustScaler,Ridge,-0.4526456150036486,1.0894410087316255
student_t,1,clean,RobustScaler,RBF-SVR,0.4624038898197244,0.6627533613524822
student_t,1,clean,RobustScaler,KNN,0.3782983737980905,0.7127133305721219
student_t,1,clean,Winsorized Z-score,Ridge,0.508143554820218,0.6339325673082179
student_t,1,clean,Winsorized Z-score,RBF-SVR,0.4156638207860393,0.6909637577649331
student_t,1,clean,Winsorized Z-score,KNN,0.369770701738532,0.7175847072029113
student_t,1,clean,Yeo-Johnson,Ridge,0.25781900974507,0.7787154537440205
student_t,1,clean,Yeo-Johnson,RBF-SVR,0.4230235723841845,0.6865986029706335
student_t,1,clean,Yeo-Johnson,KNN,0.3823284253290216,0.7103995668618436
student_t,1,clean,Quantile-Normal,Ridge,0.4550620659479965,0.6672635484634467
student_t,1,clean,Quantile-Normal,RBF-SVR,0.404605181847482,0.6974714025021742
student_t,1,clean,Quantile-Normal,KNN,0.3455755504040877,0.731229389884653
student_t,1,clean,Core-Norm ablation — residual channel removed,Ridge,0.3683752418432593,0.7183787094734259
student_t,1,clean,Core-Norm ablation — residual channel removed,RBF-SVR,0.2769523067533189,0.7686123398927457
student_t,1,clean,Core-Norm ablation — residual channel removed,KNN,0.3193264062439035,0.745750119485116
student_t,1,clean,Core-Norm,Ridge,0.5125339701317779,0.6310969167107159
student_t,1,clean,Core-Norm,RBF-SVR,0.3861682065032371,0.7081880101370838
student_t,1,clean,Core-Norm,KNN,0.3314417059298435,0.7390835237115719
laplace,0,clean,No scaling,Ridge,0.8061843484263908,0.4788620063523319
laplace,0,clean,No scaling,RBF-SVR,0.7073322776069737,0.5884416057696704
laplace,0,clean,No scaling,KNN,0.5725457986026948,0.7111492446237014
laplace,0,clean,Z-score,Ridge,0.8061818591627111,0.4788650814651076
laplace,0,clean,Z-score,RBF-SVR,0.7053705402408491,0.5904104595857154
laplace,0,clean,Z-score,KNN,0.5694837911027326,0.7136918077639387
laplace,0,clean,Min-Max,Ridge,0.7981240103912093,0.4887179521738943
laplace,0,clean,Min-Max,RBF-SVR,0.7165081327473393,0.5791435984901454
laplace,0,clean,Min-Max,KNN,0.5651410911782311,0.7172823492301312
laplace,0,clean,RobustScaler,Ridge,0.8061682169794522,0.4788819339904153
laplace,0,clean,RobustScaler,RBF-SVR,0.704374218335071,0.5914078860060471
laplace,0,clean,RobustScaler,KNN,0.5609841167559753,0.7207025762614869
laplace,0,clean,Winsorized Z-score,Ridge,0.7969188342549742,0.4901745760556898
laplace,0,clean,Winsorized Z-score,RBF-SVR,0.6934059393278713,0.602279147173296
laplace,0,clean,Winsorized Z-score,KNN,0.5754189029390384,0.7087552444285585
laplace,0,clean,Yeo-Johnson,Ridge,0.8063397586518051,0.4786699811570574
laplace,0,clean,Yeo-Johnson,RBF-SVR,0.7032806985210756,0.5925006853054453
laplace,0,clean,Yeo-Johnson,KNN,0.5659179532075895,0.7166413614281374
laplace,0,clean,Quantile-Normal,Ridge,0.7809999183434736,0.5090238089871473
laplace,0,clean,Quantile-Normal,RBF-SVR,0.6964114615274918,0.5993198245911459
laplace,0,clean,Quantile-Normal,KNN,0.5636201206051341,0.7185356443140641
laplace,0,clean,Core-Norm ablation — residual channel removed,Ridge,0.7280470976032112,0.5672347216896532
laplace,0,clean,Core-Norm ablation — residual channel removed,RBF-SVR,0.6219581578986574,0.6687840291097717
laplace,0,clean,Core-Norm ablation — residual channel removed,KNN,0.5470983056796286,0.7320115451687509
laplace,0,clean,Core-Norm,Ridge,0.7826763091829532,0.5070718413956878
laplace,0,clean,Core-Norm,RBF-SVR,0.6812321609378211,0.6141199518710148
laplace,0,clean,Core-Norm,KNN,0.5528529249783667,0.7273461680391309
laplace,1,clean,No scaling,Ridge,0.8072949600459034,0.5204944439930802
laplace,1,clean,No scaling,RBF-SVR,0.6609468215822094,0.6904042742141214
laplace,1,clean,No scaling,KNN,0.5326454743190697,0.8105742211749449
laplace,1,clean,Z-score,Ridge,0.8072736613334732,0.5205232070062001
laplace,1,clean,Z-score,RBF-SVR,0.6611614910384054,0.6901856769758019
laplace,1,clean,Z-score,KNN,0.5443889909253585,0.8003255212619637
laplace,1,clean,Min-Max,Ridge,0.7894651568109425,0.5440409019961976
laplace,1,clean,Min-Max,RBF-SVR,0.714084217450901,0.6339990774519868
laplace,1,clean,Min-Max,KNN,0.5255846785127626,0.8166743481717268
laplace,1,clean,RobustScaler,Ridge,0.807273586610387,0.5205233079137798
laplace,1,clean,RobustScaler,RBF-SVR,0.667580003618647,0.6836174368267397
laplace,1,clean,RobustScaler,KNN,0.5490949010468285,0.7961815962100013
laplace,1,clean,Winsorized Z-score,Ridge,0.7797037953970188,0.5565101232998059
laplace,1,clean,Winsorized Z-score,RBF-SVR,0.6897466500324698,0.6604315333191375
laplace,1,clean,Winsorized Z-score,KNN,0.5373921256850098,0.8064474478209727
laplace,1,clean,Yeo-Johnson,Ridge,0.8021645139601364,0.5273775745534117
laplace,1,clean,Yeo-Johnson,RBF-SVR,0.6653296934949955,0.6859274009856443
laplace,1,clean,Yeo-Johnson,KNN,0.5471510236293009,0.7978959425116232
laplace,1,clean,Quantile-Normal,Ridge,0.7708717643643858,0.5675561928964761
laplace,1,clean,Quantile-Normal,RBF-SVR,0.6957728063388656,0.6539861892085932
laplace,1,clean,Quantile-Normal,KNN,0.5396585183476011,0.804469562483921
laplace,1,clean,Core-Norm ablation — residual channel removed,Ridge,0.7164726896912936,0.6313453852268737
laplace,1,clean,Core-Norm ablation — residual channel removed,RBF-SVR,0.6331701188826844,0.7181280886525306
laplace,1,clean,Core-Norm ablation — residual channel removed,KNN,0.5228320276953959,0.8190401738248357
laplace,1,clean,Core-Norm,Ridge,0.7678153927502955,0.5713290063437702
laplace,1,clean,Core-Norm,RBF-SVR,0.6896400490326595,0.660544983528993
laplace,1,clean,Core-Norm,KNN,0.5365314711921304,0.8071972730373966
bimodal,0,clean,No scaling,Ridge,0.6763058674905917,0.6120423313986711
bimodal,0,clean,No scaling,RBF-SVR,0.7773163789068488,0.5076427459385581
bimodal,0,clean,No scaling,KNN,0.6153947000320645,0.6671472182738329
bimodal,0,clean,Z-score,Ridge,0.6761918105886053,0.6121501515549832
bimodal,0,clean,Z-score,RBF-SVR,0.7771895341066427,0.5077873068076434
bimodal,0,clean,Z-score,KNN,0.615026589176299,0.6674664096612164
bimodal,0,clean,Min-Max,Ridge,0.6641601612243635,0.6234191714163687
bimodal,0,clean,Min-Max,RBF-SVR,0.7774834215604077,0.5074523100650844
bimodal,0,clean,Min-Max,KNN,0.6121116862216753,0.6699885719170606
bimodal,0,clean,RobustScaler,Ridge,0.6756182795887227,0.6126920337179631
bimodal,0,clean,RobustScaler,RBF-SVR,0.7781573812332048,0.5066832398390688
bimodal,0,clean,RobustScaler,KNN,0.6171285099957452,0.6656417618276516
bimodal,0,clean,Winsorized Z-score,Ridge,0.6768485629191761,0.6115290506840211
bimodal,0,clean,Winsorized Z-score,RBF-SVR,0.7727364284268596,0.5128365394951903
bimodal,0,clean,Winsorized Z-score,KNN,0.6137880811246067,0.6685392093628284
bimodal,0,clean,Yeo-Johnson,Ridge,0.6738862033300133,0.6143256283183115
bimodal,0,clean,Yeo-Johnson,RBF-SVR,0.7783742463367161,0.5064355219273368
bimodal,0,clean,Yeo-Johnson,KNN,0.6122570560022493,0.6698630135858666
bimodal,0,clean,Quantile-Normal,Ridge,0.6067809505996835,0.6745766770003989
bimodal,0,clean,Quantile-Normal,RBF-SVR,0.6874719526276447,0.6013932461147458
bimodal,0,clean,Quantile-Normal,KNN,0.5415015092585433,0.7284219134980021
bimodal,0,clean,Core-Norm ablation — residual channel removed,Ridge,0.6692405660938316,0.61868582697768
bimodal,0,clean,Core-Norm ablation — residual channel removed,RBF-SVR,0.7703633428201102,0.5155071049776403
bimodal,0,clean,Core-Norm ablation — residual channel removed,KNN,0.6179618116672194,0.6649169983691406
bimodal,0,clean,Core-Norm,Ridge,0.6940724269122789,0.5950087576580018
bimodal,0,clean,Core-Norm,RBF-SVR,0.7744828969408519,0.5108622234438898
bimodal,0,clean,Core-Norm,KNN,0.6111639767586986,0.6708065485375508
bimodal,1,clean,No scaling,Ridge,0.5983559041578816,0.5195770079376734
bimodal,1,clean,No scaling,RBF-SVR,0.5376485084509062,0.5574621206011741
bimodal,1,clean,No scaling,KNN,0.4856625428008423,0.5879674820141093
bimodal,1,clean,Z-score,Ridge,0.5983410821269465,0.5195865949271449
bimodal,1,clean,Z-score,RBF-SVR,0.5378421156744426,0.5573453912336076
bimodal,1,clean,Z-score,KNN,0.4889799510677494,0.5860682585528514
bimodal,1,clean,Min-Max,Ridge,0.5931430416652412,0.5229378837394539
bimodal,1,clean,Min-Max,RBF-SVR,0.5339176098575663,0.5597067935063367
bimodal,1,clean,Min-Max,KNN,0.4936797433133123,0.5833670325194444
bimodal,1,clean,RobustScaler,Ridge,0.5981524279849824,0.5197086022468366
bimodal,1,clean,RobustScaler,RBF-SVR,0.5371481138279537,0.5577637045883008
bimodal,1,clean,RobustScaler,KNN,0.4904301148951319,0.5852361005953823
bimodal,1,clean,Winsorized Z-score,Ridge,0.603741469863188,0.5160817994365676
bimodal,1,clean,Winsorized Z-score,RBF-SVR,0.5407086142170168,0.5556142569045996
bimodal,1,clean,Winsorized Z-score,KNN,0.4866146970293404,0.5874229999314651
bimodal,1,clean,Yeo-Johnson,Ridge,0.5980052564459664,0.5198037618526259
bimodal,1,clean,Yeo-Johnson,RBF-SVR,0.536636389198984,0.5580719485288429
bimodal,1,clean,Yeo-Johnson,KNN,0.4891189213934052,0.5859885634069129
bimodal,1,clean,Quantile-Normal,Ridge,0.5670309373107515,0.5394580320648042
bimodal,1,clean,Quantile-Normal,RBF-SVR,0.5063183293580436,0.5760401205085014
bimodal,1,clean,Quantile-Normal,KNN,0.4852488923636012,0.5882038677973144
bimodal,1,clean,Core-Norm ablation — residual channel removed,Ridge,0.6030271136154275,0.5165467739744092
bimodal,1,clean,Core-Norm ablation — residual channel removed,RBF-SVR,0.5418365212051957,0.5549316113777294
bimodal,1,clean,Core-Norm ablation — residual channel removed,KNN,0.4857254410567819,0.5879315296842195
bimodal,1,clean,Core-Norm,Ridge,0.5982011938006434,0.5196770669277184
bimodal,1,clean,Core-Norm,RBF-SVR,0.5406451020011681,0.5556526715949753
bimodal,1,clean,Core-Norm,KNN,0.484055782459502,0.5888851540155081
zero_inflated,0,clean,No scaling,Ridge,0.3102341631223475,0.8934389615824659
zero_inflated,0,clean,No scaling,RBF-SVR,0.1677548041098665,0.9813856326006024
zero_inflated,0,clean,No scaling,KNN,0.142447146799816,0.9961953158520152
zero_inflated,0,clean,Z-score,Ridge,0.3102789729869118,0.8934099404807014
zero_inflated,0,clean,Z-score,RBF-SVR,0.1675484861878627,0.9815072703692276
zero_inflated,0,clean,Z-score,KNN,0.1544237959894276,0.9892143858484548
zero_inflated,0,clean,Min-Max,Ridge,0.3063686775551886,0.8959389044838029
zero_inflated,0,clean,Min-Max,RBF-SVR,0.1801882486291585,0.974027271806136
zero_inflated,0,clean,Min-Max,KNN,0.1753147452283685,0.976918113142016
zero_inflated,0,clean,RobustScaler,Ridge,0.3102341631223475,0.8934389615824659
zero_inflated,0,clean,RobustScaler,RBF-SVR,0.1677548041098665,0.9813856326006024
zero_inflated,0,clean,RobustScaler,KNN,0.142447146799816,0.9961953158520152
zero_inflated,0,clean,Winsorized Z-score,Ridge,0.3099729149039906,0.8936081401846336
zero_inflated,0,clean,Winsorized Z-score,RBF-SVR,0.152916983610734,0.9900953809751896
zero_inflated,0,clean,Winsorized Z-score,KNN,0.1611007281970513,0.9853010734141456
zero_inflated,0,clean,Yeo-Johnson,Ridge,0.3093220676751673,0.8940294753134772
zero_inflated,0,clean,Yeo-Johnson,RBF-SVR,0.1658025653003619,0.9825360008391252
zero_inflated,0,clean,Yeo-Johnson,KNN,0.1588637718759096,0.9866138699451034
zero_inflated,0,clean,Quantile-Normal,Ridge,0.2710038894749019,0.9184946961493756
zero_inflated,0,clean,Quantile-Normal,RBF-SVR,0.0921437231842449,1.0249970076100778
zero_inflated,0,clean,Quantile-Normal,KNN,0.1572339529347524,0.9875692584664432
zero_inflated,0,clean,Core-Norm ablation — residual channel removed,Ridge,0.3030314556776546,0.8980916036980917
zero_inflated,0,clean,Core-Norm ablation — residual channel removed,RBF-SVR,0.1193061593064928,1.0095469631997565
zero_inflated,0,clean,Core-Norm ablation — residual channel removed,KNN,0.1624038341419874,0.984535516258248
zero_inflated,0,clean,Core-Norm,Ridge,0.300230130503085,0.8998946432480758
zero_inflated,0,clean,Core-Norm,RBF-SVR,0.1517886327209853,0.9907545862707612
zero_inflated,0,clean,Core-Norm,KNN,0.1549624323535319,0.9888992683475264
zero_inflated,1,clean,No scaling,Ridge,0.8110281422316424,0.5181864504770709
zero_inflated,1,clean,No scaling,RBF-SVR,0.6710190257059301,0.683711489021051
zero_inflated,1,clean,No scaling,KNN,0.5123651090228416,0.8324053691187056
zero_inflated,1,clean,Z-score,Ridge,0.8111455650261161,0.5180254308497348
zero_inflated,1,clean,Z-score,RBF-SVR,0.670085072790316,0.684681304646229
zero_inflated,1,clean,Z-score,KNN,0.5200447528356615,0.8258246815917029
zero_inflated,1,clean,Min-Max,Ridge,0.7906849700493112,0.5453655411730355
zero_inflated,1,clean,Min-Max,RBF-SVR,0.708580278583951,0.6434976361991361
zero_inflated,1,clean,Min-Max,KNN,0.4821829176654368,0.8577795205061062
zero_inflated,1,clean,RobustScaler,Ridge,0.8110281422316424,0.5181864504770709
zero_inflated,1,clean,RobustScaler,RBF-SVR,0.6710190257059301,0.683711489021051
zero_inflated,1,clean,RobustScaler,KNN,0.5123651090228416,0.8324053691187056
zero_inflated,1,clean,Winsorized Z-score,Ridge,0.7982811544497631,0.5353782497406505
zero_inflated,1,clean,Winsorized Z-score,RBF-SVR,0.6803216953459601,0.6739754358735436
zero_inflated,1,clean,Winsorized Z-score,KNN,0.5442008669455978,0.8047745501374548
zero_inflated,1,clean,Yeo-Johnson,Ridge,0.8099665185821777,0.5196399698858284
zero_inflated,1,clean,Yeo-Johnson,RBF-SVR,0.6675336855570996,0.6873236869961252
zero_inflated,1,clean,Yeo-Johnson,KNN,0.5146802416441217,0.8304270225608623
zero_inflated,1,clean,Quantile-Normal,Ridge,0.713591030418991,0.6379414100472531
zero_inflated,1,clean,Quantile-Normal,RBF-SVR,0.6207719139424145,0.734070436090139
zero_inflated,1,clean,Quantile-Normal,KNN,0.4743659551793989,0.8642297847576733
zero_inflated,1,clean,Core-Norm ablation — residual channel removed,Ridge,0.7817033961986224,0.5569432902119495
zero_inflated,1,clean,Core-Norm ablation — residual channel removed,RBF-SVR,0.6677452788691116,0.6871049336426369
zero_inflated,1,clean,Core-Norm ablation — residual channel removed,KNN,0.5246330787350846,0.8218677998524779
zero_inflated,1,clean,Core-Norm,Ridge,0.8055884919260639,0.5255916670909748
zero_inflated,1,clean,Core-Norm,RBF-SVR,0.6732150481635186,0.68142570363774
zero_inflated,1,clean,Core-Norm,KNN,0.5157092918307207,0.8295461553216794
bounded_beta,0,clean,No scaling,Ridge,0.7321331697283187,0.5946698692461143
bounded_beta,0,clean,No scaling,RBF-SVR,0.7082611077476155,0.6206026556971027
bounded_beta,0,clean,No scaling,KNN,0.5861103635724949,0.73919452396511
bounded_beta,0,clean,Z-score,Ridge,0.7300646180143977,0.5969615671143981
bounded_beta,0,clean,Z-score,RBF-SVR,0.7085837724696071,0.6202593658791077
bounded_beta,0,clean,Z-score,KNN,0.5876092083753958,0.737854863999323
bounded_beta,0,clean,Min-Max,Ridge,0.7317706489722833,0.5950721349543974
bounded_beta,0,clean,Min-Max,RBF-SVR,0.7077334048055732,0.6211636811473114
bounded_beta,0,clean,Min-Max,KNN,0.5766164287881673,0.7476243981796912
bounded_beta,0,clean,RobustScaler,Ridge,0.7302056709737383,0.5968055775626282
bounded_beta,0,clean,RobustScaler,RBF-SVR,0.7066003356716417,0.6223665907085985
bounded_beta,0,clean,RobustScaler,KNN,0.5934645647236777,0.7325978978181784
bounded_beta,0,clean,Winsorized Z-score,Ridge,0.7298184054749903,0.5972337543355968
bounded_beta,0,clean,Winsorized Z-score,RBF-SVR,0.7074273886531806,0.6214887890996181
bounded_beta,0,clean,Winsorized Z-score,KNN,0.5850949720456307,0.7401006979924651
bounded_beta,0,clean,Yeo-Johnson,Ridge,0.769286480901834,0.551890586815833
bounded_beta,0,clean,Yeo-Johnson,RBF-SVR,0.6993962640245113,0.6299609827077179
bounded_beta,0,clean,Yeo-Johnson,KNN,0.6294167397906512,0.699454331160106
bounded_beta,0,clean,Quantile-Normal,Ridge,0.802181332821436,0.51103435906129
bounded_beta,0,clean,Quantile-Normal,RBF-SVR,0.7489506232499816,0.5756997471007914
bounded_beta,0,clean,Quantile-Normal,KNN,0.6541289239504593,0.6757306020680591
bounded_beta,0,clean,Core-Norm ablation — residual channel removed,Ridge,0.7575604045972106,0.5657417638936153
bounded_beta,0,clean,Core-Norm ablation — residual channel removed,RBF-SVR,0.6969644794439448,0.6325039379168053
bounded_beta,0,clean,Core-Norm ablation — residual channel removed,KNN,0.5996871739801486,0.7269695452687824
bounded_beta,0,clean,Core-Norm,Ridge,0.7673432577896089,0.5542099086163902
bounded_beta,0,clean,Core-Norm,RBF-SVR,0.7148962287503072,0.6135047731166376
bounded_beta,0,clean,Core-Norm,KNN,0.5982623984816821,0.7282620949327954
bounded_beta,1,clean,No scaling,Ridge,0.7857573973084759,0.5160768565184205
bounded_beta,1,clean,No scaling,RBF-SVR,0.6907595024764739,0.6200256372632941
bounded_beta,1,clean,No scaling,KNN,0.650839930801839,0.6588305833102559
bounded_beta,1,clean,Z-score,Ridge,0.7865291095843894,0.5151465510413684
bounded_beta,1,clean,Z-score,RBF-SVR,0.6868553352008284,0.6239272791562736
bounded_beta,1,clean,Z-score,KNN,0.6470003193821824,0.6624431627057186
bounded_beta,1,clean,Min-Max,Ridge,0.7858860263053749,0.5159219097096038
bounded_beta,1,clean,Min-Max,RBF-SVR,0.6899953763615366,0.6207911991361864
bounded_beta,1,clean,Min-Max,KNN,0.6500511230295544,0.6595743646669893
bounded_beta,1,clean,RobustScaler,Ridge,0.7865305969543994,0.5151447563824715
bounded_beta,1,clean,RobustScaler,RBF-SVR,0.6873324116087035,0.6234518208828608
bounded_beta,1,clean,RobustScaler,KNN,0.6306190935158327,0.6776394590661631
bounded_beta,1,clean,Winsorized Z-score,Ridge,0.7857094458690652,0.5161346070387952
bounded_beta,1,clean,Winsorized Z-score,RBF-SVR,0.6901828493665124,0.6206034613038477
bounded_beta,1,clean,Winsorized Z-score,KNN,0.6489716795792843,0.660590834623334
bounded_beta,1,clean,Yeo-Johnson,Ridge,0.7199932021662195,0.5899914978546732
bounded_beta,1,clean,Yeo-Johnson,RBF-SVR,0.6653557262038293,0.6449902724070673
bounded_beta,1,clean,Yeo-Johnson,KNN,0.6141351484600726,0.6925945598504728
bounded_beta,1,clean,Quantile-Normal,Ridge,0.6718990098229078,0.63865341129593
bounded_beta,1,clean,Quantile-Normal,RBF-SVR,0.650957736511191,0.6587194300615697
bounded_beta,1,clean,Quantile-Normal,KNN,0.6112723637833273,0.6951590394760597
bounded_beta,1,clean,Core-Norm ablation — residual channel removed,Ridge,0.7561738540120346,0.5505561303199272
bounded_beta,1,clean,Core-Norm ablation — residual channel removed,RBF-SVR,0.6708723928450071,0.6396517934661416
bounded_beta,1,clean,Core-Norm ablation — residual channel removed,KNN,0.6561334974387429,0.6538172904374485
bounded_beta,1,clean,Core-Norm,Ridge,0.7702480628946878,0.5344302799684592
bounded_beta,1,clean,Core-Norm,RBF-SVR,0.6739409899664173,0.6366629372503265
bounded_beta,1,clean,Core-Norm,KNN,0.6515734911013233,0.6581381414904297
mixed,0,clean,No scaling,Ridge,0.7171083065739395,0.594875911464825
mixed,0,clean,No scaling,RBF-SVR,0.7512107211862078,0.5578688550615887
mixed,0,clean,No scaling,KNN,0.5906337275582279,0.715603267182482
mixed,0,clean,Z-score,Ridge,0.71703877396998,0.594949014936466
mixed,0,clean,Z-score,RBF-SVR,0.720449930807056,0.5913520239625248
mixed,0,clean,Z-score,KNN,0.5897722161636962,0.716355865032737
mixed,0,clean,Min-Max,Ridge,0.6806619708162002,0.6320356943742874
mixed,0,clean,Min-Max,RBF-SVR,0.7409189372068663,0.5692907410356318
mixed,0,clean,Min-Max,KNN,0.4490487621943799,0.8301811480282986
mixed,0,clean,RobustScaler,Ridge,0.7170875067420703,0.5948977804199728
mixed,0,clean,RobustScaler,RBF-SVR,0.3759949283579157,0.8835077130195954
mixed,0,clean,RobustScaler,KNN,0.1609739215515254,1.0244812523456228
mixed,0,clean,Winsorized Z-score,Ridge,0.7646550287439186,0.5425862039474344
mixed,0,clean,Winsorized Z-score,RBF-SVR,0.7135410964716673,0.5986147974157033
mixed,0,clean,Winsorized Z-score,KNN,0.6124198194032269,0.6963010753604765
mixed,0,clean,Yeo-Johnson,Ridge,0.7785823595835445,0.5262866996935032
mixed,0,clean,Yeo-Johnson,RBF-SVR,0.711137082813518,0.6011213899579729
mixed,0,clean,Yeo-Johnson,KNN,0.6101788656252378,0.6983111491573352
mixed,0,clean,Quantile-Normal,Ridge,0.8058019861063822,0.492877142017859
mixed,0,clean,Quantile-Normal,RBF-SVR,0.7154746428799321,0.5965911052889589
mixed,0,clean,Quantile-Normal,KNN,0.6121510466392096,0.6965424632594917
mixed,0,clean,Core-Norm ablation — residual channel removed,Ridge,0.7813639284303155,0.5229705018998344
mixed,0,clean,Core-Norm ablation — residual channel removed,RBF-SVR,0.6988677021903005,0.6137548747888806
mixed,0,clean,Core-Norm ablation — residual channel removed,KNN,0.6023782256556383,0.7052634300582883
mixed,0,clean,Core-Norm,Ridge,0.7972474932213076,0.503615863672577
mixed,0,clean,Core-Norm,RBF-SVR,0.7231190999496787,0.5885221116050916
mixed,0,clean,Core-Norm,KNN,0.5837546167949584,0.7215908212914349
mixed,1,clean,No scaling,Ridge,0.6913181645938047,0.5644823306297428
mixed,1,clean,No scaling,RBF-SVR,0.55513338017031,0.6776566824735448
mixed,1,clean,No scaling,KNN,0.5525264307368389,0.6796393398107959
mixed,1,clean,Z-score,Ridge,0.6912449031580488,0.5645493127579405
mixed,1,clean,Z-score,RBF-SVR,0.5069128534445405,0.7134386877442236
mixed,1,clean,Z-score,KNN,0.4606410955336558,0.7461630548876252
mixed,1,clean,Min-Max,Ridge,0.6013533052698599,0.6414885353576966
mixed,1,clean,Min-Max,RBF-SVR,0.6689949734170739,0.584537139225563
mixed,1,clean,Min-Max,KNN,0.3064821051499581,0.8461038108596042
mixed,1,clean,RobustScaler,Ridge,0.6912917394132111,0.5645064917992596
mixed,1,clean,RobustScaler,RBF-SVR,0.6044697209071244,0.6389762013177495
mixed,1,clean,RobustScaler,KNN,0.384449941408203,0.7971251354355348
mixed,1,clean,Winsorized Z-score,Ridge,0.6892764983005828,0.5663460378794164
mixed,1,clean,Winsorized Z-score,RBF-SVR,0.5418731788766382,0.6876820278656971
mixed,1,clean,Winsorized Z-score,KNN,0.4987609247035117,0.7193119500164931
mixed,1,clean,Yeo-Johnson,Ridge,0.7101523961632734,0.546990359975967
mixed,1,clean,Yeo-Johnson,RBF-SVR,0.4918922438179612,0.7242236910302827
mixed,1,clean,Yeo-Johnson,KNN,0.4496179149539236,0.7537493660348068
mixed,1,clean,Quantile-Normal,Ridge,0.6585920823559144,0.5936515548789133
mixed,1,clean,Quantile-Normal,RBF-SVR,0.5388458731617175,0.6899503908784347
mixed,1,clean,Quantile-Normal,KNN,0.4608734784933096,0.746002295272318
mixed,1,clean,Core-Norm ablation — residual channel removed,Ridge,0.551157424129682,0.6806781946773348
mixed,1,clean,Core-Norm ablation — residual channel removed,RBF-SVR,0.4511045933375732,0.7527306731430514
mixed,1,clean,Core-Norm ablation — residual channel removed,KNN,0.4172587136612812,0.7755909081639338
mixed,1,clean,Core-Norm,Ridge,0.622956786527497,0.6238646520883739
mixed,1,clean,Core-Norm,RBF-SVR,0.480956127009144,0.7319760135482256
mixed,1,clean,Core-Norm,KNN,0.4020641442659763,0.785637335057744
heteroscedastic,0,clean,No scaling,Ridge,0.791304708941357,0.4914398527177276
heteroscedastic,0,clean,No scaling,RBF-SVR,0.4895753458194165,0.7685637006274757
heteroscedastic,0,clean,No scaling,KNN,0.3674794561053273,0.8555617597367952
heteroscedastic,0,clean,Z-score,Ridge,0.7978803756543202,0.4836356300756264
heteroscedastic,0,clean,Z-score,RBF-SVR,0.669368498997372,0.6185661660986057
heteroscedastic,0,clean,Z-score,KNN,0.6173022272779716,0.665490736483424
heteroscedastic,0,clean,Min-Max,Ridge,0.796835105845075,0.4848845880062903
heteroscedastic,0,clean,Min-Max,RBF-SVR,0.6673061937555518,0.6204923122458517
heteroscedastic,0,clean,Min-Max,KNN,0.6190359359540831,0.66398161254589
heteroscedastic,0,clean,RobustScaler,Ridge,0.7978859076350394,0.4836290115167004
heteroscedastic,0,clean,RobustScaler,RBF-SVR,0.6683158281965151,0.619550084871836
heteroscedastic,0,clean,RobustScaler,KNN,0.6289743219228316,0.6552635810653801
heteroscedastic,0,clean,Winsorized Z-score,Ridge,0.7963201007757972,0.4854987688391896
heteroscedastic,0,clean,Winsorized Z-score,RBF-SVR,0.6692670829235141,0.6186610266033908
heteroscedastic,0,clean,Winsorized Z-score,KNN,0.6232570973302246,0.6602928385325055
heteroscedastic,0,clean,Yeo-Johnson,Ridge,0.7971566447617452,0.4845007347768764
heteroscedastic,0,clean,Yeo-Johnson,RBF-SVR,0.6684862563427725,0.6193908937669825
heteroscedastic,0,clean,Yeo-Johnson,KNN,0.6243433411391757,0.6593402568855967
heteroscedastic,0,clean,Quantile-Normal,Ridge,0.7874484422292719,0.4959594769646392
heteroscedastic,0,clean,Quantile-Normal,RBF-SVR,0.6687292289937103,0.6191638705506347
heteroscedastic,0,clean,Quantile-Normal,KNN,0.6259690152190188,0.6579120451099891
heteroscedastic,0,clean,Core-Norm ablation — residual channel removed,Ridge,0.7878181216952189,0.4955279914773754
heteroscedastic,0,clean,Core-Norm ablation — residual channel removed,RBF-SVR,0.6666809042975214,0.6210751381993755
heteroscedastic,0,clean,Core-Norm ablation — residual channel removed,KNN,0.6184453770425361,0.6644960553107452
heteroscedastic,0,clean,Core-Norm,Ridge,0.7888093956490668,0.4943691294610616
heteroscedastic,0,clean,Core-Norm,RBF-SVR,0.6694583758681234,0.6184820867385861
heteroscedastic,0,clean,Core-Norm,KNN,0.6146789421658366,0.6677677166254979
heteroscedastic,1,clean,No scaling,Ridge,0.7941646739482933,0.5221024688614098
heteroscedastic,1,clean,No scaling,RBF-SVR,0.3773676244396677,0.9080539264771836
heteroscedastic,1,clean,No scaling,KNN,0.2789867970979958,0.9771638674808024
heteroscedastic,1,clean,Z-score,Ridge,0.7958523524956498,0.5199576603098399
heteroscedastic,1,clean,Z-score,RBF-SVR,0.7256174165640854,0.6028011351087833
heteroscedastic,1,clean,Z-score,KNN,0.5898010025087048,0.7370434454161082
heteroscedastic,1,clean,Min-Max,Ridge,0.7910331304641341,0.5260590658006636
heteroscedastic,1,clean,Min-Max,RBF-SVR,0.7227534020131254,0.6059389972576305
heteroscedastic,1,clean,Min-Max,KNN,0.5470926301862336,0.7744626624256581
heteroscedastic,1,clean,RobustScaler,Ridge,0.7958477372055702,0.5199635377762171
heteroscedastic,1,clean,RobustScaler,RBF-SVR,0.7278164318295901,0.6003807272753131
heteroscedastic,1,clean,RobustScaler,KNN,0.602734928405134,0.7253305709548677
heteroscedastic,1,clean,Winsorized Z-score,Ridge,0.7978101579664469,0.5174584192649183
heteroscedastic,1,clean,Winsorized Z-score,RBF-SVR,0.7223537036633938,0.6063756222537202
heteroscedastic,1,clean,Winsorized Z-score,KNN,0.5943615869226974,0.7329347761806573
heteroscedastic,1,clean,Yeo-Johnson,Ridge,0.7945017953913053,0.5216747384295743
heteroscedastic,1,clean,Yeo-Johnson,RBF-SVR,0.7243828266616374,0.6041557708768153
heteroscedastic,1,clean,Yeo-Johnson,KNN,0.5885243940619154,0.738189456204225
heteroscedastic,1,clean,Quantile-Normal,Ridge,0.7933252591959545,0.5231659758293923
heteroscedastic,1,clean,Quantile-Normal,RBF-SVR,0.7219170881128602,0.6068522160825695
heteroscedastic,1,clean,Quantile-Normal,KNN,0.5865969656692783,0.7399163447655864
heteroscedastic,1,clean,Core-Norm ablation — residual channel removed,Ridge,0.796757002202573,0.518804323955761
heteroscedastic,1,clean,Core-Norm ablation — residual channel removed,RBF-SVR,0.7160070007141784,0.6132670174348863
heteroscedastic,1,clean,Core-Norm ablation — residual channel removed,KNN,0.5939727797039225,0.7332859535702791
heteroscedastic,1,clean,Core-Norm,Ridge,0.798044019978934,0.5171590746517462
heteroscedastic,1,clean,Core-Norm,RBF-SVR,0.7215524906861228,0.6072499109272153
heteroscedastic,1,clean,Core-Norm,KNN,0.5870752521863133,0.7394881978966631
diabetes,0,clean,No scaling,Ridge,0.3651894588833014,56.90764920975128
diabetes,0,clean,No scaling,RBF-SVR,0.3154365407368111,59.09563963938759
diabetes,0,clean,No scaling,KNN,0.3754681651624137,56.44505121381928
diabetes,0,clean,Z-score,Ridge,0.3916142396083828,55.71063404799805
diabetes,0,clean,Z-score,RBF-SVR,0.3147200624317782,59.12655691248309
diabetes,0,clean,Z-score,KNN,0.3733846788642216,56.53912533844672
diabetes,0,clean,Min-Max,Ridge,0.4014021612274345,55.26067089459229
diabetes,0,clean,Min-Max,RBF-SVR,0.2911339914720243,60.13546267652697
diabetes,0,clean,Min-Max,KNN,0.3648150487261642,56.92442875242623
diabetes,0,clean,RobustScaler,Ridge,0.3909894853842183,55.73923146540269
diabetes,0,clean,RobustScaler,RBF-SVR,0.3200907246047231,58.894408437878354
diabetes,0,clean,RobustScaler,KNN,0.3534500702694759,57.43142806033856
diabetes,0,clean,Winsorized Z-score,Ridge,0.3922163027582833,55.68306139237676
diabetes,0,clean,Winsorized Z-score,RBF-SVR,0.3152551797588042,59.10346720679227
diabetes,0,clean,Winsorized Z-score,KNN,0.371143730093321,56.64013484269266
diabetes,0,clean,Yeo-Johnson,Ridge,0.3917044955660635,55.70650147006956
diabetes,0,clean,Yeo-Johnson,RBF-SVR,0.3116077849687928,59.26066983376893
diabetes,0,clean,Yeo-Johnson,KNN,0.3574784589084366,57.25223261070176
diabetes,0,clean,Quantile-Normal,Ridge,0.3851907120450565,56.0039669744835
diabetes,0,clean,Quantile-Normal,RBF-SVR,0.2083960071843481,63.54809981063251
diabetes,0,clean,Quantile-Normal,KNN,0.3729169685842529,56.56022201179974
diabetes,0,clean,Core-Norm ablation — residual channel removed,Ridge,0.3946421783049353,55.57182507982545
diabetes,0,clean,Core-Norm ablation — residual channel removed,RBF-SVR,0.3259888084738618,58.63840312375686
diabetes,0,clean,Core-Norm ablation — residual channel removed,KNN,0.375442775343442,56.4461985653127
diabetes,0,clean,Core-Norm,Ridge,0.4003822415889925,55.30772874581546
diabetes,0,clean,Core-Norm,RBF-SVR,0.320234897285617,58.888163917300425
diabetes,0,clean,Core-Norm,KNN,0.3801866940970916,56.23141712230757
diabetes,1,clean,No scaling,Ridge,0.3902258329639082,55.40658088194366
diabetes,1,clean,No scaling,RBF-SVR,0.3287270874153312,58.1334906873283
diabetes,1,clean,No scaling,KNN,0.4166606264264531,54.19228777271406
diabetes,1,clean,Z-score,Ridge,0.4371553860531747,53.23179331831311
diabetes,1,clean,Z-score,RBF-SVR,0.3290765263449599,58.11835768497208
diabetes,1,clean,Z-score,KNN,0.4091824430340601,54.53854359342464
diabetes,1,clean,Min-Max,Ridge,0.4368240119553093,53.24746109009834
diabetes,1,clean,Min-Max,RBF-SVR,0.3152920753723546,58.712357238920426
diabetes,1,clean,Min-Max,KNN,0.3952034992859656,55.17997188938666
diabetes,1,clean,RobustScaler,Ridge,0.4366578506980815,53.25531566198357
diabetes,1,clean,RobustScaler,RBF-SVR,0.3312331382515711,58.02487487261685
diabetes,1,clean,RobustScaler,KNN,0.3959378763859108,55.146460438475465
diabetes,1,clean,Winsorized Z-score,Ridge,0.4319949428751573,53.47526448398291
diabetes,1,clean,Winsorized Z-score,RBF-SVR,0.3325093682606935,57.96948303573978
diabetes,1,clean,Winsorized Z-score,KNN,0.4069725615499762,54.64044580115922
diabetes,1,clean,Yeo-Johnson,Ridge,0.4240403762255342,53.848406955766656
diabetes,1,clean,Yeo-Johnson,RBF-SVR,0.3244707146351071,58.31750437694917
diabetes,1,clean,Yeo-Johnson,KNN,0.4012083379669118,54.90535604923446
diabetes,1,clean,Quantile-Normal,Ridge,0.403334763230067,54.807779562773405
diabetes,1,clean,Quantile-Normal,RBF-SVR,0.2457391719251624,61.622259258526505
diabetes,1,clean,Quantile-Normal,KNN,0.3700774998274999,56.31452180141233
diabetes,1,clean,Core-Norm ablation — residual channel removed,Ridge,0.424740255355847,53.815679980977656
diabetes,1,clean,Core-Norm ablation — residual channel removed,RBF-SVR,0.3358614851679997,57.82373936736042
diabetes,1,clean,Core-Norm ablation — residual channel removed,KNN,0.3693126628403754,56.34869930977872
diabetes,1,clean,Core-Norm,Ridge,0.4323233869458501,53.45980144094504
diabetes,1,clean,Core-Norm,RBF-SVR,0.3284294742000521,58.14637619001958
diabetes,1,clean,Core-Norm,KNN,0.3845903974870636,55.66202144037968
gaussian,0,outlier1,No scaling,Ridge,0.0525329891511959,1.0471191350984377
gaussian,0,outlier1,No scaling,RBF-SVR,0.667703230277067,0.6201219542027518
gaussian,0,outlier1,No scaling,KNN,0.5749887526659736,0.7013168263185277
gaussian,0,outlier1,Z-score,Ridge,0.0526471131485951,1.0470560695674818
gaussian,0,outlier1,Z-score,RBF-SVR,0.66305549855342,0.6244436218180769
gaussian,0,outlier1,Z-score,KNN,0.5803925467974047,0.6968441268230846
gaussian,0,outlier1,Min-Max,Ridge,0.0613098249186498,1.0422578705542944
gaussian,0,outlier1,Min-Max,RBF-SVR,0.6598662850179167,0.6273918726632653
gaussian,0,outlier1,Min-Max,KNN,0.5762910273665677,0.7002415514233915
gaussian,0,outlier1,RobustScaler,Ridge,0.0525470267031894,1.0471113780770431
gaussian,0,outlier1,RobustScaler,RBF-SVR,0.6657237212766829,0.6219662608602279
gaussian,0,outlier1,RobustScaler,KNN,0.5772066754511204,0.6994845204762828
gaussian,0,outlier1,Winsorized Z-score,Ridge,0.7451149479425252,0.5431080381840799
gaussian,0,outlier1,Winsorized Z-score,RBF-SVR,0.6281937968160313,0.6559524565337647
gaussian,0,outlier1,Winsorized Z-score,KNN,0.5983242042555836,0.6817919647904093
gaussian,0,outlier1,Yeo-Johnson,Ridge,0.0377391126772064,1.055262399744137
gaussian,0,outlier1,Yeo-Johnson,RBF-SVR,0.6599236360279851,0.627338977179975
gaussian,0,outlier1,Yeo-Johnson,KNN,0.5710641256607256,0.7045474256169133
gaussian,0,outlier1,Quantile-Normal,Ridge,0.6555795480554463,0.6313330330111505
gaussian,0,outlier1,Quantile-Normal,RBF-SVR,0.6374712802317704,0.6477169406287596
gaussian,0,outlier1,Quantile-Normal,KNN,0.6165877601281998,0.6661116566892046
gaussian,0,outlier1,Core-Norm ablation — residual channel removed,Ridge,0.749857761424856,0.5380313269695353
gaussian,0,outlier1,Core-Norm ablation — residual channel removed,RBF-SVR,0.6341818521213405,0.6506488559819492
gaussian,0,outlier1,Core-Norm ablation — residual channel removed,KNN,0.5982878093592681,0.6818228518715788
gaussian,0,outlier1,Core-Norm,Ridge,0.7530556977179325,0.534581040922442
gaussian,0,outlier1,Core-Norm,RBF-SVR,0.6225705526156552,0.6608941958769408
gaussian,0,outlier1,Core-Norm,KNN,0.6030063929199683,0.6778066163220662
gaussian,1,outlier1,No scaling,Ridge,0.0499909194623313,1.121656818407294
gaussian,1,outlier1,No scaling,RBF-SVR,0.6569668496683165,0.6740066296842564
gaussian,1,outlier1,No scaling,KNN,0.4335636244004305,0.86610728210783
gaussian,1,outlier1,Z-score,Ridge,0.0500549008633809,1.1216190469877556
gaussian,1,outlier1,Z-score,RBF-SVR,0.6458959471552395,0.6847965618217768
gaussian,1,outlier1,Z-score,KNN,0.3706679192810329,0.9129270132013096
gaussian,1,outlier1,Min-Max,Ridge,0.0528246944979657,1.1199826781302546
gaussian,1,outlier1,Min-Max,RBF-SVR,0.6488216375529178,0.6819617195687122
gaussian,1,outlier1,Min-Max,KNN,0.4246625777850519,0.8728858111843839
gaussian,1,outlier1,RobustScaler,Ridge,0.0500184545247566,1.1216405632393476
gaussian,1,outlier1,RobustScaler,RBF-SVR,0.6597050167172598,0.6713112044778492
gaussian,1,outlier1,RobustScaler,KNN,0.4560155479095541,0.8487687200980594
gaussian,1,outlier1,Winsorized Z-score,Ridge,0.7412214831201106,0.5854101286325992
gaussian,1,outlier1,Winsorized Z-score,RBF-SVR,0.6740753539003969,0.656983895298789
gaussian,1,outlier1,Winsorized Z-score,KNN,0.5307529566848261,0.7883097442877597
gaussian,1,outlier1,Yeo-Johnson,Ridge,0.0460710743169469,1.123968477903333
gaussian,1,outlier1,Yeo-Johnson,RBF-SVR,0.6493728735902936,0.6814262801013727
gaussian,1,outlier1,Yeo-Johnson,KNN,0.3557871958771608,0.9236571547980624
gaussian,1,outlier1,Quantile-Normal,Ridge,0.7096177553569463,0.6201277293283779
gaussian,1,outlier1,Quantile-Normal,RBF-SVR,0.6565310825041517,0.6744346010611053
gaussian,1,outlier1,Quantile-Normal,KNN,0.5149504761792099,0.8014734933442512
gaussian,1,outlier1,Core-Norm ablation — residual channel removed,Ridge,0.7593856796429121,0.5644907867674924
gaussian,1,outlier1,Core-Norm ablation — residual channel removed,RBF-SVR,0.6633916375415012,0.6676649424351557
gaussian,1,outlier1,Core-Norm ablation — residual channel removed,KNN,0.5434833090405509,0.7775430660774006
gaussian,1,outlier1,Core-Norm,Ridge,0.7619054013125809,0.5615273242395993
gaussian,1,outlier1,Core-Norm,RBF-SVR,0.6798676556529273,0.6511197968603898
gaussian,1,outlier1,Core-Norm,KNN,0.5321822721013003,0.7871082422174628
correlated,0,outlier1,No scaling,Ridge,0.0472066578152685,1.0500582807025851
correlated,0,outlier1,No scaling,RBF-SVR,0.5311758608768082,0.7365784856712856
correlated,0,outlier1,No scaling,KNN,0.3861914086496347,0.8428116471186096
correlated,0,outlier1,Z-score,Ridge,0.0471974318258772,1.050063364597842
correlated,0,outlier1,Z-score,RBF-SVR,0.5112480544447854,0.7520700549832383
correlated,0,outlier1,Z-score,KNN,0.3506388545640057,0.8668764337944335
correlated,0,outlier1,Min-Max,Ridge,0.0325363048328938,1.0581113808281148
correlated,0,outlier1,Min-Max,RBF-SVR,0.3803321455519517,0.8468247273597952
correlated,0,outlier1,Min-Max,KNN,0.3563829727847548,0.8630338097696097
correlated,0,outlier1,RobustScaler,Ridge,0.0472088639862228,1.0500570650090462
correlated,0,outlier1,RobustScaler,RBF-SVR,0.51418615816331,0.7498061349369523
correlated,0,outlier1,RobustScaler,KNN,0.3727677019187847,0.8519777517657798
correlated,0,outlier1,Winsorized Z-score,Ridge,0.4942398822821761,0.7650438653125063
correlated,0,outlier1,Winsorized Z-score,RBF-SVR,0.4696857846969073,0.7833947947837189
correlated,0,outlier1,Winsorized Z-score,KNN,0.391101401916921,0.8394339586709216
correlated,0,outlier1,Yeo-Johnson,Ridge,0.0402810388448828,1.0538676777121705
correlated,0,outlier1,Yeo-Johnson,RBF-SVR,0.5089246331375018,0.7538555249603179
correlated,0,outlier1,Yeo-Johnson,KNN,0.3419955445712517,0.8726266342487593
correlated,0,outlier1,Quantile-Normal,Ridge,0.4343764480979531,0.8090545219085243
correlated,0,outlier1,Quantile-Normal,RBF-SVR,0.5230346342096721,0.7429463774369178
correlated,0,outlier1,Quantile-Normal,KNN,0.3755296886877985,0.8500998609898688
correlated,0,outlier1,Core-Norm ablation — residual channel removed,Ridge,0.5031770329734747,0.7582542955125012
correlated,0,outlier1,Core-Norm ablation — residual channel removed,RBF-SVR,0.4517528103222046,0.7965302143259279
correlated,0,outlier1,Core-Norm ablation — residual channel removed,KNN,0.3763217948778515,0.8495605374877168
correlated,0,outlier1,Core-Norm,Ridge,0.5121076467462495,0.7514084124753623
correlated,0,outlier1,Core-Norm,RBF-SVR,0.4966819955194017,0.7631945848991906
correlated,0,outlier1,Core-Norm,KNN,0.3801851556038778,0.8469251580510885
correlated,1,outlier1,No scaling,Ridge,0.0382899319433789,1.0373653720595954
correlated,1,outlier1,No scaling,RBF-SVR,0.5901277838962498,0.6772264402691638
correlated,1,outlier1,No scaling,KNN,0.4183944560611726,0.8067220625194798
correlated,1,outlier1,Z-score,Ridge,0.0383164265247693,1.0373510825395555
correlated,1,outlier1,Z-score,RBF-SVR,0.5803463686450707,0.685259647142702
correlated,1,outlier1,Z-score,KNN,0.3804115245147911,0.8326477850623457
correlated,1,outlier1,Min-Max,Ridge,0.032746977590872,1.0403505791135432
correlated,1,outlier1,Min-Max,RBF-SVR,0.5862830970953719,0.6803952890676676
correlated,1,outlier1,Min-Max,KNN,0.4168842110300784,0.8077687840548273
correlated,1,outlier1,RobustScaler,Ridge,0.0383004858538879,1.037359679963972
correlated,1,outlier1,RobustScaler,RBF-SVR,0.5888415353840172,0.6782882335999809
correlated,1,outlier1,RobustScaler,KNN,0.4312824124515593,0.7977338027858644
correlated,1,outlier1,Winsorized Z-score,Ridge,0.6876723006932888,0.5911734434726467
correlated,1,outlier1,Winsorized Z-score,RBF-SVR,0.6179966691946552,0.6537974770952436
correlated,1,outlier1,Winsorized Z-score,KNN,0.5080555401121427,0.7419381495783254
correlated,1,outlier1,Yeo-Johnson,Ridge,0.0131411363818169,1.0508414344970205
correlated,1,outlier1,Yeo-Johnson,RBF-SVR,0.5843643332694628,0.6819712552107231
correlated,1,outlier1,Yeo-Johnson,KNN,0.39417537680573,0.8233474143282052
correlated,1,outlier1,Quantile-Normal,Ridge,0.6330905810852906,0.6407507096636749
correlated,1,outlier1,Quantile-Normal,RBF-SVR,0.6051210775050166,0.6647244326388999
correlated,1,outlier1,Quantile-Normal,KNN,0.5090909748091175,0.7411569301219991
correlated,1,outlier1,Core-Norm ablation — residual channel removed,Ridge,0.695415172144809,0.5837996074718576
correlated,1,outlier1,Core-Norm ablation — residual channel removed,RBF-SVR,0.6144991311548351,0.6567836700151239
correlated,1,outlier1,Core-Norm ablation — residual channel removed,KNN,0.5259753551677716,0.7282996919868868
correlated,1,outlier1,Core-Norm,Ridge,0.699427517634867,0.5799416162610211
correlated,1,outlier1,Core-Norm,RBF-SVR,0.6304218854183637,0.643076720485689
correlated,1,outlier1,Core-Norm,KNN,0.5231893879658278,0.7304367607412455
lognormal,0,outlier1,No scaling,Ridge,0.077252702000224,1.0333690220748897
lognormal,0,outlier1,No scaling,RBF-SVR,0.6109403592878497,0.6709994094023087
lognormal,0,outlier1,No scaling,KNN,0.479940770099599,0.7757833446958056
lognormal,0,outlier1,Z-score,Ridge,0.0774625683449032,1.033251502515505
lognormal,0,outlier1,Z-score,RBF-SVR,0.6118370918435836,0.6702256795331586
lognormal,0,outlier1,Z-score,KNN,0.4924623407153634,0.766387095479155
lognormal,0,outlier1,Min-Max,Ridge,0.0977215358078338,1.021843397248453
lognormal,0,outlier1,Min-Max,RBF-SVR,0.5813343250113795,0.6960616797228811
lognormal,0,outlier1,Min-Max,KNN,0.478336822576077,0.7769787449131874
lognormal,0,outlier1,RobustScaler,Ridge,0.0772707136966751,1.0333589365292497
lognormal,0,outlier1,RobustScaler,RBF-SVR,0.6113222542382024,0.6706700072062451
lognormal,0,outlier1,RobustScaler,KNN,0.4809582949350827,0.7750240414579544
lognormal,0,outlier1,Winsorized Z-score,Ridge,0.5436959529038581,0.7266766535837822
lognormal,0,outlier1,Winsorized Z-score,RBF-SVR,0.615433481507883,0.6671135817041218
lognormal,0,outlier1,Winsorized Z-score,KNN,0.4960270326293037,0.763690992354522
lognormal,0,outlier1,Yeo-Johnson,Ridge,0.0579971052126269,1.0440953603961078
lognormal,0,outlier1,Yeo-Johnson,RBF-SVR,0.6076910099475676,0.6737956105362993
lognormal,0,outlier1,Yeo-Johnson,KNN,0.4894094419929629,0.7686885939868205
lognormal,0,outlier1,Quantile-Normal,Ridge,0.6572901922477762,0.6297632503205663
lognormal,0,outlier1,Quantile-Normal,RBF-SVR,0.6368161000059984,0.6483019698209314
lognormal,0,outlier1,Quantile-Normal,KNN,0.6130055753854671,0.6692161318356582
lognormal,0,outlier1,Core-Norm ablation — residual channel removed,Ridge,0.7334330903144688,0.5554144390008521
lognormal,0,outlier1,Core-Norm ablation — residual channel removed,RBF-SVR,0.6164775511047138,0.6662073842546564
lognormal,0,outlier1,Core-Norm ablation — residual channel removed,KNN,0.6154655463030466,0.667085769472394
lognormal,0,outlier1,Core-Norm,Ridge,0.7345214072724293,0.5542794797091013
lognormal,0,outlier1,Core-Norm,RBF-SVR,0.637497666295243,0.6476933686876047
lognormal,0,outlier1,Core-Norm,KNN,0.6032822283704338,0.6775711017227267
lognormal,1,outlier1,No scaling,Ridge,0.136910437600891,0.961022723062276
lognormal,1,outlier1,No scaling,RBF-SVR,0.6238747012201169,0.6344128881276374
lognormal,1,outlier1,No scaling,KNN,0.5188439223028725,0.7175442890169335
lognormal,1,outlier1,Z-score,Ridge,0.1369858052578983,0.96098076240408
lognormal,1,outlier1,Z-score,RBF-SVR,0.6160797389378788,0.6409530822908471
lognormal,1,outlier1,Z-score,KNN,0.4774402212464429,0.7477797734580633
lognormal,1,outlier1,Min-Max,Ridge,0.1342327827833411,0.9625123102849632
lognormal,1,outlier1,Min-Max,RBF-SVR,0.6321014233286909,0.6274364980591144
lognormal,1,outlier1,Min-Max,KNN,0.5081435303480006,0.725479121414541
lognormal,1,outlier1,RobustScaler,Ridge,0.1369287397511412,0.9610125335777296
lognormal,1,outlier1,RobustScaler,RBF-SVR,0.6191572715923696,0.6383789501089859
lognormal,1,outlier1,RobustScaler,KNN,0.5329377410242144,0.7069571838527008
lognormal,1,outlier1,Winsorized Z-score,Ridge,0.6279910931181567,0.6309317654470408
lognormal,1,outlier1,Winsorized Z-score,RBF-SVR,0.5536902299966387,0.6910729930819133
lognormal,1,outlier1,Winsorized Z-score,KNN,0.483935802296643,0.7431176723930908
lognormal,1,outlier1,Yeo-Johnson,Ridge,0.1179633264295518,0.9715139602415268
lognormal,1,outlier1,Yeo-Johnson,RBF-SVR,0.6177506502564888,0.6395567720462693
lognormal,1,outlier1,Yeo-Johnson,KNN,0.4749664988553195,0.7495476243717746
lognormal,1,outlier1,Quantile-Normal,Ridge,0.4560174222243911,0.762953763395445
lognormal,1,outlier1,Quantile-Normal,RBF-SVR,0.5261830358378354,0.7120508794060378
lognormal,1,outlier1,Quantile-Normal,KNN,0.3622608628105843,0.8260897987818809
lognormal,1,outlier1,Core-Norm ablation — residual channel removed,Ridge,0.499444330566084,0.7318665810491398
lognormal,1,outlier1,Core-Norm ablation — residual channel removed,RBF-SVR,0.4299329695082556,0.7810317457272284
lognormal,1,outlier1,Core-Norm ablation — residual channel removed,KNN,0.4062220070518714,0.7971091105951827
lognormal,1,outlier1,Core-Norm,Ridge,0.5750538496882849,0.6743302990368231
lognormal,1,outlier1,Core-Norm,RBF-SVR,0.503059220425761,0.7292191123770395
lognormal,1,outlier1,Core-Norm,KNN,0.454885459290398,0.7637471588110695
student_t,0,outlier1,No scaling,Ridge,0.0706817083025319,0.9233024161717466
student_t,0,outlier1,No scaling,RBF-SVR,0.465360791819787,0.7003129089213614
student_t,0,outlier1,No scaling,KNN,0.3946329018145884,0.7451970654345325
student_t,0,outlier1,Z-score,Ridge,0.0711394772647505,0.9230749853472164
student_t,0,outlier1,Z-score,RBF-SVR,0.4642660574273383,0.7010295273084355
student_t,0,outlier1,Z-score,KNN,0.3901783532340878,0.7479337786627814
student_t,0,outlier1,Min-Max,Ridge,0.1481988446620735,0.8839563943319524
student_t,0,outlier1,Min-Max,RBF-SVR,0.428989231935071,0.7237421703731781
student_t,0,outlier1,Min-Max,KNN,0.3790169939988695,0.7547473329049773
student_t,0,outlier1,RobustScaler,Ridge,0.0707298637725489,0.92327849399233
student_t,0,outlier1,RobustScaler,RBF-SVR,0.463225291117096,0.7017101393150508
student_t,0,outlier1,RobustScaler,KNN,0.3986029494542077,0.7427495139411247
student_t,0,outlier1,Winsorized Z-score,Ridge,0.5537642597225338,0.6397995126771789
student_t,0,outlier1,Winsorized Z-score,RBF-SVR,0.480265714940896,0.6904820812925206
student_t,0,outlier1,Winsorized Z-score,KNN,0.4378641934555429,0.7180957462653241
student_t,0,outlier1,Yeo-Johnson,Ridge,0.0534866003958192,0.9318051633208012
student_t,0,outlier1,Yeo-Johnson,RBF-SVR,0.4676814612082519,0.6987913574393674
student_t,0,outlier1,Yeo-Johnson,KNN,0.3879435268990928,0.749303009745831
student_t,0,outlier1,Quantile-Normal,Ridge,0.6006046099377238,0.6052896575117772
student_t,0,outlier1,Quantile-Normal,RBF-SVR,0.549857394182659,0.6425941827811626
student_t,0,outlier1,Quantile-Normal,KNN,0.5271635225242013,0.6585931601123756
student_t,0,outlier1,Core-Norm ablation — residual channel removed,Ridge,0.6506128902565494,0.5661286952133248
student_t,0,outlier1,Core-Norm ablation — residual channel removed,RBF-SVR,0.5272449607621816,0.6585364417978209
student_t,0,outlier1,Core-Norm ablation — residual channel removed,KNN,0.5226652338786253,0.661718478928704
student_t,0,outlier1,Core-Norm,Ridge,0.6471964774005788,0.5688898506042637
student_t,0,outlier1,Core-Norm,RBF-SVR,0.5498867528354224,0.6425732271919169
student_t,0,outlier1,Core-Norm,KNN,0.524243156337979,0.6606238543013704
student_t,1,outlier1,No scaling,Ridge,0.2052303772926639,0.8058320008452581
student_t,1,outlier1,No scaling,RBF-SVR,0.4021886858031107,0.6988853635815717
student_t,1,outlier1,No scaling,KNN,0.3002529281272175,0.7561264409140929
student_t,1,outlier1,Z-score,Ridge,0.2052244509822339,0.8058350052389543
student_t,1,outlier1,Z-score,RBF-SVR,0.4098284985747012,0.6944052526902479
student_t,1,outlier1,Z-score,KNN,0.2885947783100608,0.7623991518823033
student_t,1,outlier1,Min-Max,Ridge,0.1732841611541349,0.8218678829111459
student_t,1,outlier1,Min-Max,RBF-SVR,0.3553997361647726,0.725720046441352
student_t,1,outlier1,Min-Max,KNN,0.3039683619762098,0.7541163739977272
student_t,1,outlier1,RobustScaler,Ridge,0.2052393917752986,0.8058274308548051
student_t,1,outlier1,RobustScaler,RBF-SVR,0.4045943399361806,0.6974777528166428
student_t,1,outlier1,RobustScaler,KNN,0.3005555239582469,0.7559629350855473
student_t,1,outlier1,Winsorized Z-score,Ridge,0.4552008398987659,0.6671785803513979
student_t,1,outlier1,Winsorized Z-score,RBF-SVR,0.3956028173394597,0.7027245010878922
student_t,1,outlier1,Winsorized Z-score,KNN,0.3236380134599818,0.7433844557997544
student_t,1,outlier1,Yeo-Johnson,Ridge,0.1882688532314279,0.8143854117890302
student_t,1,outlier1,Yeo-Johnson,RBF-SVR,0.4080658242961047,0.6954414749532825
student_t,1,outlier1,Yeo-Johnson,KNN,0.2751999193967485,0.7695431854315016
student_t,1,outlier1,Quantile-Normal,Ridge,0.402510897281279,0.6986969937462464
student_t,1,outlier1,Quantile-Normal,RBF-SVR,0.3393189644144322,0.7347165126276559
student_t,1,outlier1,Quantile-Normal,KNN,0.3224762384673517,0.7440226310216651
student_t,1,outlier1,Core-Norm ablation — residual channel removed,Ridge,0.3604331341146227,0.7228810803217273
student_t,1,outlier1,Core-Norm ablation — residual channel removed,RBF-SVR,0.3006675943771162,0.7559023695370114
student_t,1,outlier1,Core-Norm ablation — residual channel removed,KNN,0.3043831630689779,0.753891632120022
student_t,1,outlier1,Core-Norm,Ridge,0.4538348221164781,0.6680144913569716
student_t,1,outlier1,Core-Norm,RBF-SVR,0.364957257731308,0.7203198098928093
student_t,1,outlier1,Core-Norm,KNN,0.2987239641396074,0.7569520672815324
laplace,0,outlier1,No scaling,Ridge,-0.0102458478818012,1.0932751962161904
laplace,0,outlier1,No scaling,RBF-SVR,0.6953192507065638,0.6003969336182841
laplace,0,outlier1,No scaling,KNN,0.4821193155264006,0.7827639474410617
laplace,0,outlier1,Z-score,Ridge,-0.0099119539496554,1.0930945134042354
laplace,0,outlier1,Z-score,RBF-SVR,0.6981769712232415,0.5975746207042671
laplace,0,outlier1,Z-score,KNN,0.4815694850980989,0.783179364809504
laplace,0,outlier1,Min-Max,Ridge,0.0550866080592539,1.0573334214243943
laplace,0,outlier1,Min-Max,RBF-SVR,0.7069321150110917,0.5888437544651557
laplace,0,outlier1,Min-Max,KNN,0.4736410109577652,0.7891453105610927
laplace,0,outlier1,RobustScaler,Ridge,-0.0102134940809306,1.093257689640304
laplace,0,outlier1,RobustScaler,RBF-SVR,0.6948648250204936,0.6008445072384131
laplace,0,outlier1,RobustScaler,KNN,0.4683661107022394,0.7930896582402703
laplace,0,outlier1,Winsorized Z-score,Ridge,0.6945496634808438,0.6011547209148767
laplace,0,outlier1,Winsorized Z-score,RBF-SVR,0.6247912546373922,0.6662733373754146
laplace,0,outlier1,Winsorized Z-score,KNN,0.5179022541278694,0.7552374348107005
laplace,0,outlier1,Yeo-Johnson,Ridge,-0.0399976469862328,1.1092568936495462
laplace,0,outlier1,Yeo-Johnson,RBF-SVR,0.6887595273651996,0.606825735722942
laplace,0,outlier1,Yeo-Johnson,KNN,0.4728480106341672,0.7897395409018987
laplace,0,outlier1,Quantile-Normal,Ridge,0.591230150884757,0.6954331444786291
laplace,0,outlier1,Quantile-Normal,RBF-SVR,0.6146137906060193,0.6752491450204705
laplace,0,outlier1,Quantile-Normal,KNN,0.5155605117259237,0.7570694585801937
laplace,0,outlier1,Core-Norm ablation — residual channel removed,Ridge,0.6885721317916047,0.6070083908642355
laplace,0,outlier1,Core-Norm ablation — residual channel removed,RBF-SVR,0.5824002424682442,0.7029041006706581
laplace,0,outlier1,Core-Norm ablation — residual channel removed,KNN,0.5147725697390111,0.7576848960722331
laplace,0,outlier1,Core-Norm,Ridge,0.703382479236542,0.5923990567364207
laplace,0,outlier1,Core-Norm,RBF-SVR,0.6207125575489645,0.6698849027002054
laplace,0,outlier1,Core-Norm,KNN,0.5113420998871385,0.7603585262139302
laplace,1,outlier1,No scaling,Ridge,0.1113546336973663,1.117722006544949
laplace,1,outlier1,No scaling,RBF-SVR,0.6604030125094129,0.690957723801006
laplace,1,outlier1,No scaling,KNN,0.4507781249045484,0.8787057628477685
laplace,1,outlier1,Z-score,Ridge,0.1113173586596012,1.1177454482319782
laplace,1,outlier1,Z-score,RBF-SVR,0.6461002298929022,0.7053581709957495
laplace,1,outlier1,Z-score,KNN,0.3955471110492895,0.9218298992133545
laplace,1,outlier1,Min-Max,Ridge,0.0842903934808595,1.1346148060352803
laplace,1,outlier1,Min-Max,RBF-SVR,0.6560017481050058,0.6954208046952648
laplace,1,outlier1,Min-Max,KNN,0.4229419187677663,0.9006982627130194
laplace,1,outlier1,RobustScaler,Ridge,0.1113645376039579,1.117715778050652
laplace,1,outlier1,RobustScaler,RBF-SVR,0.6629187656316733,0.6883936398842718
laplace,1,outlier1,RobustScaler,KNN,0.4620244343219505,0.8696626866547961
laplace,1,outlier1,Winsorized Z-score,Ridge,0.7367554244427044,0.6083440669271377
laplace,1,outlier1,Winsorized Z-score,RBF-SVR,0.6480629477834648,0.7033995035327061
laplace,1,outlier1,Winsorized Z-score,KNN,0.5225644595177723,0.8192697768016789
laplace,1,outlier1,Yeo-Johnson,Ridge,0.0797180993185682,1.1374439414135966
laplace,1,outlier1,Yeo-Johnson,RBF-SVR,0.6438628832658959,0.7075842876592846
laplace,1,outlier1,Yeo-Johnson,KNN,0.3930604279589357,0.9237241296044796
laplace,1,outlier1,Quantile-Normal,Ridge,0.707103120666199,0.641692456113756
laplace,1,outlier1,Quantile-Normal,RBF-SVR,0.6222907734571232,0.728699309950713
laplace,1,outlier1,Quantile-Normal,KNN,0.5223311651407312,0.8194699165829811
laplace,1,outlier1,Core-Norm ablation — residual channel removed,Ridge,0.6973353999154137,0.6523045015943031
laplace,1,outlier1,Core-Norm ablation — residual channel removed,RBF-SVR,0.6055447745682605,0.7446778191387565
laplace,1,outlier1,Core-Norm ablation — residual channel removed,KNN,0.5013150661486846,0.8373030731524814
laplace,1,outlier1,Core-Norm,Ridge,0.7185301226859007,0.6290505165371553
laplace,1,outlier1,Core-Norm,RBF-SVR,0.6420144350908921,0.7094181882586661
laplace,1,outlier1,Core-Norm,KNN,0.5083487762807667,0.8313772259266027
bimodal,0,outlier1,No scaling,Ridge,-0.0077525008043324,1.079918520869397
bimodal,0,outlier1,No scaling,RBF-SVR,0.5134873887685518,0.7503451822702893
bimodal,0,outlier1,No scaling,KNN,0.5486274721153435,0.7227391966429119
bimodal,0,outlier1,Z-score,Ridge,-0.0077280601169826,1.07990542533704
bimodal,0,outlier1,Z-score,RBF-SVR,0.5044689766396042,0.7572677675301207
bimodal,0,outlier1,Z-score,KNN,0.5222941768657028,0.7435228414739761
bimodal,0,outlier1,Min-Max,Ridge,-0.0039492178317257,1.077878774874619
bimodal,0,outlier1,Min-Max,RBF-SVR,0.321624109386179,0.8860316784930815
bimodal,0,outlier1,Min-Max,KNN,0.5315749073264814,0.7362649442202399
bimodal,0,outlier1,RobustScaler,Ridge,-0.0077472064988266,1.079915684148042
bimodal,0,outlier1,RobustScaler,RBF-SVR,0.5151727591573979,0.7490443869421413
bimodal,0,outlier1,RobustScaler,KNN,0.5418672017639766,0.7281313655723967
bimodal,0,outlier1,Winsorized Z-score,Ridge,0.5595250378963885,0.7139612819227785
bimodal,0,outlier1,Winsorized Z-score,RBF-SVR,0.7125172481003135,0.5767929506250972
bimodal,0,outlier1,Winsorized Z-score,KNN,0.5915195704508349,0.6875426984067647
bimodal,0,outlier1,Yeo-Johnson,Ridge,-0.0043117381900374,1.0780733652604872
bimodal,0,outlier1,Yeo-Johnson,RBF-SVR,0.5116827352056086,0.7517355467475318
bimodal,0,outlier1,Yeo-Johnson,KNN,0.5270898203721219,0.7397813499820067
bimodal,0,outlier1,Quantile-Normal,Ridge,0.4483771396888688,0.798978651351118
bimodal,0,outlier1,Quantile-Normal,RBF-SVR,0.660853650087496,0.6264805913004416
bimodal,0,outlier1,Quantile-Normal,KNN,0.5191019440044291,0.7460029724942157
bimodal,0,outlier1,Core-Norm ablation — residual channel removed,Ridge,0.573389840961281,0.702634780880842
bimodal,0,outlier1,Core-Norm ablation — residual channel removed,RBF-SVR,0.7288348073854777,0.5601844098676876
bimodal,0,outlier1,Core-Norm ablation — residual channel removed,KNN,0.5994217248631777,0.6808598790375262
bimodal,0,outlier1,Core-Norm,Ridge,0.640281877675081,0.6452012589173619
bimodal,0,outlier1,Core-Norm,RBF-SVR,0.714677208911539,0.5746220392861232
bimodal,0,outlier1,Core-Norm,KNN,0.5926639475298201,0.6865789313678168
bimodal,1,outlier1,No scaling,Ridge,0.0413844199634402,0.8026966908846441
bimodal,1,outlier1,No scaling,RBF-SVR,0.4582646105016419,0.6034243547153977
bimodal,1,outlier1,No scaling,KNN,0.3960420769570738,0.6371366276843772
bimodal,1,outlier1,Z-score,Ridge,0.0415785184789776,0.8026154225812699
bimodal,1,outlier1,Z-score,RBF-SVR,0.4601659481246725,0.6023644997500205
bimodal,1,outlier1,Z-score,KNN,0.3592201350024367,0.656271673532791
bimodal,1,outlier1,Min-Max,Ridge,0.0949972876960827,0.7799273881666031
bimodal,1,outlier1,Min-Max,RBF-SVR,0.4358796011368534,0.6157651887916828
bimodal,1,outlier1,Min-Max,KNN,0.3743941883290984,0.6484546640503944
bimodal,1,outlier1,RobustScaler,Ridge,0.041600435096552,0.8026062456605836
bimodal,1,outlier1,RobustScaler,RBF-SVR,0.4580060616407182,0.6035683328199501
bimodal,1,outlier1,RobustScaler,KNN,0.397627867253509,0.6362996246954874
bimodal,1,outlier1,Winsorized Z-score,Ridge,0.5627016983432389,0.5421483325302979
bimodal,1,outlier1,Winsorized Z-score,RBF-SVR,0.5114872979653292,0.5730165443616716
bimodal,1,outlier1,Winsorized Z-score,KNN,0.4685260105198743,0.597682085039158
bimodal,1,outlier1,Yeo-Johnson,Ridge,0.0048561283496625,0.8178471930275834
bimodal,1,outlier1,Yeo-Johnson,RBF-SVR,0.4577412207887738,0.6037157791451194
bimodal,1,outlier1,Yeo-Johnson,KNN,0.3490468379499755,0.6614607843368581
bimodal,1,outlier1,Quantile-Normal,Ridge,0.5310226020859499,0.5614423741467931
bimodal,1,outlier1,Quantile-Normal,RBF-SVR,0.4708225710461783,0.5963893603449286
bimodal,1,outlier1,Quantile-Normal,KNN,0.4549909305606096,0.6052448402226811
bimodal,1,outlier1,Core-Norm ablation — residual channel removed,Ridge,0.5637151637471833,0.5415197372541527
bimodal,1,outlier1,Core-Norm ablation — residual channel removed,RBF-SVR,0.516428976340563,0.5701109279740112
bimodal,1,outlier1,Core-Norm ablation — residual channel removed,KNN,0.4546844450814252,0.605414995816262
bimodal,1,outlier1,Core-Norm,Ridge,0.5809480396792055,0.5307172078746263
bimodal,1,outlier1,Core-Norm,RBF-SVR,0.5154095458492021,0.5707115455175296
bimodal,1,outlier1,Core-Norm,KNN,0.4582098453492673,0.6034548546534
zero_inflated,0,outlier1,No scaling,Ridge,0.0516909851718877,1.0475843136592005
zero_inflated,0,outlier1,No scaling,RBF-SVR,0.2273720179193014,0.9455821463146548
zero_inflated,0,outlier1,No scaling,KNN,0.1241965035486254,1.0067401393799411
zero_inflated,0,outlier1,Z-score,Ridge,0.0516889441627318,1.0475854409963827
zero_inflated,0,outlier1,Z-score,RBF-SVR,0.2284462283298849,0.9449245805041584
zero_inflated,0,outlier1,Z-score,KNN,0.1473656868301021,0.9933343420090516
zero_inflated,0,outlier1,Min-Max,Ridge,0.0421305185791156,1.0528517308928376
zero_inflated,0,outlier1,Min-Max,RBF-SVR,0.2414443707878323,0.93693133747192
zero_inflated,0,outlier1,Min-Max,KNN,0.1351680733758885,1.0004143304644206
zero_inflated,0,outlier1,RobustScaler,Ridge,0.0516909851718877,1.0475843136592005
zero_inflated,0,outlier1,RobustScaler,RBF-SVR,0.2273720179193014,0.9455821463146548
zero_inflated,0,outlier1,RobustScaler,KNN,0.1241965035486254,1.0067401393799411
zero_inflated,0,outlier1,Winsorized Z-score,Ridge,0.3099816122531136,0.8936025084879707
zero_inflated,0,outlier1,Winsorized Z-score,RBF-SVR,0.1355622147980305,1.0001863383826748
zero_inflated,0,outlier1,Winsorized Z-score,KNN,0.150565243896717,0.9914688194207584
zero_inflated,0,outlier1,Yeo-Johnson,Ridge,0.0507564962735251,1.0481003452704023
zero_inflated,0,outlier1,Yeo-Johnson,RBF-SVR,0.2260144083293354,0.9464125381676042
zero_inflated,0,outlier1,Yeo-Johnson,KNN,0.1512661744642879,0.991059668382283
zero_inflated,0,outlier1,Quantile-Normal,Ridge,0.2555209310605388,0.928197283887528
zero_inflated,0,outlier1,Quantile-Normal,RBF-SVR,0.1160944875449552,1.011386071585291
zero_inflated,0,outlier1,Quantile-Normal,KNN,0.1367879527427502,0.9994769748698517
zero_inflated,0,outlier1,Core-Norm ablation — residual channel removed,Ridge,0.3068550734270439,0.895624719272534
zero_inflated,0,outlier1,Core-Norm ablation — residual channel removed,RBF-SVR,0.1208798035441151,1.0086446189402252
zero_inflated,0,outlier1,Core-Norm ablation — residual channel removed,KNN,0.1431047054249729,0.9958133088189038
zero_inflated,0,outlier1,Core-Norm,Ridge,0.285957709132689,0.9090253918317858
zero_inflated,0,outlier1,Core-Norm,RBF-SVR,0.1290958105058238,1.0039203023387928
zero_inflated,0,outlier1,Core-Norm,KNN,0.1574983182407449,0.987414352174452
zero_inflated,1,outlier1,No scaling,Ridge,0.0926612577246435,1.1354609795095922
zero_inflated,1,outlier1,No scaling,RBF-SVR,0.7489669846777616,0.5972455298826614
zero_inflated,1,outlier1,No scaling,KNN,0.4552618271391542,0.8797948014330723
zero_inflated,1,outlier1,Z-score,Ridge,0.0925986371974115,1.1355001610936637
zero_inflated,1,outlier1,Z-score,RBF-SVR,0.7300729601456293,0.6193136933570145
zero_inflated,1,outlier1,Z-score,KNN,0.3573646858244974,0.955586003973532
zero_inflated,1,outlier1,Min-Max,Ridge,0.0777428396931703,1.144757518200726
zero_inflated,1,outlier1,Min-Max,RBF-SVR,0.7334789353695973,0.615393998094029
zero_inflated,1,outlier1,Min-Max,KNN,0.4073932774493197,0.9176366980050108
zero_inflated,1,outlier1,RobustScaler,Ridge,0.0926612577246435,1.1354609795095922
zero_inflated,1,outlier1,RobustScaler,RBF-SVR,0.7489669846777616,0.5972455298826614
zero_inflated,1,outlier1,RobustScaler,KNN,0.4552618271391542,0.8797948014330723
zero_inflated,1,outlier1,Winsorized Z-score,Ridge,0.7117352728751346,0.6400048110143058
zero_inflated,1,outlier1,Winsorized Z-score,RBF-SVR,0.6422235010358748,0.7130063399421939
zero_inflated,1,outlier1,Winsorized Z-score,KNN,0.4919014020647275,0.8496919129663802
zero_inflated,1,outlier1,Yeo-Johnson,Ridge,0.0838747428668077,1.1409455396144563
zero_inflated,1,outlier1,Yeo-Johnson,RBF-SVR,0.7282797382688329,0.621367449239202
zero_inflated,1,outlier1,Yeo-Johnson,KNN,0.3457941228491419,0.9641502256984844
zero_inflated,1,outlier1,Quantile-Normal,Ridge,0.6062166723903735,0.74802506211642
zero_inflated,1,outlier1,Quantile-Normal,RBF-SVR,0.5465860890547307,0.8026660731771178
zero_inflated,1,outlier1,Quantile-Normal,KNN,0.4440585364389777,0.8887958530550008
zero_inflated,1,outlier1,Core-Norm ablation — residual channel removed,Ridge,0.7311618477242078,0.61806327313274
zero_inflated,1,outlier1,Core-Norm ablation — residual channel removed,RBF-SVR,0.6226646455131557,0.7322362678071817
zero_inflated,1,outlier1,Core-Norm ablation — residual channel removed,KNN,0.4896600353593228,0.8515639664425606
zero_inflated,1,outlier1,Core-Norm,Ridge,0.7281926582552545,0.6214670081589591
zero_inflated,1,outlier1,Core-Norm,RBF-SVR,0.6360800173488232,0.7191019031364058
zero_inflated,1,outlier1,Core-Norm,KNN,0.4697819001514505,0.8679900785795776
bounded_beta,0,outlier1,No scaling,Ridge,0.007233438409301,1.144827453094412
bounded_beta,0,outlier1,No scaling,RBF-SVR,0.619805680132735,0.7084664308982415
bounded_beta,0,outlier1,No scaling,KNN,0.4980538338618887,0.8140386691933622
bounded_beta,0,outlier1,Z-score,Ridge,0.0069136346901583,1.1450118320870526
bounded_beta,0,outlier1,Z-score,RBF-SVR,0.6223841334103634,0.7060599570722053
bounded_beta,0,outlier1,Z-score,KNN,0.5133670534265881,0.8015252703110417
bounded_beta,0,outlier1,Min-Max,Ridge,0.0369575559476825,1.127558748662448
bounded_beta,0,outlier1,Min-Max,RBF-SVR,0.6255709990442048,0.7030742697845984
bounded_beta,0,outlier1,Min-Max,KNN,0.5001738843586321,0.8123177383824897
bounded_beta,0,outlier1,RobustScaler,Ridge,0.0067446978884443,1.1451092185872915
bounded_beta,0,outlier1,RobustScaler,RBF-SVR,0.6199027007261411,0.7083760294697851
bounded_beta,0,outlier1,RobustScaler,KNN,0.5112460736554116,0.8032700869616317
bounded_beta,0,outlier1,Winsorized Z-score,Ridge,0.6844356621890155,0.6454467577502824
bounded_beta,0,outlier1,Winsorized Z-score,RBF-SVR,0.6751895129599652,0.6548344006042561
bounded_beta,0,outlier1,Winsorized Z-score,KNN,0.5604984665101422,0.7617222863007077
bounded_beta,0,outlier1,Yeo-Johnson,Ridge,-0.0294341984350532,1.1657777462792185
bounded_beta,0,outlier1,Yeo-Johnson,RBF-SVR,0.6212466280357654,0.7071226018646378
bounded_beta,0,outlier1,Yeo-Johnson,KNN,0.5083302475539078,0.8056626129875448
bounded_beta,0,outlier1,Quantile-Normal,Ridge,0.6891854697284949,0.6405707762143011
bounded_beta,0,outlier1,Quantile-Normal,RBF-SVR,0.7068768101718431,0.62207328933889
bounded_beta,0,outlier1,Quantile-Normal,KNN,0.6083637092352714,0.7190480771271341
bounded_beta,0,outlier1,Core-Norm ablation — residual channel removed,Ridge,0.7229968593969587,0.6047262367971609
bounded_beta,0,outlier1,Core-Norm ablation — residual channel removed,RBF-SVR,0.6608132415353536,0.6691691480027837
bounded_beta,0,outlier1,Core-Norm ablation — residual channel removed,KNN,0.5969693419057353,0.7294331672498847
bounded_beta,0,outlier1,Core-Norm,Ridge,0.722463914498817,0.6053076939137205
bounded_beta,0,outlier1,Core-Norm,RBF-SVR,0.6741543138199303,0.6558770774506552
bounded_beta,0,outlier1,Core-Norm,KNN,0.5929521966644598,0.733059409332159
bounded_beta,1,outlier1,No scaling,Ridge,0.0134756411943247,1.107427674514153
bounded_beta,1,outlier1,No scaling,RBF-SVR,0.7210434512930929,0.5888839887032612
bounded_beta,1,outlier1,No scaling,KNN,0.6319079105620622,0.6764562408585456
bounded_beta,1,outlier1,Z-score,Ridge,0.0126980003996515,1.1078640607456347
bounded_beta,1,outlier1,Z-score,RBF-SVR,0.728550312963913,0.5809063694081845
bounded_beta,1,outlier1,Z-score,KNN,0.5111041244507906,0.7795960903178454
bounded_beta,1,outlier1,Min-Max,Ridge,0.0280892105849215,1.0991948056233802
bounded_beta,1,outlier1,Min-Max,RBF-SVR,0.7323051735682466,0.5768746497621438
bounded_beta,1,outlier1,Min-Max,KNN,0.5642673304580126,0.7359893451882716
bounded_beta,1,outlier1,RobustScaler,Ridge,0.0126399655173711,1.107896621104861
bounded_beta,1,outlier1,RobustScaler,RBF-SVR,0.7214763780225647,0.5884268518978278
bounded_beta,1,outlier1,RobustScaler,KNN,0.6058016213817964,0.7000335950090542
bounded_beta,1,outlier1,Winsorized Z-score,Ridge,0.7124097541159208,0.597927518933821
bounded_beta,1,outlier1,Winsorized Z-score,RBF-SVR,0.647973161400477,0.6615297097933478
bounded_beta,1,outlier1,Winsorized Z-score,KNN,0.6019542099285418,0.7034414951154296
bounded_beta,1,outlier1,Yeo-Johnson,Ridge,0.0078392835607011,1.1105867289616933
bounded_beta,1,outlier1,Yeo-Johnson,RBF-SVR,0.7272755200048585,0.582268809645712
bounded_beta,1,outlier1,Yeo-Johnson,KNN,0.5073566482481077,0.7825782597373269
bounded_beta,1,outlier1,Quantile-Normal,Ridge,0.6175685735258915,0.6895063218627483
bounded_beta,1,outlier1,Quantile-Normal,RBF-SVR,0.6424250585795394,0.6667223345495364
bounded_beta,1,outlier1,Quantile-Normal,KNN,0.5673410480701471,0.7333888664857237
bounded_beta,1,outlier1,Core-Norm ablation — residual channel removed,Ridge,0.7226933301736035,0.5871399390842232
bounded_beta,1,outlier1,Core-Norm ablation — residual channel removed,RBF-SVR,0.6335219446660041,0.674971526870115
bounded_beta,1,outlier1,Core-Norm ablation — residual channel removed,KNN,0.6248912534232496,0.682873188088742
bounded_beta,1,outlier1,Core-Norm,Ridge,0.7147591427282478,0.5954802091582057
bounded_beta,1,outlier1,Core-Norm,RBF-SVR,0.6390951578763227,0.6698195515959753
bounded_beta,1,outlier1,Core-Norm,KNN,0.627525732970869,0.6804709709509866
mixed,0,outlier1,No scaling,Ridge,0.0912952976492773,1.0661729830172242
mixed,0,outlier1,No scaling,RBF-SVR,0.7094685089826236,0.6028550343386067
mixed,0,outlier1,No scaling,KNN,0.5248140697144689,0.770988805207545
mixed,0,outlier1,Z-score,Ridge,0.0914300311790009,1.0660939394214142
mixed,0,outlier1,Z-score,RBF-SVR,0.6809798922406469,0.6317210000592076
mixed,0,outlier1,Z-score,KNN,0.4533267678662993,0.8269517871618858
mixed,0,outlier1,Min-Max,Ridge,0.1044934120031458,1.0584020640271143
mixed,0,outlier1,Min-Max,RBF-SVR,0.5646992433303725,0.7379229144830142
mixed,0,outlier1,Min-Max,KNN,0.245201520512735,0.971699085128054
mixed,0,outlier1,RobustScaler,Ridge,0.0913002225572771,1.066170093843792
mixed,0,outlier1,RobustScaler,RBF-SVR,0.2336876992528958,0.9790822651734836
mixed,0,outlier1,RobustScaler,KNN,0.1869927956213867,1.0084711592365625
mixed,0,outlier1,Winsorized Z-score,Ridge,0.6579752004370365,0.6541014081031488
mixed,0,outlier1,Winsorized Z-score,RBF-SVR,0.6644652537004239,0.6478657715309707
mixed,0,outlier1,Winsorized Z-score,KNN,0.5423275838515476,0.7566475927117217
mixed,0,outlier1,Yeo-Johnson,Ridge,0.0907316580776542,1.0665035877369762
mixed,0,outlier1,Yeo-Johnson,RBF-SVR,0.6817640583346024,0.6309441227325592
mixed,0,outlier1,Yeo-Johnson,KNN,0.4492497398127095,0.8300297162526261
mixed,0,outlier1,Quantile-Normal,Ridge,0.6681816086421968,0.6442679277374462
mixed,0,outlier1,Quantile-Normal,RBF-SVR,0.668811733671261,0.6436559027939555
mixed,0,outlier1,Quantile-Normal,KNN,0.583012812813732,0.7222335199177137
mixed,0,outlier1,Core-Norm ablation — residual channel removed,Ridge,0.7463932389404893,0.5632441623759732
mixed,0,outlier1,Core-Norm ablation — residual channel removed,RBF-SVR,0.6444478230800861,0.6669111164282565
mixed,0,outlier1,Core-Norm ablation — residual channel removed,KNN,0.5453660480227562,0.7541317374269765
mixed,0,outlier1,Core-Norm,Ridge,0.7507476691988351,0.5583877725089849
mixed,0,outlier1,Core-Norm,RBF-SVR,0.6419395606337839,0.6692593628787821
mixed,0,outlier1,Core-Norm,KNN,0.5251949610874129,0.7706797452830512
mixed,1,outlier1,No scaling,Ridge,0.2499843400687929,0.8798932396305492
mixed,1,outlier1,No scaling,RBF-SVR,0.5903712946871766,0.6502644424546137
mixed,1,outlier1,No scaling,KNN,0.4883327920759424,0.7267559692248312
mixed,1,outlier1,Z-score,Ridge,0.2500490995495344,0.8798552519841523
mixed,1,outlier1,Z-score,RBF-SVR,0.6235394175032853,0.623382448211232
mixed,1,outlier1,Z-score,KNN,0.4361005494966105,0.7629492509668767
mixed,1,outlier1,Min-Max,Ridge,0.2417627734487558,0.8847027285472115
mixed,1,outlier1,Min-Max,RBF-SVR,0.6026670212316526,0.6404306698590356
mixed,1,outlier1,Min-Max,KNN,0.3906167484730311,0.793122137812
mixed,1,outlier1,RobustScaler,Ridge,0.249902152189243,0.8799414483429983
mixed,1,outlier1,RobustScaler,RBF-SVR,0.5904681371919913,0.650187571670191
mixed,1,outlier1,RobustScaler,KNN,0.4041868287267797,0.7842415809506861
mixed,1,outlier1,Winsorized Z-score,Ridge,0.6232807589443699,0.6235965682625284
mixed,1,outlier1,Winsorized Z-score,RBF-SVR,0.4989193359162958,0.7191982756359946
mixed,1,outlier1,Winsorized Z-score,KNN,0.4387309801759527,0.7611677002165627
mixed,1,outlier1,Yeo-Johnson,Ridge,0.2329082953335439,0.889853388300699
mixed,1,outlier1,Yeo-Johnson,RBF-SVR,0.6229121966124642,0.6239015407637664
mixed,1,outlier1,Yeo-Johnson,KNN,0.4288734975523408,0.7678227434284378
mixed,1,outlier1,Quantile-Normal,Ridge,0.5142144044765345,0.7081367472972175
mixed,1,outlier1,Quantile-Normal,RBF-SVR,0.4799351195336206,0.732695592232681
mixed,1,outlier1,Quantile-Normal,KNN,0.4197289043373957,0.7739453305478916
mixed,1,outlier1,Core-Norm ablation — residual channel removed,Ridge,0.526995008750192,0.6987594222265284
mixed,1,outlier1,Core-Norm ablation — residual channel removed,RBF-SVR,0.402042202833938,0.7856517495220157
mixed,1,outlier1,Core-Norm ablation — residual channel removed,KNN,0.3876529412183583,0.7950485198467238
mixed,1,outlier1,Core-Norm,Ridge,0.592350275797376,0.6486917754824275
mixed,1,outlier1,Core-Norm,RBF-SVR,0.4529004634305089,0.7514982762177573
mixed,1,outlier1,Core-Norm,KNN,0.37221875671809,0.8050057513531625
heteroscedastic,0,outlier1,No scaling,Ridge,0.053414371802827,1.0466319796806685
heteroscedastic,0,outlier1,No scaling,RBF-SVR,0.3473814264562931,0.8690479952229234
heteroscedastic,0,outlier1,No scaling,KNN,0.3085747749297985,0.8945130010575254
heteroscedastic,0,outlier1,Z-score,Ridge,0.0526471131485953,1.0470560695674818
heteroscedastic,0,outlier1,Z-score,RBF-SVR,0.6630554985534199,0.624443621818077
heteroscedastic,0,outlier1,Z-score,KNN,0.5803925467974047,0.6968441268230846
heteroscedastic,0,outlier1,Min-Max,Ridge,0.0613098249186498,1.0422578705542944
heteroscedastic,0,outlier1,Min-Max,RBF-SVR,0.6598662850179163,0.6273918726632656
heteroscedastic,0,outlier1,Min-Max,KNN,0.5762910273665677,0.7002415514233915
heteroscedastic,0,outlier1,RobustScaler,Ridge,0.0525470267031894,1.0471113780770431
heteroscedastic,0,outlier1,RobustScaler,RBF-SVR,0.665723721276683,0.6219662608602278
heteroscedastic,0,outlier1,RobustScaler,KNN,0.5772066754511204,0.6994845204762828
heteroscedastic,0,outlier1,Winsorized Z-score,Ridge,0.7451149479425252,0.5431080381840799
heteroscedastic,0,outlier1,Winsorized Z-score,RBF-SVR,0.6281937968160316,0.6559524565337644
heteroscedastic,0,outlier1,Winsorized Z-score,KNN,0.5983242042555836,0.6817919647904093
heteroscedastic,0,outlier1,Yeo-Johnson,Ridge,0.0342490506007884,1.0571743541478178
heteroscedastic,0,outlier1,Yeo-Johnson,RBF-SVR,0.6594550382415121,0.6277710396375582
heteroscedastic,0,outlier1,Yeo-Johnson,KNN,0.5657174816867352,0.7089248842970394
heteroscedastic,0,outlier1,Quantile-Normal,Ridge,0.6555795480554462,0.6313330330111505
heteroscedastic,0,outlier1,Quantile-Normal,RBF-SVR,0.6374712802317707,0.6477169406287594
heteroscedastic,0,outlier1,Quantile-Normal,KNN,0.6165877601281998,0.6661116566892046
heteroscedastic,0,outlier1,Core-Norm ablation — residual channel removed,Ridge,0.7498577610866408,0.5380313273332691
heteroscedastic,0,outlier1,Core-Norm ablation — residual channel removed,RBF-SVR,0.6341732173368635,0.6506565349059193
heteroscedastic,0,outlier1,Core-Norm ablation — residual channel removed,KNN,0.598287809161715,0.6818228520392314
heteroscedastic,0,outlier1,Core-Norm,Ridge,0.7530557008997902,0.5345810374784247
heteroscedastic,0,outlier1,Core-Norm,RBF-SVR,0.6225823512326455,0.6608838658689318
heteroscedastic,0,outlier1,Core-Norm,KNN,0.6030063927061883,0.6778066165045646
heteroscedastic,1,outlier1,No scaling,Ridge,0.0525414152983318,1.1201492917103213
heteroscedastic,1,outlier1,No scaling,RBF-SVR,0.3498574784372134,0.9278976539503948
heteroscedastic,1,outlier1,No scaling,KNN,0.2369677327387342,1.005234170479032
heteroscedastic,1,outlier1,Z-score,Ridge,0.0500547999527748,1.1216182505081216
heteroscedastic,1,outlier1,Z-score,RBF-SVR,0.6458756070004072,0.6848157066286179
heteroscedastic,1,outlier1,Z-score,KNN,0.3706677094412166,0.9129264686278128
heteroscedastic,1,outlier1,Min-Max,Ridge,0.0528245712153913,1.119981896213387
heteroscedastic,1,outlier1,Min-Max,RBF-SVR,0.6488343091441494,0.6819488953394611
heteroscedastic,1,outlier1,Min-Max,KNN,0.424662393694923,0.8728852846199292
heteroscedastic,1,outlier1,RobustScaler,Ridge,0.0500183537844262,1.1216397666416271
heteroscedastic,1,outlier1,RobustScaler,RBF-SVR,0.6596961574558117,0.6713194305290432
heteroscedastic,1,outlier1,RobustScaler,KNN,0.4560153863378129,0.8487681983409855
heteroscedastic,1,outlier1,Winsorized Z-score,Ridge,0.741221156722025,0.5854100510194388
heteroscedastic,1,outlier1,Winsorized Z-score,RBF-SVR,0.6740751711578432,0.6569835780508991
heteroscedastic,1,outlier1,Winsorized Z-score,KNN,0.530752694430535,0.7883093629125508
heteroscedastic,1,outlier1,Yeo-Johnson,Ridge,0.0446740050399724,1.1247903679999498
heteroscedastic,1,outlier1,Yeo-Johnson,RBF-SVR,0.6474364870219333,0.683304803047987
heteroscedastic,1,outlier1,Yeo-Johnson,KNN,0.3569354627118464,0.9228329043414548
heteroscedastic,1,outlier1,Quantile-Normal,Ridge,0.7096174515950804,0.62012758037837
heteroscedastic,1,outlier1,Quantile-Normal,RBF-SVR,0.656538896719233,0.674426414289302
heteroscedastic,1,outlier1,Quantile-Normal,KNN,0.5149502467186976,0.8014730712105609
heteroscedastic,1,outlier1,Core-Norm ablation — residual channel removed,Ridge,0.7593853692575387,0.5644907200190935
heteroscedastic,1,outlier1,Core-Norm ablation — residual channel removed,RBF-SVR,0.6634119038189206,0.6676443334175982
heteroscedastic,1,outlier1,Core-Norm ablation — residual channel removed,KNN,0.5434831134365918,0.7775426392103121
heteroscedastic,1,outlier1,Core-Norm,Ridge,0.7619050861271733,0.56152726733472
heteroscedastic,1,outlier1,Core-Norm,RBF-SVR,0.6798841378629128,0.6511025380524156
heteroscedastic,1,outlier1,Core-Norm,KNN,0.5321820587067487,0.7871078209920672
diabetes,0,outlier1,No scaling,Ridge,-2.052819973800964,124.79557263792344
diabetes,0,outlier1,No scaling,RBF-SVR,0.1261666724776642,66.76715686835276
diabetes,0,outlier1,No scaling,KNN,0.2487409918276429,61.90752293481626
diabetes,0,outlier1,Z-score,Ridge,-8.10917006253177,215.56983336543357
diabetes,0,outlier1,Z-score,RBF-SVR,0.3078512305211628,59.42214250166348
diabetes,0,outlier1,Z-score,KNN,0.2491928764796149,61.88890134945843
diabetes,0,outlier1,Min-Max,Ridge,-7.476188334498339,207.94519035770415
diabetes,0,outlier1,Min-Max,RBF-SVR,0.2883932347894422,60.25160427791574
diabetes,0,outlier1,Min-Max,KNN,0.1984758628961832,63.945042971802536
diabetes,0,outlier1,RobustScaler,Ridge,-8.076134308687896,215.17858035107895
diabetes,0,outlier1,RobustScaler,RBF-SVR,0.1483238706202675,65.91523708314537
diabetes,0,outlier1,RobustScaler,KNN,0.2409840531168495,62.22630755815815
diabetes,0,outlier1,Winsorized Z-score,Ridge,0.3004431951909259,59.73929233158035
diabetes,0,outlier1,Winsorized Z-score,RBF-SVR,0.2997740792366595,59.76785538722269
diabetes,0,outlier1,Winsorized Z-score,KNN,0.3073006844872362,59.44577045816504
diabetes,0,outlier1,Yeo-Johnson,Ridge,-109.3991373705322,750.466690644151
diabetes,0,outlier1,Yeo-Johnson,RBF-SVR,0.3467406456453844,57.72864974434971
diabetes,0,outlier1,Yeo-Johnson,KNN,0.241591976651515,62.20138290759332
diabetes,0,outlier1,Quantile-Normal,Ridge,0.2625394543619609,61.336356734688
diabetes,0,outlier1,Quantile-Normal,RBF-SVR,0.2758305569183867,60.781117229176296
diabetes,0,outlier1,Quantile-Normal,KNN,0.2959299048594906,59.9316907841678
diabetes,0,outlier1,Core-Norm ablation — residual channel removed,Ridge,0.3519253030515733,57.49910882746692
diabetes,0,outlier1,Core-Norm ablation — residual channel removed,RBF-SVR,0.2955486724781285,59.94791417536979
diabetes,0,outlier1,Core-Norm ablation — residual channel removed,KNN,0.3397290537982114,58.03763069821483
diabetes,0,outlier1,Core-Norm,Ridge,0.3766780393443785,56.39035062626876
diabetes,0,outlier1,Core-Norm,RBF-SVR,0.2912324749259619,60.13128519184653
diabetes,0,outlier1,Core-Norm,KNN,0.3360195512450981,58.20043447059914
diabetes,1,outlier1,No scaling,Ridge,-0.6350962692528919,90.72949714071729
diabetes,1,outlier1,No scaling,RBF-SVR,0.1493057707564936,65.44305780606383
diabetes,1,outlier1,No scaling,KNN,0.3255001937317865,58.2730506842478
diabetes,1,outlier1,Z-score,Ridge,-4.252340542550586,162.6122571976088
diabetes,1,outlier1,Z-score,RBF-SVR,0.2038114722532757,63.31181994517936
diabetes,1,outlier1,Z-score,KNN,0.250455922613685,61.42928048176424
diabetes,1,outlier1,Min-Max,Ridge,-3.708296683679441,153.96030069988373
diabetes,1,outlier1,Min-Max,RBF-SVR,0.1409012256813269,65.76553989386163
diabetes,1,outlier1,Min-Max,KNN,0.19706238232665,63.57959286983447
diabetes,1,outlier1,RobustScaler,Ridge,-4.209386870747788,161.9459701791303
diabetes,1,outlier1,RobustScaler,RBF-SVR,0.1616345952166791,64.96710497752602
diabetes,1,outlier1,RobustScaler,KNN,0.3091711161812492,58.97420344940464
diabetes,1,outlier1,Winsorized Z-score,Ridge,0.3274857942274366,58.1872150192678
diabetes,1,outlier1,Winsorized Z-score,RBF-SVR,0.2806980741006853,60.17726583332279
diabetes,1,outlier1,Winsorized Z-score,KNN,0.2982970730882189,59.43653511512164
diabetes,1,outlier1,Yeo-Johnson,Ridge,-508.821301388085,1602.0860123466864
diabetes,1,outlier1,Yeo-Johnson,RBF-SVR,0.2319753832150559,62.18196044798783
diabetes,1,outlier1,Yeo-Johnson,KNN,0.264259504231402,60.86101211213322
diabetes,1,outlier1,Quantile-Normal,Ridge,0.3423100110106282,57.54233163764149
diabetes,1,outlier1,Quantile-Normal,RBF-SVR,0.2870593470597009,59.91058079332203
diabetes,1,outlier1,Quantile-Normal,KNN,0.3645708014595451,56.56013320817308
diabetes,1,outlier1,Core-Norm ablation — residual channel removed,Ridge,0.3964649372315535,55.12239678523103
diabetes,1,outlier1,Core-Norm ablation — residual channel removed,RBF-SVR,0.3169541478865118,58.64105421824937
diabetes,1,outlier1,Core-Norm ablation — residual channel removed,KNN,0.3645484798810378,56.56112663149184
diabetes,1,outlier1,Core-Norm,Ridge,0.3989839513175297,55.007242511848425
diabetes,1,outlier1,Core-Norm,RBF-SVR,0.3098450864479085,58.94542891528165
diabetes,1,outlier1,Core-Norm,KNN,0.3622443767027574,56.66357720872955
gaussian,0,outlier5,No scaling,Ridge,0.0064319672344529,1.0722914724427772
gaussian,0,outlier5,No scaling,RBF-SVR,0.407819576002143,0.8278298277390724
gaussian,0,outlier5,No scaling,KNN,0.3403487102216016,0.8737179440887862
gaussian,0,outlier5,Z-score,Ridge,0.0064392750531059,1.0722875290157676
gaussian,0,outlier5,Z-score,RBF-SVR,0.4328907468329928,0.8101163810170885
gaussian,0,outlier5,Z-score,KNN,0.341253204267377,0.873118730704539
gaussian,0,outlier5,Min-Max,Ridge,0.0065394168332651,1.0722334892952017
gaussian,0,outlier5,Min-Max,RBF-SVR,0.418508447336949,0.820324631817458
gaussian,0,outlier5,Min-Max,KNN,0.342052692587907,0.8725887393957321
gaussian,0,outlier5,RobustScaler,Ridge,0.0064320430438608,1.0722914315347667
gaussian,0,outlier5,RobustScaler,RBF-SVR,0.4191403196604526,0.8198788116522677
gaussian,0,outlier5,RobustScaler,KNN,0.3386464590116544,0.8748445462711463
gaussian,0,outlier5,Winsorized Z-score,Ridge,0.0122403884328177,1.0691525580733936
gaussian,0,outlier5,Winsorized Z-score,RBF-SVR,0.4762078304265189,0.7785626187699614
gaussian,0,outlier5,Winsorized Z-score,KNN,0.3425279775894477,0.8722735141032693
gaussian,0,outlier5,Yeo-Johnson,Ridge,0.0066918429748065,1.0721512300260136
gaussian,0,outlier5,Yeo-Johnson,RBF-SVR,0.4427281896951985,0.8030592420969187
gaussian,0,outlier5,Yeo-Johnson,KNN,0.3402743766151458,0.8737671706856808
gaussian,0,outlier5,Quantile-Normal,Ridge,0.4365768134496305,0.8074793132404668
gaussian,0,outlier5,Quantile-Normal,RBF-SVR,0.5406779782976079,0.7290757966456919
gaussian,0,outlier5,Quantile-Normal,KNN,0.4798849898836445,0.7758249478438011
gaussian,0,outlier5,Core-Norm ablation — residual channel removed,Ridge,0.5805748008384448,0.6966927753029553
gaussian,0,outlier5,Core-Norm ablation — residual channel removed,RBF-SVR,0.4982311340791509,0.7620191796047414
gaussian,0,outlier5,Core-Norm ablation — residual channel removed,KNN,0.50559505313707,0.7564068462129792
gaussian,0,outlier5,Core-Norm,Ridge,0.7023633163726303,0.5868907648519686
gaussian,0,outlier5,Core-Norm,RBF-SVR,0.5639493749504502,0.710366551408402
gaussian,0,outlier5,Core-Norm,KNN,0.5018058147996869,0.75929995535455
gaussian,1,outlier5,No scaling,Ridge,0.0227090627612905,1.137648394321604
gaussian,1,outlier5,No scaling,RBF-SVR,0.412797173679286,0.8818408055097908
gaussian,1,outlier5,No scaling,KNN,0.3633747527837779,0.9182016130887056
gaussian,1,outlier5,Z-score,Ridge,0.0227064871662548,1.137649893424642
gaussian,1,outlier5,Z-score,RBF-SVR,0.4420454443580905,0.8595982772405825
gaussian,1,outlier5,Z-score,KNN,0.3719782615791998,0.9119761080691512
gaussian,1,outlier5,Min-Max,Ridge,0.0215449863166647,1.1383257338565764
gaussian,1,outlier5,Min-Max,RBF-SVR,0.4499110910393736,0.8535177687905577
gaussian,1,outlier5,Min-Max,KNN,0.3782044944179524,0.9074441636658648
gaussian,1,outlier5,RobustScaler,Ridge,0.022708952432526,1.1376484585375573
gaussian,1,outlier5,RobustScaler,RBF-SVR,0.4430946467484932,0.8587896836491232
gaussian,1,outlier5,RobustScaler,KNN,0.3702435778584227,0.9132347422042548
gaussian,1,outlier5,Winsorized Z-score,Ridge,0.0259682453047024,1.1357498295676316
gaussian,1,outlier5,Winsorized Z-score,RBF-SVR,0.4950451644286407,0.8177534597501595
gaussian,1,outlier5,Winsorized Z-score,KNN,0.3736141975808856,0.9107875286694171
gaussian,1,outlier5,Yeo-Johnson,Ridge,0.0181809592855032,1.1402808941353992
gaussian,1,outlier5,Yeo-Johnson,RBF-SVR,0.448671907634019,0.8544785862678722
gaussian,1,outlier5,Yeo-Johnson,KNN,0.3746304543998269,0.9100483917333826
gaussian,1,outlier5,Quantile-Normal,Ridge,0.4679054415282374,0.839441684348447
gaussian,1,outlier5,Quantile-Normal,RBF-SVR,0.5333610884078548,0.7861159313016552
gaussian,1,outlier5,Quantile-Normal,KNN,0.472166037299818,0.8360741344113444
gaussian,1,outlier5,Core-Norm ablation — residual channel removed,Ridge,0.5634966331974312,0.7603086323615026
gaussian,1,outlier5,Core-Norm ablation — residual channel removed,RBF-SVR,0.5120719079009206,0.8038481821797345
gaussian,1,outlier5,Core-Norm ablation — residual channel removed,KNN,0.4978600647296194,0.8154709670578829
gaussian,1,outlier5,Core-Norm,Ridge,0.7229522502835446,0.6057221232008992
gaussian,1,outlier5,Core-Norm,RBF-SVR,0.6021022958361046,0.7259084287064176
gaussian,1,outlier5,Core-Norm,KNN,0.4806061029867465,0.8293627844761525
correlated,0,outlier5,No scaling,Ridge,-0.0156241492578028,1.084127988694941
correlated,0,outlier5,No scaling,RBF-SVR,0.1952036164479782,0.9650660887238376
correlated,0,outlier5,No scaling,KNN,0.191358998412392,0.9673684660446472
correlated,0,outlier5,Z-score,Ridge,-0.0155862631914258,1.0841077677657616
correlated,0,outlier5,Z-score,RBF-SVR,0.2075176964531504,0.9576544558575156
correlated,0,outlier5,Z-score,KNN,0.1812364042796308,0.9734044100824712
correlated,0,outlier5,Min-Max,Ridge,-0.0120131266709557,1.0821989795205182
correlated,0,outlier5,Min-Max,RBF-SVR,0.1886360317157994,0.9689958250031562
correlated,0,outlier5,Min-Max,KNN,0.1815260026949686,0.973232247258329
correlated,0,outlier5,RobustScaler,Ridge,-0.0156228604707768,1.0841273008368737
correlated,0,outlier5,RobustScaler,RBF-SVR,0.2059559288575994,0.9585976299469215
correlated,0,outlier5,RobustScaler,KNN,0.1885059608793557,0.9690734923950212
correlated,0,outlier5,Winsorized Z-score,Ridge,-0.0137072717927717,1.0831044200827755
correlated,0,outlier5,Winsorized Z-score,RBF-SVR,0.243182185111661,0.9358574898562227
correlated,0,outlier5,Winsorized Z-score,KNN,0.1894148294251801,0.9685306620579042
correlated,0,outlier5,Yeo-Johnson,Ridge,-0.0137028610507561,1.0831020637322286
correlated,0,outlier5,Yeo-Johnson,RBF-SVR,0.2196500629098029,0.9502956626676792
correlated,0,outlier5,Yeo-Johnson,KNN,0.1970629254309324,0.9639506552726346
correlated,0,outlier5,Quantile-Normal,Ridge,0.2975309021830608,0.9016285584590956
correlated,0,outlier5,Quantile-Normal,RBF-SVR,0.3455447968965638,0.8702699937306518
correlated,0,outlier5,Quantile-Normal,KNN,0.2817805181563663,0.911680441451628
correlated,0,outlier5,Core-Norm ablation — residual channel removed,Ridge,0.3367711431841379,0.8760840107569717
correlated,0,outlier5,Core-Norm ablation — residual channel removed,RBF-SVR,0.3271311931794335,0.882427928668046
correlated,0,outlier5,Core-Norm ablation — residual channel removed,KNN,0.3044817569314331,0.8971567109539575
correlated,0,outlier5,Core-Norm,Ridge,0.4342938520873575,0.8091135914400834
correlated,0,outlier5,Core-Norm,RBF-SVR,0.4188682630239563,0.8200707920630849
correlated,0,outlier5,Core-Norm,KNN,0.2917155859495416,0.9053528848817484
correlated,1,outlier5,No scaling,Ridge,0.0176888112762667,1.0484173778960812
correlated,1,outlier5,No scaling,RBF-SVR,0.4592681903995819,0.7778585412066116
correlated,1,outlier5,No scaling,KNN,0.3825236325392216,0.8312273717947721
correlated,1,outlier5,Z-score,Ridge,0.0176935939388052,1.0484148256332757
correlated,1,outlier5,Z-score,RBF-SVR,0.4775076540001924,0.7646270043706678
correlated,1,outlier5,Z-score,KNN,0.3770925692759211,0.8348749324936646
correlated,1,outlier5,Min-Max,Ridge,0.0171012700914563,1.0487308713765875
correlated,1,outlier5,Min-Max,RBF-SVR,0.4780649978938363,0.7642190807883852
correlated,1,outlier5,Min-Max,KNN,0.3797444452142539,0.8330958991738958
correlated,1,outlier5,RobustScaler,Ridge,0.0176888602959522,1.0484173517368096
correlated,1,outlier5,RobustScaler,RBF-SVR,0.4688685812796914,0.7709223947844828
correlated,1,outlier5,RobustScaler,KNN,0.3783888305439353,0.8340057988224765
correlated,1,outlier5,Winsorized Z-score,Ridge,0.0253235168784894,1.0443351829175076
correlated,1,outlier5,Winsorized Z-score,RBF-SVR,0.4964308377284689,0.7506530074689024
correlated,1,outlier5,Winsorized Z-score,KNN,0.3845348142249769,0.8298725727776255
correlated,1,outlier5,Yeo-Johnson,Ridge,0.0177323067308445,1.0483941663640506
correlated,1,outlier5,Yeo-Johnson,RBF-SVR,0.4890841916352157,0.7561088751029551
correlated,1,outlier5,Yeo-Johnson,KNN,0.3818373926993371,0.831689140836002
correlated,1,outlier5,Quantile-Normal,Ridge,0.4910993865414907,0.7546162493311552
correlated,1,outlier5,Quantile-Normal,RBF-SVR,0.5659730417853492,0.6968960743490208
correlated,1,outlier5,Quantile-Normal,KNN,0.4901203290740931,0.7553417914619172
correlated,1,outlier5,Core-Norm ablation — residual channel removed,Ridge,0.5872544337979566,0.6795960936711334
correlated,1,outlier5,Core-Norm ablation — residual channel removed,RBF-SVR,0.5587885648705233,0.7026402842235939
correlated,1,outlier5,Core-Norm ablation — residual channel removed,KNN,0.4990658063028477,0.7486865036902259
correlated,1,outlier5,Core-Norm,Ridge,0.6943343672920654,0.5848344828779688
correlated,1,outlier5,Core-Norm,RBF-SVR,0.6187465225794088,0.6531554760534275
correlated,1,outlier5,Core-Norm,KNN,0.4991845353799741,0.7485977733474917
lognormal,0,outlier5,No scaling,Ridge,0.0131621561815797,1.06865358020493
lognormal,0,outlier5,No scaling,RBF-SVR,0.3941888150772502,0.8373030841009436
lognormal,0,outlier5,No scaling,KNN,0.2817911286493909,0.9116737071489972
lognormal,0,outlier5,Z-score,Ridge,0.0131783940976402,1.0686447880925152
lognormal,0,outlier5,Z-score,RBF-SVR,0.4040063095780624,0.8304909002868919
lognormal,0,outlier5,Z-score,KNN,0.282265475838017,0.9113725960763172
lognormal,0,outlier5,Min-Max,Ridge,0.0139623405485546,1.068220229726303
lognormal,0,outlier5,Min-Max,RBF-SVR,0.3961594591546229,0.8359401426144523
lognormal,0,outlier5,Min-Max,KNN,0.2786419165060125,0.9136702806012345
lognormal,0,outlier5,RobustScaler,Ridge,0.0131622540179918,1.0686535272310624
lognormal,0,outlier5,RobustScaler,RBF-SVR,0.3969569724932563,0.8353879325199527
lognormal,0,outlier5,RobustScaler,KNN,0.2814885753421988,0.911865713167866
lognormal,0,outlier5,Winsorized Z-score,Ridge,0.0255823902357604,1.0619073070068976
lognormal,0,outlier5,Winsorized Z-score,RBF-SVR,0.4194904531949907,0.819631669055775
lognormal,0,outlier5,Winsorized Z-score,KNN,0.273801983625607,0.9167302796630652
lognormal,0,outlier5,Yeo-Johnson,Ridge,0.0083799450233528,1.071239795694602
lognormal,0,outlier5,Yeo-Johnson,RBF-SVR,0.3955062064200051,0.8363921928955962
lognormal,0,outlier5,Yeo-Johnson,KNN,0.2875257604308475,0.9080267241930908
lognormal,0,outlier5,Quantile-Normal,Ridge,0.4209664740255062,0.8185889959275455
lognormal,0,outlier5,Quantile-Normal,RBF-SVR,0.5341537003338492,0.7342354892411458
lognormal,0,outlier5,Quantile-Normal,KNN,0.4582939409290324,0.7917642598435741
lognormal,0,outlier5,Core-Norm ablation — residual channel removed,Ridge,0.5740923287330473,0.7020560373898701
lognormal,0,outlier5,Core-Norm ablation — residual channel removed,RBF-SVR,0.5147409258834122,0.7493778977973659
lognormal,0,outlier5,Core-Norm ablation — residual channel removed,KNN,0.5006573750086626,0.7601746226486438
lognormal,0,outlier5,Core-Norm,Ridge,0.6577291007868715,0.6293598521426698
lognormal,0,outlier5,Core-Norm,RBF-SVR,0.5358249874079966,0.7329172208813052
lognormal,0,outlier5,Core-Norm,KNN,0.4682317530358825,0.7844680274812315
lognormal,1,outlier5,No scaling,Ridge,0.0144937723319036,1.026917159281429
lognormal,1,outlier5,No scaling,RBF-SVR,0.3929726536090306,0.8059532527839234
lognormal,1,outlier5,No scaling,KNN,0.3286959897144623,0.8475500328604987
lognormal,1,outlier5,Z-score,Ridge,0.0145643031719616,1.0268804113523775
lognormal,1,outlier5,Z-score,RBF-SVR,0.407183016834959,0.79646380219543
lognormal,1,outlier5,Z-score,KNN,0.3292327342340325,0.8472111336452672
lognormal,1,outlier5,Min-Max,Ridge,0.0213030938005827,1.0233632853581656
lognormal,1,outlier5,Min-Max,RBF-SVR,0.4234742172222057,0.7854437555390524
lognormal,1,outlier5,Min-Max,KNN,0.3309441723421036,0.8461296292630962
lognormal,1,outlier5,RobustScaler,Ridge,0.0144946562487628,1.0269166987518208
lognormal,1,outlier5,RobustScaler,RBF-SVR,0.4196059265618851,0.7880743796422857
lognormal,1,outlier5,RobustScaler,KNN,0.3235986730422535,0.8507617378318079
lognormal,1,outlier5,Winsorized Z-score,Ridge,0.0192815055332139,1.0244196655131486
lognormal,1,outlier5,Winsorized Z-score,RBF-SVR,0.4286689200642876,0.7818971843646115
lognormal,1,outlier5,Winsorized Z-score,KNN,0.3299580386140756,0.846752962697561
lognormal,1,outlier5,Yeo-Johnson,Ridge,0.0102691832161204,1.0291158585885605
lognormal,1,outlier5,Yeo-Johnson,RBF-SVR,0.4163518657851672,0.7902805164815355
lognormal,1,outlier5,Yeo-Johnson,KNN,0.3227942960129371,0.8512674508165005
lognormal,1,outlier5,Quantile-Normal,Ridge,0.2460888434448302,0.8981850235787601
lognormal,1,outlier5,Quantile-Normal,RBF-SVR,0.2903670593452723,0.8714101369799312
lognormal,1,outlier5,Quantile-Normal,KNN,0.2856144040496479,0.874323333794413
lognormal,1,outlier5,Core-Norm ablation — residual channel removed,Ridge,0.3354516498481446,0.8432745942343706
lognormal,1,outlier5,Core-Norm ablation — residual channel removed,RBF-SVR,0.2527474207488461,0.8942098215223336
lognormal,1,outlier5,Core-Norm ablation — residual channel removed,KNN,0.3291106141908804,0.8472882518626088
lognormal,1,outlier5,Core-Norm,Ridge,0.3110474577729725,0.858618769067725
lognormal,1,outlier5,Core-Norm,RBF-SVR,0.3205158042511197,0.8526983137924525
lognormal,1,outlier5,Core-Norm,KNN,0.3414075532271917,0.8394872355268864
student_t,0,outlier5,No scaling,Ridge,-0.0750502368955752,0.9930614174710872
student_t,0,outlier5,No scaling,RBF-SVR,0.3076643633176931,0.796929810585897
student_t,0,outlier5,No scaling,KNN,0.2011897306863415,0.8560192853617717
student_t,0,outlier5,Z-score,Ridge,-0.0748359278087007,0.9929624301467028
student_t,0,outlier5,Z-score,RBF-SVR,0.3226605941951956,0.7882516718997811
student_t,0,outlier5,Z-score,KNN,0.2076890247098247,0.8525297935413273
student_t,0,outlier5,Min-Max,Ridge,-0.0510033698512224,0.9818921401660538
student_t,0,outlier5,Min-Max,RBF-SVR,0.2891124642600871,0.807536533404127
student_t,0,outlier5,Min-Max,KNN,0.1934534821814955,0.8601544482331203
student_t,0,outlier5,RobustScaler,Ridge,-0.0750450357799372,0.9930590152421788
student_t,0,outlier5,RobustScaler,RBF-SVR,0.320379350591698,0.7895779512787
student_t,0,outlier5,RobustScaler,KNN,0.2104281708480642,0.8510548515334654
student_t,0,outlier5,Winsorized Z-score,Ridge,-0.0661929287284133,0.9889620540589154
student_t,0,outlier5,Winsorized Z-score,RBF-SVR,0.3636153525959436,0.7640496415032844
student_t,0,outlier5,Winsorized Z-score,KNN,0.2067926133246199,0.8530119283359417
student_t,0,outlier5,Yeo-Johnson,Ridge,-0.0752239908511112,0.9931416655246328
student_t,0,outlier5,Yeo-Johnson,RBF-SVR,0.3157403453965209,0.7922681483130248
student_t,0,outlier5,Yeo-Johnson,KNN,0.2118726433086034,0.8502760192547358
student_t,0,outlier5,Quantile-Normal,Ridge,0.3436207837704965,0.7759596524344519
student_t,0,outlier5,Quantile-Normal,RBF-SVR,0.3649904948748461,0.7632236904242118
student_t,0,outlier5,Quantile-Normal,KNN,0.3779580999975713,0.7553905526146111
student_t,0,outlier5,Core-Norm ablation — residual channel removed,Ridge,0.4274003738375418,0.724748390270568
student_t,0,outlier5,Core-Norm ablation — residual channel removed,RBF-SVR,0.3395553252238018,0.778358998750042
student_t,0,outlier5,Core-Norm ablation — residual channel removed,KNN,0.3695195092524506,0.7604970883039834
student_t,0,outlier5,Core-Norm,Ridge,0.490043861706125,0.6839559644978247
student_t,0,outlier5,Core-Norm,RBF-SVR,0.3707650159069058,0.7597455405096042
student_t,0,outlier5,Core-Norm,KNN,0.3455157817114447,0.7748387266411393
student_t,1,outlier5,No scaling,Ridge,0.0542634761167987,0.8790406543464215
student_t,1,outlier5,No scaling,RBF-SVR,0.3421034206068906,0.7331666376571575
student_t,1,outlier5,No scaling,KNN,0.1755729157566272,0.8207294278723812
student_t,1,outlier5,Z-score,Ridge,0.0543061310553963,0.8790208307237837
student_t,1,outlier5,Z-score,RBF-SVR,0.3390450871931811,0.7348687807092487
student_t,1,outlier5,Z-score,KNN,0.1797150638496255,0.8186650465766023
student_t,1,outlier5,Min-Max,Ridge,0.0555068924713961,0.878462600629935
student_t,1,outlier5,Min-Max,RBF-SVR,0.3005848024897484,0.7559471127315243
student_t,1,outlier5,Min-Max,KNN,0.1935229059086142,0.8117455166693911
student_t,1,outlier5,RobustScaler,Ridge,0.0542642557897576,0.8790402920021787
student_t,1,outlier5,RobustScaler,RBF-SVR,0.3408977407628797,0.7338381410827896
student_t,1,outlier5,RobustScaler,KNN,0.1751708694428334,0.82092952502357
student_t,1,outlier5,Winsorized Z-score,Ridge,0.0217499715741866,0.8940232532916933
student_t,1,outlier5,Winsorized Z-score,RBF-SVR,0.3325202679754407,0.7384871140891872
student_t,1,outlier5,Winsorized Z-score,KNN,0.1722358399596887,0.8223888046838133
student_t,1,outlier5,Yeo-Johnson,Ridge,0.045649059364456,0.883035031603329
student_t,1,outlier5,Yeo-Johnson,RBF-SVR,0.3402306419657347,0.7342094178661173
student_t,1,outlier5,Yeo-Johnson,KNN,0.1625978893324202,0.8271626307951407
student_t,1,outlier5,Quantile-Normal,Ridge,0.2563870642613842,0.7794663088312419
student_t,1,outlier5,Quantile-Normal,RBF-SVR,0.2276529987866741,0.7943833127392999
student_t,1,outlier5,Quantile-Normal,KNN,0.2286755905115417,0.7938572545937087
student_t,1,outlier5,Core-Norm ablation — residual channel removed,Ridge,0.3171521666497406,0.7469402249162252
student_t,1,outlier5,Core-Norm ablation — residual channel removed,RBF-SVR,0.2256616793993224,0.7954067209863498
student_t,1,outlier5,Core-Norm ablation — residual channel removed,KNN,0.2662964281208256,0.7742553178075083
student_t,1,outlier5,Core-Norm,Ridge,0.3388746242820757,0.7349635373964927
student_t,1,outlier5,Core-Norm,RBF-SVR,0.2440731654997916,0.7858936170636619
student_t,1,outlier5,Core-Norm,KNN,0.2520822739024879,0.7817192261217677
laplace,0,outlier5,No scaling,Ridge,-0.0013646478903772,1.0884590271743204
laplace,0,outlier5,No scaling,RBF-SVR,0.471243268331935,0.7909406797079725
laplace,0,outlier5,No scaling,KNN,0.3315764487532779,0.8892867667790638
laplace,0,outlier5,Z-score,Ridge,-0.0013215442657323,1.0884356006261906
laplace,0,outlier5,Z-score,RBF-SVR,0.4829043178953183,0.7821704665469408
laplace,0,outlier5,Z-score,KNN,0.3356934703578726,0.8865438443600766
laplace,0,outlier5,Min-Max,Ridge,0.0027456732160198,1.0862228205078517
laplace,0,outlier5,Min-Max,RBF-SVR,0.4626059112671054,0.7973746058943736
laplace,0,outlier5,Min-Max,KNN,0.3294647022573204,0.8906904181771339
laplace,0,outlier5,RobustScaler,Ridge,-0.0013638897238894,1.0884586151199729
laplace,0,outlier5,RobustScaler,RBF-SVR,0.4676596873221991,0.7936164033345574
laplace,0,outlier5,RobustScaler,KNN,0.3251674575991222,0.8935399340036544
laplace,0,outlier5,Winsorized Z-score,Ridge,0.0015446137177063,1.0868767287575505
laplace,0,outlier5,Winsorized Z-score,RBF-SVR,0.5121191614045217,0.7597537263868672
laplace,0,outlier5,Winsorized Z-score,KNN,0.3373889553361303,0.8854117750366785
laplace,0,outlier5,Yeo-Johnson,Ridge,0.003478017483447,1.0858239076468197
laplace,0,outlier5,Yeo-Johnson,RBF-SVR,0.4629934073159064,0.7970870746074256
laplace,0,outlier5,Yeo-Johnson,KNN,0.3339392040226333,0.8877136421564111
laplace,0,outlier5,Quantile-Normal,Ridge,0.3551849542533359,0.8734409298104994
laplace,0,outlier5,Quantile-Normal,RBF-SVR,0.3715613545625613,0.8622781870919363
laplace,0,outlier5,Quantile-Normal,KNN,0.4098912567438169,0.835568352835791
laplace,0,outlier5,Core-Norm ablation — residual channel removed,Ridge,0.5286519297172256,0.7467699347079056
laplace,0,outlier5,Core-Norm ablation — residual channel removed,RBF-SVR,0.3280174736533938,0.8916510968085642
laplace,0,outlier5,Core-Norm ablation — residual channel removed,KNN,0.422174871976736,0.8268260863055186
laplace,0,outlier5,Core-Norm,Ridge,0.5702779302272591,0.7130332585778493
laplace,0,outlier5,Core-Norm,RBF-SVR,0.4166201556687704,0.830790780021548
laplace,0,outlier5,Core-Norm,KNN,0.4154079411428795,0.831653488973947
laplace,1,outlier5,No scaling,Ridge,0.0453126024905869,1.1585109852281434
laplace,1,outlier5,No scaling,RBF-SVR,0.4940557737877725,0.843375311298958
laplace,1,outlier5,No scaling,KNN,0.2953891730410752,0.9952775717512864
laplace,1,outlier5,Z-score,Ridge,0.0453219078206084,1.1585053392159783
laplace,1,outlier5,Z-score,RBF-SVR,0.5001267724518172,0.8383000653307008
laplace,1,outlier5,Z-score,KNN,0.3062704277943612,0.9875626704118564
laplace,1,outlier5,Min-Max,Ridge,0.0449725317585061,1.158717304386366
laplace,1,outlier5,Min-Max,RBF-SVR,0.5139394642823252,0.8266368129795493
laplace,1,outlier5,Min-Max,KNN,0.3198483443199039,0.9778504527776998
laplace,1,outlier5,RobustScaler,Ridge,0.045312801995014,1.1585108641790527
laplace,1,outlier5,RobustScaler,RBF-SVR,0.5108135696278031,0.8292906372104732
laplace,1,outlier5,RobustScaler,KNN,0.3068892650093405,0.9871220975222672
laplace,1,outlier5,Winsorized Z-score,Ridge,0.060042857842304,1.1495386756646973
laplace,1,outlier5,Winsorized Z-score,RBF-SVR,0.510246923779005,0.8297707998500568
laplace,1,outlier5,Winsorized Z-score,KNN,0.3115900307331491,0.9837690083707532
laplace,1,outlier5,Yeo-Johnson,Ridge,0.0450978223416671,1.1586412955105132
laplace,1,outlier5,Yeo-Johnson,RBF-SVR,0.4999561757833138,0.8384431005952857
laplace,1,outlier5,Yeo-Johnson,KNN,0.3104876883125012,0.984556341919393
laplace,1,outlier5,Quantile-Normal,Ridge,0.4570086079349891,0.8737074397755852
laplace,1,outlier5,Quantile-Normal,RBF-SVR,0.446998040580603,0.8817244756112325
laplace,1,outlier5,Quantile-Normal,KNN,0.4304200769925713,0.894843108250835
laplace,1,outlier5,Core-Norm ablation — residual channel removed,Ridge,0.6094756107044466,0.7409580869285822
laplace,1,outlier5,Core-Norm ablation — residual channel removed,RBF-SVR,0.4673623494814077,0.8653374360073846
laplace,1,outlier5,Core-Norm ablation — residual channel removed,KNN,0.4585188879692627,0.8724915257241888
laplace,1,outlier5,Core-Norm,Ridge,0.5967262524810697,0.7529558934760163
laplace,1,outlier5,Core-Norm,RBF-SVR,0.4857237919060467,0.8502913830841314
laplace,1,outlier5,Core-Norm,KNN,0.4441444308857185,0.8839964928392641
bimodal,0,outlier5,No scaling,Ridge,-0.0178264185299865,1.0853027583571648
bimodal,0,outlier5,No scaling,RBF-SVR,0.0654704602761294,1.0399454617583068
bimodal,0,outlier5,No scaling,KNN,0.2974559572164276,0.9016766536139164
bimodal,0,outlier5,Z-score,Ridge,-0.0177972828993884,1.0852872246640062
bimodal,0,outlier5,Z-score,RBF-SVR,0.0687167993601586,1.0381376256057138
bimodal,0,outlier5,Z-score,KNN,0.3103504350483201,0.8933636561372067
bimodal,0,outlier5,Min-Max,Ridge,-0.0147699850891984,1.083672004034354
bimodal,0,outlier5,Min-Max,RBF-SVR,0.0576294447755393,1.044299093903705
bimodal,0,outlier5,Min-Max,KNN,0.3021133818556496,0.8986829094722061
bimodal,0,outlier5,RobustScaler,Ridge,-0.0178254275931588,1.0853022300417692
bimodal,0,outlier5,RobustScaler,RBF-SVR,0.0651286900579154,1.0401356055057889
bimodal,0,outlier5,RobustScaler,KNN,0.300565473494144,0.8996789941204086
bimodal,0,outlier5,Winsorized Z-score,Ridge,-0.0167626905450473,1.0847354864306578
bimodal,0,outlier5,Winsorized Z-score,RBF-SVR,0.1054345693531102,1.0174664622631402
bimodal,0,outlier5,Winsorized Z-score,KNN,0.3162206922416453,0.8895534007657641
bimodal,0,outlier5,Yeo-Johnson,Ridge,-0.0164941167365419,1.08459221269305
bimodal,0,outlier5,Yeo-Johnson,RBF-SVR,0.0692986565386118,1.037813265513298
bimodal,0,outlier5,Yeo-Johnson,KNN,0.3049162942655298,0.8968764098982465
bimodal,0,outlier5,Quantile-Normal,Ridge,0.2599703045597946,0.9254194452272207
bimodal,0,outlier5,Quantile-Normal,RBF-SVR,0.5186811445344695,0.7463292880301294
bimodal,0,outlier5,Quantile-Normal,KNN,0.4257370125241366,0.8152099282222559
bimodal,0,outlier5,Core-Norm ablation — residual channel removed,Ridge,0.2344116467483368,0.941264557917062
bimodal,0,outlier5,Core-Norm ablation — residual channel removed,RBF-SVR,0.5259481571245948,0.7406737732142832
bimodal,0,outlier5,Core-Norm ablation — residual channel removed,KNN,0.4057297748037225,0.82928924457686
bimodal,0,outlier5,Core-Norm,Ridge,0.4702873841620504,0.7829503190257039
bimodal,0,outlier5,Core-Norm,RBF-SVR,0.6025184166301314,0.6782230612918736
bimodal,0,outlier5,Core-Norm,KNN,0.393656475511003,0.8376708816066786
bimodal,1,outlier5,No scaling,Ridge,0.0023498200000064,0.8188764352903495
bimodal,1,outlier5,No scaling,RBF-SVR,0.3129845462786201,0.6795360229767226
bimodal,1,outlier5,No scaling,KNN,0.3371600564440926,0.6674727912033053
bimodal,1,outlier5,Z-score,Ridge,0.0023564724020546,0.8188737051227689
bimodal,1,outlier5,Z-score,RBF-SVR,0.3074067622828764,0.6822889763229892
bimodal,1,outlier5,Z-score,KNN,0.3359226284109012,0.6680955391442165
bimodal,1,outlier5,Min-Max,Ridge,0.0027822319269069,0.8186989530820328
bimodal,1,outlier5,Min-Max,RBF-SVR,0.3161629520111548,0.6779622992382084
bimodal,1,outlier5,Min-Max,KNN,0.3453857420567715,0.6633182727461109
bimodal,1,outlier5,RobustScaler,Ridge,0.0023500973741515,0.8188763214552741
bimodal,1,outlier5,RobustScaler,RBF-SVR,0.3174484600539589,0.6773247672706518
bimodal,1,outlier5,RobustScaler,KNN,0.3406875179474656,0.6656943638093347
bimodal,1,outlier5,Winsorized Z-score,Ridge,0.0039478324092019,0.8182203440258382
bimodal,1,outlier5,Winsorized Z-score,RBF-SVR,0.3620429490588114,0.6548245481286422
bimodal,1,outlier5,Winsorized Z-score,KNN,0.360239005847171,0.6557497141819328
bimodal,1,outlier5,Yeo-Johnson,Ridge,0.0001342188819906,0.8197852194456756
bimodal,1,outlier5,Yeo-Johnson,RBF-SVR,0.2930746990570185,0.6893122455069155
bimodal,1,outlier5,Yeo-Johnson,KNN,0.3342478949826512,0.6689374420932664
bimodal,1,outlier5,Quantile-Normal,Ridge,0.3809465446127608,0.6450498922969179
bimodal,1,outlier5,Quantile-Normal,RBF-SVR,0.4226436233268872,0.6229471660107156
bimodal,1,outlier5,Quantile-Normal,KNN,0.4331736441424207,0.6172402646483075
bimodal,1,outlier5,Core-Norm ablation — residual channel removed,Ridge,0.3878100519245406,0.6414640592737635
bimodal,1,outlier5,Core-Norm ablation — residual channel removed,RBF-SVR,0.4616460218866832,0.6015381756063206
bimodal,1,outlier5,Core-Norm ablation — residual channel removed,KNN,0.4290245748219914,0.6194951908929358
bimodal,1,outlier5,Core-Norm,Ridge,0.5484806318344058,0.5508932146484735
bimodal,1,outlier5,Core-Norm,RBF-SVR,0.4850900942289645,0.5882945897723835
bimodal,1,outlier5,Core-Norm,KNN,0.4126262239350631,0.6283281361119339
zero_inflated,0,outlier5,No scaling,Ridge,-0.0017361709583934,1.0766901130289803
zero_inflated,0,outlier5,No scaling,RBF-SVR,0.1377299837055492,0.9989314569536868
zero_inflated,0,outlier5,No scaling,KNN,0.0902442218318246,1.0260687443491714
zero_inflated,0,outlier5,Z-score,Ridge,-0.0017253786492512,1.0766843130967307
zero_inflated,0,outlier5,Z-score,RBF-SVR,0.1506911804099796,0.991395319511812
zero_inflated,0,outlier5,Z-score,KNN,0.0892730383101555,1.026616273299188
zero_inflated,0,outlier5,Min-Max,Ridge,-0.0009741721568914,1.0762805278103782
zero_inflated,0,outlier5,Min-Max,RBF-SVR,0.147241565961228,0.993406640902593
zero_inflated,0,outlier5,Min-Max,KNN,0.0859172391505724,1.0285059451809389
zero_inflated,0,outlier5,RobustScaler,Ridge,-0.0017361709583934,1.0766901130289803
zero_inflated,0,outlier5,RobustScaler,RBF-SVR,0.1377299837055492,0.9989314569536868
zero_inflated,0,outlier5,RobustScaler,KNN,0.0902442218318246,1.0260687443491714
zero_inflated,0,outlier5,Winsorized Z-score,Ridge,0.0029921691315291,1.074146040593673
zero_inflated,0,outlier5,Winsorized Z-score,RBF-SVR,0.1725279773377644,0.978567316870206
zero_inflated,0,outlier5,Winsorized Z-score,KNN,0.0925926448037812,1.0247435532770364
zero_inflated,0,outlier5,Yeo-Johnson,Ridge,-0.0016839651677065,1.076662056644142
zero_inflated,0,outlier5,Yeo-Johnson,RBF-SVR,0.1554658440219499,0.9886046674839422
zero_inflated,0,outlier5,Yeo-Johnson,KNN,0.0833757217354065,1.0299347826100542
zero_inflated,0,outlier5,Quantile-Normal,Ridge,0.1564904926026649,0.9880047629086096
zero_inflated,0,outlier5,Quantile-Normal,RBF-SVR,0.0328173790259038,1.057957664772234
zero_inflated,0,outlier5,Quantile-Normal,KNN,0.1020480913829628,1.019390509877152
zero_inflated,0,outlier5,Core-Norm ablation — residual channel removed,Ridge,0.1361224503286755,0.9998621792869828
zero_inflated,0,outlier5,Core-Norm ablation — residual channel removed,RBF-SVR,0.1420379295431234,0.9964329756599876
zero_inflated,0,outlier5,Core-Norm ablation — residual channel removed,KNN,0.1096527096364369,1.0150648003036498
zero_inflated,0,outlier5,Core-Norm,Ridge,0.2604674173420305,0.925108569108861
zero_inflated,0,outlier5,Core-Norm,RBF-SVR,0.1518457735066143,0.9907212140176392
zero_inflated,0,outlier5,Core-Norm,KNN,0.1009618221834628,1.020006911387478
zero_inflated,1,outlier5,No scaling,Ridge,0.0347670911214352,1.1711257950489202
zero_inflated,1,outlier5,No scaling,RBF-SVR,0.4354080726798952,0.8956840049247777
zero_inflated,1,outlier5,No scaling,KNN,0.255589221060731,1.0284751744902925
zero_inflated,1,outlier5,Z-score,Ridge,0.034742385850536,1.171140782517035
zero_inflated,1,outlier5,Z-score,RBF-SVR,0.4545252158352333,0.880389442943711
zero_inflated,1,outlier5,Z-score,KNN,0.2458206175354979,1.035201313526566
zero_inflated,1,outlier5,Min-Max,Ridge,0.0313954705545075,1.1731694207991177
zero_inflated,1,outlier5,Min-Max,RBF-SVR,0.4681425591436902,0.8693308792462956
zero_inflated,1,outlier5,Min-Max,KNN,0.2590690897318743,1.0260684717327837
zero_inflated,1,outlier5,RobustScaler,Ridge,0.0347670911214352,1.1711257950489202
zero_inflated,1,outlier5,RobustScaler,RBF-SVR,0.4354080726798952,0.8956840049247777
zero_inflated,1,outlier5,RobustScaler,KNN,0.255589221060731,1.0284751744902925
zero_inflated,1,outlier5,Winsorized Z-score,Ridge,0.0360736531573483,1.1703328948840763
zero_inflated,1,outlier5,Winsorized Z-score,RBF-SVR,0.4985620700222274,0.8441042318008857
zero_inflated,1,outlier5,Winsorized Z-score,KNN,0.2602719571426858,1.0252352458256866
zero_inflated,1,outlier5,Yeo-Johnson,Ridge,0.0344733142772021,1.1713040025377448
zero_inflated,1,outlier5,Yeo-Johnson,RBF-SVR,0.4546461606076876,0.8802918358619544
zero_inflated,1,outlier5,Yeo-Johnson,KNN,0.2365992503509824,1.0415107996936093
zero_inflated,1,outlier5,Quantile-Normal,Ridge,0.369563950553641,0.9464725132686715
zero_inflated,1,outlier5,Quantile-Normal,RBF-SVR,0.2627589315794898,1.023510368323984
zero_inflated,1,outlier5,Quantile-Normal,KNN,0.2885244839215272,1.0054661778329828
zero_inflated,1,outlier5,Core-Norm ablation — residual channel removed,Ridge,0.3046979809261609,0.9939721859844276
zero_inflated,1,outlier5,Core-Norm ablation — residual channel removed,RBF-SVR,0.3849839889861318,0.9348258167438612
zero_inflated,1,outlier5,Core-Norm ablation — residual channel removed,KNN,0.198056952178279,1.0674787784043156
zero_inflated,1,outlier5,Core-Norm,Ridge,0.73057870784709,0.6187332340431406
zero_inflated,1,outlier5,Core-Norm,RBF-SVR,0.5575449986672302,0.7929066146148945
zero_inflated,1,outlier5,Core-Norm,KNN,0.2556192351537815,1.0284544406014111
bounded_beta,0,outlier5,No scaling,Ridge,-0.0306255181647581,1.1664521033485724
bounded_beta,0,outlier5,No scaling,RBF-SVR,0.3698896845483694,0.9120628356259302
bounded_beta,0,outlier5,No scaling,KNN,0.274137977084663,0.9789116617179884
bounded_beta,0,outlier5,Z-score,Ridge,-0.0305855814268296,1.1664295031206378
bounded_beta,0,outlier5,Z-score,RBF-SVR,0.3996089013695472,0.8902942885822476
bounded_beta,0,outlier5,Z-score,KNN,0.2821081585265825,0.9735224561485776
bounded_beta,0,outlier5,Min-Max,Ridge,-0.0248024788111798,1.1631522055152477
bounded_beta,0,outlier5,Min-Max,RBF-SVR,0.3809650771576223,0.9040116767495828
bounded_beta,0,outlier5,Min-Max,KNN,0.2895638888368205,0.968453959440334
bounded_beta,0,outlier5,RobustScaler,Ridge,-0.0306406083567793,1.166460642784809
bounded_beta,0,outlier5,RobustScaler,RBF-SVR,0.4018853521246832,0.8886048599023454
bounded_beta,0,outlier5,RobustScaler,KNN,0.2855703463288669,0.971172108249169
bounded_beta,0,outlier5,Winsorized Z-score,Ridge,-0.0195302943640669,1.1601563792208347
bounded_beta,0,outlier5,Winsorized Z-score,RBF-SVR,0.455201753506569,0.8480751062342148
bounded_beta,0,outlier5,Winsorized Z-score,KNN,0.2943814874269951,0.9651647410991522
bounded_beta,0,outlier5,Yeo-Johnson,Ridge,-0.0364252245742615,1.1697295251241124
bounded_beta,0,outlier5,Yeo-Johnson,RBF-SVR,0.3976243138542426,0.8917645046226673
bounded_beta,0,outlier5,Yeo-Johnson,KNN,0.283668206892615,0.9724641016581768
bounded_beta,0,outlier5,Quantile-Normal,Ridge,0.4038971600137003,0.8871091532863965
bounded_beta,0,outlier5,Quantile-Normal,RBF-SVR,0.5862709542401516,0.7390511049849338
bounded_beta,0,outlier5,Quantile-Normal,KNN,0.5321235958085484,0.7859266882675531
bounded_beta,0,outlier5,Core-Norm ablation — residual channel removed,Ridge,0.5446440044351819,0.7753396511325954
bounded_beta,0,outlier5,Core-Norm ablation — residual channel removed,RBF-SVR,0.5820251936285743,0.7428335622417742
bounded_beta,0,outlier5,Core-Norm ablation — residual channel removed,KNN,0.4976201338077014,0.8143902730205401
bounded_beta,0,outlier5,Core-Norm,Ridge,0.6965116071077337,0.6329763851670411
bounded_beta,0,outlier5,Core-Norm,RBF-SVR,0.6589728476842508,0.6709821149375347
bounded_beta,0,outlier5,Core-Norm,KNN,0.5259720184728336,0.7910764467462889
bounded_beta,1,outlier5,No scaling,Ridge,-0.0293481777404909,1.1312083852636787
bounded_beta,1,outlier5,No scaling,RBF-SVR,0.3547170916321053,0.8956463219498566
bounded_beta,1,outlier5,No scaling,KNN,0.3646909076126915,0.8886975874261672
bounded_beta,1,outlier5,Z-score,Ridge,-0.0293115421186942,1.1311882546158452
bounded_beta,1,outlier5,Z-score,RBF-SVR,0.2977144335144147,0.934368819094578
bounded_beta,1,outlier5,Z-score,KNN,0.3405068491598684,0.9054544562981296
bounded_beta,1,outlier5,Min-Max,Ridge,-0.0223351700722131,1.127348305764394
bounded_beta,1,outlier5,Min-Max,RBF-SVR,0.3254352475660461,0.915742326172376
bounded_beta,1,outlier5,Min-Max,KNN,0.3539884456186926,0.8961518560246983
bounded_beta,1,outlier5,RobustScaler,Ridge,-0.0293688248738326,1.1312197303526157
bounded_beta,1,outlier5,RobustScaler,RBF-SVR,0.3220970801542145,0.918005362185425
bounded_beta,1,outlier5,RobustScaler,KNN,0.3488629850051672,0.8996998702754165
bounded_beta,1,outlier5,Winsorized Z-score,Ridge,-0.024706763203498,1.128655148581058
bounded_beta,1,outlier5,Winsorized Z-score,RBF-SVR,0.3721681630097503,0.8834523556780879
bounded_beta,1,outlier5,Winsorized Z-score,KNN,0.3468988315104497,0.9010558199141552
bounded_beta,1,outlier5,Yeo-Johnson,Ridge,-0.0320729305739762,1.1327045875575457
bounded_beta,1,outlier5,Yeo-Johnson,RBF-SVR,0.310843385041179,0.9255937859889318
bounded_beta,1,outlier5,Yeo-Johnson,KNN,0.3352876976277334,0.9090302259281732
bounded_beta,1,outlier5,Quantile-Normal,Ridge,0.4374446781880015,0.8362653152869592
bounded_beta,1,outlier5,Quantile-Normal,RBF-SVR,0.5328635352634674,0.7620497949843159
bounded_beta,1,outlier5,Quantile-Normal,KNN,0.4548882849696581,0.8231978424913878
bounded_beta,1,outlier5,Core-Norm ablation — residual channel removed,Ridge,0.5167502469214071,0.7750813483968013
bounded_beta,1,outlier5,Core-Norm ablation — residual channel removed,RBF-SVR,0.5633086562126484,0.7367985413018099
bounded_beta,1,outlier5,Core-Norm ablation — residual channel removed,KNN,0.5173978514752224,0.7745618297780041
bounded_beta,1,outlier5,Core-Norm,Ridge,0.7007751138857912,0.6099023699113112
bounded_beta,1,outlier5,Core-Norm,RBF-SVR,0.6121937945225118,0.69433465643874
bounded_beta,1,outlier5,Core-Norm,KNN,0.5367347771589837,0.7588856055780293
mixed,0,outlier5,No scaling,Ridge,0.0029374896696547,1.1168053327480043
mixed,0,outlier5,No scaling,RBF-SVR,0.4306525283539867,0.8439271983933634
mixed,0,outlier5,No scaling,KNN,0.3756404929238975,0.8837585939817155
mixed,0,outlier5,Z-score,Ridge,0.0029964052938251,1.1167723366948084
mixed,0,outlier5,Z-score,RBF-SVR,0.344570557388951,0.9054808268506116
mixed,0,outlier5,Z-score,KNN,0.21243424890006,0.992566689890336
mixed,0,outlier5,Min-Max,Ridge,0.0093518478195051,1.1132071892897542
mixed,0,outlier5,Min-Max,RBF-SVR,0.0620606886492406,1.083187537945669
mixed,0,outlier5,Min-Max,KNN,0.0637786915804177,1.0821950577951245
mixed,0,outlier5,RobustScaler,Ridge,0.0029418103579457,1.116802912953407
mixed,0,outlier5,RobustScaler,RBF-SVR,0.1820728497619465,1.0115179586612304
mixed,0,outlier5,RobustScaler,KNN,0.1419339595107762,1.0360402850090766
mixed,0,outlier5,Winsorized Z-score,Ridge,0.0065661186967442,1.1147712747071112
mixed,0,outlier5,Winsorized Z-score,RBF-SVR,0.3612497768113381,0.8938853465812329
mixed,0,outlier5,Winsorized Z-score,KNN,0.2190411152613388,0.988394614947501
mixed,0,outlier5,Yeo-Johnson,Ridge,0.0038083809170679,1.1163174854682976
mixed,0,outlier5,Yeo-Johnson,RBF-SVR,0.3433165758372776,0.9063466055314484
mixed,0,outlier5,Yeo-Johnson,KNN,0.2099107049598767,0.9941556254053472
mixed,0,outlier5,Quantile-Normal,Ridge,0.475478353620451,0.8100241990214516
mixed,0,outlier5,Quantile-Normal,RBF-SVR,0.4744884354743539,0.8107882091280307
mixed,0,outlier5,Quantile-Normal,KNN,0.4235818237035046,0.8491513786469926
mixed,0,outlier5,Core-Norm ablation — residual channel removed,Ridge,0.5892247831407227,0.7168336802001494
mixed,0,outlier5,Core-Norm ablation — residual channel removed,RBF-SVR,0.4910398272867292,0.7979178581351248
mixed,0,outlier5,Core-Norm ablation — residual channel removed,KNN,0.4431260242150573,0.8346314526234628
mixed,0,outlier5,Core-Norm,Ridge,0.6509200082944612,0.660813282789129
mixed,0,outlier5,Core-Norm,RBF-SVR,0.539577656057237,0.758917349433668
mixed,0,outlier5,Core-Norm,KNN,0.3998476308238009,0.8664570663846262
mixed,1,outlier5,No scaling,Ridge,-0.392228701871409,1.1988093090997218
mixed,1,outlier5,No scaling,RBF-SVR,0.2256747881075663,0.8940391053989442
mixed,1,outlier5,No scaling,KNN,0.3026517425683854,0.8484371477435521
mixed,1,outlier5,Z-score,Ridge,-0.3917530668925837,1.1986045135989198
mixed,1,outlier5,Z-score,RBF-SVR,0.4114793645790945,0.7794273891872713
mixed,1,outlier5,Z-score,KNN,0.2309822731740196,0.8909698147182853
mixed,1,outlier5,Min-Max,Ridge,-0.3498575737286873,1.1804260609161574
mixed,1,outlier5,Min-Max,RBF-SVR,0.3592364980187317,0.8132867529268927
mixed,1,outlier5,Min-Max,KNN,0.2178397239237728,0.8985509196703897
mixed,1,outlier5,RobustScaler,Ridge,-0.393394343313203,1.1993110547694623
mixed,1,outlier5,RobustScaler,RBF-SVR,-0.0299213197951349,1.0310906281225272
mixed,1,outlier5,RobustScaler,KNN,0.1845203613145658,0.9174900776594128
mixed,1,outlier5,Winsorized Z-score,Ridge,0.1504983783143286,0.9364334561405908
mixed,1,outlier5,Winsorized Z-score,RBF-SVR,0.3771199987534361,0.8018571552421582
mixed,1,outlier5,Winsorized Z-score,KNN,0.2709765933075293,0.8674921459499887
mixed,1,outlier5,Yeo-Johnson,Ridge,-0.3803334300350462,1.1936769794389988
mixed,1,outlier5,Yeo-Johnson,RBF-SVR,0.4102596692070975,0.7802346437461556
mixed,1,outlier5,Yeo-Johnson,KNN,0.2338932137726755,0.8892819347750804
mixed,1,outlier5,Quantile-Normal,Ridge,0.2057856523702615,0.90544834550558
mixed,1,outlier5,Quantile-Normal,RBF-SVR,0.2904513985479054,0.8558268143796067
mixed,1,outlier5,Quantile-Normal,KNN,0.283249821019896,0.8601589653855105
mixed,1,outlier5,Core-Norm ablation — residual channel removed,Ridge,0.4386346348612365,0.7612330269958872
mixed,1,outlier5,Core-Norm ablation — residual channel removed,RBF-SVR,0.3104174873665174,0.8436997784342003
mixed,1,outlier5,Core-Norm ablation — residual channel removed,KNN,0.2878744082549277,0.8573795329189492
mixed,1,outlier5,Core-Norm,Ridge,0.4373501347542698,0.7621034451394109
mixed,1,outlier5,Core-Norm,RBF-SVR,0.3468995047740307,0.8210787676753191
mixed,1,outlier5,Core-Norm,KNN,0.2999114687472929,0.8501025068716755
heteroscedastic,0,outlier5,No scaling,Ridge,0.0065533696618395,1.0722259596846406
heteroscedastic,0,outlier5,No scaling,RBF-SVR,0.1989321716776532,0.9628279576715147
heteroscedastic,0,outlier5,No scaling,KNN,0.2232011734188247,0.948130958931864
heteroscedastic,0,outlier5,Z-score,Ridge,0.0064392750531059,1.0722875290157676
heteroscedastic,0,outlier5,Z-score,RBF-SVR,0.4328907468329931,0.8101163810170883
heteroscedastic,0,outlier5,Z-score,KNN,0.341253204267377,0.873118730704539
heteroscedastic,0,outlier5,Min-Max,Ridge,0.0065394168332651,1.0722334892952017
heteroscedastic,0,outlier5,Min-Max,RBF-SVR,0.418508447336949,0.820324631817458
heteroscedastic,0,outlier5,Min-Max,KNN,0.342052692587907,0.8725887393957321
heteroscedastic,0,outlier5,RobustScaler,Ridge,0.006432043043861,1.0722914315347667
heteroscedastic,0,outlier5,RobustScaler,RBF-SVR,0.4191403196604543,0.8198788116522666
heteroscedastic,0,outlier5,RobustScaler,KNN,0.3386464590116544,0.8748445462711463
heteroscedastic,0,outlier5,Winsorized Z-score,Ridge,0.0122403884328177,1.0691525580733936
heteroscedastic,0,outlier5,Winsorized Z-score,RBF-SVR,0.4762078304265191,0.7785626187699612
heteroscedastic,0,outlier5,Winsorized Z-score,KNN,0.3425279775894476,0.8722735141032694
heteroscedastic,0,outlier5,Yeo-Johnson,Ridge,0.0069605932097848,1.0720061791747206
heteroscedastic,0,outlier5,Yeo-Johnson,RBF-SVR,0.4410421330554281,0.8042731746300631
heteroscedastic,0,outlier5,Yeo-Johnson,KNN,0.3387715406140853,0.8747618128121076
heteroscedastic,0,outlier5,Quantile-Normal,Ridge,0.4365768134496306,0.8074793132404668
heteroscedastic,0,outlier5,Quantile-Normal,RBF-SVR,0.5406779782976084,0.7290757966456916
heteroscedastic,0,outlier5,Quantile-Normal,KNN,0.4798849898836445,0.7758249478438011
heteroscedastic,0,outlier5,Core-Norm ablation — residual channel removed,Ridge,0.580574795553164,0.6966927796925543
heteroscedastic,0,outlier5,Core-Norm ablation — residual channel removed,RBF-SVR,0.4981943972185089,0.7620470745997591
heteroscedastic,0,outlier5,Core-Norm ablation — residual channel removed,KNN,0.5055950533173054,0.756406846075105
heteroscedastic,0,outlier5,Core-Norm,Ridge,0.7023633210855744,0.5868907602053917
heteroscedastic,0,outlier5,Core-Norm,RBF-SVR,0.5639544224323971,0.7103624399904678
heteroscedastic,0,outlier5,Core-Norm,KNN,0.5018058148525907,0.7592999553142346
heteroscedastic,1,outlier5,No scaling,Ridge,0.0225753248676319,1.1377253643593026
heteroscedastic,1,outlier5,No scaling,RBF-SVR,0.1831862824003186,1.0400573856556177
heteroscedastic,1,outlier5,No scaling,KNN,0.2516776399393063,0.9954974505298592
heteroscedastic,1,outlier5,Z-score,Ridge,0.0227065266836613,1.13764900213552
heteroscedastic,1,outlier5,Z-score,RBF-SVR,0.4419808136442267,0.8596474055099755
heteroscedastic,1,outlier5,Z-score,KNN,0.3719782425993282,0.911975425802454
heteroscedastic,1,outlier5,Min-Max,Ridge,0.0215450175805681,1.1383248468663107
heteroscedastic,1,outlier5,Min-Max,RBF-SVR,0.4499011121968833,0.8535248589036304
heteroscedastic,1,outlier5,Min-Max,KNN,0.3782045140795844,0.9074434567303532
heteroscedastic,1,outlier5,RobustScaler,Ridge,0.0227089920067286,1.137647567216444
heteroscedastic,1,outlier5,RobustScaler,RBF-SVR,0.443066632130885,0.8588106282242839
heteroscedastic,1,outlier5,RobustScaler,KNN,0.3702436034213554,0.9132340266613196
heteroscedastic,1,outlier5,Winsorized Z-score,Ridge,0.0259682956239972,1.13574893339256
heteroscedastic,1,outlier5,Winsorized Z-score,RBF-SVR,0.4950136157185022,0.8177783811130348
heteroscedastic,1,outlier5,Winsorized Z-score,KNN,0.3736141620963894,0.9107868593270134
heteroscedastic,1,outlier5,Yeo-Johnson,Ridge,0.0181383019246276,1.1403047945992155
heteroscedastic,1,outlier5,Yeo-Johnson,RBF-SVR,0.4486977174810114,0.8544579331255988
heteroscedastic,1,outlier5,Yeo-Johnson,KNN,0.3746579996017031,0.9100276548288904
heteroscedastic,1,outlier5,Quantile-Normal,Ridge,0.4679054467607746,0.839441039534007
heteroscedastic,1,outlier5,Quantile-Normal,RBF-SVR,0.5333412761810182,0.7861320193033894
heteroscedastic,1,outlier5,Quantile-Normal,KNN,0.4721660325355388,0.8360735000678262
heteroscedastic,1,outlier5,Core-Norm ablation — residual channel removed,Ridge,0.5634966801254591,0.7603080112012706
heteroscedastic,1,outlier5,Core-Norm ablation — residual channel removed,RBF-SVR,0.5120535400460673,0.8038626987740144
heteroscedastic,1,outlier5,Core-Norm ablation — residual channel removed,KNN,0.4978600515075052,0.8154703554023705
heteroscedastic,1,outlier5,Core-Norm,Ridge,0.7229520385583659,0.6057218923476622
heteroscedastic,1,outlier5,Core-Norm,RBF-SVR,0.6021199990929637,0.7258917259523241
heteroscedastic,1,outlier5,Core-Norm,KNN,0.4806061210277447,0.8293621370778695
diabetes,0,outlier5,No scaling,Ridge,-0.029658360191644,72.47615680939256
diabetes,0,outlier5,No scaling,RBF-SVR,0.0034323100685048,71.30204439521593
diabetes,0,outlier5,No scaling,KNN,0.2426331574240582,62.15867164622533
diabetes,0,outlier5,Z-score,Ridge,-0.0328496756026799,72.58838594497453
diabetes,0,outlier5,Z-score,RBF-SVR,0.0006769745070327,71.4005452059417
diabetes,0,outlier5,Z-score,KNN,0.2581806038256693,61.517357681907896
diabetes,0,outlier5,Min-Max,Ridge,0.0023913886234573,71.33927240149097
diabetes,0,outlier5,Min-Max,RBF-SVR,0.0015148485871333,71.37060633245443
diabetes,0,outlier5,Min-Max,KNN,0.252033188486587,61.77172721290617
diabetes,0,outlier5,RobustScaler,Ridge,-0.0333206960598939,72.60493565126914
diabetes,0,outlier5,RobustScaler,RBF-SVR,0.0049261296808017,71.24858473667561
diabetes,0,outlier5,RobustScaler,KNN,0.2512032792991401,61.80598723002146
diabetes,0,outlier5,Winsorized Z-score,Ridge,-0.017539250032835,72.0483710376603
diabetes,0,outlier5,Winsorized Z-score,RBF-SVR,0.0148878462091709,70.89105173030185
diabetes,0,outlier5,Winsorized Z-score,KNN,0.2266262838352187,62.8120958840217
diabetes,0,outlier5,Yeo-Johnson,Ridge,-0.0242097441408972,72.2841423670658
diabetes,0,outlier5,Yeo-Johnson,RBF-SVR,0.0021280372172762,71.34868794671176
diabetes,0,outlier5,Yeo-Johnson,KNN,0.2594393768204615,61.4651419628378
diabetes,0,outlier5,Quantile-Normal,Ridge,0.3077998135726693,59.42434957667079
diabetes,0,outlier5,Quantile-Normal,RBF-SVR,0.277660469176247,60.70427439576184
diabetes,0,outlier5,Quantile-Normal,KNN,0.3777032215372663,56.34395873185371
diabetes,0,outlier5,Core-Norm ablation — residual channel removed,Ridge,0.3267040110798956,58.60728385563515
diabetes,0,outlier5,Core-Norm ablation — residual channel removed,RBF-SVR,0.3016283697387943,59.68866634858466
diabetes,0,outlier5,Core-Norm ablation — residual channel removed,KNN,0.3672763020016063,56.81403458904448
diabetes,0,outlier5,Core-Norm,Ridge,0.373670234085625,56.52624113206429
diabetes,0,outlier5,Core-Norm,RBF-SVR,0.2835106527700043,60.45795455039094
diabetes,0,outlier5,Core-Norm,KNN,0.3624965972799296,57.028222390201705
diabetes,1,outlier5,No scaling,Ridge,-0.0428047507977751,72.45666498353474
diabetes,1,outlier5,No scaling,RBF-SVR,0.0169439840491186,70.35030306175713
diabetes,1,outlier5,No scaling,KNN,0.1546508960546642,65.23713625559692
diabetes,1,outlier5,Z-score,Ridge,-0.0466179905309722,72.58902078250736
diabetes,1,outlier5,Z-score,RBF-SVR,0.0170270602894266,70.34733041214767
diabetes,1,outlier5,Z-score,KNN,0.1493941679980897,65.43965756195567
diabetes,1,outlier5,Min-Max,Ridge,-0.0159627686966035,71.51806185103429
diabetes,1,outlier5,Min-Max,RBF-SVR,0.0163172588035126,70.37272461520486
diabetes,1,outlier5,Min-Max,KNN,0.1493922858431234,65.43972996182862
diabetes,1,outlier5,RobustScaler,Ridge,-0.0469028949514864,72.59889999625524
diabetes,1,outlier5,RobustScaler,RBF-SVR,0.0194734743112302,70.25973598231664
diabetes,1,outlier5,RobustScaler,KNN,0.1459624471708879,65.57153097425646
diabetes,1,outlier5,Winsorized Z-score,Ridge,-0.0319755226202416,72.0794623026864
diabetes,1,outlier5,Winsorized Z-score,RBF-SVR,0.0258152204363094,70.03215815156479
diabetes,1,outlier5,Winsorized Z-score,KNN,0.2039207719461452,63.30747411517745
diabetes,1,outlier5,Yeo-Johnson,Ridge,-0.0417326791635446,72.41941030563014
diabetes,1,outlier5,Yeo-Johnson,RBF-SVR,0.0169112842715838,70.3514730968785
diabetes,1,outlier5,Yeo-Johnson,KNN,0.1367762214470768,65.92323902772692
diabetes,1,outlier5,Quantile-Normal,Ridge,0.3752779883132624,56.081580461937584
diabetes,1,outlier5,Quantile-Normal,RBF-SVR,0.2562374332424297,61.19190848360651
diabetes,1,outlier5,Quantile-Normal,KNN,0.3624729886813153,56.653420392298926
diabetes,1,outlier5,Core-Norm ablation — residual channel removed,Ridge,0.3906179763748524,55.38876213764125
diabetes,1,outlier5,Core-Norm ablation — residual channel removed,RBF-SVR,0.2786099345675487,60.26455008660646
diabetes,1,outlier5,Core-Norm ablation — residual channel removed,KNN,0.3749984422930008,56.09412654557728
diabetes,1,outlier5,Core-Norm,Ridge,0.3501914937512482,57.196510810855735
diabetes,1,outlier5,Core-Norm,RBF-SVR,0.2517684703017533,61.37547164562337
diabetes,1,outlier5,Core-Norm,KNN,0.3533223305633046,57.05855542977713
gaussian,0,outlier10,No scaling,Ridge,-0.0340273947914848,1.093906164231829
gaussian,0,outlier10,No scaling,RBF-SVR,-0.0081336868605657,1.0801227431174385
gaussian,0,outlier10,No scaling,KNN,0.17191295998859,0.9789309086738348
gaussian,0,outlier10,Z-score,Ridge,-0.0339527838537025,1.0938666977546776
gaussian,0,outlier10,Z-score,RBF-SVR,-0.0049634849053117,1.0784231156378223
gaussian,0,outlier10,Z-score,KNN,0.1729977162114948,0.9782895211552513
gaussian,0,outlier10,Min-Max,Ridge,-0.0287138501155959,1.0910919226879046
gaussian,0,outlier10,Min-Max,RBF-SVR,-0.0055075635423536,1.0787150006636284
gaussian,0,outlier10,Min-Max,KNN,0.1705504566460707,0.9797359257655814
gaussian,0,outlier10,RobustScaler,Ridge,-0.0340263997235323,1.093905637886379
gaussian,0,outlier10,RobustScaler,RBF-SVR,-0.0110274699091403,1.0816718437727604
gaussian,0,outlier10,RobustScaler,KNN,0.1669041681218703,0.981887040561832
gaussian,0,outlier10,Winsorized Z-score,Ridge,-0.0332640972982394,1.0935023403174176
gaussian,0,outlier10,Winsorized Z-score,RBF-SVR,0.0141678685321756,1.0681088949362076
gaussian,0,outlier10,Winsorized Z-score,KNN,0.1680822900174361,0.9811925274983644
gaussian,0,outlier10,Yeo-Johnson,Ridge,-0.0347620688029948,1.094294704097509
gaussian,0,outlier10,Yeo-Johnson,RBF-SVR,-0.0037456357894998,1.0777694825499156
gaussian,0,outlier10,Yeo-Johnson,KNN,0.1787383911217733,0.9748881870854772
gaussian,0,outlier10,Quantile-Normal,Ridge,0.3087615928361885,0.8943921475439427
gaussian,0,outlier10,Quantile-Normal,RBF-SVR,0.4170669867057814,0.8213407547162749
gaussian,0,outlier10,Quantile-Normal,KNN,0.3961359662056428,0.835956403950667
gaussian,0,outlier10,Core-Norm ablation — residual channel removed,Ridge,0.4596773478569212,0.7907526112269908
gaussian,0,outlier10,Core-Norm ablation — residual channel removed,RBF-SVR,0.4366695974874766,0.8074128230092417
gaussian,0,outlier10,Core-Norm ablation — residual channel removed,KNN,0.4019441744523852,0.8319264067850539
gaussian,0,outlier10,Core-Norm,Ridge,0.683154316412484,0.6055331794330175
gaussian,0,outlier10,Core-Norm,RBF-SVR,0.528936431855547,0.738335594556409
gaussian,0,outlier10,Core-Norm,KNN,0.4077542082432452,0.827875516422076
gaussian,1,outlier10,No scaling,Ridge,-0.0130465759064601,1.1582727230473473
gaussian,1,outlier10,No scaling,RBF-SVR,-0.0222809653811761,1.1635398438014437
gaussian,1,outlier10,No scaling,KNN,0.0962464603543331,1.0940095877541594
gaussian,1,outlier10,Z-score,Ridge,-0.012968502822386,1.158228089528904
gaussian,1,outlier10,Z-score,RBF-SVR,-0.0129946915631358,1.1582430615339732
gaussian,1,outlier10,Z-score,KNN,0.1163948368588945,1.081745867889805
gaussian,1,outlier10,Min-Max,Ridge,-0.0080794520742863,1.1554296387132557
gaussian,1,outlier10,Min-Max,RBF-SVR,-0.0041453354169915,1.1531728530267196
gaussian,1,outlier10,Min-Max,KNN,0.1095249565701568,1.0859429211728375
gaussian,1,outlier10,RobustScaler,Ridge,-0.0130457933858738,1.158272275697518
gaussian,1,outlier10,RobustScaler,RBF-SVR,-0.011175427833229,1.157202534603469
gaussian,1,outlier10,RobustScaler,KNN,0.1122246720136967,1.084295507042886
gaussian,1,outlier10,Winsorized Z-score,Ridge,-0.0146337593670979,1.1591797256692231
gaussian,1,outlier10,Winsorized Z-score,RBF-SVR,-0.0035280755178552,1.1528183641113452
gaussian,1,outlier10,Winsorized Z-score,KNN,0.1208942335142772,1.078988179372096
gaussian,1,outlier10,Yeo-Johnson,Ridge,-0.0135751421060852,1.1585748532693976
gaussian,1,outlier10,Yeo-Johnson,RBF-SVR,-0.0135380705783874,1.1585536656283872
gaussian,1,outlier10,Yeo-Johnson,KNN,0.1114092186473315,1.0847933748288552
gaussian,1,outlier10,Quantile-Normal,Ridge,0.339780858968858,0.9350615048672136
gaussian,1,outlier10,Quantile-Normal,RBF-SVR,0.3703931818813102,0.9131262624004288
gaussian,1,outlier10,Quantile-Normal,KNN,0.3515556392485504,0.9266857427106931
gaussian,1,outlier10,Core-Norm ablation — residual channel removed,Ridge,0.4263058232740928,0.871638376835806
gaussian,1,outlier10,Core-Norm ablation — residual channel removed,RBF-SVR,0.369842153934161,0.9135257562061884
gaussian,1,outlier10,Core-Norm ablation — residual channel removed,KNN,0.3590504176581149,0.9213148195028152
gaussian,1,outlier10,Core-Norm,Ridge,0.6850534495939733,0.6458245506238403
gaussian,1,outlier10,Core-Norm,RBF-SVR,0.5461484721464032,0.7752700796702273
gaussian,1,outlier10,Core-Norm,KNN,0.3175863097483286,0.950648545159452
correlated,0,outlier10,No scaling,Ridge,-0.0350278774814158,1.0944352457546067
correlated,0,outlier10,No scaling,RBF-SVR,-0.0646926863584242,1.1100081885997704
correlated,0,outlier10,No scaling,KNN,0.0721897483328645,1.0362001018744915
correlated,0,outlier10,Z-score,Ridge,-0.0349524027575491,1.0943953416584642
correlated,0,outlier10,Z-score,RBF-SVR,-0.0666684689731269,1.1110376492063356
correlated,0,outlier10,Z-score,KNN,0.0521995419768755,1.0473033780313508
correlated,0,outlier10,Min-Max,Ridge,-0.0298308754741039,1.0916841411528293
correlated,0,outlier10,Min-Max,RBF-SVR,-0.0593234544385046,1.1072057722806072
correlated,0,outlier10,Min-Max,KNN,0.0500674203279409,1.0484806953662271
correlated,0,outlier10,RobustScaler,Ridge,-0.035026277415773,1.0944343998020725
correlated,0,outlier10,RobustScaler,RBF-SVR,-0.0614128705467458,1.1082971641222017
correlated,0,outlier10,RobustScaler,KNN,0.052868129552447,1.0469339239186837
correlated,0,outlier10,Winsorized Z-score,Ridge,-0.0353076534968599,1.0945831529027337
correlated,0,outlier10,Winsorized Z-score,RBF-SVR,-0.060842389446732,1.107999284012687
correlated,0,outlier10,Winsorized Z-score,KNN,0.0504310676690319,1.048279989694188
correlated,0,outlier10,Yeo-Johnson,Ridge,-0.0350995547850423,1.094473140777066
correlated,0,outlier10,Yeo-Johnson,RBF-SVR,-0.0640377698768808,1.1096667405491472
correlated,0,outlier10,Yeo-Johnson,KNN,0.0551707749860636,1.0456605085164918
correlated,0,outlier10,Quantile-Normal,Ridge,0.2531815370019786,0.929654488093196
correlated,0,outlier10,Quantile-Normal,RBF-SVR,0.2266739829275088,0.9460091955718872
correlated,0,outlier10,Quantile-Normal,KNN,0.2255013406109226,0.946726170154404
correlated,0,outlier10,Core-Norm ablation — residual channel removed,Ridge,0.2907726181358977,0.9059553509638204
correlated,0,outlier10,Core-Norm ablation — residual channel removed,RBF-SVR,0.2145110849903083,0.9534196038863526
correlated,0,outlier10,Core-Norm ablation — residual channel removed,KNN,0.1995464590144576,0.9624587214899402
correlated,0,outlier10,Core-Norm,Ridge,0.4256653191872115,0.8152608137026937
correlated,0,outlier10,Core-Norm,RBF-SVR,0.3182962297374826,0.8882023035557778
correlated,0,outlier10,Core-Norm,KNN,0.2061681455437564,0.9584695237033084
correlated,1,outlier10,No scaling,Ridge,-0.0215386973865372,1.0691461515580882
correlated,1,outlier10,No scaling,RBF-SVR,0.0480223084660804,1.0321030256345758
correlated,1,outlier10,No scaling,KNN,0.1268801843304234,0.9884315240568292
correlated,1,outlier10,Z-score,Ridge,-0.0214890537888214,1.069120172656636
correlated,1,outlier10,Z-score,RBF-SVR,0.0026860265959436,1.0563932499656956
correlated,1,outlier10,Z-score,KNN,0.1302832278472314,0.9865034041296996
correlated,1,outlier10,Min-Max,Ridge,-0.0184450353444991,1.067526004975198
correlated,1,outlier10,Min-Max,RBF-SVR,0.0086097637247246,1.0532512524963753
correlated,1,outlier10,Min-Max,KNN,0.13431403921454,0.9842147124188504
correlated,1,outlier10,RobustScaler,Ridge,-0.0215377282971485,1.0691456444317118
correlated,1,outlier10,RobustScaler,RBF-SVR,-0.0048218863472111,1.060362129225874
correlated,1,outlier10,RobustScaler,KNN,0.1269492371622849,0.9883924370127748
correlated,1,outlier10,Winsorized Z-score,Ridge,-0.0212318013424606,1.068985540230963
correlated,1,outlier10,Winsorized Z-score,RBF-SVR,0.0143967229021213,1.0501727257620417
correlated,1,outlier10,Winsorized Z-score,KNN,0.1307750725304829,0.9862244195866255
correlated,1,outlier10,Yeo-Johnson,Ridge,-0.0229822151658547,1.0699012803916144
correlated,1,outlier10,Yeo-Johnson,RBF-SVR,0.008049839629622,1.0535486417014308
correlated,1,outlier10,Yeo-Johnson,KNN,0.1297197340900043,0.9868229325761668
correlated,1,outlier10,Quantile-Normal,Ridge,0.3232747705501879,0.8701935292083572
correlated,1,outlier10,Quantile-Normal,RBF-SVR,0.4467688430015508,0.7867975174613168
correlated,1,outlier10,Quantile-Normal,KNN,0.355192978965435,0.8494240328481799
correlated,1,outlier10,Core-Norm ablation — residual channel removed,Ridge,0.4127597985705251,0.8106204486314897
correlated,1,outlier10,Core-Norm ablation — residual channel removed,RBF-SVR,0.4492990694334239,0.7849962294329297
correlated,1,outlier10,Core-Norm ablation — residual channel removed,KNN,0.3698082979400152,0.8397422525208038
correlated,1,outlier10,Core-Norm,Ridge,0.6315439637759972,0.6420997538105636
correlated,1,outlier10,Core-Norm,RBF-SVR,0.5201026944809231,0.7327972338328037
correlated,1,outlier10,Core-Norm,KNN,0.3481883246363684,0.8540252933377322
lognormal,0,outlier10,No scaling,Ridge,-0.0333156129819027,1.0935295994753946
lognormal,0,outlier10,No scaling,RBF-SVR,-0.0106109676914463,1.0814490184076897
lognormal,0,outlier10,No scaling,KNN,0.1203856140721949,1.0089280793372604
lognormal,0,outlier10,Z-score,Ridge,-0.0332247311201172,1.0934815095259305
lognormal,0,outlier10,Z-score,RBF-SVR,-0.0179629456127574,1.085375544958259
lognormal,0,outlier10,Z-score,KNN,0.115966468179344,1.0114593103611706
lognormal,0,outlier10,Min-Max,Ridge,-0.0270441905151312,1.0902061117769537
lognormal,0,outlier10,Min-Max,RBF-SVR,-0.0167691845670339,1.0847389505058624
lognormal,0,outlier10,Min-Max,KNN,0.1155304404536836,1.011708718284705
lognormal,0,outlier10,RobustScaler,Ridge,-0.0333144876301931,1.0935290040107932
lognormal,0,outlier10,RobustScaler,RBF-SVR,-0.010454236165527,1.0813651564012188
lognormal,0,outlier10,RobustScaler,KNN,0.1145990748576407,1.0122412537212948
lognormal,0,outlier10,Winsorized Z-score,Ridge,-0.0274624794538456,1.0904280957673642
lognormal,0,outlier10,Winsorized Z-score,RBF-SVR,0.0121038488390047,1.0692264508555154
lognormal,0,outlier10,Winsorized Z-score,KNN,0.0986057379713313,1.0213425886617715
lognormal,0,outlier10,Yeo-Johnson,Ridge,-0.0411522687880734,1.097668426146228
lognormal,0,outlier10,Yeo-Johnson,RBF-SVR,0.0054090948791051,1.0728432892894226
lognormal,0,outlier10,Yeo-Johnson,KNN,0.1065235270677725,1.016846990893415
lognormal,0,outlier10,Quantile-Normal,Ridge,0.2710643108163035,0.9184566315899152
lognormal,0,outlier10,Quantile-Normal,RBF-SVR,0.4031109730217485,0.8311144721686659
lognormal,0,outlier10,Quantile-Normal,KNN,0.3852293831658094,0.8434718601292116
lognormal,0,outlier10,Core-Norm ablation — residual channel removed,Ridge,0.4392658419570786,0.805550095640582
lognormal,0,outlier10,Core-Norm ablation — residual channel removed,RBF-SVR,0.4425868520683496,0.8031610732765746
lognormal,0,outlier10,Core-Norm ablation — residual channel removed,KNN,0.4081554146182892,0.8275950541455065
lognormal,0,outlier10,Core-Norm,Ridge,0.6285438615673453,0.6556435860702469
lognormal,0,outlier10,Core-Norm,RBF-SVR,0.4913524131805689,0.7672246388334834
lognormal,0,outlier10,Core-Norm,KNN,0.3518370570231461,0.8660762834663526
lognormal,1,outlier10,No scaling,Ridge,0.0007508024301808,1.0340525938122576
lognormal,1,outlier10,No scaling,RBF-SVR,0.0523734785611446,1.0069880753282985
lognormal,1,outlier10,No scaling,KNN,0.0684442500391714,0.9984128217936856
lognormal,1,outlier10,Z-score,Ridge,0.0008660025927087,1.0339929858282415
lognormal,1,outlier10,Z-score,RBF-SVR,0.0650968022940126,1.0002050589888118
lognormal,1,outlier10,Z-score,KNN,0.0687982279639802,0.9982231124400436
lognormal,1,outlier10,Min-Max,Ridge,0.0078242662619092,1.0303861791704587
lognormal,1,outlier10,Min-Max,RBF-SVR,0.0718709869955894,0.9965747942605884
lognormal,1,outlier10,Min-Max,KNN,0.0681504362741558,0.9985702596621868
lognormal,1,outlier10,RobustScaler,Ridge,0.0007517453262588,1.0340521059437822
lognormal,1,outlier10,RobustScaler,RBF-SVR,0.0821222106492979,0.9910559077836778
lognormal,1,outlier10,RobustScaler,KNN,0.0701514168396456,0.9974975578199514
lognormal,1,outlier10,Winsorized Z-score,Ridge,0.0010798943041067,1.0338823027929274
lognormal,1,outlier10,Winsorized Z-score,RBF-SVR,0.08231635650031,0.990951090143278
lognormal,1,outlier10,Winsorized Z-score,KNN,0.0837822353907478,0.9901593168297748
lognormal,1,outlier10,Yeo-Johnson,Ridge,0.0021488347705206,1.0333289780378088
lognormal,1,outlier10,Yeo-Johnson,RBF-SVR,0.0736541080818975,0.9956170244758412
lognormal,1,outlier10,Yeo-Johnson,KNN,0.0610824353167391,1.002350141606323
lognormal,1,outlier10,Quantile-Normal,Ridge,0.225882828357396,0.9101418297723038
lognormal,1,outlier10,Quantile-Normal,RBF-SVR,0.1287247188425052,0.965569236972486
lognormal,1,outlier10,Quantile-Normal,KNN,0.2224901713121426,0.912134049709458
lognormal,1,outlier10,Core-Norm ablation — residual channel removed,Ridge,0.3198790477552683,0.8530977594665915
lognormal,1,outlier10,Core-Norm ablation — residual channel removed,RBF-SVR,0.240619744689615,0.9014369889867968
lognormal,1,outlier10,Core-Norm ablation — residual channel removed,KNN,0.2771091206740347,0.8795126634052643
lognormal,1,outlier10,Core-Norm,Ridge,0.312346183628064,0.8578091077785137
lognormal,1,outlier10,Core-Norm,RBF-SVR,0.2336978093660576,0.9055360775935484
lognormal,1,outlier10,Core-Norm,KNN,0.2564738181240179,0.891977413202053
student_t,0,outlier10,No scaling,Ridge,-0.0025664418697395,0.9589993464629972
student_t,0,outlier10,No scaling,RBF-SVR,0.1228443463699467,0.8970157381547985
student_t,0,outlier10,No scaling,KNN,0.1347285263047722,0.8909183876129763
student_t,0,outlier10,Z-score,Ridge,-0.0025210040791987,0.95897761458402
student_t,0,outlier10,Z-score,RBF-SVR,0.1230037518963302,0.8969342271012731
student_t,0,outlier10,Z-score,KNN,0.1286884332064352,0.8940225415008612
student_t,0,outlier10,Min-Max,Ridge,0.0003020485502165,0.9576264444728226
student_t,0,outlier10,Min-Max,RBF-SVR,0.107788397501501,0.9046814025279928
student_t,0,outlier10,Min-Max,KNN,0.1278682714577634,0.8944432122749361
student_t,0,outlier10,RobustScaler,Ridge,-0.0025657544310822,0.9589990176801314
student_t,0,outlier10,RobustScaler,RBF-SVR,0.1257117043239641,0.8955483984545265
student_t,0,outlier10,RobustScaler,KNN,0.1294350227129669,0.8936394346330296
student_t,0,outlier10,Winsorized Z-score,Ridge,0.0026987443339506,0.9564778392800736
student_t,0,outlier10,Winsorized Z-score,RBF-SVR,0.1350097706113024,0.8907735856082057
student_t,0,outlier10,Winsorized Z-score,KNN,0.1317634077321519,0.8924435848929673
student_t,0,outlier10,Yeo-Johnson,Ridge,-0.0024342866297706,0.9589361382005532
student_t,0,outlier10,Yeo-Johnson,RBF-SVR,0.1177910130431798,0.8995959014674967
student_t,0,outlier10,Yeo-Johnson,KNN,0.1317653258409087,0.8924425990989937
student_t,0,outlier10,Quantile-Normal,Ridge,0.3725397566468253,0.7586733627958965
student_t,0,outlier10,Quantile-Normal,RBF-SVR,0.3987273888747907,0.7426726661242243
student_t,0,outlier10,Quantile-Normal,KNN,0.4027976975606948,0.7401546400062581
student_t,0,outlier10,Core-Norm ablation — residual channel removed,Ridge,0.4825646220042972,0.6889533065103015
student_t,0,outlier10,Core-Norm ablation — residual channel removed,RBF-SVR,0.3254606420970101,0.7866207109885195
student_t,0,outlier10,Core-Norm ablation — residual channel removed,KNN,0.4053336265346717,0.7385814910010848
student_t,0,outlier10,Core-Norm,Ridge,0.5326231992446859,0.6547798484657102
student_t,0,outlier10,Core-Norm,RBF-SVR,0.3543283759159381,0.7696044666314324
student_t,0,outlier10,Core-Norm,KNN,0.365827470597599,0.7627205402143004
student_t,1,outlier10,No scaling,Ridge,0.0357737760201941,0.8875919394967432
student_t,1,outlier10,No scaling,RBF-SVR,0.1882973483886624,0.8143711174970645
student_t,1,outlier10,No scaling,KNN,0.1139163912305695,0.8508661209455256
student_t,1,outlier10,Z-score,Ridge,0.0357789358523801,0.8875895646227403
student_t,1,outlier10,Z-score,RBF-SVR,0.1939999749948294,0.8115053883495126
student_t,1,outlier10,Z-score,KNN,0.1084621713535329,0.8534808241292647
student_t,1,outlier10,Min-Max,Ridge,0.0350127602158387,0.8879421364995498
student_t,1,outlier10,Min-Max,RBF-SVR,0.1570117786640953,0.8299169478457513
student_t,1,outlier10,Min-Max,KNN,0.1156301112142595,0.850042918726852
student_t,1,outlier10,RobustScaler,Ridge,0.0357739044584385,0.887591880381594
student_t,1,outlier10,RobustScaler,RBF-SVR,0.1841432439492605,0.8164523386065137
student_t,1,outlier10,RobustScaler,KNN,0.110763735243516,0.8523784536014275
student_t,1,outlier10,Winsorized Z-score,Ridge,0.004860202516346,0.901708010093747
student_t,1,outlier10,Winsorized Z-score,RBF-SVR,0.1866575642225356,0.8151932899444477
student_t,1,outlier10,Winsorized Z-score,KNN,0.1127351558569362,0.8514330755807494
student_t,1,outlier10,Yeo-Johnson,Ridge,0.0400748723522208,0.8856100989559437
student_t,1,outlier10,Yeo-Johnson,RBF-SVR,0.1978204993330373,0.8095797935910464
student_t,1,outlier10,Yeo-Johnson,KNN,0.1147750950727328,0.8504537337271232
student_t,1,outlier10,Quantile-Normal,Ridge,0.1183880053987603,0.848716460761988
student_t,1,outlier10,Quantile-Normal,RBF-SVR,0.211708464761761,0.8025411533809296
student_t,1,outlier10,Quantile-Normal,KNN,0.2256302418931279,0.7954228672555297
student_t,1,outlier10,Core-Norm ablation — residual channel removed,Ridge,0.2361829213627428,0.7899844861398029
student_t,1,outlier10,Core-Norm ablation — residual channel removed,RBF-SVR,0.0789088754236101,0.8675113768756015
student_t,1,outlier10,Core-Norm ablation — residual channel removed,KNN,0.2130194361366355,0.8018735410670834
student_t,1,outlier10,Core-Norm,Ridge,0.239190061656138,0.7884278719760994
student_t,1,outlier10,Core-Norm,RBF-SVR,0.1836244421298776,0.816711887626005
student_t,1,outlier10,Core-Norm,KNN,0.2055691460132906,0.805660240523286
laplace,0,outlier10,No scaling,Ridge,0.0011610972352895,1.0870854487092036
laplace,0,outlier10,No scaling,RBF-SVR,0.0445527680800398,1.0632106331085738
laplace,0,outlier10,No scaling,KNN,0.1674756045383333,0.9924632684574948
laplace,0,outlier10,Z-score,Ridge,0.0011767886804781,1.0870769097903246
laplace,0,outlier10,Z-score,RBF-SVR,0.0422198012481285,1.0645078909541172
laplace,0,outlier10,Z-score,KNN,0.158934062805417,0.9975415182816728
laplace,0,outlier10,Min-Max,Ridge,0.002316747063375,1.0864563914615408
laplace,0,outlier10,Min-Max,RBF-SVR,0.039044545471534,1.0662709718958605
laplace,0,outlier10,Min-Max,KNN,0.170120567432994,0.9908854667695708
laplace,0,outlier10,RobustScaler,Ridge,0.0011613195388802,1.0870853277372374
laplace,0,outlier10,RobustScaler,RBF-SVR,0.0306125779032625,1.0709387875359904
laplace,0,outlier10,RobustScaler,KNN,0.165977714647953,0.9933556943293488
laplace,0,outlier10,Winsorized Z-score,Ridge,0.0011366619596722,1.0870987456833348
laplace,0,outlier10,Winsorized Z-score,RBF-SVR,0.0813713177057406,1.0425237527094326
laplace,0,outlier10,Winsorized Z-score,KNN,0.1640876619507438,0.9944806235765286
laplace,0,outlier10,Yeo-Johnson,Ridge,0.0034199993581164,1.0858555158560488
laplace,0,outlier10,Yeo-Johnson,RBF-SVR,0.037226267234241,1.067279271002328
laplace,0,outlier10,Yeo-Johnson,KNN,0.1672789479028064,0.992580480015371
laplace,0,outlier10,Quantile-Normal,Ridge,0.3584223925699444,0.8712455178242096
laplace,0,outlier10,Quantile-Normal,RBF-SVR,0.3908768575863801,0.8489234063298904
laplace,0,outlier10,Quantile-Normal,KNN,0.38709522924643,0.8515545209088164
laplace,0,outlier10,Core-Norm ablation — residual channel removed,Ridge,0.5032531526675558,0.7666259533676848
laplace,0,outlier10,Core-Norm ablation — residual channel removed,RBF-SVR,0.3722040047168651,0.8618371854483035
laplace,0,outlier10,Core-Norm ablation — residual channel removed,KNN,0.4222229091488002,0.8267917167267528
laplace,0,outlier10,Core-Norm,Ridge,0.5960208584563005,0.6913459595428704
laplace,0,outlier10,Core-Norm,RBF-SVR,0.5139846190718519,0.7582998408459024
laplace,0,outlier10,Core-Norm,KNN,0.3984272219377408,0.8436456000982117
laplace,1,outlier10,No scaling,Ridge,-0.0281403639525137,1.2022527140645778
laplace,1,outlier10,No scaling,RBF-SVR,0.1263787867595357,1.1082331756640482
laplace,1,outlier10,No scaling,KNN,0.1481691173592981,1.0943248263956595
laplace,1,outlier10,Z-score,Ridge,-0.0280601151440504,1.2022057938025967
laplace,1,outlier10,Z-score,RBF-SVR,0.1489625190780942,1.093815076466874
laplace,1,outlier10,Z-score,KNN,0.1758076037782273,1.0764252167368165
laplace,1,outlier10,Min-Max,Ridge,-0.0229407177146951,1.1992087656020924
laplace,1,outlier10,Min-Max,RBF-SVR,0.1506874253729623,1.092706026899972
laplace,1,outlier10,Min-Max,KNN,0.1728800012965499,1.0783352996537667
laplace,1,outlier10,RobustScaler,Ridge,-0.0281394137477186,1.202252158504949
laplace,1,outlier10,RobustScaler,RBF-SVR,0.1648057257878407,1.08358582599563
laplace,1,outlier10,RobustScaler,KNN,0.1805660321586213,1.0733133785477007
laplace,1,outlier10,Winsorized Z-score,Ridge,-0.0215545142438016,1.1983959565728208
laplace,1,outlier10,Winsorized Z-score,RBF-SVR,0.156947273818117,1.0886716908689689
laplace,1,outlier10,Winsorized Z-score,KNN,0.1750028727438157,1.0769505925110785
laplace,1,outlier10,Yeo-Johnson,Ridge,-0.0309192074787523,1.203876333717204
laplace,1,outlier10,Yeo-Johnson,RBF-SVR,0.146880988265583,1.095151926686828
laplace,1,outlier10,Yeo-Johnson,KNN,0.160954136341792,1.086081489132563
laplace,1,outlier10,Quantile-Normal,Ridge,0.1839857139676106,1.0710714483056616
laplace,1,outlier10,Quantile-Normal,RBF-SVR,0.3719734201887575,0.9396336769597692
laplace,1,outlier10,Quantile-Normal,KNN,0.2859623378506901,1.0019132523732508
laplace,1,outlier10,Core-Norm ablation — residual channel removed,Ridge,0.4327718192473536,0.8929938356382647
laplace,1,outlier10,Core-Norm ablation — residual channel removed,RBF-SVR,0.380861392895142,0.9329610316031456
laplace,1,outlier10,Core-Norm ablation — residual channel removed,KNN,0.3455065697311065,0.9592287945938928
laplace,1,outlier10,Core-Norm,Ridge,0.5011324302811289,0.8374563839546019
laplace,1,outlier10,Core-Norm,RBF-SVR,0.4053503845243277,0.9143240271936386
laplace,1,outlier10,Core-Norm,KNN,0.2987842351074808,0.9928768782247468
bimodal,0,outlier10,No scaling,Ridge,-0.0406543620223183,1.0974059276097343
bimodal,0,outlier10,No scaling,RBF-SVR,-0.0995037490312074,1.1280085837360978
bimodal,0,outlier10,No scaling,KNN,0.1371828442062687,0.9992483345978446
bimodal,0,outlier10,Z-score,Ridge,-0.0405837443483927,1.0973686925913002
bimodal,0,outlier10,Z-score,RBF-SVR,-0.0986311000760111,1.1275608586123202
bimodal,0,outlier10,Z-score,KNN,0.1296531223144728,1.0035990349803627
bimodal,0,outlier10,Min-Max,Ridge,-0.0356755813149181,1.094777632203537
bimodal,0,outlier10,Min-Max,RBF-SVR,-0.1008904225681663,1.1287196712545056
bimodal,0,outlier10,Min-Max,KNN,0.1365625398044115,0.9996074644386456
bimodal,0,outlier10,RobustScaler,Ridge,-0.0406530068278394,1.0974052130598355
bimodal,0,outlier10,RobustScaler,RBF-SVR,-0.0996071629652166,1.1280616299683404
bimodal,0,outlier10,RobustScaler,KNN,0.1379977062060088,0.9987763679534848
bimodal,0,outlier10,Winsorized Z-score,Ridge,-0.041710242172966,1.097962517485701
bimodal,0,outlier10,Winsorized Z-score,RBF-SVR,-0.0826471040570082,1.1193283575147637
bimodal,0,outlier10,Winsorized Z-score,KNN,0.119792733662753,1.009268042473708
bimodal,0,outlier10,Yeo-Johnson,Ridge,-0.0414050907642904,1.0978016909260004
bimodal,0,outlier10,Yeo-Johnson,RBF-SVR,-0.0973700823331591,1.1269135610377292
bimodal,0,outlier10,Yeo-Johnson,KNN,0.1389749881439573,0.9982100336617448
bimodal,0,outlier10,Quantile-Normal,Ridge,0.1595481864386502,0.9862123949560152
bimodal,0,outlier10,Quantile-Normal,RBF-SVR,0.4121129084592561,0.8248234686011807
bimodal,0,outlier10,Quantile-Normal,KNN,0.3218306138816834,0.8858968097176252
bimodal,0,outlier10,Core-Norm ablation — residual channel removed,Ridge,0.0787230439623936,1.0325453883498843
bimodal,0,outlier10,Core-Norm ablation — residual channel removed,RBF-SVR,0.435155525996918,0.8084971426315211
bimodal,0,outlier10,Core-Norm ablation — residual channel removed,KNN,0.2398599600431058,0.9379093209324708
bimodal,0,outlier10,Core-Norm,Ridge,0.385955396047705,0.8429736642810992
bimodal,0,outlier10,Core-Norm,RBF-SVR,0.5381819363154831,0.731054079981423
bimodal,0,outlier10,Core-Norm,KNN,0.1923589659809536,0.9667701558371916
bimodal,1,outlier10,No scaling,Ridge,-0.0322869590677183,0.8329701749540318
bimodal,1,outlier10,No scaling,RBF-SVR,0.0937522193158144,0.7804637010186977
bimodal,1,outlier10,No scaling,KNN,0.0869279417036186,0.7833967354077401
bimodal,1,outlier10,Z-score,Ridge,-0.032200231728565,0.8329351833251873
bimodal,1,outlier10,Z-score,RBF-SVR,0.0933628919553573,0.780631328047274
bimodal,1,outlier10,Z-score,KNN,0.0941967836833912,0.7802722473561261
bimodal,1,outlier10,Min-Max,Ridge,-0.0265445711366532,0.8306501279786739
bimodal,1,outlier10,Min-Max,RBF-SVR,0.0938104613655965,0.7804386214890977
bimodal,1,outlier10,Min-Max,KNN,0.0891958007880789,0.782423242710532
bimodal,1,outlier10,RobustScaler,Ridge,-0.0322854069817588,0.8329695487513137
bimodal,1,outlier10,RobustScaler,RBF-SVR,0.0921121578873259,0.7811695950614228
bimodal,1,outlier10,RobustScaler,KNN,0.085804560811379,0.7838785059278706
bimodal,1,outlier10,Winsorized Z-score,Ridge,-0.0335229362846456,0.8334686914586833
bimodal,1,outlier10,Winsorized Z-score,RBF-SVR,0.0994357122942777,0.7780125300357628
bimodal,1,outlier10,Winsorized Z-score,KNN,0.1045913068390224,0.7757823314469737
bimodal,1,outlier10,Yeo-Johnson,Ridge,-0.0329915755067253,0.8332544100458555
bimodal,1,outlier10,Yeo-Johnson,RBF-SVR,0.090318473945521,0.7819408797479023
bimodal,1,outlier10,Yeo-Johnson,KNN,0.0893022065563322,0.7823775376193469
bimodal,1,outlier10,Quantile-Normal,Ridge,0.320605041900728,0.6757567474224279
bimodal,1,outlier10,Quantile-Normal,RBF-SVR,0.3533716234193721,0.6592598247085776
bimodal,1,outlier10,Quantile-Normal,KNN,0.376416687470656,0.6474056323210277
bimodal,1,outlier10,Core-Norm ablation — residual channel removed,Ridge,0.2812945442951178,0.6950318422190782
bimodal,1,outlier10,Core-Norm ablation — residual channel removed,RBF-SVR,0.379315406282139,0.6458991512918719
bimodal,1,outlier10,Core-Norm ablation — residual channel removed,KNN,0.3405661601963134,0.6657556272132003
bimodal,1,outlier10,Core-Norm,Ridge,0.4453091646479055,0.6105970844864186
bimodal,1,outlier10,Core-Norm,RBF-SVR,0.414892009422007,0.6271150819903668
bimodal,1,outlier10,Core-Norm,KNN,0.3383141007897883,0.6668914828633248
zero_inflated,0,outlier10,No scaling,Ridge,-0.0335499011974445,1.0936535628485058
zero_inflated,0,outlier10,No scaling,RBF-SVR,-0.0814173156824979,1.1186924494134671
zero_inflated,0,outlier10,No scaling,KNN,0.0030189383256737,1.0741316203373716
zero_inflated,0,outlier10,Z-score,Ridge,-0.0334844208805324,1.0936189182144669
zero_inflated,0,outlier10,Z-score,RBF-SVR,-0.080597070409915,1.1182681098712477
zero_inflated,0,outlier10,Z-score,KNN,0.001835322549356,1.0747690356630024
zero_inflated,0,outlier10,Min-Max,Ridge,-0.0287325313745621,1.0911018296597144
zero_inflated,0,outlier10,Min-Max,RBF-SVR,-0.0819241893923861,1.1189545912135042
zero_inflated,0,outlier10,Min-Max,KNN,0.0055537962549699,1.0727652433581103
zero_inflated,0,outlier10,RobustScaler,Ridge,-0.0335499011974445,1.0936535628485058
zero_inflated,0,outlier10,RobustScaler,RBF-SVR,-0.0814173156824979,1.1186924494134671
zero_inflated,0,outlier10,RobustScaler,KNN,0.0030189383256737,1.0741316203373716
zero_inflated,0,outlier10,Winsorized Z-score,Ridge,-0.0334592333756331,1.0936055915986336
zero_inflated,0,outlier10,Winsorized Z-score,RBF-SVR,-0.0560759391902696,1.105507316718982
zero_inflated,0,outlier10,Winsorized Z-score,KNN,0.0053197199080025,1.0728914916123535
zero_inflated,0,outlier10,Yeo-Johnson,Ridge,-0.0342778670465711,1.0940386445485355
zero_inflated,0,outlier10,Yeo-Johnson,RBF-SVR,-0.076011141927931,1.1158926869374253
zero_inflated,0,outlier10,Yeo-Johnson,KNN,0.012881720852033,1.0688054121055868
zero_inflated,0,outlier10,Quantile-Normal,Ridge,0.1074153814594235,1.0163393637184277
zero_inflated,0,outlier10,Quantile-Normal,RBF-SVR,-0.062068360780525,1.1086393334421467
zero_inflated,0,outlier10,Quantile-Normal,KNN,0.0400244575551074,1.0540085442930585
zero_inflated,0,outlier10,Core-Norm ablation — residual channel removed,Ridge,0.0644850585338279,1.040493595354743
zero_inflated,0,outlier10,Core-Norm ablation — residual channel removed,RBF-SVR,0.08830817902436,1.0271599477870643
zero_inflated,0,outlier10,Core-Norm ablation — residual channel removed,KNN,0.0052886691868958,1.0729082375935322
zero_inflated,0,outlier10,Core-Norm,Ridge,0.2380662617750624,0.93901525862903
zero_inflated,0,outlier10,Core-Norm,RBF-SVR,0.0927052087643199,1.0246799915427591
zero_inflated,0,outlier10,Core-Norm,KNN,0.0290242937428316,1.0600301776558296
zero_inflated,1,outlier10,No scaling,Ridge,-0.0102558366755498,1.198127870426575
zero_inflated,1,outlier10,No scaling,RBF-SVR,0.0291159374015652,1.174549089658352
zero_inflated,1,outlier10,No scaling,KNN,0.0960824858309571,1.1333182627608005
zero_inflated,1,outlier10,Z-score,Ridge,-0.0101637995457288,1.1980732927849562
zero_inflated,1,outlier10,Z-score,RBF-SVR,-0.0053339434733914,1.1952057108778331
zero_inflated,1,outlier10,Z-score,KNN,0.0943154072426046,1.134425490247374
zero_inflated,1,outlier10,Min-Max,Ridge,-0.0043004882445918,1.1945912338683284
zero_inflated,1,outlier10,Min-Max,RBF-SVR,0.0080353965536041,1.1872319465209489
zero_inflated,1,outlier10,Min-Max,KNN,0.0858363345868349,1.1397233985265842
zero_inflated,1,outlier10,RobustScaler,Ridge,-0.0102558366755498,1.198127870426575
zero_inflated,1,outlier10,RobustScaler,RBF-SVR,0.0291159374015652,1.174549089658352
zero_inflated,1,outlier10,RobustScaler,KNN,0.0960824858309571,1.1333182627608005
zero_inflated,1,outlier10,Winsorized Z-score,Ridge,-0.0106505308289237,1.1983618942593888
zero_inflated,1,outlier10,Winsorized Z-score,RBF-SVR,-0.0062095672394331,1.1957260965422714
zero_inflated,1,outlier10,Winsorized Z-score,KNN,0.0978745736621018,1.1321942589152336
zero_inflated,1,outlier10,Yeo-Johnson,Ridge,-0.0105420281913082,1.1982975649425662
zero_inflated,1,outlier10,Yeo-Johnson,RBF-SVR,0.0044009228260425,1.189404916258412
zero_inflated,1,outlier10,Yeo-Johnson,KNN,0.0881415797276234,1.1382854720597817
zero_inflated,1,outlier10,Quantile-Normal,Ridge,0.3011148086658582,0.996530064931433
zero_inflated,1,outlier10,Quantile-Normal,RBF-SVR,0.2498200356389248,1.032452825266874
zero_inflated,1,outlier10,Quantile-Normal,KNN,0.2165783290006603,1.05507972382689
zero_inflated,1,outlier10,Core-Norm ablation — residual channel removed,Ridge,0.1614768284080228,1.0915534854675173
zero_inflated,1,outlier10,Core-Norm ablation — residual channel removed,RBF-SVR,0.3671776077689064,0.9482621274217704
zero_inflated,1,outlier10,Core-Norm ablation — residual channel removed,KNN,0.1390535375983611,1.1060520359461576
zero_inflated,1,outlier10,Core-Norm,Ridge,0.7148775193194016,0.63650704814845
zero_inflated,1,outlier10,Core-Norm,RBF-SVR,0.508818144607259,0.8354272638926742
zero_inflated,1,outlier10,Core-Norm,KNN,0.170290659484849,1.0858015972632231
bounded_beta,0,outlier10,No scaling,Ridge,-0.0221332132940963,1.161636407842127
bounded_beta,0,outlier10,No scaling,RBF-SVR,-0.0254489597053075,1.1635190260200972
bounded_beta,0,outlier10,No scaling,KNN,0.1447862659389661,1.0625608204819097
bounded_beta,0,outlier10,Z-score,Ridge,-0.0221003237741601,1.1616177185114989
bounded_beta,0,outlier10,Z-score,RBF-SVR,-0.0196732075333445,1.1602376891220727
bounded_beta,0,outlier10,Z-score,KNN,0.1566340278505991,1.055175021881264
bounded_beta,0,outlier10,Min-Max,Ridge,-0.0192342552273407,1.1599879307547372
bounded_beta,0,outlier10,Min-Max,RBF-SVR,-0.0234924615929954,1.16240853211654
bounded_beta,0,outlier10,Min-Max,KNN,0.1541953638881192,1.0566994845111572
bounded_beta,0,outlier10,RobustScaler,Ridge,-0.0221398951409206,1.1616402047365808
bounded_beta,0,outlier10,RobustScaler,RBF-SVR,-0.0005199879680346,1.1492892632509497
bounded_beta,0,outlier10,RobustScaler,KNN,0.1654573010470386,1.0496409023454278
bounded_beta,0,outlier10,Winsorized Z-score,Ridge,-0.0196807073022642,1.1602419559295636
bounded_beta,0,outlier10,Winsorized Z-score,RBF-SVR,0.0043761821853238,1.146473718833252
bounded_beta,0,outlier10,Winsorized Z-score,KNN,0.1509930228142987,1.05869800465942
bounded_beta,0,outlier10,Yeo-Johnson,Ridge,-0.0248668585406375,1.1631887404816532
bounded_beta,0,outlier10,Yeo-Johnson,RBF-SVR,-0.0179871121852763,1.1592780283551098
bounded_beta,0,outlier10,Yeo-Johnson,KNN,0.1590654176332721,1.053652910715836
bounded_beta,0,outlier10,Quantile-Normal,Ridge,0.3324083597606415,0.9387974683060176
bounded_beta,0,outlier10,Quantile-Normal,RBF-SVR,0.4000780850214611,0.8899463544064958
bounded_beta,0,outlier10,Quantile-Normal,KNN,0.4171627718870164,0.8771827991965948
bounded_beta,0,outlier10,Core-Norm ablation — residual channel removed,Ridge,0.42768763832871,0.8692266402065579
bounded_beta,0,outlier10,Core-Norm ablation — residual channel removed,RBF-SVR,0.4432159168921054,0.8573533924843129
bounded_beta,0,outlier10,Core-Norm ablation — residual channel removed,KNN,0.4248620480361795,0.8713697481283279
bounded_beta,0,outlier10,Core-Norm,Ridge,0.6614181739198994,0.6685721572176614
bounded_beta,0,outlier10,Core-Norm,RBF-SVR,0.5257487723763912,0.7912627057302062
bounded_beta,0,outlier10,Core-Norm,KNN,0.429800812247557,0.8676204144149363
bounded_beta,1,outlier10,No scaling,Ridge,-0.0102394697828986,1.120659383384537
bounded_beta,1,outlier10,No scaling,RBF-SVR,-0.0269694570939991,1.1299005745745725
bounded_beta,1,outlier10,No scaling,KNN,0.1537615185140364,1.0256704675335095
bounded_beta,1,outlier10,Z-score,Ridge,-0.0102080785958649,1.1206419721159029
bounded_beta,1,outlier10,Z-score,RBF-SVR,-0.0300712663783451,1.1316056368201908
bounded_beta,1,outlier10,Z-score,KNN,0.1485742712974683,1.0288092269203508
bounded_beta,1,outlier10,Min-Max,Ridge,-0.0079751490401558,1.119402772528206
bounded_beta,1,outlier10,Min-Max,RBF-SVR,-0.0329093195249312,1.1331634648871265
bounded_beta,1,outlier10,Min-Max,KNN,0.1543822096968622,1.0252942488854393
bounded_beta,1,outlier10,RobustScaler,Ridge,-0.0102446277865486,1.1206622442694978
bounded_beta,1,outlier10,RobustScaler,RBF-SVR,-0.0319486323966446,1.132636376605154
bounded_beta,1,outlier10,RobustScaler,KNN,0.1529151467861584,1.0261832553318149
bounded_beta,1,outlier10,Winsorized Z-score,Ridge,-0.0090437395320781,1.1199959748007506
bounded_beta,1,outlier10,Winsorized Z-score,RBF-SVR,-0.0249990735417056,1.1288161185556551
bounded_beta,1,outlier10,Winsorized Z-score,KNN,0.1405299387768626,1.0336579335002236
bounded_beta,1,outlier10,Yeo-Johnson,Ridge,-0.0114143206211323,1.12131082548953
bounded_beta,1,outlier10,Yeo-Johnson,RBF-SVR,-0.029099764003531,1.131071879140502
bounded_beta,1,outlier10,Yeo-Johnson,KNN,0.1606595450706247,1.0214815897312983
bounded_beta,1,outlier10,Quantile-Normal,Ridge,0.305406217109905,0.929237893433422
bounded_beta,1,outlier10,Quantile-Normal,RBF-SVR,0.3492322836274822,0.8994446973708504
bounded_beta,1,outlier10,Quantile-Normal,KNN,0.3383616621532164,0.90692588338611
bounded_beta,1,outlier10,Core-Norm ablation — residual channel removed,Ridge,0.3471732120033951,0.900866524500074
bounded_beta,1,outlier10,Core-Norm ablation — residual channel removed,RBF-SVR,0.3847425076674342,0.87456062676669
bounded_beta,1,outlier10,Core-Norm ablation — residual channel removed,KNN,0.3901988939227759,0.8706739876284836
bounded_beta,1,outlier10,Core-Norm,Ridge,0.6815260291629472,0.6292140870005754
bounded_beta,1,outlier10,Core-Norm,RBF-SVR,0.5254899753754576,0.7680405707294572
bounded_beta,1,outlier10,Core-Norm,KNN,0.3875462604847937,0.8725656476242154
mixed,0,outlier10,No scaling,Ridge,0.0239092153908687,1.1049977451518394
mixed,0,outlier10,No scaling,RBF-SVR,0.0903791961330914,1.066710273426006
mixed,0,outlier10,No scaling,KNN,0.1566824433185201,1.027097935872177
mixed,0,outlier10,Z-score,Ridge,0.0239259889756531,1.10498825072095
mixed,0,outlier10,Z-score,RBF-SVR,0.0698441138275202,1.0786837961598836
mixed,0,outlier10,Z-score,KNN,0.0570885791547203,1.0860547854659224
mixed,0,outlier10,Min-Max,Ridge,0.0256767907960194,1.1039967870938574
mixed,0,outlier10,Min-Max,RBF-SVR,0.0245762313946928,1.104620128053268
mixed,0,outlier10,Min-Max,KNN,0.0298084768413782,1.101653512266232
mixed,0,outlier10,RobustScaler,Ridge,0.0238766673849454,1.105016168219605
mixed,0,outlier10,RobustScaler,RBF-SVR,0.1080048586941134,1.0563249308554843
mixed,0,outlier10,RobustScaler,KNN,0.063116148254434,1.082577912949069
mixed,0,outlier10,Winsorized Z-score,Ridge,0.0361627005732845,1.0980399719465126
mixed,0,outlier10,Winsorized Z-score,RBF-SVR,0.1121297137846816,1.0538797178803132
mixed,0,outlier10,Winsorized Z-score,KNN,0.0486582651651734,1.0908990416637596
mixed,0,outlier10,Yeo-Johnson,Ridge,0.0244273170572616,1.1047044439691254
mixed,0,outlier10,Yeo-Johnson,RBF-SVR,0.0742859280078104,1.0761051710104017
mixed,0,outlier10,Yeo-Johnson,KNN,0.0421891699230639,1.094601798040196
mixed,0,outlier10,Quantile-Normal,Ridge,0.4091802100696831,0.8596938154231182
mixed,0,outlier10,Quantile-Normal,RBF-SVR,0.4531353875183193,0.8270965248797055
mixed,0,outlier10,Quantile-Normal,KNN,0.3962948130332341,0.8690179340930891
mixed,0,outlier10,Core-Norm ablation — residual channel removed,Ridge,0.5163306344108135,0.7778405433014155
mixed,0,outlier10,Core-Norm ablation — residual channel removed,RBF-SVR,0.4808644167211248,0.8058545910175884
mixed,0,outlier10,Core-Norm ablation — residual channel removed,KNN,0.3989258343465476,0.8671222229853593
mixed,0,outlier10,Core-Norm,Ridge,0.6199072565234102,0.6895425565215461
mixed,0,outlier10,Core-Norm,RBF-SVR,0.4986589079413352,0.7919229642813848
mixed,0,outlier10,Core-Norm,KNN,0.3713677088530718,0.8867774246320217
mixed,1,outlier10,No scaling,Ridge,-0.8374954752238741,1.3772346938217976
mixed,1,outlier10,No scaling,RBF-SVR,-0.1438221565779667,1.0866109262985066
mixed,1,outlier10,No scaling,KNN,0.1140874050906268,0.9562914069587408
mixed,1,outlier10,Z-score,Ridge,-0.8367276030632584,1.3769468970077627
mixed,1,outlier10,Z-score,RBF-SVR,0.1773003870208779,0.9215426969999786
mixed,1,outlier10,Z-score,KNN,0.0469326718120539,0.9918742283583598
mixed,1,outlier10,Min-Max,Ridge,-0.7591528476908143,1.347555320624469
mixed,1,outlier10,Min-Max,RBF-SVR,0.1734275882564671,0.9237091980389714
mixed,1,outlier10,Min-Max,KNN,0.0567276790113067,0.9867641452591436
mixed,1,outlier10,RobustScaler,Ridge,-0.8388972330026245,1.377759914543513
mixed,1,outlier10,RobustScaler,RBF-SVR,-0.1280639391769134,1.079099952617157
mixed,1,outlier10,RobustScaler,KNN,0.0614594878702635,0.9842860434727346
mixed,1,outlier10,Winsorized Z-score,Ridge,0.0798268336213094,0.9746071597488576
mixed,1,outlier10,Winsorized Z-score,RBF-SVR,0.1394302839382654,0.942514075688116
mixed,1,outlier10,Winsorized Z-score,KNN,0.0904740774338063,0.9689522064981476
mixed,1,outlier10,Yeo-Johnson,Ridge,-0.8296323524036262,1.374284761163031
mixed,1,outlier10,Yeo-Johnson,RBF-SVR,0.1826010803332178,0.9185691275104292
mixed,1,outlier10,Yeo-Johnson,KNN,0.0521446156167746,0.9891584287573372
mixed,1,outlier10,Quantile-Normal,Ridge,-0.0094202470842625,1.02077687090374
mixed,1,outlier10,Quantile-Normal,RBF-SVR,0.1502504249208878,0.9365701097423196
mixed,1,outlier10,Quantile-Normal,KNN,0.2292335029604089,0.8919822859733817
mixed,1,outlier10,Core-Norm ablation — residual channel removed,Ridge,0.3668956227751634,0.8084114822812003
mixed,1,outlier10,Core-Norm ablation — residual channel removed,RBF-SVR,0.1867364452783488,0.9162425797625156
mixed,1,outlier10,Core-Norm ablation — residual channel removed,KNN,0.2754614400514747,0.8648196862445502
mixed,1,outlier10,Core-Norm,Ridge,0.3598143074449859,0.8129199789632843
mixed,1,outlier10,Core-Norm,RBF-SVR,0.2194772645319744,0.897609818073763
mixed,1,outlier10,Core-Norm,KNN,0.2895122062357924,0.8563930336325698
heteroscedastic,0,outlier10,No scaling,Ridge,-0.0339805981709193,1.093881410685087
heteroscedastic,0,outlier10,No scaling,RBF-SVR,0.0563243629035858,1.0450219646837944
heteroscedastic,0,outlier10,No scaling,KNN,0.2125875724293323,0.9545862614894915
heteroscedastic,0,outlier10,Z-score,Ridge,-0.0339527838537025,1.0938666977546776
heteroscedastic,0,outlier10,Z-score,RBF-SVR,-0.004963484905309,1.0784231156378208
heteroscedastic,0,outlier10,Z-score,KNN,0.1729977162114948,0.9782895211552513
heteroscedastic,0,outlier10,Min-Max,Ridge,-0.0287138501155959,1.0910919226879046
heteroscedastic,0,outlier10,Min-Max,RBF-SVR,-0.0054984460986948,1.0787101100263552
heteroscedastic,0,outlier10,Min-Max,KNN,0.1705504566460708,0.9797359257655812
heteroscedastic,0,outlier10,RobustScaler,Ridge,-0.0340263997235321,1.093905637886379
heteroscedastic,0,outlier10,RobustScaler,RBF-SVR,-0.0110274699091414,1.0816718437727608
heteroscedastic,0,outlier10,RobustScaler,KNN,0.1669041681218703,0.981887040561832
heteroscedastic,0,outlier10,Winsorized Z-score,Ridge,-0.0332640972982394,1.0935023403174176
heteroscedastic,0,outlier10,Winsorized Z-score,RBF-SVR,0.0141678685321763,1.0681088949362072
heteroscedastic,0,outlier10,Winsorized Z-score,KNN,0.1680822900174361,0.9811925274983644
heteroscedastic,0,outlier10,Yeo-Johnson,Ridge,-0.0349681222969586,1.0944036528258827
heteroscedastic,0,outlier10,Yeo-Johnson,RBF-SVR,-0.0023739421439883,1.077032804392165
heteroscedastic,0,outlier10,Yeo-Johnson,KNN,0.1762608748582718,0.9763575620586916
heteroscedastic,0,outlier10,Quantile-Normal,Ridge,0.3087615928361885,0.8943921475439427
heteroscedastic,0,outlier10,Quantile-Normal,RBF-SVR,0.4170669867057818,0.8213407547162745
heteroscedastic,0,outlier10,Quantile-Normal,KNN,0.3961359662056426,0.8359564039506671
heteroscedastic,0,outlier10,Core-Norm ablation — residual channel removed,Ridge,0.4596773443376576,0.7907526138021808
heteroscedastic,0,outlier10,Core-Norm ablation — residual channel removed,RBF-SVR,0.4366705071020484,0.8074121711406735
heteroscedastic,0,outlier10,Core-Norm ablation — residual channel removed,KNN,0.4019441751213111,0.8319264063197988
heteroscedastic,0,outlier10,Core-Norm,Ridge,0.6831543231979775,0.6055331729490385
heteroscedastic,0,outlier10,Core-Norm,RBF-SVR,0.5289319330732241,0.7383391201986103
heteroscedastic,0,outlier10,Core-Norm,KNN,0.4077542092380589,0.8278755157267719
heteroscedastic,1,outlier10,No scaling,Ridge,-0.0130427647048394,1.1582696602387916
heteroscedastic,1,outlier10,No scaling,RBF-SVR,0.12942240285041,1.073740994905633
heteroscedastic,1,outlier10,No scaling,KNN,0.2117356955250179,1.0217195920125033
heteroscedastic,1,outlier10,Z-score,Ridge,-0.0129684143663761,1.1582271549643648
heteroscedastic,1,outlier10,Z-score,RBF-SVR,-0.0129958140960086,1.1582428192712924
heteroscedastic,1,outlier10,Z-score,KNN,0.1163947602706922,1.0817450891502218
heteroscedastic,1,outlier10,Min-Max,Ridge,-0.0080793727101,1.1554287113724766
heteroscedastic,1,outlier10,Min-Max,RBF-SVR,-0.0041431394312307,1.153170711942492
heteroscedastic,1,outlier10,Min-Max,KNN,0.1095249572846785,1.0859420919130744
heteroscedastic,1,outlier10,RobustScaler,Ridge,-0.013045704804576,1.1582713410295593
heteroscedastic,1,outlier10,RobustScaler,RBF-SVR,-0.011188230137954,1.1572089769265776
heteroscedastic,1,outlier10,RobustScaler,KNN,0.112224623781383,1.084294708930709
heteroscedastic,1,outlier10,Winsorized Z-score,Ridge,-0.0146336640924218,1.1591787865248546
heteroscedastic,1,outlier10,Winsorized Z-score,RBF-SVR,-0.0035110953458923,1.1528077310948175
heteroscedastic,1,outlier10,Winsorized Z-score,KNN,0.1208941685804612,1.0789873957049652
heteroscedastic,1,outlier10,Yeo-Johnson,Ridge,-0.0136963969055401,1.158643267500114
heteroscedastic,1,outlier10,Yeo-Johnson,RBF-SVR,-0.0147397531141129,1.1592393861941657
heteroscedastic,1,outlier10,Yeo-Johnson,KNN,0.1131932118585353,1.0837030493900657
heteroscedastic,1,outlier10,Quantile-Normal,Ridge,0.3397806385691893,0.9350609472750852
heteroscedastic,1,outlier10,Quantile-Normal,RBF-SVR,0.3704122615630656,0.913111729636148
heteroscedastic,1,outlier10,Quantile-Normal,KNN,0.3515555736348181,0.9266850823203966
heteroscedastic,1,outlier10,Core-Norm ablation — residual channel removed,Ridge,0.4263058365937655,0.8716377014567867
heteroscedastic,1,outlier10,Core-Norm ablation — residual channel removed,RBF-SVR,0.3698547827424713,0.913515905086478
heteroscedastic,1,outlier10,Core-Norm ablation — residual channel removed,KNN,0.3590503662299528,0.9213141532897688
heteroscedastic,1,outlier10,Core-Norm,Ridge,0.6850532281975921,0.6458242847070425
heteroscedastic,1,outlier10,Core-Norm,RBF-SVR,0.5461549667112002,0.7752639409310992
heteroscedastic,1,outlier10,Core-Norm,KNN,0.3175862422843273,0.9506478665870088
diabetes,0,outlier10,No scaling,Ridge,-0.0470333294580256,73.08509808956725
diabetes,0,outlier10,No scaling,RBF-SVR,-0.0140328305780943,71.92412530134271
diabetes,0,outlier10,No scaling,KNN,0.1154697484569544,67.1745748223204
diabetes,0,outlier10,Z-score,Ridge,-0.0479501902782171,73.11709048083962
diabetes,0,outlier10,Z-score,RBF-SVR,-0.0185161534294453,72.08294828523141
diabetes,0,outlier10,Z-score,KNN,0.1272265645255755,66.72665289131774
diabetes,0,outlier10,Min-Max,Ridge,-0.0311580821971169,72.52891923106255
diabetes,0,outlier10,Min-Max,RBF-SVR,-0.0188604385267274,72.09513021672443
diabetes,0,outlier10,Min-Max,KNN,0.1284073548524228,66.68149979071437
diabetes,0,outlier10,RobustScaler,Ridge,-0.0482626222944246,73.12798909882659
diabetes,0,outlier10,RobustScaler,RBF-SVR,-0.0169400235363368,72.02715335441658
diabetes,0,outlier10,RobustScaler,KNN,0.1209433371683861,66.96640976360831
diabetes,0,outlier10,Winsorized Z-score,Ridge,-0.0396540225133255,72.82709723437027
diabetes,0,outlier10,Winsorized Z-score,RBF-SVR,-0.0160669693080808,71.99622866284453
diabetes,0,outlier10,Winsorized Z-score,KNN,0.1343223529995305,66.45485010103798
diabetes,0,outlier10,Yeo-Johnson,Ridge,-0.0520474545584213,73.25988724409243
diabetes,0,outlier10,Yeo-Johnson,RBF-SVR,-0.0190376780963927,72.10140072920292
diabetes,0,outlier10,Yeo-Johnson,KNN,0.1136853291556138,67.24229846117987
diabetes,0,outlier10,Quantile-Normal,Ridge,0.1214331243503069,66.94775120580063
diabetes,0,outlier10,Quantile-Normal,RBF-SVR,0.1922920335901026,64.19123984554545
diabetes,0,outlier10,Quantile-Normal,KNN,0.1376693690433295,66.3262567032845
diabetes,0,outlier10,Core-Norm ablation — residual channel removed,Ridge,0.2202827775257141,63.069174185584494
diabetes,0,outlier10,Core-Norm ablation — residual channel removed,RBF-SVR,0.1783331437077253,64.74354353980293
diabetes,0,outlier10,Core-Norm ablation — residual channel removed,KNN,0.1503447588344111,65.83698759672254
diabetes,0,outlier10,Core-Norm,Ridge,0.3166836506034971,59.04178608481042
diabetes,0,outlier10,Core-Norm,RBF-SVR,0.1687446522639301,65.12021220073578
diabetes,0,outlier10,Core-Norm,KNN,0.1576629196811588,65.55284433896642
diabetes,1,outlier10,No scaling,Ridge,-0.022463261333921,71.74649608363345
diabetes,1,outlier10,No scaling,RBF-SVR,0.0010862506107086,70.9154454964048
diabetes,1,outlier10,No scaling,KNN,0.1462699026620277,65.55972696050938
diabetes,1,outlier10,Z-score,Ridge,-0.0230426270173647,71.7668203204843
diabetes,1,outlier10,Z-score,RBF-SVR,0.0024656825585631,70.8664638769955
diabetes,1,outlier10,Z-score,KNN,0.1294728271237518,66.20152684787499
diabetes,1,outlier10,Min-Max,Ridge,-0.0135491355049501,71.43305823772323
diabetes,1,outlier10,Min-Max,RBF-SVR,0.0038317934486857,70.81792187969832
diabetes,1,outlier10,Min-Max,KNN,0.137656493503222,65.88961785771775
diabetes,1,outlier10,RobustScaler,Ridge,-0.0232191006674338,71.77300989962602
diabetes,1,outlier10,RobustScaler,RBF-SVR,0.0023616084895889,70.87016057632718
diabetes,1,outlier10,RobustScaler,KNN,0.1196977916724217,66.57217339828128
diabetes,1,outlier10,Winsorized Z-score,Ridge,-0.0254239532663358,71.85029723210803
diabetes,1,outlier10,Winsorized Z-score,RBF-SVR,0.001185762970035,70.91191308979722
diabetes,1,outlier10,Winsorized Z-score,KNN,0.1280344534795524,66.25619672651922
diabetes,1,outlier10,Yeo-Johnson,Ridge,-0.0270304194631172,71.90655684135032
diabetes,1,outlier10,Yeo-Johnson,RBF-SVR,0.0037911306755642,70.81936722983383
diabetes,1,outlier10,Yeo-Johnson,KNN,0.1344970480129649,66.01021036283709
diabetes,1,outlier10,Quantile-Normal,Ridge,0.3076004998464041,59.04120503432753
diabetes,1,outlier10,Quantile-Normal,RBF-SVR,0.2571594635817055,61.153967415115694
diabetes,1,outlier10,Quantile-Normal,KNN,0.3346536104460027,57.87629775992193
diabetes,1,outlier10,Core-Norm ablation — residual channel removed,Ridge,0.3097742634173186,58.94845329918298
diabetes,1,outlier10,Core-Norm ablation — residual channel removed,RBF-SVR,0.2528097869758893,61.33274853696157
diabetes,1,outlier10,Core-Norm ablation — residual channel removed,KNN,0.3375632612881515,57.74960861446368
diabetes,1,outlier10,Core-Norm,Ridge,0.3644381066951107,56.56603854096763
diabetes,1,outlier10,Core-Norm,RBF-SVR,0.2391654200000026,61.89021075337215
diabetes,1,outlier10,Core-Norm,KNN,0.3280249795268757,58.16388467052865
gaussian,0,outlier20,No scaling,Ridge,-0.0247486737518443,1.0889870861704232
gaussian,0,outlier20,No scaling,RBF-SVR,-0.1235261470669446,1.1402645934336342
gaussian,0,outlier20,No scaling,KNN,-0.0330388424887921,1.0933831403530248
gaussian,0,outlier20,Z-score,Ridge,-0.024711901482846,1.0889675472891631
gaussian,0,outlier20,Z-score,RBF-SVR,-0.1398343054420554,1.1485103389367195
gaussian,0,outlier20,Z-score,KNN,-0.0250923383162116,1.0891696747944273
gaussian,0,outlier20,Min-Max,Ridge,-0.0233949546045855,1.088267558598682
gaussian,0,outlier20,Min-Max,RBF-SVR,-0.1317209696962142,1.144415493292375
gaussian,0,outlier20,Min-Max,KNN,-0.0290854850874073,1.09128898978323
gaussian,0,outlier20,RobustScaler,Ridge,-0.0247483059676041,1.0889868907506417
gaussian,0,outlier20,RobustScaler,RBF-SVR,-0.1272919306060196,1.1421739382073226
gaussian,0,outlier20,RobustScaler,KNN,-0.0236408442381395,1.08839828898695
gaussian,0,outlier20,Winsorized Z-score,Ridge,-0.0245981210003931,1.0889070880067222
gaussian,0,outlier20,Winsorized Z-score,RBF-SVR,-0.1368751371268664,1.1470185238154835
gaussian,0,outlier20,Winsorized Z-score,KNN,-0.0160315660843879,1.0843454154358636
gaussian,0,outlier20,Yeo-Johnson,Ridge,-0.0250187988875276,1.089130605947063
gaussian,0,outlier20,Yeo-Johnson,RBF-SVR,-0.1344679428913964,1.1458035445232255
gaussian,0,outlier20,Yeo-Johnson,KNN,-0.0273038236391158,1.0903439031858944
gaussian,0,outlier20,Quantile-Normal,Ridge,0.0881052364079411,1.0272742643375066
gaussian,0,outlier20,Quantile-Normal,RBF-SVR,0.1788980803973515,0.9747934019675965
gaussian,0,outlier20,Quantile-Normal,KNN,0.2109552289744654,0.9555752006116368
gaussian,0,outlier20,Core-Norm ablation — residual channel removed,Ridge,0.1679753655920198,0.9812555806556138
gaussian,0,outlier20,Core-Norm ablation — residual channel removed,RBF-SVR,0.1782691310707661,0.975166667623766
gaussian,0,outlier20,Core-Norm ablation — residual channel removed,KNN,0.1875053498470847,0.9696707653594174
gaussian,0,outlier20,Core-Norm,Ridge,0.6021879915205764,0.6785049050102452
gaussian,0,outlier20,Core-Norm,RBF-SVR,0.3930856064369058,0.8380651200857486
gaussian,0,outlier20,Core-Norm,KNN,0.1997238762407902,0.9623520530757136
gaussian,1,outlier20,No scaling,Ridge,-0.005848081095003,1.15415016593006
gaussian,1,outlier20,No scaling,RBF-SVR,-0.2261132793838796,1.2742698880220429
gaussian,1,outlier20,No scaling,KNN,-0.0584388080088669,1.1839381089672292
gaussian,1,outlier20,Z-score,Ridge,-0.00583223250468,1.154141073242234
gaussian,1,outlier20,Z-score,RBF-SVR,-0.2322723535983739,1.277466367334203
gaussian,1,outlier20,Z-score,KNN,-0.0447073129947999,1.1762332172664198
gaussian,1,outlier20,Min-Max,Ridge,-0.0052337213824356,1.1537976416858844
gaussian,1,outlier20,Min-Max,RBF-SVR,-0.2315047438915778,1.2770684243238537
gaussian,1,outlier20,Min-Max,KNN,-0.0489014016631503,1.1785919090357628
gaussian,1,outlier20,RobustScaler,Ridge,-0.0058479311232555,1.1541500798882778
gaussian,1,outlier20,RobustScaler,RBF-SVR,-0.2273861835918951,1.2749311657226718
gaussian,1,outlier20,RobustScaler,KNN,-0.0378918575283322,1.1723901875305085
gaussian,1,outlier20,Winsorized Z-score,Ridge,-0.0060533826055917,1.1542679454871432
gaussian,1,outlier20,Winsorized Z-score,RBF-SVR,-0.2317532678242833,1.2771972772811837
gaussian,1,outlier20,Winsorized Z-score,KNN,-0.0435499377082799,1.1755814938177902
gaussian,1,outlier20,Yeo-Johnson,Ridge,-0.0058527729642416,1.1541528577457765
gaussian,1,outlier20,Yeo-Johnson,RBF-SVR,-0.2289218205775249,1.2757284777174016
gaussian,1,outlier20,Yeo-Johnson,KNN,-0.046095855804461,1.177014636052065
gaussian,1,outlier20,Quantile-Normal,Ridge,0.1112511777983971,1.0848898388296002
gaussian,1,outlier20,Quantile-Normal,RBF-SVR,0.208602657371195,1.023748824985972
gaussian,1,outlier20,Quantile-Normal,KNN,0.2400037128198154,1.0032331121206068
gaussian,1,outlier20,Core-Norm ablation — residual channel removed,Ridge,0.1952650106293229,1.0323395472481265
gaussian,1,outlier20,Core-Norm ablation — residual channel removed,RBF-SVR,0.2073864672770516,1.0245351526209172
gaussian,1,outlier20,Core-Norm ablation — residual channel removed,KNN,0.1868101809121692,1.037748439189104
gaussian,1,outlier20,Core-Norm,Ridge,0.6280458238779624,0.7018444048549988
gaussian,1,outlier20,Core-Norm,RBF-SVR,0.4464393082434195,0.8562069409308003
gaussian,1,outlier20,Core-Norm,KNN,0.203214875793245,1.0272277216740775
correlated,0,outlier20,No scaling,Ridge,-0.0283737543272708,1.090911548698436
correlated,0,outlier20,No scaling,RBF-SVR,-0.1496559022243864,1.1534479031171447
correlated,0,outlier20,No scaling,KNN,-0.0510030569250343,1.1028489570583435
correlated,0,outlier20,Z-score,Ridge,-0.0283340470280692,1.0908904874990275
correlated,0,outlier20,Z-score,RBF-SVR,-0.1520833953443343,1.154665010932701
correlated,0,outlier20,Z-score,KNN,-0.0660366830498875,1.110708567613819
correlated,0,outlier20,Min-Max,Ridge,-0.0269139893210919,1.0901370053851238
correlated,0,outlier20,Min-Max,RBF-SVR,-0.1451781133747502,1.1511994324447266
correlated,0,outlier20,Min-Max,KNN,-0.0720027310431552,1.1138122577875829
correlated,0,outlier20,RobustScaler,Ridge,-0.0283732113404819,1.09091126069486
correlated,0,outlier20,RobustScaler,RBF-SVR,-0.1462767232043025,1.1517514932204649
correlated,0,outlier20,RobustScaler,KNN,-0.0620848938150018,1.1086479624069423
correlated,0,outlier20,Winsorized Z-score,Ridge,-0.0283902690831618,1.0909203081915284
correlated,0,outlier20,Winsorized Z-score,RBF-SVR,-0.1490072888374078,1.153122480831567
correlated,0,outlier20,Winsorized Z-score,KNN,-0.0652451833888612,1.1102961574640091
correlated,0,outlier20,Yeo-Johnson,Ridge,-0.028374355866154,1.0909118677583185
correlated,0,outlier20,Yeo-Johnson,RBF-SVR,-0.1480230368869703,1.1526284864847016
correlated,0,outlier20,Yeo-Johnson,KNN,-0.069312258245304,1.1124136773091997
correlated,0,outlier20,Quantile-Normal,Ridge,0.0251067500665637,1.062166448541581
correlated,0,outlier20,Quantile-Normal,RBF-SVR,0.0780695195308841,1.0329115507762172
correlated,0,outlier20,Quantile-Normal,KNN,0.1221556093858884,1.0079124654106215
correlated,0,outlier20,Core-Norm ablation — residual channel removed,Ridge,0.0457059459441607,1.0508849105890825
correlated,0,outlier20,Core-Norm ablation — residual channel removed,RBF-SVR,0.0798475798993912,1.0319150193100897
correlated,0,outlier20,Core-Norm ablation — residual channel removed,KNN,0.098091097330031,1.0216341089340704
correlated,0,outlier20,Core-Norm,Ridge,0.352074025649812,0.8659179500785504
correlated,0,outlier20,Core-Norm,RBF-SVR,0.2458736169030374,0.9341919371248733
correlated,0,outlier20,Core-Norm,KNN,0.0897939098780631,1.026322655272058
correlated,1,outlier20,No scaling,Ridge,-0.0112483618155863,1.0637475701755563
correlated,1,outlier20,No scaling,RBF-SVR,-0.2013867448912041,1.159447486771974
correlated,1,outlier20,No scaling,KNN,-0.1031894516775655,1.1110528451559545
correlated,1,outlier20,Z-score,Ridge,-0.0112356157735136,1.0637408662764352
correlated,1,outlier20,Z-score,RBF-SVR,-0.2170209672749776,1.1669673243806495
correlated,1,outlier20,Z-score,KNN,-0.0890896668722152,1.1039298692700648
correlated,1,outlier20,Min-Max,Ridge,-0.010719067796626,1.0634691475144136
correlated,1,outlier20,Min-Max,RBF-SVR,-0.2156013018823541,1.1662864870775524
correlated,1,outlier20,Min-Max,KNN,-0.0743361512372318,1.0964270979513404
correlated,1,outlier20,RobustScaler,Ridge,-0.0112481525802861,1.0637474601266497
correlated,1,outlier20,RobustScaler,RBF-SVR,-0.2167354347286485,1.166830421768946
correlated,1,outlier20,RobustScaler,KNN,-0.0877585656811588,1.1032550434606865
correlated,1,outlier20,Winsorized Z-score,Ridge,-0.011208229797994,1.0637264622255371
correlated,1,outlier20,Winsorized Z-score,RBF-SVR,-0.2119592343935219,1.1645380188508396
correlated,1,outlier20,Winsorized Z-score,KNN,-0.0866575276584524,1.102696540253079
correlated,1,outlier20,Yeo-Johnson,Ridge,-0.0111768245686003,1.0637099439496986
correlated,1,outlier20,Yeo-Johnson,RBF-SVR,-0.215696128983186,1.16633197625619
correlated,1,outlier20,Yeo-Johnson,KNN,-0.087004794011438,1.1028727221722463
correlated,1,outlier20,Quantile-Normal,Ridge,0.179490143079394,0.9581898516691378
correlated,1,outlier20,Quantile-Normal,RBF-SVR,0.1939339801468884,0.9497186627798134
correlated,1,outlier20,Quantile-Normal,KNN,0.202596570979974,0.9446016829058956
correlated,1,outlier20,Core-Norm ablation — residual channel removed,Ridge,0.201982688745539,0.9449652144693034
correlated,1,outlier20,Core-Norm ablation — residual channel removed,RBF-SVR,0.2397935108848301,0.9223068873214004
correlated,1,outlier20,Core-Norm ablation — residual channel removed,KNN,0.16838691647766,0.9646512295722854
correlated,1,outlier20,Core-Norm,Ridge,0.5896171316300745,0.6776481809421804
correlated,1,outlier20,Core-Norm,RBF-SVR,0.4220874909980898,0.8041567523829121
correlated,1,outlier20,Core-Norm,KNN,0.1669137281375785,0.9655052830734426
lognormal,0,outlier20,No scaling,Ridge,-0.0263547813097226,1.0898401468519947
lognormal,0,outlier20,No scaling,RBF-SVR,-0.1181513666327642,1.1375338963827917
lognormal,0,outlier20,No scaling,KNN,-0.0376343443374171,1.0958124142408956
lognormal,0,outlier20,Z-score,Ridge,-0.0263109954878544,1.0898168995030462
lognormal,0,outlier20,Z-score,RBF-SVR,-0.1289066097533688,1.1429916432139997
lognormal,0,outlier20,Z-score,KNN,-0.0421736833685739,1.0982067238205784
lognormal,0,outlier20,Min-Max,Ridge,-0.0247475968865096,1.088986513984881
lognormal,0,outlier20,Min-Max,RBF-SVR,-0.1193871341752528,1.1381623172414257
lognormal,0,outlier20,Min-Max,KNN,-0.0424600591792212,1.0983575999382829
lognormal,0,outlier20,RobustScaler,Ridge,-0.0263543153537115,1.0898398994630634
lognormal,0,outlier20,RobustScaler,RBF-SVR,-0.1100073525868232,1.1333837326899203
lognormal,0,outlier20,RobustScaler,KNN,-0.0268628777479558,1.090109875892692
lognormal,0,outlier20,Winsorized Z-score,Ridge,-0.0258291213091401,1.0895610237095912
lognormal,0,outlier20,Winsorized Z-score,RBF-SVR,-0.1240260468119038,1.140518238882534
lognormal,0,outlier20,Winsorized Z-score,KNN,-0.0362825973370966,1.0950984132618615
lognormal,0,outlier20,Yeo-Johnson,Ridge,-0.0300957887904378,1.0918245443379389
lognormal,0,outlier20,Yeo-Johnson,RBF-SVR,-0.1213577080214498,1.1391636896091164
lognormal,0,outlier20,Yeo-Johnson,KNN,-0.0371001950070586,1.095530328929245
lognormal,0,outlier20,Quantile-Normal,Ridge,0.0260651839185043,1.061644203356777
lognormal,0,outlier20,Quantile-Normal,RBF-SVR,0.16718677026565,0.9817204889432116
lognormal,0,outlier20,Quantile-Normal,KNN,0.1893424984217391,0.968573873576238
lognormal,0,outlier20,Core-Norm ablation — residual channel removed,Ridge,0.1678428174778201,0.9813337384358995
lognormal,0,outlier20,Core-Norm ablation — residual channel removed,RBF-SVR,0.1601081676125311,0.9858837905154086
lognormal,0,outlier20,Core-Norm ablation — residual channel removed,KNN,0.1534422064094471,0.9897883855037086
lognormal,0,outlier20,Core-Norm,Ridge,0.5439348367628654,0.7264864141481433
lognormal,0,outlier20,Core-Norm,RBF-SVR,0.361068096452703,0.8598869031115064
lognormal,0,outlier20,Core-Norm,KNN,0.1600162471547198,0.9859377381825362
lognormal,1,outlier20,No scaling,Ridge,-0.0078701914279735,1.038503643685358
lognormal,1,outlier20,No scaling,RBF-SVR,-0.1427197061587235,1.105797446318869
lognormal,1,outlier20,No scaling,KNN,-0.0494773055066724,1.0597227310206043
lognormal,1,outlier20,Z-score,Ridge,-0.0078389334533528,1.0384875395419335
lognormal,1,outlier20,Z-score,RBF-SVR,-0.1485715664566504,1.1086252215080634
lognormal,1,outlier20,Z-score,KNN,-0.0337749247038077,1.0517650158892142
lognormal,1,outlier20,Min-Max,Ridge,-0.0066181923499135,1.037858416922681
lognormal,1,outlier20,Min-Max,RBF-SVR,-0.150031313544444,1.1093294869732222
lognormal,1,outlier20,Min-Max,KNN,-0.0286584672326455,1.0491590395797197
lognormal,1,outlier20,RobustScaler,Ridge,-0.0078699122718339,1.0385034998649083
lognormal,1,outlier20,RobustScaler,RBF-SVR,-0.148998346887839,1.1088311710632934
lognormal,1,outlier20,RobustScaler,KNN,-0.0357640407924471,1.0527763952874185
lognormal,1,outlier20,Winsorized Z-score,Ridge,-0.008025719901477,1.0385837684163033
lognormal,1,outlier20,Winsorized Z-score,RBF-SVR,-0.1428205795068742,1.1058462522634196
lognormal,1,outlier20,Winsorized Z-score,KNN,-0.0342121235597006,1.0519873959468131
lognormal,1,outlier20,Yeo-Johnson,Ridge,-0.0060873532947303,1.0375847240574758
lognormal,1,outlier20,Yeo-Johnson,RBF-SVR,-0.1373870191091937,1.1032142373891352
lognormal,1,outlier20,Yeo-Johnson,KNN,-0.0393130278915865,1.0545784923978736
lognormal,1,outlier20,Quantile-Normal,Ridge,0.0221313341701433,1.0229301736467895
lognormal,1,outlier20,Quantile-Normal,RBF-SVR,0.029672177213424,1.0189783726811985
lognormal,1,outlier20,Quantile-Normal,KNN,0.1089384243490887,0.9764715231162782
lognormal,1,outlier20,Core-Norm ablation — residual channel removed,Ridge,0.1337949622115887,0.9627556519236704
lognormal,1,outlier20,Core-Norm ablation — residual channel removed,RBF-SVR,0.0685369166881613,0.9983631619255178
lognormal,1,outlier20,Core-Norm ablation — residual channel removed,KNN,0.1550414040959187,0.9508750201711458
lognormal,1,outlier20,Core-Norm,Ridge,0.2969527799600491,0.8673571679428334
lognormal,1,outlier20,Core-Norm,RBF-SVR,0.1460691028385812,0.9559101830357486
lognormal,1,outlier20,Core-Norm,KNN,0.1415011327657227,0.9584635190959906
student_t,0,outlier20,No scaling,Ridge,0.0032986141328862,0.9561901386127348
student_t,0,outlier20,No scaling,RBF-SVR,-0.2807928668622821,1.083929857730879
student_t,0,outlier20,No scaling,KNN,-0.0941313961658474,1.001835621512983
student_t,0,outlier20,Z-score,Ridge,0.0032973812172403,0.9561907300142491
student_t,0,outlier20,Z-score,RBF-SVR,-0.2806003189937065,1.0838483784246538
student_t,0,outlier20,Z-score,KNN,-0.0722428766535168,0.991763941559137
student_t,0,outlier20,Min-Max,Ridge,0.0032435883323018,0.9562165328780892
student_t,0,outlier20,Min-Max,RBF-SVR,-0.2902461450100355,1.0879226394521937
student_t,0,outlier20,Min-Max,KNN,-0.0890846607264186,0.999522442720913
student_t,0,outlier20,RobustScaler,Ridge,0.0032986147473775,0.9561901383179774
student_t,0,outlier20,RobustScaler,RBF-SVR,-0.2727001387364391,1.0805000095954076
student_t,0,outlier20,RobustScaler,KNN,-0.0804304490752478,0.9955432610446175
student_t,0,outlier20,Winsorized Z-score,Ridge,0.0025023610080199,0.9565720069411318
student_t,0,outlier20,Winsorized Z-score,RBF-SVR,-0.2767627257517313,1.082223167990648
student_t,0,outlier20,Winsorized Z-score,KNN,-0.0658904111829863,0.9888217419305948
student_t,0,outlier20,Yeo-Johnson,Ridge,0.0033013886089273,0.956188807758522
student_t,0,outlier20,Yeo-Johnson,RBF-SVR,-0.2816353561613502,1.084286296779824
student_t,0,outlier20,Yeo-Johnson,KNN,-0.0729365350519568,0.99208468706204
student_t,0,outlier20,Quantile-Normal,Ridge,0.1412524885226149,0.8875533654873465
student_t,0,outlier20,Quantile-Normal,RBF-SVR,0.0643119079204327,0.926461295428465
student_t,0,outlier20,Quantile-Normal,KNN,0.1777254778132748,0.8685006471122738
student_t,0,outlier20,Core-Norm ablation — residual channel removed,Ridge,0.2134787195375748,0.8494092148461895
student_t,0,outlier20,Core-Norm ablation — residual channel removed,RBF-SVR,0.124708193018682,0.8960622079232395
student_t,0,outlier20,Core-Norm ablation — residual channel removed,KNN,0.218942772521407,0.8464536013377816
student_t,0,outlier20,Core-Norm,Ridge,0.4307837100452927,0.7226040469548428
student_t,0,outlier20,Core-Norm,RBF-SVR,0.3125478275603867,0.7941142215075332
student_t,0,outlier20,Core-Norm,KNN,0.1941994223527927,0.8597565963030255
student_t,1,outlier20,No scaling,Ridge,-0.0199163554555548,0.9128641637308844
student_t,1,outlier20,No scaling,RBF-SVR,-0.1719333808208991,0.9785326985206724
student_t,1,outlier20,No scaling,KNN,-0.0777356203703587,0.9383827133768748
student_t,1,outlier20,Z-score,Ridge,-0.0198481050259573,0.9128336198468984
student_t,1,outlier20,Z-score,RBF-SVR,-0.1629723728141583,0.9747844198665938
student_t,1,outlier20,Z-score,KNN,-0.0841674075478269,0.941178621677984
student_t,1,outlier20,Min-Max,Ridge,-0.0173238023132973,0.9117032083641644
student_t,1,outlier20,Min-Max,RBF-SVR,-0.1710493309952077,0.978163550035216
student_t,1,outlier20,Min-Max,KNN,-0.0814639614354932,0.940004442384294
student_t,1,outlier20,RobustScaler,Ridge,-0.0199154540102,0.9128637603167528
student_t,1,outlier20,RobustScaler,RBF-SVR,-0.1698910688026051,0.9776796890583748
student_t,1,outlier20,RobustScaler,KNN,-0.0795660227505432,0.9391792395597284
student_t,1,outlier20,Winsorized Z-score,Ridge,-0.0316523354001885,0.9181012169381036
student_t,1,outlier20,Winsorized Z-score,RBF-SVR,-0.1393805662042115,0.964846629475522
student_t,1,outlier20,Winsorized Z-score,KNN,-0.0620733994883389,0.9315392235126116
student_t,1,outlier20,Yeo-Johnson,Ridge,-0.0192588726609279,0.9125698801668156
student_t,1,outlier20,Yeo-Johnson,RBF-SVR,-0.1630664846706546,0.9748238605780416
student_t,1,outlier20,Yeo-Johnson,KNN,-0.0693779666065292,0.9347371339030404
student_t,1,outlier20,Quantile-Normal,Ridge,0.0100881027097486,0.8993363598838715
student_t,1,outlier20,Quantile-Normal,RBF-SVR,0.0420604624123909,0.8846936895211348
student_t,1,outlier20,Quantile-Normal,KNN,0.1118731915595363,0.8518465523232257
student_t,1,outlier20,Core-Norm ablation — residual channel removed,Ridge,0.1488004332756233,0.8339491630617161
student_t,1,outlier20,Core-Norm ablation — residual channel removed,RBF-SVR,-0.0315124106574808,0.9180389530201004
student_t,1,outlier20,Core-Norm ablation — residual channel removed,KNN,0.080220138294064,0.8668936635113264
student_t,1,outlier20,Core-Norm,Ridge,0.2119052214283741,0.8024409904528905
student_t,1,outlier20,Core-Norm,RBF-SVR,-0.0267422390877274,0.9159137832916424
student_t,1,outlier20,Core-Norm,KNN,0.08169302746839,0.8661992854751843
laplace,0,outlier20,No scaling,Ridge,-0.0473740369673714,1.1131837554164312
laplace,0,outlier20,No scaling,RBF-SVR,-0.1458583864471809,1.1643443279370067
laplace,0,outlier20,No scaling,KNN,-0.0090639515353829,1.0926354924722268
laplace,0,outlier20,Z-score,Ridge,-0.0472647528541012,1.1131256785170394
laplace,0,outlier20,Z-score,RBF-SVR,-0.1546399875711719,1.168797448904099
laplace,0,outlier20,Z-score,KNN,-0.0075823032238222,1.0918330179407487
laplace,0,outlier20,Min-Max,Ridge,-0.0435451962981872,1.1111471832323834
laplace,0,outlier20,Min-Max,RBF-SVR,-0.155657731836823,1.1693124470436291
laplace,0,outlier20,Min-Max,KNN,0.0010280045445122,1.0871578719536985
laplace,0,outlier20,RobustScaler,Ridge,-0.0473727021858716,1.1131830460912506
laplace,0,outlier20,RobustScaler,RBF-SVR,-0.1474018937798278,1.1651282682667743
laplace,0,outlier20,RobustScaler,KNN,-0.0021359163914604,1.0888781215462415
laplace,0,outlier20,Winsorized Z-score,Ridge,-0.0449013088954846,1.1118689303458238
laplace,0,outlier20,Winsorized Z-score,RBF-SVR,-0.1545965809801592,1.1687754792901048
laplace,0,outlier20,Winsorized Z-score,KNN,-0.0031609668315415,1.089434867246177
laplace,0,outlier20,Yeo-Johnson,Ridge,-0.0468152068155769,1.1128867442124413
laplace,0,outlier20,Yeo-Johnson,RBF-SVR,-0.1542771154878368,1.1686137737768938
laplace,0,outlier20,Yeo-Johnson,KNN,-0.001275211312143,1.0884104183958432
laplace,0,outlier20,Quantile-Normal,Ridge,0.0491940471893,1.060625108492343
laplace,0,outlier20,Quantile-Normal,RBF-SVR,0.1728132902632431,0.9892765898028784
laplace,0,outlier20,Quantile-Normal,KNN,0.2067557113661422,0.9687672193903446
laplace,0,outlier20,Core-Norm ablation — residual channel removed,Ridge,0.2313585944172334,0.9536254785002108
laplace,0,outlier20,Core-Norm ablation — residual channel removed,RBF-SVR,0.199101301675608,0.9734300568715986
laplace,0,outlier20,Core-Norm ablation — residual channel removed,KNN,0.2135121715781751,0.9646326579217368
laplace,0,outlier20,Core-Norm,Ridge,0.5398755387264025,0.7378254290086156
laplace,0,outlier20,Core-Norm,RBF-SVR,0.3991220161652248,0.8431582696699843
laplace,0,outlier20,Core-Norm,KNN,0.2033643445870757,0.9708359017133914
laplace,1,outlier20,No scaling,Ridge,-0.0403219703508253,1.2093540032823171
laplace,1,outlier20,No scaling,RBF-SVR,-0.1389220998358282,1.265367196191042
laplace,1,outlier20,No scaling,KNN,-0.0563316898435255,1.2186239684712543
laplace,1,outlier20,Z-score,Ridge,-0.0402125628060556,1.20929040954166
laplace,1,outlier20,Z-score,RBF-SVR,-0.1365454595755011,1.2640462572343316
laplace,1,outlier20,Z-score,KNN,-0.057951751373664,1.219558092407311
laplace,1,outlier20,Min-Max,Ridge,-0.0365360848034943,1.2071514885765011
laplace,1,outlier20,Min-Max,RBF-SVR,-0.1463157272430377,1.2694677922574713
laplace,1,outlier20,Min-Max,KNN,-0.0594225894012736,1.2204055551546025
laplace,1,outlier20,RobustScaler,Ridge,-0.0403205181701507,1.209353159216165
laplace,1,outlier20,RobustScaler,RBF-SVR,-0.1400959627534823,1.2660191218547467
laplace,1,outlier20,RobustScaler,KNN,-0.0735582227170024,1.22852037241695
laplace,1,outlier20,Winsorized Z-score,Ridge,-0.0353544807377201,1.2064632434394538
laplace,1,outlier20,Winsorized Z-score,RBF-SVR,-0.1185031156340059,1.2539729276041127
laplace,1,outlier20,Winsorized Z-score,KNN,-0.0530457773054322,1.2167271160485371
laplace,1,outlier20,Yeo-Johnson,Ridge,-0.0401714512622068,1.209266512364917
laplace,1,outlier20,Yeo-Johnson,RBF-SVR,-0.1392252766231203,1.265535602983098
laplace,1,outlier20,Yeo-Johnson,KNN,-0.0621589496346117,1.2219806186289146
laplace,1,outlier20,Quantile-Normal,Ridge,-0.0258973473236192,1.2009405657854746
laplace,1,outlier20,Quantile-Normal,RBF-SVR,0.2336777017234534,1.0379472743169853
laplace,1,outlier20,Quantile-Normal,KNN,0.2157881203312516,1.049992676273604
laplace,1,outlier20,Core-Norm ablation — residual channel removed,Ridge,0.2480190965489946,1.0281890331843646
laplace,1,outlier20,Core-Norm ablation — residual channel removed,RBF-SVR,0.252413314396133,1.0251805084196297
laplace,1,outlier20,Core-Norm ablation — residual channel removed,KNN,0.2100644639669487,1.0538174533934257
laplace,1,outlier20,Core-Norm,Ridge,0.4830837601810446,0.8524710704318825
laplace,1,outlier20,Core-Norm,RBF-SVR,0.3733552798512598,0.9385993601399316
laplace,1,outlier20,Core-Norm,KNN,0.1958392649614048,1.0632637149046245
bimodal,0,outlier20,No scaling,Ridge,-0.022520618575764,1.0878025793408244
bimodal,0,outlier20,No scaling,RBF-SVR,-0.1407139021903165,1.1489533994477674
bimodal,0,outlier20,No scaling,KNN,-0.0224146420635775,1.0877462066338195
bimodal,0,outlier20,Z-score,Ridge,-0.0224932272595101,1.087788009197455
bimodal,0,outlier20,Z-score,RBF-SVR,-0.143475418572488,1.1503432903247413
bimodal,0,outlier20,Z-score,KNN,-0.0397730065363459,1.0969411192910408
bimodal,0,outlier20,Min-Max,Ridge,-0.0215235426960418,1.0872720833141662
bimodal,0,outlier20,Min-Max,RBF-SVR,-0.1372622919848289,1.1472138117495096
bimodal,0,outlier20,Min-Max,KNN,-0.0288436779282592,1.0911607706035205
bimodal,0,outlier20,RobustScaler,Ridge,-0.0225203505991542,1.0878024367981405
bimodal,0,outlier20,RobustScaler,RBF-SVR,-0.1414595397265425,1.1493288497812355
bimodal,0,outlier20,RobustScaler,KNN,-0.0333749844015804,1.0935610145974533
bimodal,0,outlier20,Winsorized Z-score,Ridge,-0.0225180803697091,1.0878012292121535
bimodal,0,outlier20,Winsorized Z-score,RBF-SVR,-0.1450461124845583,1.1511330830588489
bimodal,0,outlier20,Winsorized Z-score,KNN,-0.0386789670135416,1.096363871766795
bimodal,0,outlier20,Yeo-Johnson,Ridge,-0.0227041423052349,1.0879001952840353
bimodal,0,outlier20,Yeo-Johnson,RBF-SVR,-0.1392662288984656,1.1482241029932143
bimodal,0,outlier20,Yeo-Johnson,KNN,-0.033247059856764,1.0934933249267855
bimodal,0,outlier20,Quantile-Normal,Ridge,0.0358447514675002,1.056300613647401
bimodal,0,outlier20,Quantile-Normal,RBF-SVR,0.1163032535050581,1.0112666270009931
bimodal,0,outlier20,Quantile-Normal,KNN,0.1086693828659977,1.01562517992212
bimodal,0,outlier20,Core-Norm ablation — residual channel removed,Ridge,0.0211115097082328,1.0643406719403798
bimodal,0,outlier20,Core-Norm ablation — residual channel removed,RBF-SVR,0.064280579983313,1.040607301180381
bimodal,0,outlier20,Core-Norm ablation — residual channel removed,KNN,0.0548268816128312,1.045850787878667
bimodal,0,outlier20,Core-Norm,Ridge,0.2846006464126203,0.9098887993047512
bimodal,0,outlier20,Core-Norm,RBF-SVR,0.2296484207906417,0.9441881288793575
bimodal,0,outlier20,Core-Norm,KNN,0.0250302490133749,1.0622081224673992
bimodal,1,outlier20,No scaling,Ridge,-0.0145947352036441,0.8258012448840277
bimodal,1,outlier20,No scaling,RBF-SVR,-0.2529013259110002,0.9176723903420284
bimodal,1,outlier20,No scaling,KNN,-0.1428993206103035,0.8764622558886086
bimodal,1,outlier20,Z-score,Ridge,-0.0145483492326401,0.8257823673809707
bimodal,1,outlier20,Z-score,RBF-SVR,-0.2476486351019486,0.9157467350735689
bimodal,1,outlier20,Z-score,KNN,-0.135772097667205,0.8737251332558063
bimodal,1,outlier20,Min-Max,Ridge,-0.01282795354962,0.8250819201327505
bimodal,1,outlier20,Min-Max,RBF-SVR,-0.2483126165452429,0.9159903765707756
bimodal,1,outlier20,Min-Max,KNN,-0.1448006859057167,0.8771910087897679
bimodal,1,outlier20,RobustScaler,Ridge,-0.0145942259928688,0.8258010376550079
bimodal,1,outlier20,RobustScaler,RBF-SVR,-0.2506392014332266,0.916843583240562
bimodal,1,outlier20,RobustScaler,KNN,-0.1420433906240732,0.8761339982625133
bimodal,1,outlier20,Winsorized Z-score,Ridge,-0.0146988161486587,0.8258436006970532
bimodal,1,outlier20,Winsorized Z-score,RBF-SVR,-0.2402278735692149,0.9130193354125118
bimodal,1,outlier20,Winsorized Z-score,KNN,-0.1404619812212248,0.875527188342655
bimodal,1,outlier20,Yeo-Johnson,Ridge,-0.0144058292836859,0.8257243639381557
bimodal,1,outlier20,Yeo-Johnson,RBF-SVR,-0.2499487476181556,0.9165904624582792
bimodal,1,outlier20,Yeo-Johnson,KNN,-0.1334243693034289,0.8728216375582165
bimodal,1,outlier20,Quantile-Normal,Ridge,0.2477588895452243,0.711062479863202
bimodal,1,outlier20,Quantile-Normal,RBF-SVR,0.2539194837471509,0.708144816179959
bimodal,1,outlier20,Quantile-Normal,KNN,0.2914204395673792,0.6901182960211351
bimodal,1,outlier20,Core-Norm ablation — residual channel removed,Ridge,0.2330639049509492,0.7179741695304723
bimodal,1,outlier20,Core-Norm ablation — residual channel removed,RBF-SVR,0.2428523700452198,0.7133776759678149
bimodal,1,outlier20,Core-Norm ablation — residual channel removed,KNN,0.2928201918706911,0.6894363174086402
bimodal,1,outlier20,Core-Norm,Ridge,0.4289008616249662,0.6195623002432654
bimodal,1,outlier20,Core-Norm,RBF-SVR,0.3221003264845086,0.6750126991901751
bimodal,1,outlier20,Core-Norm,KNN,0.2682085764852098,0.701330762327738
zero_inflated,0,outlier20,No scaling,Ridge,-0.0222738259274828,1.0876712969611706
zero_inflated,0,outlier20,No scaling,RBF-SVR,-0.1078494907851885,1.1322815439423997
zero_inflated,0,outlier20,No scaling,KNN,-0.0811979608596848,1.1185789858016448
zero_inflated,0,outlier20,Z-score,Ridge,-0.0222468778673192,1.087656960868447
zero_inflated,0,outlier20,Z-score,RBF-SVR,-0.1120421961738726,1.134422105379742
zero_inflated,0,outlier20,Z-score,KNN,-0.0762631967176572,1.1160233777899362
zero_inflated,0,outlier20,Min-Max,Ridge,-0.0212711468674382,1.0871377545982992
zero_inflated,0,outlier20,Min-Max,RBF-SVR,-0.1067546597615092,1.1317219176592297
zero_inflated,0,outlier20,Min-Max,KNN,-0.0802856332931212,1.1181069511458122
zero_inflated,0,outlier20,RobustScaler,Ridge,-0.022274195889316,1.0876714937757717
zero_inflated,0,outlier20,RobustScaler,RBF-SVR,-0.1459382013856716,1.151581411340347
zero_inflated,0,outlier20,RobustScaler,KNN,-0.1425883067651814,1.1498969837845938
zero_inflated,0,outlier20,Winsorized Z-score,Ridge,-0.0223843371514111,1.087730085827169
zero_inflated,0,outlier20,Winsorized Z-score,RBF-SVR,-0.1172661097508798,1.1370835060621045
zero_inflated,0,outlier20,Winsorized Z-score,KNN,-0.0748217074113948,1.1152757563929576
zero_inflated,0,outlier20,Yeo-Johnson,Ridge,-0.0224196927074478,1.0877488933187025
zero_inflated,0,outlier20,Yeo-Johnson,RBF-SVR,-0.1074247796563743,1.1320644843711811
zero_inflated,0,outlier20,Yeo-Johnson,KNN,-0.0759664808297695,1.1158695284830034
zero_inflated,0,outlier20,Quantile-Normal,Ridge,0.0087320929222868,1.071049567421872
zero_inflated,0,outlier20,Quantile-Normal,RBF-SVR,-0.0133779152316815,1.082928453836306
zero_inflated,0,outlier20,Quantile-Normal,KNN,0.0133466180180906,1.0685536980328547
zero_inflated,0,outlier20,Core-Norm ablation — residual channel removed,Ridge,0.0123656485520784,1.0690847650489677
zero_inflated,0,outlier20,Core-Norm ablation — residual channel removed,RBF-SVR,-0.1466290198757822,1.151928469267164
zero_inflated,0,outlier20,Core-Norm ablation — residual channel removed,KNN,-0.0547567953661529,1.104816656711725
zero_inflated,0,outlier20,Core-Norm,Ridge,0.0984502741195944,1.0214306605598087
zero_inflated,0,outlier20,Core-Norm,RBF-SVR,-0.0939131314876073,1.1251371513501816
zero_inflated,0,outlier20,Core-Norm,KNN,-0.0602247142460943,1.1076766709004873
zero_inflated,1,outlier20,No scaling,Ridge,-0.0096725654773319,1.197781950932605
zero_inflated,1,outlier20,No scaling,RBF-SVR,-0.1369809000130379,1.2710542031895864
zero_inflated,1,outlier20,No scaling,KNN,-0.1042889048638358,1.2526473988640665
zero_inflated,1,outlier20,Z-score,Ridge,-0.0096413046514185,1.197763408315839
zero_inflated,1,outlier20,Z-score,RBF-SVR,-0.1358730223007871,1.2704347926867672
zero_inflated,1,outlier20,Z-score,KNN,-0.0917323993290619,1.245505317696343
zero_inflated,1,outlier20,Min-Max,Ridge,-0.0083814945532512,1.197015902526059
zero_inflated,1,outlier20,Min-Max,RBF-SVR,-0.1342464451647542,1.2695248315942391
zero_inflated,1,outlier20,Min-Max,KNN,-0.1080781974550011,1.254794745680858
zero_inflated,1,outlier20,RobustScaler,Ridge,-0.0096725720396388,1.1977819548250612
zero_inflated,1,outlier20,RobustScaler,RBF-SVR,0.0471704122722288,1.163576935055076
zero_inflated,1,outlier20,RobustScaler,KNN,0.052171434326647,1.1605193423900488
zero_inflated,1,outlier20,Winsorized Z-score,Ridge,-0.0093290523133167,1.1975781775092995
zero_inflated,1,outlier20,Winsorized Z-score,RBF-SVR,-0.128659906710078,1.2663945578289937
zero_inflated,1,outlier20,Winsorized Z-score,KNN,-0.0862616615029241,1.2423807467636312
zero_inflated,1,outlier20,Yeo-Johnson,Ridge,-0.0095624293959446,1.1977166215314687
zero_inflated,1,outlier20,Yeo-Johnson,RBF-SVR,-0.1346688337851254,1.2697611924534722
zero_inflated,1,outlier20,Yeo-Johnson,KNN,-0.093115950698962,1.2462942816294091
zero_inflated,1,outlier20,Quantile-Normal,Ridge,0.0922886989485364,1.135694069158361
zero_inflated,1,outlier20,Quantile-Normal,RBF-SVR,0.0645768067794746,1.1528997724228525
zero_inflated,1,outlier20,Quantile-Normal,KNN,0.0953757649904387,1.1337612142092193
zero_inflated,1,outlier20,Core-Norm ablation — residual channel removed,Ridge,0.0514069228730577,1.1609872811741653
zero_inflated,1,outlier20,Core-Norm ablation — residual channel removed,RBF-SVR,0.106593790509382,1.126709535687724
zero_inflated,1,outlier20,Core-Norm ablation — residual channel removed,KNN,0.011609864385238,1.1850909667562948
zero_inflated,1,outlier20,Core-Norm,Ridge,0.51297140202532,0.8318877292518868
zero_inflated,1,outlier20,Core-Norm,RBF-SVR,0.3114176697998035,0.9891574438186542
zero_inflated,1,outlier20,Core-Norm,KNN,0.0099105784966031,1.1861092607827313
bounded_beta,0,outlier20,No scaling,Ridge,-0.0496876434194992,1.177189845868344
bounded_beta,0,outlier20,No scaling,RBF-SVR,-0.143342816738597,1.2285835573878647
bounded_beta,0,outlier20,No scaling,KNN,-0.0451235505886562,1.174627818581358
bounded_beta,0,outlier20,Z-score,Ridge,-0.0495956611725276,1.17713826722015
bounded_beta,0,outlier20,Z-score,RBF-SVR,-0.1401182593212198,1.2268498536587535
bounded_beta,0,outlier20,Z-score,KNN,-0.0191259380055068,1.1599262913387884
bounded_beta,0,outlier20,Min-Max,Ridge,-0.0461123940005108,1.1751833741256532
bounded_beta,0,outlier20,Min-Max,RBF-SVR,-0.1337349941540631,1.2234106050995872
bounded_beta,0,outlier20,Min-Max,KNN,-0.0201535615531101,1.1605109429509348
bounded_beta,0,outlier20,RobustScaler,Ridge,-0.0496944718711782,1.1771936748030547
bounded_beta,0,outlier20,RobustScaler,RBF-SVR,-0.1317634755062164,1.2223464118228209
bounded_beta,0,outlier20,RobustScaler,KNN,-0.0205867223241813,1.160757295306307
bounded_beta,0,outlier20,Winsorized Z-score,Ridge,-0.0484164934363535,1.176476853694249
bounded_beta,0,outlier20,Winsorized Z-score,RBF-SVR,-0.1473724014675161,1.2307466562881817
bounded_beta,0,outlier20,Winsorized Z-score,KNN,-0.0281647739718517,1.1650587477798733
bounded_beta,0,outlier20,Yeo-Johnson,Ridge,-0.0517439893618842,1.1783423435617917
bounded_beta,0,outlier20,Yeo-Johnson,RBF-SVR,-0.1410826674583516,1.2273686304912512
bounded_beta,0,outlier20,Yeo-Johnson,KNN,-0.0073165138062358,1.1531862137458275
bounded_beta,0,outlier20,Quantile-Normal,Ridge,0.0124784312077106,1.1417992670619064
bounded_beta,0,outlier20,Quantile-Normal,RBF-SVR,0.1973481385922478,1.029390304611981
bounded_beta,0,outlier20,Quantile-Normal,KNN,0.2047381184231788,1.0246405714118394
bounded_beta,0,outlier20,Core-Norm ablation — residual channel removed,Ridge,0.1369257005878226,1.0674328330848124
bounded_beta,0,outlier20,Core-Norm ablation — residual channel removed,RBF-SVR,0.2338490857557829,1.0057119881654073
bounded_beta,0,outlier20,Core-Norm ablation — residual channel removed,KNN,0.1921752904336611,1.0327020317895086
bounded_beta,0,outlier20,Core-Norm,Ridge,0.592866372957707,0.7331366859558809
bounded_beta,0,outlier20,Core-Norm,RBF-SVR,0.4266553056079867,0.8700102392315407
bounded_beta,0,outlier20,Core-Norm,KNN,0.1853064481550775,1.0370832127084852
bounded_beta,1,outlier20,No scaling,Ridge,0.0077983577580328,1.1106096341139842
bounded_beta,1,outlier20,No scaling,RBF-SVR,-0.0811597274248001,1.159328188854946
bounded_beta,1,outlier20,No scaling,KNN,0.0064596130804081,1.111358635869906
bounded_beta,1,outlier20,Z-score,Ridge,0.0078170748119883,1.1105991587037476
bounded_beta,1,outlier20,Z-score,RBF-SVR,-0.092391940094832,1.1653347824860767
bounded_beta,1,outlier20,Z-score,KNN,-0.0174511864215989,1.1246522514370851
bounded_beta,1,outlier20,Min-Max,Ridge,0.0084533914249982,1.1102429713418822
bounded_beta,1,outlier20,Min-Max,RBF-SVR,-0.0936846272774978,1.166024080845808
bounded_beta,1,outlier20,Min-Max,KNN,-0.0167979119242289,1.1242911409409952
bounded_beta,1,outlier20,RobustScaler,Ridge,0.0077970395611194,1.1106103718681075
bounded_beta,1,outlier20,RobustScaler,RBF-SVR,-0.0934618371967934,1.1659053117676133
bounded_beta,1,outlier20,RobustScaler,KNN,-0.0020155398220775,1.1160886565270798
bounded_beta,1,outlier20,Winsorized Z-score,Ridge,0.010044431574389,1.109351863295804
bounded_beta,1,outlier20,Winsorized Z-score,RBF-SVR,-0.0969585414500282,1.1677680068688086
bounded_beta,1,outlier20,Winsorized Z-score,KNN,-0.0062041146871834,1.1184189326205434
bounded_beta,1,outlier20,Yeo-Johnson,Ridge,0.0080623695184612,1.1104618650014084
bounded_beta,1,outlier20,Yeo-Johnson,RBF-SVR,-0.0954871036446611,1.1669845339582503
bounded_beta,1,outlier20,Yeo-Johnson,KNN,-0.0123386218184133,1.1218230746416369
bounded_beta,1,outlier20,Quantile-Normal,Ridge,0.1159387977195012,1.048341145838684
bounded_beta,1,outlier20,Quantile-Normal,RBF-SVR,0.1849209451890333,1.0066102127779248
bounded_beta,1,outlier20,Quantile-Normal,KNN,0.2079966834708834,0.9922588151504472
bounded_beta,1,outlier20,Core-Norm ablation — residual channel removed,Ridge,0.1597738526158606,1.02202039373329
bounded_beta,1,outlier20,Core-Norm ablation — residual channel removed,RBF-SVR,0.2072665207065711,0.992716100818476
bounded_beta,1,outlier20,Core-Norm ablation — residual channel removed,KNN,0.1955027344414567,1.0000546922143063
bounded_beta,1,outlier20,Core-Norm,Ridge,0.5358107860727703,0.7596420343016161
bounded_beta,1,outlier20,Core-Norm,RBF-SVR,0.4170662044750298,0.851277359021552
bounded_beta,1,outlier20,Core-Norm,KNN,0.1570755112563147,1.0236601602150726
mixed,0,outlier20,No scaling,Ridge,0.055010536964608,1.087250881689738
mixed,0,outlier20,No scaling,RBF-SVR,-0.0676114642976555,1.1556408894875425
mixed,0,outlier20,No scaling,KNN,0.0307260263203305,1.101132449832238
mixed,0,outlier20,Z-score,Ridge,0.0550293345713736,1.0872400679098144
mixed,0,outlier20,Z-score,RBF-SVR,-0.1083871819063,1.1775030286873616
mixed,0,outlier20,Z-score,KNN,0.0258344615887462,1.103907455807434
mixed,0,outlier20,Min-Max,Ridge,0.0552954457555195,1.0870869694462597
mixed,0,outlier20,Min-Max,RBF-SVR,-0.1265964865282474,1.18713601793662
mixed,0,outlier20,Min-Max,KNN,0.0309335109797552,1.101014588254692
mixed,0,outlier20,RobustScaler,Ridge,0.0550124051512954,1.0872498069747776
mixed,0,outlier20,RobustScaler,RBF-SVR,-0.0478109115937397,1.144874134994955
mixed,0,outlier20,RobustScaler,KNN,0.0158006908393472,1.109577939219858
mixed,0,outlier20,Winsorized Z-score,Ridge,0.0440557964508478,1.0935346722896169
mixed,0,outlier20,Winsorized Z-score,RBF-SVR,-0.0985189759447335,1.172249529794508
mixed,0,outlier20,Winsorized Z-score,KNN,0.0208991156945316,1.1067002471381346
mixed,0,outlier20,Yeo-Johnson,Ridge,0.0563253829605397,1.0864942250597296
mixed,0,outlier20,Yeo-Johnson,RBF-SVR,-0.103438733918679,1.1748715788350346
mixed,0,outlier20,Yeo-Johnson,KNN,0.0476360764370522,1.091484953795591
mixed,0,outlier20,Quantile-Normal,Ridge,0.223795311000538,0.9853815275132216
mixed,0,outlier20,Quantile-Normal,RBF-SVR,0.160006707426464,1.0250715840154234
mixed,0,outlier20,Quantile-Normal,KNN,0.2336007359437245,0.9791378181237504
mixed,0,outlier20,Core-Norm ablation — residual channel removed,Ridge,0.2860780399199285,0.9450214278307904
mixed,0,outlier20,Core-Norm ablation — residual channel removed,RBF-SVR,0.2308144202200225,0.980916076584454
mixed,0,outlier20,Core-Norm ablation — residual channel removed,KNN,0.2246298396286301,0.9848516735619616
mixed,0,outlier20,Core-Norm,Ridge,0.5732228723410939,0.7306625590569327
mixed,0,outlier20,Core-Norm,RBF-SVR,0.4088264414213967,0.8599511588728427
mixed,0,outlier20,Core-Norm,KNN,0.2439450734506714,0.9725075001154584
mixed,1,outlier20,No scaling,Ridge,-1.9977440410192795,1.7591063222442385
mixed,1,outlier20,No scaling,RBF-SVR,-0.2193548196817323,1.1219147683495387
mixed,1,outlier20,No scaling,KNN,0.0030889466230279,1.0144321880066716
mixed,1,outlier20,Z-score,Ridge,-1.996822461280728,1.758835905334505
mixed,1,outlier20,Z-score,RBF-SVR,0.0319543349891023,0.9996379553533932
mixed,1,outlier20,Z-score,KNN,-0.0722249350123813,1.0520533573533408
mixed,1,outlier20,Min-Max,Ridge,-1.8170259749731152,1.7052585709133603
mixed,1,outlier20,Min-Max,RBF-SVR,0.0447711313512459,0.992998368261385
mixed,1,outlier20,Min-Max,KNN,-0.0786423183957001,1.0551969877711624
mixed,1,outlier20,RobustScaler,Ridge,-2.00023830570101,1.7598379998661209
mixed,1,outlier20,RobustScaler,RBF-SVR,-0.5403764846869785,1.2609801652419297
mixed,1,outlier20,RobustScaler,KNN,0.0111551000344911,1.0103198930773316
mixed,1,outlier20,Winsorized Z-score,Ridge,-0.0342025095024587,1.0332314308521855
mixed,1,outlier20,Winsorized Z-score,RBF-SVR,-0.1023483840743688,1.0667293641423257
mixed,1,outlier20,Winsorized Z-score,KNN,0.0348970312071836,0.9981174332038488
mixed,1,outlier20,Yeo-Johnson,Ridge,-2.050371288907413,1.7744802400663693
mixed,1,outlier20,Yeo-Johnson,RBF-SVR,0.0330757169471971,0.9990587983825636
mixed,1,outlier20,Yeo-Johnson,KNN,-0.0772104215099216,1.0544963685627795
mixed,1,outlier20,Quantile-Normal,Ridge,-0.4358571566136906,1.217448037257937
mixed,1,outlier20,Quantile-Normal,RBF-SVR,0.04488336096561,0.9929400329759044
mixed,1,outlier20,Quantile-Normal,KNN,0.0337938278057114,0.9986877412900906
mixed,1,outlier20,Core-Norm ablation — residual channel removed,Ridge,0.199563137280051,0.908988430988608
mixed,1,outlier20,Core-Norm ablation — residual channel removed,RBF-SVR,0.0872499469953778,0.9706680809830583
mixed,1,outlier20,Core-Norm ablation — residual channel removed,KNN,0.1968797553193682,0.9105108011032524
mixed,1,outlier20,Core-Norm,Ridge,0.1918735865022356,0.913344181060297
mixed,1,outlier20,Core-Norm,RBF-SVR,0.140140504587433,0.9421250711053116
mixed,1,outlier20,Core-Norm,KNN,0.1945021829738489,0.911857551792135
heteroscedastic,0,outlier20,No scaling,Ridge,-0.024750765230056,1.0889881974632016
heteroscedastic,0,outlier20,No scaling,RBF-SVR,0.01370951079844,1.068357172033083
heteroscedastic,0,outlier20,No scaling,KNN,0.1246226880638907,1.0064951590448523
heteroscedastic,0,outlier20,Z-score,Ridge,-0.0247119014828458,1.088967547289163
heteroscedastic,0,outlier20,Z-score,RBF-SVR,-0.1398343054420565,1.14851033893672
heteroscedastic,0,outlier20,Z-score,KNN,-0.0250923383162118,1.0891696747944273
heteroscedastic,0,outlier20,Min-Max,Ridge,-0.0233949546045855,1.088267558598682
heteroscedastic,0,outlier20,Min-Max,RBF-SVR,-0.1317209696962142,1.144415493292375
heteroscedastic,0,outlier20,Min-Max,KNN,-0.0290854850874073,1.09128898978323
heteroscedastic,0,outlier20,RobustScaler,Ridge,-0.0247483059676041,1.0889868907506417
heteroscedastic,0,outlier20,RobustScaler,RBF-SVR,-0.1272919306060194,1.1421739382073224
heteroscedastic,0,outlier20,RobustScaler,KNN,-0.0236408442381395,1.08839828898695
heteroscedastic,0,outlier20,Winsorized Z-score,Ridge,-0.0245981210003931,1.0889070880067222
heteroscedastic,0,outlier20,Winsorized Z-score,RBF-SVR,-0.1368751371268668,1.1470185238154842
heteroscedastic,0,outlier20,Winsorized Z-score,KNN,-0.0160315660843879,1.0843454154358636
heteroscedastic,0,outlier20,Yeo-Johnson,Ridge,-0.0249376739837123,1.0890875055843978
heteroscedastic,0,outlier20,Yeo-Johnson,RBF-SVR,-0.1342800393646266,1.1457086500644524
heteroscedastic,0,outlier20,Yeo-Johnson,KNN,-0.029214613669084,1.0913574545421116
heteroscedastic,0,outlier20,Quantile-Normal,Ridge,0.0881052364079406,1.0272742643375068
heteroscedastic,0,outlier20,Quantile-Normal,RBF-SVR,0.1788980803973515,0.9747934019675965
heteroscedastic,0,outlier20,Quantile-Normal,KNN,0.2109552289744654,0.9555752006116368
heteroscedastic,0,outlier20,Core-Norm ablation — residual channel removed,Ridge,0.1679753637864348,0.98125558172033
heteroscedastic,0,outlier20,Core-Norm ablation — residual channel removed,RBF-SVR,0.1782712662996752,0.9751654006606452
heteroscedastic,0,outlier20,Core-Norm ablation — residual channel removed,KNN,0.1875053511123937,0.9696707646043766
heteroscedastic,0,outlier20,Core-Norm,Ridge,0.6021879942913819,0.6785049026473137
heteroscedastic,0,outlier20,Core-Norm,RBF-SVR,0.3930866340610341,0.8380644105818119
heteroscedastic,0,outlier20,Core-Norm,KNN,0.1997238769954684,0.962352052621954
heteroscedastic,1,outlier20,No scaling,Ridge,-0.0058527734324966,1.1541519771304811
heteroscedastic,1,outlier20,No scaling,RBF-SVR,0.0941779555268703,1.0952600170305666
heteroscedastic,1,outlier20,No scaling,KNN,0.0675611591392376,1.111235146426434
heteroscedastic,1,outlier20,Z-score,Ridge,-0.0058322312211045,1.1541401916308682
heteroscedastic,1,outlier20,Z-score,RBF-SVR,-0.2323026752273993,1.2774811090676452
heteroscedastic,1,outlier20,Z-score,KNN,-0.0447073896265621,1.176232362669804
heteroscedastic,1,outlier20,Min-Max,Ridge,-0.005233721825725,1.1537967613274558
heteroscedastic,1,outlier20,Min-Max,RBF-SVR,-0.2314933685852331,1.2770615515308354
heteroscedastic,1,outlier20,Min-Max,KNN,-0.0489014758451638,1.1785910511762667
heteroscedastic,1,outlier20,RobustScaler,Ridge,-0.0058479297963482,1.1541491982451837
heteroscedastic,1,outlier20,RobustScaler,RBF-SVR,-0.2273609188433543,1.2749170708878994
heteroscedastic,1,outlier20,RobustScaler,KNN,-0.037891929281649,1.172389333253103
heteroscedastic,1,outlier20,Winsorized Z-score,Ridge,-0.0060533815334968,1.154267063900344
heteroscedastic,1,outlier20,Winsorized Z-score,RBF-SVR,-0.2317915020730996,1.277216124744122
heteroscedastic,1,outlier20,Winsorized Z-score,KNN,-0.0435500124541803,1.1755806386802743
heteroscedastic,1,outlier20,Yeo-Johnson,Ridge,-0.0058206145842756,1.1541335268682216
heteroscedastic,1,outlier20,Yeo-Johnson,RBF-SVR,-0.2278327638675863,1.2751621110639524
heteroscedastic,1,outlier20,Yeo-Johnson,KNN,-0.0446862676024437,1.1762204720035
heteroscedastic,1,outlier20,Quantile-Normal,Ridge,0.1112509072502484,1.0848891759372976
heteroscedastic,1,outlier20,Quantile-Normal,RBF-SVR,0.2085953916013567,1.0237527431030924
heteroscedastic,1,outlier20,Quantile-Normal,KNN,0.2400036549470148,1.0032323846205895
heteroscedastic,1,outlier20,Core-Norm ablation — residual channel removed,Ridge,0.1952649863963045,1.0323387748791726
heteroscedastic,1,outlier20,Core-Norm ablation — residual channel removed,RBF-SVR,0.2073815882662323,1.02453752397144
heteroscedastic,1,outlier20,Core-Norm ablation — residual channel removed,KNN,0.1868100652766482,1.0377477209323016
heteroscedastic,1,outlier20,Core-Norm,Ridge,0.6280456644033492,0.7018440196434466
heteroscedastic,1,outlier20,Core-Norm,RBF-SVR,0.4464562740489131,0.8561931666278599
heteroscedastic,1,outlier20,Core-Norm,KNN,0.2032147455574465,1.0272270216141284
diabetes,0,outlier20,No scaling,Ridge,0.0471029132556989,69.72227998854508
diabetes,0,outlier20,No scaling,RBF-SVR,-0.0105491606221574,71.8004727555427
diabetes,0,outlier20,No scaling,KNN,0.0351112188256389,70.15961696896173
diabetes,0,outlier20,Z-score,Ridge,0.0470750939553693,69.72329773270512
diabetes,0,outlier20,Z-score,RBF-SVR,-0.0182638275428583,72.07401886354057
diabetes,0,outlier20,Z-score,KNN,0.0090382896885047,71.10121432098849
diabetes,0,outlier20,Min-Max,Ridge,0.0460381801375708,69.7612217043548
diabetes,0,outlier20,Min-Max,RBF-SVR,-0.016692906671629,72.01840150802992
diabetes,0,outlier20,Min-Max,KNN,7.91187945663463e-05,71.42190008325493
diabetes,0,outlier20,RobustScaler,Ridge,0.0471102174303008,69.72201276940375
diabetes,0,outlier20,RobustScaler,RBF-SVR,-0.01394942035983,71.92116714743406
diabetes,0,outlier20,RobustScaler,KNN,0.0201657184853558,70.7008924640593
diabetes,0,outlier20,Winsorized Z-score,Ridge,0.0451252448751819,69.7945942398568
diabetes,0,outlier20,Winsorized Z-score,RBF-SVR,-0.0183965644340426,72.07871635410508
diabetes,0,outlier20,Winsorized Z-score,KNN,0.0144481388745546,70.90687116655155
diabetes,0,outlier20,Yeo-Johnson,Ridge,0.0495207281950996,69.63376957048531
diabetes,0,outlier20,Yeo-Johnson,RBF-SVR,-0.0180816871027365,72.06757250835281
diabetes,0,outlier20,Yeo-Johnson,KNN,0.014315191263029,70.91165355378119
diabetes,0,outlier20,Quantile-Normal,Ridge,0.2965365503631491,59.905865851416365
diabetes,0,outlier20,Quantile-Normal,RBF-SVR,0.1634845814381479,65.32592321074343
diabetes,0,outlier20,Quantile-Normal,KNN,0.3130835890128068,59.19711299933613
diabetes,0,outlier20,Core-Norm ablation — residual channel removed,Ridge,0.3038307636777986,59.594474548027975
diabetes,0,outlier20,Core-Norm ablation — residual channel removed,RBF-SVR,0.1713688693054468,65.01734088923543
diabetes,0,outlier20,Core-Norm ablation — residual channel removed,KNN,0.2634258126182385,61.29948538472285
diabetes,0,outlier20,Core-Norm,Ridge,0.3471828158856336,57.7091091043018
diabetes,0,outlier20,Core-Norm,RBF-SVR,0.1244725096067078,66.83184864762836
diabetes,0,outlier20,Core-Norm,KNN,0.2182591308566513,63.15096474799103
diabetes,1,outlier20,No scaling,Ridge,0.0266174917281819,70.00331538815105
diabetes,1,outlier20,No scaling,RBF-SVR,-0.0070574810373367,71.20393089806079
diabetes,1,outlier20,No scaling,KNN,-0.0352958442775801,72.19532493622583
diabetes,1,outlier20,Z-score,Ridge,0.026523071141107,70.00671055592785
diabetes,1,outlier20,Z-score,RBF-SVR,-0.0060948965149696,71.16989302575155
diabetes,1,outlier20,Z-score,KNN,-0.0347214436389771,72.17529452921019
diabetes,1,outlier20,Min-Max,Ridge,0.0280198260350721,69.95287096745847
diabetes,1,outlier20,Min-Max,RBF-SVR,-0.0069816853359558,71.20125128267702
diabetes,1,outlier20,Min-Max,KNN,-0.0548164811806675,72.87277259750431
diabetes,1,outlier20,RobustScaler,Ridge,0.0264580035138533,70.0090501565377
diabetes,1,outlier20,RobustScaler,RBF-SVR,-0.0057898056928387,71.15910133622158
diabetes,1,outlier20,RobustScaler,KNN,-0.0400366458792407,72.36043367645173
diabetes,1,outlier20,Winsorized Z-score,Ridge,0.0275658651679271,69.96920471572088
diabetes,1,outlier20,Winsorized Z-score,RBF-SVR,-0.0053958726322071,71.14516469272826
diabetes,1,outlier20,Winsorized Z-score,KNN,-0.034867190742065,72.18037752509952
diabetes,1,outlier20,Yeo-Johnson,Ridge,0.0248979191809023,70.06512185243234
diabetes,1,outlier20,Yeo-Johnson,RBF-SVR,-0.0076189755554338,71.22377834782326
diabetes,1,outlier20,Yeo-Johnson,KNN,-0.0219471517084599,71.72838602892584
diabetes,1,outlier20,Quantile-Normal,Ridge,0.2301456996566825,62.25598517814854
diabetes,1,outlier20,Quantile-Normal,RBF-SVR,0.1548844784390464,65.22812264302608
diabetes,1,outlier20,Quantile-Normal,KNN,0.2374196827516802,61.9611737085339
diabetes,1,outlier20,Core-Norm ablation — residual channel removed,Ridge,0.2245459196589488,62.48199428552007
diabetes,1,outlier20,Core-Norm ablation — residual channel removed,RBF-SVR,0.1592962030883156,65.05764591565489
diabetes,1,outlier20,Core-Norm ablation — residual channel removed,KNN,0.259040558248291,61.07648825551737
diabetes,1,outlier20,Core-Norm,Ridge,0.377617333347795,55.97647994297489
diabetes,1,outlier20,Core-Norm,RBF-SVR,0.1382104683627713,65.86845050645019
diabetes,1,outlier20,Core-Norm,KNN,0.2498660632828749,61.45344684462032
gaussian,0,missing10,No scaling,Ridge,0.707619666459566,0.5816853496993994
gaussian,0,missing10,No scaling,RBF-SVR,0.5696119783756391,0.7057390281760604
gaussian,0,missing10,No scaling,KNN,0.5429023865758891,0.7273082671126628
gaussian,0,missing10,Z-score,Ridge,0.7076116046965878,0.5816933690094461
gaussian,0,missing10,Z-score,RBF-SVR,0.5682624509463446,0.7068446220795491
gaussian,0,missing10,Z-score,KNN,0.5454263989297905,0.7252974534818815
gaussian,0,missing10,Min-Max,Ridge,0.70662754826315,0.5826714144611647
gaussian,0,missing10,Min-Max,RBF-SVR,0.5648819921423949,0.7096064852194582
gaussian,0,missing10,Min-Max,KNN,0.5166986406820834,0.7478647361224317
gaussian,0,missing10,RobustScaler,Ridge,0.7076165950457907,0.5816884049522655
gaussian,0,missing10,RobustScaler,RBF-SVR,0.5662823950236671,0.7084636506230484
gaussian,0,missing10,RobustScaler,KNN,0.5558552981581939,0.7169292344759668
gaussian,0,missing10,Winsorized Z-score,Ridge,0.7084394208129059,0.5808693341472763
gaussian,0,missing10,Winsorized Z-score,RBF-SVR,0.5736516186905347,0.7024191714318607
gaussian,0,missing10,Winsorized Z-score,KNN,0.5473551932888432,0.7237570684311595
gaussian,0,missing10,Yeo-Johnson,Ridge,0.707048712761311,0.5822530236924954
gaussian,0,missing10,Yeo-Johnson,RBF-SVR,0.5679181628301911,0.7071264017242168
gaussian,0,missing10,Yeo-Johnson,KNN,0.5514777159270934,0.7204536729309025
gaussian,0,missing10,Quantile-Normal,Ridge,0.6990092797313023,0.590188306271694
gaussian,0,missing10,Quantile-Normal,RBF-SVR,0.5652174739858848,0.7093328743919397
gaussian,0,missing10,Quantile-Normal,KNN,0.542521511532728,0.7276112175967256
gaussian,0,missing10,Core-Norm ablation — residual channel removed,Ridge,0.6990422957207424,0.5901559361952181
gaussian,0,missing10,Core-Norm ablation — residual channel removed,RBF-SVR,0.5804005844247813,0.696837452727796
gaussian,0,missing10,Core-Norm ablation — residual channel removed,KNN,0.5439040518728907,0.726510933042296
gaussian,0,missing10,Core-Norm,Ridge,0.6992050475000358,0.5899963424779824
gaussian,0,missing10,Core-Norm,RBF-SVR,0.5827259871537477,0.6949038477432954
gaussian,0,missing10,Core-Norm,KNN,0.537268530619025,0.7317766795972372
gaussian,1,missing10,No scaling,Ridge,0.7027974363780469,0.6273680507497728
gaussian,1,missing10,No scaling,RBF-SVR,0.5556271771849857,0.7671315909298614
gaussian,1,missing10,No scaling,KNN,0.4786525990382243,0.8309209881183762
gaussian,1,missing10,Z-score,Ridge,0.7028028304173373,0.627362357556503
gaussian,1,missing10,Z-score,RBF-SVR,0.5577643566814332,0.7652846351309133
gaussian,1,missing10,Z-score,KNN,0.4828420197974226,0.827575714752163
gaussian,1,missing10,Min-Max,Ridge,0.698048775824831,0.6323601878771623
gaussian,1,missing10,Min-Max,RBF-SVR,0.5571886376427015,0.7657826113123757
gaussian,1,missing10,Min-Max,KNN,0.4465118698856638,0.8561508225875486
gaussian,1,missing10,RobustScaler,Ridge,0.702813176497813,0.6273514375367429
gaussian,1,missing10,RobustScaler,RBF-SVR,0.5632100392706314,0.7605581883768122
gaussian,1,missing10,RobustScaler,KNN,0.5008518848628525,0.8130379924682742
gaussian,1,missing10,Winsorized Z-score,Ridge,0.7045216999532442,0.6255455203315196
gaussian,1,missing10,Winsorized Z-score,RBF-SVR,0.550641374641291,0.7714231428294255
gaussian,1,missing10,Winsorized Z-score,KNN,0.4898321186912141,0.8219637769693922
gaussian,1,missing10,Yeo-Johnson,Ridge,0.7019741045026813,0.6282364397511099
gaussian,1,missing10,Yeo-Johnson,RBF-SVR,0.5577565392608517,0.7652913990875386
gaussian,1,missing10,Yeo-Johnson,KNN,0.4845579706221866,0.8262016093405442
gaussian,1,missing10,Quantile-Normal,Ridge,0.701423770134027,0.6288162226592552
gaussian,1,missing10,Quantile-Normal,RBF-SVR,0.5513750370798678,0.7707931389175148
gaussian,1,missing10,Quantile-Normal,KNN,0.4910222225627193,0.8210044913429081
gaussian,1,missing10,Core-Norm ablation — residual channel removed,Ridge,0.6958851193365684,0.6346217583734606
gaussian,1,missing10,Core-Norm ablation — residual channel removed,RBF-SVR,0.540535387211234,0.7800494889514589
gaussian,1,missing10,Core-Norm ablation — residual channel removed,KNN,0.4994582051192239,0.8141722497176144
gaussian,1,missing10,Core-Norm,Ridge,0.7032460722833794,0.6268943567678168
gaussian,1,missing10,Core-Norm,RBF-SVR,0.5522231953649043,0.7700641738286069
gaussian,1,missing10,Core-Norm,KNN,0.5043047315890827,0.8102210257181812
correlated,0,missing10,No scaling,Ridge,0.4226812838994528,0.8173759700357215
correlated,0,missing10,No scaling,RBF-SVR,0.2904595833296072,0.9061552616546632
correlated,0,missing10,No scaling,KNN,0.3444423754547878,0.8710026646686542
correlated,0,missing10,Z-score,Ridge,0.423370186691531,0.8168881453261754
correlated,0,missing10,Z-score,RBF-SVR,0.2984466639484495,0.9010406705125482
correlated,0,missing10,Z-score,KNN,0.337311962882339,0.8757267433418431
correlated,0,missing10,Min-Max,Ridge,0.43280175130701,0.8101799436417059
correlated,0,missing10,Min-Max,RBF-SVR,0.2880052725753055,0.9077211109494668
correlated,0,missing10,Min-Max,KNN,0.3419286354531248,0.8726709995975684
correlated,0,missing10,RobustScaler,Ridge,0.4238721099444146,0.8165325407353146
correlated,0,missing10,RobustScaler,RBF-SVR,0.302099217892281,0.898692029038977
correlated,0,missing10,RobustScaler,KNN,0.3496569390956049,0.8675315991431191
correlated,0,missing10,Winsorized Z-score,Ridge,0.4200252864473289,0.819254011798633
correlated,0,missing10,Winsorized Z-score,RBF-SVR,0.2987462120006875,0.9008482875667244
correlated,0,missing10,Winsorized Z-score,KNN,0.3450067954427881,0.8706276273285285
correlated,0,missing10,Yeo-Johnson,Ridge,0.4213383770146712,0.8183260710881846
correlated,0,missing10,Yeo-Johnson,RBF-SVR,0.2973200539656241,0.9017638615719245
correlated,0,missing10,Yeo-Johnson,KNN,0.3354824768578703,0.8769347216969288
correlated,0,missing10,Quantile-Normal,Ridge,0.4274613382208465,0.8139851024444276
correlated,0,missing10,Quantile-Normal,RBF-SVR,0.2880837425769955,0.9076710889218904
correlated,0,missing10,Quantile-Normal,KNN,0.3425290122775538,0.8722728277384092
correlated,0,missing10,Core-Norm ablation — residual channel removed,Ridge,0.4212842503187469,0.8183643423756974
correlated,0,missing10,Core-Norm ablation — residual channel removed,RBF-SVR,0.2856977247219321,0.9091908658698808
correlated,0,missing10,Core-Norm ablation — residual channel removed,KNN,0.332518767063054,0.8788880852671782
correlated,0,missing10,Core-Norm,Ridge,0.4203951973461993,0.8189927078847585
correlated,0,missing10,Core-Norm,RBF-SVR,0.3067227480343369,0.8957102051734218
correlated,0,missing10,Core-Norm,KNN,0.3338336636940915,0.8780219810047526
correlated,1,missing10,No scaling,Ridge,0.6639518013946232,0.6132117265982682
correlated,1,missing10,No scaling,RBF-SVR,0.5771513723701527,0.6878632831411433
correlated,1,missing10,No scaling,KNN,0.5123636269137437,0.73868233230182
correlated,1,missing10,Z-score,Ridge,0.6640210767634847,0.6131485174243181
correlated,1,missing10,Z-score,RBF-SVR,0.5746825281418408,0.6898684400437027
correlated,1,missing10,Z-score,KNN,0.5132868250792035,0.7379827605652237
correlated,1,missing10,Min-Max,Ridge,0.663898703667991,0.6132601703374198
correlated,1,missing10,Min-Max,RBF-SVR,0.5857816007830334,0.6808075424534198
correlated,1,missing10,Min-Max,KNN,0.5195762173374232,0.7331990856832795
correlated,1,missing10,RobustScaler,Ridge,0.6640972074858695,0.6130790456792932
correlated,1,missing10,RobustScaler,RBF-SVR,0.5775787332179887,0.6875155935308314
correlated,1,missing10,RobustScaler,KNN,0.5115118317672018,0.7393272098460894
correlated,1,missing10,Winsorized Z-score,Ridge,0.6642928599222012,0.6129004703838283
correlated,1,missing10,Winsorized Z-score,RBF-SVR,0.5817638175826294,0.6841013798564516
correlated,1,missing10,Winsorized Z-score,KNN,0.5125530476985637,0.738538848975388
correlated,1,missing10,Yeo-Johnson,Ridge,0.6630170617147391,0.614063978292017
correlated,1,missing10,Yeo-Johnson,RBF-SVR,0.5766307323109748,0.6882866249549693
correlated,1,missing10,Yeo-Johnson,KNN,0.5139573155744517,0.7374742670819006
correlated,1,missing10,Quantile-Normal,Ridge,0.6556192595568792,0.6207676739665329
correlated,1,missing10,Quantile-Normal,RBF-SVR,0.5704411999936514,0.6932996417351157
correlated,1,missing10,Quantile-Normal,KNN,0.4982032046084138,0.749330840283156
correlated,1,missing10,Core-Norm ablation — residual channel removed,Ridge,0.6555407753147136,0.6208384062973551
correlated,1,missing10,Core-Norm ablation — residual channel removed,RBF-SVR,0.5796221387355263,0.6858506959980342
correlated,1,missing10,Core-Norm ablation — residual channel removed,KNN,0.5103273109351574,0.7402230536833473
correlated,1,missing10,Core-Norm,Ridge,0.6626558012897175,0.6143930418226856
correlated,1,missing10,Core-Norm,RBF-SVR,0.5794610753546414,0.6859820716759245
correlated,1,missing10,Core-Norm,KNN,0.5061799558618185,0.7433511583359785
lognormal,0,missing10,No scaling,Ridge,0.4721023618387168,0.781607839500969
lognormal,0,missing10,No scaling,RBF-SVR,0.5600567011481088,0.71353026810688
lognormal,0,missing10,No scaling,KNN,0.4528443009338265,0.7957369239841247
lognormal,0,missing10,Z-score,Ridge,0.4720570823282729,0.7816413593151423
lognormal,0,missing10,Z-score,RBF-SVR,0.5569161137332392,0.7160725493020619
lognormal,0,missing10,Z-score,KNN,0.4351326399352118,0.8085135215897336
lognormal,0,missing10,Min-Max,Ridge,0.4528777265223837,0.7957126179398905
lognormal,0,missing10,Min-Max,RBF-SVR,0.5567554215533864,0.7162023856959653
lognormal,0,missing10,Min-Max,KNN,0.4232527419709916,0.8169713306845575
lognormal,0,missing10,RobustScaler,Ridge,0.4720989471724085,0.7816103673827465
lognormal,0,missing10,RobustScaler,RBF-SVR,0.5526580351131876,0.7195050851906611
lognormal,0,missing10,RobustScaler,KNN,0.4506240795647098,0.7973497405311645
lognormal,0,missing10,Winsorized Z-score,Ridge,0.5538790690061339,0.7185224583811745
lognormal,0,missing10,Winsorized Z-score,RBF-SVR,0.5704797089385707,0.7050272282716709
lognormal,0,missing10,Winsorized Z-score,KNN,0.4470294774941405,0.7999540428296755
lognormal,0,missing10,Yeo-Johnson,Ridge,0.7064082620296069,0.582889137617732
lognormal,0,missing10,Yeo-Johnson,RBF-SVR,0.58168972601386,0.6957661771827376
lognormal,0,missing10,Yeo-Johnson,KNN,0.5610771000085768,0.7127023112511578
lognormal,0,missing10,Quantile-Normal,Ridge,0.6989505639384825,0.5902458689840046
lognormal,0,missing10,Quantile-Normal,RBF-SVR,0.5648626600035014,0.7096222488267026
lognormal,0,missing10,Quantile-Normal,KNN,0.545674715943341,0.7250993246201258
lognormal,0,missing10,Core-Norm ablation — residual channel removed,Ridge,0.6890929291502448,0.5998316076056033
lognormal,0,missing10,Core-Norm ablation — residual channel removed,RBF-SVR,0.580586170660947,0.6966833322283701
lognormal,0,missing10,Core-Norm ablation — residual channel removed,KNN,0.5467084730794413,0.7242739209898008
lognormal,0,missing10,Core-Norm,Ridge,0.6830883639630543,0.6055961979945083
lognormal,0,missing10,Core-Norm,RBF-SVR,0.5863244514119601,0.6919010233899401
lognormal,0,missing10,Core-Norm,KNN,0.5359375269109834,0.7328283673911369
lognormal,1,missing10,No scaling,Ridge,0.6465583271780897,0.6149851106782139
lognormal,1,missing10,No scaling,RBF-SVR,0.5307310806471376,0.7086252442913117
lognormal,1,missing10,No scaling,KNN,0.5095969641074147,0.7244064345350139
lognormal,1,missing10,Z-score,Ridge,0.6464697385907557,0.6150621774942817
lognormal,1,missing10,Z-score,RBF-SVR,0.5344552582787678,0.7058077733203758
lognormal,1,missing10,Z-score,KNN,0.4992713920592441,0.7319929975411158
lognormal,1,missing10,Min-Max,Ridge,0.5937023782666475,0.6593679968179883
lognormal,1,missing10,Min-Max,RBF-SVR,0.5527877127024814,0.6917713761080785
lognormal,1,missing10,Min-Max,KNN,0.4788992824136594,0.7467350900220933
lognormal,1,missing10,RobustScaler,Ridge,0.6465651249382192,0.6149791966311614
lognormal,1,missing10,RobustScaler,RBF-SVR,0.5311909639999806,0.7082779329515464
lognormal,1,missing10,RobustScaler,KNN,0.5271078100981108,0.7113556658637731
lognormal,1,missing10,Winsorized Z-score,Ridge,0.6144030083194612,0.6423512043839923
lognormal,1,missing10,Winsorized Z-score,RBF-SVR,0.5088218233549775,0.7249787140649488
lognormal,1,missing10,Winsorized Z-score,KNN,0.5051014352896706,0.7277191798492022
lognormal,1,missing10,Yeo-Johnson,Ridge,0.4438723806096136,0.7714236628560274
lognormal,1,missing10,Yeo-Johnson,RBF-SVR,0.4033024453160856,0.799066370395352
lognormal,1,missing10,Yeo-Johnson,KNN,0.3725467795783549,0.8194008319812597
lognormal,1,missing10,Quantile-Normal,Ridge,0.4483631040228136,0.768302731610414
lognormal,1,missing10,Quantile-Normal,RBF-SVR,0.4442706622030266,0.771147378362781
lognormal,1,missing10,Quantile-Normal,KNN,0.3564891687757806,0.8298195356599877
lognormal,1,missing10,Core-Norm ablation — residual channel removed,Ridge,0.423429579999302,0.7854741612472111
lognormal,1,missing10,Core-Norm ablation — residual channel removed,RBF-SVR,0.2851146994134115,0.8746290699755475
lognormal,1,missing10,Core-Norm ablation — residual channel removed,KNN,0.3189241008344949,0.8536964598246495
lognormal,1,missing10,Core-Norm,Ridge,0.55685908951458,0.6886152670694026
lognormal,1,missing10,Core-Norm,RBF-SVR,0.4224843289759185,0.786117765367245
lognormal,1,missing10,Core-Norm,KNN,0.3844050699710849,0.8116209363206109
student_t,0,missing10,No scaling,Ridge,0.4003930714294281,0.741643253830616
student_t,0,missing10,No scaling,RBF-SVR,0.4925092125378588,0.6823006904783503
student_t,0,missing10,No scaling,KNN,0.4862969689573444,0.6864640424496894
student_t,0,missing10,Z-score,Ridge,0.4007235490065572,0.7414388447128172
student_t,0,missing10,Z-score,RBF-SVR,0.4841417868367793,0.6879025258408307
student_t,0,missing10,Z-score,KNN,0.4567216552292822,0.7059483483626877
student_t,0,missing10,Min-Max,Ridge,0.3939643426541723,0.7456084446193196
student_t,0,missing10,Min-Max,RBF-SVR,0.4919625879982758,0.6826680487964595
student_t,0,missing10,Min-Max,KNN,0.3918766128826648,0.746891612224104
student_t,0,missing10,RobustScaler,Ridge,0.400469352070802,0.7415960772389485
student_t,0,missing10,RobustScaler,RBF-SVR,0.4944776471646577,0.6809761647668076
student_t,0,missing10,RobustScaler,KNN,0.4874419370892131,0.6856986022522241
student_t,0,missing10,Winsorized Z-score,Ridge,0.6293064841214333,0.5831351548859347
student_t,0,missing10,Winsorized Z-score,RBF-SVR,0.5271116986333865,0.6586292507340749
student_t,0,missing10,Winsorized Z-score,KNN,0.4753013722869748,0.6937718808179909
student_t,0,missing10,Yeo-Johnson,Ridge,0.4340007720357952,0.7205591687905063
student_t,0,missing10,Yeo-Johnson,RBF-SVR,0.5230575060470348,0.6614465239903956
student_t,0,missing10,Yeo-Johnson,KNN,0.4604188486984371,0.7035421385869673
student_t,0,missing10,Quantile-Normal,Ridge,0.6713933053887067,0.5490348761011469
student_t,0,missing10,Quantile-Normal,RBF-SVR,0.5725311753934997,0.6262012826728791
student_t,0,missing10,Quantile-Normal,KNN,0.5347421629072333,0.6532938623540581
student_t,0,missing10,Core-Norm ablation — residual channel removed,Ridge,0.6258965296680489,0.585811101792348
student_t,0,missing10,Core-Norm ablation — residual channel removed,RBF-SVR,0.5054246179738502,0.6735626189782099
student_t,0,missing10,Core-Norm ablation — residual channel removed,KNN,0.5154324601976672,0.6667129464568429
student_t,0,missing10,Core-Norm,Ridge,0.6359411001021085,0.577893161880557
student_t,0,missing10,Core-Norm,RBF-SVR,0.5276246299988782,0.6582719536099252
student_t,0,missing10,Core-Norm,KNN,0.5045818447199515,0.6741362614989705
student_t,1,missing10,No scaling,Ridge,-0.5763353229401356,1.1348754046249871
student_t,1,missing10,No scaling,RBF-SVR,0.3396023171863284,0.7345589431838093
student_t,1,missing10,No scaling,KNN,0.3469828080653944,0.7304427582449726
student_t,1,missing10,Z-score,Ridge,-0.5729509956426841,1.1336564845526944
student_t,1,missing10,Z-score,RBF-SVR,0.3302854964050477,0.7397223358215389
student_t,1,missing10,Z-score,KNN,0.3516737858266248,0.7278144457242837
student_t,1,missing10,Min-Max,Ridge,-0.0310078475311794,0.9178143966998056
student_t,1,missing10,Min-Max,RBF-SVR,0.4351646671022641,0.6793362791154859
student_t,1,missing10,Min-Max,KNN,0.3220332242678017,0.7442658392643066
student_t,1,missing10,RobustScaler,Ridge,-0.5750483115866316,1.1344120210541973
student_t,1,missing10,RobustScaler,RBF-SVR,0.3412311420573096,0.7336525147018587
student_t,1,missing10,RobustScaler,KNN,0.3510090991715624,0.7281874405286609
student_t,1,missing10,Winsorized Z-score,Ridge,0.4370990139590293,0.6781720469050094
student_t,1,missing10,Winsorized Z-score,RBF-SVR,0.3340608522424841,0.7376343849314491
student_t,1,missing10,Winsorized Z-score,KNN,0.345964103591861,0.7310122802578732
student_t,1,missing10,Yeo-Johnson,Ridge,0.3477656582278892,0.7300047921995496
student_t,1,missing10,Yeo-Johnson,RBF-SVR,0.3481918373624696,0.7297662555045016
student_t,1,missing10,Yeo-Johnson,KNN,0.3588514366268096,0.7237743982893592
student_t,1,missing10,Quantile-Normal,Ridge,0.3907424287604303,0.7055443975590522
student_t,1,missing10,Quantile-Normal,RBF-SVR,0.3257504699662332,0.742222655278902
student_t,1,missing10,Quantile-Normal,KNN,0.310897050537307,0.7503535379631365
student_t,1,missing10,Core-Norm ablation — residual channel removed,Ridge,0.3055877048114988,0.7532386236314489
student_t,1,missing10,Core-Norm ablation — residual channel removed,RBF-SVR,0.1801688623901935,0.8184385640564417
student_t,1,missing10,Core-Norm ablation — residual channel removed,KNN,0.2484172805486638,0.7836322002589597
student_t,1,missing10,Core-Norm,Ridge,0.4126978020867172,0.6927151616982363
student_t,1,missing10,Core-Norm,RBF-SVR,0.2678573113732918,0.7734313027399135
student_t,1,missing10,Core-Norm,KNN,0.2910605673441143,0.7610767358909877
laplace,0,missing10,No scaling,Ridge,0.7293492076748542,0.5658751328291488
laplace,0,missing10,No scaling,RBF-SVR,0.6137472077312693,0.6760079043529205
laplace,0,missing10,No scaling,KNN,0.4891888898695389,0.7774028444282257
laplace,0,missing10,Z-score,Ridge,0.7293161169623403,0.5659097247083392
laplace,0,missing10,Z-score,RBF-SVR,0.6096271211137971,0.679603765916091
laplace,0,missing10,Z-score,KNN,0.4841574758216,0.7812221143059392
laplace,0,missing10,Min-Max,Ridge,0.7179552009573921,0.5776636045583279
laplace,0,missing10,Min-Max,RBF-SVR,0.6209976941688429,0.6696330559375668
laplace,0,missing10,Min-Max,KNN,0.4922508995358633,0.7750693076244947
laplace,0,missing10,RobustScaler,Ridge,0.7293322520736762,0.5658928578886605
laplace,0,missing10,RobustScaler,RBF-SVR,0.6111183578643842,0.6783044699450445
laplace,0,missing10,RobustScaler,KNN,0.4827125542589795,0.7823154860806988
laplace,0,missing10,Winsorized Z-score,Ridge,0.7216714612096311,0.5738452985024654
laplace,0,missing10,Winsorized Z-score,RBF-SVR,0.604209276322673,0.6843035037382371
laplace,0,missing10,Winsorized Z-score,KNN,0.4952737101888664,0.7727587321976791
laplace,0,missing10,Yeo-Johnson,Ridge,0.7288041463882027,0.5664446517506411
laplace,0,missing10,Yeo-Johnson,RBF-SVR,0.6064766132987982,0.6823406291822375
laplace,0,missing10,Yeo-Johnson,KNN,0.4840365005180174,0.7813137149763275
laplace,0,missing10,Quantile-Normal,Ridge,0.6947968744883162,0.60091140452631
laplace,0,missing10,Quantile-Normal,RBF-SVR,0.5791456059864621,0.7056378872470257
laplace,0,missing10,Quantile-Normal,KNN,0.4998795987425704,0.7692247397035117
laplace,0,missing10,Core-Norm ablation — residual channel removed,Ridge,0.6350416643091629,0.6571092818380839
laplace,0,missing10,Core-Norm ablation — residual channel removed,RBF-SVR,0.514739400176619,0.7577107928428829
laplace,0,missing10,Core-Norm ablation — residual channel removed,KNN,0.475615884629562,0.7876635016652164
laplace,0,missing10,Core-Norm,Ridge,0.7046355781924458,0.5911463992397473
laplace,0,missing10,Core-Norm,RBF-SVR,0.5799097636332364,0.7049969724956521
laplace,0,missing10,Core-Norm,KNN,0.4679093162853562,0.7934303072740138
laplace,1,missing10,No scaling,Ridge,0.7200861936316226,0.6273092931909486
laplace,1,missing10,No scaling,RBF-SVR,0.5688624266930613,0.7785338460282982
laplace,1,missing10,No scaling,KNN,0.4563111370513526,0.8742683970449463
laplace,1,missing10,Z-score,Ridge,0.7200767928123557,0.627319827097534
laplace,1,missing10,Z-score,RBF-SVR,0.5688992192960324,0.7785006258920696
laplace,1,missing10,Z-score,KNN,0.4700939143725292,0.8631156970171108
laplace,1,missing10,Min-Max,Ridge,0.7033511263892945,0.6457894014755804
laplace,1,missing10,Min-Max,RBF-SVR,0.6196997477108586,0.7311944194410746
laplace,1,missing10,Min-Max,KNN,0.4327922582265259,0.8929777468335758
laplace,1,missing10,RobustScaler,Ridge,0.7200896637031478,0.6273054048245789
laplace,1,missing10,RobustScaler,RBF-SVR,0.5735843887682841,0.7742587273809413
laplace,1,missing10,RobustScaler,KNN,0.4756006252490923,0.8586192954385978
laplace,1,missing10,Winsorized Z-score,Ridge,0.691655155582588,0.6583970966102516
laplace,1,missing10,Winsorized Z-score,RBF-SVR,0.5945464484312198,0.7549881164722901
laplace,1,missing10,Winsorized Z-score,KNN,0.4644485445612524,0.8677011306321442
laplace,1,missing10,Yeo-Johnson,Ridge,0.7159963251310546,0.6318755358267942
laplace,1,missing10,Yeo-Johnson,RBF-SVR,0.579130206025025,0.7692073759823873
laplace,1,missing10,Yeo-Johnson,KNN,0.4707157660544002,0.8626091096049675
laplace,1,missing10,Quantile-Normal,Ridge,0.6753699945577205,0.6755599438266878
laplace,1,missing10,Quantile-Normal,RBF-SVR,0.606708334096383,0.7435786869165433
laplace,1,missing10,Quantile-Normal,KNN,0.449891043988738,0.8794151015091635
laplace,1,missing10,Core-Norm ablation — residual channel removed,Ridge,0.6093675723756433,0.7410605726372981
laplace,1,missing10,Core-Norm ablation — residual channel removed,RBF-SVR,0.5170409611322248,0.823995254746963
laplace,1,missing10,Core-Norm ablation — residual channel removed,KNN,0.4432363103883594,0.8847183059921963
laplace,1,missing10,Core-Norm,Ridge,0.6740065262360051,0.6769771563725986
laplace,1,missing10,Core-Norm,RBF-SVR,0.5720148049323872,0.7756823944503051
laplace,1,missing10,Core-Norm,KNN,0.4474608623123123,0.8813554292986984
bimodal,0,missing10,No scaling,Ridge,0.4134322229584497,0.8238974295806542
bimodal,0,missing10,No scaling,RBF-SVR,0.516100199374598,0.748327609527861
bimodal,0,missing10,No scaling,KNN,0.4388166660856749,0.8058726738430241
bimodal,0,missing10,Z-score,Ridge,0.4134815619028658,0.8238627779291915
bimodal,0,missing10,Z-score,RBF-SVR,0.51687233128355,0.7477303388709583
bimodal,0,missing10,Z-score,KNN,0.4407801246070688,0.804461651875469
bimodal,0,missing10,Min-Max,Ridge,0.4106380348655233,0.8258574667448602
bimodal,0,missing10,Min-Max,RBF-SVR,0.5140710313974355,0.7498949731239194
bimodal,0,missing10,Min-Max,KNN,0.4383969126653219,0.8061740054757593
bimodal,0,missing10,RobustScaler,Ridge,0.4135806029862897,0.8237932151484241
bimodal,0,missing10,RobustScaler,RBF-SVR,0.5159387876834545,0.7484524068038645
bimodal,0,missing10,RobustScaler,KNN,0.4375167399337593,0.8068054964617787
bimodal,0,missing10,Winsorized Z-score,Ridge,0.4123097325154096,0.8246853819740378
bimodal,0,missing10,Winsorized Z-score,RBF-SVR,0.516604793386345,0.7479373426596491
bimodal,0,missing10,Winsorized Z-score,KNN,0.4340375000951147,0.8092968971979797
bimodal,0,missing10,Yeo-Johnson,Ridge,0.4154824952839132,0.8224562552967812
bimodal,0,missing10,Yeo-Johnson,RBF-SVR,0.5084992612189287,0.7541819509851289
bimodal,0,missing10,Yeo-Johnson,KNN,0.4458815548895893,0.800783932682116
bimodal,0,missing10,Quantile-Normal,Ridge,0.4427129669744668,0.8030702104097458
bimodal,0,missing10,Quantile-Normal,RBF-SVR,0.472309806707225,0.7814542524646244
bimodal,0,missing10,Quantile-Normal,KNN,0.4093719757958595,0.8267440385570763
bimodal,0,missing10,Core-Norm ablation — residual channel removed,Ridge,0.4136839380902897,0.823720630144884
bimodal,0,missing10,Core-Norm ablation — residual channel removed,RBF-SVR,0.5082300489004714,0.7543884687589454
bimodal,0,missing10,Core-Norm ablation — residual channel removed,KNN,0.4314941549202643,0.8111132844128885
bimodal,0,missing10,Core-Norm,Ridge,0.4411414526422696,0.8042017169828363
bimodal,0,missing10,Core-Norm,RBF-SVR,0.5124016214587939,0.7511820015107804
bimodal,0,missing10,Core-Norm,KNN,0.4292505319993867,0.8127122480845662
bimodal,1,missing10,No scaling,Ridge,0.5061260502791278,0.5761522876069907
bimodal,1,missing10,No scaling,RBF-SVR,0.441601368298575,0.6126344346172227
bimodal,1,missing10,No scaling,KNN,0.4402046369547333,0.6134001521993421
bimodal,1,missing10,Z-score,Ridge,0.506089451063396,0.576173635494675
bimodal,1,missing10,Z-score,RBF-SVR,0.4415271075668173,0.6126751700044194
bimodal,1,missing10,Z-score,KNN,0.440917062713929,0.6130097048817851
bimodal,1,missing10,Min-Max,Ridge,0.5022394052942709,0.5784149206045043
bimodal,1,missing10,Min-Max,RBF-SVR,0.4422207459090622,0.6122945722756692
bimodal,1,missing10,Min-Max,KNN,0.4394207125164799,0.6138294976112236
bimodal,1,missing10,RobustScaler,Ridge,0.5059627586100277,0.5762475275902365
bimodal,1,missing10,RobustScaler,RBF-SVR,0.4409198057308815,0.6130082010815768
bimodal,1,missing10,RobustScaler,KNN,0.4388866755821611,0.6141218109341927
bimodal,1,missing10,Winsorized Z-score,Ridge,0.508243166141664,0.5749160499164946
bimodal,1,missing10,Winsorized Z-score,RBF-SVR,0.4469374388233954,0.6097002333963615
bimodal,1,missing10,Winsorized Z-score,KNN,0.4437203822078671,0.611470915633927
bimodal,1,missing10,Yeo-Johnson,Ridge,0.5054919286764205,0.5765220514022166
bimodal,1,missing10,Yeo-Johnson,RBF-SVR,0.4408968659423978,0.6130207772149923
bimodal,1,missing10,Yeo-Johnson,KNN,0.4433054842046434,0.6116989041909675
bimodal,1,missing10,Quantile-Normal,Ridge,0.5097822521541868,0.5740156672313744
bimodal,1,missing10,Quantile-Normal,RBF-SVR,0.4288429405031924,0.6195937175850077
bimodal,1,missing10,Quantile-Normal,KNN,0.4283314722530024,0.6198710770213426
bimodal,1,missing10,Core-Norm ablation — residual channel removed,Ridge,0.5060627408642457,0.576189214737235
bimodal,1,missing10,Core-Norm ablation — residual channel removed,RBF-SVR,0.4472325493400583,0.6095375456896273
bimodal,1,missing10,Core-Norm ablation — residual channel removed,KNN,0.4259654580539459,0.621152509634938
bimodal,1,missing10,Core-Norm,Ridge,0.4968826122025821,0.5815189804969033
bimodal,1,missing10,Core-Norm,RBF-SVR,0.4367514198172459,0.6152891883060655
bimodal,1,missing10,Core-Norm,KNN,0.4316491108566754,0.6180697704035212
zero_inflated,0,missing10,No scaling,Ridge,0.2642145526367284,0.9227618778876626
zero_inflated,0,missing10,No scaling,RBF-SVR,0.1040453996639889,1.018256167083186
zero_inflated,0,missing10,No scaling,KNN,0.1315947703457476,1.0024789504758214
zero_inflated,0,missing10,Z-score,Ridge,0.2641917617323254,0.9227761690203348
zero_inflated,0,missing10,Z-score,RBF-SVR,0.1088322530020782,1.0155323846308908
zero_inflated,0,missing10,Z-score,KNN,0.1456962379065126,0.9943063354958568
zero_inflated,0,missing10,Min-Max,Ridge,0.262527946679374,0.9238188740733256
zero_inflated,0,missing10,Min-Max,RBF-SVR,0.1148868848724391,1.0120767198693927
zero_inflated,0,missing10,Min-Max,KNN,0.1447864004414967,0.9948356650259532
zero_inflated,0,missing10,RobustScaler,Ridge,0.2642145526367284,0.9227618778876626
zero_inflated,0,missing10,RobustScaler,RBF-SVR,0.1040453996639889,1.018256167083186
zero_inflated,0,missing10,RobustScaler,KNN,0.1315947703457476,1.0024789504758214
zero_inflated,0,missing10,Winsorized Z-score,Ridge,0.264818318921372,0.9223832030636182
zero_inflated,0,missing10,Winsorized Z-score,RBF-SVR,0.1046477560238343,1.0179138192661246
zero_inflated,0,missing10,Winsorized Z-score,KNN,0.1599445130078428,0.9859798365519212
zero_inflated,0,missing10,Yeo-Johnson,Ridge,0.2643501110288748,0.922676870852716
zero_inflated,0,missing10,Yeo-Johnson,RBF-SVR,0.1073015624451758,1.0164041615284185
zero_inflated,0,missing10,Yeo-Johnson,KNN,0.1360396674031069,0.999910085112035
zero_inflated,0,missing10,Quantile-Normal,Ridge,0.2234382798791847,0.9479862463464488
zero_inflated,0,missing10,Quantile-Normal,RBF-SVR,0.0400191303618252,1.0540114687943605
zero_inflated,0,missing10,Quantile-Normal,KNN,0.1188561634579916,1.0098048473277783
zero_inflated,0,missing10,Core-Norm ablation — residual channel removed,Ridge,0.2577427515625989,0.9268111947329566
zero_inflated,0,missing10,Core-Norm ablation — residual channel removed,RBF-SVR,0.0710002115442155,1.0368641403008874
zero_inflated,0,missing10,Core-Norm ablation — residual channel removed,KNN,0.1288190815025979,1.0040797870459892
zero_inflated,0,missing10,Core-Norm,Ridge,0.2501007058264011,0.9315700545525704
zero_inflated,0,missing10,Core-Norm,RBF-SVR,0.0842825238397092,1.02942520734053
zero_inflated,0,missing10,Core-Norm,KNN,0.1370926494992976,0.9993005615122558
zero_inflated,1,missing10,No scaling,Ridge,0.7039816997726882,0.6485549327793183
zero_inflated,1,missing10,No scaling,RBF-SVR,0.5477999916606197,0.8015908839965517
zero_inflated,1,missing10,No scaling,KNN,0.4468425328781128,0.8865676418031656
zero_inflated,1,missing10,Z-score,Ridge,0.704140085246332,0.6483814039397232
zero_inflated,1,missing10,Z-score,RBF-SVR,0.5467318640241756,0.802537032111436
zero_inflated,1,missing10,Z-score,KNN,0.4373617572694832,0.8941329727725292
zero_inflated,1,missing10,Min-Max,Ridge,0.6808072252471453,0.6734634218139165
zero_inflated,1,missing10,Min-Max,RBF-SVR,0.5853006320795104,0.7676339488300847
zero_inflated,1,missing10,Min-Max,KNN,0.4311677927410234,0.8990411611354706
zero_inflated,1,missing10,RobustScaler,Ridge,0.7039816997726882,0.6485549327793183
zero_inflated,1,missing10,RobustScaler,RBF-SVR,0.5477999916606197,0.8015908839965517
zero_inflated,1,missing10,RobustScaler,KNN,0.4468425328781128,0.8865676418031656
zero_inflated,1,missing10,Winsorized Z-score,Ridge,0.687648546469114,0.6662070929588186
zero_inflated,1,missing10,Winsorized Z-score,RBF-SVR,0.5668174240687849,0.7845542445324867
zero_inflated,1,missing10,Winsorized Z-score,KNN,0.4611590933583898,0.8750195689028873
zero_inflated,1,missing10,Yeo-Johnson,Ridge,0.7027179409273673,0.6499378609954641
zero_inflated,1,missing10,Yeo-Johnson,RBF-SVR,0.539103672250107,0.8092619301505477
zero_inflated,1,missing10,Yeo-Johnson,KNN,0.4404899722656521,0.8916438610963981
zero_inflated,1,missing10,Quantile-Normal,Ridge,0.6076299246929299,0.7466815588811918
zero_inflated,1,missing10,Quantile-Normal,RBF-SVR,0.5106037432267818,0.8339073625006184
zero_inflated,1,missing10,Quantile-Normal,KNN,0.4146718883018914,0.911983913499737
zero_inflated,1,missing10,Core-Norm ablation — residual channel removed,Ridge,0.6737109010814013,0.680908520711203
zero_inflated,1,missing10,Core-Norm ablation — residual channel removed,RBF-SVR,0.5590252986621516,0.7915791089583248
zero_inflated,1,missing10,Core-Norm ablation — residual channel removed,KNN,0.4527411815751979,0.8818279721193668
zero_inflated,1,missing10,Core-Norm,Ridge,0.69582203115094,0.6574327949620716
zero_inflated,1,missing10,Core-Norm,RBF-SVR,0.5551828673360266,0.7950203396563914
zero_inflated,1,missing10,Core-Norm,KNN,0.4403165686770187,0.8917820197172996
bounded_beta,0,missing10,No scaling,Ridge,0.6855633922685833,0.6442924112123442
bounded_beta,0,missing10,No scaling,RBF-SVR,0.6569540127223179,0.6729652463240902
bounded_beta,0,missing10,No scaling,KNN,0.5138314240025587,0.8011427503945975
bounded_beta,0,missing10,Z-score,Ridge,0.6845636334324489,0.6453158700198841
bounded_beta,0,missing10,Z-score,RBF-SVR,0.6570934252505369,0.6728284872250073
bounded_beta,0,missing10,Z-score,KNN,0.5173209272654558,0.7982624483331393
bounded_beta,0,missing10,Min-Max,Ridge,0.6853188172713843,0.6445429341809196
bounded_beta,0,missing10,Min-Max,RBF-SVR,0.656987829016114,0.6729320762066899
bounded_beta,0,missing10,Min-Max,KNN,0.512319528271719,0.8023874874446332
bounded_beta,0,missing10,RobustScaler,Ridge,0.6846179646989073,0.6452602925055841
bounded_beta,0,missing10,RobustScaler,RBF-SVR,0.6557635114767455,0.6741319588186443
bounded_beta,0,missing10,RobustScaler,KNN,0.5316713145611186,0.7863064616845515
bounded_beta,0,missing10,Winsorized Z-score,Ridge,0.6852130573169888,0.6446512360250528
bounded_beta,0,missing10,Winsorized Z-score,RBF-SVR,0.6559305227525278,0.6739684065784938
bounded_beta,0,missing10,Winsorized Z-score,KNN,0.5161793758469764,0.7992058489584158
bounded_beta,0,missing10,Yeo-Johnson,Ridge,0.7222724690898266,0.6055164296561589
bounded_beta,0,missing10,Yeo-Johnson,RBF-SVR,0.6429696003264965,0.6865450859140435
bounded_beta,0,missing10,Yeo-Johnson,KNN,0.5823233248576637,0.7425685924583414
bounded_beta,0,missing10,Quantile-Normal,Ridge,0.7390558633027265,0.5869353085322098
bounded_beta,0,missing10,Quantile-Normal,RBF-SVR,0.6733135216997821,0.6567227246759442
bounded_beta,0,missing10,Quantile-Normal,KNN,0.5863210057607551,0.739006399699186
bounded_beta,0,missing10,Core-Norm ablation — residual channel removed,Ridge,0.7090765443530269,0.6197347284961952
bounded_beta,0,missing10,Core-Norm ablation — residual channel removed,RBF-SVR,0.6496692514703237,0.6800730946101475
bounded_beta,0,missing10,Core-Norm ablation — residual channel removed,KNN,0.5586916361948998,0.7632864347596248
bounded_beta,0,missing10,Core-Norm,Ridge,0.7170503758083955,0.6111826619023292
bounded_beta,0,missing10,Core-Norm,RBF-SVR,0.6626676205495899,0.667337422739168
bounded_beta,0,missing10,Core-Norm,KNN,0.5517074586451849,0.7693026376849205
bounded_beta,1,missing10,No scaling,Ridge,0.6939050925700583,0.6168641308805515
bounded_beta,1,missing10,No scaling,RBF-SVR,0.6042886445677074,0.7013757114820182
bounded_beta,1,missing10,No scaling,KNN,0.5831628206193852,0.7198544437891935
bounded_beta,1,missing10,Z-score,Ridge,0.6942648004435882,0.6165015699450892
bounded_beta,1,missing10,Z-score,RBF-SVR,0.6024458724548651,0.7030069186210448
bounded_beta,1,missing10,Z-score,KNN,0.5840917949829996,0.7190518530439802
bounded_beta,1,missing10,Min-Max,Ridge,0.6940166955099419,0.616751665555016
bounded_beta,1,missing10,Min-Max,RBF-SVR,0.6030519978030244,0.7024707993564118
bounded_beta,1,missing10,Min-Max,KNN,0.587093284450598,0.7164525601278684
bounded_beta,1,missing10,RobustScaler,Ridge,0.6942854194113683,0.6164807809741878
bounded_beta,1,missing10,RobustScaler,RBF-SVR,0.6000514427865851,0.7051208114495664
bounded_beta,1,missing10,RobustScaler,KNN,0.5522202297007899,0.7460942626426262
bounded_beta,1,missing10,Winsorized Z-score,Ridge,0.69388786306429,0.6168814916962433
bounded_beta,1,missing10,Winsorized Z-score,RBF-SVR,0.6023123964821556,0.7031249235052054
bounded_beta,1,missing10,Winsorized Z-score,KNN,0.5784269508244062,0.7239321850880438
bounded_beta,1,missing10,Yeo-Johnson,Ridge,0.645815778593205,0.6635536931200828
bounded_beta,1,missing10,Yeo-Johnson,RBF-SVR,0.5754284247509645,0.7265021824607427
bounded_beta,1,missing10,Yeo-Johnson,KNN,0.5429780428376458,0.753754640051143
bounded_beta,1,missing10,Quantile-Normal,Ridge,0.5964730760351102,0.7082681689808444
bounded_beta,1,missing10,Quantile-Normal,RBF-SVR,0.5817235833290482,0.7210961139799259
bounded_beta,1,missing10,Quantile-Normal,KNN,0.5241775152585599,0.7691020093693293
bounded_beta,1,missing10,Core-Norm ablation — residual channel removed,Ridge,0.6815782109928107,0.6291625366534621
bounded_beta,1,missing10,Core-Norm ablation — residual channel removed,RBF-SVR,0.5917249277607318,0.7124229442720497
bounded_beta,1,missing10,Core-Norm ablation — residual channel removed,KNN,0.5721651253989888,0.7292888221263271
bounded_beta,1,missing10,Core-Norm,Ridge,0.6956255464830401,0.6151280977600927
bounded_beta,1,missing10,Core-Norm,RBF-SVR,0.6031904262101979,0.7023483017085851
bounded_beta,1,missing10,Core-Norm,KNN,0.5705534121105411,0.7306611969112149
mixed,0,missing10,No scaling,Ridge,0.6153751693559832,0.6936413016473519
mixed,0,missing10,No scaling,RBF-SVR,0.671724062960964,0.6408196351457022
mixed,0,missing10,No scaling,KNN,0.5274151999037595,0.768875743694106
mixed,0,missing10,Z-score,Ridge,0.6153286500447028,0.6936832473791974
mixed,0,missing10,Z-score,RBF-SVR,0.6182592157719153,0.6910358303282792
mixed,0,missing10,Z-score,KNN,0.4994481254036466,0.7912993912226323
mixed,0,missing10,Min-Max,Ridge,0.5864964200449783,0.7192103398054231
mixed,0,missing10,Min-Max,RBF-SVR,0.6451811387644866,0.666223019378171
mixed,0,missing10,Min-Max,KNN,0.4017833064293128,0.8650586428899938
mixed,0,missing10,RobustScaler,Ridge,0.6153999194658507,0.6936189838284733
mixed,0,missing10,RobustScaler,RBF-SVR,0.6508825858884355,0.6608487024076081
mixed,0,missing10,RobustScaler,KNN,0.5397477935763155,0.7587771170500593
mixed,0,missing10,Winsorized Z-score,Ridge,0.6624490176195739,0.6498093763440357
mixed,0,missing10,Winsorized Z-score,RBF-SVR,0.5982924575226694,0.7088776414630799
mixed,0,missing10,Winsorized Z-score,KNN,0.5359438646070145,0.7619062655190341
mixed,0,missing10,Yeo-Johnson,Ridge,0.6843213619673087,0.6284039158024386
mixed,0,missing10,Yeo-Johnson,RBF-SVR,0.610886545356933,0.697677005584444
mixed,0,missing10,Yeo-Johnson,KNN,0.5422906759014305,0.7566781011579726
mixed,0,missing10,Quantile-Normal,Ridge,0.7120161583805371,0.6002060184405532
mixed,0,missing10,Quantile-Normal,RBF-SVR,0.6148581921920222,0.6941073093867661
mixed,0,missing10,Quantile-Normal,KNN,0.551842855769626,0.7487407110815038
mixed,0,missing10,Core-Norm ablation — residual channel removed,Ridge,0.6809846709560049,0.6317162686550162
mixed,0,missing10,Core-Norm ablation — residual channel removed,RBF-SVR,0.5734272403994827,0.7304875942338381
mixed,0,missing10,Core-Norm ablation — residual channel removed,KNN,0.5595639579243317,0.7422628266519746
mixed,0,missing10,Core-Norm,Ridge,0.6971108733868667,0.6155426175101465
mixed,0,missing10,Core-Norm,RBF-SVR,0.6081861150901968,0.7000937436917861
mixed,0,missing10,Core-Norm,KNN,0.5717624678452533,0.7319116320743256
mixed,1,missing10,No scaling,Ridge,0.5692526390945816,0.6668161779958582
mixed,1,missing10,No scaling,RBF-SVR,0.4536520215398936,0.7509819271023042
mixed,1,missing10,No scaling,KNN,0.4399048395129472,0.7603713160883935
mixed,1,missing10,Z-score,Ridge,0.5692306955626852,0.6668331625639027
mixed,1,missing10,Z-score,RBF-SVR,0.4106961243516858,0.7799458722004073
mixed,1,missing10,Z-score,KNN,0.3894645976816073,0.7938715551773862
mixed,1,missing10,Min-Max,Ridge,0.5171625887420523,0.7059846715448055
mixed,1,missing10,Min-Max,RBF-SVR,0.5470724960040954,0.683768614210613
mixed,1,missing10,Min-Max,KNN,0.3210936165539988,0.8371432144622089
mixed,1,missing10,RobustScaler,Ridge,0.5692671066172197,0.6668049797158077
mixed,1,missing10,RobustScaler,RBF-SVR,0.4443154382866107,0.7573715389852294
mixed,1,missing10,RobustScaler,KNN,0.4398278425486061,0.7604235788780693
mixed,1,missing10,Winsorized Z-score,Ridge,0.5857131834309519,0.653951246603336
mixed,1,missing10,Winsorized Z-score,RBF-SVR,0.4417849988125765,0.7590940144111405
mixed,1,missing10,Winsorized Z-score,KNN,0.4268248302965955,0.7691986253087841
mixed,1,missing10,Yeo-Johnson,Ridge,0.5809105887781261,0.6577307696625639
mixed,1,missing10,Yeo-Johnson,RBF-SVR,0.4016583475643562,0.7859038811793584
mixed,1,missing10,Yeo-Johnson,KNN,0.3688470175409771,0.8071646520113148
mixed,1,missing10,Quantile-Normal,Ridge,0.5489391312747396,0.6823581629141561
mixed,1,missing10,Quantile-Normal,RBF-SVR,0.3953358946222414,0.7900451466330564
mixed,1,missing10,Quantile-Normal,KNN,0.3951375549174827,0.7901747098666123
mixed,1,missing10,Core-Norm ablation — residual channel removed,Ridge,0.5158605336150759,0.7069359359428616
mixed,1,missing10,Core-Norm ablation — residual channel removed,RBF-SVR,0.389084274070465,0.7941187817016623
mixed,1,missing10,Core-Norm ablation — residual channel removed,KNN,0.3850165599431676,0.796758171077025
mixed,1,missing10,Core-Norm,Ridge,0.5565067079352052,0.6766098922174879
mixed,1,missing10,Core-Norm,RBF-SVR,0.3911346790611636,0.7927850186550589
mixed,1,missing10,Core-Norm,KNN,0.3855745050465106,0.7963966587451137
heteroscedastic,0,missing10,No scaling,Ridge,0.699375965358372,0.5898286946509763
heteroscedastic,0,missing10,No scaling,RBF-SVR,0.4235223833458371,0.8167803327879692
heteroscedastic,0,missing10,No scaling,KNN,0.3183159405420731,0.8881894627080675
heteroscedastic,0,missing10,Z-score,Ridge,0.7076116046965879,0.5816933690094461
heteroscedastic,0,missing10,Z-score,RBF-SVR,0.5682624509463446,0.7068446220795491
heteroscedastic,0,missing10,Z-score,KNN,0.5454263989297906,0.7252974534818813
heteroscedastic,0,missing10,Min-Max,Ridge,0.7066275482631501,0.5826714144611645
heteroscedastic,0,missing10,Min-Max,RBF-SVR,0.5648819921423943,0.7096064852194587
heteroscedastic,0,missing10,Min-Max,KNN,0.5166986406820834,0.7478647361224317
heteroscedastic,0,missing10,RobustScaler,Ridge,0.7076165950457907,0.5816884049522655
heteroscedastic,0,missing10,RobustScaler,RBF-SVR,0.5662823950236673,0.7084636506230484
heteroscedastic,0,missing10,RobustScaler,KNN,0.5558552981581938,0.7169292344759669
heteroscedastic,0,missing10,Winsorized Z-score,Ridge,0.7084394208129059,0.5808693341472763
heteroscedastic,0,missing10,Winsorized Z-score,RBF-SVR,0.5736516186905352,0.7024191714318604
heteroscedastic,0,missing10,Winsorized Z-score,KNN,0.5473551932888432,0.7237570684311595
heteroscedastic,0,missing10,Yeo-Johnson,Ridge,0.7074108975491423,0.5818929836146329
heteroscedastic,0,missing10,Yeo-Johnson,RBF-SVR,0.5679884689417198,0.7070688694167853
heteroscedastic,0,missing10,Yeo-Johnson,KNN,0.5503119949168729,0.7213893042524279
heteroscedastic,0,missing10,Quantile-Normal,Ridge,0.6990092797313023,0.590188306271694
heteroscedastic,0,missing10,Quantile-Normal,RBF-SVR,0.5652174739858853,0.7093328743919394
heteroscedastic,0,missing10,Quantile-Normal,KNN,0.5425215115327281,0.7276112175967256
heteroscedastic,0,missing10,Core-Norm ablation — residual channel removed,Ridge,0.6990422964474223,0.5901559354827352
heteroscedastic,0,missing10,Core-Norm ablation — residual channel removed,RBF-SVR,0.5803875891945893,0.6968482433684111
heteroscedastic,0,missing10,Core-Norm ablation — residual channel removed,KNN,0.5439040519671279,0.7265109329672412
heteroscedastic,0,missing10,Core-Norm,Ridge,0.6992050458284713,0.5899963441173333
heteroscedastic,0,missing10,Core-Norm,RBF-SVR,0.5827275745312077,0.6949025259790351
heteroscedastic,0,missing10,Core-Norm,KNN,0.5372685305118381,0.7317766796819916
heteroscedastic,1,missing10,No scaling,Ridge,0.7015209622264093,0.6287133888128381
heteroscedastic,1,missing10,No scaling,RBF-SVR,0.3161404599280608,0.9516543693794712
heteroscedastic,1,missing10,No scaling,KNN,0.2227847784858064,1.01453361148702
heteroscedastic,1,missing10,Z-score,Ridge,0.7028025382139913,0.6273621871448711
heteroscedastic,1,missing10,Z-score,RBF-SVR,0.5577740871614675,0.7652756317506882
heteroscedastic,1,missing10,Z-score,KNN,0.4828418475708599,0.8275752209232589
heteroscedastic,1,missing10,Min-Max,Ridge,0.6980485091278574,0.632359984505255
heteroscedastic,1,missing10,Min-Max,RBF-SVR,0.5572185513079473,0.7657561605995354
heteroscedastic,1,missing10,Min-Max,KNN,0.4465118288551017,0.8561502008812452
heteroscedastic,1,missing10,RobustScaler,Ridge,0.7028128846120862,0.6273512668035727
heteroscedastic,1,missing10,RobustScaler,RBF-SVR,0.5631962054261148,0.7605696518454995
heteroscedastic,1,missing10,RobustScaler,KNN,0.5008517320464385,0.8130374963908816
heteroscedastic,1,missing10,Winsorized Z-score,Ridge,0.704521406792606,0.6255453532156209
heteroscedastic,1,missing10,Winsorized Z-score,RBF-SVR,0.5506435730807151,0.7714206670024069
heteroscedastic,1,missing10,Winsorized Z-score,KNN,0.4898319252518751,0.8219633054531312
heteroscedastic,1,missing10,Yeo-Johnson,Ridge,0.7010239088966493,0.6292366652406496
heteroscedastic,1,missing10,Yeo-Johnson,RBF-SVR,0.5581072847884825,0.7649872767880384
heteroscedastic,1,missing10,Yeo-Johnson,KNN,0.4832599058467145,0.8272406572931007
heteroscedastic,1,missing10,Quantile-Normal,Ridge,0.7014234768646255,0.6288160515475071
heteroscedastic,1,missing10,Quantile-Normal,RBF-SVR,0.5513916088839615,0.7707783143006569
heteroscedastic,1,missing10,Quantile-Normal,KNN,0.4910219854032787,0.82100405600211
heteroscedastic,1,missing10,Core-Norm ablation — residual channel removed,Ridge,0.6958848143751386,0.6346215922050138
heteroscedastic,1,missing10,Core-Norm ablation — residual channel removed,RBF-SVR,0.5405333283127483,0.7800506413238527
heteroscedastic,1,missing10,Core-Norm ablation — residual channel removed,KNN,0.4994580240246737,0.8141717755994675
heteroscedastic,1,missing10,Core-Norm,Ridge,0.7032457837730504,0.6268941830428623
heteroscedastic,1,missing10,Core-Norm,RBF-SVR,0.5522070925339067,0.7700774323796293
heteroscedastic,1,missing10,Core-Norm,KNN,0.5043045530090153,0.8102205532790049
diabetes,0,missing10,No scaling,Ridge,0.3395554508082528,58.04526002378484
diabetes,0,missing10,No scaling,RBF-SVR,0.2819450370074589,60.52397247224293
diabetes,0,missing10,No scaling,KNN,0.3242126831623092,58.71561299151378
diabetes,0,missing10,Z-score,Ridge,0.3416500334776957,57.95314241419517
diabetes,0,missing10,Z-score,RBF-SVR,0.2837905375656023,60.44614494349087
diabetes,0,missing10,Z-score,KNN,0.3259058351282382,58.64201231810075
diabetes,0,missing10,Min-Max,Ridge,0.3696093514247914,56.709192329237965
diabetes,0,missing10,Min-Max,RBF-SVR,0.2727984024674031,60.90823196899774
diabetes,0,missing10,Min-Max,KNN,0.3300205484094892,58.4627610890303
diabetes,0,missing10,RobustScaler,Ridge,0.3421159673121776,57.9326312039591
diabetes,0,missing10,RobustScaler,RBF-SVR,0.2932864967716873,60.04409116615208
diabetes,0,missing10,RobustScaler,KNN,0.337431395099609,58.13852477690381
diabetes,0,missing10,Winsorized Z-score,Ridge,0.3424943474337479,57.915968914146944
diabetes,0,missing10,Winsorized Z-score,RBF-SVR,0.2849112128382175,60.3988354459293
diabetes,0,missing10,Winsorized Z-score,KNN,0.3284578968578387,58.53090028062292
diabetes,0,missing10,Yeo-Johnson,Ridge,0.3456432588499061,57.77711753492219
diabetes,0,missing10,Yeo-Johnson,RBF-SVR,0.2812393420285766,60.55370625082796
diabetes,0,missing10,Yeo-Johnson,KNN,0.3279075434752424,58.55487947838301
diabetes,0,missing10,Quantile-Normal,Ridge,0.3292981483078705,58.494271104821394
diabetes,0,missing10,Quantile-Normal,RBF-SVR,0.1814743774372158,64.61966769585644
diabetes,0,missing10,Quantile-Normal,KNN,0.3531272621347779,57.44576339456434
diabetes,0,missing10,Core-Norm ablation — residual channel removed,Ridge,0.3409664281958858,57.98322276460928
diabetes,0,missing10,Core-Norm ablation — residual channel removed,RBF-SVR,0.2900315637490479,60.182205816228034
diabetes,0,missing10,Core-Norm ablation — residual channel removed,KNN,0.3258617591140211,58.643929456724784
diabetes,0,missing10,Core-Norm,Ridge,0.3475047704500301,57.69487694032604
diabetes,0,missing10,Core-Norm,RBF-SVR,0.2868702651225226,60.31604458827394
diabetes,0,missing10,Core-Norm,KNN,0.3329514137424717,58.33474650462317
diabetes,1,missing10,No scaling,Ridge,0.3434706868984909,57.491534536815465
diabetes,1,missing10,No scaling,RBF-SVR,0.2849328966898015,59.99986033053694
diabetes,1,missing10,No scaling,KNN,0.3389250510342309,57.690219333258455
diabetes,1,missing10,Z-score,Ridge,0.3506508387656046,57.176291333497495
diabetes,1,missing10,Z-score,RBF-SVR,0.284963135435767,59.99859168056864
diabetes,1,missing10,Z-score,KNN,0.3589374833372776,56.8102933857237
diabetes,1,missing10,Min-Max,Ridge,0.3672399578519627,56.44121617339578
diabetes,1,missing10,Min-Max,RBF-SVR,0.2674549341864136,60.728704102156094
diabetes,1,missing10,Min-Max,KNN,0.3443628598382747,57.45245796566151
diabetes,1,missing10,RobustScaler,Ridge,0.3510856536938486,57.15714503306042
diabetes,1,missing10,RobustScaler,RBF-SVR,0.2824662473787667,60.103257061772
diabetes,1,missing10,RobustScaler,KNN,0.3234607284345815,58.36108344675073
diabetes,1,missing10,Winsorized Z-score,Ridge,0.3512941448899757,57.14796221952904
diabetes,1,missing10,Winsorized Z-score,RBF-SVR,0.2885554201172486,59.84768798713932
diabetes,1,missing10,Winsorized Z-score,KNN,0.3510437164354851,57.1589919449415
diabetes,1,missing10,Yeo-Johnson,Ridge,0.3422098825170603,57.54671167063957
diabetes,1,missing10,Yeo-Johnson,RBF-SVR,0.2809512109889615,60.16667610339641
diabetes,1,missing10,Yeo-Johnson,KNN,0.3524013774383205,57.099170377404974
diabetes,1,missing10,Quantile-Normal,Ridge,0.316600317655678,58.65624082050642
diabetes,1,missing10,Quantile-Normal,RBF-SVR,0.2186719816890809,62.71819328655999
diabetes,1,missing10,Quantile-Normal,KNN,0.327401143723132,58.19087696578525
diabetes,1,missing10,Core-Norm ablation — residual channel removed,Ridge,0.3502595445671687,57.193515796862926
diabetes,1,missing10,Core-Norm ablation — residual channel removed,RBF-SVR,0.2997839702483107,59.37352919168738
diabetes,1,missing10,Core-Norm ablation — residual channel removed,KNN,0.3593297650232538,56.792908928346506
diabetes,1,missing10,Core-Norm,Ridge,0.3499640433272639,57.20652009228342
diabetes,1,missing10,Core-Norm,RBF-SVR,0.2896868368199833,59.80008089435227
diabetes,1,missing10,Core-Norm,KNN,0.3548710214331178,56.99019136128194
gaussian,0,drift,No scaling,Ridge,0.5852635191086861,0.6927876966534643
gaussian,0,drift,No scaling,RBF-SVR,0.5251901838649795,0.7412656775475307
gaussian,0,drift,No scaling,KNN,0.5981339130181578,0.6819534428728684
gaussian,0,drift,Z-score,Ridge,0.5852612038286924,0.6927896304057737
gaussian,0,drift,Z-score,RBF-SVR,0.525691013701584,0.7408746305373503
gaussian,0,drift,Z-score,KNN,0.6010717579127997,0.6794561576417724
gaussian,0,drift,Min-Max,Ridge,0.6314787823264507,0.6530482890484567
gaussian,0,drift,Min-Max,RBF-SVR,0.5268471272673625,0.7399711500875756
gaussian,0,drift,Min-Max,KNN,0.5983768697450338,0.6817472669458231
gaussian,0,drift,RobustScaler,Ridge,0.5861042629353381,0.6920851391365042
gaussian,0,drift,RobustScaler,RBF-SVR,0.527138799244044,0.7397430397533711
gaussian,0,drift,RobustScaler,KNN,0.599500106359598,0.6807932635589514
gaussian,0,drift,Winsorized Z-score,Ridge,0.5788406405933237,0.6981315666010733
gaussian,0,drift,Winsorized Z-score,RBF-SVR,0.5366126172889985,0.7322951359153245
gaussian,0,drift,Winsorized Z-score,KNN,0.584542867998197,0.6933893335420237
gaussian,0,drift,Yeo-Johnson,Ridge,0.5841105899022918,0.6937499713432512
gaussian,0,drift,Yeo-Johnson,RBF-SVR,0.5234118900057547,0.7426525025655558
gaussian,0,drift,Yeo-Johnson,KNN,0.6001099149906864,0.6802747718373717
gaussian,0,drift,Quantile-Normal,Ridge,0.5636816157611577,0.710584620103311
gaussian,0,drift,Quantile-Normal,RBF-SVR,0.4846694728599935,0.7722483377999841
gaussian,0,drift,Quantile-Normal,KNN,0.5911458412576059,0.6878571516983414
gaussian,0,drift,Core-Norm ablation — residual channel removed,Ridge,0.5943587429848686,0.6851491245494493
gaussian,0,drift,Core-Norm ablation — residual channel removed,RBF-SVR,0.5476520621118881,0.7235196900863917
gaussian,0,drift,Core-Norm ablation — residual channel removed,KNN,0.5609970542439685,0.712767295557858
gaussian,0,drift,Core-Norm,Ridge,0.5923006301905607,0.6868850550602763
gaussian,0,drift,Core-Norm,RBF-SVR,0.5345635293146374,0.7339124457896044
gaussian,0,drift,Core-Norm,KNN,0.5610676570282535,0.7127099777430458
gaussian,1,drift,No scaling,Ridge,0.7611157931976953,0.562457667756463
gaussian,1,drift,No scaling,RBF-SVR,0.6753684134902498,0.6556793551256742
gaussian,1,drift,No scaling,KNN,0.6328414843573034,0.6973052342216688
gaussian,1,drift,Z-score,Ridge,0.7611024440517455,0.5624733829531836
gaussian,1,drift,Z-score,RBF-SVR,0.6752979923045865,0.6557504683748427
gaussian,1,drift,Z-score,KNN,0.6372119517340656,0.6931426271344368
gaussian,1,drift,Min-Max,Ridge,0.7761855056758207,0.544427716257676
gaussian,1,drift,Min-Max,RBF-SVR,0.6771572022256613,0.6538703937474467
gaussian,1,drift,Min-Max,KNN,0.6068716827124225,0.7215447751291194
gaussian,1,drift,RobustScaler,Ridge,0.7614009742635959,0.5621218352202666
gaussian,1,drift,RobustScaler,RBF-SVR,0.6796262238790897,0.6513652756173964
gaussian,1,drift,RobustScaler,KNN,0.6521884932639153,0.6786847572442591
gaussian,1,drift,Winsorized Z-score,Ridge,0.7587595413768311,0.5652247822335483
gaussian,1,drift,Winsorized Z-score,RBF-SVR,0.686102006243265,0.6447485772471102
gaussian,1,drift,Winsorized Z-score,KNN,0.6336767489425441,0.6965116178802955
gaussian,1,drift,Yeo-Johnson,Ridge,0.7628320798372317,0.560433509813503
gaussian,1,drift,Yeo-Johnson,RBF-SVR,0.6780964938361651,0.6529185026773495
gaussian,1,drift,Yeo-Johnson,KNN,0.6334998697992454,0.6966797528675245
gaussian,1,drift,Quantile-Normal,Ridge,0.7489151544450771,0.576642135255814
gaussian,1,drift,Quantile-Normal,RBF-SVR,0.6502498967757677,0.6805735211722939
gaussian,1,drift,Quantile-Normal,KNN,0.6240079756760474,0.7056436517290625
gaussian,1,drift,Core-Norm ablation — residual channel removed,Ridge,0.7443920482439281,0.5818128415563681
gaussian,1,drift,Core-Norm ablation — residual channel removed,RBF-SVR,0.6787275209863186,0.6522782309691373
gaussian,1,drift,Core-Norm ablation — residual channel removed,KNN,0.615723432899302,0.7133753089442864
gaussian,1,drift,Core-Norm,Ridge,0.7554244074429239,0.569118469192106
gaussian,1,drift,Core-Norm,RBF-SVR,0.691682250409957,0.6389919488520512
gaussian,1,drift,Core-Norm,KNN,0.617172580071377,0.7120289319194214
correlated,0,drift,No scaling,Ridge,-1.033312192451369,1.5339672219371732
correlated,0,drift,No scaling,RBF-SVR,0.385171567835457,0.8435115208225091
correlated,0,drift,No scaling,KNN,0.4279495420974147,0.8136379857700964
correlated,0,drift,Z-score,Ridge,-0.5896826339347265,1.3563421624305017
correlated,0,drift,Z-score,RBF-SVR,0.4434565592706768,0.8025342602466369
correlated,0,drift,Z-score,KNN,0.4232024205961557,0.8170069704065406
correlated,0,drift,Min-Max,Ridge,0.604550450214558,0.6764872098586661
correlated,0,drift,Min-Max,RBF-SVR,0.4322884535698975,0.8105464552530911
correlated,0,drift,Min-Max,KNN,0.4282807258159848,0.8134024272960255
correlated,0,drift,RobustScaler,Ridge,-0.3075913005382709,1.2301273046965222
correlated,0,drift,RobustScaler,RBF-SVR,0.4435790348858627,0.8024459506213468
correlated,0,drift,RobustScaler,KNN,0.4220699490506402,0.8178086237744369
correlated,0,drift,Winsorized Z-score,Ridge,-0.0262566946336877,1.0897880686849175
correlated,0,drift,Winsorized Z-score,RBF-SVR,0.4213287374713893,0.8183328870376242
correlated,0,drift,Winsorized Z-score,KNN,0.4137274766788471,0.823690045702681
correlated,0,drift,Yeo-Johnson,Ridge,-0.5468422970354072,1.3379413209860491
correlated,0,drift,Yeo-Johnson,RBF-SVR,0.4414740821137264,0.8039623531858777
correlated,0,drift,Yeo-Johnson,KNN,0.4270037413894432,0.8143103229347433
correlated,0,drift,Quantile-Normal,Ridge,0.060100781051803,1.0429288746903354
correlated,0,drift,Quantile-Normal,RBF-SVR,0.4033505467519415,0.8309476629555019
correlated,0,drift,Quantile-Normal,KNN,0.4211804341116995,0.8184377425485476
correlated,0,drift,Core-Norm ablation — residual channel removed,Ridge,0.4093883379723148,0.8267325868269043
correlated,0,drift,Core-Norm ablation — residual channel removed,RBF-SVR,0.4228577671520944,0.8172510267489016
correlated,0,drift,Core-Norm ablation — residual channel removed,KNN,0.4268294344817792,0.8144341711441847
correlated,0,drift,Core-Norm,Ridge,0.3724128282046208,0.8522187324656475
correlated,0,drift,Core-Norm,RBF-SVR,0.4550026740089555,0.7941658956072591
correlated,0,drift,Core-Norm,KNN,0.4210868703957936,0.8185038883620654
correlated,1,drift,No scaling,Ridge,0.7413377181288308,0.5379924956153476
correlated,1,drift,No scaling,RBF-SVR,0.6049680271783602,0.6648532397614453
correlated,1,drift,No scaling,KNN,0.6083843816287814,0.6619720722701448
correlated,1,drift,Z-score,Ridge,0.7443476934473571,0.5348531072824954
correlated,1,drift,Z-score,RBF-SVR,0.6031824450233274,0.6663541456091779
correlated,1,drift,Z-score,KNN,0.5979131755764142,0.6707637541333786
correlated,1,drift,Min-Max,Ridge,0.7643371438290028,0.5135174829958147
correlated,1,drift,Min-Max,RBF-SVR,0.6125429996471223,0.658447906935052
correlated,1,drift,Min-Max,KNN,0.602750282708516,0.666716900209291
correlated,1,drift,RobustScaler,Ridge,0.7463454644028144,0.5327592289515174
correlated,1,drift,RobustScaler,RBF-SVR,0.6051664912597592,0.6646862076303833
correlated,1,drift,RobustScaler,KNN,0.5972816447979667,0.6712903092546036
correlated,1,drift,Winsorized Z-score,Ridge,0.7135817453731854,0.566121974203142
correlated,1,drift,Winsorized Z-score,RBF-SVR,0.6054399303531597,0.6644560059523262
correlated,1,drift,Winsorized Z-score,KNN,0.5996415449642885,0.6693205632660784
correlated,1,drift,Yeo-Johnson,Ridge,0.7491711094427732,0.5297835195038286
correlated,1,drift,Yeo-Johnson,RBF-SVR,0.6060350315726941,0.6639547289333545
correlated,1,drift,Yeo-Johnson,KNN,0.5962692380356398,0.6721335688762066
correlated,1,drift,Quantile-Normal,Ridge,0.7338786570373778,0.5456944273066272
correlated,1,drift,Quantile-Normal,RBF-SVR,0.5852028415069772,0.6812829995330398
correlated,1,drift,Quantile-Normal,KNN,0.5970546535311955,0.6714794682164552
correlated,1,drift,Core-Norm ablation — residual channel removed,Ridge,0.6910125697820331,0.5880037174396755
correlated,1,drift,Core-Norm ablation — residual channel removed,RBF-SVR,0.580898718355842,0.6848085279715482
correlated,1,drift,Core-Norm ablation — residual channel removed,KNN,0.5952498041074886,0.6729816139577746
correlated,1,drift,Core-Norm,Ridge,0.7356085866069008,0.543917884193189
correlated,1,drift,Core-Norm,RBF-SVR,0.6065102532674436,0.663554159180644
correlated,1,drift,Core-Norm,KNN,0.5869204929178613,0.6798709591706995
lognormal,0,drift,No scaling,Ridge,0.4820236530753596,0.7742282457782785
lognormal,0,drift,No scaling,RBF-SVR,0.4547156573339965,0.794374987323309
lognormal,0,drift,No scaling,KNN,0.4917029483502748,0.7669602263238448
lognormal,0,drift,Z-score,Ridge,0.4822203736929534,0.7740812109538733
lognormal,0,drift,Z-score,RBF-SVR,0.4556205070312464,0.7937156172022513
lognormal,0,drift,Z-score,KNN,0.4949764212953328,0.764486595241006
lognormal,0,drift,Min-Max,Ridge,0.4975114088529639,0.7625654947865663
lognormal,0,drift,Min-Max,RBF-SVR,0.4698078628671382,0.7833046209727975
lognormal,0,drift,Min-Max,KNN,0.4843152456095797,0.7725137057519347
lognormal,0,drift,RobustScaler,Ridge,0.482114277734208,0.7741605136894544
lognormal,0,drift,RobustScaler,RBF-SVR,0.4503608550069418,0.7975407362507255
lognormal,0,drift,RobustScaler,KNN,0.5027179940091757,0.7586045086944523
lognormal,0,drift,Winsorized Z-score,Ridge,0.5429574688257529,0.7272644438881503
lognormal,0,drift,Winsorized Z-score,RBF-SVR,0.4187997763076617,0.8201191135515381
lognormal,0,drift,Winsorized Z-score,KNN,0.487151774062463,0.770386166920393
lognormal,0,drift,Yeo-Johnson,Ridge,0.4787229501365989,0.7766911374518989
lognormal,0,drift,Yeo-Johnson,RBF-SVR,0.4087224571576335,0.8271985023560208
lognormal,0,drift,Yeo-Johnson,KNN,0.4280720187373132,0.8135508807082374
lognormal,0,drift,Quantile-Normal,Ridge,0.2229478835127996,0.9482855243225023
lognormal,0,drift,Quantile-Normal,RBF-SVR,0.3724286082302035,0.8522080183222266
lognormal,0,drift,Quantile-Normal,KNN,0.4233816026914285,0.8168800589933799
lognormal,0,drift,Core-Norm ablation — residual channel removed,Ridge,0.4764716090933057,0.7783665542966938
lognormal,0,drift,Core-Norm ablation — residual channel removed,RBF-SVR,0.4203013126191535,0.8190590356593248
lognormal,0,drift,Core-Norm ablation — residual channel removed,KNN,0.4629907782127678,0.7883243094645607
lognormal,0,drift,Core-Norm,Ridge,0.4848465632975561,0.7721156369993561
lognormal,0,drift,Core-Norm,RBF-SVR,0.4105759861710787,0.8259009392048856
lognormal,0,drift,Core-Norm,KNN,0.4930473984011482,0.765945246541327
lognormal,1,drift,No scaling,Ridge,0.7097612078697633,0.557292827031704
lognormal,1,drift,No scaling,RBF-SVR,0.5636834491570482,0.6832923649231547
lognormal,1,drift,No scaling,KNN,0.6190829236945756,0.6384412590533872
lognormal,1,drift,Z-score,Ridge,0.7099174897942983,0.5571427669340892
lognormal,1,drift,Z-score,RBF-SVR,0.5554253469944413,0.6897283438320061
lognormal,1,drift,Z-score,KNN,0.609792060419378,0.6461803915202071
lognormal,1,drift,Min-Max,Ridge,0.6963084778305522,0.5700619557239062
lognormal,1,drift,Min-Max,RBF-SVR,0.5615931106803125,0.684927193681537
lognormal,1,drift,Min-Max,KNN,0.5636502908462059,0.683318328171796
lognormal,1,drift,RobustScaler,Ridge,0.7098256890566295,0.55723091783832
lognormal,1,drift,RobustScaler,RBF-SVR,0.5582322707694536,0.6875475172521383
lognormal,1,drift,RobustScaler,KNN,0.6282653580279046,0.6306991442028854
lognormal,1,drift,Winsorized Z-score,Ridge,0.6226691304515235,0.6354287965905463
lognormal,1,drift,Winsorized Z-score,RBF-SVR,0.5276121099530171,0.7109762641117593
lognormal,1,drift,Winsorized Z-score,KNN,0.5904327729705465,0.6620157519311964
lognormal,1,drift,Yeo-Johnson,Ridge,-5.620531660276007,2.6616574237777604
lognormal,1,drift,Yeo-Johnson,RBF-SVR,0.1880737430502571,0.9321032396001988
lognormal,1,drift,Yeo-Johnson,KNN,0.3148179394584646,0.8562660323365854
lognormal,1,drift,Quantile-Normal,Ridge,-0.540637421896407,1.283973160461149
lognormal,1,drift,Quantile-Normal,RBF-SVR,0.2727075265088853,0.8821862223660424
lognormal,1,drift,Quantile-Normal,KNN,0.3522263072457027,0.8325635196352074
lognormal,1,drift,Core-Norm ablation — residual channel removed,Ridge,0.4486905415492054,0.7680746753559977
lognormal,1,drift,Core-Norm ablation — residual channel removed,RBF-SVR,0.3592724364661954,0.8280230525659323
lognormal,1,drift,Core-Norm ablation — residual channel removed,KNN,0.4140037355065757,0.7918686470721352
lognormal,1,drift,Core-Norm,Ridge,0.418495977234158,0.7888275789434378
lognormal,1,drift,Core-Norm,RBF-SVR,0.4524973762532034,0.7654182740522069
lognormal,1,drift,Core-Norm,KNN,0.4895090924131254,0.7390940905125382
student_t,0,drift,No scaling,Ridge,0.3146320560911917,0.7929095035719758
student_t,0,drift,No scaling,RBF-SVR,-0.2913350316800005,1.0883816118090928
student_t,0,drift,No scaling,KNN,0.3197314044858917,0.7899542509668359
student_t,0,drift,Z-score,Ridge,0.3154781067586155,0.7924199499108951
student_t,0,drift,Z-score,RBF-SVR,-0.1851040944233339,1.0426534357066504
student_t,0,drift,Z-score,KNN,0.4539092557653236,0.7077732378773903
student_t,0,drift,Min-Max,Ridge,0.4183953778707827,0.7304250416594987
student_t,0,drift,Min-Max,RBF-SVR,0.1557803156683681,0.8800137672333143
student_t,0,drift,Min-Max,KNN,0.3983588319868441,0.7429002460853514
student_t,0,drift,RobustScaler,Ridge,0.3148893120087521,0.7927606785440815
student_t,0,drift,RobustScaler,RBF-SVR,-0.2923401720200429,1.0888051128521865
student_t,0,drift,RobustScaler,KNN,0.3040429238681279,0.7990113651859232
student_t,0,drift,Winsorized Z-score,Ridge,-0.18381931788369,1.042088109868757
student_t,0,drift,Winsorized Z-score,RBF-SVR,-0.2191335337226849,1.0575170253314778
student_t,0,drift,Winsorized Z-score,KNN,0.2866778436399768,0.8089181616956193
student_t,0,drift,Yeo-Johnson,Ridge,0.1879785200715852,0.8630689410948021
student_t,0,drift,Yeo-Johnson,RBF-SVR,-0.3013767972851666,1.0926051896353015
student_t,0,drift,Yeo-Johnson,KNN,0.399679741671589,0.7420842752126035
student_t,0,drift,Quantile-Normal,Ridge,-0.2064604612193963,1.0520061437550003
student_t,0,drift,Quantile-Normal,RBF-SVR,-0.0905563942631195,1.0001975665745413
student_t,0,drift,Quantile-Normal,KNN,0.2212021758181104,0.8452284253354425
student_t,0,drift,Core-Norm ablation — residual channel removed,Ridge,-0.3468316914818798,1.111522844226125
student_t,0,drift,Core-Norm ablation — residual channel removed,RBF-SVR,-0.4564179379373365,1.1558586807237785
student_t,0,drift,Core-Norm ablation — residual channel removed,KNN,0.0906533299619213,0.9133273642040388
student_t,0,drift,Core-Norm,Ridge,-0.3311047188201146,1.105014153949144
student_t,0,drift,Core-Norm,RBF-SVR,-0.1576272381778998,1.0304954956413543
student_t,0,drift,Core-Norm,KNN,0.1681311958933693,0.8735527765052982
student_t,1,drift,No scaling,Ridge,-1.1683834699015496,1.331042504631804
student_t,1,drift,No scaling,RBF-SVR,0.2022413046028176,0.8073459175058137
student_t,1,drift,No scaling,KNN,0.0296695392466439,0.8903970505789565
student_t,1,drift,Z-score,Ridge,-1.163288922374932,1.3294779642610142
student_t,1,drift,Z-score,RBF-SVR,0.0453678873883142,0.883165102423967
student_t,1,drift,Z-score,KNN,-0.0289197055466694,0.916884482262629
student_t,1,drift,Min-Max,Ridge,-0.4491759123876897,1.0881391439922574
student_t,1,drift,Min-Max,RBF-SVR,0.0591342541315055,0.8767740933813605
student_t,1,drift,Min-Max,KNN,-0.1902527472617252,0.9861511295468556
student_t,1,drift,RobustScaler,Ridge,-1.165329339979405,1.3301047993691255
student_t,1,drift,RobustScaler,RBF-SVR,0.2245774073244242,0.795963412793859
student_t,1,drift,RobustScaler,KNN,0.0936829990956291,0.8605258947596428
student_t,1,drift,Winsorized Z-score,Ridge,0.3042970239824305,0.7539383083380473
student_t,1,drift,Winsorized Z-score,RBF-SVR,0.1080598389883559,0.8536733814251674
student_t,1,drift,Winsorized Z-score,KNN,0.10044095014699,0.857311636895142
student_t,1,drift,Yeo-Johnson,Ridge,-0.2490482679348384,1.0102142514384285
student_t,1,drift,Yeo-Johnson,RBF-SVR,0.0317181026919695,0.889456650031162
student_t,1,drift,Yeo-Johnson,KNN,0.0164684261399122,0.8964334082575093
student_t,1,drift,Quantile-Normal,Ridge,0.3824166967900307,0.7103488034377201
student_t,1,drift,Quantile-Normal,RBF-SVR,0.1703547750584538,0.8233226992220285
student_t,1,drift,Quantile-Normal,KNN,0.2372858015397623,0.789413948385847
student_t,1,drift,Core-Norm ablation — residual channel removed,Ridge,0.2875293695841414,0.762969827213878
student_t,1,drift,Core-Norm ablation — residual channel removed,RBF-SVR,0.1325214563234755,0.84188592928408
student_t,1,drift,Core-Norm ablation — residual channel removed,KNN,0.2122590838614624,0.8022608182130243
student_t,1,drift,Core-Norm,Ridge,0.2305415399003193,0.792896443295521
student_t,1,drift,Core-Norm,RBF-SVR,0.2725634763731775,0.7709415124910629
student_t,1,drift,Core-Norm,KNN,0.2314196704897889,0.7924438747547098
laplace,0,drift,No scaling,Ridge,0.6817863950770178,0.6135858416556618
laplace,0,drift,No scaling,RBF-SVR,0.5937422970513564,0.6932929155223642
laplace,0,drift,No scaling,KNN,0.5057345167190876,0.7647088203026072
laplace,0,drift,Z-score,Ridge,0.6820389249383318,0.6133423267672454
laplace,0,drift,Z-score,RBF-SVR,0.5979748954075452,0.689671921256137
laplace,0,drift,Z-score,KNN,0.4957145407701619,0.7724211927202352
laplace,0,drift,Min-Max,Ridge,0.7058316885395552,0.5899482291636089
laplace,0,drift,Min-Max,RBF-SVR,0.6041592782638681,0.684346724516707
laplace,0,drift,Min-Max,KNN,0.4863647568335276,0.7795489046928775
laplace,0,drift,RobustScaler,Ridge,0.681997352238169,0.6133824220261324
laplace,0,drift,RobustScaler,RBF-SVR,0.5917595459689394,0.6949826731851408
laplace,0,drift,RobustScaler,KNN,0.5110717586614953,0.7605688244958574
laplace,0,drift,Winsorized Z-score,Ridge,0.6681949282695288,0.6265525012458094
laplace,0,drift,Winsorized Z-score,RBF-SVR,0.5824492977886959,0.7028628144893727
laplace,0,drift,Winsorized Z-score,KNN,0.4871692905917949,0.7789381413111225
laplace,0,drift,Yeo-Johnson,Ridge,0.6881744472341202,0.607395833467409
laplace,0,drift,Yeo-Johnson,RBF-SVR,0.5970047264904097,0.6905035796176826
laplace,0,drift,Yeo-Johnson,KNN,0.4979756161416443,0.7706875866722157
laplace,0,drift,Quantile-Normal,Ridge,0.6777866376668542,0.6174300058026336
laplace,0,drift,Quantile-Normal,RBF-SVR,0.6158377657529552,0.6741760066712649
laplace,0,drift,Quantile-Normal,KNN,0.5045225604180854,0.765645792706462
laplace,0,drift,Core-Norm ablation — residual channel removed,Ridge,0.59615387794276,0.6912321293391701
laplace,0,drift,Core-Norm ablation — residual channel removed,RBF-SVR,0.5401685773550662,0.7375904428194329
laplace,0,drift,Core-Norm ablation — residual channel removed,KNN,0.4901563091126495,0.7766663384279627
laplace,0,drift,Core-Norm,Ridge,0.6543702084205012,0.6394720141457598
laplace,0,drift,Core-Norm,RBF-SVR,0.6106865744610064,0.6786809332799928
laplace,0,drift,Core-Norm,KNN,0.4997461440475227,0.7693273647967479
laplace,1,drift,No scaling,Ridge,0.7479775099568656,0.5952360286880887
laplace,1,drift,No scaling,RBF-SVR,0.5451485722369136,0.7996581033530242
laplace,1,drift,No scaling,KNN,0.5440477996384867,0.800625133196435
laplace,1,drift,Z-score,Ridge,0.7482041558352523,0.5949683181811579
laplace,1,drift,Z-score,RBF-SVR,0.5421519373316048,0.8022879176294091
laplace,1,drift,Z-score,KNN,0.5623476879186247,0.7843938410126355
laplace,1,drift,Min-Max,Ridge,0.7691540594814503,0.5696796189698916
laplace,1,drift,Min-Max,RBF-SVR,0.6167066000677203,0.7340662074831347
laplace,1,drift,Min-Max,KNN,0.5326226667823581,0.8105939994960548
laplace,1,drift,RobustScaler,Ridge,0.7481833109741838,0.5949929448292061
laplace,1,drift,RobustScaler,RBF-SVR,0.5504555880845763,0.7949793781385763
laplace,1,drift,RobustScaler,KNN,0.5792793000117058,0.7690711172694924
laplace,1,drift,Winsorized Z-score,Ridge,0.7202102986692633,0.6271702131011154
laplace,1,drift,Winsorized Z-score,RBF-SVR,0.5777637881496054,0.7704550385611807
laplace,1,drift,Winsorized Z-score,KNN,0.5520725017757313,0.7935484061057043
laplace,1,drift,Yeo-Johnson,Ridge,0.7434945515814368,0.600506701774965
laplace,1,drift,Yeo-Johnson,RBF-SVR,0.5494499169443972,0.7958681014375599
laplace,1,drift,Yeo-Johnson,KNN,0.5597532915547108,0.7867153431210069
laplace,1,drift,Quantile-Normal,Ridge,0.7197969641936399,0.6276333026998363
laplace,1,drift,Quantile-Normal,RBF-SVR,0.5808410167043708,0.7676423928564375
laplace,1,drift,Quantile-Normal,KNN,0.5303738193426442,0.8125417990439044
laplace,1,drift,Core-Norm ablation — residual channel removed,Ridge,0.6422450177270997,0.70918967923287
laplace,1,drift,Core-Norm ablation — residual channel removed,RBF-SVR,0.5078931762007632,0.8317623442815605
laplace,1,drift,Core-Norm ablation — residual channel removed,KNN,0.4851630102446633,0.8507548479412194
laplace,1,drift,Core-Norm,Ridge,0.7202159264158765,0.6271639055551718
laplace,1,drift,Core-Norm,RBF-SVR,0.6009489340568133,0.7490034170460909
laplace,1,drift,Core-Norm,KNN,0.5133433418575069,0.8271435664679744
bimodal,0,drift,No scaling,Ridge,0.3335508845280082,0.8782083158336479
bimodal,0,drift,No scaling,RBF-SVR,0.0849749310706606,1.029035940854525
bimodal,0,drift,No scaling,KNN,0.3709253899396894,0.853228052448086
bimodal,0,drift,Z-score,Ridge,0.3393884445371704,0.8743536559091473
bimodal,0,drift,Z-score,RBF-SVR,0.0863791770664825,1.0282460311158033
bimodal,0,drift,Z-score,KNN,0.3698472247645434,0.8539589092768164
bimodal,0,drift,Min-Max,Ridge,0.4271255373837093,0.814223773498425
bimodal,0,drift,Min-Max,RBF-SVR,0.0756442391235259,1.0342692750569489
bimodal,0,drift,Min-Max,KNN,0.3516553698553337,0.8661976602923684
bimodal,0,drift,RobustScaler,Ridge,0.3542259292813809,0.8644788028641092
bimodal,0,drift,RobustScaler,RBF-SVR,0.0966977453772285,1.0224229616185827
bimodal,0,drift,RobustScaler,KNN,0.3822454268934858,0.8455163921661649
bimodal,0,drift,Winsorized Z-score,Ridge,0.3787381025955985,0.8479132201606552
bimodal,0,drift,Winsorized Z-score,RBF-SVR,0.0323261687856941,1.0582262870886066
bimodal,0,drift,Winsorized Z-score,KNN,0.3283605635769627,0.8816214365793589
bimodal,0,drift,Yeo-Johnson,Ridge,0.327863954090503,0.8819473113298859
bimodal,0,drift,Yeo-Johnson,RBF-SVR,0.0897537832838901,1.026345277829327
bimodal,0,drift,Yeo-Johnson,KNN,0.3557157468337864,0.8634810395406478
bimodal,0,drift,Quantile-Normal,Ridge,-0.146721056302207,1.151974699238058
bimodal,0,drift,Quantile-Normal,RBF-SVR,0.1819858608240976,0.9729588044591768
bimodal,0,drift,Quantile-Normal,KNN,0.2964947465854874,0.9022932732725945
bimodal,0,drift,Core-Norm ablation — residual channel removed,Ridge,0.3381843473058435,0.8751501357060308
bimodal,0,drift,Core-Norm ablation — residual channel removed,RBF-SVR,0.012616496538449,1.0689489886906052
bimodal,0,drift,Core-Norm ablation — residual channel removed,KNN,0.2987165772720024,0.9008673221252584
bimodal,0,drift,Core-Norm,Ridge,0.5230939683296909,0.7429001650243222
bimodal,0,drift,Core-Norm,RBF-SVR,-0.0160925579871276,1.084377961323127
bimodal,0,drift,Core-Norm,KNN,0.3047911230612039,0.8969571613572298
bimodal,1,drift,No scaling,Ridge,0.5091584956054395,0.5743807419460453
bimodal,1,drift,No scaling,RBF-SVR,0.3781220203519743,0.6465197860045133
bimodal,1,drift,No scaling,KNN,0.4428024092533954,0.6119752324971087
bimodal,1,drift,Z-score,Ridge,0.510418278942085,0.5736431717029561
bimodal,1,drift,Z-score,RBF-SVR,0.3728189476079676,0.6492705372242448
bimodal,1,drift,Z-score,KNN,0.4429180431065923,0.6119117283406159
bimodal,1,drift,Min-Max,Ridge,0.5319138271346899,0.5609086496465161
bimodal,1,drift,Min-Max,RBF-SVR,0.3542715199479878,0.658800927294554
bimodal,1,drift,Min-Max,KNN,0.4476961255565235,0.6092818989640589
bimodal,1,drift,RobustScaler,Ridge,0.5137490373767395,0.5716885157699738
bimodal,1,drift,RobustScaler,RBF-SVR,0.3719768740658024,0.649706256819555
bimodal,1,drift,RobustScaler,KNN,0.4446932822100193,0.6109359684823308
bimodal,1,drift,Winsorized Z-score,Ridge,0.5244329682037985,0.565373047602428
bimodal,1,drift,Winsorized Z-score,RBF-SVR,0.3993205582748924,0.6354049814068594
bimodal,1,drift,Winsorized Z-score,KNN,0.4622176920013157,0.6012187085354606
bimodal,1,drift,Yeo-Johnson,Ridge,0.5139114070892767,0.5715930582208307
bimodal,1,drift,Yeo-Johnson,RBF-SVR,0.3784269981323251,0.6463612353274321
bimodal,1,drift,Yeo-Johnson,KNN,0.4468488135061096,0.6097490820401682
bimodal,1,drift,Quantile-Normal,Ridge,0.0792405864838405,0.7866876182838765
bimodal,1,drift,Quantile-Normal,RBF-SVR,0.3014718819532878,0.6852060317330648
bimodal,1,drift,Quantile-Normal,KNN,0.3717254864868804,0.6498362773037029
bimodal,1,drift,Core-Norm ablation — residual channel removed,Ridge,0.5257856747306546,0.5645683992831593
bimodal,1,drift,Core-Norm ablation — residual channel removed,RBF-SVR,0.4275014994790868,0.6203208914619996
bimodal,1,drift,Core-Norm ablation — residual channel removed,KNN,0.4600458091533836,0.602431523518927
bimodal,1,drift,Core-Norm,Ridge,0.5006166774480942,0.5793569862000897
bimodal,1,drift,Core-Norm,RBF-SVR,0.4031806148239518,0.6333600868637737
bimodal,1,drift,Core-Norm,KNN,0.4638381351198812,0.6003122304804417
zero_inflated,0,drift,No scaling,Ridge,0.2494277302685233,0.93198796619178
zero_inflated,0,drift,No scaling,RBF-SVR,0.0560290877158153,1.045185445074065
zero_inflated,0,drift,No scaling,KNN,0.1728313923378096,0.9783878913325108
zero_inflated,0,drift,Z-score,Ridge,0.2486670458102651,0.932460118745019
zero_inflated,0,drift,Z-score,RBF-SVR,0.0470706494106449,1.0501332243702697
zero_inflated,0,drift,Z-score,KNN,0.1723581101743951,0.97866775405701
zero_inflated,0,drift,Min-Max,Ridge,0.2708721569450163,0.9185776802439806
zero_inflated,0,drift,Min-Max,RBF-SVR,0.0733342238497183,1.035560816211662
zero_inflated,0,drift,Min-Max,KNN,0.1798113346577232,0.9742511538738168
zero_inflated,0,drift,RobustScaler,Ridge,0.2494277302685233,0.93198796619178
zero_inflated,0,drift,RobustScaler,RBF-SVR,0.0560290877158153,1.045185445074065
zero_inflated,0,drift,RobustScaler,KNN,0.1728313923378096,0.9783878913325108
zero_inflated,0,drift,Winsorized Z-score,Ridge,0.2501859514167807,0.9315171044452408
zero_inflated,0,drift,Winsorized Z-score,RBF-SVR,0.0525267522682918,1.0471225815238063
zero_inflated,0,drift,Winsorized Z-score,KNN,0.1656318903979496,0.9826365080167409
zero_inflated,0,drift,Yeo-Johnson,Ridge,0.2479114588280657,0.932928870765182
zero_inflated,0,drift,Yeo-Johnson,RBF-SVR,0.0539020739352771,1.0463623208150323
zero_inflated,0,drift,Yeo-Johnson,KNN,0.1736976748554808,0.977875430907992
zero_inflated,0,drift,Quantile-Normal,Ridge,0.1623038964364761,0.9845942493863116
zero_inflated,0,drift,Quantile-Normal,RBF-SVR,0.0075644795498709,1.0716801758292755
zero_inflated,0,drift,Quantile-Normal,KNN,0.1649575241994706,0.9830335288263242
zero_inflated,0,drift,Core-Norm ablation — residual channel removed,Ridge,0.2430022179196813,0.9359687541723244
zero_inflated,0,drift,Core-Norm ablation — residual channel removed,RBF-SVR,0.0195059539988876,1.065213170761084
zero_inflated,0,drift,Core-Norm ablation — residual channel removed,KNN,0.1555432010656273,0.9885593896907238
zero_inflated,0,drift,Core-Norm,Ridge,0.241166003308143,0.9371032347474127
zero_inflated,0,drift,Core-Norm,RBF-SVR,0.039364533381863,1.054370765093401
zero_inflated,0,drift,Core-Norm,KNN,0.1420801099612342,0.9964084812927086
zero_inflated,1,drift,No scaling,Ridge,0.7674692972895207,0.5748143990050082
zero_inflated,1,drift,No scaling,RBF-SVR,0.5789908053477948,0.7734518399756035
zero_inflated,1,drift,No scaling,KNN,0.5752665221668218,0.776865318031903
zero_inflated,1,drift,Z-score,Ridge,0.7665677803996787,0.5759275930627806
zero_inflated,1,drift,Z-score,RBF-SVR,0.5828966053581675,0.7698557339491158
zero_inflated,1,drift,Z-score,KNN,0.5682042379313688,0.7832973808225557
zero_inflated,1,drift,Min-Max,Ridge,0.7896921932736749,0.5466573398754576
zero_inflated,1,drift,Min-Max,RBF-SVR,0.6285597715250255,0.7264938721884795
zero_inflated,1,drift,Min-Max,KNN,0.5512480156836121,0.798528971736175
zero_inflated,1,drift,RobustScaler,Ridge,0.7674692972895207,0.5748143990050082
zero_inflated,1,drift,RobustScaler,RBF-SVR,0.5789908053477948,0.7734518399756035
zero_inflated,1,drift,RobustScaler,KNN,0.5752665221668218,0.776865318031903
zero_inflated,1,drift,Winsorized Z-score,Ridge,0.7373419424536052,0.6109179006186204
zero_inflated,1,drift,Winsorized Z-score,RBF-SVR,0.6276804098457037,0.727353328380203
zero_inflated,1,drift,Winsorized Z-score,KNN,0.5876887601244706,0.7654204718479491
zero_inflated,1,drift,Yeo-Johnson,Ridge,0.7588617857140857,0.5853565829524291
zero_inflated,1,drift,Yeo-Johnson,RBF-SVR,0.5798242719960883,0.7726858642123198
zero_inflated,1,drift,Yeo-Johnson,KNN,0.5723682666319443,0.7795113612443276
zero_inflated,1,drift,Quantile-Normal,Ridge,0.5998836228938766,0.7540161543472229
zero_inflated,1,drift,Quantile-Normal,RBF-SVR,0.4251439502672769,0.9037889759379631
zero_inflated,1,drift,Quantile-Normal,KNN,0.4606109770306222,0.8754644967116489
zero_inflated,1,drift,Core-Norm ablation — residual channel removed,Ridge,0.7196824179853079,0.6311210356877122
zero_inflated,1,drift,Core-Norm ablation — residual channel removed,RBF-SVR,0.6082847598464027,0.7460582219593951
zero_inflated,1,drift,Core-Norm ablation — residual channel removed,KNN,0.5603414317059057,0.7903969527738353
zero_inflated,1,drift,Core-Norm,Ridge,0.7590239993502438,0.5851596651928139
zero_inflated,1,drift,Core-Norm,RBF-SVR,0.6219578727125417,0.7329217092311044
zero_inflated,1,drift,Core-Norm,KNN,0.555953970491067,0.7943309455667037
bounded_beta,0,drift,No scaling,Ridge,0.5925306185991137,0.7334389246962812
bounded_beta,0,drift,No scaling,RBF-SVR,0.5814189187507185,0.7433721092136972
bounded_beta,0,drift,No scaling,KNN,0.6052411367143413,0.7219089228766679
bounded_beta,0,drift,Z-score,Ridge,0.5740044112904492,0.7499270446330984
bounded_beta,0,drift,Z-score,RBF-SVR,0.5819156424978821,0.7429309041435002
bounded_beta,0,drift,Z-score,KNN,0.611584880066949,0.7160849209830944
bounded_beta,0,drift,Min-Max,Ridge,0.5910572542515568,0.7347637453097674
bounded_beta,0,drift,Min-Max,RBF-SVR,0.578848703171009,0.7456508822814892
bounded_beta,0,drift,Min-Max,KNN,0.5936343202011582,0.7324449277690013
bounded_beta,0,drift,RobustScaler,Ridge,0.5748837792270041,0.7491526205627038
bounded_beta,0,drift,RobustScaler,RBF-SVR,0.5812892308209128,0.7434872588562115
bounded_beta,0,drift,RobustScaler,KNN,0.6078354119839139,0.7195328931558909
bounded_beta,0,drift,Winsorized Z-score,Ridge,0.5506429986124046,0.7702154416040543
bounded_beta,0,drift,Winsorized Z-score,RBF-SVR,0.5373005303868096,0.7815665533346281
bounded_beta,0,drift,Winsorized Z-score,KNN,0.5871597706354086,0.7382568243798192
bounded_beta,0,drift,Yeo-Johnson,Ridge,0.5903168635052081,0.7354285893161208
bounded_beta,0,drift,Yeo-Johnson,RBF-SVR,0.5117538379053238,0.8028527216983496
bounded_beta,0,drift,Yeo-Johnson,KNN,0.5308123098096816,0.7870272498502794
bounded_beta,0,drift,Quantile-Normal,Ridge,0.0535665374218248,1.117793316135254
bounded_beta,0,drift,Quantile-Normal,RBF-SVR,0.3834028045512778,0.9022299453988316
bounded_beta,0,drift,Quantile-Normal,KNN,0.5317459177584718,0.786243831192041
bounded_beta,0,drift,Core-Norm ablation — residual channel removed,Ridge,0.5763282520422259,0.747878790806279
bounded_beta,0,drift,Core-Norm ablation — residual channel removed,RBF-SVR,0.5124480630083414,0.8022817404782544
bounded_beta,0,drift,Core-Norm ablation — residual channel removed,KNN,0.5621622609475943,0.7602791161251693
bounded_beta,0,drift,Core-Norm,Ridge,0.6180176046356016,0.710130455639883
bounded_beta,0,drift,Core-Norm,RBF-SVR,0.5673433611192376,0.7557673934789336
bounded_beta,0,drift,Core-Norm,KNN,0.575201372430203,0.7488727321198985
bounded_beta,1,drift,No scaling,Ridge,0.7343591377131068,0.5746572713851984
bounded_beta,1,drift,No scaling,RBF-SVR,0.5839576905153092,0.7191677683987077
bounded_beta,1,drift,No scaling,KNN,0.6169656960618491,0.6900495880498594
bounded_beta,1,drift,Z-score,Ridge,0.725668984311549,0.5839812743240117
bounded_beta,1,drift,Z-score,RBF-SVR,0.5811093584423705,0.721625372478617
bounded_beta,1,drift,Z-score,KNN,0.6126566749314546,0.6939201583397641
bounded_beta,1,drift,Min-Max,Ridge,0.733683397769295,0.5753877166754244
bounded_beta,1,drift,Min-Max,RBF-SVR,0.5837808041712877,0.7193206343883848
bounded_beta,1,drift,Min-Max,KNN,0.6176347532097525,0.6894466598141623
bounded_beta,1,drift,RobustScaler,Ridge,0.7263650048055128,0.583239978126581
bounded_beta,1,drift,RobustScaler,RBF-SVR,0.5865483402869291,0.7169251825054506
bounded_beta,1,drift,RobustScaler,KNN,0.5986083276567671,0.7063917927203395
bounded_beta,1,drift,Winsorized Z-score,Ridge,0.7100928637483523,0.6003312053864246
bounded_beta,1,drift,Winsorized Z-score,RBF-SVR,0.6098668786816727,0.6964146154009564
bounded_beta,1,drift,Winsorized Z-score,KNN,0.5935397068371648,0.7108378240133352
bounded_beta,1,drift,Yeo-Johnson,Ridge,0.5041318236873006,0.7851354454496612
bounded_beta,1,drift,Yeo-Johnson,RBF-SVR,0.4385252836399739,0.8354617434383791
bounded_beta,1,drift,Yeo-Johnson,KNN,0.5502594462181278,0.7477260148952566
bounded_beta,1,drift,Quantile-Normal,Ridge,-0.4130613114269719,1.3253847482481729
bounded_beta,1,drift,Quantile-Normal,RBF-SVR,0.1735621125481404,1.0135999376801867
bounded_beta,1,drift,Quantile-Normal,KNN,0.5055470872700644,0.7840142123844037
bounded_beta,1,drift,Core-Norm ablation — residual channel removed,Ridge,0.6870072022791156,0.623775966496821
bounded_beta,1,drift,Core-Norm ablation — residual channel removed,RBF-SVR,0.5483042878544813,0.7493495480061638
bounded_beta,1,drift,Core-Norm ablation — residual channel removed,KNN,0.5844114551859225,0.7187754742173186
bounded_beta,1,drift,Core-Norm,Ridge,0.7062976767075738,0.6042479097037887
bounded_beta,1,drift,Core-Norm,RBF-SVR,0.549611842488593,0.7482641651248528
bounded_beta,1,drift,Core-Norm,KNN,0.5899111862097994,0.7140036422907539
mixed,0,drift,No scaling,Ridge,0.5959144632047484,0.7109727224062071
mixed,0,drift,No scaling,RBF-SVR,0.5861739764321137,0.7194906996382099
mixed,0,drift,No scaling,KNN,0.5569984175829608,0.7444215284231803
mixed,0,drift,Z-score,Ridge,0.5960456473250727,0.7108573063696751
mixed,0,drift,Z-score,RBF-SVR,0.5445119001255325,0.7548398211201948
mixed,0,drift,Z-score,KNN,0.5243071692205173,0.7713999184290385
mixed,0,drift,Min-Max,Ridge,0.6031532230668594,0.7045757867265166
mixed,0,drift,Min-Max,RBF-SVR,0.6132528885689869,0.6955523541654078
mixed,0,drift,Min-Max,KNN,0.4555957842004922,0.825233833857313
mixed,0,drift,RobustScaler,Ridge,0.5962218233884629,0.7107022768486742
mixed,0,drift,RobustScaler,RBF-SVR,0.3456201641986824,0.9047555164067748
mixed,0,drift,RobustScaler,KNN,0.0338325254787307,1.0993664825665854
mixed,0,drift,Winsorized Z-score,Ridge,0.6560503514814688,0.6559394034239041
mixed,0,drift,Winsorized Z-score,RBF-SVR,0.5283714583102304,0.7680974535280011
mixed,0,drift,Winsorized Z-score,KNN,0.5260983567001499,0.7699462229614623
mixed,0,drift,Yeo-Johnson,Ridge,0.7123875652649816,0.5998188568440606
mixed,0,drift,Yeo-Johnson,RBF-SVR,0.5640994498726817,0.7384311251527126
mixed,0,drift,Yeo-Johnson,KNN,0.5568100034410827,0.7445798175113841
mixed,0,drift,Quantile-Normal,Ridge,0.6430236867106812,0.6682454117552187
mixed,0,drift,Quantile-Normal,RBF-SVR,0.5079119363266505,0.78458084491212
mixed,0,drift,Quantile-Normal,KNN,0.5193063664220836,0.7754440547863605
mixed,0,drift,Core-Norm ablation — residual channel removed,Ridge,0.673728370760668,0.6388603591981493
mixed,0,drift,Core-Norm ablation — residual channel removed,RBF-SVR,0.538734358104661,0.759612038423535
mixed,0,drift,Core-Norm ablation — residual channel removed,KNN,0.5273669645442842,0.7689149811511604
mixed,0,drift,Core-Norm,Ridge,0.6951138988069252,0.6175684471128331
mixed,0,drift,Core-Norm,RBF-SVR,0.5457770756129393,0.7537907608670436
mixed,0,drift,Core-Norm,KNN,0.522723059525414,0.7726832743754953
mixed,1,drift,No scaling,Ridge,0.625854514701006,0.6214627032881421
mixed,1,drift,No scaling,RBF-SVR,0.4652468140470499,0.7429703894940397
mixed,1,drift,No scaling,KNN,0.545426880207129,0.685009651918973
mixed,1,drift,Z-score,Ridge,0.6261804482992134,0.6211919533848909
mixed,1,drift,Z-score,RBF-SVR,0.4517117052977512,0.7523142748419591
mixed,1,drift,Z-score,KNN,0.4979468457138267,0.7198958422184599
mixed,1,drift,Min-Max,Ridge,0.5832255635091004,0.6559116606822623
mixed,1,drift,Min-Max,RBF-SVR,0.598901981397898,0.643457805667109
mixed,1,drift,Min-Max,KNN,0.3630073685207626,0.8108901398682349
mixed,1,drift,RobustScaler,Ridge,0.6259383795574103,0.6213930488310337
mixed,1,drift,RobustScaler,RBF-SVR,0.5714250031438308,0.6651325942830025
mixed,1,drift,RobustScaler,KNN,0.1899421408760532,0.9144349892584784
mixed,1,drift,Winsorized Z-score,Ridge,0.6327948963591887,0.6156716693457811
mixed,1,drift,Winsorized Z-score,RBF-SVR,0.4932543401796396,0.723252317892945
mixed,1,drift,Winsorized Z-score,KNN,0.4794434819901292,0.7330418332327822
mixed,1,drift,Yeo-Johnson,Ridge,0.372724862166027,0.8046811956683593
mixed,1,drift,Yeo-Johnson,RBF-SVR,0.2792013213771582,0.8625848103761313
mixed,1,drift,Yeo-Johnson,KNN,0.4425572898279863,0.7585687289989423
mixed,1,drift,Quantile-Normal,Ridge,0.4538411246714439,0.750851950118456
mixed,1,drift,Quantile-Normal,RBF-SVR,0.3886895214838604,0.794375306297566
mixed,1,drift,Quantile-Normal,KNN,0.3948703221138496,0.7903492431731987
mixed,1,drift,Core-Norm ablation — residual channel removed,Ridge,0.4478319541256531,0.7549713140112909
mixed,1,drift,Core-Norm ablation — residual channel removed,RBF-SVR,0.2940624652501253,0.8536462803367034
mixed,1,drift,Core-Norm ablation — residual channel removed,KNN,0.2968490472574454,0.85195979439616
mixed,1,drift,Core-Norm,Ridge,0.4885262265690212,0.7266185821114095
mixed,1,drift,Core-Norm,RBF-SVR,0.3714876737515926,0.8054743498949934
mixed,1,drift,Core-Norm,KNN,0.2652276696941114,0.8709058585408629
heteroscedastic,0,drift,No scaling,Ridge,0.6151915355724287,0.6673234024154638
heteroscedastic,0,drift,No scaling,RBF-SVR,0.424253994486958,0.8162618778749307
heteroscedastic,0,drift,No scaling,KNN,0.3685875110468928,0.8548120410188184
heteroscedastic,0,drift,Z-score,Ridge,0.5852593195713849,0.6927912041582813
heteroscedastic,0,drift,Z-score,RBF-SVR,0.5256898017579412,0.7408755770698331
heteroscedastic,0,drift,Z-score,KNN,0.6010716784907236,0.6794562252777658
heteroscedastic,0,drift,Min-Max,Ridge,0.6314771290310123,0.653049753930931
heteroscedastic,0,drift,Min-Max,RBF-SVR,0.5268459415608399,0.7399720772594477
heteroscedastic,0,drift,Min-Max,KNN,0.5983768048408038,0.68174732203264
heteroscedastic,0,drift,RobustScaler,Ridge,0.5861023830901686,0.692086710802158
heteroscedastic,0,drift,RobustScaler,RBF-SVR,0.5271375968074803,0.739743980297353
heteroscedastic,0,drift,RobustScaler,KNN,0.5995000218857496,0.6807933353557546
heteroscedastic,0,drift,Winsorized Z-score,Ridge,0.578838809535313,0.6981330842190244
heteroscedastic,0,drift,Winsorized Z-score,RBF-SVR,0.5366115238723833,0.7322959998827375
heteroscedastic,0,drift,Winsorized Z-score,KNN,0.5845427904384227,0.6933893982648477
heteroscedastic,0,drift,Yeo-Johnson,Ridge,0.5886908491039409,0.6899192030466422
heteroscedastic,0,drift,Yeo-Johnson,RBF-SVR,0.5235473225094494,0.7425469749284495
heteroscedastic,0,drift,Yeo-Johnson,KNN,0.6005099757464618,0.6799344041332473
heteroscedastic,0,drift,Quantile-Normal,Ridge,0.5636799742774192,0.7105859567556775
heteroscedastic,0,drift,Quantile-Normal,RBF-SVR,0.4846683063109602,0.7722492118652632
heteroscedastic,0,drift,Quantile-Normal,KNN,0.5911457704829457,0.6878572112340621
heteroscedastic,0,drift,Core-Norm ablation — residual channel removed,Ridge,0.5943570205108748,0.685150579221867
heteroscedastic,0,drift,Core-Norm ablation — residual channel removed,RBF-SVR,0.5476297352549013,0.72353754550251
heteroscedastic,0,drift,Core-Norm ablation — residual channel removed,KNN,0.5609969767936022,0.712767358432249
heteroscedastic,0,drift,Core-Norm,Ridge,0.5922987676847198,0.6868866240177738
heteroscedastic,0,drift,Core-Norm,RBF-SVR,0.534557840227607,0.7339169311267891
heteroscedastic,0,drift,Core-Norm,KNN,0.5610675756425771,0.7127100438174441
heteroscedastic,1,drift,No scaling,Ridge,0.7627368313133002,0.5605456079698369
heteroscedastic,1,drift,No scaling,RBF-SVR,0.3382819355798057,0.936121643412672
heteroscedastic,1,drift,No scaling,KNN,0.3174878610384002,0.950716389935132
heteroscedastic,1,drift,Z-score,Ridge,0.7611021208410835,0.5624733341486444
heteroscedastic,1,drift,Z-score,RBF-SVR,0.6753015433091109,0.6557463821718793
heteroscedastic,1,drift,Z-score,KNN,0.6372118961047321,0.693142151249919
heteroscedastic,1,drift,Min-Max,Ridge,0.7761852118976329,0.5444276580408257
heteroscedastic,1,drift,Min-Max,RBF-SVR,0.6771738705867322,0.6538530148375544
heteroscedastic,1,drift,Min-Max,KNN,0.6068716933404265,0.7215442146713186
heteroscedastic,1,drift,RobustScaler,Ridge,0.76140065158071,0.5621217863002964
heteroscedastic,1,drift,RobustScaler,RBF-SVR,0.6796255647676133,0.6513654485086077
heteroscedastic,1,drift,RobustScaler,KNN,0.6521884452731107,0.6786842860739789
heteroscedastic,1,drift,Winsorized Z-score,Ridge,0.7587592575176609,0.5652246833768257
heteroscedastic,1,drift,Winsorized Z-score,RBF-SVR,0.6860984336058333,0.6447517542530755
heteroscedastic,1,drift,Winsorized Z-score,KNN,0.6336766897770916,0.696511142529126
heteroscedastic,1,drift,Yeo-Johnson,Ridge,0.7625501005510641,0.5607661447745386
heteroscedastic,1,drift,Yeo-Johnson,RBF-SVR,0.6776857465673946,0.6533344316119797
heteroscedastic,1,drift,Yeo-Johnson,KNN,0.6323645245018004,0.6977574743129492
heteroscedastic,1,drift,Quantile-Normal,Ridge,0.7489147639296596,0.5766421435741742
heteroscedastic,1,drift,Quantile-Normal,RBF-SVR,0.6502650458140633,0.6805582624458019
heteroscedastic,1,drift,Quantile-Normal,KNN,0.6240201352083631,0.7056317028660388
heteroscedastic,1,drift,Core-Norm ablation — residual channel removed,Ridge,0.7443917651723699,0.5818127196617356
heteroscedastic,1,drift,Core-Norm ablation — residual channel removed,RBF-SVR,0.6787224260344136,0.652282905236703
heteroscedastic,1,drift,Core-Norm ablation — residual channel removed,KNN,0.615723357954371,0.713374834039185
heteroscedastic,1,drift,Core-Norm,Ridge,0.7554240971893639,0.5691183957978478
heteroscedastic,1,drift,Core-Norm,RBF-SVR,0.691693576651027,0.6389797241754765
heteroscedastic,1,drift,Core-Norm,KNN,0.6171725051352526,0.7120284581652648
diabetes,0,drift,No scaling,Ridge,0.3472154418526293,57.70766701679257
diabetes,0,drift,No scaling,RBF-SVR,0.2841313037530444,60.4317633595348
diabetes,0,drift,No scaling,KNN,0.3542186319462677,57.39728319561953
diabetes,0,drift,Z-score,Ridge,0.2254448978171147,62.86005265664946
diabetes,0,drift,Z-score,RBF-SVR,0.2821895630167071,60.51366619598351
diabetes,0,drift,Z-score,KNN,0.3447735167490947,57.81550218170271
diabetes,0,drift,Min-Max,Ridge,0.3651036556259659,56.91149500024162
diabetes,0,drift,Min-Max,RBF-SVR,0.2544708212096728,61.6709876717272
diabetes,0,drift,Min-Max,KNN,0.3486661120272201,57.64351005143432
diabetes,0,drift,RobustScaler,Ridge,0.2545256382789221,61.66872036613896
diabetes,0,drift,RobustScaler,RBF-SVR,0.2920803141106461,60.095309421650846
diabetes,0,drift,RobustScaler,KNN,0.3485974734728996,57.646547251737545
diabetes,0,drift,Winsorized Z-score,Ridge,0.0579575116090548,69.32403397283807
diabetes,0,drift,Winsorized Z-score,RBF-SVR,0.2987576610301915,59.81121789733929
diabetes,0,drift,Winsorized Z-score,KNN,0.328480466019741,58.529916720204525
diabetes,0,drift,Yeo-Johnson,Ridge,0.3190020115293851,58.941542274333415
diabetes,0,drift,Yeo-Johnson,RBF-SVR,0.2737702672071631,60.86751811880479
diabetes,0,drift,Yeo-Johnson,KNN,0.3225100399159309,58.78953332786446
diabetes,0,drift,Quantile-Normal,Ridge,0.2817471512257401,60.53231167270449
diabetes,0,drift,Quantile-Normal,RBF-SVR,0.1856934220470343,64.45291330250745
diabetes,0,drift,Quantile-Normal,KNN,0.3309830888897866,58.42075009905825
diabetes,0,drift,Core-Norm ablation — residual channel removed,Ridge,0.3371238235537438,58.15201747868812
diabetes,0,drift,Core-Norm ablation — residual channel removed,RBF-SVR,0.297323466204632,59.8723502042656
diabetes,0,drift,Core-Norm ablation — residual channel removed,KNN,0.3204338374317329,58.87954617776266
diabetes,0,drift,Core-Norm,Ridge,0.3867607582270319,55.93241224664442
diabetes,0,drift,Core-Norm,RBF-SVR,0.2903188484136065,60.1700283916426
diabetes,0,drift,Core-Norm,KNN,0.3195667856556232,58.91709612081301
diabetes,1,drift,No scaling,Ridge,0.3779626865052626,55.960947427689725
diabetes,1,drift,No scaling,RBF-SVR,0.2521406906839081,61.3602036152788
diabetes,1,drift,No scaling,KNN,0.343677048429588,57.4824984029492
diabetes,1,drift,Z-score,Ridge,0.3386001722562681,57.70439323734391
diabetes,1,drift,Z-score,RBF-SVR,0.2501657684977969,61.44116919818026
diabetes,1,drift,Z-score,KNN,0.3339534505533501,57.90674205775464
diabetes,1,drift,Min-Max,Ridge,0.3613274089302042,56.70429814406436
diabetes,1,drift,Min-Max,RBF-SVR,0.2840240825585067,60.03797661772269
diabetes,1,drift,Min-Max,KNN,0.3140567866992532,58.765295159738734
diabetes,1,drift,RobustScaler,Ridge,0.3415429506190435,57.575877519491534
diabetes,1,drift,RobustScaler,RBF-SVR,0.2545376237774882,61.26179316753525
diabetes,1,drift,RobustScaler,KNN,0.3178494829880239,58.60260832864347
diabetes,1,drift,Winsorized Z-score,Ridge,0.3136731551725799,58.78172587020552
diabetes,1,drift,Winsorized Z-score,RBF-SVR,0.2892299940116342,59.81930822047003
diabetes,1,drift,Winsorized Z-score,KNN,0.3427231876599409,57.52425406053003
diabetes,1,drift,Yeo-Johnson,Ridge,0.3791146942747524,55.90910381575016
diabetes,1,drift,Yeo-Johnson,RBF-SVR,0.2249769574554484,62.46462649713162
diabetes,1,drift,Yeo-Johnson,KNN,0.3130096684047064,58.81013177943479
diabetes,1,drift,Quantile-Normal,Ridge,0.1777688068042344,64.33892709230001
diabetes,1,drift,Quantile-Normal,RBF-SVR,0.2087449585586612,63.11536310903983
diabetes,1,drift,Quantile-Normal,KNN,0.2662189077333268,60.7799164109196
diabetes,1,drift,Core-Norm ablation — residual channel removed,Ridge,0.3757209541661098,56.06169431267671
diabetes,1,drift,Core-Norm ablation — residual channel removed,RBF-SVR,0.2830552650456356,60.078582857680985
diabetes,1,drift,Core-Norm ablation — residual channel removed,KNN,0.3379339284819889,57.73344942568468
diabetes,1,drift,Core-Norm,Ridge,0.3811724073201233,55.81638107873226
diabetes,1,drift,Core-Norm,RBF-SVR,0.2646931004293756,60.84307576586215
diabetes,1,drift,Core-Norm,KNN,0.3405599363264084,57.61883916936914
gaussian,0,combined,No scaling,Ridge,-0.0057039472768938,1.07882033638929
gaussian,0,combined,No scaling,RBF-SVR,-0.0706185350438106,1.1130929347721554
gaussian,0,combined,No scaling,KNN,-0.0077877716211511,1.0799374189991588
gaussian,0,combined,Z-score,Ridge,-0.005668217792109,1.0788011726795042
gaussian,0,combined,Z-score,RBF-SVR,-0.0764352786059399,1.1161125937618674
gaussian,0,combined,Z-score,KNN,0.0141975974319942,1.0680927897897454
gaussian,0,combined,Min-Max,Ridge,-0.002413210598916,1.0770539008104525
gaussian,0,combined,Min-Max,RBF-SVR,-0.0815181463625838,1.1187446012930664
gaussian,0,combined,Min-Max,KNN,0.0176268047006039,1.0662334403027445
gaussian,0,combined,RobustScaler,Ridge,-0.0057035297741789,1.0788201124613304
gaussian,0,combined,RobustScaler,RBF-SVR,0.0192460949425811,1.0653543174373652
gaussian,0,combined,RobustScaler,KNN,0.0174420255802707,1.066333711978769
gaussian,0,combined,Winsorized Z-score,Ridge,0.0031658503967195,1.0740524770513291
gaussian,0,combined,Winsorized Z-score,RBF-SVR,-0.1574448897680109,1.15734864661565
gaussian,0,combined,Winsorized Z-score,KNN,0.0162766845055362,1.0669658753077986
gaussian,0,combined,Yeo-Johnson,Ridge,-0.0053677633307989,1.078640008772522
gaussian,0,combined,Yeo-Johnson,RBF-SVR,-0.13291452303318,1.145018804983153
gaussian,0,combined,Yeo-Johnson,KNN,0.0049584050442874,1.0730863363548684
gaussian,0,combined,Quantile-Normal,Ridge,-0.0132342425469782,1.0828516844736669
gaussian,0,combined,Quantile-Normal,RBF-SVR,0.0200568072563709,1.0649139039858084
gaussian,0,combined,Quantile-Normal,KNN,0.0820452718812423,1.0306819697327037
gaussian,0,combined,Core-Norm ablation — residual channel removed,Ridge,0.0021997279796828,1.0745728318531895
gaussian,0,combined,Core-Norm ablation — residual channel removed,RBF-SVR,0.0009659614739181,1.0752369739833938
gaussian,0,combined,Core-Norm ablation — residual channel removed,KNN,0.1115485534036477,1.0139835201047998
gaussian,0,combined,Core-Norm,Ridge,-0.2054775312008465,1.1811188678326618
gaussian,0,combined,Core-Norm,RBF-SVR,0.0781102470828646,1.032888735377237
gaussian,0,combined,Core-Norm,KNN,0.1246894522086359,1.0064567761276273
gaussian,1,combined,No scaling,Ridge,0.0175983990628514,1.140619135580938
gaussian,1,combined,No scaling,RBF-SVR,0.0515721116936092,1.1207229885768928
gaussian,1,combined,No scaling,KNN,0.0869229488323085,1.0996382455959703
gaussian,1,combined,Z-score,Ridge,0.017616435140033,1.1406086651230478
gaussian,1,combined,Z-score,RBF-SVR,-0.1002607392864436,1.2071018919418404
gaussian,1,combined,Z-score,KNN,0.0707757765377067,1.1093188271518175
gaussian,1,combined,Min-Max,Ridge,0.0187583287343712,1.1399455674906651
gaussian,1,combined,Min-Max,RBF-SVR,0.0445306087670276,1.1248756399720727
gaussian,1,combined,Min-Max,KNN,0.0878214786912036,1.0990970530454265
gaussian,1,combined,RobustScaler,Ridge,0.0175985455256314,1.1406190505554985
gaussian,1,combined,RobustScaler,RBF-SVR,0.0658817280716531,1.1122362771450574
gaussian,1,combined,RobustScaler,KNN,0.0844372034545485,1.1011340464466484
gaussian,1,combined,Winsorized Z-score,Ridge,0.0245944471122007,1.1365504920075145
gaussian,1,combined,Winsorized Z-score,RBF-SVR,-0.1722701602608165,1.2459768624524563
gaussian,1,combined,Winsorized Z-score,KNN,0.0340331144728647,1.1310381182198277
gaussian,1,combined,Yeo-Johnson,Ridge,0.010917581327312,1.1444909518563915
gaussian,1,combined,Yeo-Johnson,RBF-SVR,-0.0150519158713455,1.159418564859458
gaussian,1,combined,Yeo-Johnson,KNN,0.0817091894187064,1.1027732976582003
gaussian,1,combined,Quantile-Normal,Ridge,-0.2605213141972264,1.2920258989213675
gaussian,1,combined,Quantile-Normal,RBF-SVR,0.0076167440311255,1.1463991001195664
gaussian,1,combined,Quantile-Normal,KNN,0.0121919017408113,1.1437534408969592
gaussian,1,combined,Core-Norm ablation — residual channel removed,Ridge,-0.1822618508943676,1.251275555741188
gaussian,1,combined,Core-Norm ablation — residual channel removed,RBF-SVR,-0.0268347148047991,1.1661284577303823
gaussian,1,combined,Core-Norm ablation — residual channel removed,KNN,9.574689751379316e-05,1.1507350206663345
gaussian,1,combined,Core-Norm,Ridge,-0.1954880015801288,1.2582551984101935
gaussian,1,combined,Core-Norm,RBF-SVR,0.0011914920984473,1.1501043312754848
gaussian,1,combined,Core-Norm,KNN,0.001838261176298,1.1497319013404814
correlated,0,combined,No scaling,Ridge,-0.0274356104363655,1.090413837863207
correlated,0,combined,No scaling,RBF-SVR,-1.770666311186849,1.7906312490260805
correlated,0,combined,No scaling,KNN,-0.0253348199684162,1.08929848662731
correlated,0,combined,Z-score,Ridge,-0.0273762722322752,1.090382349693809
correlated,0,combined,Z-score,RBF-SVR,-0.2163001185250299,1.1864089704775171
correlated,0,combined,Z-score,KNN,0.0648682642755102,1.040280469972204
correlated,0,combined,Min-Max,Ridge,-0.021051530740628,1.0870208582086565
correlated,0,combined,Min-Max,RBF-SVR,-0.3317585967331431,1.24144305046992
correlated,0,combined,Min-Max,KNN,0.0512347103281911,1.0478363037173208
correlated,0,combined,RobustScaler,Ridge,-0.0274340167465256,1.0904129921741383
correlated,0,combined,RobustScaler,RBF-SVR,-0.2900272535415009,1.2218376119672432
correlated,0,combined,RobustScaler,KNN,0.0607008867154809,1.0425958775750188
correlated,0,combined,Winsorized Z-score,Ridge,-0.0234201497470978,1.08828095464258
correlated,0,combined,Winsorized Z-score,RBF-SVR,-0.4423052525320077,1.2919408777350467
correlated,0,combined,Winsorized Z-score,KNN,0.0634190166819326,1.041086260344487
correlated,0,combined,Yeo-Johnson,Ridge,-0.0252734614244207,1.089265892996538
correlated,0,combined,Yeo-Johnson,RBF-SVR,-0.3052552181624806,1.2290279690866126
correlated,0,combined,Yeo-Johnson,KNN,0.0573426121823145,1.0444580102801142
correlated,0,combined,Quantile-Normal,Ridge,0.0903954354355637,1.0259834676166628
correlated,0,combined,Quantile-Normal,RBF-SVR,-0.0259433632309022,1.0896216917474348
correlated,0,combined,Quantile-Normal,KNN,0.0810356461482724,1.031248619173012
correlated,0,combined,Core-Norm ablation — residual channel removed,Ridge,0.0522115831552298,1.047296725361629
correlated,0,combined,Core-Norm ablation — residual channel removed,RBF-SVR,-0.0505105728388945,1.1025905376377862
correlated,0,combined,Core-Norm ablation — residual channel removed,KNN,0.1120869692363594,1.013676228400047
correlated,0,combined,Core-Norm,Ridge,-0.0225350306938636,1.0878102454375835
correlated,0,combined,Core-Norm,RBF-SVR,0.0172950077146246,1.0664134855120535
correlated,0,combined,Core-Norm,KNN,0.0978701129392385,1.021759260910638
correlated,1,combined,No scaling,Ridge,0.0194215004680611,1.0474923231629605
correlated,1,combined,No scaling,RBF-SVR,0.2816530332101113,0.8965547105078597
correlated,1,combined,No scaling,KNN,0.0347832717775252,1.0392549113172431
correlated,1,combined,Z-score,Ridge,0.0194282034370897,1.0474887429699404
correlated,1,combined,Z-score,RBF-SVR,0.3142428392949941,0.8759813120477299
correlated,1,combined,Z-score,KNN,0.1371082537696435,0.9826250309696558
correlated,1,combined,Min-Max,Ridge,0.0189291328293742,1.0477552733479725
correlated,1,combined,Min-Max,RBF-SVR,0.3302821363945523,0.8656764580864412
correlated,1,combined,Min-Max,KNN,0.1708873410781342,0.9631999215528476
correlated,1,combined,RobustScaler,Ridge,0.019421463120083,1.0474923431112455
correlated,1,combined,RobustScaler,RBF-SVR,0.3407207884772889,0.8589034681973812
correlated,1,combined,RobustScaler,KNN,0.1531698036070283,0.9734369637112528
correlated,1,combined,Winsorized Z-score,Ridge,0.0257242694917922,1.044120463936396
correlated,1,combined,Winsorized Z-score,RBF-SVR,0.3051488294004939,0.881770494014561
correlated,1,combined,Winsorized Z-score,KNN,0.1042563568377028,1.0011554893021646
correlated,1,combined,Yeo-Johnson,Ridge,0.0190221702048788,1.0477055915587907
correlated,1,combined,Yeo-Johnson,RBF-SVR,0.2959288737741167,0.8876013063060761
correlated,1,combined,Yeo-Johnson,KNN,0.1517771844693681,0.9742370474078788
correlated,1,combined,Quantile-Normal,Ridge,-0.0253918446052336,1.0711606127702724
correlated,1,combined,Quantile-Normal,RBF-SVR,-0.1071007005515989,1.113020666398544
correlated,1,combined,Quantile-Normal,KNN,0.0626603718849067,1.0241372311413537
correlated,1,combined,Core-Norm ablation — residual channel removed,Ridge,-0.0144056581866436,1.0654068801159002
correlated,1,combined,Core-Norm ablation — residual channel removed,RBF-SVR,-0.3853949744324705,1.2450777422248742
correlated,1,combined,Core-Norm ablation — residual channel removed,KNN,0.056781687845216,1.0273437364093887
correlated,1,combined,Core-Norm,Ridge,-0.2778183658333009,1.1957605698195672
correlated,1,combined,Core-Norm,RBF-SVR,-0.1116297844411251,1.1152949937985943
correlated,1,combined,Core-Norm,KNN,0.0742763062411537,1.0177716637670702
lognormal,0,combined,No scaling,Ridge,-0.0035477570825754,1.0776632414187406
lognormal,0,combined,No scaling,RBF-SVR,0.1221305262644673,1.0079268651211104
lognormal,0,combined,No scaling,KNN,0.0393718144596504,1.054366769316454
lognormal,0,combined,Z-score,Ridge,-0.0034888514587245,1.0776316129503145
lognormal,0,combined,Z-score,RBF-SVR,0.1648437330675112,0.9831005054716424
lognormal,0,combined,Z-score,KNN,0.0491765125641399,1.0489722463982063
lognormal,0,combined,Min-Max,Ridge,0.0019906359833234,1.0746854159120187
lognormal,0,combined,Min-Max,RBF-SVR,0.1546832238100454,0.989062625771758
lognormal,0,combined,Min-Max,KNN,0.0438918905994595,1.0518832707225705
lognormal,0,combined,RobustScaler,Ridge,-0.0035473004989436,1.077662996266754
lognormal,0,combined,RobustScaler,RBF-SVR,0.1866556377101084,0.970177676826408
lognormal,0,combined,RobustScaler,KNN,0.0476125243955012,1.04983460735173
lognormal,0,combined,Winsorized Z-score,Ridge,0.0166344115301412,1.0667718587446269
lognormal,0,combined,Winsorized Z-score,RBF-SVR,0.1442736473840431,0.9951338528659628
lognormal,0,combined,Winsorized Z-score,KNN,0.0686239605947766,1.038189369808507
lognormal,0,combined,Yeo-Johnson,Ridge,-0.005684415653735,1.0788098605357206
lognormal,0,combined,Yeo-Johnson,RBF-SVR,0.1582817626434156,0.9869551458682672
lognormal,0,combined,Yeo-Johnson,KNN,0.0402454231473927,1.0538872323347737
lognormal,0,combined,Quantile-Normal,Ridge,0.0087510338549707,1.0710393346812968
lognormal,0,combined,Quantile-Normal,RBF-SVR,-0.013382573933361,1.082930943053178
lognormal,0,combined,Quantile-Normal,KNN,0.0947634020353367,1.0235170911821263
lognormal,0,combined,Core-Norm ablation — residual channel removed,Ridge,0.0399232493502628,1.0540641037820655
lognormal,0,combined,Core-Norm ablation — residual channel removed,RBF-SVR,-0.0433562143562511,1.0988296023869446
lognormal,0,combined,Core-Norm ablation — residual channel removed,KNN,0.1207328316146371,1.0087289283731673
lognormal,0,combined,Core-Norm,Ridge,-0.3944224135547616,1.2703144101711767
lognormal,0,combined,Core-Norm,RBF-SVR,-0.0244391753782839,1.0888226238037126
lognormal,0,combined,Core-Norm,KNN,0.1590623143222627,0.9864974225223464
lognormal,1,combined,No scaling,Ridge,-0.0251029989951168,1.0473443067674069
lognormal,1,combined,No scaling,RBF-SVR,0.2885259084518324,0.8725398465461004
lognormal,1,combined,No scaling,KNN,0.1084921500313039,0.976716017787412
lognormal,1,combined,Z-score,Ridge,-0.0249431546968073,1.0472626473914148
lognormal,1,combined,Z-score,RBF-SVR,0.1502216337369014,0.9535831305476072
lognormal,1,combined,Z-score,KNN,0.0549450815146166,1.0056207999888127
lognormal,1,combined,Min-Max,Ridge,-0.0066315392080433,1.037865297437676
lognormal,1,combined,Min-Max,RBF-SVR,0.2003910249884283,0.9250060096288376
lognormal,1,combined,Min-Max,KNN,0.0638801603436906,1.0008556588540212
lognormal,1,combined,RobustScaler,Ridge,-0.0251024971681235,1.047344050409895
lognormal,1,combined,RobustScaler,RBF-SVR,0.2041072436320137,0.9228540028313448
lognormal,1,combined,RobustScaler,KNN,0.0908825130989913,0.9863152089897508
lognormal,1,combined,Winsorized Z-score,Ridge,0.0113735163046229,1.028541559055415
lognormal,1,combined,Winsorized Z-score,RBF-SVR,0.1569984834024765,0.9497731811861876
lognormal,1,combined,Winsorized Z-score,KNN,0.0650813179585662,1.0002133419033208
lognormal,1,combined,Yeo-Johnson,Ridge,-0.0320060348258248,1.0508647942919087
lognormal,1,combined,Yeo-Johnson,RBF-SVR,0.1239628553716249,0.9682042501192236
lognormal,1,combined,Yeo-Johnson,KNN,0.0720537467226855,0.9964766706690188
lognormal,1,combined,Quantile-Normal,Ridge,-0.0691979463762795,1.0696329729667322
lognormal,1,combined,Quantile-Normal,RBF-SVR,0.069008443233859,0.9981104335387766
lognormal,1,combined,Quantile-Normal,KNN,0.0713334109825737,0.9968633625224386
lognormal,1,combined,Core-Norm ablation — residual channel removed,Ridge,-0.0280017720265468,1.0488240947318552
lognormal,1,combined,Core-Norm ablation — residual channel removed,RBF-SVR,-0.0153731367990255,1.0423619721669508
lognormal,1,combined,Core-Norm ablation — residual channel removed,KNN,0.0239440906256709,1.0219815884653414
lognormal,1,combined,Core-Norm,Ridge,-0.086550240883529,1.0782777170099118
lognormal,1,combined,Core-Norm,RBF-SVR,0.0818101758332562,0.99122434941821
lognormal,1,combined,Core-Norm,KNN,0.0535736941757191,1.0063501733090858
student_t,0,combined,No scaling,Ridge,-0.1304640974680271,1.0183337003845312
student_t,0,combined,No scaling,RBF-SVR,-0.1422547806291503,1.0236305092542706
student_t,0,combined,No scaling,KNN,0.0592441379657507,0.928966805894268
student_t,0,combined,Z-score,Ridge,-0.1300894318945091,1.018164935096614
student_t,0,combined,Z-score,RBF-SVR,-0.0770150726937064,0.9939684968947252
student_t,0,combined,Z-score,KNN,0.0688394659706143,0.92421712143161
student_t,0,combined,Min-Max,Ridge,-0.0859841173366668,0.9980986454440044
student_t,0,combined,Min-Max,RBF-SVR,-0.0232256170232951,0.9688296725239924
student_t,0,combined,Min-Max,KNN,0.0513888771197423,0.9328371548189968
student_t,0,combined,RobustScaler,Ridge,-0.1304585415404937,1.0183311979630885
student_t,0,combined,RobustScaler,RBF-SVR,-0.1178520645621954,1.0126372431179196
student_t,0,combined,RobustScaler,KNN,0.0770148051310326,0.9201509879336376
student_t,0,combined,Winsorized Z-score,Ridge,-0.0841403480751015,0.9972510062702028
student_t,0,combined,Winsorized Z-score,RBF-SVR,-0.284556448640487,1.085521241596265
student_t,0,combined,Winsorized Z-score,KNN,0.0853483259149437,0.9159876034143908
student_t,0,combined,Yeo-Johnson,Ridge,-0.1329839850771217,1.019468038959268
student_t,0,combined,Yeo-Johnson,RBF-SVR,-0.205740719789585,1.051692297843252
student_t,0,combined,Yeo-Johnson,KNN,0.0701263035461124,0.92357827965234
student_t,0,combined,Quantile-Normal,Ridge,-0.1634754774831412,1.033095206400779
student_t,0,combined,Quantile-Normal,RBF-SVR,0.0489665439615896,0.9340274221603344
student_t,0,combined,Quantile-Normal,KNN,0.0498811859985972,0.9335781707485492
student_t,0,combined,Core-Norm ablation — residual channel removed,Ridge,-0.0770270593350133,0.9939740280664772
student_t,0,combined,Core-Norm ablation — residual channel removed,RBF-SVR,0.0416345596003202,0.937620947638362
student_t,0,combined,Core-Norm ablation — residual channel removed,KNN,0.0845611726546615,0.9163816701322104
student_t,0,combined,Core-Norm,Ridge,-0.1766144855675826,1.0389121485661943
student_t,0,combined,Core-Norm,RBF-SVR,0.0572516766624136,0.9299500319817222
student_t,0,combined,Core-Norm,KNN,0.0853785942776205,0.9159724470028546
student_t,1,combined,No scaling,Ridge,0.0214949414017008,0.8941397818067423
student_t,1,combined,No scaling,RBF-SVR,0.119653397214767,0.848107153881786
student_t,1,combined,No scaling,KNN,0.091855877267403,0.86139286184513
student_t,1,combined,Z-score,Ridge,0.0215808619881355,0.8941005246254587
student_t,1,combined,Z-score,RBF-SVR,0.1642827329923069,0.8263300908484499
student_t,1,combined,Z-score,KNN,0.0978772545489,0.8585324140819524
student_t,1,combined,Min-Max,Ridge,0.0287670588807255,0.8908110224839773
student_t,1,combined,Min-Max,RBF-SVR,0.1951580471326917,0.810922187625909
student_t,1,combined,Min-Max,KNN,0.1128145886420383,0.8513949622627671
student_t,1,combined,RobustScaler,Ridge,0.0214960790666619,0.8941392620180162
student_t,1,combined,RobustScaler,RBF-SVR,0.1286201137790008,0.8437769275338427
student_t,1,combined,RobustScaler,KNN,0.1086589092874048,0.85338664903486
student_t,1,combined,Winsorized Z-score,Ridge,0.032663607663583,0.8890222769998873
student_t,1,combined,Winsorized Z-score,RBF-SVR,0.1256035046049246,0.8452361912534581
student_t,1,combined,Winsorized Z-score,KNN,0.0939702415764799,0.8603895190872258
student_t,1,combined,Yeo-Johnson,Ridge,0.0168138212488933,0.8962759903814397
student_t,1,combined,Yeo-Johnson,RBF-SVR,0.1741334391805206,0.8214456255563434
student_t,1,combined,Yeo-Johnson,KNN,0.0887861772305391,0.862847469606361
student_t,1,combined,Quantile-Normal,Ridge,0.0275008548802038,0.8913915120057311
student_t,1,combined,Quantile-Normal,RBF-SVR,0.068411150235678,0.8724409080932305
student_t,1,combined,Quantile-Normal,KNN,0.1017413232086806,0.8566917620029162
student_t,1,combined,Core-Norm ablation — residual channel removed,Ridge,-0.0156170622091034,0.910938115870314
student_t,1,combined,Core-Norm ablation — residual channel removed,RBF-SVR,0.004932682723728,0.9016751719066822
student_t,1,combined,Core-Norm ablation — residual channel removed,KNN,0.0948871875806568,0.8599540309399956
student_t,1,combined,Core-Norm,Ridge,-0.0347122593680291,0.919461772120223
student_t,1,combined,Core-Norm,RBF-SVR,0.0775363187237017,0.8681574938936485
student_t,1,combined,Core-Norm,KNN,0.1278368596047564,0.8441560637546847
laplace,0,combined,No scaling,Ridge,-0.0193351006891262,1.0981823203374903
laplace,0,combined,No scaling,RBF-SVR,0.2918531012284862,0.9153298739478386
laplace,0,combined,No scaling,KNN,0.0411749693766005,1.0650883626575416
laplace,0,combined,Z-score,Ridge,-0.0192360739163357,1.098128975714911
laplace,0,combined,Z-score,RBF-SVR,0.2939013182798922,0.9140051827936256
laplace,0,combined,Z-score,KNN,0.0440607956050822,1.0634843285218096
laplace,0,combined,Min-Max,Ridge,-0.0087386338358328,1.0924593478789613
laplace,0,combined,Min-Max,RBF-SVR,0.2839436951628676,0.9204274126056194
laplace,0,combined,Min-Max,KNN,0.024327285127249,1.0744050426460985
laplace,0,combined,RobustScaler,Ridge,-0.0193345906313837,1.0981820455816886
laplace,0,combined,RobustScaler,RBF-SVR,0.297369986668817,0.9117574204499428
laplace,0,combined,RobustScaler,KNN,0.02287081756837,1.0752066703390732
laplace,0,combined,Winsorized Z-score,Ridge,0.000777794686221,1.0872940121996562
laplace,0,combined,Winsorized Z-score,RBF-SVR,0.2767704309015916,0.9250262240940018
laplace,0,combined,Winsorized Z-score,KNN,0.0490313118303716,1.0607158703467694
laplace,0,combined,Yeo-Johnson,Ridge,-0.0158889439588691,1.0963243874231348
laplace,0,combined,Yeo-Johnson,RBF-SVR,0.2473299267679695,0.9436659444725224
laplace,0,combined,Yeo-Johnson,KNN,0.0197865631216693,1.0769022487110236
laplace,0,combined,Quantile-Normal,Ridge,0.0289710624225192,1.0718451429183031
laplace,0,combined,Quantile-Normal,RBF-SVR,0.0930565049184695,1.0358719500709743
laplace,0,combined,Quantile-Normal,KNN,0.1138758773391173,1.0239134260670315
laplace,0,combined,Core-Norm ablation — residual channel removed,Ridge,0.1509157629838042,1.0022852686418204
laplace,0,combined,Core-Norm ablation — residual channel removed,RBF-SVR,0.080946302842082,1.0427648930422846
laplace,0,combined,Core-Norm ablation — residual channel removed,KNN,0.149265968530398,1.0032585302769248
laplace,0,combined,Core-Norm,Ridge,0.1780750081116908,0.9861251861637144
laplace,0,combined,Core-Norm,RBF-SVR,0.0816545096768435,1.042363047345486
laplace,0,combined,Core-Norm,KNN,0.133046650470727,1.01277698237114
laplace,1,combined,No scaling,Ridge,0.0343160710185728,1.1651640148754931
laplace,1,combined,No scaling,RBF-SVR,-0.1916824923717019,1.29434437555707
laplace,1,combined,No scaling,KNN,-0.0655047138623119,1.223903703905674
laplace,1,combined,Z-score,Ridge,0.0343614305364021,1.165136649866633
laplace,1,combined,Z-score,RBF-SVR,-0.3173868862137872,1.3609000479804148
laplace,1,combined,Z-score,KNN,-0.1577986091325005,1.275810209316608
laplace,1,combined,Min-Max,Ridge,0.0381659956681169,1.1628390960394788
laplace,1,combined,Min-Max,RBF-SVR,-0.2893093509688937,1.3463194736638937
laplace,1,combined,Min-Max,KNN,-0.1091597792715552,1.2487244570274312
laplace,1,combined,RobustScaler,Ridge,0.0343165279811364,1.1651637391970946
laplace,1,combined,RobustScaler,RBF-SVR,-0.2235409520791771,1.3115317732719984
laplace,1,combined,RobustScaler,KNN,-0.0652614491860508,1.2237639816078034
laplace,1,combined,Winsorized Z-score,Ridge,0.0497679182660368,1.1558045661907952
laplace,1,combined,Winsorized Z-score,RBF-SVR,-0.4843281888973105,1.444556487406007
laplace,1,combined,Winsorized Z-score,KNN,-0.1807108364115328,1.2883721725957644
laplace,1,combined,Yeo-Johnson,Ridge,0.0314368333534166,1.1668997211047798
laplace,1,combined,Yeo-Johnson,RBF-SVR,-0.2172808143352547,1.3081723032028958
laplace,1,combined,Yeo-Johnson,KNN,-0.1406585419371391,1.266331441249768
laplace,1,combined,Quantile-Normal,Ridge,-0.0102951112684535,1.191773397942569
laplace,1,combined,Quantile-Normal,RBF-SVR,-0.3337356595112799,1.3693183964342257
laplace,1,combined,Quantile-Normal,KNN,-0.0411763060543406,1.2098504756721695
laplace,1,combined,Core-Norm ablation — residual channel removed,Ridge,0.0887923704286499,1.1318222704019276
laplace,1,combined,Core-Norm ablation — residual channel removed,RBF-SVR,-0.2645121652032371,1.333309787902354
laplace,1,combined,Core-Norm ablation — residual channel removed,KNN,0.0055301950128647,1.1824025618042495
laplace,1,combined,Core-Norm,Ridge,0.0315829677018183,1.1668116883523412
laplace,1,combined,Core-Norm,RBF-SVR,-0.114218229049986,1.2515686930615912
laplace,1,combined,Core-Norm,KNN,-0.0224075823675506,1.1988962235872276
bimodal,0,combined,No scaling,Ridge,-0.0288103148141898,1.0911430785006415
bimodal,0,combined,No scaling,RBF-SVR,-0.1472603439831432,1.1522455465975348
bimodal,0,combined,No scaling,KNN,-0.0518407042342585,1.1032883537195677
bimodal,0,combined,Z-score,Ridge,-0.0287600286099682,1.0911164117218468
bimodal,0,combined,Z-score,RBF-SVR,-0.2514004923529263,1.203406098324757
bimodal,0,combined,Z-score,KNN,-0.0455413800470771,1.0999796740608492
bimodal,0,combined,Min-Max,Ridge,-0.0231747243587434,1.0881504570211131
bimodal,0,combined,Min-Max,RBF-SVR,-0.1644744021395074,1.1608577905869526
bimodal,0,combined,Min-Max,KNN,-0.0527642825293914,1.1037726236242926
bimodal,0,combined,RobustScaler,Ridge,-0.0288086884889269,1.091142216070401
bimodal,0,combined,RobustScaler,RBF-SVR,-0.1899398476407638,1.1734823212054823
bimodal,0,combined,RobustScaler,KNN,-0.0517771718039921,1.103255033251651
bimodal,0,combined,Winsorized Z-score,Ridge,-0.027111075024782,1.0902416101103034
bimodal,0,combined,Winsorized Z-score,RBF-SVR,-0.2761591579371543,1.215252345374097
bimodal,0,combined,Winsorized Z-score,KNN,-0.0484338679267819,1.1015001688247428
bimodal,0,combined,Yeo-Johnson,Ridge,-0.0269611957512159,1.0901620614684513
bimodal,0,combined,Yeo-Johnson,RBF-SVR,-0.1696201899898541,1.1634198663273407
bimodal,0,combined,Yeo-Johnson,KNN,-0.0592798541288581,1.1071829865058516
bimodal,0,combined,Quantile-Normal,Ridge,-0.0982255705627526,1.1273527353350474
bimodal,0,combined,Quantile-Normal,RBF-SVR,-0.1512411320532312,1.1542428584346955
bimodal,0,combined,Quantile-Normal,KNN,-0.0042394189103118,1.078034549178835
bimodal,0,combined,Core-Norm ablation — residual channel removed,Ridge,-0.1096629366645216,1.1332078844455264
bimodal,0,combined,Core-Norm ablation — residual channel removed,RBF-SVR,-0.1877017895856167,1.1723782495852126
bimodal,0,combined,Core-Norm ablation — residual channel removed,KNN,-0.0430308050534831,1.0986582336566313
bimodal,0,combined,Core-Norm,Ridge,-0.3944906573397735,1.2703454947270514
bimodal,0,combined,Core-Norm,RBF-SVR,-0.0755246535871376,1.115640398584998
bimodal,0,combined,Core-Norm,KNN,-0.0230826162513844,1.088101477246447
bimodal,1,combined,No scaling,Ridge,-0.0059923692862953,0.8222929641314866
bimodal,1,combined,No scaling,RBF-SVR,-0.2218889547240328,0.9062439088028424
bimodal,1,combined,No scaling,KNN,0.0858506493331592,0.7838587463363239
bimodal,1,combined,Z-score,Ridge,-0.0059785640567506,0.8222873219504844
bimodal,1,combined,Z-score,RBF-SVR,-0.5868679503091976,1.0327605150969352
bimodal,1,combined,Z-score,KNN,-0.0429656704574001,0.8372675082007339
bimodal,1,combined,Min-Max,Ridge,-0.0042681765525443,0.8215879888183697
bimodal,1,combined,Min-Max,RBF-SVR,-0.2624676185639529,0.9211690859961912
bimodal,1,combined,Min-Max,KNN,0.0704299448532715,0.7904425190856346
bimodal,1,combined,RobustScaler,Ridge,-0.0059917898199031,0.8222927273050352
bimodal,1,combined,RobustScaler,RBF-SVR,-0.2338776346762507,0.9106789060055018
bimodal,1,combined,RobustScaler,KNN,0.0873629983445694,0.7832100784198496
bimodal,1,combined,Winsorized Z-score,Ridge,-0.004797632480767,0.8218045332253243
bimodal,1,combined,Winsorized Z-score,RBF-SVR,-0.8559133709721394,1.1168840305866936
bimodal,1,combined,Winsorized Z-score,KNN,-0.1555946076320506,0.8813166690099793
bimodal,1,combined,Yeo-Johnson,Ridge,-0.0105506552327654,0.8241538182579374
bimodal,1,combined,Yeo-Johnson,RBF-SVR,-0.4943346248696967,1.002197143995196
bimodal,1,combined,Yeo-Johnson,KNN,0.0102706438465755,0.8156192306583497
bimodal,1,combined,Quantile-Normal,Ridge,-0.3795445315136618,0.9629352675076712
bimodal,1,combined,Quantile-Normal,RBF-SVR,-0.0027851822927833,0.8209811487151989
bimodal,1,combined,Quantile-Normal,KNN,-0.1058163004444054,0.8621259642656358
bimodal,1,combined,Core-Norm ablation — residual channel removed,Ridge,-0.3913722604599872,0.96705439129391
bimodal,1,combined,Core-Norm ablation — residual channel removed,RBF-SVR,-0.1066378183327085,0.8624461442127799
bimodal,1,combined,Core-Norm ablation — residual channel removed,KNN,-0.0893755688726267,0.8556931327882351
bimodal,1,combined,Core-Norm,Ridge,-1.0035283135688369,1.1604514436050637
bimodal,1,combined,Core-Norm,RBF-SVR,-0.0567721476461668,0.8427910408425455
bimodal,1,combined,Core-Norm,KNN,-0.1152576066590138,0.8657984979906168
zero_inflated,0,combined,No scaling,Ridge,-0.015632727114083,1.0841325669015776
zero_inflated,0,combined,No scaling,RBF-SVR,0.0417613902136081,1.053054576902436
zero_inflated,0,combined,No scaling,KNN,0.0360425541402795,1.0561922546448663
zero_inflated,0,combined,Z-score,Ridge,-0.0155965433024705,1.084113254606436
zero_inflated,0,combined,Z-score,RBF-SVR,0.0636491152062422,1.0409583658369517
zero_inflated,0,combined,Z-score,KNN,0.029010352749434,1.0600377874346167
zero_inflated,0,combined,Min-Max,Ridge,-0.0116566317165049,1.0820083533085767
zero_inflated,0,combined,Min-Max,RBF-SVR,0.0747344736196071,1.0347781219421412
zero_inflated,0,combined,Min-Max,KNN,0.043405752422386,1.0521506545185135
zero_inflated,0,combined,RobustScaler,Ridge,-0.015632727114083,1.0841325669015776
zero_inflated,0,combined,RobustScaler,RBF-SVR,0.0417613902136081,1.053054576902436
zero_inflated,0,combined,RobustScaler,KNN,0.0360425541402795,1.0561922546448663
zero_inflated,0,combined,Winsorized Z-score,Ridge,-0.0084002486726972,1.0802655319408436
zero_inflated,0,combined,Winsorized Z-score,RBF-SVR,0.0244518395284204,1.0625231579626844
zero_inflated,0,combined,Winsorized Z-score,KNN,0.0465135512037682,1.0504401421164515
zero_inflated,0,combined,Yeo-Johnson,Ridge,-0.0152500570618978,1.0839283079502613
zero_inflated,0,combined,Yeo-Johnson,RBF-SVR,0.0383597370809279,1.0549220413025473
zero_inflated,0,combined,Yeo-Johnson,KNN,0.0202956036642261,1.0647841448779447
zero_inflated,0,combined,Quantile-Normal,Ridge,0.0135448532925752,1.0684463474270731
zero_inflated,0,combined,Quantile-Normal,RBF-SVR,-0.135764568866068,1.1464581484633205
zero_inflated,0,combined,Quantile-Normal,KNN,-0.023582096675988,1.0883670565171262
zero_inflated,0,combined,Core-Norm ablation — residual channel removed,Ridge,0.0847759137814332,1.0291478420558633
zero_inflated,0,combined,Core-Norm ablation — residual channel removed,RBF-SVR,-0.0197259343252746,1.0863150079660988
zero_inflated,0,combined,Core-Norm ablation — residual channel removed,KNN,0.0771993064338357,1.033398920036197
zero_inflated,0,combined,Core-Norm,Ridge,-0.2288906122394149,1.1925336994995328
zero_inflated,0,combined,Core-Norm,RBF-SVR,-0.0227447004425296,1.0879217669029473
zero_inflated,0,combined,Core-Norm,KNN,0.0707751423345427,1.036989733472583
zero_inflated,1,combined,No scaling,Ridge,0.0280249016643675,1.1752088570123749
zero_inflated,1,combined,No scaling,RBF-SVR,0.1111481744181323,1.1238340104148077
zero_inflated,1,combined,No scaling,KNN,0.0757760048532711,1.1459775411585595
zero_inflated,1,combined,Z-score,Ridge,0.0280155122121362,1.1752145333619
zero_inflated,1,combined,Z-score,RBF-SVR,-0.1011854813100878,1.2508859800168668
zero_inflated,1,combined,Z-score,KNN,0.0508790941211123,1.1613102422310233
zero_inflated,1,combined,Min-Max,Ridge,0.0260532135143538,1.1764002308795092
zero_inflated,1,combined,Min-Max,RBF-SVR,-0.0085295149157227,1.1971037543098555
zero_inflated,1,combined,Min-Max,KNN,0.06528105109032,1.1524657036582564
zero_inflated,1,combined,RobustScaler,Ridge,0.0280249016643675,1.1752088570123749
zero_inflated,1,combined,RobustScaler,RBF-SVR,0.1111481744181323,1.1238340104148077
zero_inflated,1,combined,RobustScaler,KNN,0.0757760048532711,1.1459775411585595
zero_inflated,1,combined,Winsorized Z-score,Ridge,0.0310058626825361,1.1734053427227236
zero_inflated,1,combined,Winsorized Z-score,RBF-SVR,-0.0648496066004886,1.2300750905361366
zero_inflated,1,combined,Winsorized Z-score,KNN,0.0423159921474897,1.1665372310152622
zero_inflated,1,combined,Yeo-Johnson,Ridge,0.0251572634000635,1.1769412017262697
zero_inflated,1,combined,Yeo-Johnson,RBF-SVR,0.0371988735430378,1.169649612925176
zero_inflated,1,combined,Yeo-Johnson,KNN,0.0618428261349723,1.154583345129431
zero_inflated,1,combined,Quantile-Normal,Ridge,-0.0412833530630059,1.216387502065969
zero_inflated,1,combined,Quantile-Normal,RBF-SVR,0.0782674175086725,1.1444319041306306
zero_inflated,1,combined,Quantile-Normal,KNN,0.0435819595127238,1.1657659502889235
zero_inflated,1,combined,Core-Norm ablation — residual channel removed,Ridge,-0.3948688635427715,1.4078428404186418
zero_inflated,1,combined,Core-Norm ablation — residual channel removed,RBF-SVR,0.103641337722526,1.128569726984146
zero_inflated,1,combined,Core-Norm ablation — residual channel removed,KNN,-0.0681548929317152,1.2319826839790435
zero_inflated,1,combined,Core-Norm,Ridge,-0.6482081992557036,1.5303597039233554
zero_inflated,1,combined,Core-Norm,RBF-SVR,0.0996201362919704,1.1310983620078514
zero_inflated,1,combined,Core-Norm,KNN,-0.0614699463430419,1.2281215096197275
bounded_beta,0,combined,No scaling,Ridge,-0.0293400669011414,1.165724445662085
bounded_beta,0,combined,No scaling,RBF-SVR,0.1489799770614397,1.0599523793405334
bounded_beta,0,combined,No scaling,KNN,-0.0282600245420832,1.1651127128362762
bounded_beta,0,combined,Z-score,Ridge,-0.0292874849616944,1.165694670839845
bounded_beta,0,combined,Z-score,RBF-SVR,0.0974320377063528,1.0915821410586215
bounded_beta,0,combined,Z-score,KNN,0.0439257408081009,1.1234720637569056
bounded_beta,0,combined,Min-Max,Ridge,-0.0202770704961572,1.160581191758229
bounded_beta,0,combined,Min-Max,RBF-SVR,0.044689039459159,1.1230235023978672
bounded_beta,0,combined,Min-Max,KNN,0.0359136109348583,1.128169724073559
bounded_beta,0,combined,RobustScaler,Ridge,-0.0293672772493176,1.165739853377883
bounded_beta,0,combined,RobustScaler,RBF-SVR,0.085719189623147,1.098642175893101
bounded_beta,0,combined,RobustScaler,KNN,0.0132843326344749,1.141333269406816
bounded_beta,0,combined,Winsorized Z-score,Ridge,-0.0128126182058423,1.1563279322991422
bounded_beta,0,combined,Winsorized Z-score,RBF-SVR,0.0853893405655248,1.0988403389756376
bounded_beta,0,combined,Winsorized Z-score,KNN,0.0545108167848645,1.1172355523777175
bounded_beta,0,combined,Yeo-Johnson,Ridge,-0.0348471003674746,1.1688386351348812
bounded_beta,0,combined,Yeo-Johnson,RBF-SVR,-0.0013441713206596,1.1497625322008276
bounded_beta,0,combined,Yeo-Johnson,KNN,0.0404118845156444,1.1255347167011465
bounded_beta,0,combined,Quantile-Normal,Ridge,-0.1486192650080104,1.2314152083850878
bounded_beta,0,combined,Quantile-Normal,RBF-SVR,0.0409364120727122,1.1252270562241944
bounded_beta,0,combined,Quantile-Normal,KNN,0.1249147467005538,1.074834622740689
bounded_beta,0,combined,Core-Norm ablation — residual channel removed,Ridge,0.0156621514010315,1.1399572293121432
bounded_beta,0,combined,Core-Norm ablation — residual channel removed,RBF-SVR,-0.1321920248547923,1.222577814492556
bounded_beta,0,combined,Core-Norm ablation — residual channel removed,KNN,0.167941570505457,1.0480774507064272
bounded_beta,0,combined,Core-Norm,Ridge,-0.6378257232505322,1.470450159409943
bounded_beta,0,combined,Core-Norm,RBF-SVR,-0.0669097226973842,1.18680755236638
bounded_beta,0,combined,Core-Norm,KNN,0.1676151238210566,1.0482830299329655
bounded_beta,1,combined,No scaling,Ridge,-0.0482804612706586,1.1415638600145843
bounded_beta,1,combined,No scaling,RBF-SVR,-1.3051732010943984,1.692829609582678
bounded_beta,1,combined,No scaling,KNN,-0.179649848965915,1.210982937167438
bounded_beta,1,combined,Z-score,Ridge,-0.0482202235811011,1.1415310605110889
bounded_beta,1,combined,Z-score,RBF-SVR,-1.009705573410757,1.580620769062192
bounded_beta,1,combined,Z-score,KNN,-0.1634929119634449,1.2026613013466598
bounded_beta,1,combined,Min-Max,Ridge,-0.0358511048507907,1.1347759750305018
bounded_beta,1,combined,Min-Max,RBF-SVR,-0.9663798294299312,1.5634902275757614
bounded_beta,1,combined,Min-Max,KNN,-0.1405947618472762,1.1907679916564389
bounded_beta,1,combined,RobustScaler,Ridge,-0.0483169071085254,1.1415837043650587
bounded_beta,1,combined,RobustScaler,RBF-SVR,-0.9663098351868198,1.5634624007319031
bounded_beta,1,combined,RobustScaler,KNN,-0.1227012406766909,1.1813907524556695
bounded_beta,1,combined,Winsorized Z-score,Ridge,-0.0403246796390084,1.1372237380061558
bounded_beta,1,combined,Winsorized Z-score,RBF-SVR,-1.2588064163019732,1.6757181441330593
bounded_beta,1,combined,Winsorized Z-score,KNN,-0.1472103558855491,1.194216301289747
bounded_beta,1,combined,Yeo-Johnson,Ridge,-0.0512873409412399,1.1431999141729932
bounded_beta,1,combined,Yeo-Johnson,RBF-SVR,-1.0418621982429874,1.5932160770782853
bounded_beta,1,combined,Yeo-Johnson,KNN,-0.1634792160392864,1.2026542228306347
bounded_beta,1,combined,Quantile-Normal,Ridge,-0.3863804494752301,1.312812425061053
bounded_beta,1,combined,Quantile-Normal,RBF-SVR,-0.2200991539467671,1.2315697941234824
bounded_beta,1,combined,Quantile-Normal,KNN,-0.0947591993152425,1.1665967638763306
bounded_beta,1,combined,Core-Norm ablation — residual channel removed,Ridge,-0.4613721999398645,1.347851003849193
bounded_beta,1,combined,Core-Norm ablation — residual channel removed,RBF-SVR,-0.1573868804646376,1.1995013560791876
bounded_beta,1,combined,Core-Norm ablation — residual channel removed,KNN,-0.1685204303882412,1.205256884075351
bounded_beta,1,combined,Core-Norm,Ridge,-0.2474122719194178,1.2452784480881791
bounded_beta,1,combined,Core-Norm,RBF-SVR,-0.0584748996963693,1.147101235736654
bounded_beta,1,combined,Core-Norm,KNN,-0.1767245822716741,1.20948052231842
mixed,0,combined,No scaling,Ridge,-0.0105387453621366,1.124327337114505
mixed,0,combined,No scaling,RBF-SVR,0.1268716682926348,1.0450939312614231
mixed,0,combined,No scaling,KNN,0.1458567087408361,1.0336693825416667
mixed,0,combined,Z-score,Ridge,-0.0104395827046477,1.1242721714801345
mixed,0,combined,Z-score,RBF-SVR,0.0177474497604595,1.1084800162908564
mixed,0,combined,Z-score,KNN,0.1437133669017458,1.034965487498723
mixed,0,combined,Min-Max,Ridge,0.0008729559306526,1.117960972416442
mixed,0,combined,Min-Max,RBF-SVR,0.0727136958573468,1.0770186114736675
mixed,0,combined,Min-Max,KNN,0.0625863129576577,1.0828839844628624
mixed,0,combined,RobustScaler,Ridge,-0.0105375480013851,1.1243266710213788
mixed,0,combined,RobustScaler,RBF-SVR,0.1150532519472846,1.0521432040577874
mixed,0,combined,RobustScaler,KNN,0.1499153131858662,1.0312106319532213
mixed,0,combined,Winsorized Z-score,Ridge,0.0064698036082669,1.1148253128739654
mixed,0,combined,Winsorized Z-score,RBF-SVR,0.0062558964892569,1.1149453173979962
mixed,0,combined,Winsorized Z-score,KNN,0.152353007131371,1.029731026061624
mixed,0,combined,Yeo-Johnson,Ridge,-0.0112948755113244,1.1247478943829747
mixed,0,combined,Yeo-Johnson,RBF-SVR,0.0349151460651964,1.0987503728249952
mixed,0,combined,Yeo-Johnson,KNN,0.1554344743023532,1.0278576215525783
mixed,0,combined,Quantile-Normal,Ridge,0.0354891593319613,1.09842356679455
mixed,0,combined,Quantile-Normal,RBF-SVR,0.0451946536451326,1.0928830908668838
mixed,0,combined,Quantile-Normal,KNN,0.1063284920384428,1.0573170644502676
mixed,0,combined,Core-Norm ablation — residual channel removed,Ridge,0.0885983427593443,1.0677539642175156
mixed,0,combined,Core-Norm ablation — residual channel removed,RBF-SVR,0.0267291572125887,1.103400412595751
mixed,0,combined,Core-Norm ablation — residual channel removed,KNN,0.1829503328935898,1.0109752280964257
mixed,0,combined,Core-Norm,Ridge,0.0509556921212013,1.0895810211691896
mixed,0,combined,Core-Norm,RBF-SVR,0.1429858302569389,1.0354050689527072
mixed,0,combined,Core-Norm,KNN,0.188157993202706,1.0077482323814442
mixed,1,combined,No scaling,Ridge,-0.3882463655246306,1.1970935418893194
mixed,1,combined,No scaling,RBF-SVR,-0.0840202371446432,1.0578242293532794
mixed,1,combined,No scaling,KNN,0.2104801378617978,0.9027683926962798
mixed,1,combined,Z-score,Ridge,-0.3878728498700761,1.196932488610539
mixed,1,combined,Z-score,RBF-SVR,0.1404474570671983,0.9419568962805224
mixed,1,combined,Z-score,KNN,0.1636729007123407,0.929143728728832
mixed,1,combined,Min-Max,Ridge,-0.3378432373346185,1.1751611596788156
mixed,1,combined,Min-Max,RBF-SVR,0.2694614558141388,0.8683931373686643
mixed,1,combined,Min-Max,KNN,0.1810051729794894,0.9194654073740204
mixed,1,combined,RobustScaler,Ridge,-0.389676069523176,1.1977098046228951
mixed,1,combined,RobustScaler,RBF-SVR,0.1416734901720028,0.9412848707845844
mixed,1,combined,RobustScaler,KNN,0.0528037759122682,0.988814427252087
mixed,1,combined,Winsorized Z-score,Ridge,0.1280188605355221,0.9487425115467778
mixed,1,combined,Winsorized Z-score,RBF-SVR,0.0019158144933879,1.015028887726352
mixed,1,combined,Winsorized Z-score,KNN,0.1783346268048675,0.920963265677456
mixed,1,combined,Yeo-Johnson,Ridge,-0.3850914400002445,1.195732512154561
mixed,1,combined,Yeo-Johnson,RBF-SVR,0.1460678708637321,0.9388722271963148
mixed,1,combined,Yeo-Johnson,KNN,0.1657807967953473,0.9279720734812404
mixed,1,combined,Quantile-Normal,Ridge,-0.0437638689289994,1.037996633264359
mixed,1,combined,Quantile-Normal,RBF-SVR,0.1231140928859843,0.951407039531279
mixed,1,combined,Quantile-Normal,KNN,0.131362425292939,0.9469218134742164
mixed,1,combined,Core-Norm ablation — residual channel removed,Ridge,0.0853711791806716,0.9716665594114692
mixed,1,combined,Core-Norm ablation — residual channel removed,RBF-SVR,-0.0163663248226655,1.0242829624465024
mixed,1,combined,Core-Norm ablation — residual channel removed,KNN,0.1067635035232599,0.9602361349754236
mixed,1,combined,Core-Norm,Ridge,0.0879343683327694,0.9703040872862908
mixed,1,combined,Core-Norm,RBF-SVR,0.0881651284915998,0.9701813320360504
mixed,1,combined,Core-Norm,KNN,0.1257181735233965,0.9499932964496722
heteroscedastic,0,combined,No scaling,Ridge,-0.0056065397009721,1.0787680904879282
heteroscedastic,0,combined,No scaling,RBF-SVR,-0.2421340412152797,1.198942289920762
heteroscedastic,0,combined,No scaling,KNN,-0.0290219875559953,1.0912553214306695
heteroscedastic,0,combined,Z-score,Ridge,-0.0056682081176822,1.078801167490525
heteroscedastic,0,combined,Z-score,RBF-SVR,-0.076436718675154,1.1161133403366408
heteroscedastic,0,combined,Z-score,KNN,0.0141975900872153,1.0680927937686897
heteroscedastic,0,combined,Min-Max,Ridge,-0.0024132016773457,1.077053896017513
heteroscedastic,0,combined,Min-Max,RBF-SVR,-0.0815195785659526,1.118745342043123
heteroscedastic,0,combined,Min-Max,KNN,0.017626798081911,1.066233443894593
heteroscedastic,0,combined,RobustScaler,Ridge,-0.005703520094985,1.0788201072698855
heteroscedastic,0,combined,RobustScaler,RBF-SVR,0.0192448104469361,1.0653550150856366
heteroscedastic,0,combined,RobustScaler,KNN,0.0174420196873644,1.0663337151764452
heteroscedastic,0,combined,Winsorized Z-score,Ridge,0.0031658623786612,1.0740524705962766
heteroscedastic,0,combined,Winsorized Z-score,RBF-SVR,-0.1574469996984855,1.1573497014926846
heteroscedastic,0,combined,Winsorized Z-score,KNN,0.0162766782278459,1.0669658787122525
heteroscedastic,0,combined,Yeo-Johnson,Ridge,-0.0054541929732936,1.0786863721383455
heteroscedastic,0,combined,Yeo-Johnson,RBF-SVR,-0.1072422321497985,1.1319711759724256
heteroscedastic,0,combined,Yeo-Johnson,KNN,0.006386739197246,1.0723158779616309
heteroscedastic,0,combined,Quantile-Normal,Ridge,-0.0132342022096507,1.0828516629192515
heteroscedastic,0,combined,Quantile-Normal,RBF-SVR,0.0200568201883389,1.06491389695916
heteroscedastic,0,combined,Quantile-Normal,KNN,0.0820452727880405,1.030681969223626
heteroscedastic,0,combined,Core-Norm ablation — residual channel removed,Ridge,0.0021997445388354,1.0745728229365676
heteroscedastic,0,combined,Core-Norm ablation — residual channel removed,RBF-SVR,0.0009304636357646,1.0752560765602632
heteroscedastic,0,combined,Core-Norm ablation — residual channel removed,KNN,0.1115485538502961,1.0139835198499214
heteroscedastic,0,combined,Core-Norm,Ridge,-0.2054770932174703,1.1811186532660427
heteroscedastic,0,combined,Core-Norm,RBF-SVR,0.0780994834751802,1.0328947651528375
heteroscedastic,0,combined,Core-Norm,KNN,0.1246894539429387,1.0064567751305522
heteroscedastic,1,combined,No scaling,Ridge,0.0174416183307761,1.1407092766005715
heteroscedastic,1,combined,No scaling,RBF-SVR,-0.3937023038881428,1.3585661827684496
heteroscedastic,1,combined,No scaling,KNN,-0.2560281331840619,1.289720118636338
heteroscedastic,1,combined,Z-score,Ridge,0.0176164969771966,1.1406077586780612
heteroscedastic,1,combined,Z-score,RBF-SVR,-0.1002529951489228,1.20709672257421
heteroscedastic,1,combined,Z-score,KNN,0.0707767713690671,1.109317386666142
heteroscedastic,1,combined,Min-Max,Ridge,0.0187583732673551,1.1399446715823454
heteroscedastic,1,combined,Min-Max,RBF-SVR,0.0450406034758379,1.1245745327992012
heteroscedastic,1,combined,Min-Max,KNN,0.0878223439731381,1.099095692886654
heteroscedastic,1,combined,RobustScaler,Ridge,0.0175986074873234,1.1406181440306202
heteroscedastic,1,combined,RobustScaler,RBF-SVR,0.0658831249009317,1.1122345966648342
heteroscedastic,1,combined,RobustScaler,KNN,0.0844380619213378,1.1011326897957656
heteroscedastic,1,combined,Winsorized Z-score,Ridge,0.0245945050331795,1.1365495908132512
heteroscedastic,1,combined,Winsorized Z-score,RBF-SVR,-0.1723450297222868,1.246015699266375
heteroscedastic,1,combined,Winsorized Z-score,KNN,0.0340343321218531,1.1310365421133484
heteroscedastic,1,combined,Yeo-Johnson,Ridge,0.01119894908088,1.1443272782093106
heteroscedastic,1,combined,Yeo-Johnson,RBF-SVR,-0.0690577376851886,1.1898613882544071
heteroscedastic,1,combined,Yeo-Johnson,KNN,0.0730502483691567,1.107959504087809
heteroscedastic,1,combined,Quantile-Normal,Ridge,-0.2605173553904041,1.2920228839333272
heteroscedastic,1,combined,Quantile-Normal,RBF-SVR,0.0076097983166569,1.1464022369809903
heteroscedastic,1,combined,Quantile-Normal,KNN,0.0121925981922224,1.1437521647502744
heteroscedastic,1,combined,Core-Norm ablation — residual channel removed,Ridge,-0.1822579369060581,1.2512725294978544
heteroscedastic,1,combined,Core-Norm ablation — residual channel removed,RBF-SVR,-0.0268335165504507,1.166126887305742
heteroscedastic,1,combined,Core-Norm ablation — residual channel removed,KNN,9.654489066368566e-05,1.1507336832079496
heteroscedastic,1,combined,Core-Norm,Ridge,-0.1954874062442984,1.25825392477594
heteroscedastic,1,combined,Core-Norm,RBF-SVR,0.0011938378599366,1.15010210293735
heteroscedastic,1,combined,Core-Norm,KNN,0.0018390855966324,1.1497305490270169
diabetes,0,combined,No scaling,Ridge,-0.0204064736960285,72.14980863551474
diabetes,0,combined,No scaling,RBF-SVR,0.0133599297738448,70.94600670958928
diabetes,0,combined,No scaling,KNN,-0.0286640524835404,72.44115441931238
diabetes,0,combined,Z-score,Ridge,-0.0238710288887538,72.27218887500504
diabetes,0,combined,Z-score,RBF-SVR,0.0151505089099568,70.88160017881853
diabetes,0,combined,Z-score,KNN,-0.0784971606662279,74.17509034840319
diabetes,0,combined,Min-Max,Ridge,0.0145252258951257,70.90409804697272
diabetes,0,combined,Min-Max,RBF-SVR,0.0109715504523231,71.0318250130898
diabetes,0,combined,Min-Max,KNN,-0.0149694645293778,71.95733479252675
diabetes,0,combined,RobustScaler,Ridge,-0.0244084241798794,72.29115300131461
diabetes,0,combined,RobustScaler,RBF-SVR,0.0170577607998424,70.81293253868652
diabetes,0,combined,RobustScaler,KNN,-0.0052968586766144,71.6136391655133
diabetes,0,combined,Winsorized Z-score,Ridge,0.0079489951480786,71.14028187101665
diabetes,0,combined,Winsorized Z-score,RBF-SVR,0.0211737919091171,70.664513847312
diabetes,0,combined,Winsorized Z-score,KNN,-0.1553915005921176,76.77382265299158
diabetes,0,combined,Yeo-Johnson,Ridge,-0.0110895849672627,71.81966901961775
diabetes,0,combined,Yeo-Johnson,RBF-SVR,0.0154968484182366,70.86913570712339
diabetes,0,combined,Yeo-Johnson,KNN,-0.0878941884379225,74.49753609945012
diabetes,0,combined,Quantile-Normal,Ridge,-0.1447159530872475,76.41831345030573
diabetes,0,combined,Quantile-Normal,RBF-SVR,0.0528161922297282,69.51294903143778
diabetes,0,combined,Quantile-Normal,KNN,-0.0529780424514831,73.29228107504525
diabetes,0,combined,Core-Norm ablation — residual channel removed,Ridge,-0.1396484368556705,76.2489786156855
diabetes,0,combined,Core-Norm ablation — residual channel removed,RBF-SVR,0.082325442593606,68.42155285472693
diabetes,0,combined,Core-Norm ablation — residual channel removed,KNN,-0.041152523315576,72.87956284578672
diabetes,0,combined,Core-Norm,Ridge,-0.3313580048645121,82.41305393690999
diabetes,0,combined,Core-Norm,RBF-SVR,0.047219906829156,69.71799972093355
diabetes,0,combined,Core-Norm,KNN,-0.0313133626903214,72.53438003410626
diabetes,1,combined,No scaling,Ridge,-0.1470650776004083,75.99252393960214
diabetes,1,combined,No scaling,RBF-SVR,0.01788423810832,70.31665137696112
diabetes,1,combined,No scaling,KNN,-0.1630934935429788,76.52161955668127
diabetes,1,combined,Z-score,Ridge,-0.1566445024625058,76.30918039937134
diabetes,1,combined,Z-score,RBF-SVR,0.0163058244518325,70.37313362113223
diabetes,1,combined,Z-score,KNN,-0.0062490011531737,71.1753434016086
diabetes,1,combined,Min-Max,Ridge,-0.0736072647317305,73.5189948604842
diabetes,1,combined,Min-Max,RBF-SVR,0.016615488204694,70.3620561315613
diabetes,1,combined,Min-Max,KNN,-0.1334066865038083,75.53873805346424
diabetes,1,combined,RobustScaler,Ridge,-0.1574179816007086,76.33469113089092
diabetes,1,combined,RobustScaler,RBF-SVR,0.0186756694687364,70.28831356730839
diabetes,1,combined,RobustScaler,KNN,-0.0694452747830067,73.37635310836416
diabetes,1,combined,Winsorized Z-score,Ridge,-0.1702575982684826,76.75692622482786
diabetes,1,combined,Winsorized Z-score,RBF-SVR,0.0243867657835934,70.08348369040246
diabetes,1,combined,Winsorized Z-score,KNN,0.1140914805550259,66.78382342367723
diabetes,1,combined,Yeo-Johnson,Ridge,-0.1469987434862807,75.99032660584382
diabetes,1,combined,Yeo-Johnson,RBF-SVR,0.0157006215451326,70.39477829351993
diabetes,1,combined,Yeo-Johnson,KNN,0.0094030574001033,70.6196127369679
diabetes,1,combined,Quantile-Normal,Ridge,-0.6651287992895951,91.55894001147568
diabetes,1,combined,Quantile-Normal,RBF-SVR,0.0326773121974305,69.78507137202125
diabetes,1,combined,Quantile-Normal,KNN,0.0872636710085684,67.78748298472127
diabetes,1,combined,Core-Norm ablation — residual channel removed,Ridge,-0.8749299834731779,97.15594205198823
diabetes,1,combined,Core-Norm ablation — residual channel removed,RBF-SVR,0.043056326797645,69.4096776973644
diabetes,1,combined,Core-Norm ablation — residual channel removed,KNN,-0.0196036800633327,71.64609707945401
diabetes,1,combined,Core-Norm,Ridge,-0.7893497871979582,94.9127295037597
diabetes,1,combined,Core-Norm,RBF-SVR,0.0269215071158652,69.99238250878578
diabetes,1,combined,Core-Norm,KNN,-0.0009166894749217,70.98650681597185
gaussian,0,row5,No scaling,Ridge,-0.0238999512762965,1.088536029589492
gaussian,0,row5,No scaling,RBF-SVR,0.730177984465409,0.5587952918055349
gaussian,0,row5,No scaling,KNN,0.5551645643582532,0.7174865020346781
gaussian,0,row5,Z-score,Ridge,-0.0236379923939706,1.0883967728572972
gaussian,0,row5,Z-score,RBF-SVR,0.730859211756806,0.5580894428479249
gaussian,0,row5,Z-score,KNN,0.5536683707781893,0.7186921136554283
gaussian,0,row5,Min-Max,Ridge,-0.0059844986089296,1.0789707998424425
gaussian,0,row5,Min-Max,RBF-SVR,0.7303222590161581,0.5586458771639377
gaussian,0,row5,Min-Max,KNN,0.547356293765856,0.723756188625969
gaussian,0,row5,RobustScaler,Ridge,-0.0238954589335675,1.0885336416206894
gaussian,0,row5,RobustScaler,RBF-SVR,0.7301042814808686,0.5588716052016103
gaussian,0,row5,RobustScaler,KNN,0.5528436405744575,0.7193558057370392
gaussian,0,row5,Winsorized Z-score,Ridge,-0.0188302669441633,1.0858378255042154
gaussian,0,row5,Winsorized Z-score,RBF-SVR,0.7315750759304417,0.5573467418735712
gaussian,0,row5,Winsorized Z-score,KNN,0.5575716084771221,0.7155426772673256
gaussian,0,row5,Yeo-Johnson,Ridge,-0.0231829244613006,1.0881548174334918
gaussian,0,row5,Yeo-Johnson,RBF-SVR,0.730519113243138,0.5584419450966999
gaussian,0,row5,Yeo-Johnson,KNN,0.549413918071515,0.7221092922022083
gaussian,0,row5,Quantile-Normal,Ridge,0.5245837297821994,0.7417389198092146
gaussian,0,row5,Quantile-Normal,RBF-SVR,0.6421631601198118,0.6435118847874802
gaussian,0,row5,Quantile-Normal,KNN,0.5638433562386993,0.7104529032734683
gaussian,0,row5,Core-Norm ablation — residual channel removed,Ridge,0.5953219001254942,0.6843352299474776
gaussian,0,row5,Core-Norm ablation — residual channel removed,RBF-SVR,0.6252133083464799,0.6585763453855714
gaussian,0,row5,Core-Norm ablation — residual channel removed,KNN,0.5545894082419951,0.7179501942366666
gaussian,0,row5,Core-Norm,Ridge,0.6889579627756848,0.5999617884875242
gaussian,0,row5,Core-Norm,RBF-SVR,0.6382268454361999,0.6470416180761747
gaussian,0,row5,Core-Norm,KNN,0.5582678432518453,0.7149794427946142
gaussian,1,row5,No scaling,Ridge,-0.0049529756888999,1.153636511825206
gaussian,1,row5,No scaling,RBF-SVR,0.7392512128004181,0.5876344807211884
gaussian,1,row5,No scaling,KNN,0.4931945224693996,0.8192506082894464
gaussian,1,row5,Z-score,Ridge,-0.0049135277412695,1.153613869452674
gaussian,1,row5,Z-score,RBF-SVR,0.7428235494794408,0.5835952137994511
gaussian,1,row5,Z-score,KNN,0.5004510618742803,0.8133643674578911
gaussian,1,row5,Min-Max,Ridge,-0.0015757315661037,1.15169642554592
gaussian,1,row5,Min-Max,RBF-SVR,0.7414637061029825,0.5851360854337633
gaussian,1,row5,Min-Max,KNN,0.5118740620511396,0.8040111384747232
gaussian,1,row5,RobustScaler,Ridge,-0.0049522952028171,1.1536361212428887
gaussian,1,row5,RobustScaler,RBF-SVR,0.740878376576529,0.5857980887972308
gaussian,1,row5,RobustScaler,KNN,0.4972367409165376,0.8159769463590556
gaussian,1,row5,Winsorized Z-score,Ridge,-0.0053275367437206,1.153851480616524
gaussian,1,row5,Winsorized Z-score,RBF-SVR,0.7439894507579292,0.582270855918371
gaussian,1,row5,Winsorized Z-score,KNN,0.4976298788135038,0.8156578556235409
gaussian,1,row5,Yeo-Johnson,Ridge,-0.012870503566148,1.1581720620036624
gaussian,1,row5,Yeo-Johnson,RBF-SVR,0.7426277664418333,0.5838173109358138
gaussian,1,row5,Yeo-Johnson,KNN,0.4987413057298279,0.814755088903949
gaussian,1,row5,Quantile-Normal,Ridge,0.4315177989402532,0.8676699530184528
gaussian,1,row5,Quantile-Normal,RBF-SVR,0.6822564875317432,0.6486859155840246
gaussian,1,row5,Quantile-Normal,KNN,0.5275824236655611,0.7909684232181083
gaussian,1,row5,Core-Norm ablation — residual channel removed,Ridge,0.5401981686149362,0.7803356904771033
gaussian,1,row5,Core-Norm ablation — residual channel removed,RBF-SVR,0.6624482296993169,0.6685999156724378
gaussian,1,row5,Core-Norm ablation — residual channel removed,KNN,0.526423834854964,0.7919377415010778
gaussian,1,row5,Core-Norm,Ridge,0.7117162187314339,0.6178829728190252
gaussian,1,row5,Core-Norm,RBF-SVR,0.6932243400737665,0.6373919467426783
gaussian,1,row5,Core-Norm,KNN,0.5133917483680794,0.8027602454374931
correlated,0,row5,No scaling,Ridge,-0.0122642009886839,1.0823332146963334
correlated,0,row5,No scaling,RBF-SVR,0.4816330035212997,0.7745201460900707
correlated,0,row5,No scaling,KNN,0.3734046578734172,0.8515450491250458
correlated,0,row5,Z-score,Ridge,-0.0120953656584894,1.0822429498693402
correlated,0,row5,Z-score,RBF-SVR,0.4740073836306014,0.7801962725537841
correlated,0,row5,Z-score,KNN,0.3635191771929074,0.858235962335183
correlated,0,row5,Min-Max,Ridge,-0.0010834774317303,1.076339290529097
correlated,0,row5,Min-Max,RBF-SVR,0.471032661119289,0.7823993408141888
correlated,0,row5,Min-Max,KNN,0.3584557346677727,0.8616429934247302
correlated,0,row5,RobustScaler,Ridge,-0.0122584100967186,1.082330118822907
correlated,0,row5,RobustScaler,RBF-SVR,0.4717246086970443,0.7818874410703319
correlated,0,row5,RobustScaler,KNN,0.3579194240383784,0.8620030712747437
correlated,0,row5,Winsorized Z-score,Ridge,-0.0106253415259407,1.0814567090593992
correlated,0,row5,Winsorized Z-score,RBF-SVR,0.4901898907447918,0.7681008907203242
correlated,0,row5,Winsorized Z-score,KNN,0.3619044536896488,0.8593239259519047
correlated,0,row5,Yeo-Johnson,Ridge,-0.012764141582007,1.0826004549657793
correlated,0,row5,Yeo-Johnson,RBF-SVR,0.4741311007072866,0.7801045133964327
correlated,0,row5,Yeo-Johnson,KNN,0.3580907011915458,0.8618880924972563
correlated,0,row5,Quantile-Normal,Ridge,0.3409072769422688,0.8733479507838091
correlated,0,row5,Quantile-Normal,RBF-SVR,0.559750857437492,0.7137782441881506
correlated,0,row5,Quantile-Normal,KNN,0.3585894907488168,0.8615531664213143
correlated,0,row5,Core-Norm ablation — residual channel removed,Ridge,0.3725355750704521,0.8521353876344251
correlated,0,row5,Core-Norm ablation — residual channel removed,RBF-SVR,0.5604722045995741,0.7131932424900669
correlated,0,row5,Core-Norm ablation — residual channel removed,KNN,0.3589293970625223,0.8613248522882552
correlated,0,row5,Core-Norm,Ridge,0.4867010002489245,0.770724662421697
correlated,0,row5,Core-Norm,RBF-SVR,0.5832443965919447,0.6944720491394574
correlated,0,row5,Core-Norm,KNN,0.3639462103987704,0.8579480064888179
correlated,1,row5,No scaling,Ridge,-0.0025516605597089,1.0591635970674886
correlated,1,row5,No scaling,RBF-SVR,0.6984574271824115,0.5808767361536337
correlated,1,row5,No scaling,KNN,0.528894156227276,0.7260539813600089
correlated,1,row5,Z-score,Ridge,-0.0025338840042163,1.059154206846185
correlated,1,row5,Z-score,RBF-SVR,0.7008603475111135,0.5785576733106672
correlated,1,row5,Z-score,KNN,0.5353928361533344,0.7210288074019916
correlated,1,row5,Min-Max,Ridge,-0.0023533593751363,1.0590588424741787
correlated,1,row5,Min-Max,RBF-SVR,0.700757368660753,0.5786572490053552
correlated,1,row5,Min-Max,KNN,0.5365129462153151,0.7201591275438962
correlated,1,row5,RobustScaler,Ridge,-0.0025511680822729,1.0591633369241678
correlated,1,row5,RobustScaler,RBF-SVR,0.7005212252070201,0.5788855239225986
correlated,1,row5,RobustScaler,KNN,0.5302187318207496,0.7250325651075242
correlated,1,row5,Winsorized Z-score,Ridge,0.0016358671796351,1.0569492882148177
correlated,1,row5,Winsorized Z-score,RBF-SVR,0.7011546043845582,0.5782730462850091
correlated,1,row5,Winsorized Z-score,KNN,0.5311778612797671,0.7242920551692175
correlated,1,row5,Yeo-Johnson,Ridge,-0.0066241175789154,1.061312626845215
correlated,1,row5,Yeo-Johnson,RBF-SVR,0.700480566703197,0.5789248185612591
correlated,1,row5,Yeo-Johnson,KNN,0.5298584022779435,0.7253105674394298
correlated,1,row5,Quantile-Normal,Ridge,0.4835685647981536,0.7601792318858218
correlated,1,row5,Quantile-Normal,RBF-SVR,0.6413971926811299,0.6334560787871739
correlated,1,row5,Quantile-Normal,KNN,0.5258675671066504,0.7283824910042492
correlated,1,row5,Core-Norm ablation — residual channel removed,Ridge,0.5370673661668508,0.7197282740195492
correlated,1,row5,Core-Norm ablation — residual channel removed,RBF-SVR,0.6284673940859388,0.6447749142674134
correlated,1,row5,Core-Norm ablation — residual channel removed,KNN,0.5253652915776907,0.728768197439591
correlated,1,row5,Core-Norm,Ridge,0.6648561585678665,0.6123860473773123
correlated,1,row5,Core-Norm,RBF-SVR,0.6453758710020003,0.6299321971203773
correlated,1,row5,Core-Norm,KNN,0.5259928577284685,0.7282862462437467
lognormal,0,row5,No scaling,Ridge,-0.0321802757512383,1.0929286862283392
lognormal,0,row5,No scaling,RBF-SVR,0.5807638718071048,0.6965357279601055
lognormal,0,row5,No scaling,KNN,0.4814895441063622,0.7746273139086102
lognormal,0,row5,Z-score,Ridge,-0.0318008120179573,1.092727769327933
lognormal,0,row5,Z-score,RBF-SVR,0.583427606401949,0.6943193840312434
lognormal,0,row5,Z-score,KNN,0.4829328145343211,0.7735484776470802
lognormal,0,row5,Min-Max,Ridge,-0.0054558578574468,1.0786872652109076
lognormal,0,row5,Min-Max,RBF-SVR,0.5814516472597088,0.6959641445676933
lognormal,0,row5,Min-Max,KNN,0.4794625621077402,0.7761399392243463
lognormal,0,row5,RobustScaler,Ridge,-0.03217427087565,1.0929255070790729
lognormal,0,row5,RobustScaler,RBF-SVR,0.5821310642984582,0.6953990462442102
lognormal,0,row5,RobustScaler,KNN,0.4822695482570599,0.774044452062619
lognormal,0,row5,Winsorized Z-score,Ridge,-0.0090153929567324,1.0805949734778213
lognormal,0,row5,Winsorized Z-score,RBF-SVR,0.5971022517656919,0.682828229292251
lognormal,0,row5,Winsorized Z-score,KNN,0.4816418377588793,0.7745135462060312
lognormal,0,row5,Yeo-Johnson,Ridge,-0.0214038502120859,1.087208383309582
lognormal,0,row5,Yeo-Johnson,RBF-SVR,0.5874156321178304,0.6909878831534115
lognormal,0,row5,Yeo-Johnson,KNN,0.4764988864821673,0.778346276424362
lognormal,0,row5,Quantile-Normal,Ridge,0.4730925882929461,0.7808744283284721
lognormal,0,row5,Quantile-Normal,RBF-SVR,0.6448759811790243,0.6410679582931014
lognormal,0,row5,Quantile-Normal,KNN,0.5640270330123123,0.7103032925310893
lognormal,0,row5,Core-Norm ablation — residual channel removed,Ridge,0.5725413542892444,0.7033331703757331
lognormal,0,row5,Core-Norm ablation — residual channel removed,RBF-SVR,0.6065780157048498,0.674750724378505
lognormal,0,row5,Core-Norm ablation — residual channel removed,KNN,0.5608922605313076,0.7128523622697382
lognormal,0,row5,Core-Norm,Ridge,0.6544797769394873,0.6323401864084415
lognormal,0,row5,Core-Norm,RBF-SVR,0.6292615828084667,0.6550098681073477
lognormal,0,row5,Core-Norm,KNN,0.5566478182782617,0.7162893140527868
lognormal,1,row5,No scaling,Ridge,-0.0056732259717728,1.0373711559167669
lognormal,1,row5,No scaling,RBF-SVR,0.7188902348887476,0.5484583974788262
lognormal,1,row5,No scaling,KNN,0.4906203131714318,0.7382892337424151
lognormal,1,row5,Z-score,Ridge,-0.0055223604585599,1.0372933426680515
lognormal,1,row5,Z-score,RBF-SVR,0.7201693845919239,0.5472091340380023
lognormal,1,row5,Z-score,KNN,0.4524818234536121,0.7654291455183545
lognormal,1,row5,Min-Max,Ridge,0.0077573467972159,1.030420926910482
lognormal,1,row5,Min-Max,RBF-SVR,0.720136149813078,0.5472416283999403
lognormal,1,row5,Min-Max,KNN,0.4530589998868726,0.7650255934774126
lognormal,1,row5,RobustScaler,Ridge,-0.0056708748701623,1.037369943312932
lognormal,1,row5,RobustScaler,RBF-SVR,0.7189955315227081,0.5483556685108146
lognormal,1,row5,RobustScaler,KNN,0.4734309546571713,0.7506429098989122
lognormal,1,row5,Winsorized Z-score,Ridge,0.0132930383392451,1.027542563235555
lognormal,1,row5,Winsorized Z-score,RBF-SVR,0.7183742175023415,0.5489615537984291
lognormal,1,row5,Winsorized Z-score,KNN,0.4825909372534558,0.7440853259589278
lognormal,1,row5,Yeo-Johnson,Ridge,-0.0175131192099791,1.043459825817999
lognormal,1,row5,Yeo-Johnson,RBF-SVR,0.718811856419936,0.5485348521928618
lognormal,1,row5,Yeo-Johnson,KNN,0.4449653440722819,0.7706652465206074
lognormal,1,row5,Quantile-Normal,Ridge,0.2741576036575589,0.8813063312617923
lognormal,1,row5,Quantile-Normal,RBF-SVR,0.5468267843094792,0.6963664527951882
lognormal,1,row5,Quantile-Normal,KNN,0.3629691834323367,0.8256309128753309
lognormal,1,row5,Core-Norm ablation — residual channel removed,Ridge,0.3627084433874076,0.825799863114414
lognormal,1,row5,Core-Norm ablation — residual channel removed,RBF-SVR,0.4540876187437856,0.764305872259842
lognormal,1,row5,Core-Norm ablation — residual channel removed,KNN,0.4105813790306661,0.7941776306151914
lognormal,1,row5,Core-Norm,Ridge,0.3683026081588118,0.8221674259075749
lognormal,1,row5,Core-Norm,RBF-SVR,0.5741739134499807,0.6750281060556664
lognormal,1,row5,Core-Norm,KNN,0.4581880740503193,0.7614300359441837
student_t,0,row5,No scaling,Ridge,-0.0574257045059607,0.9848875804706608
student_t,0,row5,No scaling,RBF-SVR,0.5748310065102556,0.6245144936099518
student_t,0,row5,No scaling,KNN,0.4384925399066776,0.717694296056444
student_t,0,row5,Z-score,Ridge,-0.0568284525834337,0.9846094006033348
student_t,0,row5,Z-score,RBF-SVR,0.5776326963019948,0.6224534450741744
student_t,0,row5,Z-score,KNN,0.4445195325653475,0.7138321852048696
student_t,0,row5,Min-Max,Ridge,-0.0124362641595872,0.9637082473577508
student_t,0,row5,Min-Max,RBF-SVR,0.5660232212814689,0.6309500444383356
student_t,0,row5,Min-Max,KNN,0.4409841609964781,0.7161001850787663
student_t,0,row5,RobustScaler,Ridge,-0.0574129511135401,0.9848816411901876
student_t,0,row5,RobustScaler,RBF-SVR,0.5746720273065072,0.6246312419371263
student_t,0,row5,RobustScaler,KNN,0.4436385526794947,0.7143980220679025
student_t,0,row5,Winsorized Z-score,Ridge,-0.0315314999343132,0.9727538909838545
student_t,0,row5,Winsorized Z-score,RBF-SVR,0.5762146729973352,0.6234974580533258
student_t,0,row5,Winsorized Z-score,KNN,0.4593073182868088,0.7042664097771069
student_t,0,row5,Yeo-Johnson,Ridge,-0.0527202553707886,0.9826938067170558
student_t,0,row5,Yeo-Johnson,RBF-SVR,0.5865417121938944,0.6158537358576556
student_t,0,row5,Yeo-Johnson,KNN,0.4491983060377607,0.7108195484750796
student_t,0,row5,Quantile-Normal,Ridge,0.4320293532306851,0.7218129594552888
student_t,0,row5,Quantile-Normal,RBF-SVR,0.5827626175578549,0.6186618493053095
student_t,0,row5,Quantile-Normal,KNN,0.4759520171473009,0.6933415965469912
student_t,0,row5,Core-Norm ablation — residual channel removed,Ridge,0.5343719115608851,0.6535537556964756
student_t,0,row5,Core-Norm ablation — residual channel removed,RBF-SVR,0.5520793966620348,0.6410062279294784
student_t,0,row5,Core-Norm ablation — residual channel removed,KNN,0.4733346906962153,0.6950708667149147
student_t,0,row5,Core-Norm,Ridge,0.5352417994660077,0.6529429846788984
student_t,0,row5,Core-Norm,RBF-SVR,0.5875294648229248,0.6151176581039981
student_t,0,row5,Core-Norm,KNN,0.4706141622293183,0.6968637742402867
student_t,1,row5,No scaling,Ridge,0.0469625539948127,0.8824271519000418
student_t,1,row5,No scaling,RBF-SVR,0.5286072138193447,0.6206051087061552
student_t,1,row5,No scaling,KNN,0.300344774429819,0.7560768160569885
student_t,1,row5,Z-score,Ridge,0.0469930315363683,0.8824130420529824
student_t,1,row5,Z-score,RBF-SVR,0.5266303564699559,0.6219050482183194
student_t,1,row5,Z-score,KNN,0.2943483372555141,0.7593099043958619
student_t,1,row5,Min-Max,Ridge,0.0457869105229804,0.8829712543317902
student_t,1,row5,Min-Max,RBF-SVR,0.5329897069528247,0.6177135194752811
student_t,1,row5,Min-Max,KNN,0.3063143071428224,0.7528444426904985
student_t,1,row5,RobustScaler,Ridge,0.0469628216323474,0.8824270279958631
student_t,1,row5,RobustScaler,RBF-SVR,0.5270573464889579,0.6216244987984311
student_t,1,row5,RobustScaler,KNN,0.3069345041291375,0.7525078231898576
student_t,1,row5,Winsorized Z-score,Ridge,-0.0110189604738721,0.9088736873087092
student_t,1,row5,Winsorized Z-score,RBF-SVR,0.5815237844130312,0.5847352426068385
student_t,1,row5,Winsorized Z-score,KNN,0.2882471556020947,0.7625853993834969
student_t,1,row5,Yeo-Johnson,Ridge,0.0499638738647016,0.881036579799652
student_t,1,row5,Yeo-Johnson,RBF-SVR,0.5249917399472248,0.6229805116818248
student_t,1,row5,Yeo-Johnson,KNN,0.310575888656646,0.7505283716958219
student_t,1,row5,Quantile-Normal,Ridge,0.2744165872321661,0.7699589174113717
student_t,1,row5,Quantile-Normal,RBF-SVR,0.4031052005850735,0.698349421516726
student_t,1,row5,Quantile-Normal,KNN,0.313590736065832,0.7488855457286434
student_t,1,row5,Core-Norm ablation — residual channel removed,Ridge,0.3082713943851866,0.7517816970212544
student_t,1,row5,Core-Norm ablation — residual channel removed,RBF-SVR,0.3034470400480408,0.7543987345931907
student_t,1,row5,Core-Norm ablation — residual channel removed,KNN,0.2956166908833043,0.7586271974213112
student_t,1,row5,Core-Norm,Ridge,0.2874073070585882,0.7630351815117048
student_t,1,row5,Core-Norm,RBF-SVR,0.4255903455962166,0.6850696780388523
student_t,1,row5,Core-Norm,KNN,0.3054483388624499,0.7533142059258834
laplace,0,row5,No scaling,Ridge,-0.0245135366484918,1.100968284679862
laplace,0,row5,No scaling,RBF-SVR,0.7571157363385566,0.5360627710871192
laplace,0,row5,No scaling,KNN,0.5105308508832971,0.7609894218734463
laplace,0,row5,Z-score,Ridge,-0.0240981991012698,1.1007450959153386
laplace,0,row5,Z-score,RBF-SVR,0.7569208199296913,0.5362778251093853
laplace,0,row5,Z-score,KNN,0.5078090953909317,0.7631022780049874
laplace,0,row5,Min-Max,Ridge,0.0036996014639825,1.0857031804756254
laplace,0,row5,Min-Max,RBF-SVR,0.75684113272637,0.5363657202929631
laplace,0,row5,Min-Max,KNN,0.5119351269425174,0.7598970069527283
laplace,0,row5,RobustScaler,Ridge,-0.0245052001209336,1.100963805348555
laplace,0,row5,RobustScaler,RBF-SVR,0.7564670078954119,0.536778188505702
laplace,0,row5,RobustScaler,KNN,0.5074889307139102,0.7633504324034189
laplace,0,row5,Winsorized Z-score,Ridge,-0.0165130483206674,1.0966610953782143
laplace,0,row5,Winsorized Z-score,RBF-SVR,0.7570657249426549,0.5361179575927469
laplace,0,row5,Winsorized Z-score,KNN,0.4988822546992302,0.7699913547137669
laplace,0,row5,Yeo-Johnson,Ridge,-0.0170388829674881,1.096944706023553
laplace,0,row5,Yeo-Johnson,RBF-SVR,0.7575613888946121,0.5355707519137155
laplace,0,row5,Yeo-Johnson,KNN,0.5068923708338211,0.7638126011310575
laplace,0,row5,Quantile-Normal,Ridge,0.4291032074981971,0.8218541633295533
laplace,0,row5,Quantile-Normal,RBF-SVR,0.6271145682180782,0.6642073332819857
laplace,0,row5,Quantile-Normal,KNN,0.4872983646960216,0.7788401098671668
laplace,0,row5,Core-Norm ablation — residual channel removed,Ridge,0.552851684679315,0.7273471767968609
laplace,0,row5,Core-Norm ablation — residual channel removed,RBF-SVR,0.5788166893603852,0.7059135772549571
laplace,0,row5,Core-Norm ablation — residual channel removed,KNN,0.4972670545932592,0.7712312724550013
laplace,0,row5,Core-Norm,Ridge,0.571898207194121,0.7116877348814695
laplace,0,row5,Core-Norm,RBF-SVR,0.6463620068242546,0.646837837806436
laplace,0,row5,Core-Norm,KNN,0.4924072308111797,0.7749499800853222
laplace,1,row5,No scaling,Ridge,0.0131873702635489,1.1778416595304613
laplace,1,row5,No scaling,RBF-SVR,0.7701264702114137,0.5684784993400932
laplace,1,row5,No scaling,KNN,0.4648250302927955,0.8673960856880604
laplace,1,row5,Z-score,Ridge,0.0131777257955008,1.1778474152474807
laplace,1,row5,Z-score,RBF-SVR,0.7721610131021726,0.5659571902388417
laplace,1,row5,Z-score,KNN,0.4788891424065024,0.8559228535267708
laplace,1,row5,Min-Max,Ridge,0.0111456899461502,1.179059486246903
laplace,1,row5,Min-Max,RBF-SVR,0.7719806002609442,0.5661812206848794
laplace,1,row5,Min-Max,KNN,0.4708766241201433,0.8624780191924445
laplace,1,row5,RobustScaler,Ridge,0.0131872452888404,1.177841734114232
laplace,1,row5,RobustScaler,RBF-SVR,0.7717777220319919,0.5664330420312103
laplace,1,row5,RobustScaler,KNN,0.4788281939290461,0.8559729058992352
laplace,1,row5,Winsorized Z-score,Ridge,0.0249564497239019,1.170796912075518
laplace,1,row5,Winsorized Z-score,RBF-SVR,0.7720170575768023,0.5661359563942986
laplace,1,row5,Winsorized Z-score,KNN,0.4930310379318474,0.8442289624669149
laplace,1,row5,Yeo-Johnson,Ridge,0.0115884679648979,1.1787954837180168
laplace,1,row5,Yeo-Johnson,RBF-SVR,0.7726767384062834,0.5653162907033696
laplace,1,row5,Yeo-Johnson,KNN,0.4783361410258556,0.8563768845704758
laplace,1,row5,Quantile-Normal,Ridge,0.3924154164141501,0.9242148329154878
laplace,1,row5,Quantile-Normal,RBF-SVR,0.6628819273777032,0.6884312547443381
laplace,1,row5,Quantile-Normal,KNN,0.4747645753221666,0.8593034712262724
laplace,1,row5,Core-Norm ablation — residual channel removed,Ridge,0.5759245828825135,0.7721312155249376
laplace,1,row5,Core-Norm ablation — residual channel removed,RBF-SVR,0.59192528911835,0.7574245929473976
laplace,1,row5,Core-Norm ablation — residual channel removed,KNN,0.4751304893148065,0.8590040950496297
laplace,1,row5,Core-Norm,Ridge,0.599160201931997,0.7506802305914846
laplace,1,row5,Core-Norm,RBF-SVR,0.6636732801319069,0.6876227664111995
laplace,1,row5,Core-Norm,KNN,0.4793894328223836,0.8555118921940669
bimodal,0,row5,No scaling,Ridge,-0.0158773263687339,1.084263107227158
bimodal,0,row5,No scaling,RBF-SVR,0.3660294568274299,0.8565418494649824
bimodal,0,row5,No scaling,KNN,0.5504132561673691,0.7213080780522821
bimodal,0,row5,Z-score,Ridge,-0.0158039110920857,1.0842239278340762
bimodal,0,row5,Z-score,RBF-SVR,0.3657092782734623,0.8567581148075407
bimodal,0,row5,Z-score,KNN,0.5517683123123455,0.720220245113973
bimodal,0,row5,Min-Max,Ridge,-0.0108924420945912,1.0815996099975076
bimodal,0,row5,Min-Max,RBF-SVR,0.3609821738795002,0.859944719297546
bimodal,0,row5,Min-Max,KNN,0.5494456070736455,0.7220838993570219
bimodal,0,row5,RobustScaler,Ridge,-0.0158751638816581,1.08426195319697
bimodal,0,row5,RobustScaler,RBF-SVR,0.3617636252774228,0.8594187476038943
bimodal,0,row5,RobustScaler,KNN,0.5536161229782814,0.7187341776505026
bimodal,0,row5,Winsorized Z-score,Ridge,-0.0171721385270151,1.0849538746815266
bimodal,0,row5,Winsorized Z-score,RBF-SVR,0.4116369946345811,0.825157261845606
bimodal,0,row5,Winsorized Z-score,KNN,0.5632153793589247,0.7109641731677934
bimodal,0,row5,Yeo-Johnson,Ridge,-0.0163627766567808,1.0845221409498198
bimodal,0,row5,Yeo-Johnson,RBF-SVR,0.3768222708947791,0.8492196004444008
bimodal,0,row5,Yeo-Johnson,KNN,0.5542117180648934,0.7182545261066617
bimodal,0,row5,Quantile-Normal,Ridge,0.3034405189127993,0.8978280120477958
bimodal,0,row5,Quantile-Normal,RBF-SVR,0.6751567022959281,0.6131277922396099
bimodal,0,row5,Quantile-Normal,KNN,0.5064527425408929,0.7557504574044283
bimodal,0,row5,Core-Norm ablation — residual channel removed,Ridge,0.1824635274703737,0.9726746908891742
bimodal,0,row5,Core-Norm ablation — residual channel removed,RBF-SVR,0.7243496160177745,0.5647982574202672
bimodal,0,row5,Core-Norm ablation — residual channel removed,KNN,0.559565145689549,0.7139287760305392
bimodal,0,row5,Core-Norm,Ridge,0.5770993201592556,0.6995733210724444
bimodal,0,row5,Core-Norm,RBF-SVR,0.7266250961170546,0.5624622358459593
bimodal,0,row5,Core-Norm,KNN,0.5590321755260503,0.7143606079924985
bimodal,1,row5,No scaling,Ridge,0.0199911093179904,0.8116041122418182
bimodal,1,row5,No scaling,RBF-SVR,0.4921601326112198,0.584241801618528
bimodal,1,row5,No scaling,KNN,0.4036967655171006,0.6330861514259813
bimodal,1,row5,Z-score,Ridge,0.0201362622017255,0.8115440051137164
bimodal,1,row5,Z-score,RBF-SVR,0.4972494619967521,0.581306933541998
bimodal,1,row5,Z-score,KNN,0.4135140318368479,0.6278531015970017
bimodal,1,row5,Min-Max,Ridge,0.0265221292040742,0.8088952269827037
bimodal,1,row5,Min-Max,RBF-SVR,0.4949536562226903,0.5826326881753595
bimodal,1,row5,Min-Max,KNN,0.412844741042546,0.6282112486847214
bimodal,1,row5,RobustScaler,Ridge,0.0199961040784083,0.8116020440089181
bimodal,1,row5,RobustScaler,RBF-SVR,0.4949946232112611,0.5826090574818394
bimodal,1,row5,RobustScaler,KNN,0.4023811734536271,0.6337841387819289
bimodal,1,row5,Winsorized Z-score,Ridge,0.0286798235539569,0.8079982795947598
bimodal,1,row5,Winsorized Z-score,RBF-SVR,0.506623520524822,0.5758620406390755
bimodal,1,row5,Winsorized Z-score,KNN,0.4097637767985251,0.629857290328182
bimodal,1,row5,Yeo-Johnson,Ridge,0.0163689333024045,0.8131025994434624
bimodal,1,row5,Yeo-Johnson,RBF-SVR,0.4981386462409861,0.5807926449663345
bimodal,1,row5,Yeo-Johnson,KNN,0.4063825865167625,0.6316587945398634
bimodal,1,row5,Quantile-Normal,Ridge,0.377690695707198,0.646743955045489
bimodal,1,row5,Quantile-Normal,RBF-SVR,0.4890147711363638,0.5860482913474024
bimodal,1,row5,Quantile-Normal,KNN,0.4155156602619894,0.626780780352473
bimodal,1,row5,Core-Norm ablation — residual channel removed,Ridge,0.3463693468922528,0.6628197437860915
bimodal,1,row5,Core-Norm ablation — residual channel removed,RBF-SVR,0.5115334257800395,0.5729894901777537
bimodal,1,row5,Core-Norm ablation — residual channel removed,KNN,0.4260362453051631,0.6211142096450001
bimodal,1,row5,Core-Norm,Ridge,0.5433515897220971,0.5540133194732069
bimodal,1,row5,Core-Norm,RBF-SVR,0.5186678070840618,0.568789650866781
bimodal,1,row5,Core-Norm,KNN,0.4254352314721794,0.621439317769972
zero_inflated,0,row5,No scaling,Ridge,-0.0144905985646139,1.0835228154489993
zero_inflated,0,row5,No scaling,RBF-SVR,0.261486104894718,0.9244711926348848
zero_inflated,0,row5,No scaling,KNN,0.0980557277021477,1.0216541411479096
zero_inflated,0,row5,Z-score,Ridge,-0.0143467567737984,1.0834459978878668
zero_inflated,0,row5,Z-score,RBF-SVR,0.2621170041471115,0.9240762286362212
zero_inflated,0,row5,Z-score,KNN,0.106766201377441,1.0167088902232182
zero_inflated,0,row5,Min-Max,Ridge,-0.0042611945127901,1.078046236991574
zero_inflated,0,row5,Min-Max,RBF-SVR,0.2617072364685028,0.9243327760956832
zero_inflated,0,row5,Min-Max,KNN,0.105082828969425,1.0176664749501676
zero_inflated,0,row5,RobustScaler,Ridge,-0.0144905985646139,1.0835228154489993
zero_inflated,0,row5,RobustScaler,RBF-SVR,0.261486104894718,0.9244711926348848
zero_inflated,0,row5,RobustScaler,KNN,0.0980557277021477,1.0216541411479096
zero_inflated,0,row5,Winsorized Z-score,Ridge,-0.0103475180792458,1.0813080512582602
zero_inflated,0,row5,Winsorized Z-score,RBF-SVR,0.2626574559370831,0.923737753474067
zero_inflated,0,row5,Winsorized Z-score,KNN,0.1088924556332441,1.0154980820237969
zero_inflated,0,row5,Yeo-Johnson,Ridge,-0.0155224813760472,1.0840737246471792
zero_inflated,0,row5,Yeo-Johnson,RBF-SVR,0.2617770435392877,0.9242890762979672
zero_inflated,0,row5,Yeo-Johnson,KNN,0.1106451266267363,1.0144989264953832
zero_inflated,0,row5,Quantile-Normal,Ridge,0.1591555866655412,0.9864427124770352
zero_inflated,0,row5,Quantile-Normal,RBF-SVR,0.0948482197603819,1.0234691399475988
zero_inflated,0,row5,Quantile-Normal,KNN,0.1164857174364158,1.011162219459072
zero_inflated,0,row5,Core-Norm ablation — residual channel removed,Ridge,0.1292832006253607,1.003812291108399
zero_inflated,0,row5,Core-Norm ablation — residual channel removed,RBF-SVR,0.1879648878427077,0.9693965090400952
zero_inflated,0,row5,Core-Norm ablation — residual channel removed,KNN,0.113762392638389,1.0127194123996628
zero_inflated,0,row5,Core-Norm,Ridge,0.2544906283235117,0.9288393392525688
zero_inflated,0,row5,Core-Norm,RBF-SVR,0.2012264370884607,0.9614481951175008
zero_inflated,0,row5,Core-Norm,KNN,0.1160240857186869,1.0114263485197268
zero_inflated,1,row5,No scaling,Ridge,0.0229205303458436,1.178290647580259
zero_inflated,1,row5,No scaling,RBF-SVR,0.757125528481883,0.5874601622247267
zero_inflated,1,row5,No scaling,KNN,0.4656364128267034,0.8713766435193347
zero_inflated,1,row5,Z-score,Ridge,0.0229209553968748,1.1782903912890743
zero_inflated,1,row5,Z-score,RBF-SVR,0.7566835565636176,0.5879944359173481
zero_inflated,1,row5,Z-score,KNN,0.4600135489191835,0.8759491954470512
zero_inflated,1,row5,Min-Max,Ridge,0.0220065905489605,1.178841593046779
zero_inflated,1,row5,Min-Max,RBF-SVR,0.7572441245833644,0.5873167157115604
zero_inflated,1,row5,Min-Max,KNN,0.4711065339598534,0.8669051589835522
zero_inflated,1,row5,RobustScaler,Ridge,0.0229205303458436,1.178290647580259
zero_inflated,1,row5,RobustScaler,RBF-SVR,0.757125528481883,0.5874601622247267
zero_inflated,1,row5,RobustScaler,KNN,0.4656364128267034,0.8713766435193347
zero_inflated,1,row5,Winsorized Z-score,Ridge,0.0260923383656167,1.1763766017927129
zero_inflated,1,row5,Winsorized Z-score,RBF-SVR,0.757144233913957,0.5874375396170913
zero_inflated,1,row5,Winsorized Z-score,KNN,0.4508805094412792,0.8833258012793511
zero_inflated,1,row5,Yeo-Johnson,Ridge,0.0175717532225702,1.181511374520314
zero_inflated,1,row5,Yeo-Johnson,RBF-SVR,0.7568551632003284,0.5877870484843501
zero_inflated,1,row5,Yeo-Johnson,KNN,0.4575772394257064,0.8779230242472513
zero_inflated,1,row5,Quantile-Normal,Ridge,0.401668047140361,0.9220587312728422
zero_inflated,1,row5,Quantile-Normal,RBF-SVR,0.5802821865420089,0.7722647064365561
zero_inflated,1,row5,Quantile-Normal,KNN,0.4418422039866554,0.8905657405727669
zero_inflated,1,row5,Core-Norm ablation — residual channel removed,Ridge,0.2873622435008131,1.0062870891318656
zero_inflated,1,row5,Core-Norm ablation — residual channel removed,RBF-SVR,0.7121841222232419,0.6395063496595593
zero_inflated,1,row5,Core-Norm ablation — residual channel removed,KNN,0.4528007786521975,0.8817799548022673
zero_inflated,1,row5,Core-Norm,Ridge,0.7521979489392161,0.593389606172412
zero_inflated,1,row5,Core-Norm,RBF-SVR,0.723400714434228,0.6269212828261537
zero_inflated,1,row5,Core-Norm,KNN,0.4541733333773017,0.8806733640934411
bounded_beta,0,row5,No scaling,Ridge,-0.0595982971202095,1.1827340247960487
bounded_beta,0,row5,No scaling,RBF-SVR,0.7139418282028793,0.6145307856529715
bounded_beta,0,row5,No scaling,KNN,0.5323568079714089,0.7857307919723723
bounded_beta,0,row5,Z-score,Ridge,-0.0594769055392261,1.1826662736181388
bounded_beta,0,row5,Z-score,RBF-SVR,0.7150286339619513,0.6133622975149917
bounded_beta,0,row5,Z-score,KNN,0.5488681747985822,0.7717350012825034
bounded_beta,0,row5,Min-Max,Ridge,-0.0422569115936763,1.173015786180273
bounded_beta,0,row5,Min-Max,RBF-SVR,0.7139490884100048,0.6145229871533335
bounded_beta,0,row5,Min-Max,KNN,0.5501877176115302,0.7706055275259233
bounded_beta,0,row5,RobustScaler,Ridge,-0.0596545359184019,1.1827654115289985
bounded_beta,0,row5,RobustScaler,RBF-SVR,0.7152113318486562,0.6131656497542993
bounded_beta,0,row5,RobustScaler,KNN,0.5464912403524635,0.7737653985135116
bounded_beta,0,row5,Winsorized Z-score,Ridge,-0.040317669544259,1.1719240109121
bounded_beta,0,row5,Winsorized Z-score,RBF-SVR,0.7166982288365765,0.611562869510961
bounded_beta,0,row5,Winsorized Z-score,KNN,0.5463611715339531,0.7738763506548522
bounded_beta,0,row5,Yeo-Johnson,Ridge,-0.0611259157325565,1.1835862891785187
bounded_beta,0,row5,Yeo-Johnson,RBF-SVR,0.7144332736769372,0.614002679437953
bounded_beta,0,row5,Yeo-Johnson,KNN,0.5522265679047986,0.7688570940251073
bounded_beta,0,row5,Quantile-Normal,Ridge,0.555693391467655,0.7658749259591989
bounded_beta,0,row5,Quantile-Normal,RBF-SVR,0.7408304530701464,0.5849361329802143
bounded_beta,0,row5,Quantile-Normal,KNN,0.6112968762084858,0.7163503547854256
bounded_beta,0,row5,Core-Norm ablation — residual channel removed,Ridge,0.5974801081742962,0.7289708103980025
bounded_beta,0,row5,Core-Norm ablation — residual channel removed,RBF-SVR,0.6928014774125364,0.6368336837247458
bounded_beta,0,row5,Core-Norm ablation — residual channel removed,KNN,0.5973605305804048,0.7290790809510969
bounded_beta,0,row5,Core-Norm,Ridge,0.667466389453802,0.6625737696707797
bounded_beta,0,row5,Core-Norm,RBF-SVR,0.7087294725153779,0.6201042902379179
bounded_beta,0,row5,Core-Norm,KNN,0.5956942520371595,0.7305861296087783
bounded_beta,1,row5,No scaling,Ridge,0.0080860993474087,1.110448582297487
bounded_beta,1,row5,No scaling,RBF-SVR,0.738282270335104,0.5703980575060673
bounded_beta,1,row5,No scaling,KNN,0.5918792535024919,0.712288285559783
bounded_beta,1,row5,Z-score,Ridge,0.008099780343851,1.1104409243266298
bounded_beta,1,row5,Z-score,RBF-SVR,0.738587178341092,0.5700656963414017
bounded_beta,1,row5,Z-score,KNN,0.5730910623664074,0.7284992169763653
bounded_beta,1,row5,Min-Max,Ridge,0.0096799638541127,1.1095560571757517
bounded_beta,1,row5,Min-Max,RBF-SVR,0.7373717565692846,0.5713894010422923
bounded_beta,1,row5,Min-Max,KNN,0.5677287982817852,0.7330601602042819
bounded_beta,1,row5,RobustScaler,Ridge,0.0080766458300225,1.110453873895861
bounded_beta,1,row5,RobustScaler,RBF-SVR,0.7382470940263746,0.5704363885431843
bounded_beta,1,row5,RobustScaler,KNN,0.5664601744310787,0.7341350598013737
bounded_beta,1,row5,Winsorized Z-score,Ridge,0.0169483965364625,1.1054767769921328
bounded_beta,1,row5,Winsorized Z-score,RBF-SVR,0.7407391786438428,0.5677144023911888
bounded_beta,1,row5,Winsorized Z-score,KNN,0.5793573737803752,0.7231328750058295
bounded_beta,1,row5,Yeo-Johnson,Ridge,0.0126029518939752,1.1079173870273995
bounded_beta,1,row5,Yeo-Johnson,RBF-SVR,0.7391456487441723,0.5694564396223186
bounded_beta,1,row5,Yeo-Johnson,KNN,0.5658091022819107,0.7346860998061004
bounded_beta,1,row5,Quantile-Normal,Ridge,0.4427213708964164,0.832334047193262
bounded_beta,1,row5,Quantile-Normal,RBF-SVR,0.6663998546788581,0.6439832645246174
bounded_beta,1,row5,Quantile-Normal,KNN,0.5531837970720622,0.7452910784608932
bounded_beta,1,row5,Core-Norm ablation — residual channel removed,Ridge,0.5250471956458056,0.7683988281766678
bounded_beta,1,row5,Core-Norm ablation — residual channel removed,RBF-SVR,0.6681644104325224,0.6422778530726201
bounded_beta,1,row5,Core-Norm ablation — residual channel removed,KNN,0.574292407315914,0.7274734766534565
bounded_beta,1,row5,Core-Norm,Ridge,0.7062668463592241,0.6042796232504845
bounded_beta,1,row5,Core-Norm,RBF-SVR,0.6777868503443281,0.6328970856118077
bounded_beta,1,row5,Core-Norm,KNN,0.5752673003570447,0.726640022729607
mixed,0,row5,No scaling,Ridge,0.0321130586175092,1.1003443068001957
mixed,0,row5,No scaling,RBF-SVR,0.68971462697436,0.6230127536318478
mixed,0,row5,No scaling,KNN,0.5169667734715062,0.7773288532975111
mixed,0,row5,Z-score,Ridge,0.0320667587796825,1.1003706245195148
mixed,0,row5,Z-score,RBF-SVR,0.6588300465474705,0.6532834763817406
mixed,0,row5,Z-score,KNN,0.3165665936297822,0.9246223504418531
mixed,0,row5,Min-Max,Ridge,0.0252632438781775,1.1042310553679655
mixed,0,row5,Min-Max,RBF-SVR,0.5649985983692623,0.7376691371455383
mixed,0,row5,Min-Max,KNN,0.2173134210598936,0.9894873102725203
mixed,0,row5,RobustScaler,Ridge,0.0320945506372368,1.1003548271680696
mixed,0,row5,RobustScaler,RBF-SVR,0.6501428419033197,0.6615484672238005
mixed,0,row5,RobustScaler,KNN,0.3383584823092512,0.9097617221315052
mixed,0,row5,Winsorized Z-score,Ridge,0.0470457204241976,1.0918231989046423
mixed,0,row5,Winsorized Z-score,RBF-SVR,0.6593931251441925,0.6527441530286145
mixed,0,row5,Winsorized Z-score,KNN,0.3248028414547804,0.919034021029759
mixed,0,row5,Yeo-Johnson,Ridge,0.0254529575067328,1.1041235915459988
mixed,0,row5,Yeo-Johnson,RBF-SVR,0.6540734256104612,0.6578217800863585
mixed,0,row5,Yeo-Johnson,KNN,0.3126767024010312,0.9272499488681624
mixed,0,row5,Quantile-Normal,Ridge,0.590731792670292,0.7155175494249056
mixed,0,row5,Quantile-Normal,RBF-SVR,0.6358821120048941,0.6748966820121521
mixed,0,row5,Quantile-Normal,KNN,0.5641411497314108,0.7383958037817521
mixed,0,row5,Core-Norm ablation — residual channel removed,Ridge,0.6039165582480484,0.7038978344360314
mixed,0,row5,Core-Norm ablation — residual channel removed,RBF-SVR,0.6093907366562505,0.6990167052487092
mixed,0,row5,Core-Norm ablation — residual channel removed,KNN,0.5164539962407243,0.7777413412856491
mixed,0,row5,Core-Norm,Ridge,0.6115652764556729,0.6970682605614071
mixed,0,row5,Core-Norm,RBF-SVR,0.6484650747133511,0.663132823562259
mixed,0,row5,Core-Norm,KNN,0.4765618168567165,0.8091871648127708
mixed,1,row5,No scaling,Ridge,-0.3305988335435097,1.1719750994808948
mixed,1,row5,No scaling,RBF-SVR,0.7127579996938191,0.5445262071862926
mixed,1,row5,No scaling,KNN,0.4746902856441785,0.7363809270597893
mixed,1,row5,Z-score,Ridge,-0.3300834500126033,1.171748105758311
mixed,1,row5,Z-score,RBF-SVR,0.710715733039798,0.5464585465251811
mixed,1,row5,Z-score,KNN,0.4442614863239952,0.7574083050679996
mixed,1,row5,Min-Max,Ridge,-0.2790565508873597,1.1490520144704846
mixed,1,row5,Min-Max,RBF-SVR,0.6880717549415731,0.5674428997919453
mixed,1,row5,Min-Max,KNN,0.3637818373319896,0.8103970414442001
mixed,1,row5,RobustScaler,Ridge,-0.3315404752091544,1.172389719342197
mixed,1,row5,RobustScaler,RBF-SVR,0.7155141501572251,0.5419074856020474
mixed,1,row5,RobustScaler,KNN,0.3919579404697229,0.792248865535125
mixed,1,row5,Winsorized Z-score,Ridge,0.1279169933271164,0.9487979272687086
mixed,1,row5,Winsorized Z-score,RBF-SVR,0.710794643923656,0.5463840100347906
mixed,1,row5,Winsorized Z-score,KNN,0.4468207129737459,0.7556623254136873
mixed,1,row5,Yeo-Johnson,Ridge,-0.3301240310982203,1.171765980744843
mixed,1,row5,Yeo-Johnson,RBF-SVR,0.7097577221954365,0.5473626408109609
mixed,1,row5,Yeo-Johnson,KNN,0.4420540233305335,0.758911074583752
mixed,1,row5,Quantile-Normal,Ridge,0.1682369737017718,0.9266049605322731
mixed,1,row5,Quantile-Normal,RBF-SVR,0.4958085174312469,0.721427291623535
mixed,1,row5,Quantile-Normal,KNN,0.411641888372151,0.7793197597900583
mixed,1,row5,Core-Norm ablation — residual channel removed,Ridge,0.4248352804252672,0.7705324525559653
mixed,1,row5,Core-Norm ablation — residual channel removed,RBF-SVR,0.4291637035658487,0.767627642089344
mixed,1,row5,Core-Norm ablation — residual channel removed,KNN,0.3840572180530841,0.7973793793735079
mixed,1,row5,Core-Norm,Ridge,0.4156970960284762,0.7766294188466559
mixed,1,row5,Core-Norm,RBF-SVR,0.5225977336282173,0.7019999052179133
mixed,1,row5,Core-Norm,KNN,0.4057177205527313,0.7832334115451873
heteroscedastic,0,row5,No scaling,Ridge,-0.0239663211793703,1.0885713088469844
heteroscedastic,0,row5,No scaling,RBF-SVR,0.3404959552292319,0.8736204245452248
heteroscedastic,0,row5,No scaling,KNN,0.3197983518807986,0.8872231949003142
heteroscedastic,0,row5,Z-score,Ridge,-0.0236379923939706,1.0883967728572972
heteroscedastic,0,row5,Z-score,RBF-SVR,0.7308592117568057,0.5580894428479253
heteroscedastic,0,row5,Z-score,KNN,0.5536683707781893,0.7186921136554283
heteroscedastic,0,row5,Min-Max,Ridge,-0.0059844986089296,1.0789707998424425
heteroscedastic,0,row5,Min-Max,RBF-SVR,0.7303222590161583,0.5586458771639374
heteroscedastic,0,row5,Min-Max,KNN,0.547356293765856,0.723756188625969
heteroscedastic,0,row5,RobustScaler,Ridge,-0.0238954589335673,1.0885336416206892
heteroscedastic,0,row5,RobustScaler,RBF-SVR,0.7301042814808687,0.5588716052016103
heteroscedastic,0,row5,RobustScaler,KNN,0.5528436405744575,0.7193558057370392
heteroscedastic,0,row5,Winsorized Z-score,Ridge,-0.0188302669441633,1.0858378255042154
heteroscedastic,0,row5,Winsorized Z-score,RBF-SVR,0.7315750759304424,0.5573467418735705
heteroscedastic,0,row5,Winsorized Z-score,KNN,0.5575716084771221,0.7155426772673257
heteroscedastic,0,row5,Yeo-Johnson,Ridge,-0.0230854935610156,1.0881030073294575
heteroscedastic,0,row5,Yeo-Johnson,RBF-SVR,0.7297352959214479,0.5592535029206882
heteroscedastic,0,row5,Yeo-Johnson,KNN,0.5492397838956382,0.7222488124460479
heteroscedastic,0,row5,Quantile-Normal,Ridge,0.5245837297821994,0.7417389198092146
heteroscedastic,0,row5,Quantile-Normal,RBF-SVR,0.6421631601198114,0.6435118847874804
heteroscedastic,0,row5,Quantile-Normal,KNN,0.5638433562386993,0.7104529032734683
heteroscedastic,0,row5,Core-Norm ablation — residual channel removed,Ridge,0.5953219056815058,0.6843352252497013
heteroscedastic,0,row5,Core-Norm ablation — residual channel removed,RBF-SVR,0.6252106269947973,0.6585787012211344
heteroscedastic,0,row5,Core-Norm ablation — residual channel removed,KNN,0.5545894085578109,0.7179501939821374
heteroscedastic,0,row5,Core-Norm,Ridge,0.6889579578381728,0.5999617932494505
heteroscedastic,0,row5,Core-Norm,RBF-SVR,0.638216282308409,0.6470510642350749
heteroscedastic,0,row5,Core-Norm,KNN,0.5582678432778394,0.7149794427735775
heteroscedastic,1,row5,No scaling,Ridge,-0.0049497265752349,1.1536337664240532
heteroscedastic,1,row5,No scaling,RBF-SVR,0.301951935836259,0.9614760144295108
heteroscedastic,1,row5,No scaling,KNN,0.2493685014649791,0.9970321974384116
heteroscedastic,1,row5,Z-score,Ridge,-0.0049135579855266,1.1536130063398904
heteroscedastic,1,row5,Z-score,RBF-SVR,0.7428233093589245,0.583595040827476
heteroscedastic,1,row5,Z-score,KNN,0.5004507643612666,0.8133639888786686
heteroscedastic,1,row5,Min-Max,Ridge,-0.001575746903152,1.151695555354711
heteroscedastic,1,row5,Min-Max,RBF-SVR,0.7414634865571506,0.5851358872853526
heteroscedastic,1,row5,Min-Max,KNN,0.5118738316951266,0.8040107145433906
heteroscedastic,1,row5,RobustScaler,Ridge,-0.0049523256571462,1.1536352582333629
heteroscedastic,1,row5,RobustScaler,RBF-SVR,0.7408781817363976,0.5857978619366514
heteroscedastic,1,row5,RobustScaler,KNN,0.4972365071939975,0.8159765132449286
heteroscedastic,1,row5,Winsorized Z-score,Ridge,-0.0053275516171851,1.1538506084980076
heteroscedastic,1,row5,Winsorized Z-score,RBF-SVR,0.7439892103715559,0.5822706848791863
heteroscedastic,1,row5,Winsorized Z-score,KNN,0.4976295169574797,0.8156575268470438
heteroscedastic,1,row5,Yeo-Johnson,Ridge,-0.0131857513376691,1.1583513997471198
heteroscedastic,1,row5,Yeo-Johnson,RBF-SVR,0.7431960006712461,0.5831720249296468
heteroscedastic,1,row5,Yeo-Johnson,KNN,0.5008412796589359,0.8130460090303353
heteroscedastic,1,row5,Quantile-Normal,Ridge,0.4315177550347657,0.8676693242930983
heteroscedastic,1,row5,Quantile-Normal,RBF-SVR,0.6822578965121677,0.648683982242497
heteroscedastic,1,row5,Quantile-Normal,KNN,0.5275822174162625,0.790967992188756
heteroscedastic,1,row5,Core-Norm ablation — residual channel removed,Ridge,0.5401980061906415,0.7803352327276696
heteroscedastic,1,row5,Core-Norm ablation — residual channel removed,RBF-SVR,0.6624292796633902,0.6686181725796267
heteroscedastic,1,row5,Core-Norm ablation — residual channel removed,KNN,0.5264236366800735,0.7919373027693704
heteroscedastic,1,row5,Core-Norm,Ridge,0.7117158983027654,0.6178828446217203
heteroscedastic,1,row5,Core-Norm,RBF-SVR,0.6932320483998794,0.6373834523750879
heteroscedastic,1,row5,Core-Norm,KNN,0.5133915294099685,0.8027598133549186
diabetes,0,row5,No scaling,Ridge,-0.3731354574383587,83.69610968082374
diabetes,0,row5,No scaling,RBF-SVR,0.0438001266111156,69.84300583867523
diabetes,0,row5,No scaling,KNN,0.390545684315669,55.75953704707333
diabetes,0,row5,Z-score,Ridge,-0.5006654634883141,87.49646855341726
diabetes,0,row5,Z-score,RBF-SVR,0.0501266855475069,69.61156928522693
diabetes,0,row5,Z-score,KNN,0.3689175951278137,56.74029858450595
diabetes,0,row5,Min-Max,Ridge,0.0183173963528157,70.76754478391494
diabetes,0,row5,Min-Max,RBF-SVR,0.0389624270868641,70.019461203804
diabetes,0,row5,Min-Max,KNN,0.3510490853748242,57.53796601311456
diabetes,0,row5,RobustScaler,Ridge,-0.5245246151023946,88.18928090722369
diabetes,0,row5,RobustScaler,RBF-SVR,0.0477356984305552,69.69912609675335
diabetes,0,row5,RobustScaler,KNN,0.3590396323314661,57.18263570405979
diabetes,0,row5,Winsorized Z-score,Ridge,-1.3505268195125055,109.50430328674756
diabetes,0,row5,Winsorized Z-score,RBF-SVR,0.06713160699156,68.98565153164985
diabetes,0,row5,Winsorized Z-score,KNN,0.365070302668887,56.91298984403656
diabetes,0,row5,Yeo-Johnson,Ridge,-0.3490326525957263,82.95829387850107
diabetes,0,row5,Yeo-Johnson,RBF-SVR,0.052799658774943,69.51355571631515
diabetes,0,row5,Yeo-Johnson,KNN,0.3695471870525171,56.71198837677308
diabetes,0,row5,Quantile-Normal,Ridge,0.2622026516620255,61.35036147875603
diabetes,0,row5,Quantile-Normal,RBF-SVR,0.3346093450293095,58.26220668236344
diabetes,0,row5,Quantile-Normal,KNN,0.3625258568204917,57.02691366092613
diabetes,0,row5,Core-Norm ablation — residual channel removed,Ridge,0.3431143403093776,57.88865663426152
diabetes,0,row5,Core-Norm ablation — residual channel removed,RBF-SVR,0.3233378784733852,58.75360429452287
diabetes,0,row5,Core-Norm ablation — residual channel removed,KNN,0.3681954042566943,56.77275520883759
diabetes,0,row5,Core-Norm,Ridge,0.3183739607999992,58.96871544381787
diabetes,0,row5,Core-Norm,RBF-SVR,0.3227923816498322,58.77728187804149
diabetes,0,row5,Core-Norm,KNN,0.377365544383728,56.359243631222775
diabetes,1,row5,No scaling,Ridge,9.378347263644392e-05,70.95066564238847
diabetes,1,row5,No scaling,RBF-SVR,0.0562982430282441,68.92776900420336
diabetes,1,row5,No scaling,KNN,0.4168625655933298,54.18290687609797
diabetes,1,row5,Z-score,Ridge,-0.0096210773897731,71.29450274719706
diabetes,1,row5,Z-score,RBF-SVR,0.0636056506673016,68.66038466175134
diabetes,1,row5,Z-score,KNN,0.3752110925363677,56.08458301379103
diabetes,1,row5,Min-Max,Ridge,0.009677537562597,70.60982821974066
diabetes,1,row5,Min-Max,RBF-SVR,0.0562178323043511,68.93070553245465
diabetes,1,row5,Min-Max,KNN,0.3732077891729884,56.17442497010432
diabetes,1,row5,RobustScaler,Ridge,-0.0112983889487219,71.35369994046022
diabetes,1,row5,RobustScaler,RBF-SVR,0.0616437303644205,68.73227516277319
diabetes,1,row5,RobustScaler,KNN,0.4060461214469817,54.68310937963992
diabetes,1,row5,Winsorized Z-score,Ridge,-0.0541246102635821,72.84886947160399
diabetes,1,row5,Winsorized Z-score,RBF-SVR,0.0852112025092854,67.86365697965806
diabetes,1,row5,Winsorized Z-score,KNN,0.3919472196571878,55.32831948380621
diabetes,1,row5,Yeo-Johnson,Ridge,0.0119966588949055,70.52710327613643
diabetes,1,row5,Yeo-Johnson,RBF-SVR,0.0665444842437077,68.55255615259163
diabetes,1,row5,Yeo-Johnson,KNN,0.3809883521929967,55.824681070091344
diabetes,1,row5,Quantile-Normal,Ridge,0.3173466412800998,58.62420356784124
diabetes,1,row5,Quantile-Normal,RBF-SVR,0.3322549666344957,57.980528977910346
diabetes,1,row5,Quantile-Normal,KNN,0.3813009907548532,55.81058185861071
diabetes,1,row5,Core-Norm ablation — residual channel removed,Ridge,0.3442779261823518,57.45617914691882
diabetes,1,row5,Core-Norm ablation — residual channel removed,RBF-SVR,0.3255516299891252,58.2708287378896
diabetes,1,row5,Core-Norm ablation — residual channel removed,KNN,0.3892305278987701,55.45178119436692
diabetes,1,row5,Core-Norm,Ridge,0.3847210800444954,55.65611119662711
diabetes,1,row5,Core-Norm,RBF-SVR,0.3247430907813275,58.30574626451817
diabetes,1,row5,Core-Norm,KNN,0.3967380373986104,55.10992390663231
