x1,x2,x3,x4,x5,x6,x7,x8,x9,x10,target
1.09524820299,-1.55016817319,-0.677522707482,0.068486384025,-1.20963214308,0.0806092740078,-0.532133447668,-0.810389563738,1.34954176784,-1.03819713476,1
0.0329938421153,1.41018607933,1.44396739652,-0.477427857197,-0.667814902555,-1.32181313919,-0.50063358676,-1.62291386248,-0.995154206646,0.831742337619,0
0.313518303768,0.0843237581436,1.94179916584,0.18572272002,0.89646826245,1.12398309558,0.0218764465652,0.308884072624,-0.225933518148,1.90841457351,1
0.123363503756,1.19304283125,-0.911897472673,0.0554493982135,0.624138861817,-1.02719072094,-1.04510230275,-0.770715159171,1.23871452612,0.280135426955,0
-0.40048564008,-1.76933550482,-0.272506456145,1.49246544228,-1.15296569129,0.467819185597,0.778824063239,-0.700757068346,0.415575611385,-0.0568871674109,1
1.56309228555,0.0238669615558,-0.304662422488,0.361568907646,-0.0492658241848,1.48771199434,-0.799078189774,-0.437132874712,-0.353630630443,-0.535057773095,1
-0.236231715612,2.72781615977,0.00784561709774,2.13160155966,-0.538098175461,-1.46569481979,-1.19993341857,-0.832167640395,1.04282543909,3.21814277405,0
-0.209288044458,-1.26586117522,-1.03718105705,1.77653655004,1.45338680473,1.82742251325,1.20353964006,-0.105228230721,2.98712809917,0.848972052523,0
-0.61713977206,0.299940571165,1.68759050242,-1.30912623952,-0.266861309796,1.53022078522,0.857850936096,2.46351614439,0.0157155673706,-1.49907209716,1
1.15997067026,-0.981605502548,3.35791124764,0.761901585973,0.336011595295,1.36747626631,2.10920815316,0.366287323553,-1.42547076124,0.309410441946,1
1.66262058955,-0.0426533859168,-1.4554094389,2.68265081232,1.42419025208,-1.01483062076,-1.28059935729,-1.98497209129,-0.8345384557,-1.48850068255,1
2.20041816974,0.804819470849,0.0236005760656,0.837358502162,1.44144361775,0.560032849024,-0.441787799866,-0.0876545227446,-0.369740192022,1.4479315477,1
0.210121897573,-0.873008966909,-0.862164568632,0.957807464513,1.39233158098,0.0885675094897,-1.32946024353,-1.48942201077,1.78553446188,-0.156465306568,1
-0.92158814324,0.273801046439,-1.12590241069,-0.14177416578,2.97617809299,1.10167351969,-0.186722340072,-1.31722434097,-0.896646112444,1.06074018074,0
-0.823738005461,-0.214023895173,2.95462676518,-0.252903512641,1.38544007833,0.269312895906,4.18892778743,-0.327905012975,-1.52396793993,0.195778363315,0
1.60538997155,-1.41819821024,-1.24190177028,-0.430443815787,-0.78282964367,0.952144300693,1.49853538428,1.5169768981,-1.40342519831,-1.32910133915,1
-1.23969849459,1.22532309154,0.67470318371,0.659489476617,2.22004857001,-1.270856643,-0.88056791398,0.847079347755,1.89695593909,-1.10019087786,0
1.40233708347,-0.135542261939,1.20433250196,-0.424591409131,0.137152611381,-0.355681921169,-0.589477430438,-0.711201211145,-0.366054587112,-0.880907552566,1
1.09856335291,0.612049775965,-0.494142032988,0.0639790486321,0.385065098436,0.0456144327988,0.293420954414,-1.05721764366,-0.783486927069,1.3309301671,0
2.20809380714,-1.09840345978,0.673356661516,-0.23953060187,-1.21606485293,-0.590344110055,-0.789701556282,0.1814602633,1.04562368287,-0.328775898641,1
0.967588594253,-0.677084656977,-0.842886507858,-0.302257008249,2.58434437011,0.0988433394325,-1.25575376895,-1.12835477632,0.973250742631,3.49194757687,1
1.2702357793,1.09540387446,1.41138483629,0.626924259299,-0.0570162739906,-0.888931923144,-1.68686200747,0.944572143673,-0.556565437947,2.06660076578,1
0.656899413406,-0.42669758889,-0.984091986798,1.12322968136,2.2735136338,-0.740129635929,0.256464592965,2.36338177381,0.93438977276,-0.91870551556,1
0.601953062973,-0.111230502565,0.00596309115841,-0.973985540738,-0.381908195467,-0.339338025987,-0.850468316111,-0.36237447154,-0.799817363374,2.31701383437,1
0.22490051804,2.51536815809,2.1306241328,-0.766123772411,-1.04950321107,2.55142331264,2.15553463313,0.615525035882,-1.04685383856,4.36552127401,0
0.161638537765,0.911719417628,-0.210898499043,1.29088819198,-0.835212952663,-1.63324175223,-0.66964581951,3.19020746801,2.51165091642,1.14065529092,0
0.961458098191,1.24962866062,-0.954890511542,-0.0656439471668,1.58131813107,0.922143359275,0.26266909057,-1.67654576263,2.4491172002,0.462338121018,0
-0.820331986044,-0.7024225432,3.44535593143,-0.842345911209,-0.20946571318,1.06548692767,1.29213288136,0.92717583696,-1.70475648052,-0.698299757365,0
0.235123697778,-0.0889098542369,1.25495827913,0.429060882708,0.644792547591,0.484855878964,-1.74125418196,-0.292950312303,2.33044157606,-0.752496701087,1
-1.1672849884,0.257567308065,0.592481735414,-1.66974902033,0.172714755994,-1.66902659992,-0.811085622332,1.83963684514,-0.366452461949,-0.792449432427,0
0.244969583592,-0.294326213368,1.13148516955,1.66930377672,-1.01799475169,2.93405432422,-0.0988168151986,0.708626170533,0.816116632235,1.05120815069,1
0.27903674902,-1.64809595518,-0.925350579343,0.288397262475,-0.447688231576,-1.18272734202,2.54374392002,0.502157266006,0.562829299354,1.4551826606,0
-0.689382660407,1.07862976019,-1.64316342163,1.54401724676,0.403554118653,0.327717751901,0.149454228552,2.38931935885,0.35358872231,-0.876769533569,0
0.0225390661408,-0.886102396905,0.541081759083,-0.676505013128,1.84234013685,-0.709060392453,2.26468192437,0.526518201677,0.555207545879,-1.21526493285,0
-1.17679644077,0.546964546939,-0.593732168244,0.528306227469,0.188949651141,-0.021353013938,-0.27996635105,-0.90534016703,-1.11594875266,-0.169364436544,0
-0.219368321911,-0.0360581926523,0.468654331419,0.588739450871,1.18366596167,-0.861640834735,-0.831342877121,-1.11407037036,0.186566213295,0.77795403577,1
0.380258769938,-1.27184475307,1.43722395436,-0.68925210861,1.52204004874,1.24271297786,1.25511668468,-0.1511707573,-1.17703128671,1.39736723766,1
2.42897600888,-0.76735488467,-0.546110453027,-0.524335838836,1.34020779114,-0.933997075766,-0.881213665342,2.11668244957,1.4778623526,2.0852430583,1
0.652631501386,-0.528962801883,-1.61983761404,-0.517945226296,0.904095241582,-1.69066077035,2.15408491016,1.34248514932,-1.14404075426,0.392970796021,0
0.987700591597,2.42625665547,-1.00314098563,-1.88014744558,-0.286650875214,-1.51238033742,-1.63647785419,-0.267020845048,-0.696420039864,-0.188436183435,0
1.53997057881,1.84226318382,1.73648749919,1.62296592963,-1.11245324438,-0.540204728348,3.38529552182,-0.594422878835,-0.951962281258,2.52594895068,1
-1.22409919435,2.48079300035,-1.61269355845,0.552777320579,1.51117936939,-0.96135388551,2.68115348973,1.00895608109,-1.56294495922,1.61354663704,0
0.794222537593,0.543480089555,1.69113938153,-0.673321321957,1.82016733894,1.8878700542,-0.332467682421,0.388157677009,1.36361162405,1.14309142115,1
0.908934478518,1.92998310018,-0.761458976812,-1.14998178358,-1.93939236498,0.250901172873,0.238771227875,0.111137685853,-0.935057284598,-1.62853527052,0
0.786703653,1.65657204512,0.226622371682,1.26683479871,0.188849008126,-0.46459271557,-1.24379321468,0.978161167186,0.25382931598,0.737016730414,0
-0.498066431782,1.33266912551,-1.25685243238,1.44788124372,-0.072661399457,-0.206313313599,2.74084651322,-0.585256024311,1.625508962,-0.0170443589282,0
1.27633033884,-1.42463671256,0.156084200008,-1.1940382168,0.346008547311,-0.52484794145,0.457830856521,-1.06124645465,1.14871426445,0.905865802551,1
1.01601368678,-0.442521890166,1.43744732062,-1.47933275566,0.796206146819,0.343039538726,0.615438484319,0.376417241631,2.35061834113,-0.837102984012,1
-0.28698075161,2.73611017527,0.234731526433,-1.13301639718,0.620520093849,0.705898920605,-1.64959269773,-1.03753429958,-1.58168665195,0.886192920011,0
2.11041186993,1.17965512827,0.59703307916,-0.830525758601,3.19738089506,-1.8016982388,1.38945115538,1.81376538185,-0.427043969021,0.681683577322,0
-1.9240346677,0.161465044917,-0.540996639092,-0.0605689509847,-0.407687649935,1.32856125297,1.40106399234,-1.23085095803,0.0574808400511,1.07983933264,0
-0.331090631313,2.88349350907,1.93835913383,-0.476713881656,-0.348303472752,-0.122705512539,-0.570289820987,-0.385452133658,-1.28213331475,1.47653138959,0
0.294505055122,-1.16129192437,3.22055438692,-1.10992369394,0.264772381157,-0.120687872668,1.14793975039,-1.15472850456,-0.783534118407,-0.602634010818,1
-0.678644933765,0.273678921065,3.10840103871,-0.270568272558,-0.414390493669,-0.575942293917,0.593895519832,-0.231567881748,-1.68688191903,0.48101837848,0
0.431137078887,2.52271920337,-1.35529446711,1.15495513441,0.792891943376,-0.314375995613,0.234544550452,0.328687366245,-1.04974375056,-0.00313829296054,0
-1.18257698291,1.47804728749,-0.959739144633,-0.144746606077,-1.4820349481,-1.14993963934,0.156693506022,-1.02270767325,1.06897248376,-0.424099962026,0
-1.86681060428,1.92301206882,-0.440964793885,-1.26238217336,2.75091481033,-0.660948292123,1.65498323063,1.03182786002,1.86856147022,1.4940671957,0
0.114127223132,0.806036349692,-1.15324633221,3.64163139836,-0.340808094837,-1.00547979643,1.7607475098,1.41487913327,3.04038583754,1.04456162977,1
2.65231342757,0.303498746844,1.20120231175,0.510528323131,-0.724576680792,-1.4055421409,-0.578179884233,1.14696791713,2.12985794957,0.845670124523,1
2.31154483265,-0.586826576469,-0.482332321313,-0.248546148157,0.94528521904,0.958690412919,1.66421993199,-0.897891394613,3.44641958508,-1.40588355868,1
0.698617113238,-0.941008650083,0.647610046966,2.10449451266,1.59350326806,0.0803655548312,-1.3653831978,-0.150405483016,-1.69402215507,1.00871168258,1
0.910207878712,0.553970707242,0.464896035188,1.99306253366,-0.171464347561,0.290641532728,-0.487679720933,2.09930118417,-0.908456851882,-0.69690098739,1
1.28170805821,-0.325736103437,0.196669656636,1.25152705384,2.52914264407,2.05159804489,-1.32325942239,-0.721193949809,-0.867771464882,-0.506425700122,1
-0.480857704945,0.0122546772617,1.70290610367,-0.0846324110949,2.24028214151,1.59721608741,0.71058591369,0.208253035368,-0.651689427343,-0.0485983761709,1
0.0283481755853,1.70781607977,1.48364864817,-0.792664004834,0.762915078888,1.62372760943,1.18155186986,1.14267533071,-0.46375634555,-0.239155451035,0
1.91177747366,2.32479321008,-1.02420830048,2.49549486592,-0.0441004979434,-1.32556545436,0.510767670483,-1.07618916716,-1.47688052098,0.343683110116,0
-0.340085121358,0.589972207289,-1.30200468344,0.340204894776,-0.816855877312,-0.626527683853,0.394002897196,-1.71879964572,0.457730117306,-0.748308592117,0
-1.27955829312,1.20374298126,0.25193638828,2.93991662339,-1.71805567006,-0.245734947346,-1.03460625998,0.436145175658,1.29337079899,0.838696824231,0
2.44490805489,-1.02391043793,1.41671624736,-0.247268696787,0.294839577502,2.74330110434,1.66430768679,0.400725763487,1.52132267461,0.50924132302,1
-0.304022278026,1.85852754457,0.601545012471,1.00557816559,-1.48115004916,-0.964823462325,-1.32726205139,-0.29720816754,-1.43385934376,-0.106584766804,0
0.33096905502,-1.48682111966,-0.733581764348,1.44348288042,-0.87462384964,2.98952084729,-1.69393294978,-0.866346087312,-1.32806467174,-1.15231425535,1
-0.915385797713,-0.47960401817,1.45421861717,4.30004250598,-0.104927394782,0.145771411236,1.60106931732,-0.796848770698,0.561028918981,-0.0527082664608,1
2.53944135364,-0.432012040719,0.84644675494,4.00325424587,1.9399177702,-0.364281331183,1.12023431246,0.498624172771,1.20809982616,0.365148117332,1
0.956349190636,1.5958030114,-0.625741403194,-0.535603153459,0.850909940488,1.36485386586,0.251760912778,0.238521322134,0.795526710523,-1.90948335282,0
0.989379061895,0.747783574225,-1.5345331407,-0.888901377333,0.820811444044,-1.07783678838,-1.53348638013,0.233138758216,2.26230535769,-0.708913655058,1
-1.26111941182,1.65463707199,-1.01379616287,-0.939218112162,0.209450532558,0.221081325591,3.08150429433,0.938255918971,-0.274929500562,2.22231391998,0
-0.986510712121,0.292546304692,2.49247292327,-0.42194406405,0.947888680204,2.51192458995,2.07796447265,-0.762335494687,0.339912397978,0.907358807819,0
1.95994567642,-1.22256720592,2.39085080023,-1.7144939673,-1.28026090212,0.553160157381,-1.19344479415,-0.0226279751893,-1.25878290046,3.41166945619,1
-0.7706811862,1.52990369542,0.0992920069801,1.22706032117,-0.0575633471247,-0.0718739905571,0.0256698501626,1.62305065304,-0.575510658338,1.53941779062,0
0.169883275654,0.0233361722819,1.83015260186,1.66447980441,1.42656006669,2.40582052221,-0.403795765891,0.179632410351,0.49087409032,-0.500658847796,1
1.70605352854,-0.801415475948,-0.439828628395,-0.196542052786,-0.889614060773,1.66211856289,-1.60357023546,-0.14510189876,-0.15812961462,0.954479858047,1
-1.13395257038,1.29812129754,0.961939790448,1.36617502123,-0.592220134421,0.112986740735,-0.0614933441064,-0.134320174672,0.775943482246,3.9934104152,0
0.320217637597,0.54805545198,-1.25019559538,0.671740132769,4.31380188766,-1.48848905706,-0.701462133411,-0.479980224693,-0.934440711793,-1.47179786655,0
-0.952855690801,-0.770635110289,2.38612441131,-0.19267898403,0.241518297508,-0.912874221972,-0.114761106836,-1.65198038174,-1.3388693028,-0.566286448387,0
2.49067820678,-0.673806982653,-1.5125265665,-0.604235832528,-1.1669547717,-1.36671981271,2.41792523941,0.827821573833,1.40771962716,0.705180811631,1
1.9009247891,-1.59171076931,1.23742158201,-1.50213174761,2.75968093367,2.66483561442,0.48847075113,1.79420609049,-0.384286825815,0.837987348767,1
0.596458497011,1.85841235964,-1.58484537575,1.24054256821,-0.657482821222,-1.59405026494,-0.765229669272,-0.821226654457,1.53112615264,1.396226318,0
-0.372872260206,0.0925801585831,-1.3258042025,-1.00322404354,0.287235428866,1.03988052285,-1.46597299797,-1.49669934736,-0.375304511852,-0.217923942145,0
0.56231091568,-0.468521969959,0.393385985884,-0.650688387261,-0.303293488567,0.311082680522,0.624876682564,-0.53408452144,-1.38291662212,1.39287128078,1
-1.1724547465,-0.318466430225,0.470769765983,1.59658827491,0.408053927891,0.655509203806,0.685991325229,0.587306132378,0.372099917539,-0.935166627567,0
0.0549556352059,-0.357332941281,-1.76651135624,0.664515455361,-1.39523150895,0.182610390528,-0.764883390059,1.1838538645,0.354718157426,3.34993099969,0
-1.06882692725,3.5686173875,-0.500440548152,-0.212976329328,-1.39302547332,-1.28236414815,2.51284218517,-1.53344676904,2.55387429369,0.304871224408,0
1.04150140384,-1.32973130264,0.793396518215,0.296220012066,-0.122325477747,-0.538063547279,1.86608719278,3.8829165489,-1.08168206529,-1.02508575971,1
-0.971068710845,-0.0912130317185,1.38601142485,0.956538046694,1.52854826646,-0.387398924414,-0.9985573348,0.722532610522,-1.70850277264,-0.934239410728,1
0.544032276025,-0.350292311477,0.296305601551,-1.84939470517,-1.90345924186,-0.600961922397,-0.103179234853,0.177235455892,4.01274484531,0.589899539592,1
0.287534076132,-0.259924788474,2.54107879563,1.53252102886,2.94453035609,0.0188784067323,0.837033694987,3.72705155718,0.597134422096,0.540002784449,1
-1.48494703466,1.13061182375,1.40851489547,1.6989777415,-1.25124496142,-0.889863190486,0.537510254413,-1.17719882718,-0.358839556959,-0.166687464238,0
-0.128083959615,2.09707441523,-1.17464821083,0.269156991921,0.000463986333052,-0.405242870161,-1.73450472399,-0.683822656498,2.37838425237,2.63656221089,0
2.46000757922,-1.42270041457,-1.47351518329,-1.88084379352,2.79176620151,-1.88601305353,-1.72008792312,-1.20184787246,0.124822563604,-1.21818206686,1
-0.278026293961,-0.213910648655,-0.0950637655309,0.244529152921,1.27068231794,-1.3496874178,0.597624865897,-0.793962080519,-0.379836403577,-1.11449024141,0
0.589591104745,2.32696169151,2.60100698783,1.07421282817,-1.69416752737,-0.280037589017,-0.34663258821,-0.444368995101,-0.19949735085,-0.332553971793,1
1.48869301172,-0.660851360053,1.19849101992,-0.275585718711,-0.564349990743,0.365195745771,0.999177465586,0.669651496595,0.0481193191242,-1.22169794908,1
-0.573373251346,0.615510585959,1.23540235687,-0.081203110878,-0.891170843119,2.14279911914,-0.894650209326,-0.270593711932,0.031636170264,0.902030968551,1
2.27829485937,0.166873001739,-0.443362868053,0.870424904797,-0.148022527716,2.188666033,-0.332678641394,-1.01367849045,1.47033762478,2.13052101168,1
-1.12821136253,2.2227280805,2.84667424054,0.818385187305,-0.519067767964,-0.282208666957,0.540118568667,1.11608090423,0.72724350299,-0.595380343724,0
0.438119908231,-0.463784259067,0.285030091669,-0.556493772431,-0.18736492118,-0.572180335355,0.386744302171,1.36333860365,-0.0639809239484,-0.575562293381,1
-0.530457830915,0.561125573507,-0.573662591655,-0.899027228763,-0.685918124048,-0.379512286468,1.37586505572,2.07645101201,1.14961839685,-0.536674608023,0
1.63993566725,1.12475281117,-1.02678838125,3.366543192,2.97776767484,0.0241798760205,-0.00459266902618,1.27999260886,-0.933552741153,0.0955801567108,1
0.982966396233,-0.1151362467,-1.79961354104,0.374741466852,0.00448163769781,0.882562100321,1.46346119294,-0.730436591061,4.07480941801,0.319898116106,1
-0.148826184689,-1.46181562063,1.13740573192,0.575595480231,0.299387625166,-0.263613284188,1.15590260873,1.21966515378,2.85769646408,0.469926373801,1
-1.00879167001,-0.148072764134,-0.581547986536,-1.16142530101,-0.219027068946,-0.274359823039,2.59409826644,0.341111444199,-0.357280899774,-0.86883408423,0
3.83732423038,-0.797993247111,-1.42616812114,0.0248543984733,1.38036062066,3.44314994877,-1.50357029613,-0.681656333866,-0.416433055749,-0.922893646279,1
-1.06859420506,-0.190676566474,-1.1508314883,1.98978276753,0.853530545637,1.04300119424,1.10311387498,1.89266542889,1.80766337508,-0.401792528186,0
1.09777526271,-0.576064893984,0.0933691896957,2.41136935526,0.502144854353,0.612619336656,-0.0301287043681,-1.35687893652,-0.490418017178,1.65293466456,1
-1.6612929916,0.481394329926,0.39652980478,0.515320958125,1.67347119765,2.07214102565,1.04361063271,2.35030568342,1.40593906112,-0.774058131792,0
0.94257355572,-0.751884071081,0.674405086127,0.487194207564,-1.24884001379,1.72308061401,0.772566115631,-0.79125029868,-0.0168447282386,-1.42925300246,1
2.38535921148,-0.914086950395,1.82811938392,2.3578220618,1.44776087486,-0.0881902475811,-0.130254846671,2.93806108049,-1.9531711314,1.16586165061,1
0.691039611689,0.896907541979,-0.375011918215,2.08303252789,2.32695345628,-0.586767750823,2.27632341849,-0.850821429104,-0.422400828454,0.554619074986,0
1.76473260328,1.41073728434,-1.14437634246,-0.845644525607,-0.331665946983,-1.83884263006,-0.809564089314,0.625622352737,-0.0168131278675,0.590529286786,1
-1.16526662718,-1.00877548643,1.29274374186,2.12609083751,-0.668852013284,0.0466873288704,1.77573444157,-0.922717096883,1.17240845922,1.70386875319,1
-1.15537873076,2.1854226942,1.7537024558,-0.26033929113,-0.299770356669,4.18307340816,-1.16064282062,-1.12122669099,-1.84933367973,2.20059635167,0
1.09220923457,0.784187554014,-0.692026311051,-0.574465885552,1.71324239073,-0.286319300611,0.00936234091004,0.299409340538,-0.526052568053,1.61078229963,0
0.703161366606,-0.775295712071,0.0457989079835,0.138081032342,1.40112094143,-0.771554883556,0.0575013433238,0.461722899735,-0.559637272259,2.58646079962,1
-1.14098818593,-1.49157890577,1.29593960075,3.54785960136,1.61660699572,1.405343188,0.0520024603426,-0.436898548262,1.20007667459,0.446772302283,1
0.391449817901,-1.01065178402,-1.05376752698,-0.483448964951,0.475168154101,-0.55433069881,-1.72990050526,0.768888860503,2.36977445914,-1.06777188364,1
0.990250692628,1.2585230357,-1.19274666258,0.950072968071,0.0875639596771,0.0684848535537,-1.02591345232,0.992709751648,0.314288023029,-0.683598392961,0
-0.348356903357,-0.258253093049,-0.359729886066,1.55053553968,-0.27524881166,0.162269992529,0.940516653153,-1.45448562697,0.00217290903243,-1.77115473005,0
3.61687486835,-0.474757648272,0.994450078924,0.031332643787,0.601034315668,1.31094282228,-0.746858102515,0.912946237983,0.359538767075,0.821127609238,1
1.4206423805,0.178183752057,-0.0859342223502,-0.386637311473,2.63140444876,0.362584394181,0.620399254677,-1.36718732483,1.26356263418,-1.13451393347,0
1.70853573223,0.883097351392,-0.376833918183,-0.298263262965,-1.3601592897,3.36088033194,-1.09563204433,-0.85157595061,-0.284288306089,-0.998775341936,1
1.21565529032,2.54090629743,2.32186450637,-0.857689220046,-0.504506183511,-1.19827463208,1.52137246201,-1.52973937075,-0.109811359057,1.3506501238,0
-0.454468373795,0.228770904534,0.217671509449,0.450480640233,-1.62588504614,-1.73828422389,0.772378519065,-0.594034707085,0.342586000051,0.206625706863,0
1.02619743731,-0.835021538636,-0.627867588983,-0.174877014103,0.781968682439,0.78784549243,0.839138892735,-1.49104478222,1.8341036976,1.51164527337,1
-1.69536661796,1.22486911682,0.178092177626,-0.165402884524,2.77265553853,-1.09722724346,0.36492997929,-0.510212477736,-1.14809776653,-0.25879878121,0
0.461063822053,0.0966604261078,2.60152467804,3.38987750422,-0.664598940902,0.678127137879,-0.237225663709,-1.09816249989,1.08682373118,-1.06368544303,1
-0.264912340879,0.189132933562,-0.913733029792,2.17187121805,-1.5849787209,1.01411309331,4.41982825756,-0.383651236473,-0.346822438716,0.822082849465,1
1.39552548353,2.23701108196,-1.91559435623,-0.856393201077,-1.28422423486,-0.779235959886,2.40732132873,-0.0968734433355,-1.02733835911,-1.88919383569,0
0.867645757425,-0.161932407122,-0.931373288144,0.438914001296,2.76889338415,2.08005137372,2.14876817227,-1.25190737832,2.26635644737,-0.572546304515,0
0.775983198297,0.933858927122,2.38757991914,0.686208030698,1.40369162945,-1.10106635838,-1.03611135663,0.777095995529,-0.582052962725,2.99248646392,1
4.21003162892,1.05711866422,0.918256880259,-0.350310825384,0.109638997172,-0.931140955349,-0.341216081493,1.01442799251,1.21783607953,0.115071207835,1
1.05706908646,1.45085743883,1.38040403043,-0.986591478055,-0.417462975177,1.06708731664,-0.606524915009,-0.836653461672,-0.9375197095,-1.52877822246,1
-0.838052125555,-0.872269114277,0.146404197656,-1.09451542562,-0.715540120689,-0.147334760637,0.102935919033,0.876490324493,0.316516063171,-1.32849438495,1
0.747859168645,-1.19051258413,1.33873273924,-0.808620527383,-0.414350117622,0.0252996065239,-0.163522885144,-1.28054349101,0.811227138452,0.930367785997,1
0.0270257378545,-0.33293040778,-0.994622787473,-0.253018284177,2.68303946497,-0.997583875007,-0.41894905047,-0.00881557663017,1.37262616057,-0.135352020711,0
-0.63715474801,0.415514575617,1.54862764444,-1.19976760748,-1.08210143909,-0.678878590931,-0.971380895178,-0.0906427955646,-0.489918297832,-1.66983882565,0
-0.0438019909825,0.987176578684,1.02073571238,-0.863328491941,-1.10996397744,-0.274625877197,-1.70783359521,2.23424932715,0.959178019207,0.0508907936293,1
0.894903804249,1.11960573524,2.39592235746,1.64330017046,-0.87490123958,0.553193665046,-0.258825147484,1.61686349862,-0.381694431804,-0.273568872932,1
0.987303689958,-1.71590560348,-1.78092031904,0.26031007057,-0.506939853226,-1.052528952,-0.660525637716,0.615094088036,-1.62302287658,0.347670831215,1
0.433282917362,-1.51644782288,1.10938522851,-0.953489731096,-0.612595987032,0.918262277587,0.193222498791,-0.426820444123,0.611756155968,2.12827163765,1
0.162119076594,-0.0638619508385,-1.42970856292,-1.18759800922,2.52831372901,-1.09940669697,0.379734121602,2.08213517849,-1.39663691435,1.04343603062,0
0.264465071428,1.59425914443,-0.0440926517349,-1.83110612193,0.344311957326,-0.332175587393,1.89460734357,1.23372680935,1.36826073936,-1.32005594856,0
-1.02877049699,1.58488471409,-0.699424819648,0.30557923037,2.35456585778,0.787261702737,1.28508603964,0.524888039611,0.075718484288,0.542344113148,0
0.124779223593,0.458198854127,-1.112014591,0.540841411853,-0.378524288069,1.94331218412,1.91242438913,0.113905012669,0.507946621667,-1.25365015079,0
-1.13187132169,0.779428430352,-0.739409917925,-1.2920016501,0.835476292027,3.81594718608,8.32629160672e-05,-0.771239409294,1.53446386547,0.523851134163,0
0.872786046241,0.131866367117,-0.367351950596,-0.515366336995,1.30535630337,1.05999583372,-0.327784302147,-1.13039216742,-1.12872922469,-0.335668407119,0
-0.847993967763,-1.63405655774,3.85294745589,-0.558398629796,-0.954909671854,0.406503970618,-1.78522235971,-0.12686115496,0.331769994687,-1.36335528322,1
-1.11709784589,-1.34026882495,0.547694990579,0.604968782453,0.475993908986,-1.73395763191,1.22660963377,0.0479855132154,-1.31627864264,-1.31744612881,0
-1.36393675696,0.35963932715,2.15685996323,-1.10720777705,0.0543153382629,-0.679351491825,-1.28511849882,0.0690661818127,2.27983760615,0.018983225614,0
-0.974746571457,3.44951472546,2.2523328862,2.49443210835,-0.912527714111,0.106272017609,0.426585338738,-0.517538625587,-0.747044750185,-1.44917178148,0
0.491721313733,-1.5639939617,0.807937839926,0.0899772232067,-0.585091952775,-1.41531013018,-1.76721172197,2.38327418096,-0.625155692472,-0.442168023417,1
-0.927995751516,-0.0632159789711,-0.714445285556,-0.26387232191,-0.598782157979,-1.05330777602,2.17311502358,-1.12372438934,-0.803586706928,-0.806150885088,0
-0.551937387868,1.18985058038,0.75319666781,0.970182448716,-1.22539500439,2.44308787673,-1.17532983559,0.91832335569,2.7163095828,-0.422302551727,0
0.863508549751,0.0177592049226,-0.529318422789,-1.17723023403,1.28810185976,-0.893498100195,-0.116584515786,1.01830828182,-0.855409994744,-1.19360684469,1
0.522492506689,2.30452346895,-1.71571746994,0.384892372192,-0.275338959611,1.43520408413,-1.54685977932,0.953397885547,-0.869805657889,2.20810782374,0
-1.53388040275,1.56072128602,-0.342223704902,0.311514062708,-1.24033493007,1.52400832246,0.114022880556,2.5581594199,-1.05767701876,-1.23119709103,0
-0.144700078971,1.33165079654,-0.263930991159,-0.984136092497,-0.880149703932,3.3319213119,3.12028600444,1.46784479655,2.64713706616,2.13018232876,1
0.687362440593,-1.25117871073,-0.456762792356,0.0798175400668,2.22575144054,-1.39517327477,2.78912200693,-1.13830357391,2.06939276367,-0.333348226898,0
-0.410534669516,-1.07057745942,-0.12527288426,-0.643483058737,-0.261205523568,-1.66958129726,0.236712431438,1.37351630492,-0.633882303684,-0.498908395176,1
-1.31927357003,-0.984226190714,2.40564674367,1.89978389962,1.1738404507,-1.35655799876,1.01405407148,-1.07738579109,-0.284944895544,-1.12738197887,1
-0.259297173645,0.779733583268,0.211840033707,1.32190347238,0.803803753396,-0.903805019805,-1.54888225076,0.779934767605,-1.34705694678,-0.585712920862,0
-0.649269880016,-1.07013946206,-1.11962872964,-0.139739347456,-0.311604398906,0.0566485307085,0.24063769717,0.523993848207,-0.323618675543,-0.508749010225,0
-1.87593196553,-0.333025465568,0.446279680364,-0.626907801347,-0.787819577873,2.36417510354,4.48155845217,0.479330619174,1.53416764584,2.64277154985,0
4.78988118593,2.01863971698,1.43903128297,1.11457393736,-1.64442871846,1.19024971692,0.390343908491,0.884995762505,2.23440284467,-0.368307458732,1
1.85563742378,0.915940221054,-1.25210415485,2.19279068392,1.19678637189,0.152939329694,1.91739254247,0.344295347264,0.0667724865309,-0.939398158455,1
-1.38260909584,1.36260006732,0.541292363314,-0.0754941736769,-1.17540611061,-0.315131508461,2.28631311184,-0.345356030973,-0.284037264486,-0.680163625833,0
1.84197388664,-0.657429972907,-1.5253545968,3.03604420547,2.13522245179,-0.295288522925,-1.28628113166,-0.793901703069,1.97044778576,1.7645236999,1
0.493852737927,-1.45447828966,1.05563226671,2.17097633561,0.624756424237,1.42196725471,0.727672511457,-0.442273389011,-1.12323721299,1.30945426404,1
0.934601312973,-0.867831614573,1.35789091196,-0.0443518932976,-0.625106442646,-1.12490866876,-0.801251364654,1.83954210886,0.987344204735,0.00586346007669,1
-0.795729207312,2.87165853099,-1.40706578678,-0.854268787348,-0.441263848876,0.172041984224,1.00380775162,-0.462708277954,-0.299300437563,1.54684911249,0
-1.49839835272,-0.165449956264,0.596939984424,0.809346784834,-1.50425441823,2.69968697887,-0.757252045216,-1.15870079062,2.09375664957,0.606594147826,1
0.492973450743,1.78581026828,-0.118292616399,-1.61343879594,0.759111141786,0.100327206025,-0.641218070367,-0.324739539292,-0.173437201481,-1.5922270256,0
0.131621456163,-1.16701637013,-0.0998731898068,-0.0333558536105,-0.624035915531,-0.136110606791,0.56823608031,2.92169544408,0.0154228921195,1.38632002443,1
0.268967764976,0.962300789549,0.1355159207,-1.81734486937,0.330325411635,-1.39000133053,1.08527876885,0.802518457271,0.230758357422,1.90623369381,0
-1.51551434231,-0.182181569316,-1.66835969397,1.27368141531,0.564520504431,-0.839513581796,2.60598053935,-0.293702314507,-1.26910841849,-0.428987690288,0
2.76283350238,1.9103900476,0.143577892875,-1.679018947,-1.16492987437,-0.236091842302,0.939408439471,4.02602973277,-1.05362392293,1.24249614787,1
-0.0686553541351,1.18657312296,-0.576027445482,1.84438428273,1.00990659426,-1.27590722093,-1.04651100372,-1.39329333796,-0.937581887196,-0.106684966706,0
0.165117602819,0.956857630529,-0.510342504542,0.321210404818,0.893377754163,-0.323170296341,-1.13669544693,-0.58060291923,-0.798629131722,0.501663725899,0
2.50638537341,-0.259768750552,-0.17884609232,0.412256344678,0.210523933987,-0.745187833434,0.297370314836,1.6518567724,-0.922331056881,1.03113495143,1
0.625463660081,1.61885943286,-0.131073797541,-0.150178549549,1.06611049997,-0.505785636389,0.438391168983,0.0774234853534,0.994351985791,-0.903585260937,0
2.2397879148,1.79540718088,-0.962618227446,0.461093318844,1.26033910781,2.18083015517,2.67932417943,1.85602092091,2.10769529289,0.223854462534,1
1.55606129506,2.22803421179,2.89957917357,0.600265596202,0.829924350724,1.7618764832,0.0185620958119,-0.862983283405,1.93862629353,1.64403952563,1
-0.0390105555723,1.11508004972,1.5982057341,-1.17920670968,-0.578724427547,-1.33808505166,-0.201886597399,0.000875468961576,-0.450389770159,0.656861942455,0
0.816017122785,0.109041455967,-0.981405125466,1.22008595824,1.42389127401,2.84980285861,-0.131647939108,1.53875129529,-0.307994900402,1.95101270469,1
0.496795434719,-0.164072876379,-1.1395367896,0.379682451718,-0.0239116829002,-0.313285244992,0.555705892687,0.0625535753124,2.31680837025,-1.66593468365,0
-1.04825994882,0.704338086183,-0.236854398854,0.509869301014,-0.967153033061,1.46287004761,0.263367587228,-0.262337657381,1.61691033224,1.07712649503,0
0.0985595930189,0.282242279137,0.397245078968,-1.74936668094,-0.0398364874216,1.50121252118,0.384477410903,2.85045213657,-0.990187801694,-1.0477178802,0
-0.116232085881,-0.595281686209,1.19714654049,-0.641883680685,-0.237228550586,-0.805183583214,-1.25553978854,0.539535658224,-0.118962837753,0.648434223899,0
0.762597728162,-0.714085891748,2.01921283552,0.254682686123,-0.657563836908,0.8699271971,0.985069375829,0.0284270006767,3.32012695317,1.47928740824,1
-0.819429075381,-1.10590342588,-1.54023456314,-0.614402635012,0.208285487539,1.36561688991,2.25432436163,-1.51435432471,2.51655102121,0.443381572466,0
-0.374403922326,1.45165995462,-1.42887051558,0.502914034624,-0.0598912943286,0.625103586978,0.791853312931,-1.45252657861,-1.0597898636,-1.50052218734,0
2.04151708928,-0.102304158027,0.407740760433,-0.0801694948594,-1.2891150063,0.993681722816,-0.614494758044,-0.671092086357,-1.87094688304,-0.327379915866,1
1.89041101314,-1.04300706611,-0.602904582749,1.75991383541,-0.704967971357,0.646814905927,2.59556529861,0.940657229303,0.100084792791,2.68445668406,1
-0.99914568232,-0.665318771018,-0.0650551999906,-0.776448212533,-1.2152767366,-1.63471296463,-0.0207685301214,-1.23193114114,1.15068515377,-1.22196090183,0
1.94307693393,-0.992419769822,2.20354691442,0.909432773527,-0.36520918855,0.947799817514,-0.454124738969,0.122120237832,-1.66603069508,1.85103276864,1
1.11788194355,0.391202595341,-1.11368592584,-1.72475165307,-0.493622312166,1.99005180931,0.811992521768,0.893157676905,-0.0683610187419,0.947889303147,0
-1.19086353544,0.35834498832,-0.875140847168,0.475157431297,-0.976069835789,0.983031885004,0.573767229736,1.88487337369,-1.06185902958,0.124881436476,0
-0.32337079253,3.40241266595,2.12349771288,0.111469456624,0.341732121971,1.11507424939,0.773459886671,-0.21552093791,0.331493732847,0.406122329135,0
0.263922292455,-0.804206709737,-1.32864567288,-0.184059477691,-0.333128582469,-1.12070847831,-1.497885561,-1.09709252646,-0.854242238796,-0.93206427098,1
0.791328489428,1.17997395271,0.0145415765765,-0.167609119886,0.827011086892,-0.432145361299,0.516086605752,2.32194915564,-1.6118273035,-0.34071038468,0
0.895110781267,-0.0383203960323,0.056546366872,1.38692200503,-0.853140185618,1.26680805266,0.775876363081,-0.212570149243,-0.0599279121893,0.82675710758,1
-1.05362811285,0.109652979211,-1.17324418333,0.226481190704,1.87278419444,2.50113292303,-1.34040791595,-0.946876850232,0.118849315831,1.57670893439,0
-0.540839334071,-1.20463604601,0.648816954995,1.57784347658,0.255958757794,-0.378875482396,1.825822425,2.30576357209,-1.31924044231,-1.71405297055,0
1.52897210102,-1.11060222089,3.4774934911,0.0257036396329,1.18791279227,0.354293979033,1.48669235718,3.03670273504,0.563634526664,0.426625008892,1
0.0242017200345,-1.26010456056,0.835051238128,2.851766957,-0.533039794679,0.72302276328,-0.251210284835,-1.48044915224,-0.884832325171,1.40485370252,1
1.09972497529,-0.217587044488,0.0740362824262,1.91037638912,-1.50062614771,-1.01679590937,0.476071806548,-1.56472318155,1.23110252824,-0.722828900471,1
4.80871933945,-1.15358999507,1.93386045714,-1.29078949799,0.0458857966912,1.44399294264,4.67027128209,-0.915848290479,-0.650195737712,-1.28364439673,1
1.7830234938,0.120788086992,2.60091053994,-0.38734631255,1.98790328898,3.98807202558,-1.20608954115,-1.64765426207,0.331835935727,-0.732459554455,1
-0.496967020861,0.0992679754594,-0.751367906312,0.0625922324817,-0.714899071962,-0.79487000835,0.0199870915854,1.35097528106,1.51987186594,-0.447183897958,0
-0.339210982723,-0.44443704939,-0.500115493923,2.86619616153,-1.9170764657,-0.221644571042,-1.73159140392,3.04748453905,-0.741532056285,-0.550349820116,1
1.37893767709,1.41363490763,-0.788166756123,0.609433513662,-1.36778943292,-0.359288700201,-0.623837536276,-1.34008395016,0.129652171553,-0.345532872893,0
0.381888406606,-1.27172849085,-0.0549665315365,-0.340141655844,2.03633984232,-1.07919917479,0.237908950726,0.46632965576,-0.812602529534,-1.05639478664,0
1.23941383488,3.41739232549,0.32376505831,-0.311560104573,-0.36667405227,0.0539812459681,-0.0782780173013,2.66777521748,2.51963642088,0.252246693704,0
1.81386700043,-1.28590934317,-0.864767969238,0.947084618628,0.174651076675,0.641134784784,-0.198913690405,3.93405972173,-0.872138739107,0.0166548909926,1
0.0448683124471,1.81222163549,-0.949465541652,-0.504496919532,-0.244223117941,1.78124685803,1.77388547658,-0.947481606723,0.51285034316,0.292526163967,0
-0.726079920303,1.09014852397,-1.79357536969,0.191811846944,0.913378650267,-0.459907737117,-1.29074032551,1.60812061497,-0.598407954799,0.304599660179,0
-0.251390626786,-0.145436017512,1.17902742241,-1.74241042346,-1.32274906838,0.625434431943,-0.233040437647,1.16574437577,0.941262173312,2.80037133407,1
-1.23206851426,-0.510245352472,0.147927267935,-0.75914945634,-0.492937899201,-1.33835318842,-0.112723408143,-0.745344066876,2.94054242351,-1.13141588423,0
0.887570168389,0.754757001537,-0.657435849863,-0.541852470852,-1.16592676299,-1.26874121248,1.35097462635,-0.855403399767,-0.14040147972,-0.215326002345,0
-0.373699415018,-0.256863182273,-1.55056090948,-1.407033187,-0.438518933969,-1.84349565282,1.94833516336,-0.578277304377,-1.28994478787,0.690996759844,0
0.880033000921,1.65768463431,1.3066991228,-1.28067262786,0.640594087278,1.51394150964,-0.308141977222,1.25156232165,1.11071880321,-0.417371765329,1
-0.756387794983,1.29596462826,2.71336666094,-1.48732177107,2.90604101673,0.278094962916,-0.312899246553,2.92476792148,-0.587305458757,1.04768802368,0
-0.526780868121,0.360657791676,0.806227586235,-0.0999046387768,1.05582226679,2.80339693509,-1.62152878955,-0.288676955679,1.27138692185,0.149808672242,0
1.80031202597,1.0388766027,-0.604494046951,-0.878679815306,0.795907128196,1.45912093831,1.42381124219,1.3880130222,0.67584212882,-0.0653490280778,1
-0.778338134119,-1.45680145745,-0.231408534284,3.01324097718,1.81198018118,-0.731236932744,0.303500525081,0.0668846084714,-0.754626518946,0.914336292486,0
-0.0516210103505,-0.181531546743,-0.69979899849,2.00458602732,0.471923208304,1.57470001735,2.4224985668,4.49613145312,0.972819274414,-0.364963513851,0
-0.670587940054,-1.41286638084,-0.599120201046,-0.883391063785,-1.18240408839,-0.144126501536,-0.932059030878,0.196734767997,0.140518958821,-0.218721801703,1
0.59660702985,0.220934616721,-1.64125150745,-0.494146547983,-1.02893766865,-0.900404456664,0.810913300137,-1.08995203077,-0.173330010766,0.602138296681,0
2.31735904327,-1.45171463579,2.53210547641,0.37933583631,-1.40928665582,3.21304788726,0.984641317957,0.912012350143,1.87227303836,2.72690962967,1
1.82152714912,2.25541360285,2.09031722301,-0.373416161238,0.140571626612,-0.882769310532,1.81124649992,-0.454828731258,1.75300882109,0.190910731724,1
-0.66639375109,-1.23862998825,1.7551285819,-0.193579022524,0.340531122177,-0.0738634932177,-0.381777536208,-0.775101727336,-1.0425804874,0.358106768119,1
0.630257141305,-1.61556507889,0.0920253841921,-0.0288096994541,-1.4812495057,-1.10452996083,-0.879837402996,-1.20359772879,2.21456309105,2.61449043774,1
0.563269201535,-0.538021496732,2.38796391986,1.26038376684,-0.149507905046,0.839596859252,2.36165819069,-1.2272280276,0.415832909783,0.869729769904,1
0.845865889786,0.511928292533,-1.16080839452,-0.199201369623,0.583245592663,-1.15157482468,1.27629592716,1.07890802472,4.72689709362,-1.05482037659,0
-0.573615343975,1.35039636948,-0.168711482668,-0.374113099796,-0.635976426011,0.320252610433,2.06353924667,-0.515386032802,-0.600968887614,-1.50449357008,0
1.30765372059,1.21733325828,-1.40323870346,-0.214894869198,-1.35551892081,-0.644114417014,0.585701537385,-0.743514167484,1.01205226004,-0.875094877844,1
0.488706655274,-0.794367730634,2.46302605195,-0.278718345248,1.25706399032,-0.13713735416,-0.448391846097,0.899464685499,-0.882325266993,4.81943895236,1
0.38160959936,2.40122788431,-1.03768216316,0.934265295879,-0.76623766165,1.16976947804,1.18106502167,-1.61107150315,0.017028238348,3.7285877804,0
0.0752650324879,-1.03555141269,1.19996573867,-0.595230650015,-1.39987080058,2.01033022776,2.92314181206,0.443477112453,-0.537057568588,-1.30867087906,1
0.0682697126456,1.43851175204,0.913716705705,0.268273638385,-0.0460030798294,1.30159408842,1.05648698145,-1.70646175068,1.88948460656,1.61757442354,0
0.925765464095,-0.0315777484724,1.98632485489,-1.18971991662,0.754589880033,-0.215709089667,-0.431980969658,0.678519775355,-0.233571621414,-0.227925968853,1
-1.16955133349,1.89483700618,-0.0647912100902,-0.402729642243,-1.37513955352,-0.922918724007,-1.27587094467,-0.89306761467,-1.050250338,0.184023599103,0
-1.14687506621,-1.15682216208,-1.27921654518,0.666743355533,-0.722370818529,1.15051713312,1.05052314506,-1.55650773702,-0.539654439613,0.968243845895,0
1.86841320419,-1.63460258905,1.2337287168,-0.453921950274,1.15758917274,1.41807896479,-0.0731116933919,-0.0868906407501,-0.907947110313,1.52330221611,1
-0.700688784642,1.01070060245,0.742339062594,-0.342831863311,0.136557207948,-0.322369878884,1.0135186846,0.243785039552,1.62327934855,0.110299115715,0
-1.01271053067,1.44125760464,-0.950880932566,1.97844930415,0.278844148553,-0.453796404713,-1.53650781262,0.133398270881,0.255321302939,1.32299528417,0
0.377962548457,0.581108837628,0.178704647259,1.20773371546,0.0708319666281,-0.600080962065,0.0652348927371,0.376219753589,-1.20939555366,-1.79990677303,0
0.123892752447,1.30914788435,2.78279485477,-1.06061291323,0.364782322883,2.40084270724,0.748872249403,1.96225378417,0.0116377140557,-0.574252001998,1
0.8917621064,-1.22456370919,-0.33857427914,0.0223477337784,0.539976146795,-1.00697469153,-0.153116082818,1.78909630286,2.66048889781,0.672759562147,1
0.823129452685,-0.999181187623,1.02946331548,-1.40202580506,1.58525532193,0.186899556564,-0.439626719105,-0.311411410275,-1.79764017531,0.811139466372,0
0.347445493154,1.68570787458,1.10334969278,-0.228510305901,-0.0313404159486,1.82676461441,-0.434298752279,-0.207600194236,2.03834733888,-1.25484885035,0
-1.77484320513,0.103171666573,-0.225369226884,2.93398775526,-0.0993956250281,-0.119097844066,-0.918700587841,-1.08863880793,-1.10393365749,-1.46024600572,0
-1.27751903049,0.909370634366,-0.55194536415,-0.79073982919,1.94832402261,0.920289388104,-1.69667334962,1.88026256256,1.53346504467,0.458366617824,0
1.07758273427,-0.343854895167,-0.55381288928,-1.76716277059,-1.09356865693,2.17142507362,1.81957844976,0.45715704743,-0.656197118019,1.75900858645,1
1.06570490504,1.06993158341,-0.383978464274,-0.0504295380779,1.23885713471,2.94289878362,1.4695317042,1.98005811507,0.773333674114,1.69112468224,0
0.849592264426,2.27758701171,-1.78089200757,-1.82971288556,1.9707423256,-0.845316972535,-1.09451595701,0.132594277017,0.0397009914696,0.550574119846,0
-0.589222194746,0.72115802634,3.88676830243,-0.32444009546,-0.206426220977,-0.193720751095,-0.918635843873,-0.809141062133,-1.09443363153,3.97157458403,0
1.06285550964,0.0418364910333,-1.15004712101,-0.189389950866,1.84131455323,-0.713475300199,-0.230979073859,-0.273455400482,3.04189265949,0.103301513409,1
1.24602753368,-0.858622027283,1.08521624847,-1.00882989884,-0.376140575814,-0.0420027023752,-0.473757346215,-1.07323096571,-0.252304336394,1.66047860182,1
1.47982562872,0.989641428442,2.03051776536,0.0551408650217,0.0582403849139,-0.479801451303,0.657139705339,2.40935600047,-0.658683595941,-1.18435910767,1
-0.710733410083,-0.805664684203,2.53652499372,-1.29767156213,1.03877131145,-0.168489637171,2.48246304544,-0.241165066053,-1.40651939422,-0.813812452759,0
3.26813090873,0.639017147071,3.17349872414,0.0597326567724,1.53803775,2.00073167366,-0.917220182588,0.136564934906,0.347341258962,2.70537169353,1
-0.177217171069,-1.20226116035,2.44309951724,-0.406506086669,1.17947713321,-0.67018162046,0.707403118402,-0.329416569976,-0.673015786397,-1.36042763499,1
1.03407688482,-0.449897143332,1.61342132333,-0.315775689486,-0.97262410315,-0.3770001525,0.757621071304,-0.843416564384,1.82472533863,2.00501815733,1
1.83554335278,-1.67806276515,0.778790860619,-1.07333973724,1.09800507651,1.6393659887,0.657047917081,-0.115048301565,1.76992651529,-0.118841474287,1
0.893647823821,2.90045848527,-0.432168509578,0.651194683841,0.296717389364,-0.930628415118,-1.40855872475,2.93377831622,0.087428604702,0.474693721344,0
-1.36433779143,-0.667945487552,-0.586170062545,2.15721028818,-1.67091408268,1.34797663633,1.0548348327,2.9455507074,-0.309192844565,2.03639887911,0
-1.107453212,0.868121183169,-1.30308522317,0.657735596838,-1.29712814684,2.58823865588,3.66352729035,0.588151195833,2.88361927228,4.89950105652,0
-0.495571825414,-1.46146488644,-1.15154149993,-1.39651005067,-0.00588760826127,3.31272672535,-1.26534824854,-1.62842619196,-0.575341747836,0.00737974611784,0
-0.0366596897224,0.103524575337,2.67231499226,3.69550401069,0.713384436002,1.23630980092,0.439549589371,1.74554671467,-1.10852147942,1.46113520598,1
-0.5263220935,-0.827302821947,-0.404707180407,0.103146930457,-0.235209772722,-1.82953864916,-1.59942118838,1.18203311044,2.48859214397,2.04478925936,0
0.90438487064,-0.988555654423,0.536822866833,3.61992977072,-1.13969862116,1.95557750997,-0.180969625038,-1.04124249357,-0.795213778206,-0.802086788908,1
-0.411382262191,0.386698109338,-0.658265910156,1.06335228723,-0.668746124054,0.47661657188,0.435845829807,-0.986492388155,-0.370535147998,2.64348680632,0
-0.211722434855,0.328121808817,-0.070793115808,-0.131127700245,0.851140896442,2.68034933509,-0.613154342788,2.65528900226,1.96158633768,-0.304489702702,1
-0.741114143288,-1.86623702648,-1.89952757766,0.773111317464,0.939764932881,1.31886212609,0.241967944376,1.29098282605,-0.245639163718,3.63309236913,0
-0.402395842307,-0.653804764616,-0.674293493809,-1.55944467358,-0.0957992265951,0.571046031077,2.52762125821,-0.784427855579,-1.18056827369,0.49182723036,0
1.70473121291,0.393303864928,0.0557967100599,-0.500559728997,-1.74539383679,1.65729023948,1.14506444151,4.36668175634,3.68849083168,1.39566386479,1
3.6150566416,0.431858022564,-0.367710203699,0.202336763617,-0.96534485392,0.133562518805,-1.1536376397,1.54549553644,-1.07629235457,-1.88142761857,1
1.55500477681,1.1942568823,1.67174105627,-0.652867780954,-0.276304414178,-0.480116338121,-0.992238083382,-1.09043140649,0.171247350048,3.61731011513,1
0.292479161084,-0.118607222466,0.342413394493,3.01292758201,-0.31912295752,-1.55862093643,-1.24708715934,2.18056479682,-0.51150276032,1.62654232236,1
0.065540866478,1.04835446613,3.83009209999,-1.07605826261,0.269772507714,-0.196688583244,0.50797878307,-1.64054481535,-0.27168372065,0.338371859233,0
-0.878311065873,-0.50748180553,-1.37999034022,-0.836631161535,3.80067616568,0.804508371573,-1.67641500406,2.17577415944,2.82863205656,0.606732452944,0
-0.303148333245,2.09503639564,-0.585632690093,1.49715970765,-1.3015254422,0.344224314045,-0.06453973151,2.12637998069,0.633308054261,2.24424203704,0
-0.102793249881,-1.07680589744,-0.497941344917,-1.89157349122,-1.04773460968,-0.56202167235,0.715057505457,0.190838374453,-1.00307785683,-0.72889853583,1
0.85900875142,2.38462515026,0.0174633000935,0.685143891425,2.75806881034,-0.639724975906,1.71330254962,2.31037113692,-1.06189989186,-1.24749436357,0
-0.519885093603,-0.13628544056,-1.16560872844,-1.28594274372,1.35304221561,-1.36792473402,1.32631699446,-1.16001002035,-0.237918982007,-0.162801976129,0
0.371934041075,2.79507066976,2.0073321207,0.497348656917,-0.130339812189,-1.03430048182,1.00123937133,-0.557939317446,0.260467601071,-0.363702251099,0
-1.54018484372,1.48025693872,-0.796037141129,0.272397554544,0.0854669923537,1.23196350429,0.54156274837,-0.507786478189,0.387774839257,1.60655878432,0
2.05023057888,1.10864094136,0.225120573387,1.0071257061,1.11724009163,0.186570487875,-0.110149554684,1.63332708065,-0.249571540959,-0.917810483176,1
1.666570952,0.669778774535,-0.899152125678,0.59222586459,1.16351170832,-1.26436384845,1.25587578822,-0.120136475324,-0.11124831772,-0.401081851909,1
0.0788512304536,-0.664015867818,-0.243610278706,1.45357716154,2.9436633811,0.0680202494721,0.222174546556,0.0458438721239,-0.195645878198,0.114002439909,0
-0.729514559282,2.80289610598,-0.368538328331,-1.35968818619,-0.433924631049,2.14816243381,0.220804749878,0.386330668611,-1.12143997982,0.26377355245,0
1.08527623632,2.10981956456,1.18247995246,-1.08184794205,1.5629916418,-0.484471368953,1.78831308982,1.9573719434,0.527691106595,0.290984452912,0
1.6904712844,-0.551421010713,1.00177576495,2.20288712849,-1.50780774833,-0.409037925048,0.590698584226,-0.164418839227,-0.0298808587116,0.28892950878,1
3.09438416205,0.533934092779,-0.674559884624,-0.971688909752,-1.44501806461,0.0271024307384,3.33913872507,0.762957228532,0.906730524336,1.46616618425,1
-0.730867349143,-1.21275629037,1.22815442174,0.862412201265,-0.689842123859,0.725438231507,-0.122483921856,1.733918674,-0.657236541209,0.974873074449,1
3.01427190399,0.761674723728,-0.374533521439,0.609138282828,0.177349372927,2.40169587508,-0.305617014999,2.21224510628,0.852616755,0.602734638543,1
-0.311056806872,0.296728339533,0.158787711301,-1.58456438527,3.51514709267,-1.22828412358,0.291344006594,-0.383718800898,3.86057091841,0.833927513596,0
-0.716954240464,2.3695692243,-0.660769696487,-1.6712986284,-1.21619648505,1.58372931551,-1.08228700836,-0.600538907331,-0.0371193140447,-0.700667301056,0
0.669524363697,1.28496071086,1.43730161305,1.06338627606,-1.62373717518,2.68615856047,-0.883621017197,-0.58363498594,-1.58026983212,-0.797044385289,1
-0.274672942797,2.38943201801,4.70495551204,2.30855259662,0.778536952403,0.207245575419,0.659024358234,1.07376577834,2.21851387527,-0.155019633992,1
-1.35535085453,0.795649443656,-0.0434505201214,-1.07389625337,0.164198763745,3.23277915843,2.80647142603,-0.122199980777,-1.1309110586,-0.545408413583,0
0.524003216572,-0.548301736588,-0.219677974247,2.18217530203,0.255418623594,1.13022020737,1.16565569317,0.332079401565,0.123035705956,-1.41859676924,1
0.916379139366,-0.828965333112,3.73265490804,1.77632337664,0.801656800289,-0.611042010856,-0.431206099404,0.568356829329,-0.660187376483,2.69556103198,1
2.67604079802,2.29447410283,-0.541694824577,3.59335986683,-1.32867864757,0.722988414232,-0.602390746744,0.175535613658,1.00646494213,-0.387668842002,1
0.222720052771,-0.225718021655,0.647573055576,-0.758278775441,-1.11836402577,0.85164265037,0.292802028569,-0.196622872034,0.135840705195,-0.18995802808,0
-1.2639525883,0.383413073377,-1.40199333008,-1.51415219188,1.18739940005,-0.704837780087,1.93580703664,-1.55536203903,-0.386899091693,2.24151359614,0
-0.105474821244,0.708629057128,0.209034027857,2.10669616938,0.236825515233,0.571908824625,2.70898474872,0.0292421256916,1.46972162639,-0.3955272554,1
1.04513901893,-1.94102120839,-0.25618894868,-1.88516214997,-0.59598696397,-1.28016871147,-1.26560802874,-0.343582197979,-0.766449605109,1.4918843282,1
-0.317773268399,-0.943412308348,-0.160245323229,0.309712362973,0.37108794266,-0.98338567729,0.409993190708,-0.875384152441,-0.656354925014,-1.08874254945,0
-0.728659034274,1.31257308324,0.251962204559,-1.60679466156,0.0770553696913,-0.813389695438,1.84187115183,0.827221604121,-1.02356004024,0.899147391509,0
0.816304733318,0.480743750963,2.11750996589,0.64547930369,0.145222088378,0.607608924492,1.81264277081,0.0186555558287,1.85416833604,-0.964048627341,1
-0.0967731500494,2.18295472272,1.97339998586,2.66347953878,-1.29736884344,3.09393902689,-0.556065740418,3.31416285664,-0.295026033588,1.45498827661,1
-0.817775187677,-0.332486640907,-0.392881476349,0.731048112492,-0.00119604048979,-0.298286382661,1.23814795405,-0.125875014217,1.39218347856,-0.43291507409,1
1.8870953618,-1.3506628517,-0.692837692911,1.65385563725,0.103669576718,1.46024864414,2.61439581687,2.43986008769,-0.178006468515,0.119448713691,1
-0.874907166742,-0.553023304365,1.76895137871,-1.59614008078,-0.235094878992,-0.176881625497,-1.07867671634,1.08754869825,0.959486483743,1.51388948176,0
-0.796925149819,2.93551923594,0.000240620982713,0.462304740813,0.496455522318,-1.28219783471,0.841640681421,-1.46818312451,-1.80506618538,-0.459174574631,0
-1.63085371875,-0.907854584057,0.216174658675,-0.192861855845,0.0748116927419,-0.0391402917339,-0.724002051437,0.389270164727,-0.799128314283,2.3369229899,0
-0.271140803909,0.0389352140888,-0.662277252263,-0.673742578034,3.33596849929,0.903421323064,-1.84312893999,4.73390271994,1.03985011312,0.388995290284,0
1.21599683018,-1.79926185952,-0.824132347843,-0.943029734438,-1.57741160963,-0.119873339141,-0.215659699107,1.7934071641,1.66551067965,-1.50763142374,1
2.65079564992,-0.676575146876,1.12336193314,-1.25744000931,-0.565537717064,-0.540726803512,-1.04957241961,1.10855453268,0.06606730848,1.17939511496,1
-0.64598207476,0.446949563565,1.16269902891,0.191265026394,0.400120736081,1.12181326054,2.10917089143,-0.652593943551,-0.973326731086,0.184472126428,0
-0.0837653269215,1.71586960206,-0.948415297509,0.274273246767,1.33804538998,0.0355482470093,-1.63344859235,0.160872021684,0.24169085282,0.801528584764,0
0.191553035606,3.04010215642,3.17007446536,-1.89267719155,-0.61507849322,-0.999290958052,2.62608919877,1.43586617592,1.61568735938,-0.759017631802,0
1.22044512441,-0.242113492931,0.959515802832,2.58437536399,-0.165271296797,0.653202117691,-0.00396935381806,-1.43131719032,-1.19114303693,-1.41634004651,1
2.32463543139,2.32344018411,1.5958538494,-0.546222535696,0.222092237995,-0.753117120571,-1.05534124297,-0.595948826584,0.429574887513,0.102500442966,1
0.753419214008,-0.610295555721,1.51082302909,1.12324708522,1.0565890374,0.171811676225,-0.0511615064688,0.154807941229,0.105518093098,1.0412748987,1
1.15608325671,2.03859557314,3.61921000742,1.74365071867,2.37300342585,2.99523314743,0.385849839469,2.76983696191,-0.361656033728,-0.900328711734,1
-0.448762208763,-0.731199747643,1.25808224468,-0.439794389773,-0.861493167669,2.29639468583,-0.0818047300651,-0.0204616288605,2.57627570914,-0.786854128264,1
0.591645556176,2.15734872745,-0.706991715892,2.6165049887,-0.436266485087,-0.445007592453,0.974303298987,-0.0956741137614,-1.42110636846,-0.775666431797,0
0.629105136039,0.923702728364,-1.56579768828,-0.936416790226,3.21842336309,-0.816340675345,1.31077078364,-0.30904631056,0.629086332293,0.319796969323,0
0.058695860184,-0.210779859248,2.83325476432,-0.00543504214099,1.15369897944,-0.23464555741,-0.1267227046,-0.251329312794,1.51280213644,2.03651450723,1
-1.02676957941,-0.106729838451,0.992631650387,0.713677827616,0.0783398843375,0.256807337427,2.39406868949,-1.30307750429,-1.08469117371,2.12089368496,0
1.88568896333,0.687757669787,0.114170525882,-0.503822553005,-1.83499220222,1.36063462423,-1.39491367094,-1.04580914256,1.50094577393,0.560586731419,1
1.12233417811,-0.646704035106,1.61319278113,-1.56038073087,1.14916566932,1.28548541937,-0.573002827672,-1.25581512996,0.359646625104,-1.3703773066,0
2.33129388159,-0.117123303624,4.69655021424,0.971416491184,0.75734146041,-1.70012531542,4.28903581892,0.924301019288,-1.3033652637,0.322901228314,1
1.09455933975,2.44508723862,0.393940968134,-1.76833478025,0.998635667876,-0.0561094498953,2.76233950719,0.639900624519,-1.39556118443,0.0251365263339,0
0.455474395023,1.1460105637,-0.419517064033,-1.55189116611,0.9799416359,0.606708006308,-0.817392214769,-0.871065843019,-1.1597169603,-0.70900189227,0
-0.56033230128,0.962004304092,0.890383950835,-0.783912385526,1.32617685323,-1.46666011254,1.32901211515,1.13684879826,-0.684649823494,0.378158191117,0
-0.325896106408,0.648610640185,-0.163359119316,0.476391188859,0.351172589367,1.63091817778,-0.136325551681,0.837165837764,-0.733953678213,1.0378345951,0
1.67060516357,1.98058957711,0.396895888399,3.29559987082,2.30124493124,0.852227552295,1.55717038352,1.24010883473,0.381783248207,1.91720504022,1
0.432627864422,1.28865569063,1.58655186631,1.41287871449,-1.57794291079,0.0672644323222,1.28669515815,-0.584180660518,2.3059257764,2.30355518277,1
0.0128183505648,-1.33807418105,-1.83232897133,0.108794396111,1.51713451697,-1.4006681618,1.22225036355,-0.770758359786,0.154053254408,1.88986071484,0
-0.503978225087,0.081340560989,0.822220696237,-1.53485878336,-1.46331457214,-1.0680635402,-0.657419507728,0.893810722107,-0.847512489217,-0.827830805162,1
0.199360295875,0.454009227971,-1.34657947556,-0.94961558692,-0.252648833938,-1.35877936158,1.73147010033,2.54421449029,2.8331564606,-1.19707773895,0
0.507624017809,-0.595518242899,2.75506391553,0.444264055661,-1.31190806452,-1.04112675643,-0.602158788966,1.6895368912,1.13912320866,1.77601716396,1
1.13873209187,-0.153891865546,0.572151262648,3.06648398452,1.18411174248,1.31255193186,-0.00922654928434,-0.715834798759,1.73996944421,-0.584599452345,1
0.0810159948427,0.837407375084,1.79901884269,1.11419291318,0.972708154358,0.919518769486,-0.831885525429,0.730739708138,-0.0606702460966,-0.562819478365,1
2.77316286796,-0.888302048552,0.913517414954,-1.56858057574,-1.63588001769,-0.768340758259,-1.78622286808,0.133251417612,1.41066714751,-1.87295368313,1
-1.44085605239,1.9413647434,0.796641878013,-0.348194081263,2.96011721434,0.941166072197,-0.751753022925,-0.436369721859,0.250088148779,1.22300737124,0
-1.05261259273,2.12351561419,-0.674579729348,0.375123667811,0.0328108251026,-0.0600050999337,2.24821710306,-1.25469731537,0.242844639308,-0.305609990515,0
-0.456219204889,0.431476759374,1.01317672342,0.908038312885,-0.6803837009,-0.597104034004,2.30696082451,0.182305386687,0.409271454404,0.03001220118,1
-0.804335341512,1.36466230323,2.3018936469,-0.586867545036,-0.205752822217,-0.0983636418158,-0.404094969174,2.72194436875,-0.703534395353,-0.967074393656,0
1.33920100003,-0.838872719365,-0.940868829356,0.0186024010397,0.756881794058,-1.20022031575,0.623605172468,0.292777476205,2.11739223081,-0.253585725092,1
0.952241840671,-0.539510885219,-1.77665257813,-0.0365181065811,-1.35852444476,1.12376333297,3.13134314956,-1.22475060344,3.00231119626,-1.96275477677,1
-1.03727982631,0.574807289387,-1.312410311,-1.46436679144,0.400910409728,0.975894238593,-0.899277197459,-0.0553927239737,1.34452386945,1.48546353087,0
-0.370340792965,0.409509086663,-1.08410045956,0.945818420579,-1.1849061761,-0.0814042675482,3.84958339521,-1.47973240889,-1.10742088043,-1.42865814608,0
0.739692215665,1.34700054835,0.499004829314,0.446964479512,1.79844127301,0.410787734602,-0.0121369675378,1.49638235585,-0.555409724802,-1.7013474712,1
1.78267884104,-0.250358908055,0.297018129657,0.558463614227,-0.123196913658,2.51641608888,0.978060092653,-1.14043666543,1.36539633442,-0.869560216306,1
-0.758010667064,-1.64205309363,-0.0948689124806,0.260429569408,1.4512386984,-1.35398376389,3.14216647564,-1.44421483497,1.51062285276,3.11442256671,0
0.587906432059,0.296914774127,-0.143636981442,-0.117439451282,-1.15810829213,1.74699944413,-1.87160491382,-0.911667129729,2.13226920443,3.21921772815,1
0.654703827193,0.362140668349,-0.510019379314,-1.00386209781,-1.19362614572,0.768373114964,0.564089088455,0.212574363571,1.27268477989,-1.06483219193,0
0.634845040831,-0.410063244126,0.381283398903,1.68522328179,1.25001090455,0.499535295461,1.47733980383,-0.449574240125,-1.92860126767,-1.77306214445,1
0.776205444088,2.00903846542,-1.67727634021,0.927166649011,0.10676169057,-0.0320482306687,2.68683143277,0.249302677321,1.3301146772,0.0216070510682,0
0.159493770749,-1.2814388571,0.886170794571,0.707471454012,-0.102432033323,-1.22815861712,-0.663440660716,-1.03883355097,1.13864723896,0.341634804967,1
0.265387505972,2.94748189804,-1.52787103844,1.73078334187,0.0737677664711,0.338827407723,2.04076110023,-0.057515137079,2.3491533016,1.78582472192,0
-0.892766103299,-1.45483915273,0.714658378377,-1.79958629831,-1.06269819604,1.37250294479,-1.38176621467,-1.89320641502,-0.77453852455,-0.139729025558,0
-0.479463008976,-0.531887509632,0.834412102359,0.721145669157,-1.10260515783,0.318335642064,2.60785841429,-0.609839659695,-0.605632693676,0.811768939909,0
1.39542389326,-0.464227679833,-0.60901552478,-0.202885422151,-0.646809495941,1.41955725125,-0.12776976884,0.957398569679,-0.79500015628,0.366606432135,1
-1.07460998044,-0.739647494335,0.148129693539,-0.0980212793729,0.919538322245,0.816740019407,0.792891728728,-0.170598679264,2.03814721806,-0.183574140462,0
0.336454611965,1.16877798098,1.0869729019,-0.777277249452,0.947861337219,-1.60695914012,1.54788291218,-0.604618844953,0.268271246814,2.71176624885,0
1.26395880497,-1.22913762012,-0.851568208393,-0.240742868769,-0.156747996557,1.41417592828,-0.295798388981,3.61632493578,0.580634247927,0.0177142949815,1
1.1162517021,1.37215403318,-1.63372721863,-1.47474108107,0.248815394813,0.742901930591,-1.90467481448,1.33842309631,-1.04245823443,-1.08547747398,0
2.42262857864,-0.244741288812,1.00064306519,-0.512104563473,-0.234316879999,-0.959625484161,0.0635634278037,-0.140136427998,1.03778268784,-0.142255519869,1
-0.587712958857,1.29783435452,1.20892636951,-0.205846168183,-0.182583838389,-1.46605226546,0.429255146018,-0.501485975892,0.681123254898,0.210956956326,0
-1.4165757879,1.95370736048,-0.288821121464,-0.104656146498,-0.582142991827,0.0623521653534,-0.112254297866,-1.4051627331,1.32837053431,0.749754934852,0
-0.42063674065,2.818746988,0.957805775866,0.571686534775,-0.418704183637,-1.52672122166,-0.558391175126,0.866229406712,1.50458925982,0.762758271877,0
2.39828849219,-1.79644222605,0.0273980590137,1.89604887282,2.18530407206,-0.955118212034,0.724928765257,2.09930898945,0.555556124651,-0.337564514514,1
-0.937619470968,-1.10536577316,0.94161929725,-0.116798927887,-1.64031483992,-1.09720502485,2.42358891349,-0.384405634788,2.07010660218,-0.743312860111,0
-0.446826194937,1.3357569037,-0.387510602425,-1.01894350357,-0.680125525252,1.95444717244,-0.959490188641,2.20908032191,2.26263343911,-1.26397734008,0
0.680455368867,-1.09862454508,0.506910363686,1.92143252468,0.950716352187,0.175051797686,-0.463850782477,0.0950597844253,-0.431078299438,-0.437047477998,1
0.913829857677,-0.302642673143,-1.25584489689,0.598412360604,2.73656298636,-0.988100923876,-1.12557827051,-0.218861335676,-0.36614611632,-0.839091276036,0
1.51634548404,-0.73324467215,-0.309190678778,3.60709887963,1.05388346644,-1.37189496478,-1.73711933914,-1.33267689591,1.27071481128,1.27601896377,1
2.85960119112,-0.642972374799,-1.74103795819,-1.05829093516,0.427979441469,1.74818414255,-0.858811287608,-0.962877474072,-1.12058313656,1.37126722279,1
-0.075352560859,-0.628667052801,0.466084732257,0.639876574283,0.255739018444,-0.721458853769,-0.839458458198,0.607775427281,1.07518756379,0.682215565689,1
1.72240861245,0.241611794776,-0.10241783276,0.527500505922,0.914306413997,0.393597111962,-1.12286012562,1.28413172994,0.0215030615861,-0.625839314705,1
1.23964691034,-0.351832944408,-0.874513721042,-0.659663758549,3.12931240542,-0.703684413278,-1.43776162157,2.13060004587,-1.82124488224,-0.140165072523,0
-0.156924853896,-0.78028954715,1.10019121349,1.39876473291,-0.27575654445,-0.365206718351,-0.863789249481,-0.426256642321,0.482223809699,1.22169574269,1
1.39233114181,0.208611509531,-1.58463641901,1.76613588705,1.52277366676,-0.413620595199,-1.04013686256,-0.852808014854,1.63866754069,0.932928061256,1
-0.169604652247,-0.350136495466,0.343185019213,-0.345520421491,-0.745231496272,2.66892046336,-0.805760931607,-0.343764337475,3.25888691691,2.33647585121,1
0.708795446187,1.73788252101,2.69629810191,-1.38115337823,2.70998911473,1.6348965284,-0.762718373054,2.17680912797,1.77446636915,-0.847540764799,0
-1.0424256293,0.38820980264,1.30723494841,-0.530352580238,1.38136416189,0.152015896345,-1.58889113019,-1.25818334367,0.162448205007,3.4063354143,0
-0.983500067346,2.94733223997,-0.807527480375,2.60948015241,0.952072573099,-0.206768977825,1.97652507318,-0.829145317777,0.452416701159,-0.910295968281,0
-0.61407202811,0.838800686641,2.6778679455,0.781552446435,0.119708660407,0.977942663029,3.19803741314,1.46542829653,-0.619478022447,-0.566241245976,0
0.245233679046,-1.34762194102,-0.244612025868,2.99786211902,1.42874284527,1.06528967838,0.689389232938,2.23781665271,-0.513510405161,-0.950580175583,1
-1.08929448253,-0.634312912891,-1.1807350077,-1.49965889164,-0.176946427372,1.58099722996,1.20764128962,1.15556377326,0.553419100568,-1.13200821557,0
3.24834781321,1.68171855505,-0.251600286289,3.77360389358,-1.55958818017,1.44670125473,-0.417655928,0.504371106296,-0.272158402655,0.438484495537,1
2.20283461169,3.2094738481,-0.169328447133,-0.905352478411,0.938856221618,-1.41129057734,1.03625832605,0.753625523221,1.59419532342,1.5404693213,0
0.347745532974,1.06153764816,-0.388889783126,-1.70408350009,-0.979711010946,-0.0476171049111,0.486304324777,-1.64088608442,-1.6814256589,0.497833789711,0
-0.97921791994,1.795668508,0.0222556857559,-1.1509131726,-1.25547733985,1.09270669994,-1.26823866147,-0.512228959469,-0.567324041302,1.45837272425,0
-1.3089935958,-1.28001653539,2.64814504916,-1.29817091084,-0.258783019014,2.92577200277,-0.459935548641,0.903708881385,0.601439081864,0.545023583197,1
-1.02526893454,-0.026171019876,0.196753164656,0.00224608667075,1.7200854789,-1.32519442959,0.122948707774,-0.694650582657,-1.72941050405,1.34858744359,0
0.603730032621,-0.157531536833,0.25915706589,-0.122459892286,-1.23069790451,0.203917041984,0.245261438324,1.13950846064,0.235990261254,-0.332326268919,1
-0.505774852475,0.982013644173,-1.13052812839,-0.554111705197,1.77640426087,-1.79266945228,-1.69113440997,2.39531041916,-0.825909220005,0.807547389609,0
0.471815006448,1.63542509663,1.08791856625,0.734229862447,-0.420861580051,-0.713925336421,0.455238042244,-0.650590366187,1.18840177847,0.82155266102,1
2.66521256845,0.0879780442733,0.0499591762762,0.596298354345,1.11280692281,-0.165002077266,-0.0974092944164,-0.295732536808,0.772869053267,2.35255534401,1
0.374895775165,1.70620995959,3.49923126895,-0.0947653608516,-1.35515909793,0.755420506774,-1.03875264936,-1.68117316291,2.10191722176,-1.07583519149,1
-1.00090797306,2.28866020991,-1.35486257055,0.318070531663,-0.160140298037,0.912679342087,-1.19447181442,0.229492429807,-1.40982565432,-0.0863860036693,0
0.576473660613,1.41151319058,0.236580769071,2.12263250915,-0.987841954078,-1.28326336945,1.72346487042,1.80768886007,0.0484747579607,0.708070486966,1
-0.646506873453,-0.971140042749,1.02048826231,-1.44609669212,-1.52460373279,0.414993147325,2.04165525807,0.698053178476,-0.412009403553,-0.967187673739,0
-0.367331548957,2.356594436,0.888513798121,-1.83789602238,-0.243716454557,-1.15876948485,-0.483908636126,3.12673917698,0.962300959019,0.817755726236,0
0.081472301613,-0.349955914892,0.266292692776,-0.265892245323,0.926401288027,0.372331184451,0.06915789744,0.691228598773,-1.32967970785,0.154127311993,1
2.17688400765,0.0552972037335,-0.424276224274,1.57378438855,-0.410219800736,-0.41323464951,0.897699834311,1.86549911254,0.108765431445,0.237797780703,1
1.67040457992,-0.352207477824,0.096337066064,-1.38249993398,-0.817147276656,1.50134771564,-1.5230027618,-0.077711747873,0.04912153546,2.47310222256,1
-0.0663439418015,-0.54643134977,1.1083999374,-0.0663445349681,0.520108462341,-0.227321183393,-1.11582538911,-1.3149779153,-0.240178695773,0.749723186764,1
0.693289077008,1.93402147869,0.610344836174,3.25045977168,0.0959476184134,0.104657079452,-1.03441418159,0.47704225773,-0.404731387897,-0.514880300868,1
1.49917495459,0.963405137009,0.1009902697,0.148725713284,0.972603887185,0.422856554228,-0.258355950814,2.18602230107,1.95623682317,-1.24273320685,1
-1.63343607623,0.811374663194,-1.81423700787,0.127422654951,-1.13850326005,0.557530950739,0.203083681113,3.79401943094,0.95747462063,-0.456100251873,0
1.30219613396,-0.684548984806,1.23639494349,1.49061892608,-0.409986504811,1.25144936512,2.45016276235,0.0315916285325,-0.996765770813,1.39234265443,1
1.68692596736,1.94363041005,-0.695285181803,0.524656590137,-0.148669252217,-1.20222560161,0.136306287834,1.03732268608,0.211664626199,-1.10730521157,1
0.316720275897,3.24399106661,1.6980575563,-1.14453695584,-0.689878261806,0.0873395596098,-0.540003370948,-1.11090614573,-1.08769054914,1.0077934507,0
0.451846310566,-0.104997399574,1.47316251621,-1.07306403344,-0.522719181644,-0.494919648603,-1.53801213841,1.05244185532,-0.50444507487,-0.349628403337,1
1.48898512208,-0.340870579267,1.3158298698,1.81182500178,-0.110877307225,1.33546242143,-0.41648708867,0.798849514867,-0.365752669627,1.3275923496,1
-1.56442295407,-0.536696868621,-0.549646433872,1.1879084446,1.76702154658,-0.863924371209,-0.879985304951,0.222903104977,0.238356698477,2.49813785731,0
0.751294020228,-1.68521050124,-0.6299793826,-0.775197349931,-1.20218925535,-0.763353160831,0.0336254463648,-1.39760924143,0.918632703879,-1.16148769126,1
-0.344289211026,2.01408601786,-0.343824857735,-0.612124766177,1.68378850325,-0.565378719894,-0.893973598373,-0.16755164088,1.78998323614,0.585584626303,0
-1.67302972882,-0.139467974912,2.81897060843,0.923133525612,-0.774548212785,-0.416214769736,0.19711602522,-0.640434756259,0.646243119547,-0.0941599320216,0
2.6130403557,0.724024565108,2.96722669494,2.9563935551,0.760704387491,-1.72244601985,0.602048353673,-1.13592625775,-1.58297408085,-0.559181799572,1
-1.70608069244,0.400385390256,-0.744807562197,-0.142682926746,2.34411814391,1.20955913097,1.34143757583,-0.186919468713,2.14786454788,-0.226859471339,0
-0.0808882068447,1.8624621429,1.50257443024,0.571144309466,-1.08433538188,0.973741751372,0.482101445538,0.566853262726,0.425721720659,1.05786747516,1
2.24415794096,1.37809734467,2.0096165937,-0.351404782987,0.147557430476,0.775054954877,1.24642991962,-1.32533989319,-1.05291195039,2.18858329065,1
1.0709789423,-1.78723245259,0.719655879399,2.90368884383,-0.312340995735,1.25982336047,-1.56225989542,-1.01068647942,-0.747397237981,-1.10101694172,1
0.378555667054,0.399996388364,-0.28084726589,-0.312987127548,1.21542743968,-0.683601057686,2.33883255981,0.547281498312,-1.07773868924,0.114826537222,0
0.454706338783,1.77998458607,3.41600824968,1.30918551763,-0.895353154167,-0.283094479688,1.43257476796,0.844733416404,0.257309503769,0.491976656817,1
3.03665918892,-0.238630798796,-1.56142738595,-1.03200134507,0.98797441261,-0.782945284628,1.30874313103,-1.62565180671,-0.625466234981,0.283060038543,1
1.31303078022,-0.142836832192,2.74564128622,-1.72538601867,-0.694299850795,-0.116558263528,0.959850668941,3.61167224835,-0.812823107774,1.12923706349,1
0.772696926118,1.72132929911,0.219887308441,-0.748121643918,0.119994514728,-1.38466005116,-0.378218697481,1.84869404988,-0.509702033826,2.03150615599,0
-0.474316337188,0.418802659448,-1.23731028737,-0.228996041157,2.7643013456,0.993333566732,3.27974236281,1.5439855133,1.29592202403,0.402144689995,0
1.44786865231,-1.19002585308,-0.891385177426,-1.4295053341,1.51911457167,2.29216730054,-1.48847085741,-0.528925812159,1.13244581839,-1.07364005103,1
0.986480637348,0.522257070937,-0.611016306871,2.21728027734,1.39073200119,-1.69780482634,-1.26071507197,1.35797997758,0.29070476346,-1.0344258297,1
0.562305383915,0.434445179906,2.55286159652,-0.121291129247,1.40306418122,0.687261555978,3.97312047825,0.0127194003884,-0.959681336447,-1.31691528719,1
2.39612679059,-0.204181894523,-1.03343458392,-1.80614031626,-0.285085139589,-0.856697580821,-0.27993477069,-1.93486654932,1.20239040587,1.29520047514,1
1.20842832001,-1.33907612248,-0.544562800072,0.275917044785,2.0618057044,-1.78156653207,1.13860313462,0.848204466549,-0.843150233311,-1.40735551453,1
-0.98489649402,-0.371313115518,1.27414418157,2.53277586658,1.25313111975,0.868672256689,0.319044452845,-0.779091710817,0.679420757446,-0.212782595748,1
-0.56296228942,0.152238960834,0.520726607032,1.06882678382,-0.036809772532,-0.175587631249,1.78223022847,0.0196995835024,0.260730942405,1.18437993829,0
-0.950416194751,2.16119152677,0.764436176311,0.684940092552,3.6581847127,1.8109622385,-0.302053036117,0.0434404180909,-0.347786690831,-0.0410106434554,0
-0.467680475572,0.657623723041,-0.827905322213,2.17542463012,0.402781541267,-1.3744591348,0.356874857107,0.838114579541,1.16343403398,-1.59392440779,0
0.331711089239,0.88424645397,-1.26660064476,1.46464629053,1.17856514118,0.600253089991,-0.83566241234,-1.2419461013,-0.16851934585,-1.63048043895,0
1.62627769036,0.0351251574324,0.831173612574,-1.18542480041,-0.162428580257,1.27354517597,0.505282646223,0.254045049734,-0.0753455115855,0.885569301766,1
-0.173884677855,3.72689905827,0.297411361317,-0.20476274496,0.775544034191,2.60333458069,-0.571219546738,-0.0860624793418,2.6267275442,-0.686864819575,0
0.812029021698,0.984561881403,0.417600727217,1.21270933968,1.69189387072,1.9532548212,2.23446806712,1.09990836521,-0.674558978883,0.245972838703,1
0.289474874708,0.943138616891,-0.814040094246,1.9425808867,0.911398142408,-1.89242273017,0.755707704824,-0.0597525854785,1.06287404711,0.328096473734,0
0.425192245188,0.783255649352,-0.506466367282,0.708498598326,-0.557302434022,-1.20992780001,0.863715484243,0.690395330744,-1.18689966365,0.554083275391,1
1.40368510557,-0.0251921739454,0.534293876099,-1.01668768256,-1.28408373056,-0.204930889755,-0.784487401074,-0.154783541057,-0.883954800875,-0.191537708946,1
1.19961401096,2.0297287875,-0.33669020434,1.54304531333,0.105820382462,1.16899109131,0.40017594311,1.36472377765,-1.27360556103,-1.18390776003,1
0.743944826539,-1.53621178724,-0.0743078835661,1.01974830074,0.116287433387,1.52675268083,1.93224367061,0.146593350671,2.569436348,0.85640814933,1
0.714105245095,-0.658827022009,-1.55641391932,-0.920185503217,-0.927138009082,-1.05319739915,-0.0675819839857,-0.729088561562,-0.714278434706,0.614213751817,0
-0.974825209009,1.30522735966,0.498649796916,-1.20692973817,-0.659256410339,-0.658336737157,-1.37706553393,-0.339418657771,1.87543225375,-0.801701249043,0
0.0596770802028,-1.03317947253,-1.44829084595,-0.291248398401,-0.615309626358,1.67745126674,0.578057383408,0.374351853304,0.860384035045,-1.96387715589,1
0.985329961295,-0.798595493716,0.922033534275,0.957915739168,-0.0661916984975,0.9393528308,0.0929392523574,0.867894088489,-0.102489025573,1.88969671866,1
1.32104703427,0.318385494079,0.10922427667,0.624110682174,0.027287804135,-1.53840290025,-1.67055550309,-0.314267766638,0.53875113204,1.95264693244,1
0.450746287399,-1.06782725067,0.0120363852522,0.395833928532,-0.648716453447,1.59454656963,-1.53926581565,1.81164310054,-1.20910386781,0.57805520906,1
-0.711203861709,0.750443629719,-1.00825401986,0.796737728213,-1.33683132933,-1.57149620717,4.20586606737,2.48467471545,2.04558834383,-0.269664055407,0
-0.13505022946,0.172476434946,-0.46700750048,0.949317357313,1.98811384191,0.41777754834,-0.485828816355,0.830513045415,1.38166913409,-0.105908007314,0
0.606566053389,1.46235824598,-0.2857151913,1.35233153536,0.210735425623,0.428946657701,1.10904944099,1.44579674703,-0.00388187896656,2.78440632104,0
2.01068451568,-1.54037457477,1.87911782839,0.844526165102,-0.0447877146512,-0.470194410236,-0.0421787501186,-1.49266686607,-1.97234976427,0.314737101338,1
2.59692267809,0.608251218043,-0.518184877323,-0.180062823153,2.71926285542,-1.38664757841,-0.203381756857,-0.188082416554,-0.201885652587,-1.56660345128,1
-0.311926054155,0.931795211634,-0.814763468362,-1.29739540865,-0.499109210472,2.06295037502,2.43602286203,-0.777537553903,1.99834458545,2.32285814389,0
1.71491251509,0.704697848539,0.607613305425,0.789443940303,-0.281972905836,2.32970739018,0.165999985058,-0.484429551667,-0.894635425377,0.773669484381,1
-1.10310427598,-0.416372398291,-0.792612744787,2.03162443422,0.465941643891,1.38088607286,-0.0899966016579,0.917713221245,0.938071504298,-1.33181580605,1
-0.321063230031,-1.7832701097,1.14712523502,1.09297480783,2.0497062574,0.685553784676,-0.205240853333,-0.0166950752331,0.401337412849,0.215845157478,1
1.68249535969,0.697922229837,-1.05832607812,-1.10520030669,-0.0956791659528,-0.0328871733576,-0.120679938217,-0.317856748249,0.851913831601,-1.10273656807,1
1.89868958412,0.734113768309,2.53848249768,0.39177855518,2.09431331715,1.99845938999,0.763722544013,-0.37892316183,0.369022272821,-0.961577315069,1
0.259190108003,-1.14804759638,-0.54632470725,1.90414893983,-0.734162386983,0.461707421393,2.35774777468,1.4577401638,-0.549730079229,-1.34176336414,1
2.14113925362,-1.66025576505,0.145066642244,-0.481276531525,2.64043967087,-0.332639586719,1.92438011426,1.18835932644,-1.44068767412,-0.793283777891,1
1.74415992727,-1.62864518451,2.05839333813,-0.524099555393,-0.49060715978,1.15205622547,-0.0579390361882,0.0994263502712,-0.390838871058,-1.01968938146,1
0.470907829876,1.49106303392,-0.139308527898,-0.185012194404,1.22445460485,0.623058258188,-1.33301536044,0.0237348787099,-0.809561086543,-1.16700357592,0
2.83185809556,-0.880129199243,-1.49680650779,-0.37431350012,1.73760747591,0.478936076121,2.51320483228,-0.594345376256,1.29624200305,1.83478464377,1
-0.772986324117,-0.867686724139,-0.736212854918,0.0929369436347,-0.0217301345988,-0.839387210937,-0.076342967736,0.19059096675,1.26350242589,-0.123056779049,0
1.43853018132,-0.0281786818257,1.11350549479,-0.0563515338897,1.70828283684,-0.613098632246,0.534455214353,0.564156343861,2.47502956389,0.296668276502,0
1.42929916695,-0.976722507233,-0.508085659022,0.941646739722,-0.199457079333,-0.34248366904,-0.228672772675,0.172374604862,-0.966843772717,1.66695535398,1
1.59114825994,1.24544094579,0.109119236744,0.55900069698,0.505266131503,-1.11731509773,-0.579666768957,0.927124237444,1.43513957191,0.381580054161,1
-0.66488017297,-0.919161784479,-1.85118565877,2.02522985165,-0.693766802268,1.2218894569,0.112475710725,-0.609830217764,0.966798059308,0.118591539931,0
-0.0201642005718,0.046155105687,-0.58221419062,0.318568164774,1.93446254813,-0.00151513202909,1.81824179612,0.130972168789,-0.876135740777,-0.452317642436,0
5.50068772052e-05,-0.254898189428,0.949935606399,-0.319266283163,-0.933897102182,-1.61470904652,-0.173703022102,0.575399454861,1.90266873912,-0.453528399566,1
-1.81515260511,1.23193156004,0.0160301349242,-0.75066717194,-0.371313772504,-0.660860935181,0.705071900757,-0.650270566261,0.137124739071,0.0867822639174,0
-1.03661433259,-0.574818902954,1.39282432427,2.42975275904,0.502051773142,-1.30602517148,0.15059681747,0.374185805339,0.665748566689,0.556291319516,1
-0.337218021737,0.765935122139,2.24619515952,-0.725280581957,0.055510750484,3.32022127337,0.31701538056,-0.552513602578,3.89235152016,-0.378707586313,1
0.585622273549,-1.36359429891,0.920600590249,1.14712171306,0.806232643473,-0.0132887081682,-0.478857940318,-0.579621183756,-1.44861799569,-1.07347879672,1
2.15374126209,3.0700486599,1.45595843172,1.8510732901,0.355438199742,0.601153939869,-0.221947726302,0.0968432311168,1.73321130853,0.971156943496,1
-1.57875014775,-1.38925426253,2.0190175844,0.713393784875,-0.57647407187,-1.44475853691,2.04227501031,0.660668767813,-0.47027705402,1.04842822835,0
2.69684680837,-0.217169569135,1.28660159102,-1.3202814708,-0.180096800514,0.078645874892,-0.973652304078,-0.512747809767,0.457793970878,-1.29562843166,1
2.86130305553,2.57819015943,1.23945652901,-0.509463810299,0.857817187224,-0.0946413682662,1.24527214074,-0.358771569572,1.58202431373,-0.163302858758,0
1.57661156372,-0.513320477432,0.142692494327,1.00585557275,-0.888705634928,-0.22600537926,0.567991264379,-0.317620584855,-1.14266141327,-0.411298540905,1
0.700120753255,0.649990864258,-0.573732627034,2.24382156195,1.52681859771,0.0658048762557,1.02145730656,0.884527632666,-1.22563699617,0.122020832542,1
-0.475403655822,0.673286140866,2.63715322642,-1.0377670568,-1.1436238701,1.37387495788,-0.967392546164,0.422998370121,0.323608671217,-0.546328198808,1
-0.397583826665,0.600782331559,-0.680660799626,1.18531165672,-1.18784213485,0.121630245804,-0.28204424254,0.807462053945,0.0586164297682,-0.364429095629,0
0.327534230861,1.06226107785,2.48208480228,0.584747573768,-1.13554041818,-1.78481420146,1.29459216569,0.563385084147,-1.74839992513,1.98238538008,0
0.461463507251,2.66404757282,-0.0905694916132,0.561565319827,0.698097822452,3.64238462372,-0.275025016798,-1.39517151035,0.30982426561,0.849886970607,0
3.55089829143,1.12461184643,0.785707488397,1.58391436708,2.22956139154,1.36611867128,-0.499557022405,-0.689260661241,-0.340146239553,3.53607382749,1
0.692191626158,-0.210801969691,-1.12888369817,0.21851526087,1.74294605237,-1.36389449528,0.607665600085,-0.909921454828,2.06517707313,1.88179929494,0
0.663666567268,-0.394897239898,3.41794729073,-1.35102161408,4.12201539714,-0.13698024446,1.22759512937,0.952475031975,-0.241703243184,1.87439790843,0
0.964254166663,1.89528628167,0.873484952035,0.123190959027,-1.57303448799,0.625176314392,-1.40302944021,-0.200293436031,-0.791739890129,3.0798188909,1
-0.543006060612,0.230036654905,-0.856066450129,3.51539818625,-0.340713490124,0.555445937888,-0.83717751774,-1.44829598246,0.464017754633,0.610851953385,1
0.143881877959,-0.291595720407,0.820843537656,-0.701652447155,0.887146692591,2.75296138406,-1.03755208888,0.917696648085,0.268659091988,3.59122581617,1
1.80614783514,-0.532129138424,-0.305435771434,-1.19808402849,1.27103085122,0.223569906639,0.0919574800558,-0.214605341319,-0.658742001757,2.02387291913,1
0.466434688345,-1.61411043597,-0.824164058897,0.0621477388451,0.91602262808,1.04872872916,-0.736350679769,-1.13866896832,1.14092805443,1.55987620168,1
-0.874807271806,0.0842612971859,-0.301458576948,0.778482296191,-0.440964647027,0.177770332612,-0.00646626489655,-1.25951779069,-0.415091976611,-1.33973903823,0
-1.41102092435,2.80768969676,-0.688873819273,-0.832181642862,0.639782991599,0.359481626528,0.622440076985,2.26821708472,-0.740227686046,-0.959576465453,0
0.752465317959,1.55376840817,0.937614266824,-1.01274372072,0.177288400891,0.852381557676,-1.08198719507,1.95224953887,-0.17255346153,-0.223630936359,0
0.798136541132,0.228247032616,0.797380969056,1.63460798873,0.0538663423681,1.63824773665,2.03325178422,-1.58996668713,0.89973693884,0.426889086752,1
-1.77333830109,0.796058555781,1.91235746174,0.81068240844,1.11437561912,2.16655531409,2.46293145821,-1.48021090141,1.3723108285,1.13369435662,0
-1.03541814127,-0.204604950896,1.95539456204,0.0413386029684,0.740173027822,1.55137012522,-0.32163946423,-0.893124035457,-1.04891427005,-0.650757158438,0
0.0983715871822,-0.635960811235,1.08132241164,2.05166543138,0.169205809566,1.31835511695,1.9556642137,-0.483393366199,2.47867301009,2.09094468955,1
2.09514340716,3.55212145376,1.37192813621,2.16117581922,-1.05903852106,1.004420455,1.13382629507,-1.02282263208,-0.542706568063,1.68717228216,1
-1.41620332466,0.335641944496,0.579903792675,-1.89146539048,-1.13502385739,-0.712603746433,0.803486508784,1.07114261878,2.36585912953,-0.317441018648,0
-1.28264513823,1.0729295124,0.111888791375,1.90098327992,2.73516922153,-1.05857863034,1.66224122374,0.940444347982,0.421642985155,-0.878601431067,0
1.78818121758,-0.106456436796,1.65013999246,0.255161950307,-0.476743721045,-1.50812589601,-1.26842396819,1.67108825778,-0.857164127859,-0.4540442065,1
1.19461084372,0.646444803211,-0.00502728853597,1.05924305542,0.356221524093,1.33421806985,-1.18222480799,0.913284590355,0.701571745831,-0.597859011077,1
0.796267117194,-0.0166600461084,0.903315474128,0.440551937227,0.273300408451,-0.720622423696,-0.80608574533,-0.649805517617,3.37070012989,0.166780899091,1
-1.38968314201,-0.557452331461,-1.35951811312,-1.42535339811,0.386639187356,0.0485422328986,3.30230331315,-1.05759334151,1.17844858395,-0.536381806769,0
1.71017718949,-0.737870418342,-0.785606425705,2.77687091176,1.62811039463,-0.0776132486598,0.0456990953533,-0.0596476428867,1.30810515085,-0.423051384139,1
1.09572043645,-0.315378830239,2.37632397497,2.43575042891,-0.433109455307,1.05916013878,-0.458438125825,0.255938924381,-1.592897106,-0.473209606591,1
-1.18363237213,2.00822181868,-0.520928035106,-0.377983812604,-0.474818685709,-0.895145623006,2.11724191727,-0.114944580795,0.361280896002,-1.30408493141,0
-1.39052899616,2.09328124013,-1.25327061649,0.134455480948,-0.723042097634,0.334614961947,0.417374378238,-0.928711863666,-0.771979578094,3.25636505971,0
0.269415480459,1.37931853925,-0.453158615875,1.5251740886,0.409993257659,0.343652202355,0.569364807271,-0.232165244134,1.30775577101,-1.02053212181,0
-0.519064092572,-1.1281994876,-1.29030757339,-0.745850601933,-1.34525256978,-0.435913944987,-1.63681327263,0.0443054047328,0.269021199001,-0.398789842774,0
3.80146757553,4.37310070826,1.75689337565,-1.36920536047,-0.919658709621,1.46026909931,-1.17396708241,1.51862040091,0.187153231515,-0.880042914851,1
0.724568871896,-0.744139163116,3.09340037629,0.160764187677,-0.92031649859,1.54060711035,-1.19387487425,-0.931500705385,-1.89926023173,-0.856784213237,1
0.139590462945,-1.04031410534,1.27101257705,-0.718556402198,-0.763947257217,0.248308169934,0.597218929625,1.55537485397,2.27451563872,-0.626206007512,1
1.12742053417,0.564047822286,1.03974498751,-0.492826981969,-1.5217307218,-0.568711767424,1.26891170952,-1.68883734986,1.30535198335,0.45684452839,0
2.03067816771,-1.06497117685,0.315125206818,-1.34817814566,-1.33282049362,1.50277219458,0.0403394650922,-0.940238248731,0.367373379763,-0.52582938408,1
-1.08361437812,1.22081224499,-1.38529445889,1.5936084215,0.795293342745,-1.27100279005,-0.89378492936,0.860059768866,2.48837476944,2.5970675027,0
-0.615449263319,1.24047301275,0.0411610756259,-0.172458413995,0.381982799841,1.35526652189,1.16950676189,-0.586686426583,1.24784035042,-0.809221327714,0
-1.01109166442,-0.67186345838,0.351890597522,0.45908585121,-0.746199550859,1.45811871494,3.1939599911,1.56969342219,-0.657540962926,0.778222538542,0
1.99831225669,1.19435359608,1.07601120035,0.501567190371,-0.626176739938,0.395017963982,1.31228231755,-0.965917804378,-0.11746986218,1.20302254833,1
0.820087163897,-1.37301849139,0.361878081943,-1.39511665403,0.321138009715,2.49827410074,0.472569632545,1.05443633553,-1.47710472142,0.73443304542,1
1.83111420853,1.4541174595,-0.672754003626,0.0635143344405,-0.0872590013257,1.67768817841,-0.475824297066,1.56121299802,-1.16292522457,-0.522903946626,1
-0.723273459079,0.912685169175,1.13259419376,0.11129770403,2.16272797929,0.460262588745,1.85514143794,-0.248986393297,-0.97398263257,-0.925691335942,0
2.05420674273,-0.644199053942,0.444542668994,2.02323783783,-0.503951924686,2.71638887787,-0.542947442898,0.423564773534,-0.831912988268,0.156404377555,1
0.323861806295,1.343776414,1.15721055008,-0.348071419338,0.378553810629,0.798149885258,0.168782497451,-0.836855656433,-1.07679862456,-1.11643347757,1
0.279564735928,-0.119062226485,0.466273390707,0.244106807745,0.599816518003,0.804865768349,-1.53522397411,1.35823550558,-0.893952585983,-0.403518367324,1
0.430175983636,0.815950579836,-0.166234823547,2.00885820044,0.755655591814,-0.60115993073,-1.30528288486,-0.557641549169,-0.285176637921,-0.278286724073,1
0.777191303338,-0.020733238137,2.35191036208,2.81272601452,0.871855806364,0.587289016959,-0.0469000344575,-1.44427457025,0.400734579994,0.705300363453,1
0.750936853665,-1.33721681318,-1.27093359365,1.99014447142,0.841715362486,-1.5117133528,0.45234935804,2.17594422588,-1.25392044421,3.40721476353,1
2.68256551249,-1.02280111508,-0.414002857286,-0.236531076929,2.04748659005,-0.449828246881,-1.48922982976,-0.595053211708,-0.0940899988348,2.54342424505,1
-0.321793185319,-0.416596623979,2.64232633419,1.37030953628,1.09463190368,-1.71657460917,3.32489787835,1.95858714851,0.0506846103003,-1.11583469647,0
-0.980243204615,-0.294288044599,0.322758197431,0.603762048537,-0.278951774687,-0.546345063663,-0.0546470154685,0.635613663825,-1.53851248793,3.70351840847,0
0.898976458513,-1.02147507274,-0.271159624432,-1.03956051762,0.801093551713,0.00330789670291,0.688680750636,0.522414172664,1.50501272754,-1.20441074803,1
0.23641222731,-1.29304522693,-0.468798143047,1.15196923905,2.51423326648,2.2057162989,-0.80480538042,-1.53782465632,3.06181570446,1.52520052157,1
-1.45017257711,1.24434340876,3.19456623723,0.335122726912,0.345046489775,1.02391643624,-0.151130860124,-1.67004342441,-1.32674394628,0.678282643849,0
0.878001749213,-0.453247390556,-0.146823777653,2.47244891707,1.9888033355,0.883088670482,-1.37772808026,-0.854542889767,0.517347929218,-0.323501585901,1
4.11280746627,3.06975986301,1.36936909982,-0.451833564388,1.25337374166,3.57617722441,0.120652795987,0.392265038627,0.147864873466,-1.1168339551,1
-1.84726317497,-0.136598069381,2.88112064178,-1.84536530423,-1.15023060004,-0.635798407265,1.03367959164,1.72187089981,0.653352811259,1.12519590181,0
0.606081432088,1.49934402107,-0.438718689297,2.19188260248,1.78063089214,0.523066430617,-0.405954792081,-1.03195481747,1.45478653017,-0.142363803447,1
-0.827711564199,-0.58115543247,1.44108748042,0.362523583483,0.183803756436,0.326959738127,0.921871034333,0.890296919831,0.00751296952067,1.73722811386,0
-1.36022843409,1.52154743603,-1.05863959356,0.523834411403,-0.195374941905,-0.999538203259,1.97536271499,1.67865224883,-1.21760856844,0.71209482487,0
1.50636951185,-0.117172484653,2.0443928249,0.710904403161,-0.539553305606,0.870002073298,0.0855716899854,-0.699569763938,-1.16326160063,1.67858928465,1
0.718721466824,2.67714279025,-1.31505385681,2.49618305191,-0.361469810177,-1.25687787527,-0.968670196073,0.0952472035181,0.781520302765,0.974377908082,0
-1.27272156406,-1.51638114963,-1.28418867635,0.934010026659,2.99691651057,0.696893013547,-0.675122380245,-1.57937659324,-0.964274891077,0.549439145991,0
0.375507517643,0.490635960401,2.88301484309,-1.45499106807,0.174569229059,0.920046047092,-1.2898151599,3.02172464615,-1.01790164756,-0.434282051859,1
-0.908441784087,-0.303247067106,0.775644832307,-0.649441038657,-0.993377385498,-1.28391963347,0.447938788711,1.75832544186,-0.29310667741,2.53972905394,0
1.43417512856,-0.512580639605,1.26614169723,4.47747713567,0.0393029266155,-0.139149674578,3.10691187314,-1.56901680307,-0.546296145305,1.43826795761,1
0.333573645267,-1.46717673688,2.16405515306,0.398490637989,-1.80689199603,0.0446360079571,-0.185087023063,0.335580372191,-0.927112338554,0.175493419803,1
1.03182343423,1.02370217886,0.327137335546,-1.37524695095,3.14910937301,-0.932075461336,0.853715761219,1.92490664733,-1.21966818512,0.180752627684,0
1.63151809388,0.275290595272,-0.844458822127,1.25645077012,-1.31018648464,1.83242301221,-0.986240313286,-1.0714723217,-0.822171434316,0.847834305786,1
0.116087420172,-1.65660570708,1.27117639695,-1.60466148563,0.308671019094,-1.89796526238,-0.848734900864,-1.19673242302,1.57471764585,0.706977424177,1
-0.64691863695,2.69676868607,0.593752942614,0.186870480998,-0.312132046946,-1.27236646056,0.910090731537,-1.03359670585,0.983749516892,-0.82652883302,0
3.66344536109,0.289723391144,0.541436524884,-0.943321431273,-0.352200026281,-0.158962546066,-0.573992868589,-0.181142253286,-0.0166400165912,-1.34771568402,1
0.670388276677,-0.902550991957,-0.781429178694,-0.338064945454,0.80140943449,0.262815209805,-0.37333217699,0.0949412915935,-0.944584222101,1.95331006619,0
1.56529218363,-0.0507324746481,-0.137822927307,-0.613970233594,1.90484441653,1.22245738016,1.62864984737,0.64167090739,-1.49548020385,-0.701410410993,1
-0.742753644943,-0.834617592431,2.45617621671,-1.36592245267,-0.239513628201,1.98841514972,-1.60384075562,1.48529344681,-0.104603609492,2.71079813519,1
1.42277996298,0.276525071812,-0.48098297516,0.702959447552,0.655614388624,-0.960195703416,-1.41077602705,0.550059912884,-0.108006450385,-1.36117644713,1
-1.25697603425,0.148394136505,-1.36266910558,-0.703527156312,1.18724823077,-0.682245057562,0.999114326474,-0.679313397791,-1.297873552,1.0089448809,0
0.592513254621,-1.60331538631,0.102218099439,-0.285327547356,-0.65097654411,-0.118788071918,1.80701977121,0.0170187768034,-0.508280579115,1.72876674614,1
1.75901188558,0.65067968321,-1.60123517858,0.18644847365,1.47563052581,0.154386206011,-0.228479105703,1.80796390452,-1.50724317061,2.3418263717,1
-0.816095859374,-0.478617912377,-0.558685384988,-0.791816693285,1.78446720858,-0.757195933914,-0.576680904985,1.45735171271,-0.739355396627,-0.807159245308,0
-0.852036889777,-1.01150743393,-1.60654662539,0.61710349334,0.00495802572223,0.124732180325,-1.31062731783,2.46593829632,-1.43883682122,0.573614116986,1
0.173044139159,-0.555023674058,-1.57469248679,0.277702435576,-0.554996351942,-0.671062771299,-0.0896835307732,2.00307261324,1.35658574915,1.8691751165,1
0.882078579669,1.38490308974,1.84681196046,2.38086772516,0.583416560159,3.08657853589,-0.450113844976,-0.403060300354,1.53888019414,0.744587735365,1
-0.508205213505,-1.11361323749,1.66201323288,-1.13433132108,-0.189708109843,1.39780814762,0.610148020358,-0.736208230969,0.596473990307,-1.40268156563,0
0.221365366326,-0.265690660524,-1.09045937904,2.22336598815,-0.160890958986,1.85344661514,1.16204630644,1.65576101508,-0.821518520555,-0.685877482511,1
-1.24452541658,1.05932080615,-0.0184818155442,0.0331028160903,1.35616394072,-1.12384461158,1.6927011341,-0.88252533428,-1.51857195183,0.203926599373,0
-1.52553294031,-0.917431671768,0.146854289528,-1.86486184767,-1.0373367601,1.33176974974,2.61435347532,1.4946524732,-0.775107726608,-0.774914247205,0
1.31758044874,-0.233920382806,-1.09001585301,0.696302058388,-1.32952749127,1.51776901775,2.0161948826,-1.65792072311,-1.31386446545,2.43210329083,1
-1.39498811392,0.421997627171,0.348329872157,0.857020898352,-1.57567642653,0.0777344303981,0.270876130224,0.0290631997308,-0.300865733497,-0.685170314214,0
-0.0847580950358,-1.91047504999,-0.80367372627,1.46921588091,-0.711366856379,-0.693823710457,-1.54115318366,0.829319564621,0.551394811626,0.279151380723,1
-1.74391280397,-0.536819964752,-0.292552737031,3.57689485023,-0.510788863836,-0.345360882464,-1.19106198832,0.058623698217,-0.145607205982,1.96038723696,0
1.37883035327,1.83056320829,1.97085325362,-0.479360456099,-1.06478013769,0.666924985713,0.322010634827,-0.917741286154,-0.183056686876,-1.17331250373,1
1.05144256056,0.999268890623,2.26796807566,-1.13068257587,-0.112742223021,-0.535521744658,-1.2268426774,-0.780125389514,0.802753317928,1.65527358629,1
1.63119687827,3.2109466534,-0.152354878784,1.99341114638,1.3871143487,-1.36814623704,-1.08489423845,1.71523632208,1.2284889433,0.819309001124,0
1.26045322553,1.24709349466,-1.6583513717,1.99746178941,0.799686953899,1.97233715065,0.250332499155,0.93374631155,0.946214221708,0.282857343827,0
-0.615794923613,2.65207404885,-0.997760940964,1.11136731169,-0.523038805702,0.394778199647,0.10442261612,3.20910457576,-0.0782577106519,-0.506132825357,0
0.486935452494,0.392569441601,-1.35107351774,2.33635154881,-0.629952288858,2.04917739327,0.658840752482,-1.68721270612,-0.944237657184,-0.886976573766,0
1.22817283942,0.832252494175,0.310815111851,2.8437883908,0.308845417683,-0.0221415770244,0.770516080536,-0.663934584505,-0.826586254616,-1.15722289075,1
-1.23887116903,2.29431353271,0.472488356755,-0.854767093921,-0.0928995829618,2.45435320491,2.44332299154,0.934755883948,0.812615342851,1.16638334899,0
-1.06841329362,1.53249904289,-0.374841207637,1.39596802676,-0.663838008429,0.366453159033,-0.465808361529,0.308548366313,1.62660929582,-0.458135823291,0
1.21424245234,2.35567108592,-0.225576621172,2.34076068727,0.977389815479,-0.209528200416,-0.857049257787,-1.13126650612,-0.711727481314,0.439723034292,0
-0.953516181595,0.762040449886,-0.132244908081,0.715426096648,-1.58578794614,0.299875358726,-0.280836633289,0.810622623987,0.0473733995538,2.89885080075,0
-0.433291606141,2.83589334512,1.53052112914,0.536200714338,0.0019065234638,-1.64180647804,0.229632755276,0.249977761167,2.30065047423,2.27345898183,0
-1.14910200184,-0.514291948923,-0.142879148302,-0.884989719375,-0.126035745142,-0.739511248883,-0.13848642867,-0.36633786486,-0.252804716816,-0.774749423848,0
-1.06608190606,1.83277252562,-0.472946622768,0.255056955393,-1.20162021477,1.24120802217,-1.7586249628,-0.157655793364,1.78587522396,0.563109710191,0
-1.40711200672,0.857007217852,1.27046356135,0.186893492224,0.719753945346,-0.973074057324,-0.528083697786,1.38766046642,-0.536240832918,1.87392271936,0
2.19974961017,0.269622690914,1.69738142519,1.82436667447,-0.493563744711,0.801586129797,-0.538893763175,-0.706663625689,1.05159055841,-0.26400817009,1
-0.373999379092,0.776254251572,0.243661171845,1.66612785918,-0.601672598234,0.308184347305,1.9370754418,0.426849209922,-0.793656212041,0.0245015364293,0
-0.183219049643,-1.42275380846,-0.4918774821,-1.01493632835,1.2323917179,-0.762813753858,-0.773197951041,-0.464218800801,1.87074849446,1.81984890929,0
-0.567943144848,0.559591786344,-1.62571658102,1.00963110566,4.02006561114,4.06681095672,-1.52465197886,-0.761215784534,2.44672409799,-1.57927898252,0
-0.109297582181,0.180097625695,-0.947175051706,1.45044344878,-1.22318723972,-1.24484757974,-0.929294795184,1.11810534474,-0.925562348884,0.382213070601,0
-0.17633108437,1.90832282905,3.49197980444,-0.304006584873,-1.4118704008,1.79570146,0.204498214515,-1.25521287677,2.29863172099,4.36671658463,1
1.64737444565,0.319220477039,0.199926399326,0.301180495273,-0.702280549443,3.08674062435,-1.32844346445,0.287560377875,1.49205128856,-0.705195600524,1
-0.44494138808,1.41506704559,-0.697609446795,-0.22264007189,-0.848540031223,1.02736387363,1.34683347606,-0.647641829352,-0.64795448945,2.23168401077,0
1.76792046807,-0.61071354538,-0.672919856459,0.0755860585928,-0.485519933993,-1.7085971543,1.07518903789,1.8689703944,-1.24072443438,-1.48374669611,1
1.19311852199,1.11985007746,-0.226484458946,0.0467730939561,-1.08847572774,0.404664956766,0.712718379638,0.26022334891,-0.288159166959,-0.0496454802434,1
-0.524520820312,0.372133364716,-0.896506880248,-0.346097128933,2.73891790654,-0.688140271614,-0.118089909324,-0.742065387209,0.615746763113,-0.536580681124,0
0.372911362398,-1.30246071459,0.114301380564,1.2687346091,0.528400687159,0.0456302169767,3.02040184129,0.578882438121,0.0973506265225,-0.816997184344,1
1.49820421893,4.35794127966,-0.538838730332,-1.08749155197,-1.696042956,-0.634548012812,1.86101039127,0.543354642627,-0.0891865225027,-1.63896232137,0
2.19838563272,-0.387993728171,0.617651886771,0.0391472235606,0.933690359044,0.769280544072,0.984719890387,0.688282192345,0.949560193421,1.31126058822,1
0.658105346599,0.213013126517,-0.0578570560649,2.75596186743,0.178781969384,-1.42891445115,0.706082987129,0.515155957911,0.38200486463,-0.852347518028,1
0.777033759486,0.396533185737,-1.38899931514,1.43895775597,0.323752490185,-0.545052017627,1.57591910303,-0.368318964237,0.0973026782284,0.619795847081,0
-0.384278621028,0.691970512311,-0.339405576303,-0.170786950614,0.51117926556,-0.180379355156,1.79473275736,-0.65256492023,-0.295763530606,-0.345196898437,0
0.397794871846,1.9978157506,-0.6911558572,2.69047496635,0.227245381989,1.23862306622,0.483527494872,0.238598339614,0.749591937834,-1.66711369803,0
1.34253595474,0.093807526921,2.39154005357,-0.963438036108,0.675152097208,-0.320373324164,0.310033446563,2.07279820086,-1.45864787772,-0.543275696532,1
1.93864941952,1.53569942995,1.07914608703,0.696919281255,2.92631436771,0.0306277962777,-0.269321830656,-0.114993276887,0.142169825842,-0.361920637563,0
-1.03418413403,-0.504570394272,-0.46903363184,-1.05508663343,1.19764552658,-0.57083590845,2.27530001095,-1.14773353935,-0.773137589797,-0.811119017477,0
2.2812334579,-1.80446437556,-0.858778750618,-1.52499708521,-1.25664925634,1.18470076994,1.09535439477,-0.162370344645,1.37801257195,0.339645799613,1
0.501740551635,0.736005334863,-0.1341513825,-1.53268768638,-1.55474565419,1.44176234528,-0.268224110112,-0.899096102142,0.250298454684,2.32529673792,1
1.5298315588,-0.0135664458627,3.85686270948,-0.711027562996,0.514200299249,1.26507219344,1.53745237369,1.71600610438,-0.8436261469,-0.915445195648,1
1.61531602605,1.0495558357,0.772863864158,-1.38012115942,-0.227057194641,-0.745071037075,2.47778532329,-1.00526600267,1.39276118658,2.04594165047,0
-0.933910332094,2.5307093319,0.213657940423,-0.961786459844,-0.310621233149,-1.11785775039,-0.503679054742,-1.11958706694,1.5109193241,1.33590892918,0
0.0700254374153,1.53577654212,0.728837836757,1.54894250365,-1.05611203791,0.156270790519,-0.647294004153,-1.06205216383,-1.88497120147,-0.125455111198,0
0.971833757598,-0.113263785901,-0.870412931535,-0.748036323389,-0.30448591995,1.9609835675,-0.602551138679,0.996388061661,-0.659938449014,0.170446007938,0
1.12763368074,-0.95422840775,0.427480128635,-1.29454057598,0.975212469178,-0.115542547159,-1.20020922983,0.857836264726,1.20098313543,-0.723829377284,1
-1.36479212061,-1.52592010105,1.33236947364,-0.559224891064,-0.594032409588,1.25909525516,4.5738758165,0.78199977423,0.695081129684,0.276249868226,0
-0.325132727744,-0.350149902386,0.182694572348,-0.479809237669,-1.08791007695,1.86925714929,2.91105916299,1.87304610253,-0.291877978919,-0.534618972889,1
-0.348670416206,-0.640236448281,-0.661133553792,-1.3915035788,0.567223526964,0.649116150292,2.3381454627,-0.521104731412,0.632227160619,0.0947749122014,0
-0.909453595453,-1.04752542958,2.35462222548,-0.213194560007,0.120007227253,0.586052080328,-0.840909746896,-0.365770526938,0.124905643236,0.0479188041688,1
-0.935406272159,0.598812580014,1.40792890589,0.0780465686986,0.340668766371,-1.16334912325,0.71808622752,0.60840509305,3.96383554731,-1.37765297259,0
-0.770372316836,2.22259843609,0.0643639382182,-1.12457016812,2.61004678615,0.270854635419,-0.606552688848,-0.890494710228,-0.846168333451,2.38045519694,0
1.14783750322,-1.60652407233,-1.12361386677,-1.4882062393,-0.404625415523,-1.22478372649,-0.00360869779591,0.586715515641,-0.158217102007,-1.51861019356,1
-1.15246729186,-1.33743713606,0.947811280187,0.766641154723,0.811998790657,0.709480435187,3.53168377658,2.66951028071,1.01143527081,2.26605233004,1
0.650625358824,-0.386946754892,-0.913774491593,-0.381296346526,0.433676187624,-1.34890651886,1.83376129593,0.221148172556,-1.49486903113,-1.1544686916,1
1.92173531626,-0.309133598677,2.25868899082,0.145333906843,0.0881412076966,2.34840760402,-0.88562601959,0.714221491118,0.101053203363,0.312085952909,1
-0.407763941055,-0.853356257179,0.524059930902,0.515593234606,1.30422536067,0.558140985958,-0.0483643425178,0.128194586687,-0.572886049686,0.12489488939,0
-0.484756779406,-0.0827830197124,-0.797464844608,1.01721068413,-1.00934179732,0.773421300991,-0.98846166429,-1.80241961996,-1.51109398795,-0.82170222904,0
-1.20119270529,-0.799593017111,-0.766859772289,3.7583967803,-1.29143382341,0.25876425589,-0.172174603956,3.32536894102,-1.19308306784,0.535294149981,1
-1.66068594222,-1.75858739106,-0.721863919525,-0.581406578092,0.402335781345,-1.51152744204,0.630390930736,0.812769284523,-0.13495349656,0.077545088044,0
-0.210609450769,-1.78961146646,-0.376299043658,0.340944213069,-0.987912076709,0.96329210088,-1.6300676198,0.417750612635,1.93035833532,0.992398449748,1
3.17465545856,0.1166127672,0.153032791988,-0.534770030565,0.432934515543,0.524629899258,-0.383242916974,0.00579719956544,-0.937762812191,-0.426007026863,1
1.13720809095,-0.292243695014,-1.25745117319,-1.82504511422,-1.29915855436,1.48965746366,-0.585692338559,-0.174865108726,-0.949922990557,-0.937968344684,1
2.28040615316,0.677580307874,0.369554981425,1.70137514982,0.86850688213,1.89980300088,-0.540334896174,1.33904855943,1.98790430394,-1.26317018478,1
-0.174174679053,0.000332879816697,1.84646603247,-0.675906094148,-0.562426412254,3.61766231188,0.00762544978236,-1.32826874663,-0.967870126093,-0.143593500487,1
-1.66705506319,0.814049563726,1.05276565468,-1.3686487226,0.168281435288,1.33518643533,-1.0915498188,1.48321037031,-1.0153386526,2.15126594501,0
1.31346636238,2.23920185658,-0.790904308481,0.211147540762,0.444423283732,0.311334853948,0.433582016193,0.488593857428,-0.970851101208,-1.41637890442,0
-1.17305664218,-0.152218079346,-0.812601909824,0.35799343079,0.430312554856,3.86667737776,1.52010641918,0.500598234388,1.74366067223,0.138095032127,0
1.31029297372,1.06648916827,2.44127281779,-0.574035760912,0.447201969153,-1.13575783376,1.43482420436,2.20785215571,-1.50516368972,-0.848004684811,1
1.49572661683,-0.897575608324,-0.746271216699,-0.427790522847,1.87006151125,1.06433299495,-1.14131633779,0.164277041272,-0.357790802988,1.16134905952,1
1.67764214652,-1.77992009426,-1.17469363399,0.191830492659,0.313053300836,-1.41039692725,-0.37964233177,-0.568916037778,-0.940358883276,0.0138935627901,1
1.54220816404,0.660129094962,-1.09397607467,3.780482647,-0.117393430901,0.351101138608,-1.24139687167,-0.391256825379,-1.57835974742,-0.0765447548878,1
-1.53873946981,-0.628373191515,-0.0413645869301,-0.786974006944,-0.502935275481,1.74408295009,-1.805184832,-1.10413372502,-0.937097443927,-1.12040639388,0
1.23689053729,1.7300828212,-0.0508638361975,-0.099716851884,1.53757029296,-1.50061255017,0.717540727286,0.961294713215,-1.4204461246,-0.376342656616,0
0.72447153266,3.34614545135,-0.69847539354,2.50632298932,-0.0115822681171,0.251563482001,-1.52104567665,1.63873125713,-1.77401141781,-0.826349125828,0
0.886239349615,1.27069629876,-1.1972021581,1.29967460627,0.882702286684,1.78404579643,1.75338378297,0.547869090901,-1.17181496594,1.84842818478,1
-0.472063994619,1.67297387052,0.309113633948,0.944321970651,0.86284428853,0.271495068338,0.691576169868,-0.955654136196,0.402126561809,0.954541096498,0
0.552057787197,1.29694222748,-1.66586494607,0.317712810636,1.40656997422,2.34644288377,-0.752284706494,-1.46019149734,2.43358125813,1.12715350739,0
-0.729631452086,-1.51346172338,-0.181385036481,-1.35487091521,-0.588437713347,0.343659120332,-0.409992554241,0.617000511731,-0.542735698597,-0.505556921546,0
-1.64525757734,2.04329568684,-0.454634315117,-0.644858262435,0.908925131403,-1.29160870797,-0.777190577775,-0.382052429861,1.23020891048,-1.31961395334,0
-1.79988722936,0.172103823621,-1.15391178333,-0.30402741883,-0.118133386067,-0.616633584349,-0.367785210336,0.332904667073,2.73709198753,1.48018291713,0
-0.19677581619,0.300779616264,1.25668907556,-0.12303693382,4.71167139188,0.4782705537,3.71301950896,-0.0430083786507,0.710907285573,0.398256847179,0
-1.70738240447,2.311228804,-1.36245777035,2.12610748579,-1.78565565942,1.586191567,0.041052605483,-1.7803712646,-1.1008128441,1.46350094706,0
-1.2722586074,-0.495310491908,0.721946650832,0.487620732364,0.221843249249,-0.721177189067,-1.83133102288,-0.607773554378,0.260219339846,0.0552300829921,0
-0.721227173789,0.483285092557,2.34926178188,-0.170059006381,-1.25063059875,0.127823507843,2.39923546236,0.52911974861,-0.243150535592,-0.799269331251,0
-1.53894012927,-0.105499094943,-1.61167455851,1.54778430837,0.0825224951839,1.35637301068,1.60951385993,-1.57599260031,-0.668182186374,-0.112253056697,0
-0.283745175166,0.758453597674,2.23212542912,2.23857480095,1.28827714226,4.22918058699,0.46452670647,-1.08266813448,1.46504661295,-0.88171546691,1
-1.05717314795,-0.698301641297,-1.45850229094,-1.14411954907,-1.50071432759,-0.947816396955,-0.591219010149,2.44579180463,-0.814504854589,-0.625881195041,0
-0.148068829708,-1.30665916798,-0.824865707177,0.218492608195,-1.67398784204,0.271331813896,0.681262906233,2.90652477439,-1.66499727356,-1.23314055362,0
-1.31517769215,-0.759083065926,1.16084375502,-0.829847891085,1.02574631304,1.29338687719,0.324667761688,-0.79964498548,0.0234196795208,0.403342924018,0
-0.571883681909,-1.00740980685,-1.64843280773,2.50461197763,1.40084393163,1.74517671615,4.87596445673,-1.02530056553,1.96039661144,-0.843845219317,0
1.55894235555,-0.491274484923,2.25166373089,0.508653180053,-0.368499450947,-0.830667985986,2.51813046702,0.910796840442,0.900254523131,-0.871489257164,1
-0.812826510402,0.462716773489,0.66247079957,-0.643458922138,0.903364484834,0.409157093172,1.42647732521,3.76471670712,-1.51027483857,-1.11606514288,0
2.5213261647,0.294076650445,0.387286084032,0.211871594842,2.28104615927,0.475500980113,-0.745648984445,-0.811881450922,-0.979988878461,1.7581819736,1
2.40709262368,1.81711628718,0.696833671145,-0.494232859835,1.75501288769,1.73607153591,-1.09493709604,-0.791518529018,0.262313335162,-0.684233434251,1
-0.616546034464,-0.467822894051,-0.496647461682,-1.80864110867,-1.02294480281,0.987730408699,0.123424471023,2.1748464018,0.665863827318,1.25289323973,0
1.28106371026,-0.012244834346,-0.386003546391,-1.54663463096,-1.73159746971,-0.504298281322,-0.674855364001,-1.52225813593,-0.117750418856,0.692407685494,1
-0.594571120977,0.663622613943,-0.727150386466,-0.106509892668,-0.783474167319,0.518193078976,1.52332046801,0.0105603236857,0.327432115949,1.30379947641,0
-0.0971772384252,-0.908688549378,2.15398247984,0.666920046382,-1.16547995099,-0.0124516397461,-0.840358957412,-1.82441408087,-1.03758286083,-1.40348867199,1
0.919413116426,0.177589080493,-0.758233896901,-0.49238450211,0.864071423715,0.451186196749,-0.105376768794,-0.0448996336183,2.56045545872,0.653044554297,0
1.06959735437,-0.916156889368,4.21989021651,-0.00295452677077,0.0282256708834,1.38295856807,-0.55840853655,-0.497787743439,0.448565372539,1.14596008414,1
-0.641822597158,1.37629680425,0.40972432586,-0.280912117955,0.272856983731,1.0319826996,-0.185702701692,0.929229288544,-1.71187689137,-0.137652160996,0
-0.476364662291,-1.84295040699,-1.48480340252,-0.661059691691,0.996875020009,0.0495073154,-0.514977232901,-1.56900763923,-0.513935294513,0.00768024059844,0
-1.19719442991,1.61831617123,0.531234049996,1.69541069457,1.15779834407,0.757466505553,0.16904688561,-1.71187481749,2.81919200096,0.982909362569,0
3.68011775685,-0.880410156374,0.985102601055,1.65871409469,2.79027117893,2.39566565202,-0.885032085098,1.15226611966,-1.31235265709,-1.73840940646,1
1.9986317474,-0.228595961298,0.266240989537,0.455554458852,0.319106413144,-0.282296056789,2.63667502645,3.11158726938,0.1732039984,1.4080236967,1
-0.240557934679,-1.23174735415,3.25143087799,-0.81911626048,-1.24054410074,0.838337747888,0.817162123383,-0.622767578757,2.71053960585,0.99676871529,1
-0.928777620146,-0.705727210791,1.87798028433,2.88634782489,3.43887051439,-0.243711569676,2.38274370362,-1.85034657263,-0.555850679713,-1.44459575508,0
-1.51901397778,-0.945539839421,1.48290460947,0.644914138746,-1.73692393609,0.10919923859,1.41678709266,2.64718727084,0.205174518361,-1.02113033381,0
2.21756104117,1.58623251061,-0.67849306904,0.597087893038,0.118047349679,-0.95465739573,-0.82632328016,-0.359726240691,0.308042756343,0.993673569011,1
-1.80183288316,-0.469575762422,-0.878352964951,1.84850625895,-0.770860756594,3.51225362207,0.943112346668,2.65601101182,-0.515596049097,2.15351965131,0
1.79736168357,-1.2461642024,-0.907374272555,0.594355068901,2.0076634086,2.46178231968,-0.526724664653,2.38716195595,-1.6455749594,-0.827979478005,1
3.13496852536,-0.982159621847,2.35254803024,2.26030333786,1.41613944214,-0.393838723562,-1.01347211287,-0.425157082087,1.1366406045,-0.252923311285,1
0.895539779982,1.07708672869,-1.19357373346,-0.825246891486,4.13126464773,0.298257213736,0.669809956776,-1.0659463928,-1.12842027747,-0.349250653754,0
-0.890061642034,-0.461276119152,1.2076664072,-1.15832163669,1.20099380541,0.695599734827,-0.580580745914,-1.70157715493,-0.192591271167,1.21092222265,0
-1.2845189811,-0.575872094215,-1.0192368926,1.18595716877,0.911461255104,-0.406746788881,-1.63120099839,0.702956942746,0.107305480142,2.50583390118,0
0.87521895263,2.63701138883,0.949245968391,0.876960022595,-0.304324900783,0.454726583123,-1.14285712777,1.16826397976,-1.36008500221,0.479717841647,0
-0.533828013135,-0.330311835083,-0.598051464677,-1.02811535339,2.29981386493,1.02516413881,1.12591654097,-1.66896831654,1.25327366597,-0.965315630315,0
1.08780759157,-0.106550110766,1.32463388544,0.478374964727,2.43361643397,-1.80780987799,0.523704219088,-1.09133090493,0.968778740468,0.888985041025,1
1.87327824963,1.04203647392,-1.22440352642,2.78894578449,0.23565673322,1.09727766702,0.649457246562,0.030117299848,-1.884876339,2.21794196132,1
-0.129970129997,-0.429414174587,1.13350422657,-0.454715144834,0.42951165272,2.09562952485,-1.04152997834,-0.290455681062,1.55589844618,-1.18185004439,1
0.0632718350844,0.344999167694,-0.291388655721,0.0477150759813,-1.20842331479,-0.829343091827,0.109959172778,0.806126364149,-0.876616292112,2.1980501308,0
-0.547770171635,-1.57443484567,0.36924280625,-0.756914030617,-0.593461550102,-0.386379128926,0.387057425775,-0.597382119007,0.79269725061,-1.36254580615,0
1.64969263323,-0.825062874191,-0.860178162104,-1.62205895421,1.09235653467,-1.88083223802,2.96943010701,0.0435350927435,-1.80694726419,2.39044494397,0
-0.249236946265,1.75556665725,-1.61848938655,-0.800067968377,0.233874090101,-1.6360864806,0.263400618672,-0.0269364330321,1.8200452054,-0.888298435388,0
0.11910447284,-0.868179479114,3.02636242911,-0.0507216342412,0.545907000052,1.99594432055,-1.61387192285,2.7964622709,0.219113609963,0.135892370783,1
-1.2886560062,0.0905335612411,-1.51570068084,-0.58704384897,-0.500720878233,1.38754274112,3.28240545468,-0.654479631408,-0.598918492162,-0.914134340992,0
-0.508124639519,0.247835756882,-0.0273435759652,-0.333015630189,-1.11372878356,0.103873582272,-0.931044223612,0.115949495756,0.915838354938,-1.00586752718,0
-0.927105393876,0.0948039953419,0.251062810178,0.600271235273,0.906393000046,2.28414147529,-0.627957901316,2.47692841776,-0.550618042699,-0.147086900184,0
1.08656210549,0.429004777403,0.30258977475,3.25522198205,-0.692448067358,0.216765861508,-0.372120943889,0.44434357518,1.20753093887,2.56012630147,1
-0.33101261776,1.35875714688,-0.394460660321,-1.3202665345,-1.74449006637,-0.626136101865,1.23821320064,0.315697673554,-1.09512807705,3.37465643981,0
-0.0119189100863,0.587776986464,0.91014402789,1.71198556447,0.681688971007,1.50592804749,0.0243492999605,-0.599047405929,0.641797990534,-0.399514119598,1
-1.56720362992,-0.747328895859,0.666341670577,0.783119169923,0.493756446598,1.86582350436,0.31421078291,-0.0891174693353,-0.414481041537,3.13514221182,0
-0.963408798075,-0.0906806676937,-1.01861562792,3.24670671972,-1.17483283929,-0.848377658646,1.01157490866,-0.902701579241,3.91654510435,-1.10808382658,0
0.713722632912,2.61160587147,1.15054340609,-0.0308360916369,0.349179522584,0.0946747992597,-0.656961706066,1.10857421074,0.144854293988,2.00021273586,1
-0.178232554801,0.398743890872,2.18432191593,-0.936891398959,-0.795298523178,-0.861087038453,-0.679688766614,-0.665995952246,-0.630444930045,1.11043848515,1
-0.629727803018,-0.425019076045,-0.447082545673,0.501699611016,1.17452585197,-1.17623886713,1.18444488089,1.47924014421,0.656298984517,-0.449720004762,0
0.648507136497,-0.108977009296,-0.427367196382,1.50474331566,0.664722062628,3.30118133581,-0.16543841076,1.65853903668,-0.742325897191,2.26709202497,1
-1.24347500681,-0.631628707563,-0.19377320153,-0.10137994794,-1.22416864806,2.15185754639,-1.33075063948,-1.24723882546,-1.11890900905,-0.332680964117,0
-0.31267732009,-0.619824044647,-1.08610893622,0.504592932479,-1.43390670986,0.93371995056,-0.500997921301,-1.04923296695,0.669566668156,1.86097487231,0
-0.710294600226,1.39344044673,-0.15328836593,-1.10444784106,-0.50604369827,3.78034119254,0.609981830305,0.654584939518,2.18226264479,0.886045612602,0
-1.32151854111,1.27234969723,-0.0939137806163,0.669562751936,0.534234432576,-0.75209389391,2.16594768153,3.40870450462,-0.830343918264,1.09191094168,0
0.131301028142,1.59998409541,-0.467733526841,-1.84981660341,2.52730510043,-0.264432137506,-1.51486848057,-0.866528306622,-0.314055415411,0.572585955167,0
-1.24704330763,-1.2616263372,0.135154283988,-1.38024636353,0.370568412547,-0.883655874988,0.793989850678,1.7667100389,-1.41138534856,-1.38395407533,0
-0.913607714803,-0.330088163436,-1.18552880787,-1.00945302889,0.128737148732,0.212701223068,0.0670398765985,-1.76608968476,0.736599068184,1.70306798707,0
-0.141699963162,1.50896665152,2.06569902697,-1.4098279412,0.651423994094,0.754567274894,-0.0260620976667,0.668747140093,4.87759595839,-0.434284801883,1
0.625620706619,-0.637860329451,1.06697715051,-0.810194424254,0.122761479894,0.275574923431,0.655538907223,-0.0255579826099,0.971489697577,1.27287434034,0
0.0297545757327,0.923345481653,0.147624929119,-0.242666215942,1.43069912466,-0.624678341578,-1.09776276491,-0.900569433733,0.158183852372,0.155792947979,0
0.661703177486,3.28760707602,1.07160017454,1.20503953252,2.36065555905,0.837001016307,2.95306352044,-0.767127093359,0.763515013864,0.302125689886,0
-0.36902526751,-1.69280661234,0.702101467668,2.40982540139,-0.437954004826,-1.45795945063,-1.02812649202,1.27407979056,1.6316535266,-0.745508503077,1
-0.589478893455,-1.0636019426,0.723492524141,2.34636679409,2.51045414418,0.905673207857,0.731804239025,0.410684410305,2.77832716425,-1.974751484,1
1.40743609281,-0.287079378811,-1.01190996944,-0.533037501973,0.879988056614,0.0489603745579,-0.428148578,0.595082812864,-1.23861644309,0.694958705053,1
-0.265977857604,3.24223592355,1.58201859132,-0.246013691225,-0.555623957736,-1.59416319668,1.65445556547,0.324879593976,-0.242576297047,-1.46828994477,0
2.59168616082,-0.820505068245,-1.21037052213,3.65037224797,-0.348495326611,2.10016881116,1.72492998193,1.67302962435,-1.64058877996,0.53149794533,1
0.405873174024,-0.495701832922,1.88257391509,-0.446206015863,0.283292335357,0.205597093891,0.59367131993,1.74755385355,1.85962994444,0.53887815573,1
1.55439854648,-1.32074411904,2.70840808506,0.0974573475854,0.950608701016,-0.103527651152,1.64492723928,-1.37572474136,1.95044140425,-1.51288100249,1
-1.44847216679,0.071807284718,-0.679019038249,0.376934849446,-1.03188507677,-1.56291179358,0.969041324296,1.79636228285,0.787323452671,-0.2158920138,0
-1.27424892412,0.927111046205,-0.876085624345,1.16472462553,1.02929009879,1.21781826781,1.54170683915,0.0810071910757,-0.192760064434,-0.257975104567,0
1.8269399212,0.233714063246,2.17223089956,2.0217201177,1.08642172661,0.308474245231,-0.0522085867195,1.37923273437,0.325526998632,-0.765032499126,1
-0.450818135098,0.948468820118,-1.34217160418,1.86970222263,-0.127458183763,1.99172908191,2.86532509235,-0.393919097936,-0.347918201344,1.54603957618,0
0.600934372356,1.08401395439,2.3272970101,1.06818942465,1.70969815094,0.486222543311,-0.653679895574,-0.554682601228,2.20471837917,0.655009704398,1
-0.242109716352,-0.804077265994,-0.954851348497,1.50300005492,2.1808372034,1.26073125907,-1.82203311209,1.60785900689,0.700577979904,-1.64011669636,1
-0.842296737906,-1.55960162073,-0.979549278174,0.0548872264949,-1.13470218362,3.18687428465,1.29969352382,0.877997834347,1.45308113283,-0.753549784767,0
1.03652912337,0.883924413238,-1.28205380803,0.559443968095,1.95518115501,-1.1863555084,1.27173898172,-0.427446108918,1.02252489613,-0.821447759437,0
-0.895053635674,0.291871984235,1.53731106326,-0.906035376036,-0.824048832847,0.867186756288,3.36739798317,-0.747741142102,-1.3182341704,0.078040337447,0
-1.0157317674,-0.243560627734,0.286198554889,-0.598172691439,4.13663487993,-1.14948246192,0.282738712434,-0.565000113971,0.14520493896,-1.22188575515,0
1.3622793203,0.968913437816,3.84595878014,0.195990594136,1.2573661386,-1.22596597188,0.069625775325,0.180273979272,0.518551105684,0.067336648519,1
0.319867727504,-0.141513198617,-0.679432028991,-1.49521369829,-0.0939550500631,0.993271416566,-0.0856938754423,1.96756226051,-0.945699171081,-0.574198755414,0
-1.84526409966,0.104666899219,-0.024076826177,-1.56493613276,0.197046272028,1.28807737762,0.0062696772534,0.126869539044,1.19262620713,1.86324010488,0
0.764492322477,1.89608857087,1.29939922432,-0.543563579543,3.31977582399,3.08913635721,1.05738388462,-0.00174122236327,-1.11396477045,1.20351204411,0
-0.821339591732,0.582265246962,1.83566405493,3.13960845835,1.73421035123,0.562858292218,1.15481420875,-0.796634644035,-0.911180835213,1.75266347647,1
2.33820843657,-0.801062915496,0.000998855376084,1.71404891766,-0.137053662223,0.984543001808,-0.0141555730089,-0.763624024013,0.175396841729,0.620087476579,1
1.93541419587,-1.92098884596,-0.901832170822,-0.699262034725,0.0424069217159,-1.14165118907,1.15769451214,-0.982096903414,-0.681992186067,0.0502926949488,1
3.02588386595,0.904311582667,1.91667004739,0.42973812768,1.43866221005,1.49749270497,-0.362232436505,-0.688540839094,0.458172803889,0.678115848705,1
-0.268389362279,-0.168573559434,1.33171803652,3.02083398989,-0.129200432634,-0.760632261088,1.52199036023,-0.0778534229874,2.96858743338,-0.397422891838,1
-1.06321939099,-1.38717075974,1.00385405793,1.74071849973,0.905510079336,-0.381221488078,0.67358391342,-0.110534160377,2.18782238739,2.16740035708,1
-1.06995454325,-0.910812205051,4.30354136463,1.35368449774,0.250060625925,-0.812149263088,-1.03667862171,0.536411814789,-0.668106139891,3.80843241866,1
-0.796783183592,-0.699994258766,-0.329397831389,-0.158392284894,0.455765412082,-0.813505142522,-1.06772948625,-0.0067350492898,-0.865610904678,-1.76583255028,0
-0.519434591601,0.462672314372,0.991476381291,-0.344240344934,0.0108241427803,-0.254994561911,-0.856515953202,-1.04403919748,-0.894271159886,-0.628321931085,0
1.22787913907,1.84984638088,0.43025918065,0.343606198112,-0.727065564243,-1.15598068053,-0.425106125602,0.128496403852,-0.618644243969,-0.949644783073,1
1.60788914071,-0.555031500687,2.55239216117,-1.38691052161,-0.838762590091,1.90386161084,-0.448247486892,0.192562644317,-1.13380823715,-1.70048600765,1
1.24274806163,1.61941833241,2.10681864885,0.659559501326,0.910717966003,1.33462994186,0.603301644468,0.786726331418,3.1992725954,-1.62813624266,1
0.0497298423403,2.06062425205,-1.38341383409,-1.13500693071,1.50678495639,-1.48645330482,-1.0517892562,2.61957673781,0.26320826669,-1.1714042995,0
2.40371021332,1.23016152452,-1.82653493486,2.81101544312,1.01218343831,1.52002154627,-0.597745880227,-0.859556588808,1.18715794195,-0.16394373921,1
-0.104487040779,-1.14736447699,1.35326857575,-0.796514901323,0.128817715621,1.4395325392,0.494880416707,0.413456095936,1.88539303842,-0.817451429069,1
0.459636066109,2.79830300408,1.26311319513,-0.466078167963,-0.693994848365,1.48474307571,-0.0470187243615,-1.1962334446,-0.54262238316,1.34519668413,0
-0.952573188646,0.464637438499,0.406805789998,-1.30732236631,0.794811414245,1.79015705838,2.07998593383,-1.05474393724,2.72275318325,-0.251048578737,0
-0.804284692822,1.08024313131,0.443505657592,0.479817276312,3.89362828626,1.21283553887,-0.264387670026,-0.028232217295,3.08128210279,2.43720086239,0
-0.463345574815,-0.0101215525302,1.5318852154,2.06862663888,-0.422871695291,4.17670559221,-0.570752804219,-0.477329274456,0.752174052915,-0.582847516498,1
0.398098524116,-0.654018632724,2.03124521326,-1.1623192328,4.13071560571,2.02680996748,0.535548645542,0.4411570089,0.349684483081,-1.31854364001,0
0.512756951101,1.18833291262,-1.24499946297,-0.0533388531956,-0.597951729236,-0.665000365255,1.23103648487,2.92898443938,2.84765948415,-0.159910607504,1
1.90748676746,-0.462469937566,1.47519515211,0.921452414847,2.09782424793,-0.274537030563,1.06031502488,1.8973456614,1.65665197482,1.61036428395,1
-0.598807325345,0.281998549778,-1.242169665,-1.04437400521,-0.168792710157,-1.12070606867,1.05288081247,2.20371131176,-0.0386900866059,2.47995411612,0
2.412960464,-0.740409911965,1.35782346887,1.6667931322,-1.26993510784,2.79589687908,3.88532913522,-0.367611365573,-0.291372010799,-0.984550072497,1
-1.15249845373,3.97130930987,0.996513943364,-0.675229454518,0.940455824497,1.58796494376,0.659529293923,-0.701188351348,-0.970429140682,1.18287226747,0
-1.21161343542,0.173207555662,0.673569530019,-0.483350728613,1.03288592526,1.42021312731,-0.1471861094,-0.0217413625497,0.161634779813,0.195003869153,0
0.746266126018,-0.844274702638,0.439406386959,3.02941039442,-0.0033074162981,3.39395886326,0.553548516813,0.843109585543,-0.31842680879,3.27906908641,1
-0.410793860053,0.0698483921174,0.434283086665,-0.715546041883,0.745418894356,-3.98222890927e-05,-0.67064738814,-0.116973914091,-0.0511000784385,-1.56367344141,0
-0.112726098395,0.349491598552,-0.489181106985,-0.607043942734,0.0119472653716,0.156541586821,-0.358527740344,-1.15752286794,-0.228626381174,-1.14702432733,0
1.30473726652,-0.574262061467,-0.119862271779,0.61163407701,-0.584556749684,-1.54999735706,-1.76980748075,-0.444364781317,1.71915815634,-0.414894972793,1
2.97961677701,1.37238913195,-1.01020758361,-1.41439354627,0.233807426456,-0.43996817003,-0.908687825992,-0.750231377992,0.845985675008,-0.396709448256,1
0.755069255555,0.765226196359,3.68934544449,1.40290384219,1.66849345459,0.476847504274,0.132950059766,0.946133928431,-0.939370532349,-0.742011829363,1
0.792193470228,-0.0484914467328,-0.10712996253,0.152885163737,0.41382757127,-1.16698205303,-0.821589492669,-0.596562658417,1.93967377338,-1.11756260538,1
-0.896229346083,-0.688231365369,4.3687367448,2.85673415522,3.12213004542,1.33953511233,-1.31255792832,1.8376359421,1.48261968166,2.78368257188,1
-0.413009679918,-0.498567898059,-0.947387992879,0.698824905588,0.242903934729,0.0670509761846,-0.297891180532,1.79220115941,-0.968167207196,2.0550349533,0
