x1,x2,x3,x4,x5,x6,x7,x8,x9,x10,target
0.386531268251,2.03807809571,0.414399246191,-0.980593726388,0.925241086115,-0.580114380056,-1.01442709858,1.09662315113,-0.0754520312012,3.56843791145,0
0.279802025967,-0.747070569035,0.371446042829,1.84155599131,0.0481776680478,0.333760208494,0.271046821567,2.26409107667,1.30533630953,-2.04518291519,1
1.15589736255,0.575022692383,-0.305659895806,0.0289921504907,0.667400451977,0.594045947717,-1.45779778217,1.44565436276,-0.452905757446,0.00471638280157,1
-0.470120795864,1.21550808315,-1.64676608658,3.80707969765,0.0585819259189,0.842315249525,-0.124454314293,-2.75506652603,-0.354978107499,0.495188210417,0
-0.121979882019,-1.1906420303,-0.176790486836,0.631325105,0.294723540543,1.40431561881,-0.127996031237,0.760901889327,-0.149738085104,1.27167398536,1
-2.34374784056,-5.80199812272,-1.34083701527,1.88502645296,-0.0680977707671,1.22371150421,-0.421165304984,-1.68653199118,1.331150665,-0.505335121547,1
-0.320053059566,-3.26275629976,0.409664967141,-0.0468688490331,1.15442338007,0.362041301153,-0.165037522263,1.14161868147,-2.36839721845,0.126420828456,1
1.35550116346,1.19498665198,1.59493999196,-0.890290590885,0.0844592536335,0.765841780549,1.93400733773,0.0137817251651,1.32776263986,4.45211221299,1
0.549440019729,-0.859817154063,-0.15334262299,1.76258016695,0.549267641324,0.745871399694,-1.89473802848,0.601823551804,2.5203531281,-2.32663420185,1
-0.351100548493,0.752244265756,-15.8662622185,-0.632686032839,0.26888843034,0.271794445866,-1.76245730828,0.730049757784,0.659835731089,0.28064753296,0
3.68099050008,0.226144000678,0.113766174249,-0.424719956382,3.27798955267,1.14931315998,0.428097854744,0.122539157041,-1.41972019614,0.336112885119,1
0.226141425858,-0.383856918783,0.198285588798,-1.55130478128,0.502375185232,-0.495376637127,1.42924948508,-0.682873071933,-2.48009529693,0.75719676037,0
-0.0780132141272,-3.18495477267,-1.70493276621,-0.983098905605,0.847713478338,-0.202480840221,0.854124352292,2.47162892176,-0.61304105638,-0.636369977708,1
0.0375860631744,1.58605694944,-1.90250414023,-1.32248444936,0.228250114536,1.03857297655,-0.47044915007,5.57820262062,-2.35866073078,-0.786429538632,0
-1.49618650763,-1.50216723586,0.401436853574,-0.0188006388893,-0.0548790915301,-2.32383013073,-0.704827546032,1.62206430412,-1.01132842744,-0.340920673769,0
-3.63406201281,-4.05772814841,0.367179446197,-1.19674431339,-0.4971457076,-1.78245304742,0.516159615927,-0.405720004339,0.554950983325,0.0297696877224,0
0.72115550253,1.9261356948,-1.22922785855,1.43833402212,0.991719565123,1.05640064451,0.141742872693,-3.9467557144,2.15138852091,-1.22910314585,0
-0.694557041164,0.857869576978,2.8657632485,0.735685095277,-0.259989129977,0.922488374755,-2.23356423542,0.193004683803,0.0211694226939,0.983505645342,1
-2.87283720546,2.21543763572,-0.610908498901,0.636994328114,-1.65502460152,0.346978049448,-0.129405215042,1.15910232192,-2.23962357571,0.211345473533,0
1.16049849307,0.762537342468,1.44030730625,0.0922039261706,-0.227392789312,0.194416849404,-3.06250604305,-1.19230086941,-0.363373707052,-0.74633236571,1
0.0171624053163,1.35688734677,1.39959356029,-0.258350005444,-2.40564567245,0.350186055037,-0.00572173322731,0.652409321084,-0.853219773117,-0.632077753752,1
-0.971720305446,-2.84498963728,0.317727067938,-0.250668172285,0.538145519597,-2.22132476309,1.26923345754,0.369073247262,0.167047243775,-0.177217884369,0
-11.9191980274,-0.490250428861,1.1758994307,-0.493465946719,-0.811533204288,0.712682250403,0.669768506078,-1.55102308553,0.447699371335,-0.555661050018,0
1.03038854804,-0.870416532419,-1.66704451216,1.80430417561,0.730812199656,-0.129876377764,0.240439626549,0.0012278542099,-0.261075884004,-4.54578846056,1
-1.64610148893,0.324643174842,0.780290224294,0.120767260252,-0.105838473678,-1.93322979454,3.2077372425,-1.70174966146,4.75439574837,0.168051651578,0
-0.929061504673,0.489748203051,-0.66304501279,-0.983490938147,-1.84152971468,-0.541152037664,-0.913571889596,-3.6705882422,-2.10533347639,-1.82667885999,0
-0.122053182333,-0.421152035198,1.89904741769,-0.722878596015,-1.48711316784,1.59429880993,1.91178679049,-0.0285820476799,-2.50498765367,-4.11860324024,1
-1.40344183209,0.995393016204,0.828743121882,2.40306228966,-2.22701490136,-0.122558290198,0.168538093627,-1.0496679766,0.149612691692,-1.73269989123,0
0.19302502232,-0.237321541602,0.544264942222,0.83643070592,-2.13103730479,0.428722895648,0.337137547402,-1.95128684127,1.3340016109,0.415021753471,1
0.8258022635,-4.93034470037,-0.706880926217,-0.0350737182501,-0.365567988685,0.824664214854,-0.72109018646,-0.61705471174,-3.06369054876,-0.837936343498,1
1.86647905926,1.31057881347,-1.47039778192,-4.34577177118,-0.1712765379,-0.076385819429,-0.824127638968,3.1966536155,1.20568511851,1.91241866453,1
-0.916588588383,0.798582632286,3.12001045634,-0.751355420514,0.324763389008,0.555527106372,0.568094823331,-1.49145039203,0.149750983346,-0.872106876092,0
-4.39934132368,-0.874039231525,-0.409782473232,-1.24437304262,-0.920217379229,-0.224537000529,-0.124403022484,-0.78753323132,-1.08265905656,-0.307382241132,0
-2.51089582178,2.0351811429,2.97149957718,2.90763321365,-2.1953888036,-0.5550998967,-0.646225631888,0.541764285923,0.749763051542,-1.17845457855,0
1.9504409382,0.712585273687,-0.506113956859,1.43789643691,-2.95451392928,-1.7995889441,-2.39058529974,-0.425902554177,0.367273546363,-1.38429289857,1
0.224318635617,1.13398399976,-0.630421901987,0.716714047461,1.49540629477,-0.377931994845,0.900123295424,0.25412897749,0.839125168083,2.72308434784,0
0.0206038725339,-0.511220323764,1.613434903,-1.39933379866,-1.1136633062,1.58743007218,-0.325305221272,-1.55387485153,-0.627544523204,-1.03350285267,1
-0.514570925499,-0.0428347823212,-0.0845222822946,-4.16501715357,0.139104199015,1.76813487532,1.37487746703,-0.510554412491,-2.49940963242,-1.86276250479,0
1.95658136035,-0.797935599037,0.0280358883309,-0.0240790004545,0.363400960723,-0.869913496482,1.4863265785,-0.382149280018,-0.889013648893,0.572964299772,1
1.00964285112,0.930103657106,0.584239245945,0.0672174387217,0.446108814865,6.75471231028,1.06466304255,2.48446072289,-0.558027066788,-0.589986945333,1
0.823178203964,1.36409184569,-0.636509414077,0.752475755333,0.642614440036,1.142964924,1.24391116462,-0.878178375552,-0.432221270453,-1.96181390767,0
1.40008861652,2.40779058171,0.410981527501,-0.509195593908,-1.18615653877,0.199068349575,0.121649912072,-0.695155966888,-0.45924850415,0.0789692921659,0
0.757285160081,-0.943797898326,-0.452269069535,-0.569567548702,-0.902896401497,-0.34014119708,1.64253641926,0.38848834804,0.155887106134,-2.36887638088,1
2.60125205332,0.231880732262,-2.52069873143,-0.509626745037,0.271754462982,2.0898308074,-0.641593018062,0.59708736253,0.558205845139,-1.40354763057,1
0.641654038919,0.637040341157,-0.97060333125,-0.292182840798,-0.326769172819,2.90142754719,-0.34450990453,-2.8881402523,-0.183475358729,-2.48127406484,0
-5.8767227448,0.0169646344912,0.310473720366,2.61250694411,-0.72258895171,1.45942451679,0.155717129964,1.34791734705,-1.23226903984,0.752483207204,0
-3.18905001323,-5.97481283355,-0.290086328348,1.90238022516,0.0772226739665,-0.840515336932,0.250231787865,0.959434064204,4.26078187624,0.762529609971,1
0.06117060404,-2.11889340264,-0.564496442251,-3.84129841676,-0.293806199776,1.64622471264,-0.527483081885,0.21134285154,1.64218836875,0.480792679075,1
-0.29289774358,-0.549789299844,-0.642053903109,-2.21281969735,0.521925658201,2.05292878041,2.11919556722,-2.12094403767,0.583927127618,0.505651855213,0
-0.392859009637,0.54495275372,1.88415409744,0.747372480238,2.29101993443,1.00752566414,-2.00620963083,-0.37744250392,-2.14537104493,-0.297304038451,1
1.60883386472,-1.59405727964,-2.19801136986,0.965287277465,1.10748369872,2.09878833959,-1.4560182312,-1.99115714332,-0.173606145533,-0.369766715746,1
-0.389785339991,1.98094785143,-0.486483197176,-1.97946185224,-0.788820241721,1.38213006852,0.0866074051702,0.210704471825,-1.84023691973,-0.626328617672,0
1.28129522707,0.117164210691,1.1040152494,1.02330872562,-0.392776843565,0.295018421024,-0.55259548015,-2.07741136623,-0.599066293036,4.82639993003,1
-0.041842827284,2.08393038821,0.520059693311,-2.22051242524,-0.537994097677,0.822015383084,0.374296163486,0.854861162163,3.50195058128,-0.393750385524,0
0.149529800226,0.595011850369,0.49645012645,0.294357591831,2.4455436076,-0.318035096511,0.62279902719,1.55451798329,0.352220057979,0.383766245788,0
-0.942220926834,0.233309503087,-1.77709098469,6.60284237649,0.85074946414,-0.760375229303,0.30931425639,1.64451644132,8.61976991734,-1.36255688999,0
-2.37887785291,-1.24450694867,0.922899234738,-0.078879760799,-0.54738642097,-0.264434503847,2.63908432116,-2.17148099184,0.44501021059,-1.78588971971,0
0.727228998611,0.814556705902,-0.697116298201,3.75156612748,1.12462071897,-0.351860275032,6.6096866189,0.565797813247,0.35824517805,-0.122919477192,1
-0.881652583253,-0.467456403878,0.724868985534,-0.848260595387,2.173565847,-0.288892620292,0.184415252107,0.553710481861,0.306099084326,-1.64832048245,0
-0.0783325843005,1.56504730393,0.040278489236,1.76463639019,0.408290255173,0.0322370103203,-0.343892801173,-1.03862242671,-0.0957849895986,-0.305740754547,0
-0.628290490571,0.308942401381,25.569784582,-0.504699150449,0.807336339684,1.06135030913,-2.36708858798,0.2169805845,-0.242819423501,0.351595535867,1
0.116331849601,-0.49222647257,0.372756775376,-1.9674569695,0.788027673507,-0.0466564487556,-1.81398518905,-6.47449467205,-0.117017841413,-0.395295044225,0
-0.293239213153,11.9746825477,1.38405997173,-1.05594149367,1.60993877486,-1.35867697505,-0.439189940517,-1.80321495842,-0.423934126961,0.267421829507,0
0.504169703188,-0.668054518597,0.0481362458715,3.61660399661,1.62459573114,-2.33471330172,0.00966966151944,1.47789764816,-0.69281262339,0.704021428757,1
-0.37424264732,-6.87370102199,0.374618882791,0.537997732478,-0.505392744435,2.60084423679,-1.12484798846,-0.379165594879,1.17418875664,-0.105258404761,1
-1.94411732839,2.78819466337,-3.44964574649,-1.67070647172,-0.931009004886,1.27148471515,1.43623714959,0.146817856458,1.6370198716,-1.0008235204,0
-1.98590476768,-0.775350815411,0.968850099479,-0.0662477194329,-8.63965868231,0.776149352285,0.222656673805,1.2656908553,1.79300643884,-0.0265809284607,1
0.915141376292,-0.181235067017,-0.897063695475,-2.15202059542,-0.0706694873667,-2.4043014075,-0.518162691983,6.17775872335,0.503849620679,1.3055473937,1
-0.427570116105,-0.563408228629,0.205552065072,2.35425727617,-0.728127704853,0.586727537692,8.92160279948,-1.37150304125,-0.926034701986,-0.766937670852,0
-0.356859947556,0.485296113084,-3.44425577995,-1.51441201657,-0.895367407642,1.33735872398,1.3120705462,-0.223691108726,-11.2144948608,0.00896837947275,0
0.898431125924,1.31293985683,0.0552422612683,-0.497168883816,-0.955642673818,0.8525516031,1.37859552308,1.51740888992,0.32262932953,0.557130762644,0
0.21121902188,0.105461452602,0.5909640446,0.582634131319,0.535754646912,1.03906945645,1.18637585146,-0.150233836717,0.225039150006,0.452888372866,1
-2.36137945833,-1.84258622083,0.107374623607,0.00356550955133,1.76183827039,0.160678623312,1.62577886272,1.25449705905,-0.1201967083,0.224708142833,0
-1.13134938431,1.27095205842,-0.752093764742,-0.389787881216,0.181033158205,1.6655906144,-1.12996697466,2.55443318159,-1.2255960009,1.70263482144,0
0.064362714451,-1.09700545811,-0.273411286093,-0.168135688919,1.67809035548,-0.10248435118,-0.805685571606,0.431522385672,-0.132546807678,1.20603076205,1
1.16638071107,0.803867278728,2.19113342487,0.000590568034255,0.35019208772,1.90159794513,-0.0730670705374,0.172918432171,2.58736146497,-0.923049291892,1
0.991110905601,-0.345351718808,0.116364719427,-0.915720137534,1.28013205744,-1.41252712729,-5.0484567008,-0.697922386239,-2.36124815315,-0.730134487665,1
-0.0584926382753,-2.72754973067,0.762550129332,4.0397385665,-0.911681509182,0.102632734146,0.256596648965,-0.123546394759,-0.0518357571299,-1.00658078495,1
0.426810630083,0.683969055584,0.141001900796,-0.582604774941,1.15196355604,-0.337812484102,-0.527444592724,-0.255694372458,-2.67962724229,-1.83877272569,0
-1.60419450949,0.927126479897,1.29002578857,-0.354405543928,1.18957490374,-0.0931679804088,-0.458980450045,0.388664402723,-0.145574680893,0.69508465796,0
2.54022073062,0.309106133748,1.23342411256,1.76217546435,2.14966604686,-0.567302967035,-0.957925397615,-0.168305080694,0.597936343318,0.535828574565,1
0.229079792628,-5.66188238837,0.764072375798,1.09458156647,1.51492201119,0.765475399006,0.495089741158,-1.68809503589,-0.418675453956,-0.42166488958,1
1.0419378551,-0.540820376668,3.02063721402,-1.16532109027,0.989652711671,-0.224488738731,0.275730867804,3.54573146312,0.676060969819,-0.599581156616,1
-0.172281878298,-0.627830111137,-0.207230206098,0.099560353214,-0.15743042621,0.361823988277,0.248809745746,0.952923329089,0.719349633291,0.16602213641,0
1.57073865133,-5.14614721962,0.983759458004,-0.761438131706,0.898975197934,0.44693664553,-0.815013721555,-0.514692349528,0.10731012231,0.702385813377,1
-1.54829390756,-0.130492783872,0.316807567961,-0.129095707014,-1.86169223683,-0.959028398869,1.18678165766,1.0953945518,-0.0347936647906,0.689532481633,0
-2.45358306492,-1.53961185779,0.211566432139,1.48416703821,-1.40441001605,-0.122818110405,0.110629821572,1.13330010742,1.52274500678,-1.55809040862,0
-0.405181981381,1.69954636209,-0.174213606411,-0.854438059125,-0.0766187730011,-2.76971521904,1.38677565442,1.36470802411,8.16638504852,-1.3545340344,0
1.05781911513,-0.544941058243,0.773832832445,0.140789220569,0.328095434591,-0.688800234991,-0.515444203774,0.394781254768,-1.4900063882,0.83763518016,1
-0.117430945266,0.1500095135,1.25344065117,-5.43575894557,0.0695152297513,0.58812902261,1.84793375724,-0.704249655665,-1.00595825536,-0.858789248652,0
-0.337835884669,-0.165694411363,0.580337339034,1.255841756,0.0537366320436,1.86255698843,-2.19156798025,-0.793232150383,-0.876345035212,0.578429208278,1
-0.150474049318,0.98679109321,-0.868840134314,0.914233292589,-0.590074535584,1.69353785536,-0.25320140621,0.577990765682,0.131602239253,0.146665244547,0
-3.15457354822,-0.534343282356,1.52775097721,-0.68036794724,-0.522913505567,1.1469443335,-1.31311519001,0.454923653314,1.5737819393,-0.813736748944,0
-1.35251510427,0.448883517677,-0.946344968491,-0.413265258993,8.20016772622,-0.136849833316,1.73768178384,0.353496756344,2.24698597908,0.466882092256,0
-1.66519172278,0.0479958177755,-0.46873012706,-2.63287809897,-1.55825035127,-0.417360132853,-2.08845434641,0.492512226061,3.35513461126,-2.97247063863,0
-0.0273372415768,0.528570665823,1.4094333353,-0.318664784291,1.58857550194,-0.89725043209,0.390525950256,0.370366633445,0.695916151211,-0.269779736074,0
-0.405136539793,-3.18608495977,-1.68861097528,1.3759537457,0.973350549048,0.232533650306,-2.92589090983,-0.13827780344,-0.287131380243,0.925294280217,1
-1.76792176509,0.355350772149,0.435670015828,1.06035790996,-1.01845128741,0.941326823519,-2.22224489517,-9.14490849877,4.80490196522,0.610772454917,0
1.81372983192,0.213492823642,1.67362351974,-2.16193956358,-0.384095157944,-0.470137741776,-0.255570508332,1.38652127899,0.919248900019,-0.562566339431,1
0.549241055514,-1.78090990271,-1.49398258603,0.0179913789629,-0.619069499702,-0.3497025816,-2.99709356216,-0.940565014004,-0.342687182828,-0.940705223646,1
-0.706610878853,4.01457927408,1.80727497653,-0.459494507707,0.0133191071777,-0.126160812418,-0.0510658152384,0.165182481014,-0.0575410080777,1.27937882559,0
-1.34409879131,0.392157972491,0.327857539467,-3.09514918597,2.29450676833,-1.5205409251,-2.62277016508,1.27733343556,-1.58230950283,-1.15929924369,0
0.195317579621,3.37758830268,-2.18314857734,0.656651671149,-0.443740545238,-1.25009017005,2.64900447332,-0.575326979757,-1.25254785648,0.11025918294,0
-0.719064887075,-0.498459701228,0.230729882914,0.2341703198,-0.125665294164,0.108060696181,-0.0310259483197,0.404428215224,0.0477042380862,0.591964701902,0
-0.472744537109,-0.88725899368,-0.336802824936,0.463712329335,0.527980174335,0.871718068118,0.0927148559141,1.09430800576,0.698513514174,0.150550386928,0
0.524808767254,-0.967750130803,0.139400555679,-8.98551972997,0.613404796227,1.22434945681,1.16009575259,-0.454616314714,0.804659126553,-2.07643974914,0
0.535287838092,-2.07550263163,1.04694516281,0.841455327046,1.27886428155,3.25063146845,-0.126260876887,-0.365213313197,-0.205722551669,0.768770107151,1
1.18202907474,0.458439021586,0.24830776741,-1.01342056489,1.60867730751,-0.884052299082,2.13407483609,1.11435665039,0.254152324208,-1.64252862289,1
0.207066176081,-0.308703058091,0.588335492412,-0.178983349521,0.579050072172,0.644881138075,-1.08890886054,-0.902381400995,-0.522538268594,-0.0735441349151,1
1.03125256109,-0.671046124293,-2.58271730074,0.276437677424,3.20697089591,-1.72005398442,0.847979665247,0.985312116062,-5.95429397317,-1.73420698846,0
1.42877074624,-2.17075694548,-0.42202146882,0.298647498773,-2.70204224112,0.257880770249,0.998827122202,0.0689694758066,0.108263142349,45.2648143105,1
-1.55608017599,0.631853032123,2.14232313836,-0.979549090838,-1.17655781369,0.501412920943,1.37977107535,0.455428231551,-0.234123352787,1.02543118089,0
2.72150817104,1.0075549558,0.78545201334,-0.173598394606,2.6684657682,1.34049990076,-1.21508641339,1.63048347097,-0.274118878906,-1.0432584264,1
0.0420661029871,-0.821787119063,1.31219068438,-2.51416044882,-0.807812978509,0.840477742718,0.603872918312,-0.365551201949,3.09269705006,1.38582171232,1
-2.21285101115,0.281005975169,-2.77218181914,-0.463424053799,0.57339288332,-0.12574042527,0.15077404633,-0.142002546405,0.132692700567,0.904135303711,0
0.265851737096,-0.772317459783,0.00881440307001,-1.48436309133,-0.491415357824,-0.736947394767,-0.359856367262,0.442140832451,0.355630004617,-1.61619580673,1
-0.596949208037,-0.643272821275,-2.2283309477,0.00235596454109,-0.315910702549,-0.923330902958,3.48224296965,-1.04588847858,-3.36362306751,4.06854260872,0
-0.21249703016,1.45696720577,0.30401387178,-0.332270071995,-1.39828819295,0.110619716848,-3.28468591139,-0.446425779842,-2.96192906628,1.86248473477,0
-0.423889017282,-0.670117370628,0.0539526830798,6.61691996273,0.747172021403,-0.405118715397,-0.38721003061,0.342437176898,8.8351993973,-0.668690190796,1
9.91169582686,2.43477981112,-1.72082605889,-0.134890684458,0.600098112293,0.357901869592,0.722254593915,0.660214136262,8.49341318066,-0.106947781529,1
-1.39048527903,1.4087322737,-0.202933363538,-0.108743363054,2.37219148649,1.35430640347,1.31606182621,1.03149066671,-0.419171284776,-1.49741195151,0
-0.183521768612,-0.666970399642,-1.98309019528,0.300856899734,0.667807516078,0.90247948236,0.0105129005474,-0.374836445624,-0.997951407577,-0.0358446457353,0
0.420948642754,1.4149196876,0.026620142266,-0.019636122721,0.29062808439,3.7992170104,-1.36825717723,-0.778757317189,2.79951022431,1.51640493477,1
0.00518294793717,0.757391737797,0.0305948704072,0.235059131799,-0.801566733787,-2.22051936476,-1.83455417357,0.563635942965,1.51824610812,-2.32349338793,0
-1.69934475066,-2.52664251538,5.50712373541,-2.07047257783,-1.04994189257,-0.42272473453,0.250647952011,-0.806583845015,-3.0681262035,-0.13527049703,1
-1.01001437714,-1.32441336053,0.866162436144,-0.292600594386,-0.941016383704,-2.43478667534,-1.30648091021,0.37900086198,0.536748789011,-1.5699373917,1
1.22483069169,0.311113804648,-1.06360765275,-1.46631942999,-0.299106377069,0.36300441133,-8.0576564473,-0.240761144741,-0.597089382882,-3.36092550854,1
0.357001910065,0.813748293389,3.22204884987,-0.746060890974,-0.0963742072101,-0.383741836143,-0.333561466813,0.0789332359558,0.248217546339,-1.15616810075,1
-4.89433227113,-4.33251513493,0.534941966299,1.51976068435,-0.444059709838,-1.73117036082,0.640004536493,-1.4353889572,-1.09321985277,-0.846445441502,0
0.904580610517,3.37523065217,-1.29139824249,-0.195301037027,-0.561377026781,-0.963925078483,0.475815541689,-0.603797549288,1.17872631334,-0.610479710144,0
0.716637246003,-0.483389702815,-0.315552263699,0.182512651279,-0.625972578629,-0.148881727728,-0.332389769335,-2.85597028994,0.493897256487,-0.430413049074,1
-0.350298806961,-1.98775614683,2.39413465651,0.0233126442287,-1.43116415057,-0.297507311575,0.507654258986,-0.132205785948,-0.146716336416,3.31309837575,1
0.298363380382,-1.22445159512,0.00821694518659,-1.60088676266,6.92900469711,-1.3036906982,0.0229043527337,0.165331275152,-1.19055814716,0.558891248626,0
0.594713505029,0.435492515657,-0.350470136525,0.275396526344,-1.18086043072,-0.756628703952,-0.530506832953,-0.0552568063448,-0.669117245244,0.383690367106,1
-0.940443752475,0.534449733418,0.0519503189062,1.00457460335,-1.59743097889,-1.14490835176,0.443290034164,2.9019363553,1.3953813604,-1.19048571685,0
0.55319419764,-0.406504785199,-0.0690688464512,0.742672647155,1.42180742238,-0.77323106995,-0.740382689836,-0.595478551125,-1.39352162407,1.075849732,1
-0.299476023424,-0.824706030971,3.3432977435,0.148167116797,2.23723165698,1.56332753931,0.673739666076,-0.727347138561,-1.07412736948,0.600436389395,1
2.19741920418,-0.616078118673,-0.298772542231,0.881099898374,-1.03843681988,0.518422585315,-0.418878567903,-2.69618314446,-3.45500267434,-0.630107876024,1
-0.855429912193,1.85433307824,-0.669107708024,-1.10593480537,-0.0187792035694,3.72748726052,-0.334014003418,-5.25068652986,2.07867824061,-0.462236040765,0
-0.50601134629,-0.690135330758,2.16983066441,1.25920668249,1.36747104316,1.75968913338,-1.36054718136,0.585877324101,-0.239803938066,-0.0919571835476,1
-1.0583978555,2.39943594885,0.540855607081,-1.22983273151,-0.789607664761,0.382885055508,0.254111269356,0.137428069898,-0.269628206012,0.444637035381,0
0.462225799137,-0.392271258128,-0.0335090402979,-0.514943093779,1.80506052378,-1.53569342861,-0.917948617506,-2.68024693435,-2.27584399194,0.447000209733,1
-0.607177932579,-0.0611868935645,0.199109945921,-0.511672454722,1.06842848531,-0.00108231641451,1.79956190429,-1.30514774348,0.88170321516,-0.0176118345296,0
-0.925017564345,-1.63552057326,-0.307213842072,0.488466647442,1.40772123583,-2.86628383881,0.643846142776,1.48421830027,0.471594477917,0.742094724061,0
-0.519500226593,0.877794935298,1.55875665679,2.99062536421,0.0172781616954,0.336751176487,-0.709419014851,0.923722268145,-0.616652836904,0.215974963992,1
-0.216036987174,0.256964226484,-0.338216289757,-2.07816402847,0.613013886126,0.922750157187,-0.0384523183905,1.19970372283,-0.318927028762,0.336754954476,0
0.619516851708,-0.0726492870221,0.64356469996,3.16679465033,1.69452902076,0.427488722066,2.70456600639,1.12020448248,-1.65031429718,0.922060536882,1
-0.904989826867,0.496973167412,0.320339246633,-6.03602276054,-1.21380901055,-1.53180723327,-0.45004398569,-0.42220124538,0.800205581088,0.661884163286,0
-0.876145868167,2.35275276746,-1.71954582422,-0.774562766886,-1.57251791377,-0.196342325165,1.26911506568,-0.854256843348,-1.2442057739,-0.605390491124,0
-2.4654178581,-0.409021593495,-0.520960888478,3.82473386654,-1.03994664421,0.430914087513,1.46491909833,-1.43648264611,0.373551616771,-0.069909805438,0
-3.71547427983,-0.677336747562,-4.93638515747,1.64072296616,1.14091254654,0.0443647230211,1.90183786413,-1.01231458041,-1.05863528523,0.519583392153,0
-0.662655309852,-5.61543085522,2.84421672111,-0.473649315262,-0.832396204345,10.8258058912,0.692179501978,-0.192738398109,-0.371572614918,0.414446260635,1
0.235197656941,0.452066508308,-0.19582506383,1.60635953684,-1.42684385564,-2.37612835191,-0.371589611152,0.575993471616,-2.71063808021,-0.399226696702,0
2.22689917211,-2.62654510809,0.172204043373,-1.92895760846,0.321948769072,0.0116046416197,0.711075314033,0.138845246771,-0.33521816893,1.88153481767,1
0.759488804902,0.755915292764,3.66893432444,1.64997574853,-0.0737610197515,1.14058347939,0.48972006694,-0.988365766738,0.557185567822,0.551105644827,1
-3.57371593879,-0.0725517346639,2.03480302468,-0.11643285615,0.217925885669,-0.244912637855,0.110683702626,1.75832092528,-0.608892567123,-0.10103289332,0
-2.99687437839,-0.452003002805,-0.54155842041,1.01058666986,-0.454202702863,0.732057512735,-6.18505443769,-0.15066403684,-0.559074281885,-0.0323235008571,0
0.608338011798,2.11879202366,0.134774694399,-0.58694474296,0.246514531023,-0.272497644205,1.25214089507,6.10308732798,-0.318091979655,-1.31699076624,1
-0.964111557822,-0.300604397655,-0.884806048897,0.517702997043,-0.323074715065,1.10655248182,-0.175285588397,0.87293129204,-0.78970268266,-1.34397220478,0
2.91754272424,4.08026584365,-0.481901037634,-0.234112599965,5.23816013624,-0.984563781706,0.251536193924,0.397943371865,0.813969961871,0.408047164389,0
0.821712047178,0.898806178785,0.339461434615,-1.53834475485,0.5832924877,0.147076578303,1.55670383799,-0.940830030282,0.431066025947,0.55046477867,0
0.877079171772,0.304966418226,-0.974129327592,-0.0613148189976,0.544550790206,0.0566671666119,4.75640144408,0.485043985614,1.23449588401,0.0377925240175,0
-1.2304544661,6.72965257807,0.166640966293,1.11014855844,-0.29458841772,-1.03629163699,6.59994800349,6.6119055219,-0.0368291423024,3.49075229031,0
1.21347626059,-0.71878318778,0.354341202427,0.179291730676,-1.90166925384,-0.384794671849,-0.985558258153,1.51144487824,0.348279118932,0.837398662334,1
-1.8636583137,-0.749336110276,1.99477205051,1.83024503125,-0.274874420736,0.602310760146,0.406848092896,-0.0516364395698,0.28382052702,0.276828342461,0
0.445130891484,0.491688849412,-0.742202070472,-0.115520071046,-1.83761221409,1.19183821,0.11788554896,-0.24860212457,1.37464866697,-0.286003983492,1
0.338256653431,1.00178589428,0.103247796685,-0.592006160583,0.289204569181,-0.469270747845,-1.62764379801,-1.87981604992,-0.564451422133,-0.700871869466,0
-0.586767425349,0.682094070163,-2.02909384265,0.541504126825,0.0806720806462,-0.58629329533,-0.12096908671,-3.19744069324,0.075776676725,0.504835274849,0
0.0609264392205,-5.77212928083,3.83339857624,0.0150369804498,-3.54221567566,0.374834884563,0.504871025915,-1.31749374985,0.425438947232,0.871186242892,1
0.011988521664,0.219924931455,0.783641207916,0.424546491831,1.73208995473,0.508074611535,1.2583283306,-5.17577750198,0.99225159246,1.20002281608,1
1.57960298835,0.899935985277,0.436198034949,-0.573392299975,-0.0844634487418,1.11719048798,-0.205657950538,3.10854898536,-1.6441480945,-1.14883336128,1
0.244330417986,0.380145142474,-1.26378931079,0.430801169259,-1.66307186937,1.55832229808,-1.43039133381,0.566196383716,0.252696192115,-0.726754626903,1
0.721099222046,-0.960835595012,-1.12440802587,-2.51304186379,0.307088386733,-0.0960490583174,-0.0532748153606,0.266885476996,1.21954896064,-1.47307325282,0
0.897363146755,0.374827680829,-0.0912242640845,-0.273131210569,0.829328967607,11.3856309074,-1.61445217833,-1.60977492924,0.156285891072,-0.412878224646,1
0.179693838692,0.245266387907,-1.85921500618,2.04583765977,-0.311153307299,1.97469777024,0.75948141121,0.599684623156,0.88002875932,-0.623857102854,0
-0.64405086337,-1.57040891057,-0.137443381889,-0.0858282932558,-0.210329588387,0.477801618966,-2.55322181995,-0.76159075379,-1.96246595291,5.12098924487,1
0.261695709525,-0.488973742662,-0.049773324464,-0.763323234824,-0.756765468017,0.974970301366,-1.86979374653,24.440291505,-0.274860035769,1.54269719162,1
0.989098450854,-0.251851161614,-0.417370613951,-1.23702062474,0.744714924943,0.219000560749,0.74541209235,1.00584120372,1.15016655055,1.0001502576,0
-2.48661533952,0.704756129212,0.831976757716,-4.82426138608,1.62939168043,-0.109677616553,-0.428392026368,-0.485662508818,-3.71876905456,1.50238386863,0
-0.466000861706,-0.778894966234,-0.513163951095,-0.635656661206,0.519403345771,-1.19547053687,-0.178151864144,0.183109905453,-1.28832372751,-1.40871025822,0
1.11641835142,0.132969710638,-0.302477606898,4.89317549562,-0.179247077243,-0.578288768043,0.441676192612,-2.24727440976,2.41986718877,-5.89998894819,1
0.443271827453,1.31933553307,0.27493657437,0.191447039562,0.45162840746,-0.180020506294,0.929232772836,1.78359654949,-0.836794303712,-0.343436578538,0
1.06560211551,24.9349869084,0.0584659187279,0.853401722743,1.32947277752,-0.103289179611,-1.48754088289,1.25517024795,-0.797871290493,-0.494970052119,0
0.603154884601,0.109403743252,-0.842289299521,1.17546513801,1.16132233987,-0.306175552587,-0.366415228053,2.07412826185,-1.64151396652,1.09886160425,1
-1.31921121525,1.31090197542,0.912669926972,0.346614685372,0.194562086142,-0.501296490637,0.147692290213,2.0457143867,0.234012091754,1.21775544738,0
-2.62202326468,0.108266128188,-6.81005146171,-0.401649836204,0.946490853634,0.317035223497,3.14579587349,5.34242211714,-1.10757146507,0.786731065993,0
-0.00266300133777,0.97585346493,-1.47569493296,-4.10682009478,-1.44377341506,1.03305576919,-4.68481073577,-1.31642642608,-1.60415846734,-2.76098550499,0
1.27136843425,0.521203249267,0.823272418418,-4.0340321846,-0.0649547088145,-0.985056892633,1.31065741745,0.689178358144,1.2049233648,1.69158296,0
0.816359249183,0.955470323555,-2.55645315894,-0.62834343713,-0.122003676346,0.262456931003,0.200279959727,-0.357797128871,-0.277610954185,0.857741559851,0
1.54558558237,-0.120396121429,1.10579061117,0.149199427324,1.41148659807,-0.132661236367,1.78104811227,0.401562799971,-1.43553515219,1.01301534529,1
-0.727343096206,-0.41057877084,-0.0141832875298,-1.17366873359,-0.704378169827,1.50849766041,0.293353399155,0.934673220459,-1.98438028773,0.394788692624,0
-0.51700388798,1.40624503893,1.34217000296,-0.195635255071,-1.72412215267,0.142784274452,-3.29666649222,-0.651932833753,0.161694784627,0.309777786637,0
-0.264381628061,0.192927329355,-0.967653831554,-0.390572365017,0.042982994593,0.79058192931,-1.0483657512,0.00177950706906,0.813016157175,-3.65325493956,1
3.30355565153,-4.91831079435,-0.526642780146,3.35845688374,1.1371833315,-1.4753620811,0.359418691481,2.93069818246,-1.53300245933,1.28906715261,1
1.01937914199,0.303825005445,1.27065389411,0.733405927139,-0.433752559251,-0.93079178634,-4.15367515113,0.19366882552,0.256811668746,-1.02803876142,1
0.20007553701,2.62514378134,-0.488475114774,-0.748045923486,0.630889134502,2.58898931243,-4.25554008323,0.313354927637,1.67883553797,-5.63617757154,0
0.416588776549,-0.663329047468,1.00102878945,0.991954423418,-0.577606001792,-0.965994872553,-1.79984043871,1.05213395864,-0.70380088937,2.85432693026,1
-0.363306826894,1.35995971914,-0.888463356376,-0.0476032611639,-1.44413087362,-2.15579748821,1.93669433599,-0.199318385495,-1.22889826847,-0.189340229048,0
-0.306593053366,0.061853480523,3.98765354541,0.502104702925,-3.2625685884,0.252436099795,1.21338593825,2.50123498112,0.622254483611,-1.07841996578,1
-3.92331420766,1.81646761993,0.728959005294,-1.34010822187,-0.337009062155,0.0242221169436,-1.0114561218,-0.884094254262,-0.65136485031,0.930245476687,0
0.722666487145,0.653147556369,0.186591314021,1.03970665709,0.726556054929,-1.54429913702,-1.00611509425,1.25556479641,0.709408123339,-0.320731708584,1
3.4471624473,0.344567115358,-0.169898660506,-0.0616347120695,0.492908463345,0.646537981163,-1.57355102709,0.413052899619,-0.500951261756,0.685242140771,1
-1.23031364773,0.819500072216,-1.65545690962,-0.37711747153,-1.80300422969,-1.35326312281,1.47192681861,-0.361706140132,-0.956565338434,0.440806183962,0
-0.528293823901,-0.32575998053,1.16454054101,0.545276626866,-0.21661458839,0.691590828274,-0.341730422386,-0.0958075645468,1.26569099295,0.832482970689,1
2.78590142992,0.179538730854,-0.345724524529,-0.147834338422,-0.705941361281,-0.50045266427,0.337499157704,-0.140912927376,-0.708178228939,1.81097653787,1
-1.46395693195,1.94884951487,0.401024811098,0.782425003146,1.25845648465,-1.11338000146,0.111698251562,1.17115484835,-0.796498300846,0.52771648376,0
0.535018757061,-4.42343360195,0.881602209199,-1.10323283592,-0.900900356704,0.524900336794,2.46997527724,-1.09138043251,1.13615293811,1.9633409408,1
-1.4354100709,1.36887476018,0.022350327022,-0.75695538116,-1.11313509972,1.31138917883,-0.365129440973,-3.19014992761,0.514101944413,1.21574238611,0
0.205022010705,1.76188354221,0.415666407426,0.828445682821,-0.317931314365,-0.450910830415,17.3413447571,0.0130436066758,-0.209675454388,2.62838113065,0
0.189165224879,0.222878970189,-0.246652960189,0.0277307753923,-0.592390564001,-0.9774149623,-0.568766371187,1.40644205643,1.36574256615,0.748947922797,1
0.339762639717,-0.419436272517,0.453027819393,1.09504852159,0.671709541617,-1.27013006022,-0.232831696067,0.421214078603,0.495248340181,0.613047594417,0
-0.375895502209,1.3667061795,0.832011913195,-0.0249516416448,1.53046609422,0.363431823044,-0.905900593026,-4.11205962508,-2.48152154766,-1.38665034826,0
0.623667279665,-0.818148771287,0.663129437765,1.31364746522,2.32733862541,1.10512376486,-1.57626908168,-0.145135856581,0.134175001437,0.302622645765,1
1.60053970536,1.04442687299,-0.0170865177971,1.9890864492,2.81255167553,0.0107084889156,0.715867446082,-1.35130385219,-1.33403848091,-1.08744955142,0
3.09504978514,0.442494482296,0.975656572076,1.36571695158,1.98712249282,0.129855089717,0.287774928925,-0.654566169438,0.560914709218,1.02900025483,1
0.0345463040576,1.40004338688,-1.91633916506,2.87119746353,0.432077362403,-0.492930131178,0.0264814152503,-0.851132675527,3.68697596018,1.21333617041,0
0.554826617655,-0.901002432212,1.37241502846,1.48677907213,1.31920791771,-0.0974922964504,1.38723324939,5.97641961131,-0.43367478613,1.05692952052,1
1.74114738854,0.0104395063292,-0.525588404016,0.51271904569,-0.358774692122,-0.172985931634,0.104953075718,-0.713739348131,-8.91787095289,-0.63152112859,1
-0.197084548232,-0.914069363508,-0.109771298275,0.740171988226,-0.342826782826,-0.248537276048,-0.881423162877,0.376252768692,-0.346412421482,-0.209266868443,1
-1.88066123358,0.553895895233,0.834672826256,-1.1859191046,1.12863289225,0.0220768796848,0.89814329943,-0.75867777738,-0.390650694456,0.426593893637,0
1.41018909794,-0.519785377779,-1.04729090952,-0.00109950463353,0.425273722066,2.78599954269,-2.83363499846,1.04832113757,1.29741759173,-0.533834192889,1
-2.84067350652,-0.708725402166,-0.270730662684,0.0137598690941,0.555879573058,-1.38824585756,-3.37624725807,-0.0912719819237,6.73073542898,-0.173982145809,0
-0.38855634427,-0.329588436155,1.7401643819,-0.784587557907,1.35941746422,-0.975629045402,0.180734510707,0.152671497154,-2.14424738074,-0.0318558131895,0
0.55417692128,-0.941460156514,-1.87519408077,-0.696231786164,-3.13923907344,1.05947295775,1.33538709761,-0.257805082216,8.52777963325,-0.326149789107,1
-0.293242262238,0.943644001015,0.305934890885,1.75881856408,0.225611910204,-2.55493004138,0.88208410505,-1.0227835412,-1.1126013441,-0.470548156219,0
1.54147589425,1.0485120953,-0.394747157684,1.70643507218,2.63281265049,-0.200945808762,0.448757847889,-3.5366697074,1.66912321921,0.230094359365,1
4.29679431008,1.71176666239,3.12810754737,-0.26964561337,-0.390627089375,1.52721956322,0.772669365277,0.116642664156,2.51884121451,-0.41292546455,1
-2.28774377845,-0.563042967026,4.08745334357,-0.271439487413,-1.3845864364,-13.3433926833,-0.151067983749,-0.355166077472,8.87209457423,0.329093333244,1
-0.601655604479,0.38111097761,0.536964791059,1.86314838187,0.701294496197,2.09410509562,0.219418976322,0.787934397031,-0.995941080254,7.38022056255,1
5.89858726165,6.67990560254,-0.15952941492,0.475004847693,-0.178137049284,-0.246155989957,1.06979497197,-5.03657297867,-2.79764640662,1.25346800704,0
0.288612482182,-0.659332173328,-0.858493568283,1.28702941782,0.806238864627,-1.5355222153,-3.96107931318,-3.01440705172,0.0907457724266,1.34736488738,0
0.242215605635,0.640067764765,1.43638388947,5.56030046992,-0.706751306518,1.62730018799,0.36379644991,-1.83901355786,-0.639567307485,0.510241766332,1
-0.207826840187,1.16153874744,-0.780502013012,0.178961608704,-1.430582314,1.05642777303,-0.218041128688,-1.43518040634,-0.679882741536,1.39920109446,0
-0.287538158928,-0.177207658364,0.661325135036,0.726176079392,0.257025003657,0.496403129599,-3.25752560508,0.872342499441,-1.63905690569,0.949971516647,1
-0.887053144869,1.69208426029,0.121936890021,-0.205415703316,-0.985565063652,2.10261923356,0.843952804095,-0.73244829408,0.864935411213,-0.485359849974,0
0.0927866532391,-0.639051465329,0.247730331989,-2.85834887883,4.44755603714,-2.92315771909,0.732988488696,1.99232262157,-0.172319131468,0.335889232685,0
0.685220344007,-1.03091901326,4.75933978479,-7.04326392055,1.01746094071,-0.788034885991,0.758102248189,0.280128525599,-2.846468264,0.905951548621,1
1.46208474222,1.06483417451,-1.96922685309,0.190850083116,1.83424568818,-1.95050914232,0.0659407329857,-1.75012423079,1.08674910849,-0.800362979723,0
-2.10364002546,-1.32284883189,-1.03323756887,-0.333623409451,6.90036415571,4.0849036909,0.169198801673,0.253270592049,1.08810728041,0.295617249931,0
-1.11423086947,0.906302298967,-0.54971460867,0.606118516347,-2.98302569727,-0.0414820366898,0.381609933324,-0.202647101002,-0.389606430727,0.857607162826,0
0.121736192948,0.853776548179,-0.103311540804,1.80394532296,0.273647145035,1.01435608032,-1.23951222872,-0.669048260463,-0.666508149891,-0.166945515737,0
0.083821046977,-0.563105909966,-0.358648147317,-0.42042113602,-1.07338730406,-0.16252574987,0.310206572435,-0.280313930296,-0.89765210634,-1.37277944515,1
0.710328201986,-0.621735757502,1.59728577913,-0.57803268838,1.05617876109,-1.08110585641,-0.187737080386,-1.1258275117,-2.48534077434,2.24680174884,1
0.0394829761748,5.78771945968,0.693213061436,0.257989328134,0.387231531295,1.83382965567,-9.56501967156,-0.428133589166,0.995207248633,0.250209384875,0
-1.24274830181,-0.272882773765,-1.82244406991,0.772652276995,-1.41883598126,4.97810912798,0.748691690595,-1.3376988969,0.788325369441,-1.33262550467,0
1.00056141583,-6.21702331303,1.41367543524,1.09316309823,1.06198334933,3.11829738478,-0.960801884536,-1.43071438902,-4.85390354925,1.47474111791,1
0.370387223652,2.07320029889,-0.0771527105373,-3.48531526104,1.98817481013,1.0819826097,-0.389189466235,-0.478907599734,0.148899159666,-0.102450833875,0
0.526794493743,1.82096157146,-1.69414930019,-1.38082282036,1.42349786055,0.836555138985,1.27709466935,-1.07791824119,0.344804748867,-0.426234651269,0
-0.736069677506,1.1125677535,-1.6713261642,0.0178868267769,-0.378929886809,1.0268993741,-0.27077006469,-1.37629086661,0.315513333961,2.47384318342,0
-0.944298776489,-7.63316328597,-1.77871568482,-3.2108798771,-0.478926289399,-0.427138165311,1.2690216366,-0.0995525940019,0.966710778167,0.501797431204,1
1.91843953164,-0.231255518421,1.1852397895,-0.923365107052,-0.246008122547,-0.784011675967,-0.2573040581,-1.00977282341,-1.13511780269,0.738013190384,1
-0.0683976306073,1.50172148349,0.324001701173,-0.249702642748,0.885467815666,0.516106682561,-0.522987622403,-0.451431843131,4.45400029067,-0.442243809538,0
-1.26104767788,-1.3269705899,-2.55079928367,0.318639219784,0.179396285837,-1.05459462118,-0.149417558325,0.122460627695,-2.22253964703,-7.91732455348,0
-0.0864706480862,-0.556996741092,2.91770408575,-0.0843052248133,-0.646147099368,0.626238789025,-0.0271180726998,2.33239982711,0.277734415938,0.143455444879,1
1.18086331595,-1.83608039122,-0.427489294197,0.740714460176,-2.68221504529,0.365544877745,1.78538897057,0.178087479793,0.482376257119,-2.36640047482,1
-2.12115085604,-0.800561905991,1.03878080331,0.957100362895,-1.02019894405,-0.211956073918,-0.302598742797,-0.0713286825153,0.903238130017,-0.937649509435,1
-0.850491511659,2.43993848302,-0.340761614333,1.27206983298,-1.24567012573,7.90538815839,-0.255132920458,-0.944100270245,-3.09557838813,-0.308933809525,0
2.17299222769,-4.01404504411,0.505668218852,-1.75489233581,-0.799468176581,-0.221748759347,1.32849619818,-1.03730934047,0.56080120046,-0.603817359434,1
0.878763936816,-1.11932774896,-0.260079044863,-0.247829503593,1.40314391566,-3.89019625281,0.505536003399,-0.684417266817,-3.23204448071,0.703369525258,0
-2.85369562307,0.487620348827,-0.173482925999,0.212888572155,0.39603255404,1.53820198132,-0.654012306722,-2.31164686117,0.301603983685,-0.577021924495,0
-3.64196179688,0.0561295106936,-0.549917750819,-0.495416421978,-1.57323170377,-1.05142719209,-2.42608496384,0.129571107521,-0.164033850665,0.684135348281,0
1.56246813311,-0.997396986854,0.240868285089,0.572172707615,0.380681899428,-1.36686223786,0.0493882547848,3.68735135803,1.44262823742,1.36025078334,1
-9.65101853821,-1.7160919432,-0.743414489793,-0.678600479375,-1.94057702601,-1.02834729672,1.14468013875,-2.14854064953,-0.423006798208,1.29719912442,0
-1.39400275023,0.321357327534,0.457957789942,0.233895486558,0.981956377263,0.494986307932,-0.635640479804,0.600651011779,0.152351475794,-0.0267068317099,0
1.05751280771,2.06679649164,0.539382002318,-0.575714646524,-0.383074154001,1.16699626847,3.65129928814,-2.88206407641,1.22330129895,-0.181543047374,1
2.75367380014,-0.0471899773261,-0.176546266841,-0.363678672743,-0.0457466332895,1.65983428924,0.593282424641,-1.18419283974,-4.01142727168,1.04631744941,1
0.333666100586,-1.5284021026,-0.273617950505,0.374488207561,0.181428580386,0.12513428383,-1.28769685268,-0.686048186885,0.0457565320832,1.45640023419,1
-1.178726253,0.548676883084,0.400234400038,-0.839394585323,-0.207127802022,-0.604917029418,1.2021378154,2.76276090529,-0.350390192501,-0.974618239696,0
1.06889244454,0.365064104501,1.3553478487,0.399515716697,-0.631237351269,1.30768326418,0.987339074412,-0.729222429962,1.64928175162,-1.18827617456,1
-0.236197618754,-0.056498879412,1.5953641549,0.0668591580639,-3.86731630706,-0.105688412754,-1.63591831016,-0.609929790599,-0.455403383299,0.527966559496,1
0.411932820636,10.1855967426,0.137203387843,0.134176404516,-1.09805405505,-0.591532749813,1.27264323554,0.492833466854,0.420203306341,1.94911452847,0
0.100100211627,0.621133864459,1.07458013433,-1.39015633346,-1.87365738286,1.95723604112,-1.38193086575,1.82447955834,0.702565043284,3.88636080069,1
-0.519542920657,-0.867562833519,-1.13542133199,-0.116023130672,2.04038627524,0.10232873982,-1.4362621587,0.858077478701,1.56064128439,-0.304460678692,0
-1.09984873236,0.647124110544,-1.05738057264,0.512071314616,1.42237104698,0.87603954289,-0.703193456569,-0.340575361836,0.177479161426,-0.538534102249,0
-2.11849341645,-1.17940669589,0.065652114215,0.162280795315,0.577870185392,0.190310621332,-1.0277947257,0.808578833184,-1.66296088062,-0.0239037672335,0
2.19267970096,-4.60444183626,1.00509455548,-0.603830079961,1.0065338973,-1.75870922656,-0.339696966742,-1.06295943639,-1.50279426845,-0.479585491651,1
2.15864206269,-0.252807983276,-0.230153734368,4.25684769479,4.41038925921,0.350654683796,0.986433198583,-1.67717818462,0.683046303077,-3.15788593772,1
0.562370408561,-1.10822434422,0.913823265744,0.36627109929,-1.33193303917,1.07482625659,-1.4550621757,-0.890780944786,-0.357938635661,1.02822970661,1
-1.59131561374,0.220066334299,2.23444239419,0.263158380367,0.926222816137,-1.63725872523,-0.495244519968,0.797668308458,0.942636510289,-1.87021647898,0
-0.348813645496,-0.579529421444,-0.311483897258,0.958523597853,0.306754817996,0.9032416722,-0.00920289393284,1.19287646283,-0.0707967736061,-0.387921999866,1
0.379868449068,3.80045184614,0.24400469342,-0.573178313313,-1.2574047417,0.203237064689,-0.540819530247,-0.294700553402,1.50327366247,0.230481067484,0
0.641573662698,1.32570480252,-0.0214639521909,-0.313126630803,0.140424407161,3.56705280528,-0.387044387607,0.370514676349,0.0216483286266,0.272924817463,0
-0.468368923909,-0.65893275126,-0.994088848589,0.479313182741,-4.7546211563,1.92575433882,-1.3866831416,-1.34296496841,1.31985582003,0.345475598047,1
-0.970052615038,0.639098716166,0.28417330258,-1.55079435752,2.86547333924,0.108890624344,0.683359145345,-0.54252739423,-2.94866118839,-0.451843710119,0
1.51813470778,-2.79309208721,4.8516265495,1.24632477362,0.0984970941192,-0.71506168498,-0.287603910422,4.4998804369,-0.0316874170191,-1.47137518065,1
0.330080732021,1.89277809172,0.827247665723,1.39770318015,-2.25545266068,-0.0338814992046,-0.0544826911665,-1.82256448975,1.46091388738,1.19900777873,1
0.180840082993,1.16897537447,1.11542120893,-0.507707235334,0.102242523273,-0.982566433588,2.65829893306,-4.99354527634,0.0462520941484,1.38409081575,0
-3.36662542136,0.930610913465,7.04630856222,0.498476423156,2.58618316259,-0.931015064351,0.259725711791,0.581638335949,-1.17803325702,0.170704772593,0
-0.291609777111,-1.50623960226,1.80649869623,0.703674198517,0.139643403059,0.0262529960261,-0.250019101166,-0.597733292422,-0.821594339246,-0.0527175002012,1
1.90297917738,0.613856855972,-1.16269794808,-1.51608360363,3.27169041085,-0.150104104882,0.130547141189,0.0408019293898,-1.16861271305,0.356509866889,0
-0.38873016109,-1.08773322493,0.223856603954,-0.195904359071,-3.08911854969,1.83765558918,-0.0935445496763,0.903220652434,0.715316038097,0.8148457819,1
0.438179231749,-1.12819045866,0.370682980808,-0.142412206045,-0.672727243751,1.488035997,0.197764652623,0.106144631145,-1.63098092972,-0.000436183035046,1
-2.74275168951,-0.352404091949,1.01557208937,-1.59544457736,-0.217261361275,0.975363439106,-0.518350886504,-0.908840239034,0.122298628252,-2.88592847888,0
-0.262920778551,1.52705679907,0.0380657604973,-0.0298858026386,-0.0274960865819,-2.31565353076,1.35727231251,1.35908181275,1.66730992655,-2.14549036734,0
-1.0857326501,-0.144619411721,1.05394708256,0.312511415228,-3.60863244409,8.25652251809,-3.30662639746,1.15020344145,-4.8059818225,0.677879367592,1
0.780261668427,0.992978774704,-2.85875771348,0.8215020265,1.67877631299,0.461867374459,1.51411693382,0.306308306195,0.527765154942,-0.502839826641,0
-2.18254640197,-1.60367443595,-0.870605666502,0.512661034994,-2.46553012697,1.00960904727,-0.239012610808,0.296417300411,-4.84013817469,-2.75310588899,0
3.06585823588,-0.295066862059,0.326165748328,-1.49294396288,-6.59992298878,1.33536028187,-1.34724245403,-1.54089702556,0.80272438333,0.189323816051,1
-3.41986243744,1.73582349206,1.5014384605,-0.158535777023,-3.27713744664,0.251370225999,-1.67179630089,-2.84713828761,0.747059929357,-1.67513873849,0
-1.35087780577,3.52796553418,-0.263247755654,0.5995115872,-0.25690551681,-0.163662348188,1.11849655427,0.422795630378,-0.00448262784513,-1.92137151383,0
0.219112433694,0.0409683516603,-1.12355476438,1.86825731724,-1.44434216713,-1.17932911221,-0.0811067043907,12.0892058472,-0.493767115643,1.15605370134,1
0.99754778852,0.0862462665746,1.23259724367,-0.219034896491,-1.73170869723,0.937596105205,-2.97055001044,0.310423863932,-0.0972300372768,2.80711121304,1
1.33806777914,-0.751857814274,-0.109371378492,0.823889472955,-1.74997783717,-0.673395344193,0.172035676437,0.938585658274,1.06471064584,0.201798643145,1
-0.339600586007,-0.0990869660958,2.19240879076,1.06255330478,0.983437312657,-1.52984119654,-0.155422048136,1.50689291266,0.495429321384,0.524287801818,1
0.131182929977,0.932429243902,-0.873444557998,0.991268503141,-0.188601077409,0.0115148040009,-4.73403130679,-0.836532323911,-0.930854068131,-0.0824474201854,1
0.491410042578,-1.64018373118,0.732235769121,0.914983372821,0.791028376524,-1.06764063974,-0.923869448544,1.58926405462,-0.826887396038,-1.23273582888,1
2.01699440724,-1.79677601071,-1.49718580023,9.43311351512,0.325196134353,-1.1421646263,-0.149746052767,0.233772321216,2.04784487696,-0.943709280122,1
-3.71014355483,0.230994203214,0.855228156599,-1.3589249436,0.297023889119,0.595613281719,2.81599861871,0.550290534782,1.17730549211,-0.274824655821,0
-2.91912516333,-3.0166054016,0.251817287369,-1.30860492399,0.556088625186,2.29620917045,0.287262319456,0.246233961419,1.61245856371,-0.948053137611,1
-0.812090926985,0.875816749015,-0.619198645783,-3.16055394176,-1.33475763438,0.0499086134799,-1.13266254875,0.813932598854,-0.418450509907,-1.47612909811,0
0.864730714516,-0.855070719995,1.99416598348,-0.0912490360189,0.471114160859,-0.811696520878,2.24853035362,1.0346704686,-0.0451044075336,1.20478268676,1
0.487359447284,-0.668519312236,-3.96631844357,-0.964947453984,1.11014425412,0.342223274822,-0.20582105579,-0.238844335022,1.05942784287,1.42228165307,0
1.55742490833,0.824334127983,-0.663018975255,1.42210787102,0.376364909757,3.50516469115,-4.01809460743,0.0637981508631,-0.437388310366,-0.397111971163,1
-0.533975868554,-0.799175060731,0.408575075663,-1.2116777298,0.607264302706,-1.40568500679,-2.37004417779,-3.41426531627,-1.42614496372,1.33378402135,0
0.653492994229,0.866727046241,-0.242129387006,-2.21033083632,-4.86193283164,-0.222466046601,-0.0174537426475,2.19045838952,-0.612095836346,1.07446684846,1
-0.970453644464,1.73323247107,-1.50908781761,0.009688361858,2.33527970033,-1.22939143217,-0.564812991408,0.0189709893837,0.139568575811,3.38314737564,0
1.77718051293,0.0664502747115,1.38401444977,0.368875998017,2.09660986525,-0.569324451144,-1.81386630602,-0.558539472382,0.432214119492,2.71306198172,1
0.978768908087,-1.03538711293,-0.729279792503,0.261794464205,1.26794911317,0.297795906941,0.160551555003,-0.466359436749,-0.179803610726,0.715748285309,1
1.39683210035,-1.58122026721,-2.09274591077,1.16640322275,0.524940820437,2.57263901502,-0.606039267092,-0.619124748291,0.415423092589,0.0211364019436,1
1.24710274688,-0.289264905338,-0.203755289347,0.669758589865,-7.01516896074,-2.2682137211,-0.536997939216,-0.928093336573,-0.121175253341,-1.81302662927,1
2.49100792131,1.02139817799,0.80940322549,0.130814815847,1.69249491782,-0.928733616159,-2.64030551174,-0.691985894993,3.80697998014,-0.203507566908,1
-2.14848621152,-0.69757837014,-1.64668520594,-1.85972166151,1.110133906,0.843222578108,-3.10949122116,-0.535438780984,1.90351497929,1.17251183197,0
-0.317690295799,0.210087389382,-0.306150910537,2.92886757412,1.54898654792,-2.48198819675,2.64107460224,0.557310624926,-2.04595042757,-0.47394518005,0
0.0657917809367,-0.0263489128357,-0.582663676086,-3.12120392018,0.303630252665,0.857170921761,0.796103190904,0.787962751203,-2.80548286778,-1.24177564723,0
-3.71948769521,-1.22683341933,0.433408378657,0.696703989145,14.7012977704,1.67466445519,-0.399785968141,2.35699999634,-0.0869291835795,-0.875617533844,0
0.336888617762,-0.717538216178,0.971824891638,0.360915320909,0.098749484257,-0.305445299931,-0.187087787468,2.21790657328,-0.381363149473,-0.460197795107,1
-0.862532912822,0.209134510659,0.159940363354,1.26368902304,1.07687622054,0.394536772581,2.68377115227,-0.449244908526,-1.99360774381,0.387376359648,0
-1.61624284905,-0.15042908703,0.622980581059,1.99985923829,-0.123934994131,0.199516029691,2.38461669999,-1.49496800713,-1.60166503816,1.19744161794,0
-1.8618969218,-0.708871753925,-1.13842156728,1.47409438654,-2.4165905386,-3.80063769198,0.281780229477,0.572776841504,-0.839263574908,0.125576577443,0
-1.51333839072,0.0849172460533,0.0287336846419,1.67654923962,0.500032682072,1.6389139364,0.559458923523,1.63237471445,-0.456967066002,12.802740001,0
-0.363236794106,0.176142240839,-1.08906147675,0.21704829373,0.892790915807,5.33548649248,-0.997230139373,0.864910579547,1.98101035276,-0.778214923879,1
-2.49139184982,2.02731494275,-0.192835083252,0.533846037756,3.91576869757,3.09976018752,-0.876877520009,1.10341791262,1.08955992311,0.793976465537,0
-2.8612516636,1.32925523479,1.26003496889,4.50964102596,-0.0101627494364,0.805062368793,0.152354377243,1.03948393161,-0.0650929621804,0.230626403603,0
0.439404467451,0.194798025194,-0.309142752652,1.71389645678,2.80568244957,3.32328039219,-1.0267604065,-0.708033228633,-1.01965262312,1.08855501793,1
0.912039884812,0.180858809038,0.526505318402,0.994400183023,-0.0643581628933,1.3250449415,0.559542469016,-0.00813638037698,0.543805080632,0.760871499874,1
2.04336909661,-0.445148477944,0.693897413667,-0.293990925559,2.07357879644,4.28719169464,-0.776664445615,-0.534452650844,1.30523520015,0.598992486528,1
-0.637659632631,-17.7643258551,0.475871346807,-1.27935302035,0.796087517066,-0.798920452294,0.318813138483,0.0194139965547,-0.683930361373,1.55186128859,1
-0.218388000885,-0.979956072991,0.146893107085,0.0639737545911,0.901022380027,-4.82675240723,1.34161435093,1.94855711229,0.86560120802,1.21208974374,0
0.0211614092198,-0.238122331688,-0.931230443451,2.28637209216,0.420001385144,0.360028525799,-3.562571157,-0.744157504991,0.534731800378,0.206026238086,1
-2.00923019588,0.850310008003,-0.347245966708,3.31517911625,-1.03069878891,-0.213653406841,0.132997464525,-0.765374385302,1.14022503105,-0.402462405296,0
5.02850123025,-0.00906152879619,0.869068741115,0.259532948807,1.30967002519,1.1434730823,0.257000660907,-1.38126875011,0.70467763086,-0.902271738812,1
-0.616648995724,0.712389226405,-3.54876976936,1.53565444298,-0.803084437737,-0.366309298359,-0.992118893316,-1.46979460281,-0.819978944647,0.645746710377,0
-0.0477650466901,7.37357589439,0.608433687238,-0.066195130279,0.665121260746,-0.627434313451,-1.83164727922,0.23418472935,1.54929099179,0.568166258636,0
-0.0808080775197,-0.214818087939,-1.75687185927,-0.645622438717,9.10025341033,0.438288007981,-0.208085560871,0.122685563555,-0.496672397054,-0.417288028039,0
-1.34626851469,-1.07127019336,-0.141854389841,-0.212576612348,3.98743477014,-0.220297690718,-0.714207902763,0.944205331696,0.261800889013,-0.566150334582,0
-0.774350885887,0.0930030642371,-0.520986165109,-1.76671744689,-0.824426857932,-1.93644200413,8.55630075857,0.0797685313235,-0.331326543718,-0.171072951517,0
2.33345789211,0.527668059411,1.48048173913,-0.940661532428,-0.0713193398808,-3.21079670702,-0.322727727953,-29.305260233,0.902791298923,1.18405688222,1
-0.527978233152,4.08710744355,1.49482814291,1.08636835163,-0.863716340548,0.710903454238,-5.25559724042,0.485560842888,0.754560545997,-1.93599206787,0
0.803442516035,-0.195301189931,-5.13711735364,-0.380344864563,-0.901025760457,0.412605822621,-0.5822662442,2.24398035776,0.328636951402,3.49314637816,0
1.22376551452,-0.556118140235,-0.699280273341,-0.158286942319,-1.60158578632,-0.216372143301,-0.56814094073,0.762011066853,-0.480789841274,-0.33270227129,1
0.514709934306,-0.384835818143,0.974963493417,1.81957662264,1.83649273225,-1.86928358723,0.627593160808,0.15703763555,0.673192581391,-6.49869157425,1
0.0406665871377,-0.423042086257,1.48049990564,-0.789390557894,3.74649314129,0.123850353429,-1.64470945809,0.180139149567,0.311717860724,-0.797705418892,0
-0.503616992782,-0.889754780066,-0.912698031977,-1.90556326153,-2.26587988364,-5.28205225466,-1.3103607734,0.670393887087,0.845753610631,1.62873420105,0
-0.220739379512,0.266970373594,-2.96085910058,-0.831626572563,-4.11684202548,1.09029693494,0.700419787247,-1.06698101901,2.13361860909,-2.10736273594,0
-0.828667372124,0.00359005335275,-1.13019679973,0.897378874056,-0.0473184632004,1.01809431802,-2.45916128028,0.0662137005261,0.692674482881,1.75154887817,0
-1.10164658812,-0.57059665416,-1.89806674178,-2.38337315642,1.38203016495,-0.765330910393,1.38728594374,0.740646642774,-0.873376836414,-1.10933883278,0
-1.68289343536,-0.240855550607,-1.95945631355,-0.143711453063,0.0736206743633,12.4649969382,0.883005456361,0.522772864812,-0.491620098953,-1.17799399092,0
0.742719074619,-0.96542482217,0.184502837885,1.0201691622,-0.293874174033,-0.153914477868,1.79463253882,1.76158177784,-2.76920566511,-0.307024954132,1
0.953357265171,-1.71102211747,3.22387736904,0.366412010189,0.712651179064,0.413157109054,2.36243747582,-1.521743392,-0.243768446363,0.838758434015,1
-0.583631495357,0.91069139795,0.717576716765,-0.788929258966,1.4455320099,-0.433342858998,0.121236400663,0.145075824524,-0.445620853004,0.836911188513,0
1.19069475219,-1.24750260414,-1.43118462568,1.70488680698,-0.512731090871,1.95436073244,0.207617489322,-1.14105057365,2.01664051834,1.07499629466,1
0.340029233513,-0.110523742692,0.167469866171,-0.356579370887,-0.22973918973,-1.66847044881,-0.61017345431,-1.78722074892,0.682983944544,-0.250099878655,1
1.13236309625,-0.956999911832,5.87543211806,1.01449951552,1.05568324149,-3.68566799696,1.73316490872,0.0647151696984,-0.78755161426,-2.06928250844,1
-0.846376862264,0.816040660716,6.10613848841,-1.24000584819,0.447978574601,0.651225471035,0.94094823774,-0.628247900322,-0.896174058963,-0.40925427725,1
1.4146467348,-0.13735854336,-0.549547279013,-2.5975012512,0.462072549419,-0.574997038436,0.0456656290243,-2.81667043314,0.729678168146,0.465204373489,0
0.327809169391,1.34913701294,-2.21321313625,0.699976949282,-1.60839250638,-0.495636825262,-0.705123615142,-0.462271520247,-0.480443933464,-1.13194803322,0
0.0306076043463,-0.0761343738764,-0.204538253386,5.5256017691,-0.0817169663472,-2.20920411012,-0.52174277249,-0.587944693045,0.766018913886,0.245922486747,1
2.19289695394,0.617230909296,1.09838041548,-1.98421499929,1.83136441481,-0.181786821345,-0.763898040205,2.90715543809,2.2796074335,-1.16511623579,1
-0.280125449185,1.17916938584,1.3501033024,1.41528291849,-0.916176904659,3.29606839831,0.0524317868018,-0.932200875457,2.86272835845,2.00586746889,1
0.223839720076,-0.69475855703,1.81051735433,-0.0249504050043,-2.38421550532,3.82892821542,-0.031658092855,-0.641926656839,-0.561299477105,1.64814361835,1
1.73293818419,-0.0671201938507,2.63197817714,-0.904819369753,-0.00690568272669,-2.47228135475,0.637819421001,0.0771459093405,0.169250725809,0.452704426204,1
5.20489984134,2.57399210833,0.545386210041,-0.781155691761,-1.38232051865,2.51156542366,1.24329416166,2.9376148947,-0.825587923761,-0.610717612234,1
-0.203330021238,-0.451460447871,-0.197264140103,0.340626995145,-1.1213035699,0.404094464699,-1.36974430239,-2.43406409991,0.0963166219983,-0.981719028087,1
4.08159683563,0.912190222931,1.06891749423,0.370249620489,-0.235155974092,-0.987602782303,-0.45429755465,2.17971595244,-0.42794838135,0.86477363222,1
-0.268146136008,0.326198032372,-0.312756440745,-2.0050386637,0.735875448344,-0.47211114623,1.5976927332,0.0621478037244,0.875471871895,-0.140231302671,0
-0.489536331901,-0.129241360141,2.13052915683,0.611037621044,-2.39792025364,-1.07872601747,1.96817169674,1.6816587815,-0.0913801414599,0.651879626485,1
0.802563406332,0.607369754911,-0.654347767762,-0.101430320015,0.933251543502,0.119487314373,-0.840467537882,-1.46063362912,-1.99146791856,-0.00861149090249,1
2.04641930163,-0.140019489507,1.11656369104,0.378221928611,0.516091666705,0.0501322323632,0.414226157125,-0.0788335042384,2.2793425005,-0.497995162144,1
-0.164921434835,-1.40399821592,-0.503896853047,-0.929643040975,-0.999579190026,-1.05218685892,8.46101139983,-2.9166654993,-0.0354667750387,-0.36831283482,0
1.77916926594,-4.17893631647,0.377181731974,0.767545796348,-0.289001722846,0.149056198531,1.25031831198,0.332893914898,-0.238624533039,0.246906895872,1
-0.332401180004,4.42838684898,-0.126708297534,1.50416106568,-0.602528146206,2.04914518059,0.630908474565,-0.359912216215,0.0165276026758,-0.193229078518,0
0.124976460934,-1.04663789822,-1.1382764032,-0.449099615172,-0.523707241022,1.02848094454,1.25281426095,0.314565948531,0.282687012225,1.77339931757,0
-0.114574610792,0.42473297409,0.496503565399,0.154158622086,-6.86006223206,-1.147137513,0.651332277571,3.43043900436,-6.03218513798,0.692323787058,1
0.839462351119,-0.678646260643,0.757764564685,-2.28174542632,1.32556830642,0.477262087491,-0.528466151726,0.803439272246,1.36459394793,-0.691991499822,1
-1.78195985086,-0.0599019947613,0.243435170721,0.641742922298,0.0765352134327,-0.453485370698,0.438030339618,-0.32926145056,-0.760221274568,-0.145097352631,0
1.84650713262,3.17870179096,-0.0831244470828,-0.0551020939563,-0.636503643675,-1.3730912472,-0.847038383828,0.0359711552731,-0.711614827699,0.989177018359,0
0.475930980218,0.249553511868,-0.531098692015,3.01386721039,-1.37299526561,-0.623926136164,1.34538096906,0.793249687117,-0.261259788524,-0.496579365387,0
-1.92879583264,-0.950782162791,0.849563340578,2.48670383395,0.696131215224,1.95667775118,1.20705551715,0.191755255119,0.749012609079,-0.958477538334,0
1.70851796503,-0.15851540257,0.316642472493,-0.962718560871,-0.0748545678771,-0.0990402228648,0.319253857345,0.0866909774968,-0.783657910862,0.106022453773,1
0.54556511794,1.11215749235,-0.00963912941351,-0.0989366999269,0.486330686292,0.246695485437,-2.73210508968,-5.20477200051,1.17929541769,3.94326774957,0
-0.872475937394,-0.294659535662,-0.363663139977,0.849476583522,1.11505985231,0.472149056341,-0.944907932004,11.5236225524,8.23921022883,-0.621268768325,1
0.0444038664376,1.10456595093,0.512128485878,1.22911814184,0.88393181985,-1.52596024564,1.73971467922,-0.0429840444437,-0.0839719482317,1.01051319402,0
0.686526613489,1.38167563744,-0.861795918704,-0.832431169457,0.244726892483,0.273046664183,-0.298268231709,-0.0180586046929,-1.39636236288,1.40086944612,0
-0.627445154228,0.166236600136,-0.20935258809,2.15781723379,-1.93624766383,1.53740633816,1.05351447565,1.45518979555,-0.516459046898,-1.15452179828,1
0.124993213452,0.441913719965,1.38269145167,-0.0518645739696,-0.274924256772,0.575088201562,0.599127589614,-1.9489892953,-1.21504796113,1.30382512113,0
0.274902759005,-2.38440938607,-1.81937193747,0.750155311424,-0.258067129213,-0.324582793126,-0.69953324247,0.126548081062,-0.233036957748,-1.84444611618,1
-0.388384968048,-0.654067232129,1.06139908536,0.687206463827,0.568442086986,-0.160461882,-0.0908564965663,-1.54246006732,0.129409278885,0.322525554126,0
-1.43756989047,1.14989461254,1.31612152919,-1.11598929709,-2.78072168136,-0.0132299467073,-0.677340798763,-0.448566595301,-1.00521253284,-2.16878211448,0
-1.23358633303,3.06670424486,1.10063521392,-0.805760358097,0.388534175141,2.33056982145,-0.131046364483,0.516205802806,-1.84099712115,-1.28880517936,0
1.19983326653,-0.160127849811,-1.11488622948,-0.0988678908729,0.643684225331,1.33621875743,2.00439355815,-2.74534796677,-0.141359680495,-2.38711580765,1
-0.552629784859,-2.59805285396,-1.44640645782,-2.02169919465,-0.103674013279,-1.61021496712,-0.496426336887,0.713622195268,0.258998126686,-1.59300099872,0
1.26392575263,0.579043855781,-0.711673887476,-3.71825891079,-0.761701698589,0.640081384083,-4.57760251744,1.37664630746,-0.456153173347,0.617775377993,0
-1.32686965313,-1.42819548704,3.25033219431,0.6398737033,-1.35887441958,0.14749991314,0.385843603901,-0.364003808058,0.786954841246,-0.621914025988,1
-0.2829818125,0.591623178787,-2.2696076287,-1.71030831652,0.350775281209,0.563167399828,-0.299764720346,-2.73860084902,-1.69424419072,1.20002542101,0
-1.54109592527,-2.02581333409,-0.503279990621,-0.774403580315,-1.21365532487,-0.287926266328,0.418918492494,-0.249036943538,0.549946192517,-1.01384961685,0
1.49572707417,0.366059000651,0.177509374114,0.736731332291,0.202659110981,2.82012033225,0.180422031631,5.58527391116,-0.673000785782,0.597249549365,1
-5.15425726285,-0.181355893109,-1.40590311033,1.24005457043,0.493256271885,0.340651976439,-2.11140298571,0.240639519629,2.7225351618,0.679163981168,0
1.33268340874,-0.560815428564,-0.630862888966,-1.18471736024,-0.852770070344,-3.1837908932,-0.301318737758,-0.319817469915,-0.269072890343,-1.71021478998,1
8.74610303432,-3.09415824577,0.871673881101,0.488228430668,0.0544668253475,-1.528343647,0.497439774838,-0.351946105371,-0.557368830326,0.460077551171,1
0.618197039159,0.680579017518,1.10777030534,-1.0297071062,-1.34400828148,-0.0288227296803,-0.474222344535,-5.2837583697,0.0504442075696,1.29704830686,0
0.430574092301,-0.444528910902,0.226061360972,-0.454107698862,-0.145224100746,1.5424555671,5.11191791092,-1.14324700347,-1.99585039817,-0.497862207779,1
0.538192539051,0.675770863364,-0.94088547576,-1.23507256867,-2.28054295694,1.89931814714,0.493627459136,-2.11681531312,-1.32928172147,-1.59518447368,0
-1.75269646278,2.28510874803,-0.983234336658,0.413283200732,-1.66722372795,0.336481842568,-0.321267937482,-0.638822663488,-1.10865368875,0.777086694311,0
0.830232772153,-1.08994821205,-0.193630118519,-0.833879354798,0.878973633768,-0.316746340977,3.17178774422,-0.381173148606,0.695614573985,-0.246996847055,1
0.618093566479,0.388289604948,0.925983816949,0.435628297305,-1.67560548129,0.967200107532,-0.754168627443,-0.101330883247,0.678931526222,0.971771307894,1
-1.44112790844,0.887570367901,-0.978347488624,-0.581803407845,0.400766528035,-0.0424741852508,-1.05178215575,-1.08544144639,0.306711553259,-0.94521255066,0
0.126866586836,-1.70225473282,2.34154080846,-0.940758532429,-3.25073010336,-0.0622026455601,0.790328849322,0.108118849664,-1.01750247185,0.0514822821057,1
1.41805208034,-0.660236229661,-1.08474242896,-6.45338124279,-1.05813297125,-0.6132469514,-0.879864239244,-0.258800530795,-2.28598039317,-0.877871858819,0
-0.109865388195,-0.677892438703,0.886508468135,2.17065625358,-1.81626097625,1.28914578745,-0.0786959297885,11.9463140772,0.0705856024429,0.820351447676,1
-0.186272334696,1.33346082965,0.741284723941,-0.93573363788,4.91865201088,0.953704181062,0.245908641365,-0.343541097641,0.182334585521,-2.29288122121,0
-0.0292435018026,-0.997689756956,-0.217096495407,4.14311568049,-1.2918566458,0.223590417103,-1.79721293923,-0.008328103376,-1.58502453646,-0.185065014006,1
0.61701566028,0.329451312365,-3.35424338489,-0.337469372296,-3.39976345451,-2.76009204367,-1.38363795541,0.422688811799,-2.78027610654,-0.038509831813,0
0.734553781287,0.0835548333195,0.736760299738,-1.65776428225,0.588036183209,3.57802023292,0.262311033896,-0.796307568034,0.360203950827,-0.347933955645,1
0.114387922421,0.189440899768,-2.81333275148,-0.586478086392,-0.89173070523,0.261990937267,-1.64003278579,-1.43629752734,1.12562115505,0.279727452595,0
0.400958562487,0.590432711869,1.12839351694,0.579289008406,-3.37476608706,-1.1583287857,1.71736521653,5.66817093596,1.02577552638,1.21897459185,1
2.80742097515,-1.39647265012,-0.314831793551,0.466482071137,-2.54449935225,-0.0842354175477,-0.0745243846479,0.467790324176,0.635543741276,0.624845276637,1
1.55432853933,-0.101452139134,0.370005843643,-2.33363035037,-0.736747619015,-0.877099536656,1.77453857279,-1.0780570705,-0.917494727262,-1.33436152975,1
1.11476481264,-1.1412199289,-0.161748100355,-2.33927458781,1.26294019174,0.0549938582259,0.51736307132,0.288883475249,1.44620905686,-2.34946532194,1
-0.279118153176,-2.26301768428,0.304811125635,0.724774636326,-1.85192451223,-0.389067418037,-0.00409374768779,0.160876405895,-0.262527621119,-0.580368787547,1
-1.84257125041,0.420485817236,3.73522124764,-0.119208266731,2.97584213303,0.126891581649,-1.13599971669,-0.446340969332,0.476963525765,1.54464961168,0
-0.857153648702,-1.1174495977,-2.83562220442,4.63379723354,1.20791654282,1.24528670786,0.215000134039,-0.0617361508659,0.787206628531,-1.37523350658,0
0.228754523964,-1.97582886489,0.270390631895,0.835144216102,0.589443870101,0.214888397513,-0.286750358785,-0.137962723426,0.415198957403,0.543388223225,1
0.538869718767,1.63828856141,0.75309091752,-0.381871331502,-0.264954460735,0.450213220656,0.71558398532,2.013260247,-0.226175014606,5.34948754484,0
-0.789352838292,-0.405777927771,-1.27717566211,0.521392834925,-0.577094967524,-0.225631266408,1.68680967677,2.13413812765,0.758999095853,-0.101184721219,0
0.708989840635,0.309903313788,3.91727272746,1.69820728139,-0.91175323187,1.30655845812,-0.139986070775,0.461065482698,0.455005045131,0.316433919656,1
2.58937796098,-0.647277906109,1.84809411972,-0.963817173297,-2.6039091943,0.0942078833724,2.059684961,-0.886863095347,0.635512246891,3.02561772136,1
-1.04630017908,-0.565921881917,-0.189359932461,0.608888688834,2.10516380438,1.00211369328,-1.30595505594,-1.24447367391,-0.679871116038,0.0782149854556,0
-0.689299129051,-1.00069324998,-2.57176008941,0.104039832896,-1.34183979384,-1.11720934467,-0.0323595696953,0.659523752834,-1.22456650735,0.463276818214,0
-0.811483275055,-1.85482181967,0.7020146833,-0.506227324063,2.28498895865,-0.0100819158608,-0.474824813993,-0.172312507321,1.25878267507,-0.66844575048,0
2.64865820309,0.0511941624963,4.35622164489,1.25298843202,0.543407180332,-0.525001286678,1.65672031896,-1.02143094351,-0.680384183774,4.11188097366,1
0.0564820160801,-0.728563917888,0.679431752347,-0.0869258548625,-0.313610107541,0.266567819501,0.751035044679,-0.830611387258,0.246753149451,1.65185736051,1
0.274468087223,-0.616887542423,-3.41564918931,0.253684077741,-1.07868744653,-0.135694387271,0.224714005078,2.11349895636,0.324335045153,4.72049132144,0
0.11855638921,-0.440190873213,-1.64308287446,0.296360020854,-0.0545610881162,-0.956920338961,1.73198814791,0.277227955928,-2.88138208769,-1.27626153484,0
-0.603841465988,-0.360584890707,0.131408443656,3.66036218011,0.655792222069,-1.88312035776,-0.396487836294,-0.773568987951,-0.187607308254,-5.89531654772,1
-3.49060594278,-1.73353999184,0.117941114217,-0.235132465564,1.86056215438,-1.23371691383,-1.07668972573,-1.45154130073,-0.166088791578,2.92962986733,0
-0.957666679747,-0.572265236721,0.481841909297,1.64949429481,-0.597136825481,-0.551805684199,0.754791846052,-0.280501789466,-0.64082465346,-0.633389834448,0
1.13318497553,1.57065323614,1.47918629508,-0.215311336985,-1.74858104103,0.239047390118,0.270093265069,-0.243498883627,-0.449226702419,-0.820857626589,1
0.649644611353,-0.0198832120391,-1.57256917538,0.174367107807,-2.50856344682,-0.383544455829,1.19304697339,-0.887204470661,1.21529937807,-2.42366446231,1
0.789990251426,5.12845508353,2.24192615138,-3.10128631967,-0.667614306858,1.07622577832,2.16971072862,-6.86383527096,-0.394107529187,2.66027494514,0
1.16343070161,0.943788342125,-0.614553971378,0.370556375535,-0.854725499534,-1.02594160637,-0.616659903454,-0.0819552409807,0.0582203091261,-0.81959693045,1
0.214883189887,-1.79673397127,-3.59959793161,0.940129606764,3.65443807434,0.43907965348,-0.864577334731,-0.835269611418,-0.195912694653,-0.814792362788,0
5.43050438264,-0.792096098693,-1.27436645238,1.75006175283,-2.84600561887,0.208391773099,-1.1623649708,0.615796710836,-1.07575842425,-0.557330505841,1
-1.06343618256,-0.408669511181,-1.02396849526,2.25041740265,-0.722616529188,-0.32253841675,-1.40872676522,0.539470893882,1.56071343629,0.178069774078,0
-0.380779934919,0.0812476880341,-2.95054619061,-2.24955237207,1.28892341005,-0.931133706448,-1.15768365799,0.309236950393,-0.503095201157,-0.708983772172,0
-0.404916741641,2.79452135983,-0.763117474581,-1.03054375954,0.790488566382,0.122564094755,-0.482229509178,0.419365045791,-2.66511287719,-0.675737907103,0
0.174152483588,-0.309475436775,-1.68701064654,-0.095214509304,0.630480839074,-2.37882125617,-0.0257417210578,-0.627588191299,-2.63007934496,-4.43151470672,0
-1.24387889746,0.532855449456,-0.965999147647,0.611840496121,-0.330864706975,-1.03248686998,0.309604645615,-0.245110894066,-0.422195783455,0.444108133665,0
-0.0479453639177,-3.83516089462,-0.328819720454,-0.181977123865,-0.1546513937,0.0495113243912,2.47779219285,-1.01110657132,-0.765862605463,0.253234805692,1
9.39961442983,-0.735230823851,-0.206353397057,3.63948330569,0.423638640673,1.75660053933,0.0136431303361,0.526308646204,-0.505393562584,-1.47464813504,1
-2.42034193083,1.08684955894,-1.34105766191,1.25472896288,-1.5858562915,-1.86630251205,-1.38594732481,-1.36382697411,0.218947172835,-0.59120025569,0
-4.87749517358,-0.110704081886,-1.17801235055,-3.87294851681,-0.4945622489,-2.28800341064,-0.129561515396,0.369616834548,-0.662792712879,0.607907309468,0
-0.0734088325352,0.14732591378,5.25774309818,-1.81203258462,-5.00757364119,1.541467568,1.24919904582,0.441517002669,0.836145892455,-0.723470988822,1
-0.753327185512,0.860686391473,-0.369631350658,0.0353558206816,0.933278545121,0.589785593071,0.139895022398,6.17393652633,-2.37624526624,0.180799510695,0
0.983432041491,1.26308105463,1.10474931375,-1.37252578463,-1.11422089284,3.64701208016,2.64794502675,0.33861392519,0.330304084669,0.348450346148,1
0.78629120704,2.63959499593,-0.312438654266,-2.81406278141,0.455019069066,1.65731651712,1.41046645552,0.264106622153,0.615378884179,4.36548855144,0
1.45370188755,0.242146160447,1.50288041108,-0.792045124012,0.298672259505,-2.1366714113,-1.4756275542,0.322123346351,0.156460450185,0.462590547537,1
0.310138306326,-7.502565169,0.370941530932,0.792514601532,0.633878758488,2.29630503812,1.8242937194,-1.32594677576,0.726510405957,0.992041269814,1
-2.11899690777,-1.17925916622,-0.506232400947,0.399795284282,1.66867491521,-0.287464273843,2.97347518235,1.27372696615,1.42804321617,-1.93550551285,0
-0.246502407922,1.03613159623,0.163507738184,-0.364280034569,-0.199699632269,-2.15840089503,1.7524151869,1.12487989154,-0.521110834313,-0.805656848744,0
0.260140404377,-1.58281955356,-0.886270673113,0.176760863319,1.3515095291,-2.34539146246,-0.530006473637,1.79681854561,0.724372076851,0.708703336878,1
3.14950658378,-0.707291953588,1.49103495138,0.0390101267355,-1.40791443034,-0.842675428987,-0.647185161025,0.803941444871,0.216929634632,-1.49178096044,1
-1.84874537953,-0.7222523723,-0.655693801727,0.0499413721448,-0.101220308602,-0.438230780082,-1.0003369336,-2.23119405644,-2.76197607559,0.871473696624,0
0.300601172015,-0.310941173381,1.36525881489,-0.686531916819,-0.120002418842,1.48847846841,-0.984257040168,-0.851798196819,0.0372216113673,-0.809674016326,1
-1.36637381494,-0.480370686174,1.02042079815,0.725271697397,1.2532632467,-0.275247821906,-2.04481505304,1.0282160992,-4.60611727017,5.75550842741,0
-1.58930392869,0.729469215909,1.43662465809,0.0888786624983,1.57563057784,0.801458359505,-0.0702347527894,0.123880286951,2.0381841473,2.45674143157,0
-5.35022537882,0.0152126386389,0.428255902124,-1.06435606652,-1.19703169237,0.148050831034,-0.934134008921,14.2012720814,-1.7898076971,0.536678640791,0
-0.498417769631,-2.42129118369,1.53836669577,0.278626414582,0.609850998592,-0.627108413369,0.433262192401,1.40097708847,0.262202563592,-0.410509405003,1
1.01852287203,-0.250724793431,1.12637202461,0.0858818387108,0.121687940235,-1.43012088592,-0.304695063617,-0.55542188715,0.470179680235,-5.50119148233,1
0.452493911407,1.10040798911,-0.038508921921,0.299562289582,0.0890683877469,0.777176152095,0.0706475124128,2.66709170841,-0.863123188253,-0.0836195583921,1
0.813217498508,-1.01948403793,1.21731449599,0.66720971036,-5.39334333134,0.57185929352,-1.23238513124,0.495789371866,-0.0202409248455,1.82275401816,1
-0.357154783374,-1.60981944057,0.469468200128,-0.44923529045,-3.47669477037,-0.216492921689,0.587219821271,-0.296482462115,-0.112708707852,-1.07832834137,1
-2.17378880369,0.0814399422655,1.24214160776,2.42796814446,-0.297765513941,3.18965749017,-0.603540580093,0.104236489907,-0.891572643391,0.847423892579,0
3.19699947298,0.598474490653,0.7022151624,-2.36247529573,0.539473083194,-0.517221271908,0.514988789065,4.52735647976,0.168254704311,-0.680843368032,1
0.717505704455,-0.20087393776,0.794096104968,0.167587413881,1.1329938766,-2.21252352467,1.04162140849,1.44620308574,-2.40617247964,0.149346047562,0
1.3989662829,0.523655550569,-0.650586186053,-0.126658428571,0.138345854302,-1.81002136249,-0.104587199624,1.09302155796,1.76974655819,1.17335672428,1
5.46024446285,-0.910750188703,0.12006143147,-0.639170970193,0.511780585138,1.2501878509,0.387946797314,-0.816101609263,-1.02161950062,2.32421594979,1
-0.6820627857,-0.675405780827,0.336620392101,0.0481082660532,-1.14977763318,-0.399708965899,-0.117437187018,-1.42103458448,0.584677915942,-0.756981333883,0
0.29578438505,-0.0575084907257,-0.232898891044,-0.0385687517377,-0.293159933165,0.709334523056,-0.424451220793,1.94830402207,-2.18328532149,0.216141701966,1
-0.201161959841,0.210007876681,0.518804101515,-0.830962927455,1.5889950064,-0.216393017181,0.155281416519,-0.431956340357,0.672575888694,1.91761187222,0
-2.11333947103,-1.6009030612,0.215943877533,1.56845144661,0.112395505286,-0.785260203548,-0.406177785161,2.0432240398,0.12119039044,0.507259620877,0
-1.07804283126,0.172515908526,-0.29954329147,-0.125649245476,0.171585290812,1.37161240217,2.61369284028,2.10649908412,-0.7555949172,0.413508436149,0
-0.973386311704,0.318510504121,-0.0947293793748,-1.64724649415,-0.508666713718,0.482519147554,2.63181233437,0.064394388876,-2.32633022082,-2.60228316681,0
0.168558462822,-0.290202330245,0.833212680633,0.461606179956,2.10635149027,0.209867924277,-0.0369989160587,-0.329003817825,0.553919996114,-0.305630486864,1
-0.672820496982,0.89458582114,-0.411325344765,-1.52421598298,2.89447100832,1.99176529345,0.740208065414,0.179690439698,-0.897005319643,1.60134427402,0
-0.436619223427,-0.225917101712,-0.935049941754,-0.299793432559,-0.0762220352421,-0.773812519622,0.52619005783,0.144155306082,-0.74413001934,-0.439463551647,0
2.17152783414,0.573673658887,0.618767444884,0.486032663162,0.187494467586,-0.161439784177,-0.202919196636,-0.606934227568,-1.52481664408,4.37645955051,1
0.417437646172,0.295667709992,2.08433531243,-0.378250357514,-0.663220779785,-0.46148949702,5.24058720111,1.79006183384,-0.118561020556,0.532287545429,1
0.37222746515,-1.22313394897,-0.0264080672284,0.308668255599,0.101245999736,-1.75378313993,0.587837735712,-0.927924046152,-0.935921341416,-0.60156823988,0
-2.90491511777,-0.0314229930241,0.556275937513,1.59258358811,-0.217655856802,0.911007392949,-0.0385829571594,-0.198115001578,3.10352837506,-0.700645376712,0
-0.263936722001,0.729699363665,1.22103500767,-0.509008305425,1.09181864471,0.152766597799,-0.505354435089,0.257634123549,2.41887862421,-0.590961546317,0
-0.82991688284,-1.15236829712,0.684245255607,0.346414091531,-0.338554113173,1.02589114782,0.44039700108,2.3278532533,0.976425455868,-0.218504440974,1
-1.61637099226,0.325226872993,1.75002307005,0.543853699582,0.0822017495773,0.640956382152,-0.714938065303,0.450936717936,-9.75790188457,1.61025333358,0
-0.106879635454,-1.70631253962,-1.64210835704,0.201380597281,-1.50933077655,0.392268868516,-0.860690853389,1.64362884369,1.57347212077,-1.03059223199,1
-0.893791676985,-0.41231231901,0.169555415161,-0.684431467265,0.123874122814,0.741462317577,1.83786490282,4.09259634196,0.466781897931,-0.483576603671,0
0.300687684134,-0.120110625216,-0.514029209382,-0.781633845913,-0.930975269622,-0.728742843911,0.107869821752,-2.1086425994,-1.41935822514,3.91557596604,0
-0.201012615493,-1.05582573949,0.239599020352,0.92635372018,0.978913072076,3.09163912396,1.17059376977,1.01180584662,-4.26518721402,-0.228787222293,1
-0.387462110364,1.79197570466,2.1007003144,-2.30960780495,0.0721086025606,-0.305878425054,-0.317862263408,-0.610788444444,1.85299432092,-0.0693065368935,0
0.409729220127,-0.880797480501,-0.808517283646,2.56174843538,2.06516785791,-1.96886859992,-0.747296007212,-0.460360208565,-0.0181237398966,1.34357927883,1
-1.2189084022,-0.803175581647,-1.63273873562,-0.601185466924,2.16125695302,1.91313045261,0.241214065121,0.291063785599,-0.892538339963,-0.922255734816,0
-1.34798968974,0.0719894311978,-0.105611654189,1.41695655471,0.331617302083,2.22468048943,0.396984070255,0.333519003814,-0.0394237081594,0.783664082422,0
0.0439499283885,0.338573305067,-0.364892211099,0.204513931989,-1.92967297565,-0.542517441931,-0.474210120703,-2.27629809124,0.13115479848,-0.860812641075,1
-0.0670871083772,1.42972920538,-3.88799667662,0.861899180931,-3.51404089635,-2.01089790662,0.284759829773,-0.915306740841,-1.70814881973,-1.14102646018,0
-0.410296499305,-1.26415762117,0.869980122616,-1.43403513553,-1.58259050177,-0.591212241784,1.95278291769,-0.431618224826,0.874181684105,-4.21172332111,1
-0.0153576508741,1.44266210132,0.593716218274,1.07271991912,-1.59702657884,0.563007188853,0.632176163962,-1.61858241318,0.692406193717,2.01601170626,1
1.33128160572,-1.49187922069,-0.964041148769,0.0265926586795,0.426382474671,3.05182023132,-0.344235300462,-0.870233531634,-1.69129479614,-0.372084282426,1
-1.54138140785,0.526939818897,0.964313072599,-0.39625804313,-0.288239022713,1.1377540498,0.553737152606,-0.872074727382,-4.6208031845,1.03417529614,0
-0.138568995831,-0.035545710464,1.04502654338,0.134283615915,-2.42365414799,-0.561647118017,0.0848817438618,0.00326817526343,1.18734583595,1.24707880608,1
0.034763125927,0.765841541565,1.16050058638,-0.16230968128,0.925100249103,0.435990531107,1.25785822619,-0.0220943008338,-0.379267941843,29.0842390682,0
-7.17136875822,-0.0301871916545,0.802213063941,1.81400580652,-1.27690304712,0.826071732547,-0.0712048006231,-0.271575258618,0.0804811818136,0.0175382772864,0
-0.250289807972,0.633698353494,-1.40312387031,0.484534170521,2.67389763014,0.0443929092811,-1.4692215261,2.81864065268,-1.50105247483,-0.915933859164,0
-1.13413938318,0.620554089476,-0.994090796709,3.18040972424,-1.81993872083,-0.147378636587,-0.620409706106,0.550313944092,1.15932126936,-0.381576626649,0
-2.85722055663,1.46756646481,-1.95520941676,0.150296114585,-0.489723317226,-0.752825198498,-1.33061694444,-0.418381134006,1.12653573142,-0.878352903574,0
5.24444493551,1.74287176366,-0.271450762177,0.121300294148,-0.270115219437,-1.31600438635,3.68334571161,0.297391093208,-0.87142473204,0.0623568161128,1
0.859659090173,-1.06686928666,2.28836254584,0.0177926034239,-0.240790462031,-1.37010777619,-1.61134497503,1.10952786681,3.12093346147,3.11106378088,1
0.459942117073,3.91230248921,0.852738735642,0.245425744845,-2.86246178811,1.85020421307,-0.393392883806,-0.684031895678,0.257216927697,-1.06301546329,0
-0.0581720291432,-0.28904974614,-0.543480463991,0.624344449445,3.21157446104,-2.00253408499,0.48103436134,0.632580991224,0.539638742075,1.15823231334,0
-0.0303537411307,2.98975850851,0.655206000192,0.662809676048,0.252695604355,-1.79523089578,0.474742778023,1.11227659496,-0.317480816907,-2.64597014831,0
0.452509598242,5.30108113419,-1.29895335746,-0.0180693141006,3.16852449626,-2.50370843031,0.368545544523,0.602096781182,-0.8384246847,2.39696805413,0
0.36342376972,0.949343807254,-0.738358018248,-1.14757469836,0.701297701754,0.668694440192,-0.739074411271,2.15223561724,-0.82251102628,0.30366982427,0
4.33770725897,-3.72000316867,7.47652304069,0.884583933104,-0.689985968213,-0.694861565593,1.20674087169,0.676789590798,0.649393398786,0.536261810844,1
-1.40033184606,3.33484364471,0.127719909557,-0.124281602008,-1.74277055158,2.07941585095,0.67004583895,-5.08542723289,1.14191400159,0.268150070025,0
0.481666104793,1.68847146947,-0.981916173156,-0.373898893767,-3.26403880244,2.00979653877,0.915371516858,0.181576980452,-0.516759875913,-0.221445035637,0
-0.102608513109,-1.39586177145,-0.539991483814,-0.689501731056,-1.11668670442,0.50035070168,-0.377349346243,0.431623425772,0.0012331873223,0.0817416984148,1
0.780853166414,0.25986088487,1.17332181196,-0.366644047683,2.55578530336,0.246361196142,-0.264634012237,-0.607538692828,0.0318105241397,-0.545422285307,1
-0.92172575846,-0.805208400685,-2.58596814741,0.951718029099,-1.97778861111,-1.90949240554,-1.56510602594,-0.178532520796,-0.0368710354201,2.62051677948,0
0.113170727097,-0.869505341252,-0.686520291728,1.18075534153,0.598969462477,2.72951778427,-1.04833856198,-0.426002112192,-1.57182399132,0.450868272354,1
-0.215194286178,0.134452501113,1.54911427956,0.347751394539,2.53310139132,0.561689131962,-4.10357700426,1.48169213049,-0.45474153644,-0.319796436148,1
2.89395116115,-0.139131280896,1.26624509596,-1.13499242201,-0.15806759844,-0.435600564508,0.834999472615,-1.51045275907,-0.861061968133,2.18401187073,1
-0.931625115605,-1.1963759854,-0.485166456023,0.656088129274,-0.671955021608,-0.0286947875147,-0.809205434186,-0.189210115141,0.64194475345,0.571144127702,1
1.99430042487,0.128541319461,-1.41373581805,0.790084597477,-0.505493572324,-0.190869158523,-0.160053996717,1.15661095003,-0.666513731016,-1.59364059635,1
0.0609137187889,2.26249598607,1.05912971477,-0.169309802488,-0.590929039349,-0.777617399048,0.544846927515,0.144547179113,0.0663894675752,2.05892779116,0
0.84462449453,0.0420239807697,-2.16245157033,-3.71587209203,2.46354286436,1.04687205723,0.517639746354,-0.816608757786,0.255479858913,0.828988064976,0
-0.643430251896,-1.95493242969,0.500507404801,2.91674395777,0.516049924369,-1.27860277358,-0.821671201722,-0.158925808306,0.365537618782,0.664279533024,1
0.738991654165,-0.800227903922,-0.264751732856,30.0036788169,1.58850954666,0.0729225688026,2.87743973871,-0.898839462965,-1.08452153742,0.00109791417232,1
0.190250283997,-0.694537766378,1.09610907461,0.271484937237,1.13012264162,-1.08913324544,4.3470929931,-1.22859368686,-1.37568465563,0.770682494712,0
0.173993130375,-1.83520236562,-0.644228150244,0.521174627129,-1.07417403932,-0.950650051696,-0.5436433837,0.357861361393,0.760263894995,0.120783118725,1
1.15833962485,-0.0523134036785,-0.214820427774,3.33726797487,2.12960436156,1.92121024034,-0.498828223517,-1.93251008718,1.64481092275,1.99431064543,1
-0.123792250163,-0.53188108508,0.0445341131665,-0.210946343902,-4.47093202261,-0.238628493847,0.983220568851,-0.536615703381,1.44413328571,-1.14591112264,1
-6.24419839739,0.0235685585173,-0.498291868419,0.699852882218,-0.272705383769,0.118166778162,-0.383087036096,0.958108020534,0.0567700865616,-1.26450124804,0
3.63332404509,-0.462867142839,-1.40270581846,0.787333003083,-0.137029049524,0.0970084587856,-1.71326159585,-0.617272156313,-4.08441901268,-6.51815116574,1
-0.223918317023,-1.23440569773,-0.657941822365,0.468291334296,-2.07329867162,0.190384054253,0.71254779384,1.02169576326,-0.153563060655,-0.722081934233,1
0.761323394141,0.309029413811,-0.406154449458,1.12933396824,1.7446309797,-0.290752659869,-2.21117753806,-0.41419746622,0.590590537669,-0.708183136806,1
0.765347594926,0.203908433149,0.440129949074,-1.17809931475,-0.796831331141,-2.36974984878,-1.13495364254,-0.0149997832597,0.698727525587,0.0510129584449,1
-0.0465711616735,0.446663312616,0.847652460839,0.551057414531,0.113648328698,-3.46899488864,-0.155987720123,-0.596550435082,-0.69616473336,1.41602421296,0
-0.551357044261,-2.53507911525,1.57634335192,-0.445540280288,0.168860992426,0.803468769527,-0.582786891672,0.993791320894,-0.885868193398,0.4255073083,1
-3.16037932333,-1.81544989847,1.47762934385,-0.0343556254523,1.10914708365,-1.83226449823,-0.838726725176,0.350357012901,0.225579698732,0.234631571076,0
-0.337708667751,-0.502368421476,-0.127744103088,-1.07184621781,-2.45298705343,-0.55092736889,7.43563986279,0.724759312922,-1.98251661677,0.000998503779783,0
-2.59814661676,0.477349635793,0.366221663721,-1.1091714238,-0.191220683507,-1.98376655414,-0.728119287295,-1.22483027588,-9.68949487044,0.582681419669,0
-1.69326124119,1.65796687085,0.647538507149,1.44646639044,-1.35485672269,0.655475767534,1.23426375563,-0.203353198132,0.533177057994,0.486843578728,0
-1.34422678076,-0.191437148524,1.37331774983,-0.216672475714,0.139065836298,-0.026188511789,0.94412010352,-0.262338491604,0.628464080246,0.872969336258,0
0.951133229815,-1.19625502054,-1.01162188187,-0.881412596511,4.7706509355,-0.997485057342,-2.03435822385,-0.1367616838,-0.389425349231,0.666069556004,0
5.4555376664,-0.00716222246489,-1.18409561345,0.894498307001,-0.130054958469,-0.719842806631,2.77586065415,0.34034621039,2.03214078704,0.565012101408,1
0.103161410543,-1.00231287775,-0.345901569026,0.683724131844,-1.05273144908,-1.67342771692,0.568797170187,0.699471981598,2.39022798655,-0.24261623937,1
1.14265732152,-0.196869364306,-1.17730365838,0.706295931052,0.0946316907682,-0.917753480075,-3.09414708459,1.63312284866,1.68204223723,1.70310625498,1
1.2174893596,-0.727977695672,1.99038257598,2.65237627268,0.72512638998,4.27177044017,0.634927694877,2.52146089232,-1.09266731835,-0.0354536464328,1
-0.789810810947,2.1653377793,3.62282703521,0.55103713457,-0.468599333547,0.10411937223,1.02091342105,0.866817696408,-0.978258189382,0.0799569963816,0
0.0523910107562,0.465019869177,1.11568417743,0.953465575562,-0.3561479768,0.708815436948,0.262892517583,1.69240545106,-2.07805529252,-0.859829296345,1
0.399722907109,0.474198655624,-4.83420547244,-0.306622279088,2.6209122182,-7.59337448945,0.760224770189,-0.00889416765146,1.74986606083,-0.486962279107,0
1.3931327393,-4.32767712287,-0.258112835218,-0.874107815339,-1.98342351963,-0.992933343574,0.68130514511,-0.435604340595,0.217831613252,0.213433720631,1
-1.19869225728,0.270446104881,-3.86691165326,-1.01423549345,-0.201429040103,-0.158836491198,0.740199715679,-1.54285200767,0.0886800397566,-2.94973233111,0
3.19556469232,0.717878987493,-1.52310129695,-0.265733785876,0.303666784625,1.03803808752,-1.09585104984,1.25979778831,-1.80172816083,-0.247451828901,1
0.42202187202,0.338126451596,-0.596581711916,3.07676983998,4.65521355045,0.599200060012,0.391813949675,-0.0660673357508,-0.316513366429,0.190645786587,0
-0.0510525841831,-0.283970616933,1.34135176617,2.34021231957,0.515597953014,-0.508484505229,-1.08719446871,-0.0572691902631,0.779803232617,0.636949121639,1
1.08344925918,-0.732883885819,-1.29206747052,0.780266726991,0.722645597659,0.293065792532,-0.26182496319,-1.21579037315,-0.0365028821331,0.699926742427,1
-0.947952777074,0.622287794009,-2.31708657505,-0.0241105271867,-0.918745938052,-0.201089778569,-0.208757894226,-1.57802910512,2.50834489076,-0.790406738133,0
3.02723988574,0.36873139033,4.81722296121,-0.799235261733,-0.791986623849,0.705523533812,0.825908610342,1.02169831212,-0.272883683898,-0.733006159192,1
-0.746815573233,-0.606563935153,-0.0248207107948,-0.247608483726,0.661550939656,0.00109735027402,-0.361038623765,0.272763980661,0.564204935265,0.399513748596,0
-0.853361829689,-0.479203754231,0.187189743912,0.0539219220378,2.69697262901,1.28765408819,-3.82309286512,-0.685977762584,-0.524342135143,1.4023535441,0
-1.38332156559,-0.359937902643,2.93265652224,-0.804915803756,0.0668173476847,-0.645924088448,-0.944757836306,3.11675488232,-0.385582410267,-0.811917021668,1
1.76550540892,0.102730919798,1.57538909348,-0.36736388778,1.06236787163,-2.30887568283,1.33433127879,-0.186273737601,2.02289906109,-0.516174277644,1
-2.06161401858,0.317648336938,-0.66011854966,-0.00515177375956,-1.03973705756,1.36989105038,1.44977728281,-0.377033991557,-0.777990370107,4.37207686803,0
-0.351443820597,-0.887943845224,-0.157710680471,-1.52655989519,-0.702296254057,2.74832991535,2.0645485721,-2.48456262894,-2.98400186655,-0.440087249405,0
-1.54159499095,0.634879533195,0.161427045893,-0.297561336106,-0.330700272604,1.56417337327,-2.09751792194,-2.25899582976,-0.591495317544,2.84955530923,0
0.943799172261,-1.91060870169,0.408701931254,1.33542341708,-3.42575732444,0.586015629566,0.353529107269,-1.06571818092,-0.739952961526,0.913803228626,1
-0.22121625954,-0.18632940558,0.577281153957,0.309984799235,-1.62855367058,-0.568672030674,-1.8805761936,0.694228954083,1.42279317244,0.525947376747,1
-0.285003799337,-3.24587103235,-5.53645552736,0.159675120088,-1.98965517956,-0.40936902631,0.119661569064,-0.503436484015,0.564253859721,-0.0976949114301,1
-0.226341334541,-1.36159790748,-0.619513084059,-0.621200248938,-4.05963460787,-0.338772947055,-0.0269919676186,-0.480519417834,1.01610083981,-0.230951793521,1
-0.946969418213,-0.389541341196,0.379929432084,-0.938864209675,-0.869582191654,-0.29371307173,0.162978995917,1.64889165989,-1.12244946971,1.64762252136,0
-0.579105694421,4.11617072424,0.689396976861,-0.218200220323,1.16789169961,0.214502549383,-0.872491904737,1.77572216533,0.105964381315,-0.454374033889,0
1.28090416492,0.389252569462,-0.0374829978042,4.56870487156,0.974308188342,-2.97179806255,0.216331900137,-0.282380695513,-0.596041315429,-0.0840122122315,1
0.425264616039,0.120129158185,-2.12199752048,-1.20303583294,4.96929833607,-2.17723931104,0.582006648813,-1.1018780919,-0.737419599641,-0.892792589741,0
-0.0320455235191,-0.0747419732888,-1.13839734391,-1.71414613834,1.6219385912,0.174343066788,0.288062723253,0.22632832513,-1.27801574092,-0.161083105754,0
-0.777872401332,0.809808324572,3.00353059769,-1.14483237621,3.26037483099,-1.23203721908,1.07207097798,-1.06818674148,-0.487142086173,0.500124678843,0
-0.717945496262,0.790485661996,0.940961592084,-0.496321431303,3.54337977661,3.19541063441,0.51188956415,0.162994275931,0.699192562193,0.0670736917049,0
-2.29265841441,0.792363165568,0.0503724045229,-3.84284131602,-0.98671074928,1.69351084389,-0.400041361171,-0.668189746722,-0.227238344207,-1.19534059301,0
0.488678076883,0.335262839474,-2.12198388455,-2.89485059865,-2.22942625136,-0.0581678362753,-0.287806696043,-0.828315624959,0.414288174277,-0.938505089112,0
0.435981380899,-0.305662741937,-0.348087138159,-3.27243427175,-0.593022418383,-1.27328958914,0.551912251694,0.263523408802,3.82123911762,0.49060799785,0
-1.64745573037,0.988734413097,0.163976791532,-0.9100324216,-0.106864753256,1.02139188765,-1.49260315903,0.0729595444267,1.4361246497,2.65498439125,0
2.53925717627,-0.102637159071,-0.205904218206,0.107446264308,-0.484215651204,-3.20798469584,-3.54287330671,0.259302769023,-3.93807934451,-1.1325458921,1
-0.312688896927,-1.52972088714,-0.617144798394,7.90303041606,2.97768586038,-0.4426508925,0.926336048261,-0.191121898133,-0.0854243563878,0.403261600878,1
-2.60157715239,1.36841016869,0.755484558475,-1.01976968895,1.18882463391,0.809552262674,3.3878075167,-0.196614998565,-1.33426591247,0.33985305928,0
1.64722820324,-3.0931575903,-2.78146809583,2.62737926694,-0.824681691936,-2.31174834486,-1.16430404915,-2.15995082156,-1.39556091728,-0.125905512289,1
-0.571490401709,0.457254426019,-1.94478055163,-0.149421674841,-0.0453884721589,-0.78305614093,0.416629573817,-0.0913829783915,-1.28977139155,-0.650487994908,0
1.41378497947,-0.983536753414,1.02376136684,-0.274326968947,0.326030822464,0.253751547392,2.26836062179,0.302933762648,0.884761844631,0.873469169068,1
1.2462576827,0.69701862503,-0.133773511098,0.759586458512,2.91703333722,2.82517168017,-0.450569569977,-0.338541847467,0.5875835915,1.43618392737,1
3.09763598597,0.0549631979724,0.527323724598,-0.326541805008,-1.37395800085,1.76200631706,-0.805648664074,-1.57429416527,-1.309624678,2.77940480844,1
-2.08173829448,1.11256477218,0.994867850906,1.71497429156,0.712529384393,-2.69891739051,-0.442689878797,-2.79410994953,-0.362774744495,0.274861677264,0
0.611366327488,0.181415227371,1.58093176502,2.45224573587,1.3083389819,0.345190644301,-0.710294094314,-2.84072638766,-0.0818944964403,-1.22736713219,1
1.18172828735,-0.182113547941,1.21266914797,-0.546269008847,0.7376973377,-1.71553104948,-0.102996640276,-1.04715380212,-1.00799661571,1.36987972197,1
-0.701880603557,0.162349425226,0.271451786774,2.44873513747,1.79148596567,0.475959762808,-0.186359927698,-0.0708564002208,-0.590788825447,0.898568618371,0
-0.584475498313,0.72663789185,-0.514392508123,0.859012755069,-0.373709018541,-0.256744620111,0.165747018156,3.64326220215,2.76245414113,1.91052867057,0
-1.00977442823,-0.383073834036,0.192839489937,4.06140333028,-5.24827539152,1.73521180925,0.96479478435,1.17200744376,0.445279087156,-0.40707490435,1
0.612744819462,1.46390855683,0.82830153096,-0.112625409345,8.31105709148,1.01931917323,-1.07361872356,-0.150198279256,5.46452285757,-2.8590151269,0
1.47265055362,-1.37804886521,0.549123729283,-0.289739386778,0.100180516188,-6.09704335995,-1.19807634361,-0.0339488944981,-0.595672481566,0.542776369015,1
0.311918286329,1.68401670981,1.13506404564,0.329207962523,0.852885835565,1.06220983149,0.412753070268,-0.0381739685291,0.839923459438,0.60769408678,0
-0.291828767372,-0.0542318813911,-3.77162114798,-2.6898812229,-0.504019323408,2.04136358721,-0.759486440084,0.273285810194,0.416810852047,-0.977252068009,0
-0.582761996342,-1.7450382545,-1.94451665292,0.378973080789,0.549091300944,0.770801980908,-6.8637725974,0.672550528909,-0.806597080403,-0.261683182321,1
0.73488930818,-0.132594004537,-0.801141032267,-0.269590694779,1.43835444358,1.43615551858,0.009150247225,-0.674831357656,4.72374959369,-2.53904469108,1
0.804629299208,-0.23052271714,0.576552051473,2.68730711382,1.02207601629,1.82165311183,1.09414851703,-1.31984303078,-1.73392075699,0.796603996363,1
-0.53407694333,-4.38216274069,1.58695464128,-1.65439784343,1.70164927009,-1.95823869685,-0.0483279332954,1.58513183265,0.238791901078,-4.1683540981,1
-1.21408171876,0.379401615846,-0.980360440906,-0.223422899838,1.16852843045,1.4886613861,-0.00605194585272,0.345583190336,-0.16943153785,-0.0656534626294,0
0.0949933824302,-2.48894016074,-0.128046897764,0.422090357166,-0.9498636838,-0.295667662939,0.0794626505679,0.149117217857,-1.44807703753,0.798056037712,1
1.25835768222,-0.387899790878,0.650042639572,-0.369818038553,-0.509347329243,-1.14689269778,1.02027236995,1.24010008252,1.03560454472,-0.964033283484,1
-0.575197571099,0.761408316299,-0.595629511345,-0.604109402756,-0.894909658582,0.0138546743104,-2.28158411521,1.28682970546,-0.0904157686658,0.0492572536064,1
-1.42530078501,0.224086053108,-1.55587324584,5.97988603601,-0.192479031789,-1.85632751385,1.54509417724,0.766062218217,-0.0226799475145,-1.87066122785,0
-0.714713167544,0.897072534313,-0.839903983288,0.690068061044,0.895187186346,0.757185284359,0.28771913401,1.43921841583,0.421090014306,-0.280531014801,0
-2.46307441795,-0.564869008553,-3.4513448683,-1.4760697707,0.709763260444,0.461656896385,2.34383879504,0.385066205018,0.560285025083,-1.55182388237,0
0.724027238447,-1.06974096515,0.268311529451,1.84642893265,-0.142593319817,-0.385301584535,-1.27223033896,1.59190723769,0.037866769112,0.141759594894,1
0.908371640318,-0.441905331051,4.13829914203,0.55517664541,-0.958472705886,7.86140293962,-5.87352909345,-0.91094240292,-0.0912979319424,0.245682144022,1
-1.37084623195,0.680221652716,-0.497597932609,-0.39599412978,2.78316297611,-0.117290238584,0.850496193933,1.58315567034,0.170689300273,0.321987468114,0
0.690891950682,0.713543902013,3.02313831682,0.529441636975,-0.290631584504,-0.237831444585,0.24467144914,0.332114956394,-0.9790945556,-3.36347600597,1
4.3817144716,-0.79152252823,0.243185865615,0.518019964869,1.53759446528,1.6191846374,0.321812940557,-1.13073385619,-0.530290371955,-0.996933202929,1
-0.768614694562,-0.311533710167,-0.196024615839,1.51840551153,-0.681762752075,-0.208022176543,-0.607951608929,1.60479062873,0.316079848492,0.78987349844,1
0.457910007772,-1.6583219167,0.187657813943,2.21548175722,-3.35959352175,0.400342084332,0.083937446563,0.2805982373,-0.289608750371,-4.19076694988,1
-0.212345345795,-1.60361046965,-0.899406229344,0.572003881288,1.5553732989,-0.657687207354,-0.0401498469244,-0.660507067129,-0.697519759314,-0.108194123668,1
-3.97794971293,-3.15781969487,2.08069051076,0.834447308855,0.0671408573851,2.6467574696,2.5411298674,-0.218097885201,1.5542121732,-1.31636627561,0
0.438786318849,-41.2663717668,0.436889077687,-0.251121490966,1.91343808696,0.326957872957,3.32608005206,-1.94956584316,-0.0440315782065,-0.0188795254983,1
-0.343449795049,-1.20833630714,0.55143159331,0.183505733766,-1.91949849913,3.91781096068,-0.690206694422,-0.187694904268,-0.445827832666,0.355613972105,1
1.83283295386,1.67705354532,-1.59445827111,-0.0720960511302,0.706665515644,1.32477111701,-0.443045843358,-1.05515328481,0.762128432306,-0.000774680121824,1
1.43479619928,4.40058090764,0.357006629766,1.44496203625,-1.35716070372,-0.484209356829,3.92951429112,-0.286924270757,5.03636772998,0.0990606167206,0
-0.628537945364,-1.15168543633,-0.0797576058224,2.64249635478,-1.34419056661,5.80246882525,0.102436350426,-0.455516709564,-0.681185676789,-0.755829745604,1
0.170227952412,-1.86725177897,0.304266090698,2.37660804605,0.758716805298,1.50328741724,0.395993991145,-0.670123086836,-0.0986568233791,-3.17658119623,1
-0.531296318564,0.035490927679,-0.404451242972,0.916264436514,4.34575780189,3.46050204257,0.305865231471,0.485282210799,2.63706286298,-0.152524640582,1
-0.0524725508801,-0.0317990912595,-1.74001683365,3.48369067639,-0.289861748702,-0.150357415646,-1.06848917574,0.633875362726,-0.198155070372,2.29200317683,0
-0.322302713109,-0.15886798241,1.44912087369,-0.7060420755,0.216252078492,-0.625607800745,-1.92526791275,0.658088993352,-6.59165654646,-1.14422261065,0
0.403630822787,0.0107712580456,0.973606534545,0.00230197021711,3.22175698289,-0.245800727711,0.942690929134,-0.725931153514,-0.436954983135,0.529224349363,1
0.433379354549,-0.112117827254,-0.150512821976,-1.39303822662,0.879578020968,0.6385021537,0.283195545107,-0.11019562547,0.863919678095,-0.00833728336273,0
0.185771535074,1.45832707524,-1.78748552929,1.62165811157,0.358446423295,0.326488418754,-1.7308558281,0.766297191215,-0.0200831499538,1.53554281766,0
-0.376870007989,0.167589827525,-0.0459507090088,0.779987320991,-0.210699310862,0.190055052894,0.812638653406,0.609176599903,3.13269591509,2.57920133308,0
0.558609330897,-0.177127489513,0.683338795638,0.0182999315288,1.14401806841,0.164049222197,-1.49017320998,0.571288710508,0.0394995810197,3.99338505567,1
-0.562518279586,-1.06364764803,-1.32630942172,1.95474544531,1.61037942921,1.43657539218,1.84229381329,0.0459627477359,-0.280238463388,0.503171137658,0
0.479148650825,0.389527372115,0.000880214751684,6.09860566471,0.759108777202,-0.113864356803,1.31897253408,-1.36679271369,-0.046937372429,2.72332027644,1
1.00875811559,-2.73737739583,0.516358464089,1.41816036101,1.35393382614,-0.338346934342,3.24482973704,0.538483156665,3.12800159635,-0.22055627865,1
-0.468234895489,0.170127223556,1.20521295836,-0.0856569233685,2.46306454628,4.63293728508,-1.08037149822,-0.927968718309,0.696856619773,1.68823852807,1
-0.0836044622755,-1.55434378956,-1.19042363257,-1.47678473088,-1.03731672969,-0.505154047771,-1.20850076619,-3.07836074194,-0.0810188688826,0.141157244581,0
-0.923191062652,-0.363907985171,-0.918706300649,0.687592526705,1.03557294414,0.8828217428,-1.68549379635,-0.284634919632,-0.859458819386,0.270191186201,0
0.493015891349,-2.46732009812,-0.953581296479,-23.4195379558,-0.736601580307,-1.36707775058,-0.0493042081819,-1.95509559586,-0.129233809493,0.253241300132,1
-0.0040983247666,2.45287714493,0.613872782168,0.347786303512,2.21875731548,-1.16412352805,1.68969415686,0.728770531452,0.15225747814,2.85980959843,0
0.250441911961,-0.107827691094,-0.611027887027,-3.05958638519,-1.16638699857,-1.81220420347,-0.758252892892,0.145867947631,2.90087436565,-1.09986569338,0
-0.400368803937,-0.194691806238,2.17754214178,-0.496321605835,-0.180347225931,-0.221530824339,-3.47027572356,1.65817021607,2.33705979285,0.481626599195,1
1.40040046489,0.363276675285,-0.689036860441,0.0455736277554,-2.25404441557,0.239855683214,0.778048327527,1.22484603047,-0.306257536662,0.474006249117,1
2.08989345455,-1.97371614902,0.191856898695,-4.18609088759,-1.0428409846,-1.1238695469,2.36409153641,3.07826600957,-1.67625385025,-1.28159796485,1
0.651240843716,0.0422034619662,-2.26158858889,0.138931245063,9.65214314559,0.916734463984,0.715834905365,0.566064839617,1.08715092312,0.293354842353,0
0.826626998123,0.0375647157186,1.19256098672,-0.448823413584,4.23072458128,-0.410298282396,1.23249284359,-0.0461541247511,-0.230693150567,-2.73142999089,1
0.321907476501,-0.601601861098,1.43124806163,1.36996588747,0.604014294727,-0.279500268462,0.763988183809,1.02413606452,-0.503402048418,-0.0483252924087,1
-1.3446241302,-0.0116461507882,1.11855695301,2.11691276331,-0.778675166018,2.96008265121,-1.46935174788,-0.384132021522,0.968806766597,-0.442355028116,1
-0.63659522665,0.48199471563,0.892575041105,1.09410424882,-1.87975812499,0.525331233999,0.129003158367,1.75966846325,1.07962464961,-0.340178183413,1
0.317363183662,2.36833263904,1.49911214129,0.179799156238,1.51605691632,0.650063476654,-0.297731099694,0.0976333454823,-1.00343255021,-2.119879885,0
1.31415766189,1.09755837275,0.995596706732,-0.0868244273328,-0.344590366876,0.996976993578,1.50843138177,0.818979287109,-1.9696520525,0.0194129885198,0
-0.396182662685,2.05090340687,-0.163050881619,-8.13677171944,-0.0804463520569,1.30469446177,4.31904651341,0.681012331619,0.974164211849,2.91040789833,0
-1.67429746763,-1.77920492552,-2.51122437999,-5.30174383612,0.0470770920112,-2.26704882769,-1.13119313785,-0.0668183203825,-0.896874200233,0.5964916116,0
0.605901087611,0.577655363718,-0.486528978013,3.2514939164,1.10311383126,-0.639165924067,0.194820099222,-0.584289962976,-1.3929027185,-0.284014943844,1
-0.40229914602,-4.21546666559,0.192897829893,-0.186189878749,-0.390919926552,0.465045433665,0.15923992161,-0.238342478237,-14.0511838954,1.24810013272,1
0.46561829732,-1.17891591241,-0.829659113765,-0.99425687659,-0.989387950976,3.18134524682,-0.511620870355,-1.24904849304,3.72279042811,-1.88919800293,1
0.482558615636,-0.994798463301,-0.759504057288,-0.059176330117,-1.60089720207,-1.95105890254,-0.19652570919,5.85003255486,0.627439340421,-2.2809192678,1
7.25525377442,-0.604863064819,0.27627527132,0.00709936439142,0.362889713684,-0.169756935169,0.456326181822,-1.46780432242,0.129623102124,0.0444804207384,1
-0.975917447333,-1.38513063911,0.599998696809,-0.268003703427,-0.419770739526,-1.44568253227,-1.07424986021,0.473004618066,1.304984176,3.49063876313,0
0.518897193069,-1.42478211929,-3.02034251104,0.33456295616,1.70259280344,0.536237542683,1.95388943058,-0.428599690705,1.94693974733,-0.488742546799,0
0.169025176828,-0.326305511375,-0.238706695807,-1.54567833445,-0.999115700151,-1.16299489002,0.137851446761,-0.222045571488,-0.950195551133,-0.845697325106,1
0.27531401151,-1.18777416568,2.00797308029,-0.338155358968,0.698322389836,-1.21082268169,-0.45430971063,-1.54650915285,0.00884514362013,4.13099660449,1
1.42537164784,-2.91138231912,0.43742256682,-1.69327253087,-1.56063730292,-1.5423253713,-0.28439335445,-3.22255395316,0.908695479897,-1.00599926481,1
-6.85524159578,0.959221906465,-0.497308478368,-1.21719695526,0.364818843662,-0.368602918759,-4.61785700678,2.61694079096,1.05087180371,-1.55803059181,0
1.01016578198,0.598465269169,1.54023159069,-0.527283394878,-4.03081928117,0.669432181986,0.288032836441,-0.821506997672,1.66636615933,0.551782970925,1
0.953706011607,1.40774660814,0.342584387426,1.43427843914,-0.85624967882,1.56734121098,-1.61707819554,0.629733019607,1.56247975699,1.61896202657,1
-0.0242372498597,1.3920813412,0.534711985794,-2.48943892101,-1.21029615739,2.25216803844,-0.207377081109,2.46684332082,-2.23267129443,-0.0991048759636,0
1.96148856736,0.113535698278,-3.59771906396,0.437202078923,1.59420490107,0.203134829836,-2.0011978487,0.229610463433,-1.03453934633,-1.20592274635,1
1.45892306062,-0.192006329818,1.48845941223,2.70953665373,0.559456782035,0.524512665201,-1.56482705572,0.935509409057,-0.520427892686,-0.321383812627,1
-1.78708606816,-0.521421428844,0.853840924871,1.42191122911,-0.0357064352109,0.147547654669,0.996781436927,-0.690759336968,1.38872146488,-31.8264778878,0
1.59183089885,-5.03617339306,-0.284931238324,0.230894063389,2.07841672763,-0.705112979494,-0.234297592243,0.84625809493,-0.408983021691,-0.654479233889,1
0.683870228173,1.26082894478,0.681861184413,-1.2988370368,0.245112049181,-0.703414083153,1.64511267718,0.431541548365,6.32871405447,3.35920447778,0
-0.784898295409,0.110061672729,-0.338381584674,0.288595121066,0.0198954736103,-0.0415976772761,0.0893195498613,-1.04949612294,0.523535464628,0.82559300262,0
1.61183830101,-3.58872699197,-0.95059777242,-0.204899154013,-0.653585126108,0.822467843619,1.27601088165,-1.94313308905,0.779380823789,-0.671475838639,1
-1.13017049974,1.3651809459,0.312965111843,-0.181319117269,-1.2140379396,0.506938830029,-2.8651058549,0.275916714748,-0.105506649965,-1.64744887005,0
2.35551154673,0.448760680677,-0.692564653784,-1.21128602516,0.929923871629,-0.559849761211,0.718232125644,-5.81083834859,1.54004781133,-1.04959860167,1
2.9282886981,0.953373939718,-1.04552175243,-0.311296681804,-1.23558208131,0.0768859140653,0.600843082888,-0.843611115427,0.00406266075435,0.450982948098,1
0.841294766239,0.129673655226,0.594796546001,0.162749893911,-0.766393011361,0.246466324741,-0.993596613742,0.212785197741,-1.16671082465,1.6883318069,1
-1.27700952603,-1.04538621233,0.906571849463,0.476236822257,-0.479191837679,-0.560827250461,-0.546910751568,-0.531432526698,0.483407479239,-0.863010453544,0
-0.347326066233,-1.54207126986,0.339238440048,0.57683576183,-1.58985917955,1.48453819147,-0.578377896991,-0.500752668252,0.0986453624574,1.30556060166,1
1.22143024722,0.364453871901,2.62976332654,-0.255796927805,-1.30043375465,-0.0797420237234,0.491561624768,3.23505281954,2.1813379287,2.11391289084,1
0.590355487357,-1.43380708054,0.201331196648,1.33520017693,0.837178832156,-3.23230158678,11.7442152451,-0.89472089466,-2.16737527322,1.32886925604,1
-2.22039978857,-0.210894400083,1.26899945518,0.6517586818,0.469642236164,0.809850030737,-0.772698360709,-3.92341473476,-0.534321786566,0.639320937635,0
2.29893659643,-0.432440985144,-0.547317082077,0.39581812812,0.195695334439,0.341287964669,-0.429221603932,1.22812765703,-1.07784100619,4.64219405516,1
2.20044910339,-1.60800943457,0.654950788057,0.025153711407,-0.516117536352,-3.22353712478,-0.845629794988,-0.198957390621,-0.204726891655,-1.06568292939,1
0.436681169593,-1.47969469704,-0.892114270635,0.918971456497,1.32415324028,-0.0577960698041,0.186226417211,-0.0868997591161,-2.01777507486,3.83419203886,1
-0.322971457457,0.744019597918,0.00230762374432,2.1725778389,0.42526505353,0.0940697063625,-0.0516900030928,-1.08545678996,1.03633174484,-1.26970498314,0
-3.85410320062,0.910304542108,-1.82383009183,0.708853022452,-1.59246374889,-0.187576671732,-0.0911207838428,-2.1437484775,-0.548275668909,-0.17249937385,0
-0.534246152902,1.57689815409,1.66887988606,-1.41648739141,0.482253350963,-1.33251815027,0.443205955551,2.07099926284,0.671445749095,0.139786576243,0
-1.98007014201,-0.620887350809,0.145127468525,2.33059208726,0.633000150607,-1.90274901416,-1.13306985831,1.75454800532,0.641852050001,0.724738041201,0
0.874341359918,-0.450509058867,0.29198275189,1.22299099148,0.645675410185,-0.535609107732,2.93463286198,1.19649054978,0.399187250568,-0.575084397617,1
1.70167282965,2.92490426073,1.3905547895,0.115029259605,0.759350235145,0.844574484926,-0.0851276994902,0.245895637173,-1.82886280138,0.873293924122,1
3.92789642297,0.594470213689,-0.0967280318784,-1.10465542634,-0.906421015542,-1.0124093302,-0.276637470341,2.3206874939,0.677557953483,0.915377930942,1
0.91536389397,-0.33092100511,4.18983539782,-1.6295167032,1.2591027715,-0.36734629024,-1.32678266411,0.0368212532835,0.634972854806,0.265185565626,1
0.578650226473,0.0394168048798,1.36537322868,0.772354217644,-0.329083580017,-1.15447669382,-0.0481256374391,0.405516571763,0.00989405675184,0.309713087234,1
-0.670574171483,-1.32462516059,0.0597213859086,0.993873362323,-2.34860153157,-2.23105173363,-1.10642585063,-1.25881920985,-1.99955607305,-0.55047722507,0
-0.95732221872,-1.37010950256,-0.098383685296,0.300228092646,0.203539527153,1.69537761932,-2.4324164561,-0.352439054124,2.40526685224,1.4565771692,1
-0.0987337757557,-0.330950022311,1.78412700214,-0.871947257128,-2.25892722054,1.22638200035,0.0474682513946,-0.188556070719,-0.568692972863,0.93776500634,1
-2.6372849863,1.96527094553,0.495669942565,-0.225434082704,-0.624417161299,5.74414763256,0.0774054131322,0.833609242668,0.70377437276,1.07575147341,0
-0.817538206404,1.91053883129,-0.39556040867,0.721489715704,0.547276291378,6.42052288001,0.225497199336,-1.49016118396,-0.492004508268,-0.541755562728,0
0.873234115841,-4.23587966418,-0.23421552151,0.0912023429358,0.146882238687,-0.653996982862,1.04384918406,0.924989899768,-2.02466117989,-1.19331703758,1
2.68702789772,1.88527794366,0.0293968318706,0.141097456205,0.779861528122,-0.353166388167,-0.753595969196,0.750258336419,-0.752988422377,-0.392533664891,1
0.720064651726,2.23318977077,0.0867541604149,-2.59215688001,0.0864934994515,-0.343481513323,2.48387423838,2.25345626521,1.09694288539,-1.35212779223,0
3.30089213244,-0.774697025171,0.291491720205,0.360642108756,0.226637149199,0.545206340676,0.0402115674061,0.144684147154,1.55706234585,-0.170444113805,1
1.9961252678,-1.36845878517,-2.18896432561,-0.573342019435,2.09739496415,-0.0408159096477,-0.107071944955,1.09785402097,-2.4919938993,-0.317412751221,1
0.25105241639,1.62515114904,1.20158329624,-0.0306083481172,0.59718431174,-2.15454302649,-0.498125373819,-3.38999106264,0.00292170334651,1.45339715593,0
0.687436526109,-0.302622691289,-0.34775441894,-0.659252088984,-0.0691896417452,-1.69983699035,1.49555094367,0.903182819872,-0.839443748936,-0.686814397408,0
-2.83368638164,1.4126631981,-0.055752724191,-1.26343786627,1.22228131178,-0.462608650741,0.232037626248,1.2951631739,-5.50865219483,0.0794080472173,0
-0.599433512711,0.191024059856,1.61510241524,-0.518747504591,0.910251477689,-3.12043911502,0.91229055691,-1.94175547824,-0.976080956369,-0.967481989,0
0.398307713394,-0.0320286860684,3.63340757722,-0.838128947097,0.258678232646,0.565332063006,-0.467887335455,-2.7459552666,-0.346356895252,0.777606388105,1
-1.24524316048,1.05668517942,0.886210187087,-0.383604561663,-0.785020923363,-0.372596857307,-0.511030654633,0.232041960805,0.953427026227,1.3330225584,0
0.457011882238,-0.992144007924,-0.870537869714,1.43658141592,2.18512662151,0.2753533316,2.11214617632,-0.464811473081,0.104174464488,-0.586738018692,1
1.09153079089,-1.77962532791,0.880422887244,0.268797405325,1.43995001035,0.986744744545,0.980676010264,-0.494244572277,-0.360039973126,-0.637880777301,1
-1.07773346953,1.04229617337,-1.71585740458,-0.963941869199,1.61752540443,-0.56169956624,-2.46348356368,-0.711683048128,-0.56030497325,-0.49867985515,0
-3.00084619157,-0.383578445059,-0.0358738737687,0.528759464376,-0.43158900777,1.30232972586,0.174884768858,-1.47147666569,-0.00900297706407,1.79903700699,0
0.499775693676,-2.20804365523,1.4949248728,-1.30237328103,0.112128614035,-0.154458776017,-0.485331836793,1.07567871564,0.380575542779,-0.244710267737,1
-0.56939273956,1.06766304785,-0.744507894803,0.271616039494,0.247284554769,-0.0331852324165,-1.12475620156,0.740338291121,1.65078186065,0.739632672778,0
-0.116208951281,-1.53248530817,-0.0202226007802,-0.585790695454,-0.868438703251,-0.43957436021,5.75339077168,0.204797177188,-0.41667997687,-0.599791626654,1
-1.70261605268,-0.282820964689,1.73914585538,-0.542784397345,-0.686726181928,3.39619750195,1.19437819368,-1.74287851769,0.783558479499,0.715489475746,1
-0.233954143223,1.46792356345,-2.374441618,-2.01177680476,1.40987509273,-2.27428015465,0.640581404236,-2.77851549239,-0.296077118111,0.260915816567,0
-0.700358293288,-0.231591123985,0.206204926077,-0.120217787334,-2.26935708022,0.0908943885522,2.93529352651,0.845757394547,2.54600063697,-2.27411025952,1
-0.00898205130037,-1.27394174144,-0.326038843839,1.58210059823,5.31595906881,0.259823094612,0.675651242511,-0.746254401474,0.432396685645,0.141202699866,0
1.39339482986,-2.76820908806,0.370551818252,0.508538118321,-2.92129240569,0.415320465249,1.09051211358,-4.81034323214,0.352208664038,7.29401042,1
0.0380425146035,0.246610326517,-0.226038045355,-0.711988819464,-0.616916220573,1.99658744983,1.50260647647,0.481644447152,0.306963524195,-0.0153848713108,0
-0.201584066774,-0.42893660284,-0.154467450964,-3.50243623571,0.0929476930619,2.33759420034,0.913432186475,-0.928471543256,-1.13311641768,-1.12130342812,0
-3.14753117607,1.14872093145,0.381205138082,1.19636237434,8.98259192602,-0.545321225967,0.781864412156,0.295246009269,0.716500903565,0.936987795704,0
1.45332828541,-0.741495541452,-0.662971649953,-0.548061741224,1.25033287622,0.143908991403,0.0250907206826,1.58401382619,0.305856139836,-0.0086830551,1
-1.23922339246,0.480581618862,0.0703806591313,-3.86959039882,-0.563328683204,0.219458028729,0.961088499598,-2.95146788341,0.909637256623,0.0482452353702,0
1.33156311114,-1.19326516571,-0.132275056452,-0.616911098355,-1.22282480873,0.58216806688,-0.982824240923,2.46040364738,-0.137949873551,-0.437355026895,1
1.43849293727,1.3034583601,-0.413643297693,-4.395104566,-0.981621537624,0.946320617195,0.999804510493,-0.24988899416,1.3825890268,-1.87571598111,0
-0.766610629903,0.808508529,0.485972753904,-0.417722841341,-1.4361813246,-3.48615310358,1.09938040664,3.24743960121,-0.319112483753,1.23722642463,0
1.79665315289,0.110594822707,-2.00575754874,0.641500262048,1.11872543426,1.11527083477,-0.164020214599,-0.506338149961,1.4217613861,0.990994948201,1
-2.84954201179,-0.446009713267,-3.26495706527,-0.21781771735,-2.50002533386,-0.237148868458,-0.331112467174,-0.310893622335,0.634152394287,1.04164415994,0
1.33487842602,1.4893914646,-0.466299702567,-3.15566161042,-2.24818824015,-0.527280859856,0.981736902126,0.926360264315,10.4674535999,0.954064419644,1
0.343189614839,0.0213901463956,-0.0548377612063,-0.419340746363,-0.163098992204,-0.377278887615,0.557161296462,-0.897314066086,-0.877982746951,-0.152782779922,0
-0.463654043994,0.77004317938,-0.921514021548,-0.00452390821916,-0.877666003348,-2.69953716225,1.0448351966,-1.24033041931,1.70394603733,-0.94869182938,0
-0.352771941878,-0.653472981932,-0.688185623762,1.43473264656,1.74294825053,-1.90665878938,0.476055968128,3.4922688471,1.77795963985,0.0982768638322,0
1.97542397009,1.91696852389,-1.3809584632,0.362482102173,0.486700927483,0.854878720582,0.115279394591,0.032227200756,-3.25053542324,-0.11846343175,1
-0.154985627605,-2.1991320152,1.20093297848,0.72775797606,-0.789586947376,-1.39277851913,-0.036383169624,0.0505536529718,-0.154855843102,2.25622727888,1
-1.00322096389,-0.997309344354,0.124869574804,0.417688208511,-0.194753612077,3.46485040038,-4.33145289946,0.0379244536837,-1.12164391864,-0.53091240458,1
-0.499935198229,1.75039466521,-0.267459577815,0.848868284459,-0.249296026876,0.520011371091,-0.178187970005,0.00691759264802,0.730360603041,-0.731472791505,0
-0.279597701279,0.17310200189,0.560398499647,-0.67100255087,-0.297620378066,-0.602769213136,2.11167475255,0.593143820085,-0.794122091005,-0.0905278123496,0
0.0631848365118,1.04653065141,-0.81134076829,-2.78074497695,-2.97102243585,-0.653589702804,0.666179995291,0.994643427246,-1.23570981227,0.496114434511,0
-0.600174844125,1.17368792866,10.9693002654,-0.0808776907049,2.30962837829,-0.127603182026,0.66552729461,-1.16375764842,3.19342212838,-1.59369345623,1
-0.98278254431,-3.83816239105,0.158973652057,-0.996175560729,1.53064970083,0.624632764382,-0.525024596783,-0.543122566474,0.15344364941,1.00889425731,1
0.140855928057,0.511175989375,-0.158311545338,0.205375261001,0.347810939819,-0.134858265781,2.20422164619,0.195278585062,0.414162822229,-0.366271720297,1
-1.99046984601,2.74849790137,-0.956229560941,-0.530352598914,0.879839664426,0.0490778870057,0.413204118123,2.65447624513,-0.995472470992,0.460479611625,0
-0.674188245164,0.473190554087,-0.305658636702,1.86007785413,-1.13028300517,1.22954737055,1.92744665316,0.916241010992,3.06626420703,0.484150744721,0
0.294908430125,0.152938569644,-0.733054130886,0.270175055015,-1.34133020811,0.574598494731,-0.0594767055218,1.0426351253,0.445033801266,2.03433115874,1
0.0104197497435,-0.257741505816,2.18114600328,0.545260625897,-1.34686962539,-0.141937953414,1.37040908396,-0.318938129062,0.165212107317,-0.0115261380654,1
-1.62537251996,-0.899499993708,-2.07156128623,-0.246975790952,-2.14664094187,0.407503100893,-0.0254217928256,-0.0841254914505,1.97130130339,-0.380019590282,0
-0.332003698854,-0.709624542846,2.54925345722,1.13738354116,-0.90143700853,1.10736088251,-0.221554418464,3.89050366839,-1.74435560847,-0.470960357324,1
-0.282920484861,-0.939212907493,-0.546791584736,2.48370540129,0.293788415551,-2.16036401192,-1.09378252126,2.46285979034,-2.81349956552,0.173736896992,0
0.462782344133,0.336207764811,-0.923824203688,-0.420834722698,-1.51747407642,-0.000963560503681,5.58333117305,-1.03667520417,-0.188509534894,2.74751739906,0
0.169830280867,1.44095329778,-1.11579799431,-0.216341962407,-1.60408068297,0.880315868847,0.590956439459,0.73161127489,1.5884434792,0.204648950786,0
1.48641201964,0.782211700678,0.285681873048,-0.0481812497793,-0.00556323259053,-0.0878077541699,-0.646366123503,1.01567933818,-0.913190585685,-1.44199336386,1
-1.90389329272,-1.91215365125,0.35244825083,-0.660804267367,-1.16034810506,0.552464102446,1.28652054521,-1.00989938075,0.640399980333,-1.57107578963,0
-2.4514522098,1.26783574678,0.727710867921,-2.41880543153,-0.332086860285,0.425916884042,-0.113672763276,-0.50046316142,-0.19117982085,0.0982793370992,0
-0.659664461555,-1.15033112078,-2.79163412773,0.748585194992,1.33517110673,-1.63394305855,0.946808202304,2.67287620561,0.263422856231,-3.52426299698,0
1.02432911032,-4.22240982598,0.306828453451,-0.453746526368,-0.0723988329519,-2.41143936959,0.00687564097779,-0.571545254263,1.04924503072,1.28941683074,1
0.361425259832,-0.60529276865,-0.765724526161,1.22579093735,0.800395850885,0.214735454488,-1.3365641163,-0.399925844078,4.10440695471,1.75971972437,1
5.09130821837,-0.560692209529,-0.267934970987,1.32748393493,2.83118972813,-1.15349285798,-1.85712234764,-0.253566559029,-0.654880082165,0.985418628534,1
3.45756909974,-0.174942248111,-0.13825923007,-0.0421054989853,-0.337373812896,0.495516344995,-0.643445446506,1.07917364117,0.252484347921,-0.207718586256,1
-1.58700021139,-2.99811390502,1.80202426536,-0.774550704634,-1.22021011584,0.449913742909,0.438276774762,-0.299926737495,-0.630857370473,1.05967929114,1
0.76839212828,-2.04355594185,-0.483647408247,0.667405600878,-3.21226026201,-0.0202355798428,2.17473752806,2.12332983124,-0.240514367549,-0.301629818062,1
-1.06972148527,-0.297808557805,-2.44646614952,0.338915232752,-1.01237049324,0.111243995136,0.106719311425,1.2018679354,-0.560439286752,-0.0714057866638,0
0.46364004122,6.62580357712,0.188953837538,1.06352353545,0.207763659378,-0.71676587353,1.31707968041,-0.33670101722,-0.054257327534,-0.997479880693,0
0.778738313446,-0.10899132157,-0.276940827062,-0.763351291628,-0.183390559959,-0.725681950646,-0.726916412604,-0.370361566498,0.276537073755,0.395989856694,1
0.216343480052,-0.317082296319,-0.912322326378,0.0877215426818,0.206026162158,1.5092760083,-0.0295739435659,0.513166747718,-0.974342627975,0.183505885988,1
-1.61235375647,0.148476032398,0.912910201182,-0.70091022069,-0.0355466775067,0.688527425553,-2.43198767002,4.96728482826,0.379571224469,9.18779978277,0
0.626076844986,0.72770407966,-0.416191543131,4.72915795048,-1.93500163355,-0.271964402125,-0.690978992528,-0.268881934084,1.31306940679,-1.77722205173,1
1.55873693328,2.41746613588,0.274475248806,0.0440539194745,-1.73543548448,-1.36974842441,-1.43681101559,-2.31869665677,-0.33432386481,-0.496855144588,1
-1.02855960987,-0.836701952227,0.353101228354,1.01364717355,0.182451376412,0.978178316407,0.463814835633,0.136933151779,0.37741699283,-0.347205918792,1
4.4655630218,0.874318852421,-1.32525701216,1.71088191816,-3.68833590861,0.708313896516,0.210876672698,-0.337478400378,0.923123107513,0.280418923055,1
1.48534753303,0.768648366129,-0.826466685386,0.204436103239,0.762766944991,1.74071589876,-5.61349967738,-0.505813549047,0.21445423195,0.886763677405,1
-0.220895261719,-0.703872261013,-1.41856824307,-0.95341298181,1.45587398798,-0.397791172287,-1.09714924973,-3.761909918,-1.35397645659,-1.23319862837,0
0.230396914861,0.56829027277,-1.98439033562,2.67798183212,0.557002360758,-0.779521418403,0.847209452657,-2.75624573189,-0.254314471801,-0.520173559163,0
-2.61331252501,0.330580958656,-0.798675601952,-0.730705028259,0.764638750505,2.11140628765,-0.165716174926,-0.236396711943,-2.19715618271,-0.816475603235,0
-0.575722961184,0.345345733389,0.047628851381,0.930961346085,1.98572917508,1.29540927379,0.504232028224,3.34295926484,-0.0205673613096,0.433576216144,0
2.84818934381,0.338913174134,1.2975141178,3.64436722392,0.0728085897779,0.664369115173,0.411583823275,0.228126419181,-1.78950542047,0.109459132885,1
1.45604587793,2.69949191613,0.147024618853,-4.31777008603,-2.0263209875,1.79286060467,-0.121886834986,0.150935048051,-1.222211812,-0.761373419825,0
2.60124209725,-0.492828083056,0.93084576713,0.979446165415,1.02493232857,0.131959625167,-2.26141718436,0.274293823867,-1.15237410854,0.529890818082,1
