x1,x2,x3,x4,x5,x6,x7,x8,x9,x10,target
1.30281202965,1.77608100457,1.07559184793,0.824984030079,0.840295976111,0.224098209004,0.487595923596,0.0794147448459,1.20125759366,2.54475981877,0
3.03013474989,2.61300375405,1.29823419828,1.3623597155,0.491710753269,0.798747293132,2.55487529666,1.67262623581,2.36978612168,0.732648483801,1
0.418800728539,5.26573127659,0.484245021729,0.163697684327,0.575578829356,0.655348603091,1.31474362939,4.03257536802,4.31930606536,1.93388738196,0
9.36084566098,1.82340240129,0.997719441676,0.752859810831,2.19226095202,1.24073785823,5.89021037432,1.41905301435,0.514276846066,0.188324195459,1
8.80014390228,6.04679530857,0.235207012506,0.528592867469,1.07650257481,0.953843086086,1.1042894353,6.32181759284,0.431486706792,2.85054109949,1
0.774989877515,1.4411226808,0.359540899005,0.347183154044,0.726892974876,0.117057129323,0.533775384226,1.40169650568,2.2822413435,1.37110333407,0
0.679384139778,0.97241338887,5.47873671658,0.118222659342,0.362725557746,0.591234305469,0.328397683686,1.02140406695,0.237625635997,0.376696887207,1
1.6907415626,0.84166717247,1.49105463779,0.617321935009,2.57683694787,0.194861138418,0.386109597676,2.47918535748,1.24356988601,0.58080279383,0
1.17529179206,0.689833820593,0.117169306431,0.300742356187,0.37887329588,2.45417149407,2.35345582588,2.86488872484,2.5536288289,0.535709719521,1
0.620633638457,1.02802583124,1.07040039203,6.9641726695,6.37465774569,1.94177285579,0.954922555501,0.505850600482,5.79776820885,1.58140842894,1
3.24184221849,0.446080287845,1.57777593507,2.47387785638,0.943643696909,0.514994448687,0.557372583289,1.81297015902,4.75308442482,1.35238787206,1
0.601464306268,2.55391918188,0.283961838014,1.12215639174,0.857131139629,1.48670525314,0.385812047218,4.85099882018,0.934701271891,0.822338565868,0
5.320606083,1.12149519814,1.97278304673,2.00225088423,0.210646289105,0.135415482924,0.894869975386,2.01450599006,1.02076596334,9.03621212713,1
2.34251414385,1.04776568354,0.582171097806,4.28278639815,1.10605732897,1.68195299044,1.82021113,19.6489630709,0.240779728787,5.0929425907,1
1.71325865564,1.37517900495,0.722008818029,0.357575542415,1.45898654873,4.05617345183,2.6378338122,1.87829715528,2.79248644914,0.545178206691,1
1.1854831576,0.573979196372,0.994941020395,0.518728064488,5.89616075469,3.86008041669,0.766847890028,1.28986014299,1.39688650602,1.10867188662,0
0.412624733988,0.548462141046,0.794935831938,1.29620617602,1.95849542757,0.452208373472,1.49040841706,1.92384587384,0.959459055553,1.39148515225,0
2.53413128732,0.86210671948,3.0295679316,2.75452688593,2.23244767386,0.341297057682,0.965188577336,0.375934342266,0.878936479949,3.2926899492,1
0.71887314443,1.06672612077,3.77554711068,0.864892467979,3.89695187146,7.82456860157,0.53999223973,1.00341060161,0.754377720608,0.136874454431,1
1.98240483666,0.112466234658,0.674360161279,0.579068282442,1.84370452744,1.27399371346,5.14530530604,0.901041806274,0.469801633517,0.27276421618,1
0.230793480633,0.17827478519,1.55827056887,2.83871903229,0.505985185538,0.576942314404,5.89679728036,0.542131931203,0.183692827006,0.997417414721,0
4.22465488895,1.96018455384,1.34227491083,0.786998856973,0.328170184843,2.73653971948,3.73250969502,5.54075720596,0.946456543632,1.29362518262,1
0.447319011943,0.883952270224,3.059327034,0.175420852374,1.8738886889,0.549429312938,2.06729131873,0.844870695648,8.68001853538,4.47962856842,0
0.498742444381,0.221580713891,1.08783329377,0.0776388858247,0.429287488129,0.496955726267,1.73709987164,4.80878558013,0.874361390983,0.758091027423,0
0.0890578558913,1.20185228623,0.789513761374,1.23608263753,2.10846412215,2.06201687351,0.533859200426,1.74212339709,2.48582045009,0.983614917363,0
3.47518029871,0.268068770938,0.339746533803,4.48488292864,7.00779793881,0.245160530747,0.713515895766,1.72795528999,1.45250351232,2.77693720027,1
0.707840630949,0.562591807581,0.525369604633,1.03642622578,0.503095387209,2.29947213684,2.21484374323,2.83557018867,1.1543043726,0.536646785886,0
1.29026771078,0.577951204966,0.483534075912,1.69476655571,1.6220678077,0.74503385015,1.33563589843,0.570710875445,1.92615215077,0.150359433315,1
0.411298764702,1.24453887777,0.711390906475,1.30598906896,0.461325427289,7.05780906085,2.02568717779,1.00400265286,2.54429188541,0.936543751813,1
0.549691866928,0.877038436871,1.36004598556,0.382285894134,0.140434124952,3.02736559046,0.364910739197,2.12337725287,2.36429150889,0.268346131876,0
1.08060556365,0.513919159076,1.20457623184,5.28974025894,1.35677767653,1.18227233145,4.66067121696,0.491322457211,0.478752819933,2.20706974146,1
0.545915358139,0.927728650889,1.05425334574,1.15933722979,0.394533206704,0.370135804595,1.06592109693,1.18574186181,0.603146653626,0.641734497165,0
0.623659453802,0.249594258589,0.355635082923,1.13341013347,0.247834646198,0.364373510713,1.15270193977,0.894408005265,4.72301536875,7.7267383537,0
2.35344673308,1.8606319676,0.517921424174,0.368038005212,1.41937751851,2.23119847508,1.86322394126,2.90942020942,3.16850674856,0.562788455646,1
0.437174411982,2.48004232003,0.344085153338,1.08215815349,0.674957278002,1.67160327925,0.565403361356,7.20853779557,2.43950020727,7.12869354436,0
3.61630062378,1.49131071167,0.774696001581,2.04526451261,0.821596187179,2.04838518769,0.411406574589,1.24098444894,0.381225470541,1.6682942614,1
2.19084516474,0.819210025177,0.252595924729,1.58176877484,0.0310632673759,0.723528939365,0.440138084647,2.13482352899,3.97514035295,0.735008227269,1
0.259914207616,5.65065317493,2.71204495321,4.199905469,0.170206773332,0.799615293198,20.7773774651,1.23492897347,0.623091073494,1.24140934246,0
1.01551650862,0.616456622717,0.18129501336,0.0438309482103,1.13951933287,0.446420909892,1.54848278128,0.342368687951,0.486921676223,1.90033496778,0
1.64688897606,3.12659611785,1.12890692712,5.62557873148,1.08360548141,0.656620906009,1.46632496963,0.0325266310437,0.675437399574,4.58588366698,0
4.40476136662,2.37249507399,0.806682110784,1.26214995183,0.900611813342,0.677358870646,1.18690596441,0.959043429344,0.745497020792,2.42224664395,1
0.268100254203,1.76913276141,6.82741654575,0.726354172202,3.00467322109,0.693462002571,0.356305923445,12.5353592745,0.826262145918,0.32692997934,1
4.07855895047,0.603055428419,0.809918219246,19.7820101168,0.347048110378,0.121124209182,0.848552741777,0.236919276147,2.68431114501,0.75292922794,1
1.0546873026,2.5730751976,0.0762760628219,1.02194571325,0.167579294196,0.698076334291,1.52663788818,0.556315123069,3.16072435174,0.338028634032,0
0.341186964136,2.42271443374,1.32731236508,1.84084554737,0.591077385248,1.02527221779,8.41133867625,0.331188324992,0.829034234773,4.44617555469,0
0.059792686114,0.450072812847,0.10933811873,11.6921270447,0.959879760111,1.23736881397,0.415656805803,1.17784528925,2.42538781429,1.07308864679,1
0.672784680417,0.411335818188,0.928174707125,2.98977059772,8.78090249163,0.34807432482,1.08473146707,1.24465604437,1.86358260849,0.529757734374,0
0.774495424474,2.1133628172,2.37649138727,3.21948044202,0.343073888614,2.81248559919,1.84884754936,3.31667648882,0.146993984331,1.65441305014,0
1.69855772101,2.42063667187,0.316117157317,0.166852758181,0.340046047644,0.541812335774,0.6375450845,0.877419984049,15.5794838648,0.98941228869,0
0.345153529439,0.323393159916,0.580990797394,0.955395300264,1.2931628731,3.28058496635,0.184982891195,0.551150255197,1.26429236803,2.59613942885,0
0.340372970258,5.70819467661,0.998632783496,0.458669208429,0.322227083427,0.70477478452,4.21036112229,2.00896198153,0.533233751273,1.86872599851,0
1.13457173002,1.94273219302,0.467455949881,2.26291388392,0.428611077494,0.273865653803,0.258591419693,1.28127654731,1.7923901925,0.251203582484,0
0.236076835075,1.5081680806,1.10232602621,0.144487287076,1.02222418044,1.29531944251,1.68951016204,0.759035013443,0.403991023662,0.55166949586,0
0.348216413358,0.512780462808,1.84722283374,10.578190753,1.41334539841,0.587266004921,13.2548587627,4.09629919719,1.42155519866,11.3324180908,0
1.56151303154,1.22037354498,0.303877042569,2.472118264,0.562270553654,0.818501336067,2.74866681569,1.725733896,2.78859384513,1.71537012309,1
0.854280608161,0.335864482304,3.63970754249,0.507939186998,0.396258414622,0.976963873133,0.949555329619,0.748846679881,0.502506128615,2.59578083318,1
0.549372524496,3.75976321451,2.08220589005,0.889599699212,0.38847791985,1.52479782733,1.79937251324,0.378928035222,2.29263768797,0.770238390327,0
6.51145349019,0.364794897123,1.27898975826,2.17366518165,1.69835455672,0.246121312597,0.926857921162,1.2520773248,4.35064534895,0.829423614859,1
0.666832991146,1.82909195606,0.469470612886,1.32377941875,0.293176509384,1.85384208774,0.551143074641,0.150926767935,1.55882912936,1.35266026245,0
0.536125665063,6.0745522733,0.294022194535,1.78046066627,4.66945422096,0.939254283214,0.500652535947,1.0466348441,0.630142205251,1.15144089161,0
8.61615026132,0.293225075815,0.774474654394,0.875609894995,2.07677791499,1.38019786291,0.453340783315,0.959003012899,0.290120615154,5.62598126214,1
0.996394750509,1.78470383513,2.26737226097,1.22677636192,4.87323785251,1.14835776617,1.84907742401,1.06160497658,0.437127315978,6.43463994932,0
0.236476518715,0.706090203259,1.67627662062,0.779662499707,0.153348046149,15.2389333503,0.659953393308,1.08418340088,0.655136640961,5.23260074365,0
0.301270289294,0.317493857401,0.37730429188,2.00656141322,3.60123059813,1.05087150657,0.561276704775,0.661517882404,1.32340438029,1.52292042631,0
2.51735635651,2.04472638351,0.237590659624,0.44321900468,1.1262842064,1.34345888932,0.616940948584,6.71391813068,0.696880348603,1.81682106638,1
15.1367010832,0.586506842143,1.87564793612,2.3075637086,2.17336804621,0.459080060242,0.425538282386,1.20945947534,2.79170909321,3.35272913562,1
1.73919522676,0.367539931949,5.04921760994,1.02344023047,2.24162667051,1.19413053848,0.892149567503,0.451334076205,0.446874502463,0.650955744437,1
0.416305363558,4.71942442894,0.626437584956,0.552933560557,1.30117071281,0.331127158916,1.74772872491,0.936977093885,1.55337324099,0.916846400268,0
3.53837186316,0.835759027158,3.17125864615,5.5887051614,3.87291098237,0.641294316741,5.86452401416,0.901106502175,2.26450434215,0.693327950576,1
1.78266723603,1.14550950685,0.907340316083,0.182301756709,0.150574175138,2.99259296875,5.02940924829,1.59618251354,1.10529061004,0.682488914439,0
0.14876292536,0.697884194996,0.170926147107,0.488310087175,7.67945194136,6.4431618242,2.14679731649,0.277178142838,1.23461500214,0.473909490363,0
0.172976284154,0.447214288215,0.96078031125,0.201881517068,0.929396618627,0.638849965958,0.324377256834,3.09243161046,4.63764194609,0.267305931159,0
3.01932806826,1.56201032337,0.537541167354,1.02234478237,0.126008781553,3.70128934201,0.250631954857,0.580524799736,0.432830840898,1.95952630677,1
2.7233287378,1.78665791048,0.552358058342,3.67258020047,0.165707899832,0.192621726935,4.72169283953,1.02276237632,0.492666141468,0.483671287099,1
0.2867369535,3.23961804592,2.5938984645,4.02830009066,1.26880774797,4.42453314045,1.57575086559,0.217224935537,0.476403091483,0.893368581262,1
1.21805047828,0.686461589738,0.490045728333,5.41985295778,0.198740962891,0.516704410952,3.11713106393,0.144585991643,6.44178331188,2.53838883047,1
1.76406118936,0.132092585007,1.0634261251,1.92470995954,0.840713782776,1.01391675784,0.586241524731,11.8316465859,0.924735944088,0.624652392522,1
0.235128532174,1.62320445158,5.76160698553,0.138580463825,1.0957723456,2.04063805155,1.77789562911,6.77968927341,0.827188885293,0.331520944058,1
0.966925057449,6.39147366276,3.25786509415,1.35472200573,0.939696753219,0.195277174381,0.090079618207,0.382664341034,0.869285263281,1.86190747415,0
0.863846307943,0.314967563096,3.88290046262,0.392196870513,0.247573325127,1.03861300601,0.207823851427,0.622991505077,0.403656970479,0.211988879392,1
0.54371385608,1.24532154113,0.925459075262,1.49527749753,1.54239756099,1.18135990792,0.460862986724,3.80339537677,2.56839269125,1.51206814617,0
0.669753007565,0.799383887184,0.487686656525,0.865083276358,1.04267053363,0.169354923907,2.09782237109,0.859688749984,2.03067036372,10.4311164841,0
1.40309017106,0.769116083257,0.264769075483,2.30315422058,0.290178395465,0.883276213433,0.67791931489,0.71819820158,1.7534635109,0.15881228405,1
0.963326445116,2.55520925275,0.839033438033,0.633984488343,2.39654359587,2.88165134657,0.94659472538,0.559904529558,2.15303125193,0.465692074138,0
0.761729321848,0.192820464621,1.5181856653,1.9491461655,0.490047598711,1.02504264391,2.91112790513,0.733592049804,1.30353282781,0.720870760852,1
0.400565064214,2.3872055856,9.15383269206,2.26309948857,8.29311025862,6.68522479203,0.288514598014,0.848077602271,38.3067956728,2.83764775529,1
0.735487149482,4.06721561045,0.272535683926,0.510704597438,2.41633050719,1.78942979408,2.02525125653,0.258912558735,1.48502410432,0.183030613593,0
0.960456828315,2.37745520898,1.09974585683,0.186268894782,0.850170182626,1.00087189376,5.5875808354,0.19581274788,0.475696393074,1.31537576422,0
0.796079717242,0.674434640202,0.832169285499,1.33089811658,0.804294605294,0.213288374167,2.6502430287,0.626036526806,0.235107046214,0.7960982529,0
7.37565844741,1.38661034622,2.09386660961,0.253471669419,2.37829748618,0.519097284373,0.0239843504847,0.769833714661,1.61867714237,5.61323604923,1
0.634935801115,2.11618191809,8.72760983566,4.6287069794,0.331132268302,4.21416858769,9.62837032826,0.166978591746,3.00171412894,3.01872168934,1
1.84465469407,0.545283931951,0.503793808472,0.483140265233,0.403751640991,1.73787049367,0.28404768536,0.630088261013,0.724951353487,1.20711666666,1
0.933470932933,1.15093848503,1.35066684873,0.91688023677,0.335422881962,1.94329574603,2.90074265211,3.06346235016,1.77652796492,0.540928287654,0
3.79128739504,0.109988501971,1.00065613299,0.140211608684,1.33267112213,0.215078607788,1.94562244328,2.10831300551,0.30586024178,0.309083174056,1
0.472783232283,1.51928649524,0.0750465194072,0.837990500375,0.823290736451,1.03526521219,0.608497072035,0.283693653375,0.427101342304,0.69069191245,0
0.813988516504,0.498758737048,0.491120553334,0.166741007659,0.477322687326,0.590916763807,0.420959632613,0.878854009419,0.224881787209,10.5828950978,0
1.43101765736,0.188903409966,0.167301370709,0.920113663028,10.664671244,1.27217840901,2.09417920349,0.960779526458,5.51396668305,0.766274861949,0
0.353255454707,1.82790016835,0.133646313559,0.175691422726,2.12687491641,0.407579977103,6.94302558497,0.106539088532,0.843375554507,3.9600713434,0
2.70271883843,0.441887771242,0.313523544087,0.392873099171,0.625981512148,2.4232137555,1.03466406418,5.46496135518,0.342261035755,0.58136791842,1
8.30069097933,1.01025360383,0.907473949217,1.27317769937,0.258676967749,0.203858382664,1.23678305665,1.03874272532,0.106144734715,1.36793585679,1
0.663593864101,6.17059970952,1.01236386255,0.240720003759,0.407135384641,5.50339202054,0.507447518266,1.507412666,2.44639358186,0.484730356424,0
0.772145823247,4.85171791612,0.416289517487,7.05421675999,0.273162573895,18.148211503,2.10261716171,0.508960910842,3.3681447435,1.61819245174,0
0.788348587561,0.219036389358,0.650948987498,6.16841228438,3.58531197949,0.583102199602,0.460041011435,4.90598370295,0.48223683685,1.71120302696,1
10.1564990123,9.20661322531,1.08348803043,0.619139863048,1.06221062505,2.04545907829,0.5972683097,2.38493823159,0.456325798417,8.1430590428,1
2.23652074872,0.295421231467,1.08654621021,0.29891402386,0.303507304823,0.176229037067,2.20630618694,0.428284492464,0.997285260833,0.73559612423,1
1.93227063954,2.28905925756,0.173304935669,11.3913615412,0.259857995558,0.740407122439,1.18730118996,20.2910754023,0.992539044583,1.97350158511,1
0.706706483797,3.85443179332,3.68192624458,0.705868970599,1.66816180862,1.15670020795,1.02631358857,4.38401079196,9.77246247995,2.72539083942,0
0.276291946378,0.815767462152,0.518004836054,0.327377126696,1.04695311887,0.35422118156,3.81840692715,3.71773736672,0.468064440846,2.42161895593,0
1.00064637562,1.10726808903,1.12608899765,3.13560011446,0.586609088412,0.183649818255,16.3926172568,0.501861726273,1.87995580898,1.29183098359,0
1.30873309003,1.74140016156,1.91586577575,0.788344817523,1.41840880346,0.787563432614,0.675442038821,0.877425772939,2.17831966185,0.494661896082,1
0.693328996907,0.742865190311,1.00508842806,0.698898159378,0.552812153558,1.51484346307,11.8909586433,2.55660084874,0.294267389334,2.05694836957,0
1.70690913863,3.33402638731,3.95124560556,0.317177405226,3.0526077779,0.958781416058,0.902881106691,1.87685761813,0.746342032461,0.397189972807,0
3.69768836645,0.43660359487,1.76632723917,0.290941332838,1.39762893165,0.442873203779,0.422216970087,0.731871159218,3.4084375044,1.13573237557,1
0.929560980152,0.191022901406,1.76893737316,0.541893926887,3.47963914488,5.05306800083,0.777062462693,2.22154013486,0.161717900118,1.65125669514,1
0.79562381612,2.06561291774,0.096797426396,0.594461589325,1.54868015656,4.68237146665,0.748862335761,1.7975846115,0.683680726252,0.658627233083,0
0.175553717463,1.31658988717,0.549354019039,2.95603378083,0.233326758948,0.553585206553,0.322143459272,5.57546167972,7.06194334616,0.994028764947,0
0.779350258103,0.987095546218,1.22986603411,0.347798425435,0.467053785945,0.808041741597,1.08820123204,2.24280031184,1.44509045363,2.28001376783,0
0.499931380623,1.30869104476,10.1496579526,4.49758354243,1.06532212172,2.36455124412,1.99691776764,0.441478459477,0.184129265299,1.29841704766,1
1.17555360732,0.375600567773,0.868886494605,2.59514329097,3.2583839822,3.65084559124,0.91236849483,0.621628994605,10.7791984986,0.256116929822,1
0.232234903786,0.12832644226,1.85759164421,4.66627024041,0.610448270138,1.89289383988,1.14542680311,1.56045378764,0.588975403206,0.307266878033,1
1.47693166678,0.154641575185,2.44247828559,1.8733050537,1.54915660197,1.63474182199,5.83168514043,0.396231576654,0.587100629803,0.400285858156,1
0.338342325463,0.77651193807,0.80697730826,0.693448776262,0.893267247813,0.151160964311,0.329133294708,1.02349993232,0.688524226407,0.823302298499,0
0.440745099909,2.03696623494,1.73070455466,2.049600615,1.29168343649,6.77763087601,5.38879072553,0.293076723744,1.01456856016,0.926547686608,0
1.1638135587,0.354621815029,0.961380917989,1.5607380444,2.52427387923,0.53879192087,0.298389549125,1.10454536971,0.314022978043,0.239819594226,1
1.30088918339,0.627692417186,7.30482645746,1.36883726727,2.52844219359,1.84191743981,1.86438655092,0.665813896956,0.137326472189,2.17216243108,1
4.9580599694,0.317263563369,0.991953405828,0.885513006953,2.17801687449,0.59797025778,2.5169882081,0.4103153515,0.229995319485,1.54006686354,1
0.260447685672,1.10845701918,0.398195354133,6.87181218167,0.173972963803,8.87639546613,0.450273774621,0.933324831854,1.8369716157,2.42939696749,1
0.616128750943,1.13381686268,0.76208888894,0.500129489822,1.51649172637,0.465313136086,0.207115138064,0.279278340354,0.115421497445,0.391651542978,0
2.26876617545,0.524240092896,0.968114913208,1.55566346112,1.61873572884,1.6990722701,14.2001934106,1.53857292469,4.12355533441,0.588806798125,1
0.50705689533,1.45983789974,0.505613739068,46.5769469982,0.411385772088,0.711214563687,3.51583003215,1.33559823835,0.883206579398,1.15120043308,1
0.749921387693,1.72947015052,1.48158306829,0.456494988257,0.45462053853,1.21166625267,0.0643709689918,0.606944387246,1.22695909735,0.46453333876,0
0.972136556697,0.966813080559,1.41163430498,1.01061306312,1.02929276893,0.248192769124,0.928737943506,1.25628362569,0.413145483271,6.19382423885,0
1.84993062902,0.399153214875,0.858375456963,0.125376119528,0.179465776224,3.22865524132,1.33575863248,0.297943882027,0.777851619509,0.263785948695,1
0.532425632014,0.328565883736,0.698394550071,0.300854255011,0.875787640531,0.62046960592,0.241995726984,0.537141298661,1.71272581666,2.61614282926,0
1.26553743407,3.40869657953,2.61399409264,1.2851713446,0.592930774738,0.460498363239,0.447606459352,0.992362281337,2.03692112759,0.156440168622,0
0.354052959638,0.116137135348,1.09584401186,0.785432636403,1.14089057095,0.460486190071,1.70636518482,0.187241411325,0.0738052138769,0.745009714797,0
1.43692272288,3.94232631067,0.708726971516,2.51323174494,0.874769229193,0.414112020202,4.12141305448,2.19199040093,1.479965803,0.950061843494,0
0.464103084331,1.3136284817,5.37365737878,0.8200429752,4.06240364654,1.5531794464,0.809297136527,1.10128697926,2.27967985579,0.41331771411,1
0.79535253475,2.17280459762,1.37873806779,0.914994080839,2.56602825342,0.320384746679,0.784497374836,8.28123713388,0.36277926347,2.54292097411,0
0.795223944618,0.143674331244,0.128056786037,3.71450005494,2.23659114501,3.28755533053,0.358418056996,0.424844086896,0.897235646,2.01937602704,1
0.630399289113,0.506593949522,0.771027265212,1.96317984387,8.15531004802,1.48845221095,0.394390382174,1.25192251278,2.92984583799,2.07750428162,0
1.0876742041,1.68858354595,0.407225441109,0.600251194978,0.222451301891,0.430469786288,0.522106511117,0.665233834533,1.18420521363,0.579499071048,0
1.96544061546,4.29420338015,0.43554296925,0.164459680777,1.44606504841,0.564744407799,0.202735061627,2.68292838905,0.734864866278,1.75604681403,0
0.790817683653,0.284113282999,1.88343780285,0.108518072917,1.05910302359,0.167747074938,1.36083767808,0.480632330762,0.428471531713,1.68450069746,0
0.352827498054,0.664788724399,0.208758892837,3.37368536482,0.193378243173,0.45930603698,1.02604333456,9.25929109672,0.319824193495,1.03748145969,0
0.512521338344,0.368392235314,2.54312644096,1.00692224326,0.685503617323,2.20435490713,0.202296032968,1.29222482723,3.81845897196,0.752492517001,0
1.45692101872,0.338175056936,0.259634532001,0.77058046482,3.12417071908,0.246190879423,0.41442717384,2.23477545468,1.70961049572,0.226006866547,0
0.878525199532,1.21310710684,5.0428152253,1.49847852961,2.44023866309,1.72379058996,2.80233371129,0.663375201427,0.319456544973,3.29168426455,1
0.772497345274,0.480922112978,0.361190239052,2.04887543411,0.443447445774,0.730497676782,3.21009123288,0.802583660794,1.88708676598,0.984358320439,0
0.431827833024,1.3723795116,1.72212940828,0.759769696902,1.3277391123,0.273097607853,2.43182591822,2.90021968488,0.242290555242,3.33961099187,0
2.68912835467,0.494246008667,0.728715475038,0.776799023232,0.402803270171,0.885666910374,0.17832036526,0.248987477078,0.683744968953,0.245764268996,1
0.833468226908,0.327794255906,0.614547188719,8.42173569229,0.918346555661,6.89429807226,2.31165843269,0.246298929175,2.71705488397,1.37470579352,1
0.640613528513,0.982094103437,0.224357646342,0.119283280365,2.45016178205,0.294374515888,0.475796939232,1.33120451991,1.37882874234,0.589846111788,0
1.00067675018,1.52737222331,1.01370062103,2.73476345261,1.67420201513,0.939450244626,0.203617546469,1.91909978268,0.979794035708,0.677226462607,0
0.304986102298,0.268100448915,1.03788253991,6.59625748515,0.776193704768,0.384993482331,0.510069250089,0.993932387992,0.809091022487,1.01471931304,1
0.620560239467,0.658139778053,0.293453884309,0.663877577772,2.37604519689,0.436992338308,0.414795858926,6.08223822245,0.484345407661,0.242243953047,0
0.493175062521,2.16799149124,1.4216697565,0.790533867145,0.898911373589,0.452151201769,0.356218043627,2.49781429117,0.559971264388,2.15772456458,0
4.09165372184,1.25086677137,0.491293920705,0.16614027698,0.482275346418,1.37961905489,0.371282494899,3.6580149897,3.43617641452,0.50737059396,1
0.763158928108,5.31528619869,0.341775591017,0.494033117912,0.738763638306,1.81910308467,0.0733605885252,7.28200193104,0.45326950026,0.979282378587,0
0.945451710623,2.56327987155,0.493923736607,6.30557567533,0.73078367648,0.780333025365,0.29758506047,0.288013709144,1.27046612375,0.627535822623,0
0.799973376061,0.349356147566,2.69734149693,1.14829423009,1.37071914976,1.03226071329,5.26651882322,2.9997285077,6.409782007,0.9596664694,1
0.182623237812,2.30597101138,1.2080017998,1.34219433344,1.86273301054,4.44361678744,0.598379324754,0.71894182965,9.66421009008,0.287430286532,0
1.01210895403,0.850292066191,1.49201799613,0.272583310012,0.253448650415,1.46552974345,5.59498320756,1.13915397261,3.13204161026,0.678492499933,0
3.57632012664,0.605470309703,1.74688268357,1.05359219014,0.767967526452,0.240170196448,2.34540997825,1.13231644426,3.31141730483,0.584372675072,1
0.449289224631,1.01787518921,2.37917758156,0.665337889333,1.55156729393,0.973644937676,0.378864438815,1.47558677155,1.6942500315,1.12665944823,0
0.821584265079,1.87576722538,1.61144410122,4.03086014253,1.70140516318,11.8854769589,0.119823178814,0.614660507791,1.64842389391,1.29165312409,1
0.599588052523,0.640466050024,0.771236939319,0.374090056644,0.293940009939,0.227671703048,3.25714496134,6.55953820267,0.221015751616,0.75874015278,0
0.259855399884,5.94218903371,1.99109299657,0.539329307615,0.931586942487,0.975935798754,0.0667622177352,1.58664577653,2.72333867857,0.159792985886,0
1.42933775939,1.37376390676,2.77979417865,0.346294853903,0.555622158432,0.360808089365,0.825767945884,1.49830622044,1.32354664994,0.633859579541,1
0.300033951802,2.82699992222,8.68027086604,3.68953167023,0.987382899231,0.12248713863,1.74606014966,4.01954621747,0.149595296254,0.477077044685,1
0.206510355741,3.79748089848,1.05041593561,2.13211822227,1.2151170185,0.930919221891,1.94338894667,3.27936778768,2.01108225302,0.173072103716,0
1.39783530687,0.10074630523,2.88444519874,1.11200820024,0.0176683301375,0.773053988052,3.58679232201,0.517985583143,0.534693796676,3.5733203309,1
1.57693394672,0.327606263733,1.71943541542,0.395547638726,0.310581590435,5.84317732439,0.386804658293,0.528502808838,0.425505182684,1.71507904203,1
0.157838632256,0.777679966042,0.959878823587,0.255810141963,0.206727928918,1.52297214167,0.237835196508,1.8918782995,4.05408602883,0.200889580153,0
0.484878697505,1.36125215815,2.68466853409,1.40070794423,3.05086370956,0.48912318887,4.65874670042,0.521766075409,0.385595164169,3.0778786703,0
4.17265254318,0.315385793848,2.34935019362,0.118899263799,3.05633632355,0.814415618213,0.841687035028,0.372718808763,1.68684235918,1.58358772493,1
0.35700570578,0.551213840821,0.341476841354,1.1804811166,1.46718123514,1.75028931312,0.40121014505,0.346727768546,2.78246436686,2.45225287874,0
0.247819935857,1.51516371197,0.411877075145,1.40742438204,0.495794222287,2.45948952122,1.55138611423,0.124511367574,0.573101454755,3.07232930926,0
0.961685578394,2.03661181247,0.64207548423,0.867242787938,0.333586818613,0.0780307094322,6.07544393087,1.09528903922,0.629860641287,2.11470584782,0
1.05923579927,0.773719741891,0.439145082761,0.0756083293389,0.433945036391,0.464669172803,0.527862051159,0.141769689271,0.476530095199,0.73116831435,0
1.70132204247,0.75380387873,1.3464875253,0.538685406979,1.63250511685,0.53183822292,7.99820459916,0.768595694183,0.58724673794,0.51452560186,0
1.79862759436,0.765251066261,0.525832406303,1.14662247579,2.08897376664,0.599395599418,3.67472498287,1.23705654512,1.45132931301,0.154928065152,0
3.54793265471,2.74807514035,1.05370538916,0.15566138899,0.512104834852,1.25548011133,5.17976071296,0.649481023414,0.999060377364,0.938965303959,1
0.549485631938,1.7680211123,1.84002910064,3.56937745335,0.301112147596,0.34989402517,0.336938953753,0.33223794157,0.449413210689,1.40492318823,1
1.28699164713,0.523753203016,0.708800284638,2.74923430554,0.514542488724,0.311213361814,1.21436445313,0.904161941251,1.93028141098,0.733117366571,1
0.686661232478,0.600590129518,4.85252558506,3.90686361121,0.455043199425,0.26535522511,0.508071089731,2.4956929035,6.04832365972,4.81452292173,1
2.20629859023,0.11480736725,2.77149606869,1.07913637899,1.6179372253,0.942676442771,0.562830658128,2.37045461358,0.199365893864,0.754362920964,1
1.44521021016,0.11289021845,0.189216483601,0.986687413161,1.55698048517,0.418021426762,0.690946617924,0.504853880338,0.230765592802,1.32195517417,0
2.79552703863,2.88649620761,0.576871408819,0.812270674982,0.535894270539,0.273966008665,0.728060792354,0.869582930741,1.09454032924,0.292490319593,1
0.236928370273,0.843466211087,1.15272908384,5.68628508498,1.65767379599,2.407619852,0.498540171989,0.304152440067,1.11480657966,0.392434766981,1
2.27861663762,4.15960112467,3.98601058365,0.374598151306,7.86352713701,3.76659287131,2.26135451002,0.362564333471,1.62395879513,3.51009964591,0
0.648752234885,0.602101810385,1.61125937977,0.803260973066,0.733175078161,0.759071408523,0.733400345085,0.783878690479,0.226058953759,2.49504124467,0
0.56057345333,5.47307967822,0.931742536504,1.7852036104,0.71801404538,0.269005862329,0.880783872918,6.09842849098,1.54936444987,0.24857288162,0
6.4157672923,1.62469269109,1.60658316653,0.61296527729,0.374942471936,0.789618646718,3.07551763533,1.61306180949,1.17126382388,1.88216375011,1
0.332111276183,0.352067014977,1.71175262639,1.6755430136,1.10665262938,3.63683841616,1.86672395611,1.99061310885,0.179253153933,0.810722914318,1
2.25410088181,0.520392544741,1.4360327473,0.827186087828,8.84033761973,0.835710289827,0.771276339268,4.30546413347,0.506132076798,3.97814456875,0
0.920630470954,5.05505470995,0.0980019738702,0.219417886774,1.52491013308,2.19440008021,0.260742060643,0.291037762171,2.56329005058,1.604785927,0
0.763972299992,0.176493450234,1.11595346909,4.63322412195,0.392757322587,1.19699899238,0.216586908565,0.629948796843,0.918928835269,0.34854321874,1
4.96181914878,0.272950822704,0.880510221039,0.627041684079,0.838525819728,1.14606714897,0.971265342998,1.0192403339,0.134519388501,1.74091006601,1
2.53303809536,0.457973386273,3.98508629693,1.05809667252,0.596566660372,0.40337874787,3.16620826,1.70107440669,0.841245843616,2.88587576101,1
0.528883336993,0.687087759094,0.869826377094,0.767278128131,1.57448371345,0.872950246475,0.170242382759,0.787881805611,1.86910439494,0.30938469634,0
3.37681800272,0.928465353612,0.294655258011,0.160025926964,0.747226488354,0.893965818655,1.08661135162,0.227158226107,0.142177035518,0.654037098556,1
0.451727036921,2.83078876004,0.2088653831,11.4618013201,0.359753295641,0.644903320756,0.0857597895777,0.12219838195,1.55811768934,8.90772522581,0
0.27352352188,7.04813872473,0.474562938467,1.2914866246,2.60671678727,0.696348791998,1.72477111331,3.8837834082,0.97886717439,0.435406743313,0
2.09652777817,1.87285289816,0.92951114152,0.308800885782,1.02869638887,0.230476901591,0.981577822709,0.446620539073,2.2459956233,0.21015836471,1
1.88153640231,2.10273086862,0.516756825983,4.57581833245,0.894650241696,0.162608381012,0.487389856881,0.672823142555,1.99596296579,0.0986454395959,1
2.63235831044,0.707146737255,4.13906169305,7.27295884657,2.32210618044,0.257312056132,0.379285474626,1.64005058366,0.542453998443,0.178736455008,1
1.15832084043,0.539828553371,1.11188154554,1.9440918586,2.58509002943,1.09604198223,3.90183320369,1.51451102662,0.508206374746,2.21161413679,0
1.59649372465,3.05487145034,1.15531890558,0.564091355198,1.12835784994,0.64289719495,1.02898441837,3.57708482993,8.00352723928,3.10191143575,0
0.656077843919,0.766400002584,1.48688882269,1.39459199602,0.273740081333,0.0911050353829,0.567100739823,0.323013852378,0.384940536117,0.196989103571,1
0.643138377098,0.957112264423,1.64463554254,1.51316126774,1.11964895713,0.766454092472,0.215404657951,4.92090597523,0.487607365443,0.419031230518,1
0.574032938702,2.94815219849,0.811584635796,0.30822415734,0.536209331528,0.458550620811,3.62406543312,0.62823389652,0.473947890443,0.712069226628,0
0.206846328042,1.38750528113,0.387554669375,6.46758923865,0.73798710185,4.99761589381,0.47137837188,0.186347086594,0.812470417911,1.4512072972,1
2.83840632253,2.36413071592,3.30300969284,1.97077158328,0.284094593515,2.1151609586,0.553502574327,0.520574804222,0.49640939402,2.52158640591,1
0.404825273308,0.240709357425,2.35945752146,0.556263623985,0.447034607488,4.48336119086,0.198414706253,0.990801535102,0.149784883805,0.904420981947,1
1.45667399074,2.30954979432,0.807342453286,1.23395981613,3.3522900491,0.32438773254,0.543188952204,0.293147941307,1.41518537385,1.49661896894,0
0.160713981106,0.917269932441,0.521277478234,0.329383334691,1.01874829777,0.253922807632,1.72681569808,3.42966174428,0.627703257908,0.170705856373,0
0.67978202653,1.25473240515,2.83958136377,0.747085478583,3.05313963641,0.962892057645,0.5565433303,0.576669145989,1.43719624159,2.37355123922,0
1.40929316644,2.36813340039,1.4388028842,0.25686905673,2.50276769864,6.9335748379,1.42116573771,0.261076340028,4.18833176749,0.401087921276,1
1.66831272252,2.07845079937,2.17019092887,1.32261304851,0.209944098975,0.431376251933,0.862977895402,0.318707760485,3.03889120812,0.149483502794,1
0.173858979865,0.39859363412,0.392434208897,0.979367645581,2.75293024445,0.432166393257,1.45970328507,0.721692501245,0.76704446485,0.758569869249,0
2.78065842985,0.936627547269,0.755067967487,1.58768661953,2.06012327183,5.76197928729,0.983661688242,1.02808770645,0.208623762375,0.0810364927506,1
3.12519986931,0.662939975828,7.31767126639,0.133402824675,9.01590118369,0.659273291279,0.726747582732,4.69271225362,1.44858235007,0.365941384486,1
2.00747692231,0.689666282919,0.11156614002,2.0552061494,1.84045659003,0.988995012694,3.2624118952,0.372975089365,0.912672797617,2.21340511807,1
0.482704267815,1.10018669274,3.06442872405,0.633973480871,0.789712048372,3.2196696854,4.0511410876,1.00485890903,0.413983868733,2.65134986447,1
1.47415455451,1.36188685747,0.343659510659,0.926522722818,0.848062973188,0.730912238878,0.493391624148,2.94777135579,0.715852739287,0.0832470356247,1
0.520986790767,2.86023710159,1.30372456815,1.53569708873,1.07253653494,0.432246154013,1.35400647481,2.16341067471,1.12391578388,2.36847546878,0
1.26604506325,0.517505073076,2.79617597238,2.26533597505,3.04430272672,1.44268160795,4.45534971457,3.09008319222,1.06426244225,1.04660178096,1
0.875432325632,0.99981581371,0.55875799976,0.628183978344,0.744042373032,0.942613342814,0.466641815524,1.64001076106,0.628124507023,0.904801004629,0
1.39042554574,1.07995107882,0.858653426602,1.59386472875,19.0904258028,0.0804184934876,0.684197197992,1.18899292487,1.15088426612,0.230013257129,0
2.78224014023,0.600083386864,0.240322899056,1.28849511687,0.195665895813,0.791702217739,1.0146830031,0.265316897769,0.361114800845,4.14362564743,1
3.42607355287,0.300523460045,3.85221883445,0.262863474409,1.95917914101,1.64930024863,0.499702962265,0.226762797248,0.676655623727,0.941343822717,1
0.829011946915,1.53543154512,1.21499764909,3.13890808402,0.604709323923,1.24416696151,0.123015330247,1.28347246301,6.42069880624,0.764563419786,1
0.263361598479,4.81783746307,0.649270393009,0.113120056141,0.0688131079824,2.09035663075,11.3585536212,6.10196134853,0.65058682863,0.722073889507,0
1.13284017617,0.284028472079,0.428039096392,1.40823566883,1.26729778992,4.62495788834,1.28960091301,0.6614227528,1.74736227907,3.20095953886,1
19.7720139754,0.856275363928,0.673317924214,0.863249689073,0.115645012329,1.47771915246,1.88592118555,5.40266493456,0.873085934059,1.02948009614,1
5.79533910637,1.14937198714,0.666252297949,1.26547474513,3.27704391094,0.461852988606,2.36972291081,0.544773553725,1.23006365495,0.131788677111,1
0.315770270378,1.04549837753,0.7274822616,0.270744371882,7.07116778849,2.612352165,1.31114300717,2.67803355235,0.618539232213,0.164946744626,0
0.296882091228,0.930488226991,0.94243932129,1.80777189065,1.65590823742,0.332300830639,2.62509195956,0.579193768788,0.457655205177,1.28923069878,0
2.45915669413,0.323033824634,0.951157697639,2.42709557029,0.637998402302,0.271924670907,0.622044105871,1.81094761879,1.20328586899,1.4143335265,1
0.894268511739,0.212407430086,0.661405727317,0.574020338865,3.56632834185,2.28762021041,3.35901497834,0.345209885291,0.312613037507,0.429563958101,0
0.422754388282,0.596010240811,1.11756964306,0.505954262978,0.143826402486,1.01536989404,2.74981970602,0.909228426337,0.370654378927,1.23513834264,0
0.344283646473,3.31016959806,1.00201071421,9.20096179251,0.893245610923,3.15120171575,3.18326384027,2.49534015688,12.5605185914,2.14533001861,1
2.24241526699,0.738795323621,1.996058003,0.608847896173,6.35493702628,0.802826807408,0.183195686647,0.993272532191,0.321522306233,3.04970064166,1
1.2662518075,6.24228581095,1.29598166414,2.84689195662,0.727502803459,0.201599463148,0.845223600073,0.141989007317,3.89853540012,0.285346447381,0
1.88296280563,0.215814378386,0.345037613392,1.26584941553,1.04081263681,0.220920705088,0.898125300498,0.852142313181,1.54875844832,1.06512317425,1
0.432788337712,0.502609183558,0.581203852631,0.743206987917,1.09005089767,7.98572408334,0.406412024168,7.69609438872,0.879753594708,0.275127653549,1
0.843834410431,0.755813454457,0.788160150316,0.452018874219,0.154681029931,1.41231946035,0.695607226066,2.37896904333,0.0499711468063,1.62125023677,0
1.68725291322,2.3023496015,0.739824307186,2.47580341196,0.616606974493,0.549237723108,0.204868304314,0.225963262341,0.264013978146,0.731194956816,0
0.233977267026,0.569266613211,1.32008079225,1.39093007893,1.16896880235,0.35778392531,1.08243849654,0.636626685209,1.00364321707,2.70579680577,0
0.570503353505,0.828226714249,0.536557948496,2.17579274066,1.02908775545,0.10944360488,0.443525505841,1.81862321439,0.854355980357,0.711173332157,0
0.597244109617,0.60180970817,1.16305810662,3.9408181733,2.59021838853,0.210691034633,1.30647717597,1.21418954824,6.05721139612,0.595311400678,0
0.48766055652,1.55324017553,1.92268801561,0.402746645851,1.85909779601,1.28264102354,0.141379023334,5.10235414174,0.796270614352,2.12801091406,0
0.434350257211,0.532639502965,1.06498184057,0.747832904681,3.10755843569,0.25704921109,0.571372363702,0.882641774563,0.177322353236,0.587797437992,0
1.35763073637,2.59558770665,3.57203850813,1.45406130081,1.58763684041,0.25168864533,0.605666841242,0.338225524676,0.561840058822,0.704183422915,0
0.780388284896,0.781676267857,0.427812597189,2.27317502451,0.339913493245,0.84428120854,0.185174308936,18.2736198777,0.339332771958,2.52904967544,1
0.274444980188,0.665565145487,8.25840659361,1.69424450784,1.7919321959,0.716300272384,0.502808305624,0.106745976856,0.671072728243,0.973477307572,1
0.313927100031,0.222237486657,1.41870458077,7.82988147127,0.120176106499,0.497401103587,3.12641836133,0.543641193236,0.43223096544,0.418486756086,1
4.25675287951,2.16377253961,0.353610375769,11.846630647,1.93405213453,7.27139725096,0.110798123883,3.2232277072,3.12436309193,0.907366176867,1
2.35398769702,2.5321367053,0.388464125772,0.226882013807,0.421468946214,1.71332906346,2.46674342812,0.995068661538,1.40540860135,0.291171604332,0
2.78043759004,0.642177373981,1.15331306785,1.87115371324,1.12857218024,0.979657527597,0.93033591896,0.74889696729,0.379345529805,2.9396447588,1
0.227078365542,4.10668547536,0.689628237876,0.545368828949,4.31058787642,0.911268071415,0.493475634474,1.24350189104,3.98636031937,6.94747000744,0
0.364584885662,1.57425331103,1.34128631115,0.316556726557,1.4366767257,0.859715404985,0.203315308692,0.742464040764,8.14694054039,0.285284818462,0
1.86358833103,0.416602125308,2.51253234268,2.58684772151,0.505366377861,0.246459135155,1.76274305203,0.396878615696,2.17261252666,1.06724262619,1
0.897529517897,5.06766612673,3.38576754191,2.45109244313,2.9601086132,0.342967024056,4.34019303694,0.601656022725,0.460033882126,0.441137331564,0
6.24507272956,3.1562097694,1.13196833366,3.3163837723,1.32672663367,0.140160787548,0.500181536608,0.947986970026,0.788809202814,1.42119006802,1
0.944417612848,0.44178053468,3.40725910195,0.256388011172,1.00584767865,0.59089583554,1.29748505122,0.942928972995,2.21927107723,1.00806886153,1
5.48493847608,0.287221060555,2.5606806669,0.115698978812,2.61813794164,0.156955085671,0.402415230814,0.872255418862,1.25398907886,0.0843587598055,1
0.895109591576,9.11367986197,0.979121903419,2.33995040923,3.73882860302,1.44521671383,0.450289156338,0.705885436105,2.25264954934,7.05056983769,0
11.4826559823,0.177867045349,0.25251141583,0.57219219904,1.60294725718,0.857004549374,0.333903930106,0.57192698501,5.82813649451,1.73361034087,1
1.47101661613,0.815269642517,0.766509197009,9.8499587971,6.15565153776,1.35453718698,0.186124327087,1.16160260449,1.77244380943,1.43526617893,1
0.417586590325,2.76774433249,0.174802911652,0.699477207595,1.19981345308,1.61031089147,2.02472715349,0.277327003738,1.82984540939,1.61765569661,0
0.525640836529,0.783460636487,1.51902217731,0.252362771027,0.812962082672,0.603196394186,1.4376502864,1.35466292586,0.432799674742,2.6297443723,0
1.29922640974,2.96227871462,0.467344696031,1.07836414045,0.751336106343,0.181747784149,0.437479356472,1.08210982146,0.300228992299,3.45499002959,0
0.69795238024,0.216843756238,1.18002220183,1.37030398306,1.65230914963,1.32913795346,0.321842873772,0.462587157832,2.40749144392,0.252916566966,0
0.515316907268,0.389524027593,2.42666734324,0.127170140977,0.880979596487,0.821499160258,0.757217998127,7.77254138777,4.21552601509,0.133063339552,1
1.1875214965,0.233042779153,2.05961564801,4.0563976637,1.29726267819,1.00261461036,0.756626481507,0.228346535655,0.746041594611,1.07823412587,1
0.538878612325,0.228150370484,1.82797415426,0.860696244258,2.27246035836,0.363892763125,1.30696738664,3.14658620704,19.5672183131,1.12886209469,0
4.01304520588,0.236198233286,1.75884975992,1.23610003516,1.42751201104,2.13041960113,0.3453695605,0.531558704323,0.181095275168,1.40641982563,1
3.31324965539,0.929628513971,4.23729237953,0.296363718396,0.740765691338,0.580404694121,0.481839426824,1.11084380837,0.181239614908,1.15504458241,1
0.198457138792,1.31090854911,1.01937782436,0.964899529111,0.414968426592,1.83584112258,0.709201033032,0.357562705588,1.90838176577,0.809181928131,0
4.30123370785,0.88013188597,4.10378780592,0.44826892264,0.90893388812,1.06670877468,0.486249279248,1.3895816344,0.562282534432,0.331452779353,1
1.59289257045,0.483879980735,1.92872682435,2.01852959737,1.00481281886,0.5523574256,0.261416490415,0.719550239758,3.88670500413,1.88603762441,1
0.542417414421,0.336192006607,0.482705739578,0.603575176974,0.56356638283,6.10796283163,0.530374697755,1.25639118822,0.126461402178,0.757525746217,1
1.27254339002,0.301297593568,0.130400300295,1.4112288373,0.890513816032,0.554150086013,1.07114870624,0.649776651847,2.01944795652,0.416843681944,1
1.06556353347,0.355692766491,4.78568125394,2.4498055099,0.326788566762,0.0932669421018,4.35219012637,0.192165349774,0.553107515436,0.690868868006,1
0.19494828109,0.959732525359,1.05516614431,0.417145121218,1.61317745515,1.90751768395,4.20136318662,3.675814236,0.989629450806,1.56756326692,0
1.36286663309,1.14452080132,1.17021270501,0.659521523391,0.0835891717343,1.45569901887,1.81284027797,0.428800983815,4.15195139796,0.883601303487,0
6.14356714678,3.68676664782,3.87617119834,5.92762483994,1.53971838073,5.62027110159,7.6578257325,5.27602609546,12.5130950692,0.771040998699,1
0.471052015889,0.859455330635,0.356168492715,0.83707453051,0.397541863418,1.81571233357,0.356615176384,0.36276974083,0.181130783039,0.96084576839,0
1.24634620156,2.02386507972,0.20740203989,1.52786441971,0.386484665365,0.763202611644,1.47082091503,0.582009611657,0.980181538738,0.618405486661,0
1.49511155893,2.74958078733,1.29492743426,0.950863672293,0.347445927023,2.51866354421,0.22934638636,1.11602939035,0.49192189353,1.07120731527,0
0.742527956301,2.78887888999,0.393456969209,0.474433094036,4.92365983919,0.669781137243,0.0979636393387,1.44756008181,1.07977277208,0.323209480592,0
1.85814980541,1.54397316291,2.31821643507,4.31318929104,0.399084357734,4.33793710721,4.65491964196,2.05261436275,6.42157571362,0.289462719238,1
2.37254275275,2.39574506936,1.79460619836,3.33014656845,0.3699225734,0.616379941422,1.57960921606,2.44045709686,0.422770330582,0.277077794475,1
1.91936782649,0.522244768719,5.60923325372,0.418428217456,1.62170893685,0.370356682232,1.08368851292,0.443473355212,3.86300617349,1.32677996031,1
0.715084528688,0.917440747704,1.92907494435,0.475836448748,0.461834404058,0.365540615536,3.87674626337,0.306106048265,0.70027711816,0.611610615899,1
1.07109151627,0.854488770323,3.38633856833,0.349192451004,2.62840873648,1.09828045895,1.43470723059,0.770833866825,1.2133287702,0.636500159058,1
2.05145887391,0.151086346584,0.56130358264,2.34605836789,0.415895010786,0.205260734838,0.908893369229,1.0313406432,1.1484203715,0.917889144017,1
0.765262636795,1.62016104672,0.792953603769,0.687533472953,2.25838064673,2.81825348505,1.34881196369,0.680773637261,1.47345580714,0.212416401477,0
0.775404589696,0.929565994058,0.60528256262,0.181586622978,1.11046297309,0.619534946368,8.52875490159,2.17405471432,2.80460422161,0.387627562174,0
3.57646806499,0.539303909939,1.31100994616,2.00872835728,0.573906461969,0.760628174502,1.25456423821,0.300325455196,0.785584044277,2.70793368471,1
0.30471357608,0.175762678854,1.24743086478,4.5789162102,1.31173444818,0.544662500908,0.728330141845,5.09952639378,1.30289796185,2.19203531679,1
2.48180577172,0.514839182926,0.828116857465,1.73322711994,1.51234253928,2.02359985555,3.13539084519,4.95601069963,0.315822854303,3.17071622017,1
1.13869515105,2.17476918218,2.04316583511,1.28276386159,0.150419728097,0.622327398842,1.26244013256,5.09031519944,0.0799480882102,0.406658451275,1
0.142772744876,0.948387698922,0.816187865167,1.01010247436,0.569772491394,0.46510015217,1.22932688874,0.206145747735,1.16215168346,5.63532007332,0
5.5734200495,0.341456859307,0.370798576378,1.04358053139,2.10079505087,0.489095803024,0.369041792711,1.16299994113,1.69476995954,0.11950740953,1
0.538431509841,3.79065281672,1.30441009566,1.52231198263,1.3868452696,1.20750155383,1.01148702154,3.16364861933,1.67531222696,0.889932221768,0
5.29752693612,0.30773405484,0.206364880837,1.26810727214,3.06702018223,1.94716909379,1.51410447064,3.7218508776,0.274521406807,0.340992953133,1
2.08540749962,1.25472556364,0.393007595032,1.26844812843,0.412058331752,0.425288564071,2.44497362448,0.151988801923,0.307294768947,0.587732015146,1
3.97733013792,0.646056562143,1.29835208707,2.14570840755,1.61199643687,0.944312587279,1.26344135393,0.88796129917,2.07273677942,0.678807371475,1
0.929709305785,0.932780356816,4.18390529911,2.81084434704,0.315149998307,0.385642782353,1.16164935587,4.46088771497,0.942875388269,1.24748321387,1
3.26933040179,1.09039494709,1.13554751559,1.64536928361,0.762597861154,2.31219413833,5.15832145508,0.765952277034,1.72076948287,0.570899076133,1
0.688179308405,0.171775923796,1.40779153847,1.89678773925,1.07411761329,0.925542337914,0.537249634536,9.87052578016,0.029887172755,0.744206799553,1
0.142587040755,3.69788494532,0.221931161995,1.77298001876,4.55770902458,1.98703501724,4.945242818,0.0979723879747,0.383240139343,0.641034391031,0
0.119232611943,0.435389490909,0.491767494276,1.11923390674,0.581573100259,1.17223648126,2.29784514798,3.0057830157,1.03879402676,0.767176476774,1
0.0749564239542,0.579871539016,1.09696697457,0.0963945949027,1.23481535607,1.38077917003,0.0988561760659,0.708063507068,0.564836693254,0.471831278729,0
2.17650677907,1.86400445779,2.52725433296,0.816266744905,0.131292578214,2.38870519316,1.34949414321,0.484068141595,1.05952253743,0.129830989358,1
4.37461907326,2.51061496715,1.85653527617,0.296955369705,1.55246381498,1.66557089243,1.01934410647,0.173384542845,0.404803974896,4.23017733336,1
0.3005919773,0.659323930025,1.4287534963,0.945960488955,0.763043427916,0.119148762705,0.754093598877,3.17058313385,4.5517224856,0.581474689931,0
1.57895730979,1.7263524515,2.28043454969,2.58518022815,0.644145049417,0.527545099794,2.75145919747,0.252939438114,0.972564161803,0.438421173614,1
2.43903684012,0.57079227923,0.744345772883,0.428127042858,0.199576732776,0.0465129432537,1.44093642565,1.66635077323,0.483605875543,0.420206139906,1
1.11804633504,0.651639386767,1.66797201587,1.4808032882,3.79669210065,0.53948599433,1.31994626429,1.12341392176,1.84886160987,1.23328864542,0
1.08048873074,0.982588702083,1.4234212596,1.32522850433,0.268015232196,0.636035232411,3.24234857584,0.794041639196,2.1503062278,1.16465555181,1
1.25689820224,2.44965194621,0.318425964655,2.64137477436,0.305601257002,1.67838988323,0.210823497215,1.24128644783,6.33138276006,1.04342356359,1
3.19283461755,1.372718446,3.19606863185,4.81516225501,1.43628967005,15.3630657179,3.68123496772,0.49457745245,0.804417185099,0.332794883597,1
1.33036923532,5.81116317595,0.518404958706,0.369752539207,1.69935400112,2.73854374554,0.467472132233,0.932899118868,0.817845596465,0.217103120622,0
1.85931999582,0.44281664442,1.07543456272,1.18011755027,0.684703187839,0.738173184682,1.56565497676,2.15665951042,2.48707073877,0.449983887857,1
2.36139901018,1.02915520121,1.32190354841,2.97085625455,0.517843673859,3.21536281697,0.168170216548,1.32837630846,0.453386064268,0.476735355064,1
2.35804356892,3.48213982022,1.13002625246,1.45542678361,1.61132288675,1.65655180657,2.68846039834,0.63367730339,1.47433628397,0.142652373065,0
0.473714781359,3.38406104206,1.81656442931,0.203619518288,0.388838525339,1.12100141911,2.83787842743,2.59432788439,1.24704018206,0.827610288991,0
2.44242012812,4.236145535,4.29366752566,0.571001161908,0.202575875255,3.80045660012,0.625429121344,1.43071858983,1.08731926463,1.51930630104,1
1.33442554729,1.36316619189,0.141693855923,0.51302353111,0.388967655962,0.603156185727,4.22393015977,1.27867166365,0.719238294312,1.14111388697,0
0.818969002896,4.97207444539,1.89864584427,2.02898214788,0.799405571747,0.720497205182,0.589732670058,7.29001802128,1.46272244431,0.400581328529,0
0.96493466095,4.26405485197,0.366078332588,2.78459607535,3.54082872319,1.65383849368,1.05193817214,1.24335281641,1.29421062581,0.233065081368,0
1.10516350396,0.298227965062,0.549374426383,2.73218357862,2.58461898583,0.91015383091,0.930614801768,0.955861584605,0.299523952519,2.60627581342,0
0.421027443069,0.227197543402,0.250605321222,1.22977609857,0.612735042056,0.773503795999,0.225357214489,0.0925676414403,2.6196951787,0.5827658378,1
0.31567119831,4.17457471478,0.81480679521,2.31553136642,0.286189965325,1.00774324164,1.40281269773,0.623996216501,0.551902223238,1.57039161071,0
0.552129870059,0.306669164259,1.68412340478,2.74395193532,2.88571278348,0.697772730358,0.826511942748,0.390526804557,2.50012568049,1.03435778921,0
0.678904565207,1.61026471721,0.532516546565,1.13508292706,0.360670695459,0.315323834874,3.53091661853,7.40707900628,0.103851161376,2.30476213085,0
0.154977699183,2.33713257679,1.47873313678,0.336160681929,0.403334624431,3.26727170427,0.355099112652,1.24867158309,0.298269386863,0.315692653297,0
7.53197034574,2.89682498568,0.415749176536,2.44467636508,0.463212505966,0.248658171329,2.08884515105,0.129167562482,0.910350907922,1.38351692612,1
3.7164992272,0.278312576077,0.143278071697,0.327614468479,0.196262634259,3.50435117358,0.541094179596,0.30319646154,0.299925692403,4.57572782477,1
1.22405559661,1.56769103735,0.291730244785,4.65169435073,0.619579105761,0.914370331177,1.57453481945,0.912012277254,0.143870952412,0.861094602208,1
0.960147604005,2.58914986555,0.778040882702,2.72743143509,0.669566420347,3.47446495151,1.00631925857,1.72532901627,1.78562876995,0.252959216429,1
0.754232090676,0.325457767157,0.260118104163,0.506514656305,0.638350382902,2.22193422527,2.08254815319,2.35950523004,0.418326466932,0.839424229902,0
0.563217996391,0.555606430891,0.700241580224,0.119747507353,0.663440518921,0.163739301315,0.302267987597,1.70875812178,11.3351049181,1.96347572253,0
0.642095811286,0.833644829421,0.613197404925,1.7911444479,2.0919308841,0.785952886612,1.09445293296,0.638591119048,1.33329738255,0.694784241188,0
1.889443275,0.664426236279,5.95829120105,0.745073654318,0.479852021334,1.31881467652,0.480730786955,0.980340887135,0.611442638451,0.732733257237,1
1.83584386856,1.58654959569,0.232127874765,1.00108984431,6.36511301437,0.437895353855,3.8504498791,0.638479690446,1.03075137682,3.56096937335,0
0.73673073246,1.40008656176,0.344954280861,0.733168514816,0.128151448849,3.3086377269,0.967906376723,1.580039705,1.84573916988,1.06899431676,0
1.35881546109,0.999093145337,0.273351859256,0.584970657617,6.96211865111,1.71424450449,0.576243593299,2.9138317534,0.929956811805,0.862784815068,0
1.27435036012,1.64846380484,5.49270664746,2.30376147424,0.583540439332,1.2097602041,2.95288381605,0.377599565484,0.104107561779,0.522988131052,1
0.0856762397156,4.99882509273,0.295709501166,0.233213713443,0.982698445495,0.231557029089,0.61747980972,0.658307522034,1.77813193755,14.5992301157,0
4.63195126366,0.244187260829,0.401626364268,1.66455622984,0.720399094456,0.278104856539,0.173608428708,4.16610282325,0.205889984148,0.999043662762,1
1.55013484703,3.55363680572,5.31851682896,0.407018496053,0.551169929259,0.605108644789,0.685899324286,1.50918230766,0.869129418653,0.220182034806,1
0.451122557075,0.925469182501,0.82008407574,0.224638670515,2.78874867711,0.426148860647,4.44686448561,0.880073483231,3.01944852997,0.870557654814,0
0.471575256078,1.90319272924,1.84793164453,2.14051744179,0.0645710431248,1.28485590243,0.681906392361,3.26733135745,0.514855402001,0.548710329119,1
0.801906024501,0.68114947762,1.08694725207,0.939976660143,0.97670655785,1.29316700224,1.18874094688,2.48406821633,1.93464995469,4.25331298904,0
1.0252873722,0.210835235736,0.894273356938,0.504828331044,1.40773161398,3.37839775813,0.455819960643,0.762100100285,5.07612143914,0.170490564031,1
1.72409730204,2.66738371002,1.82144775677,0.836321290686,0.578924176922,0.101456970049,3.76613691094,1.38540626607,0.476430800248,7.56584461802,0
0.445477947958,2.30422580048,1.6513596438,3.52806204676,1.53267101407,1.07351110645,0.25042084818,0.390338262673,0.678452999388,1.63728249991,0
1.40383973646,0.196428834695,0.456905714011,1.18069711627,3.02904432167,0.446674082535,0.095359100895,1.94212717416,1.79802003074,1.38395496422,0
1.69653781124,0.437321211751,1.62660310357,2.1332587617,0.322965359956,2.72734247447,2.59843347415,0.522371666802,0.913421923538,0.122562592032,1
4.09017614509,2.50064653953,0.416988023705,0.37936715383,0.839250478174,1.49890333132,0.598812641706,6.91407610385,4.62420331521,2.85081906221,1
15.2033924206,2.71590579098,8.660932421,0.304699141217,6.25564438883,1.46673906567,1.3528983328,0.348034271555,2.50348225102,1.34688998872,1
1.0305430026,5.49835723269,0.289900834236,1.38556307021,3.52453394342,1.09394105032,2.84794451175,1.51016754394,0.151395894552,3.04815931075,0
0.36268364181,0.660668234451,1.96086701623,0.911178704457,0.456921126719,2.31063203306,0.251040812631,1.00813797933,0.298689706718,2.94196198496,1
0.327294872195,0.402860240588,0.142149637781,3.46982134561,0.330056352817,0.395801449916,0.345186195171,1.81993258672,0.77942975592,2.01206162624,1
0.181422957493,7.5324410179,0.718737597187,9.85528610985,1.56105393931,1.89153412879,0.647064713001,1.17351619136,0.563782262729,2.00268586731,0
2.34066264065,0.177614141792,0.687001490362,9.05881390952,0.439158184817,0.5849116994,1.79950921228,0.966630991088,0.30564670806,1.08753853841,1
1.0189668526,2.12966567301,1.74990314361,0.927064956693,0.605792625611,0.350407940678,2.32477287534,0.228921355699,3.43651498967,0.97627302042,1
1.82992268833,6.10470589381,0.633572412232,0.100168048232,0.492270580717,2.92710676041,0.130435010182,0.245362182451,1.07092350557,1.00184243147,0
1.18874454506,0.293720768509,1.85591880849,0.800816448596,0.0802085212388,0.174770731195,0.676707641666,1.07176923438,0.668368800136,0.221836596532,1
1.10752568184,7.44337865027,0.928004542715,4.05143897584,0.766806844151,0.46310821941,0.417094106485,0.94307070187,0.287314303256,1.3328216075,0
10.7132865893,0.127667218615,1.46749580851,4.74621225217,2.89406910171,0.218357132975,1.09426667214,0.940957829157,0.617079420542,1.78078257727,1
0.493448325521,0.727533483604,0.155945569668,0.592808170698,1.61498871941,4.33564430705,0.556304701563,0.614084501194,1.30709159254,0.142173370423,0
0.605075845042,0.50704037858,0.464080448321,1.58005214408,0.469877753226,1.89683995899,0.720077853772,1.04548610609,1.2976673322,0.225989578113,1
2.04883925684,1.57187679936,0.893769628189,1.2795968879,2.85201825977,1.75512775137,3.58864065857,1.02139862091,6.20700101664,0.269825075973,1
0.780360867471,1.47410146755,1.2923497403,1.44235204422,0.152960302555,0.504876655053,11.10079709,2.28490633525,2.1304972024,1.35394878848,0
0.498460784538,1.32547197048,0.42659421405,0.336153750667,0.930177586769,0.624152323475,0.246377136788,0.783740251867,0.426112631299,0.595556771534,0
1.99664588689,0.634595027207,0.404384120086,4.28259230621,0.206460470054,1.45066867548,1.62391271199,0.234656510005,3.98776959714,0.592931547455,1
1.59614963974,0.516846357055,0.339930997041,0.678508737641,0.593636806411,1.46906531173,2.09740103399,0.935609783016,5.27278129996,2.25220158121,1
0.876668921325,0.276954692059,2.28471000216,9.33861038364,1.1671546213,1.69250692281,0.43212571929,0.187681456043,2.57454070478,0.934114979176,1
1.1220428091,0.506542234476,0.353669377036,0.128474392318,3.92275692473,0.169587288524,3.31513956432,2.27651714788,1.05624868969,1.7047969775,0
0.672624922546,0.521747234084,0.930864187431,0.216710596389,1.19629241664,11.1668944958,0.760648884257,0.430152962331,0.15214002211,7.83872812143,0
0.425590222256,1.29812808365,6.15798787537,1.03524841022,1.01528314116,0.276832296204,0.512007279329,0.959101590536,0.551614191006,1.01110639097,1
0.359345593926,7.69204333645,0.770360686241,0.795967254881,0.923654492262,1.70329199836,0.164720961097,4.19189532637,0.264202313,0.122704504831,0
0.618835930413,2.31454308253,13.8204914214,5.25337804981,0.511713639739,2.96030510773,1.98957872396,0.294728155322,0.808595380269,0.508420646256,1
2.02978038175,0.813221488661,0.666934881914,0.684520341717,1.43486954147,0.335555503043,2.01536182696,5.3333719958,0.646380607577,0.334039047286,1
2.71653029836,5.93318437697,1.78739797497,0.543182619407,2.7879621819,0.615484003778,0.482004830094,1.41203509421,1.32913698074,0.928311921036,0
2.67380672574,0.818874223209,0.582110488467,0.21771509068,0.391942066296,2.70225033945,8.0842795786,1.35933072727,1.36292342951,0.947249240653,1
0.897162155481,0.458139036341,2.11203537329,2.18873024073,0.454534487518,1.06237983831,2.93222661172,0.283333310198,0.442425064183,0.533677465125,1
4.5904115721,1.28745841066,1.74016834699,0.685567295413,1.13605033398,0.89359682243,1.76137742935,0.363052066624,1.44764820026,0.16449327541,1
0.166528009943,1.34501834559,0.912826364665,0.862368780309,2.04653151884,1.06958423556,1.81882069882,0.218190754286,0.871446856441,2.97163998684,0
1.11941855825,2.25187260081,3.50243371781,2.92549953869,2.45855318478,0.987739866085,0.757148497468,4.67038900597,1.01677028317,0.615457636749,1
1.08448312976,6.06896284904,0.992650864102,0.533249199029,1.62436778659,0.302402738514,0.520447078142,0.784813871718,4.85052111146,0.757374745685,0
0.206671300967,2.55511548011,1.58716522327,0.541448090392,0.478283902852,5.23302271649,0.408539021163,0.696014376183,7.41803015931,0.748050425762,0
0.39723363811,0.185374437679,0.562133320412,1.40760537643,0.523341286659,6.59776464316,1.26487445192,2.40601835962,0.384331441636,0.350738470427,1
1.2635325921,0.127882591394,1.3040986608,1.63400427919,2.860879932,0.517187942006,0.244987692069,0.340044606255,0.840191378685,3.81786808011,1
0.448628263019,1.1599503498,0.755520827539,3.00075809276,1.37074267993,0.420893358515,0.707993257739,0.35747487168,0.469095026818,1.91148712428,0
0.273475299475,1.8100730844,1.0544356229,4.3238190157,0.506805929881,0.950911533132,0.386563381432,0.622454844957,1.42045945586,0.585941824215,1
0.312999394882,0.755511637127,0.149623034957,0.726025660531,1.21616675785,6.77169353506,7.49656910656,0.188808564334,5.96682970742,0.368098810662,0
0.294956070525,0.269343209094,0.711798740828,0.313554350596,0.271161962423,2.11230972684,0.487540716617,5.18944061481,1.37422872518,0.402719921632,1
4.58864706118,0.321108809966,4.33931923178,0.31392914134,4.15635037913,5.24547773692,1.40840369008,0.139196037373,1.03447304235,0.861721155034,1
0.210776476866,0.456418654651,0.0677127310393,1.93128719759,0.381656784272,3.74836293608,2.23645878278,0.367826938413,0.634225658184,1.80396143011,0
0.817428325154,2.40259018916,0.491948867823,1.49837661465,1.06450033645,0.803441704278,2.77573483242,0.757024067457,0.291150734655,0.670239506496,0
1.22348921153,0.505765513569,1.49529530903,0.675456954663,0.903006098243,0.168733841356,3.94083534281,2.64676525768,0.327867477905,2.52793051842,0
0.838007968845,0.6325600141,0.257787582705,3.99803435496,1.50032882209,2.23731084033,0.446724683449,2.21530919934,0.435999365951,0.154803212352,0
0.319000238035,1.0762792456,4.81042892142,2.0975915376,1.60852674149,1.32939303166,1.01354635337,0.613398159593,0.823567963179,0.851674996569,1
2.61101090413,5.09548058496,1.01725420481,0.343300559289,0.544464946367,0.419760630122,0.449885151198,1.16694181668,1.75552079425,0.265557772943,0
0.829863929003,4.47232255381,2.04800098951,2.36348719265,0.310007959824,0.330582426253,2.16160606026,1.75572928925,0.692767890154,0.210433465918,0
0.475319450232,0.126714985272,0.87077512861,1.4304597241,1.8266742315,0.543081625034,0.286153759093,0.487959885115,0.376515607592,0.153516600251,0
1.07679374337,7.02023172816,7.24046233473,0.528590843245,0.3307894509,1.36817314542,0.400134801828,0.523688615274,0.177475060719,0.916392978982,0
0.403870484424,0.428297293998,2.61736540012,0.140934573638,0.554645058281,0.930596438041,1.80617774469,2.69404518639,1.03262784486,1.07479348572,0
0.202816418192,0.891430495186,1.11571280411,0.703332035649,0.550305928728,0.252580828297,0.128568198276,1.43958517144,6.34190039343,1.15528737798,0
1.66066269126,0.971692442038,0.924241943227,0.744641621636,0.524960108505,6.51642005029,0.5137477126,0.213919727602,0.351776851669,0.289724384359,1
2.07670806597,1.4538984381,1.6627994622,8.0649350448,0.628989035012,7.88331943597,1.03932068396,0.632731139892,4.66026825515,0.223808041539,1
0.960557790844,3.0471398126,3.33671696036,0.266973540103,2.84610306235,1.50761084774,0.273284087046,1.15716168496,1.12270420044,12.1210682773,0
1.43109707804,2.36351806848,1.40439035868,0.474241525679,1.12490497839,0.408044735823,0.207111033447,1.76162452541,18.4361668262,2.26850575581,1
0.987845574008,0.218302281198,0.639148353008,0.684677872761,1.81837084856,6.78380461364,3.6074948207,0.435971732927,2.10349341319,0.825471354464,1
0.780995711491,1.29164965046,0.816004163968,0.753000318989,5.19945487966,1.43708068158,1.09943838557,0.599899782607,0.979691859741,0.684319123605,0
1.59834812036,1.63012814586,0.953911517568,1.56983958708,0.874814118478,2.78268266873,0.703450984779,0.771976651464,0.803627541493,0.314529570878,1
1.26460529868,0.649207500495,0.82967377518,1.17563883084,0.371209352073,2.94584984463,0.615098939917,0.184282632816,3.2448413856,1.26995128478,1
2.03399029005,0.314770801576,1.66042356685,0.650357168654,2.28966628263,6.50412058658,0.531343522974,3.24422829254,0.123143154538,1.64944001414,1
0.713077953564,1.73208285774,2.54494917291,3.56345469366,0.321722784489,0.212259088458,0.475435594007,0.534497180497,0.743783392189,0.922178612748,1
0.219293592168,5.38367836322,1.56241418266,0.458211398944,0.718772737217,0.622628604075,0.732741655309,0.331776766113,0.446367529034,0.111130926936,0
2.11356470382,0.16636671624,2.41636265076,1.05658562353,0.741380340371,0.355678610292,0.308725505399,2.67715860469,0.273098428851,0.44500561877,1
0.0638213295953,0.437238899954,1.3634494075,3.76471715984,3.3545605631,3.16670769848,0.913283417821,0.235881182733,0.448596675342,0.63895438356,0
0.311328832039,0.422057367213,0.772693878282,1.90725653832,2.38966495932,0.939481141224,0.973398899712,0.292902434726,0.94746335452,2.33900892315,0
0.675296962242,2.03246687135,0.602694022065,3.43563107931,0.125784243229,3.07418580532,1.70778574563,0.923187345307,0.524466282995,0.408299716381,0
0.194323294914,0.874728065168,2.16207477732,0.853662078469,3.14490792673,0.545241380721,0.480218056193,0.903945721024,0.950111780247,3.21350176418,0
0.449952135573,8.64747055634,1.37494962746,0.694106951647,1.19040010486,0.193110269679,4.39875150474,3.82844648452,1.05407825034,5.29878454244,0
0.386225036953,1.23095198009,0.223206668792,1.16755678616,1.67776808091,0.902925629462,4.8793257903,0.170204096347,0.312794549806,1.9771485435,0
0.207302892152,1.51520182443,0.188020750019,2.18254500545,2.52545863046,0.647293005983,0.486833098491,0.942720287474,0.557940986282,0.431614380967,0
0.698783718549,1.4202279014,2.85473427891,7.1463563598,2.9313737826,1.23435930262,3.00873003667,0.782199526154,5.48103710868,2.69741128893,1
0.674318440392,0.419372602276,0.16935054334,0.170460323165,0.120695329646,1.08182238788,0.380874697805,12.2574868166,1.54257820856,0.961009234449,1
0.346001237529,0.648456585389,8.24047384714,2.97438158003,0.489781857538,0.558034948851,0.242848278664,0.246797280392,0.451635577735,0.527481727138,1
4.30672396778,0.359083576518,1.07541259287,1.00871447497,1.71131599035,1.42479577436,0.65106542796,1.58705140497,1.22115681687,1.41768760533,1
0.482924108028,1.65830367779,0.154292405496,0.811909028161,0.993469329305,1.72731098731,0.0961779337759,3.40929600663,0.207408707292,1.18162247417,0
0.140156528339,0.786060799017,3.87419361396,0.774135867708,0.792338083639,0.727486211927,0.827784898281,0.544111323459,0.349815743832,0.665175761453,0
5.5123025763,1.91374685988,1.72904016813,0.37524200839,1.10998787835,1.445972742,0.279258575957,1.15206132139,1.66744318639,0.520244248506,1
0.482660076617,0.65226439956,0.893962659486,0.613356842451,0.740848356858,0.455838978879,2.98006941863,0.985569696962,0.574120951803,0.783374453336,0
0.714664621131,0.385959875033,1.08295481291,4.21522936831,3.42179826193,4.56890393853,0.827220921684,1.65777981898,0.518648082761,4.01223199989,1
1.10149494029,1.50247748035,0.894057929138,2.06841502154,0.45519943384,4.90584001431,0.306552571666,2.10884682481,0.615155134009,0.564537920766,1
0.453358395612,2.28954113263,0.838058702218,0.94405217048,9.21188978329,3.19248014297,14.3677300225,0.278608868805,0.85877522526,2.99844698757,0
2.88801639437,1.78745691133,1.10311621045,0.513991655996,0.107099022718,1.58424033148,2.67113030689,6.64758752868,1.00475776661,3.73241392413,1
0.60109312202,4.26664986287,0.369318203291,1.66040935531,1.93466035751,1.22162432015,0.823817031893,0.717545804442,0.753253887692,1.19458127369,0
0.815093063229,1.57336665726,0.509318294927,0.311044026205,0.638230152959,0.263504409528,0.0708376799253,0.878285487827,0.855233515196,4.89283395583,0
1.78725254579,0.646519399204,1.75988176363,0.363693509975,0.221472551063,0.944105835545,1.208058574,0.292635488965,0.737294686429,0.515655475249,1
1.21690957844,0.591390391135,2.10099915898,0.475598392885,0.618205348602,0.817058810077,0.791754964908,0.502597221057,0.517884822991,0.582281297947,1
1.83256271637,0.26813906682,0.138305464582,1.73377341984,2.51055923025,2.13701427019,0.0946109836242,0.268528495135,0.512915811559,0.366994987272,1
0.636241231336,2.08818055146,0.732751858883,0.761918696877,0.858311994496,1.06156160429,0.935301895599,0.97914250601,0.272806904338,0.295329262579,0
1.46492917399,1.02141830284,0.626333106997,1.17835404839,1.4214033075,0.115387729898,0.494043079862,0.648038899327,0.684081605903,3.64168753679,0
0.503146801992,0.612442968036,1.82690917222,2.6155370739,1.8179047703,0.27074919121,2.80537406416,1.71044177306,1.3518688199,0.0141915288746,0
0.398421114225,0.598078541823,0.207965883502,0.629554458625,0.448065620635,1.83904680131,1.09388230727,1.25174106483,4.70855856525,1.34283739992,0
0.0670426165475,2.05238266062,3.47898505939,0.296924522479,0.776986767279,0.514368650288,0.351494392767,0.0728153773041,1.97339516314,6.49995309695,0
1.58234870731,2.31748106133,1.27063589802,1.75834909181,6.27646070082,3.71279021808,1.64792260452,1.41504124859,1.57752368191,1.74613292753,0
0.205714245795,0.752117166727,9.32557978875,1.0686597433,2.40911641133,0.657397119912,0.628768005074,1.9674741454,0.446727227548,1.87244043882,1
2.69355892362,0.816639856218,1.78601276203,1.17655752208,14.0373749614,0.580103021067,0.804444894629,0.0902478903712,0.415880472665,2.47006185761,1
0.800230483981,1.08685187228,0.193762400346,2.32913488443,0.879364691748,0.293359409285,0.686328359155,2.82600264133,0.612237608492,0.529832871343,0
0.946675255004,0.530809548384,0.39375285411,2.77404069946,1.09266808407,1.2516251095,1.11657430815,0.1781806155,0.644057947384,0.192673942203,1
0.18853294668,1.85746742681,0.774403432292,0.458659864001,1.35058307352,1.93593505888,2.18266708502,1.65707537968,0.221106208393,0.465125435558,0
0.319502899308,4.34810013581,5.42459445816,2.76862881071,1.17902632466,0.754594978593,1.40167928697,3.15899055533,2.67478054847,0.21910855853,0
0.227778213924,0.125503447445,0.809006114935,0.731096494278,2.25520559437,1.50317702784,1.72699360883,0.224050573811,0.991435549018,1.22106661161,0
0.580895957059,1.06320618347,0.967883211247,1.29114857206,0.3975665274,4.50606681909,4.22436200478,5.39012447421,1.32339631077,0.509360613304,1
3.48180063836,9.41005188974,0.245276612457,0.229928284521,0.635312688519,6.57913643799,3.37359962397,1.36531269206,0.360041238272,0.367900524238,0
0.914578359969,0.642517975011,0.890581849643,0.408787092826,26.7674554355,7.34398934034,3.53541343545,0.362938239915,0.172616949266,0.438997338024,0
0.512329017274,1.01366805635,1.33458569281,1.16521001377,0.407266044615,0.619606826125,0.436415947812,0.31627324816,0.427538480675,0.153335948292,0
0.646521574048,0.335600984365,1.24412982184,1.35665903921,0.688726860917,1.40759946046,1.96064562737,0.125652213811,0.229067638888,2.5534210403,0
1.22428165233,0.274893717007,2.04536409247,1.09278729923,0.148080915165,1.84990632934,3.55017124117,2.29471993015,0.899667726057,0.790641321378,1
1.05127325051,0.221741569778,4.44240010633,2.06331808776,0.666400200224,0.807837568593,1.06865540759,0.518980165217,5.11770550594,1.09118276669,1
0.984976172195,1.12600585921,2.40941036146,2.23310710383,7.75430738923,0.70530228196,0.492427732873,1.25510001314,0.363887359134,0.458539461485,0
1.56496184693,3.71621049323,1.14835607745,2.14515139527,0.106330147725,1.01632738111,2.06560341108,1.69486599657,0.392672422141,0.377370723508,0
0.402169379215,1.16224814802,6.16430408125,0.764679580083,0.30153507375,2.09221900372,1.63529822622,10.6683946937,1.9624841641,2.28201091785,1
2.1663960628,1.2939799317,0.454501227552,5.78196980228,0.193908378732,3.78891923023,0.752979384204,0.945336533535,0.170772283902,1.26458664518,1
0.814466723501,1.64130255092,0.381068323845,0.512649837777,0.569478762969,0.595715245835,0.556012083179,0.479672738252,1.50759774563,0.286434783878,0
0.0996415579713,2.8065188687,0.0664174523232,1.15814761662,1.57471748013,0.400710326509,9.34403759956,0.370308312711,1.01340622512,5.71248704601,0
0.0828081933707,2.15895187132,1.44113327651,5.43876540665,0.154713495097,0.71957831955,1.27959600345,0.638766329596,0.11468174914,1.51333944709,0
1.70368949329,0.262986414939,0.742884462034,0.451689920492,0.74644903397,1.04196175305,3.82948821218,2.3290783389,1.87984067159,0.670314073012,1
1.57435896213,0.642348987353,0.742175827449,0.539526887153,0.393310564418,1.07510465709,0.379032453975,0.913274816386,0.370655763103,2.06010656503,1
0.675983633588,3.02112297724,0.916543306948,0.631902854184,0.183364659091,1.99426754941,1.64323555187,7.46588672505,0.329573753261,0.454155044088,0
0.297471354712,0.91251894396,2.92588322401,0.687267511881,2.25068152801,0.409447120362,0.406162928675,1.37120919822,2.41704783868,1.15866803618,1
0.13402475202,1.66030092578,0.499357651973,0.178176114908,1.01559550249,1.99660859477,0.276524273739,1.00618506809,2.79407562281,2.11648451107,0
0.203568341719,1.76693908059,0.889415233172,2.71717736638,1.12762083223,3.4722070205,2.43830457697,1.41962036444,0.392108912549,0.360967677992,0
2.05460837135,0.408016212443,0.19812593167,0.899060081267,5.08032967253,0.205517134849,1.33175908843,1.33734325745,2.02787815761,1.25951706191,0
1.02942826333,0.989630518085,1.3495505172,1.29844822308,1.06898379413,0.210864039667,0.728713472036,2.96645619098,0.206967652675,0.811220191474,0
0.625294441435,1.76923123549,1.37964244822,0.45939196492,1.17186155951,2.05045346599,0.310842526308,0.873325855866,11.1106275073,0.774652569389,0
3.47868186938,0.765688745265,2.92623379542,2.24153548837,0.402640110368,5.26866786027,0.589566516978,0.674530214771,0.206361727907,0.234540745796,1
1.3065437196,0.518596249864,2.18080510795,0.411965491072,0.346238891967,0.224412547076,1.23749957341,0.518168832806,1.42595144566,0.842267545263,0
2.1753902471,1.58516305771,0.393192039574,0.835270432494,2.60987757312,1.31499604409,14.3394948805,3.43272884678,0.947969074201,0.693855420339,0
0.91531197397,2.65981429852,0.93732851172,0.282199349616,1.08936816489,0.151281596713,1.30820906295,1.96117132173,10.4224090781,0.428737003191,0
0.300469412634,0.0853532477613,3.5953658089,0.415481191823,1.98257681184,1.00748331274,5.86507420347,0.0480262110482,2.00882750788,9.79741987323,0
1.90110601212,3.16537865914,3.62970974284,0.659521713312,3.00007783136,5.75210470522,11.6332747374,0.340144077611,0.441956911264,0.551761184231,1
4.75101979873,0.286615218924,5.55031650194,4.12664218308,2.45569759595,1.10412468137,0.289707376776,0.390157788316,7.06764616626,0.489438865622,1
0.46212431415,0.472208458227,0.737710223981,0.209769169252,0.9773011679,1.19986148555,0.503415998786,8.39680720677,0.920333529188,0.329339121391,1
0.699588344458,2.44447943915,0.50761268513,0.920640255687,3.81421363161,1.03397321707,0.332135250985,3.0338679626,1.21570563553,0.346484643601,0
1.52055614908,0.511293615688,0.161141918671,0.220389770488,1.05854526814,0.824251213542,1.35961486485,6.76027855834,2.47620431296,0.938184364258,1
1.41602734982,0.6747618299,0.590610391777,0.178908134508,0.889249812744,0.551567710677,4.29924513651,2.12350061812,2.2197432997,2.71173972106,0
1.03085367504,0.224099442106,0.934590888133,1.3045739271,1.45659143318,0.613825584299,0.344280053369,2.67027916311,1.34452384202,0.388729888803,1
0.785185647989,0.283075470541,1.74700792028,1.14003356867,2.93539972428,0.253908973606,6.5829703698,0.188504068278,0.442930547259,0.987462764219,0
0.774484200593,1.59066932701,1.38605382653,0.210274820006,1.00209558885,3.96607432154,4.70079527773,0.869079163796,0.270406003412,0.559847933876,0
1.27530117849,1.03241876969,2.48645204349,1.32350174593,0.39260437018,0.287845295928,0.650185529368,0.41758351334,0.972430915467,0.314363334974,1
1.4297478502,1.71124761526,0.642855518639,1.09511378639,2.69526766627,0.581886050772,1.88347898474,0.0958341901361,1.21644884269,1.19432607534,0
0.297176773435,6.06230777947,0.655746099221,4.6850440094,0.467249847667,0.618461418714,1.46873716419,3.07567219674,0.325464295235,2.24271964848,0
0.61754988466,0.855638815144,0.142456544675,0.201782197736,1.37203447262,1.72431479335,0.0660136637715,2.11535564746,0.582982784577,0.0676747233215,0
0.183603310325,5.21215401579,1.12044018923,0.255609918662,0.993164700089,0.831175650009,0.366336298982,0.370717285778,0.413251677901,0.604442802213,0
0.98530029794,2.08080642088,0.165086267738,1.53347292794,0.851954349892,1.22276519155,2.65245623231,0.382350317861,0.29247346496,1.06092888213,0
0.729144496977,7.69170874665,0.0733445960108,0.873965392824,0.697233694346,0.696811760318,0.354552170431,0.677616923678,5.30576337561,0.259041788399,0
0.497333908696,0.365518425361,3.54046117781,1.31083934905,0.826937446693,2.13416826495,1.73726314784,1.13205728335,1.31017326414,0.0433539053487,1
0.188730885744,0.5974525073,0.481091540891,0.397891326395,1.54994641448,4.33264768516,2.20078403908,2.65416575373,5.68600428176,0.612960651913,0
0.58802479708,0.583779263842,1.71088813852,0.744212788745,0.856779502416,1.39142152858,0.320655255223,0.225495550741,0.609516204888,0.314276576488,0
0.202810982557,1.75278971568,0.511145385863,0.459257528152,0.878858828948,2.43535430868,0.864758524996,1.14092252363,2.11242016407,7.98667851418,0
1.04162237794,0.94629501096,1.28527380057,1.68399657328,2.36567900941,5.15953047578,0.623074258946,0.623522350044,0.422591599361,1.03185245364,1
1.79143921141,0.785139386552,0.582858669833,6.04179576425,10.6020210844,0.760597161695,1.78857175883,1.80174781488,4.44229378741,1.47936183499,1
0.119538683245,0.998290935555,0.427404047565,0.0376127719493,0.767789903615,0.241392230226,0.345852892272,1.0103368982,1.97828546656,0.30938118752,0
0.341673557969,1.54188951583,0.398469090592,2.85079899913,0.950311652576,0.443938109734,2.21822635561,2.60075437882,1.78134402007,2.2110608907,0
3.56612742695,0.838157096745,0.678133062013,2.65998899123,1.50424899263,0.217046448014,0.852026360898,0.803692446476,2.72818333913,1.15271077286,1
1.51209227362,1.74553894333,12.9733015861,1.51727660635,0.8430084179,1.23316244415,0.6012524642,0.176797928244,0.169735252078,0.90641407358,1
1.18485099482,0.713020748345,3.67005701714,2.67663464817,5.73638562683,0.713517853902,2.19277352321,0.238039531452,0.113578953462,4.66272523698,0
0.718645018361,0.155673248407,1.27445919671,3.97028978163,0.794939867978,0.943372306164,0.544376685455,0.372248500951,0.67250467663,3.1268576899,1
1.79383462572,1.1228551122,0.760930065599,0.24150098333,0.855320705243,0.259541484457,0.523026710472,1.55300629862,31.177526422,0.457244607629,1
0.220859107424,3.14118049833,1.00041854093,0.733429086214,4.62295130356,0.350608598429,0.500691693456,1.00192809764,0.893634748166,1.51006505204,0
1.16455731914,2.05711323563,0.114419093618,1.38830442757,0.869116105064,0.194218649855,2.8739027064,7.663910464,0.515997499477,0.598712690799,1
2.00874393797,0.657636735024,1.00784124069,2.05258332926,2.40216858956,0.177775976809,0.577452955374,6.15496447955,0.710878775704,1.02876228671,1
0.941328557011,0.406273987912,1.07455766674,2.23015146399,2.05731391128,5.47127035551,0.234797104112,0.587337351968,0.337521314851,0.878969176194,1
0.609484542499,0.505952630003,2.31121362228,4.80767942101,0.733304093902,0.664087788527,2.6512710882,14.7115635665,1.56742898358,0.315512809765,1
1.14816146113,0.197216500021,2.56648613139,0.556124023859,0.307696881392,4.41161991338,0.551182298318,0.770826083,1.62765812517,10.0389960608,1
1.96831804933,0.503873856603,0.358627861028,0.693617998123,1.53439660805,1.34630908747,1.23347977733,1.22939922319,0.180212382542,1.41532024451,1
0.693170367483,2.46077048768,1.02179913805,0.213884737893,3.4519044739,0.627878748304,3.86415116932,0.66169988703,0.328570382264,1.60057492693,0
0.306383207527,4.61764797644,0.558989125806,0.333493425221,6.321582366,1.3145114702,0.401439706286,0.368106772083,4.04699705285,0.649001321594,0
1.89146479568,2.19146504843,0.481849783871,0.334690095686,0.197816648264,1.50153229287,0.126062360987,0.063967969869,0.291727616916,0.366533925146,0
0.330258635371,0.188703574328,0.881349863064,0.913112546857,0.134494921047,2.05607411571,0.384462477722,0.493741495895,2.57308802107,2.18210385732,1
2.74030351836,6.56381551496,4.49176944825,0.838945530703,0.860497466484,0.267064648506,0.138785809711,0.17995637612,0.47503588259,3.00824769906,1
9.46409045703,0.397265634878,8.67601026836,0.298943564729,3.18711394388,0.606654341212,12.043441582,0.914308361805,0.430891240953,9.32933674002,1
0.277460797413,2.49948433301,1.19780951988,0.41760141781,4.95534269688,5.58951895436,0.634478315503,0.226357402384,0.668455204807,0.143482958323,0
1.05134187167,0.382567608676,1.37182013824,2.7441355307,0.694990694567,1.1989071552,0.929769032443,0.43333521358,0.178997895224,1.05177031189,1
0.961223329073,1.02571637191,0.367063765254,1.04787980203,2.34094602807,0.513058718718,0.734581264074,0.656105691805,0.4615613733,4.03233434659,0
0.135821640571,0.0715145880057,5.26189799154,7.97548448595,0.27253511431,2.21530711244,0.98996904627,2.67935342475,3.72754974361,0.439636327453,1
1.89269317088,0.630281588391,5.34822573976,0.722120097746,0.545558563282,1.97036384079,0.639789635419,1.19883421899,0.345741563564,1.41506272945,1
0.654688008486,0.183078295697,0.741642375906,0.0654686145678,0.829013795267,0.594531204948,2.40052698833,0.318432821554,0.911050308753,0.855119948664,0
0.73764738395,1.84932033966,0.543750245451,1.62011373606,0.703978094442,0.28571911894,5.11574361612,0.510503073882,0.243725694674,1.49863868207,0
4.2616432185,0.825826392158,3.19223461401,2.70298045145,1.8666587655,0.207115701523,1.31263686833,0.360242634489,0.6510129605,1.09554942576,1
0.837328005617,0.320558027634,2.02794194238,1.33002102188,1.09585390466,0.532092093203,1.1683287864,0.42017661234,3.0639921719,0.723291688543,0
0.467237526497,0.622604803634,2.20396318731,0.521732016706,0.258673477445,4.87918638888,0.222602464357,0.763170606943,1.29243653086,4.65806439974,1
0.550422375314,3.42640339193,0.566261137136,1.56036866728,1.69151893653,1.02383619953,0.4345315763,0.408243093256,1.03708731137,0.469801857113,0
1.44425578317,1.16415608773,0.684355576236,6.09901530585,0.474448197865,0.605668979329,0.770530964516,0.856750217253,1.02099058774,3.76242700151,1
0.533222441767,2.2172837514,1.90846702563,2.19705632918,1.53595985829,1.83171858651,0.436635209921,2.13099503117,0.734909153839,0.298426210122,0
1.4166494723,0.160215600485,1.27760748418,0.287435901457,0.146272204413,2.91638300562,2.01825443922,2.6430548993,0.740409373093,2.42682585985,1
0.858354879251,0.250702941107,0.181662277511,2.54105955739,0.302203440624,0.375961580232,0.186396388911,12.797132908,0.712956195345,1.17044540617,1
1.64026414253,4.73305558431,0.837300496908,0.278241815577,0.0802861914323,1.24328167642,2.76606497391,0.717309775625,2.80804143592,1.127687006,0
0.970547619536,0.431140843691,0.5825443452,4.93320345507,1.56069770237,0.588288461832,1.19921308392,2.66181579881,0.595850870563,0.732731687605,1
1.85055784558,0.997526148037,0.983176061486,1.70476585701,0.25233271547,0.871810363804,1.17687327998,2.68302827621,1.21746600085,0.765713346015,1
1.82857292348,0.224820542893,0.230700833719,0.221080886533,6.8679882867,1.14633217817,1.26158054958,10.1571945399,0.436315472386,1.90969011474,1
0.876094344849,0.604869284601,0.819810211705,2.04976268222,0.442984974916,0.804105255474,2.40928977559,0.267635041603,1.10132419299,0.187374572645,1
2.84902702504,2.65783585254,4.70350491022,0.64374287357,4.8465542303,1.44564031464,3.11941323579,0.748014064982,2.50492417439,0.516183328599,1
0.146728373791,1.53053705025,1.10023380566,0.949977206292,2.31224106872,0.23403682189,0.956969567746,3.03043917925,0.859520062107,0.725194176409,0
0.235297536654,0.713865087073,1.39409344309,0.226428565231,0.0327938946192,2.11258874123,0.491558496251,0.646770364102,1.54033051641,0.617207352554,0
4.40501681575,0.557468740635,0.737677624802,0.549422442563,0.918851962109,0.347146861948,0.355796014657,0.412467329053,3.83695096842,0.406248904046,1
5.02562603008,1.24858203079,0.629053107759,0.1083243476,0.768539783884,0.685204568519,0.940679636217,0.261522330799,1.65060153895,1.19093165715,1
2.30685342593,3.25865562946,1.05906639959,0.964525840486,2.2294685235,6.25167076428,1.43991217576,1.48710566781,0.289263322357,5.3133183296,0
0.600832260532,1.02578872443,2.57933735382,0.564237635599,1.34064771291,1.21968572097,1.94879897749,2.62068114569,0.101593006658,1.13527372343,0
7.8640769415,0.552983089137,0.509916675235,0.471455763116,0.549458883756,0.796879902675,1.30723592449,0.439234470315,0.420605383252,4.71581208716,1
0.583002086922,0.498252047372,5.23539459844,0.132979040085,2.7732774523,0.487419457372,5.00741120757,2.83851890087,0.58890082171,1.1244881661,1
0.974942963712,1.8782923055,1.62487945864,2.67106423834,0.415210962787,0.941245658558,0.225822823584,0.747586363778,3.25584933501,1.93802808227,1
0.174228027256,0.762332419406,6.22479919732,0.290453523911,3.21820503518,0.589953071315,3.51557403381,0.315926905656,3.57616432216,2.06855720146,1
0.92248036988,1.85493431894,0.269842514124,0.525416886868,0.903137027036,3.66274377512,0.752700707951,0.623937450102,2.38563530431,0.171953660541,0
1.03161556585,1.45399443128,0.935301244052,0.354987024578,0.358987914337,0.983850406417,2.93550438084,4.52220532537,2.34930800492,1.98905550531,0
0.738990824472,1.06810858274,0.221050084152,0.29822743309,0.293653040306,2.60581417543,0.384942361995,1.40992660415,1.1586825836,3.54140562705,0
1.99430898272,1.99609733221,3.70351561219,0.772858246388,1.44517582698,6.00771613202,1.35969825005,3.09043172936,0.539929557186,1.18963634231,1
1.31042706632,3.25336835116,1.791944959,0.366858878719,0.390840433959,0.706741972768,0.599231445709,0.426500470857,1.59673895507,1.50205572995,0
1.40777459451,2.65642573701,0.915539418329,1.49811904805,1.89758156225,0.933980234585,2.432426224,1.19391596382,1.11222012198,1.55683496413,0
1.95721704133,1.10683870942,0.679306233109,1.08841450798,10.4541662211,1.32335063836,0.223966338789,5.57605682268,2.48563361666,2.17242651704,0
2.53775392864,2.00996305488,2.55021993483,0.736843220552,17.9824627154,8.10145855207,3.51582188474,3.47933178191,1.74325932321,1.64201116619,1
0.734233483402,0.258080126023,3.13940639271,0.280812618076,9.00137359412,0.556316189792,0.851536815611,3.77460438617,1.31459472803,1.20230971451,0
3.99212387364,0.290995190008,0.783415153801,0.480299347818,0.887367775158,0.633774262858,0.377262358633,0.826007979646,0.84209805192,0.787783017141,1
0.545029305196,0.200918375397,2.59500647501,0.601448385444,0.718860123555,1.40493484607,36.2298770004,0.141487944589,0.091984875035,2.30173476434,0
7.48127461971,2.41689616054,11.5494882546,0.298829736861,0.171480821995,0.141278321382,0.91012737843,0.405598987734,1.91855278069,0.865232272957,1
0.893098441538,2.90296607709,0.179561991169,1.40924567887,0.418253991129,6.75439828789,10.1619928744,0.375532770895,0.685878948253,0.63197450046,0
1.31689683642,2.30802744016,1.07516006701,2.36775614544,0.759505358941,0.364575046086,0.423581988495,0.0930258448139,1.44351829401,0.326204593858,0
0.223261770031,11.7044452356,0.952155448099,0.61907980979,0.276307341399,5.58310533849,4.42447477456,1.25139320093,0.0991880341739,0.999957331544,0
3.43033823078,4.86288435029,3.96301038835,0.755317868155,0.668976946589,0.160914561573,0.137557563996,0.658491378794,3.3223133107,1.9097890717,1
1.44090285967,0.960257716009,4.4401170963,0.197284889334,1.67327916281,4.42977790239,0.943856880686,0.509768948432,4.20776466348,5.50291737299,1
0.899578872019,0.964116032896,1.21758490209,1.76469584881,1.22599600603,0.892526992004,7.43899681321,0.345274896627,0.672992831908,0.337202140107,0
1.27182883183,0.939130057226,23.1694697845,5.47664260206,1.90029217681,0.575135501052,0.761346578419,0.0863475411065,0.657269168118,1.09689317476,1
0.415509329328,1.79763332221,0.316953238319,12.5241363773,1.18335658718,0.332584511518,1.22423945258,0.549275480983,0.67160651254,0.755702908124,1
0.687697695024,4.69638040913,0.298240357362,0.838765242554,0.558448861053,0.487193059268,0.576071818882,5.2653294124,3.65935010442,1.24650723688,0
2.19589608463,1.30965039064,2.49858968043,0.35605002946,0.705877955732,1.44711298729,7.61764630114,1.78701413814,0.239909065905,0.663912443428,1
2.13018337417,0.293702237894,0.194163155142,0.740900477052,0.253236621098,0.857820665202,0.783904460172,0.826777032232,3.17485000288,0.256749711105,1
0.551607626782,2.54274313172,0.853983475744,1.23431451285,0.210422618962,4.26527165423,3.41336324703,1.75368739285,0.217879520111,0.812311991786,0
0.81366997092,2.99815463176,0.79972483328,1.6583472744,0.19698190421,0.744082995992,2.11880521922,0.813273898817,0.281373347548,12.2781746545,0
0.798753711572,0.419370637237,6.2156888243,0.45641825424,1.26250318591,0.776141393131,2.01579204926,8.40625966981,3.51839129547,0.758173909668,1
6.26269898549,0.378173849192,1.84556504063,0.421959353569,2.15675164321,1.00877760772,0.460206500842,1.09551493805,0.521069989496,0.386502373106,1
5.14904461238,0.310436712438,0.307486797563,2.26354845241,0.771169739119,0.421741709432,0.844602888337,1.05458576898,0.911220527648,0.277795248077,1
0.685178859172,0.656187499361,1.58259454522,0.741461068581,0.390751413515,1.662217032,1.24196298777,0.232996425896,1.229233067,2.30662027186,0
2.23683615866,3.12635502596,5.64188046045,5.08913150249,0.655585840341,0.633304863967,0.868445590207,1.16360584488,1.01311507277,0.180781245507,1
0.509553031088,0.8731714473,1.32051721656,1.03270756511,0.139003136012,6.4282010221,0.480661166862,1.64276584216,4.64907904649,0.691974403435,1
0.816664780055,1.34486698543,0.934418486755,0.679812266732,2.75912113354,11.0408231784,0.877874959408,0.150371144266,2.03582314507,1.41721157792,0
0.716974305219,2.05775663909,1.30649351459,8.74946894247,0.354840058388,0.243212390386,8.23711505694,1.83899447857,0.548695352229,0.567480724095,0
3.02398777819,7.93170679062,0.23736628253,12.1848195624,0.53401316408,0.565957676536,2.58025961512,1.31415407695,3.87567424606,0.270818455322,0
0.500300598165,0.127100974778,2.86224655705,0.684373601718,1.74610962048,0.796414367759,10.1852187065,0.241305589058,7.77482282294,0.754149695836,0
0.104252221414,0.571098117602,1.0264160116,17.9773455048,1.15943759933,0.606417860273,2.81952164493,0.433076337069,6.30400365482,0.839564204912,0
1.46862153618,0.102945061615,0.201584742733,3.42320979705,1.2403268293,0.828648178477,0.820655926481,1.07456403094,1.68734693776,0.416244326149,1
2.36184204181,1.47847379748,0.530931795136,0.66197860124,0.17823990386,0.694986686583,1.05105130069,2.97120897489,0.704474510343,4.27406160543,1
2.90040208828,1.48609772435,1.35568226062,0.546811192154,5.61494872378,1.1847469985,0.749308222608,1.58059859665,2.69268381786,0.74815978045,1
3.60318900204,0.246840394964,0.472518314536,3.14907911544,2.66346761983,2.20310991071,1.32777099909,3.11428925991,0.559296977015,1.17229759183,1
1.17707402963,1.06943610721,2.10363170551,0.575126640773,3.88769658273,1.8255525711,0.30703985949,0.363182489679,1.87616069989,1.41932894451,1
0.737641891113,1.54297665462,0.151690218628,0.5617117495,8.13599734496,1.41809396696,4.67098886063,1.48620806085,0.79710711777,0.152233847072,0
9.1880032701,2.28615262029,0.400220242231,1.62527379001,0.148099723929,0.664538604253,1.33258379322,0.453484254076,0.241015620651,1.10781480193,1
0.207140309016,0.518969241202,0.831118219467,2.08997647688,0.607466714783,0.336354889778,0.70219220055,2.00700740838,5.32896235602,0.959650466465,0
1.96709316942,0.506985570157,1.5142691659,0.772341050837,1.90097025461,0.818555816939,4.6683355366,0.469794735345,2.0612787159,0.709109782579,1
0.54992812398,0.352506510464,0.682753195879,4.94344350673,1.58139547098,2.330330489,0.27085830024,2.06374630143,1.08170005083,7.47556694801,1
0.432377850517,0.738015214332,2.98013216322,0.394676733988,0.716848996321,2.40583140033,1.87497320602,0.349076625335,5.72269651024,1.61795609131,0
3.33989925661,0.0660326637725,1.8967760797,0.614335514034,1.26361075273,0.547159453013,0.673956346758,0.796642900135,0.343211538236,0.314027586183,1
0.229945864396,3.22855545184,0.849064511974,0.163421760649,1.39529433114,0.303859166025,0.395269812333,0.91947603263,3.31416598806,0.423907980283,0
4.06991828948,5.76355658636,0.344934432003,0.736448524428,0.276206436909,1.28926271153,1.68426243196,0.104987094244,1.66600908143,0.234147205456,0
0.178833539184,0.174372506905,3.47843274673,0.160266987899,1.48399098194,0.793368643391,0.490649956886,1.2980337734,2.28548324056,18.9352274995,1
1.78234592217,0.649267020577,0.403584146195,1.52443249956,0.0594616903455,6.00586134706,1.47380792465,2.20498645358,2.06630768571,0.722755571122,1
5.8450596993,2.72814674656,0.321340950473,0.627069432173,3.97800711182,1.74556851298,1.60364139684,1.29856978535,8.97487432813,2.31015231979,1
1.02257359924,2.23516117895,0.97781096024,4.59743854587,0.637346569192,0.2419120991,5.38370202062,1.07890335078,0.66304672457,3.24053166604,0
3.18193216683,3.55458653186,0.724326033636,0.660990135675,0.756978980387,0.384342843058,1.81825951826,0.332555030758,0.281047427235,0.953682816912,1
0.728639909169,1.55242269999,2.06984121204,1.85143535765,1.9117704612,0.873164214256,0.626439238901,0.690489235534,1.00785755998,0.521357362337,1
1.13919595112,4.65743582531,0.876314639355,0.30867719827,0.4679852787,0.850778523071,15.0371122913,1.72867657748,3.59685249,0.152780697745,0
2.34233987447,0.474647925423,2.74543525713,0.590570739915,0.326782259293,0.202405133539,3.61834173981,1.87015306592,2.27960297669,0.940774557251,1
1.61581694169,0.653204465868,8.35105187942,3.47031357646,0.456053711703,0.754185419297,0.443777719423,0.801289197685,1.03590103911,0.837904872512,1
5.55441181413,3.32140635511,0.596861329332,0.98506654031,0.981326968738,0.0580214510478,2.76191591048,0.598283597475,0.986442930025,1.36649672135,1
1.34469756258,0.986224455078,2.68113613976,0.345228422203,1.86703722602,0.310195816784,2.9427928013,0.806096566605,1.2293374247,0.759778233823,0
1.44421995677,2.79371099812,0.162302540627,1.61618389066,1.52577288322,2.64031513668,1.82779821414,0.905268300835,1.49361440537,0.17222019802,0
1.29715938801,2.46852207222,1.16960444066,17.9592204674,1.67383803061,0.15292791733,2.60236071548,4.53683692442,0.136754836844,0.28643755635,1
0.711942695714,0.521066825705,0.362207670432,0.293298410051,0.720913817739,0.348226687807,0.574448781462,4.74010539496,0.106901530231,0.415168386509,1
0.478146086804,1.7315588542,0.657838153728,1.26977350472,0.705112205793,4.12676991589,1.58378092479,1.59654565418,2.27802695995,0.416576882592,0
0.847902472908,0.216750893732,0.188132437296,0.337573335289,1.12732062386,7.26339470396,0.248683129579,3.55692100485,0.402252808702,0.310231685733,1
5.10221181818,1.04672871273,1.32172200786,2.52582527819,0.182824511263,0.787486512728,0.385965576128,0.310884670432,2.46718543526,11.2180050996,1
0.621525253738,2.25908882579,1.14985759848,15.5715545657,0.783296310682,0.368153329221,4.16121142124,1.9966082212,6.17967066669,0.828885768658,0
0.528726367937,0.676082890228,0.21083080749,2.05239278271,0.0776856593333,1.94932448492,1.41298777602,0.142250424335,0.335550396287,2.57380841485,0
0.217739792707,0.730190671387,0.20741513884,5.77154676355,4.16313329271,2.16405024276,7.18315603885,7.23986053105,1.41134066092,2.19698644001,0
1.59748984062,0.598961900123,0.482429995917,1.42590367804,0.584613992653,2.10291795679,0.523250546189,6.93778036183,0.0952335582728,1.8050280621,1
3.48527980354,2.57833601507,0.527574001141,0.524581804728,0.563095354871,2.83821237039,0.904411910503,0.196110881425,0.706998122663,0.720997966945,1
1.64726432287,0.568619637747,0.129094139111,0.186055405148,0.41513941132,0.0781374383127,0.746345232348,0.745080656701,1.7925064298,0.546317212511,0
0.817588573028,3.13338554384,1.73911414122,1.10639146088,0.512397772708,0.346692934451,1.69667209588,1.32598663067,1.20753916473,1.03309576992,0
2.09418106286,1.32108283991,0.683324342834,23.6014749335,0.790236768161,0.179453300721,3.11027976015,0.455924148295,0.826021040958,0.0700410148693,1
9.13012493084,2.13249062312,3.36573632008,0.285930871264,0.675011802531,3.83104701329,0.842354780617,2.06479622306,1.12235561309,0.261608346386,1
3.46456496914,0.604257783869,0.333439789791,0.346610430117,5.90660195629,0.997522643065,0.266327593694,0.826112177961,0.279520879897,0.180476472417,1
0.3936103049,0.971046431511,0.635956009087,2.32462083531,0.530063308951,1.23088590878,0.288655722396,5.32815458418,2.40346693895,0.960098264249,0
1.47099254511,0.530628104899,0.269899276488,0.602012482357,0.5300697856,0.815699378169,0.725689500067,5.95202648269,1.00731952968,8.7713665649,1
4.07107088319,0.569156419564,1.13692956035,4.14756345108,1.03589302252,1.22026352656,0.224174071143,0.835610176729,4.72000084315,2.05440063316,1
0.432639720506,6.85018362896,0.191537350506,1.02391451844,2.5947690766,1.29733654343,4.69614024938,1.12569514804,0.272687920401,0.764057805981,0
3.04031103594,0.148492976683,2.10333108208,1.0307829679,1.53074767696,4.81817846564,0.28864450011,0.426701240081,4.5578031156,0.563844388493,1
5.630303632,0.155807693778,0.68230419112,1.18496499043,1.48414462183,1.6796007866,2.32443731713,1.2984106847,1.21023164083,1.62821940126,1
1.35575240979,0.378946449054,0.550185857207,0.388953380088,1.31709494085,0.118073727657,1.44842925393,1.66422455251,0.785110860482,1.18098106853,0
1.28808670793,3.00360709128,2.55796265356,0.585742092131,0.889027552494,1.01612805072,4.19137846718,4.98529595631,2.05395361598,2.78970411511,0
0.491862205065,2.72194806938,0.284323367732,0.336766706781,0.807467388177,0.292079579942,2.30072272553,0.440750901353,5.31935264032,0.527410163176,0
1.35854153007,0.222830962836,1.33185779856,0.999275318783,0.485964550706,0.691776671355,2.54795821701,0.519011624405,0.404950372088,0.771578872208,1
1.15507597674,0.70487257543,0.613366562582,1.68370555174,1.34715356115,0.203150522542,2.42032397399,0.942269984727,5.93934758531,0.467838835826,1
1.18295605682,4.29535993631,1.84169845496,0.897753227157,0.632937121139,0.820729804267,0.3863299644,3.20449031963,1.20737119467,3.46345529915,0
2.51306992187,2.28199766992,0.183263469926,1.42004574497,2.73474734577,0.293036522164,0.291510011355,0.542707757014,1.12325789613,0.398708416559,1
0.374413567453,2.46990410382,0.960098610988,0.551482527588,0.319642564224,3.20986373363,2.98304156428,0.167384601586,0.595651199507,0.752849344847,0
14.1773304683,2.36603510124,0.710715833914,0.173380803214,0.461354921474,0.609313173145,0.437104317082,0.973898990339,0.466069316512,1.38380195905,1
2.16746049691,3.07006646342,0.975042092609,6.26670732106,1.84007817874,0.237397529775,0.708789573861,1.352012321,1.61270569698,2.13424433454,1
0.236913774977,0.82152589147,0.759740466564,2.62121323888,2.01869906759,0.121004284825,1.60343799159,0.190297197368,0.325373761254,0.149230687494,0
1.36560528719,0.423091676242,6.82244708936,0.372970986528,1.8125961446,1.35884269261,0.747274029802,2.08951067905,1.08829392348,0.608442129412,1
0.940885592055,0.248924435994,0.75944642649,2.72701607058,0.249481811427,0.643969202299,1.58237714484,0.422203299872,11.5182570988,2.28620756353,1
0.693599406091,0.932809422167,0.352701589592,0.733253709695,1.09345510131,0.15143109718,35.0232275542,2.29862323418,2.45725236409,0.949463626719,0
3.50151604884,0.27148163364,1.7820139527,0.299205300242,8.41772533479,0.188731061468,0.0848736173386,0.762054185331,0.520310880082,0.494144362421,1
3.13198595452,0.511120159686,3.05484575105,1.15013233845,0.101306119739,0.0912826719062,1.28369250442,0.2447944717,2.27455231243,0.981413228024,1
1.79487456472,1.01643184161,2.33276267324,0.649742915086,1.11466971955,0.315742150791,0.313932499691,0.874505333996,0.26336136905,1.29791348778,1
2.85005362736,1.39835667954,0.521976885182,0.575297854811,3.67239520172,1.08942878647,0.643784334598,0.403857483282,0.874263544459,1.96394351453,1
1.20416718695,0.924951630388,1.12204716458,1.06833911177,0.164254774117,0.143895734558,0.69159008461,0.536233072656,0.436839107878,2.13426565361,0
1.68800923228,2.16999701556,2.4486479351,2.09719360826,3.41755507307,0.318019743718,0.642094094553,0.914300535619,1.50624752017,0.348904555229,1
0.736729362263,0.549105024419,3.67897800618,3.18820127129,0.50887543266,0.799645040899,0.369157635357,4.63713398536,1.30679126571,0.947590618055,1
1.77197991328,0.543618683806,3.10591604071,0.0915462276504,0.967469212233,0.196574149021,2.59613331365,6.55740885987,0.404307740621,0.195396722379,1
2.43398908138,2.98385575614,1.09959323703,0.337026148156,0.922174242533,4.88432129437,0.135171065991,0.374498463806,1.53380483543,0.51406427487,0
0.0829976604296,1.88361013788,1.09391356972,1.03041419387,1.76633018119,0.854100246421,2.08956021617,0.387007651729,0.740896037832,4.17015111748,0
1.06344631857,1.17905584424,0.188314398782,0.714707271919,0.260722574234,2.17902453508,0.46091509339,1.24232863512,0.713293515229,0.985323167653,0
1.44296854439,0.787545879724,0.175729033972,4.0334016585,0.638300336335,1.83634361776,0.231567779884,2.51015265137,0.805695987886,1.26191300707,1
1.73890281175,1.59012213181,2.06505445915,0.472535657595,3.16977909685,2.65889187085,0.39923881447,18.4566561783,0.224221138054,0.591807563732,1
0.948574207308,2.95873955816,0.866782651018,0.830932009219,0.865152989715,3.00526829277,0.564597837166,1.74581593431,0.405083686301,3.75781991387,0
0.338693501514,0.19023759263,2.18302574731,1.65106879269,1.43096477544,0.105631468567,1.57254566406,9.79324187551,4.34019639192,1.46004507721,1
0.218887294061,0.902293019494,0.731748499881,0.589955129787,0.538712865952,0.160728263423,0.559122550936,2.29006296839,0.750380418621,0.660094774816,0
0.864529674675,4.96154725256,1.44297957504,1.4321796224,4.44002036254,0.422765099046,2.22027173412,5.87751823334,3.45463366947,0.45427392334,0
2.60584778684,14.9760419784,2.72649622166,0.870490407519,0.806914725518,0.552816515513,0.4341480915,5.76404126458,0.271165621234,3.31621790976,0
0.296733249979,0.174272964571,0.397823913902,2.56220361792,2.88981072886,0.303872248524,0.211631513646,1.89054154957,3.51407542989,0.908660998019,0
0.635355153964,0.39940981257,0.273888769585,0.313471162639,0.511108336773,0.671945664476,0.430339867842,2.58790710657,0.444972183023,1.32869572849,0
4.06542761997,0.489825027358,22.6868941577,0.664968233129,0.131256013745,2.30792372947,0.652587576763,6.15410409839,0.600793478483,3.20967656414,1
1.86993713653,1.1048764984,3.27351242359,0.160181859686,2.61517758565,0.37970843384,2.1760842715,2.26398597033,0.574717067342,0.259544554601,1
0.423727685332,1.32803762228,3.4497189127,1.72183008504,0.452469238744,6.96434414289,1.57949020976,0.243133343294,4.92633681724,0.95005692601,1
0.395261987901,0.406375826051,10.9022952178,6.9043971036,1.37591573088,1.27210723883,1.32583977261,0.838281841241,0.799441702588,1.32322087429,1
1.19850132135,0.76064511461,3.65856480296,0.357523558661,0.349393892603,0.34569741048,0.0874906244254,1.52251957347,5.97441575217,0.115054249202,1
0.966032629709,0.782984850513,0.272111622354,0.384353504436,0.313408173271,1.76868063824,1.40245707713,4.26230457417,0.597394034507,2.1097156248,0
5.55569709237,1.38911993034,0.171659124123,3.4525803483,0.360245124541,4.59524489249,5.05402603876,2.40123387605,0.563353122153,0.22443371935,1
0.948082998454,0.359967601036,0.33882931252,10.4331126994,0.825492337896,1.19086940467,1.51059992548,6.00236561834,2.00964395604,0.0908163283386,1
2.23775909506,0.736066245048,0.606025588469,0.261097813448,1.24292537411,0.139932903681,0.504913184679,1.82940358646,1.27377031276,0.23825708738,1
1.49591418536,1.55456141386,3.45292248967,1.41331251202,4.8122974531,2.86546681199,0.696259255337,0.877135675563,6.02280700674,1.44341545152,1
0.223096995309,1.50476545816,1.22322821478,0.11987195831,0.380016629314,0.679395812141,1.45031547986,0.205143277949,1.58882833551,2.39104353287,0
0.840858082749,0.364437966167,6.28547813755,2.96302672738,6.45326524145,0.49733156017,3.37821541728,0.780832779253,0.282684816351,2.48737979075,1
0.867324579202,1.76704599769,2.01400287746,0.742969591657,2.73351456416,1.18076601867,2.3822567026,0.475609803328,7.79040369769,0.157305366081,0
0.857057180993,0.126343571563,5.21411340221,1.58987415853,1.32270839081,0.441685405888,0.423494047009,2.29455344505,0.267665850504,0.706117250234,1
6.27817264942,0.893215139788,6.36944430722,0.667005835714,1.00187734365,0.435598465898,1.3569967457,1.18108522836,1.59192540608,0.695108058433,1
0.620074833287,0.178700030427,0.174526923939,1.39623427012,0.291443335059,2.42647764871,0.324080406221,0.320443857051,0.927624013512,3.7389587593,0
0.200129803182,2.25937196896,1.17921008368,0.704025619482,1.22368536965,0.972325445516,0.149774031835,2.98582481574,0.628824270906,0.521911867429,0
0.650051008202,3.05724380841,1.20705793911,0.40597767559,0.381094163029,0.221519805238,0.78005018174,4.26895475909,9.74336314875,0.345116023265,1
0.747780211019,0.683818923258,13.133447908,0.749278237737,1.36002554933,0.941215936226,0.410051546487,0.518448596477,0.969675015918,1.04077540965,1
0.53861571773,4.52191481452,0.696662018111,2.98078387957,0.569027019534,1.31857709927,1.09655102926,0.8662394926,1.15369478672,0.686684696895,0
1.16453172542,1.14234310097,4.32147836327,0.195773096211,0.217608239472,0.569198233754,0.74799091387,11.2886293542,0.265154629037,1.64021766987,1
2.18532333484,1.04250306413,1.72929570785,1.39462422327,2.28679945662,0.839097143163,8.91875460005,1.78836925137,0.0940397927134,2.97265519225,0
0.968130333181,1.48554602351,0.294419013035,0.502572647998,3.62932819888,4.46729332492,0.978545647372,0.629134362117,2.09995621092,1.16438272871,0
0.530754272919,0.575696268724,0.760874537523,5.42497455127,0.209975448812,2.05507324116,0.915231142809,1.10723168519,0.193863888025,0.33463322117,1
3.7018546472,1.32064829685,0.410692183662,0.957117537813,1.78534348889,0.52987736834,0.52190271623,0.455683451452,2.81857139771,1.92579975545,1
0.347281403997,1.23674722766,0.402973167812,4.74461610607,0.737716417879,0.0387718938076,0.777553224732,0.395391834303,1.22746528902,0.419997141981,0
0.447200384361,7.03257099547,2.02230955567,2.2349975198,0.390148630866,1.29966108943,1.43392990896,14.3460193862,0.0845693139902,0.309533042674,0
0.3967730654,0.900951572908,1.41075760682,0.351471029902,0.603717883433,1.13507701899,1.30276255359,4.07683734714,1.23875365147,0.702102397877,0
0.181347011505,0.616324218462,0.618189451509,0.487920976614,2.20921672514,1.24298673557,1.26117287844,2.18327240967,2.83535330404,0.927915603955,0
0.528299200845,3.57191555874,0.306825560785,1.40317794158,1.94979141286,0.540497568964,1.79423191811,1.82993665192,3.60070008777,14.2431888753,0
0.560122369805,1.18915462995,0.936583022717,7.45474233776,1.37929576785,5.89809662911,2.0150477006,2.12456680747,0.636478137649,0.427849937919,1
2.82153423482,0.823416958815,0.24054665142,0.775843576958,0.0685303196528,1.91572323316,3.02134008458,8.67202400264,1.75361730473,0.124825627385,1
0.128446691468,0.0690261217467,0.634969666446,0.906100925732,0.716830664588,3.84126649641,0.0914603813347,0.33299454678,1.45480722924,3.7609865005,0
0.293073408091,0.489336034118,2.67737720602,1.00141263023,2.15075000583,0.287636417485,1.56514243937,0.18163904542,2.81810182347,6.59669568898,0
2.68001997267,0.122685109971,0.606204160275,0.540852468519,1.54119989085,3.95570538837,1.01539434313,0.527429676492,1.34933546603,1.15565929083,1
1.29090589252,0.563889733871,0.994196111899,1.60398540957,2.91156940632,0.24657237659,0.373306326013,1.41171443491,1.99948113188,0.446605713445,1
0.146924363281,1.48919447166,2.78069672658,1.31341958654,1.29270512431,0.119236932583,9.36139192123,4.49894421035,0.681715072877,0.669835436867,0
0.642392970525,1.33283458306,0.125836276812,0.0965370887669,0.218636115465,2.15267384012,0.936607507435,0.846074696447,0.52473979837,1.33366819383,0
2.60957530551,2.76569793856,4.15058735372,2.20912334996,0.490419643914,0.141273043334,5.34749323902,0.665083913836,5.18635493255,0.435480895251,1
0.839862067876,1.61580437272,0.706771405542,4.95331695559,1.04062485005,5.11924361048,0.378179240575,0.154058353563,0.915864588887,0.790028254136,1
0.198521886193,1.97121927096,0.905854063721,0.289589760444,1.44507720202,0.450929611749,0.169226320578,1.20990321379,0.169336391184,0.94125420121,0
4.42053946598,1.87032196856,1.65279700356,0.817416268024,1.28978745863,0.228725816824,0.858139143673,0.349648278497,0.943820312534,5.46539857842,1
1.24000062774,0.123501634944,0.916778127303,0.51004802023,2.28113323587,0.583675494835,2.53717952007,1.7732988804,0.916707950368,0.624896900495,1
3.70695610504,1.70368005302,1.37223113975,2.66628600874,0.109661769696,0.910075712154,0.307434172768,0.913195995859,0.274701338374,1.25884698429,1
0.711989590448,3.97825771602,2.13036946667,0.175372154169,1.57626703692,0.257907868502,0.386135038111,1.72624896986,0.158763620466,0.85770621287,0
0.463135149905,3.15183045853,0.407199889923,1.42796926492,3.20597615454,1.00514259036,1.158718574,0.677094554275,7.29222590025,2.28476551027,0
0.167666680958,2.36936745585,0.318124903832,0.306687870636,1.59000530768,0.758453179139,0.558068258239,13.285337632,0.29919474504,0.215752913744,0
2.45652530146,0.635423219055,0.744308444252,11.0256384879,2.83247172579,0.240203980204,0.4685455667,0.831225297954,0.47545573794,4.96508111872,1
0.334429558913,0.748562203236,0.929017473169,0.335983346058,0.510823129265,2.89658993497,0.689606462244,12.8443260787,2.26620754008,3.49505473179,1
0.322680247165,0.560052651884,0.747113009096,0.677319479329,0.419671866043,0.777343304061,0.276595651532,1.01174941864,4.38405701397,0.748645450894,0
3.7084480593,1.20093643888,0.474041338249,4.928313525,0.954188428803,6.7902350309,0.598711848106,0.887971537443,1.31868336074,1.85638866398,1
1.07914565667,2.58483759644,4.79130499331,0.599709345517,1.29135601864,1.37813416635,0.603797728646,0.134810565996,1.19992623971,0.456581114275,1
1.53558672749,6.19447057904,1.31000661948,3.58654184848,1.92843020862,0.224612249435,0.192643880588,0.91770621721,1.87066719265,3.79112143502,0
10.4652805392,5.44705971726,0.844938040071,0.184054016869,3.02645091786,0.449050400488,0.462902136753,0.0692434546829,0.296225271013,1.0476905782,1
0.34272841229,2.39680516444,0.87640594365,0.687764591554,0.352132982524,0.427225328503,0.573050592007,2.18133582516,0.568989325652,1.43814870255,0
1.18576016663,0.539640535119,1.51843111894,3.96963164318,31.8330877954,1.04523930286,0.515048309459,0.592997712608,1.17195690844,2.98658461467,0
0.492602860267,2.94504666726,0.684643548606,0.678833457075,2.06598085399,0.346864205397,0.23867284751,1.2503603165,4.99781995775,1.19326176909,0
0.573114542058,0.88605043282,1.03011143851,1.04228866058,0.508250924685,7.17507351269,0.413611829809,1.53017878793,0.549548474251,0.246705820842,1
1.45810330769,1.48368012494,2.19151634692,0.211222655398,4.22850978855,4.76439358791,1.5687777716,1.90473451863,4.89530447232,0.38348209799,1
0.523741893761,0.282817991296,0.278628845416,1.35037859112,4.47873241227,0.774898731762,1.92738176662,0.26160073786,0.58598741324,1.96012668263,0
1.05933823178,3.95882184019,0.791693884812,0.290394831789,1.095057523,0.613486545553,0.675349476633,7.85836185762,0.718315513769,3.95051846602,0
1.16985392804,0.561169676659,3.70153981702,0.67497629756,0.855415483532,3.46015086607,0.575636696632,0.709848102958,2.79490208596,2.02725341049,1
1.74533354146,3.44821336547,0.220002027538,2.28638694158,0.823359945776,0.664715276022,1.22889231717,0.829908202696,1.55247971761,0.830819239983,0
0.803923808527,0.449286438152,0.203360981169,1.3122657863,14.0076103865,0.118837211449,2.20520794846,0.198894908475,0.694937680226,1.82868167497,0
0.749549921876,3.60377617223,1.30219760906,3.59523043533,0.431811369281,1.05537367724,0.5810440601,0.446644084167,6.04277202837,0.645764266898,0
1.32746309894,0.640268419091,1.41015707783,2.78690503242,0.465733632958,2.23978184844,0.973340715644,0.070753139784,3.49664209196,4.12415817698,1
5.22918822928,1.37869824746,1.65625043422,3.35603680615,0.584932533117,1.80314440618,1.47730936144,1.92583595473,2.14688268022,3.03085862903,1
3.41791685046,0.263170505976,3.37878244351,3.02685429277,0.423762727609,0.259266425974,2.65049875853,1.00418268961,0.614983181159,0.302655243094,1
0.120065852825,0.793641428507,0.746833738639,2.31650713267,0.91602189854,2.28760813159,1.19544350413,7.42543883716,3.10411957305,1.16851719725,0
0.62983261327,0.875883766742,0.380416799893,0.159927901044,3.24282798042,0.994328407673,1.53310022024,2.89913956627,1.38232680675,1.04900538377,0
1.74045304518,0.0769045547713,0.534708170957,0.775480836652,2.11961425035,0.260189052106,0.26070598962,0.583890238136,0.890231862981,4.27830998808,1
0.22531847191,0.911099161626,0.887125601843,1.3104706909,0.839299788391,8.07242025688,0.952259226754,0.975909277752,0.744907065015,11.3177070753,0
1.31947589242,1.37775939918,0.585384625998,2.49275968298,0.15114193065,1.16092880323,1.7102721559,0.447560974453,2.34712263374,3.19297175676,1
3.37396151484,1.11300963095,1.15054822575,0.306832691049,0.794266236157,1.60454409655,2.16884061672,0.566335597336,1.49381325835,0.577277156656,1
1.18823845607,0.60234058625,0.4761486669,0.578277128938,0.646195636145,0.663298426603,2.771468953,0.472120535952,0.421877896718,2.57713044833,0
4.81468787745,0.834112861027,0.249935794206,1.57903023759,1.11979481245,4.43345853049,3.46163727283,0.691711536404,1.57484667312,1.21497598902,1
1.38204770974,19.7527704403,0.110326198669,0.385095783829,1.39339104188,8.19756011682,5.49774445031,0.588554305757,1.15518115509,2.93948811652,0
0.248274957149,2.66182274441,0.639786925158,2.92582065133,1.23300195401,2.50034036062,0.180626753287,0.0678367491701,3.06116147693,1.74970032556,0
0.638872596492,0.100819266154,1.98095947923,1.38235808282,1.12779585986,3.76737905231,0.940204648571,0.059249537693,0.576538038522,0.341685826996,1
0.50225113241,0.249101090981,1.03060822206,1.83039075331,9.25156842094,0.69305569107,1.04367144401,8.36201587947,0.404644852677,1.60554148345,0
1.74380102508,0.320098497194,0.198956324706,1.53947304707,0.646521772295,4.39797519842,0.913736147493,0.525027967586,3.45635680111,2.68649924511,1
0.806641475464,0.14905996643,7.06637427152,4.51899313045,0.884563775681,0.748948464295,1.06456529515,1.7453975898,1.51676257676,1.45369553586,1
2.5836839695,3.63312735796,0.242329581615,1.03973784551,0.504786232821,1.7325604345,1.00316560131,1.09030048335,1.24758247122,1.17482547845,0
2.37163708222,0.182221634882,5.32531608142,0.854266912545,0.521154287975,1.32125851186,2.59570931825,0.619448336577,0.313708133336,1.74470428862,1
0.749669061086,0.285645610574,2.90585526727,2.11869419961,0.45076026688,1.37790667653,0.197418926916,7.67301967364,0.220469342796,0.907932827166,1
1.4191387578,1.26774853932,3.29195420537,0.786503038711,9.61150782974,0.514325114421,0.820546615581,0.315796855343,0.453850295022,0.552652731013,0
1.00419039291,2.73736709871,0.833543832103,0.297462892304,0.0565973800132,0.637845681973,0.21344941034,0.487532401628,1.22137629511,0.247331743872,0
0.385367870326,4.04363756547,1.88668778558,1.02175663169,4.2487974147,0.60369914303,1.23495119571,0.523962263599,1.23626962799,1.9968218548,0
0.558422343969,0.495204241222,1.661845519,0.235159106031,0.770228154565,0.158978841326,0.145945526763,0.347121592996,2.23745755371,2.72575521574,0
2.41891156233,0.150315315281,0.999277005981,0.538038642294,1.87424022864,4.90671068427,0.375537598831,0.815955805456,3.80857112652,1.17219225085,1
0.572788243233,0.830338005477,0.689439726041,0.230864340817,0.576183316737,0.574827004023,3.14432087103,0.545206240724,0.217461014299,1.61806486151,0
0.640456627571,0.769613896123,1.49338139196,2.31596893081,0.81477999824,0.917528219702,2.18722934212,0.229731146854,3.22187712116,0.361076139702,0
0.551757483707,6.81969397896,0.925760323952,0.348990253383,0.67442862479,0.738801058246,5.81717937443,0.0590433917635,2.07202815465,3.29827689819,0
6.18511427436,0.953592692774,1.1725629067,0.364763089783,0.133329608035,1.82386791559,0.874171020339,0.857720223568,0.419514177536,0.79489702706,1
0.608641747371,0.188395244938,3.61462193236,1.81821996243,1.90714455199,0.902342145808,6.49127301484,5.74098649906,15.7116996747,3.58320372672,0
0.211631075801,3.14299203285,1.59950281986,0.441408401963,3.06589290316,0.868706781835,0.930417529925,5.71301320285,3.46120286432,1.28902402776,0
4.10011971471,0.274711319139,3.26497563116,3.54645213517,8.35136840411,0.864972776271,1.38953923824,0.875081310482,3.13036558724,0.888043827077,1
0.235355998241,0.152770336088,0.448403274124,2.76346317737,2.01786416109,6.38679676667,1.14560852971,2.05427963469,1.85340101392,2.90179407384,1
9.09179985244,3.22747130581,1.70770674689,0.210129886411,0.0700221539833,1.34427848369,0.440073870311,2.38811087516,2.07273472921,0.489288816973,1
0.752074171616,1.02631035928,0.222418547297,0.411742565361,0.282917607785,1.51256267025,1.30094185064,0.189694359997,0.239583833197,0.495420232327,0
2.47385918731,1.51567491052,0.214917537018,0.292030507321,0.606688734069,0.11002362807,0.37080013261,4.60433020112,1.6562309319,0.308009888887,1
1.00894802525,1.79736481195,4.36485320211,1.14945929849,0.547789389841,0.464088657573,5.326670335,1.07648578039,1.2737889723,1.66753071691,1
2.58358136653,3.44118252775,0.906360500414,0.531034875239,0.493634062086,0.998742337676,0.161118031998,1.38987997038,0.551773064025,0.406386749256,0
0.0609011237088,2.06718172529,2.07633192541,1.39146143766,0.725869724692,2.2488236987,1.91639362927,1.40611766617,0.241385616548,1.59735329676,0
0.172774253406,0.173231054706,0.429350118098,0.618420328254,0.553791449049,0.227332692332,0.662667580894,3.14325558705,1.40677009565,2.53925088342,0
0.660678938532,0.37057190439,0.589578824486,0.718685640329,0.888318221831,1.00136208154,1.81005967203,0.278059160087,1.75650156393,4.17245336252,0
0.660663043434,0.34674636155,0.241618938736,1.40330691488,0.764736606506,1.38166567121,1.39783344734,0.915861980895,3.00571109895,4.15960527128,0
0.528861509097,1.62567854473,2.22203396841,1.40529549185,0.232684510621,0.372651602367,6.13589797652,0.920899290754,0.580842893447,0.431616850577,0
0.489950664451,1.11874248441,0.488153889632,0.0576659585054,0.589976240602,4.6762255531,0.26500544738,0.433798706149,0.620255762797,3.03753963292,0
0.573304780544,0.374083958912,0.549746462556,0.461836374822,0.637496033776,0.145490016903,1.08695322059,2.03711439195,0.648163135229,1.52140534228,0
0.178477479875,1.41851246577,0.217646335438,0.894356395816,0.594276784143,0.315623271803,0.483989356097,0.391659752447,1.21688817678,0.224067086993,0
0.258835542612,1.28469392636,3.57019619492,1.67659090139,0.903548517177,3.80747009845,0.60260922983,5.05669442437,3.26446531066,0.4853143856,1
2.97446385782,1.42027881177,2.18587625312,5.59478028597,0.23580767078,2.08922641814,1.76079598427,5.12537210804,5.3937255853,0.302898462625,1
0.778328112336,1.02805020904,4.82032128524,0.266560003934,6.09989819414,0.448618364493,0.38767007117,0.165741232063,0.452493315768,0.701755797641,0
0.79597367146,0.43103595382,1.04811805705,0.280636297811,0.630632569038,2.02951707205,1.07258398462,0.70018281825,0.646009624255,0.64765994076,0
0.315664456272,0.210181704333,0.790410173973,4.29293107985,0.45474337529,1.96438314765,1.0810002908,0.707675880366,0.586518795193,1.31721045829,1
0.786212472856,1.85321081273,0.936477779151,0.229243133549,0.968837205152,9.30923675609,0.194823988485,0.663187504711,1.15688187808,0.73599161264,0
