x1,x2,x3,x4,x5,x6,x7,x8,x9,x10,target
2.5190439168,0.449943692004,-1.12313236639,0.332984164674,2.7790319169,1.17933065257,1.78541922105,-0.755600048106,-0.147561448341,2.09632927659,1
-0.593260891281,0.787280015826,-0.0994130326461,-1.52940950722,1.09451687346,-0.380450667513,0.65245580804,-0.150409212445,2.57813889381,3.2712060802,0
2.22611462645,0.379525617814,1.78262880216,1.20016838594,1.15387779704,-0.00265438260409,1.32682157863,0.194686018392,-0.126354219302,0.670668534953,1
-0.166659854466,0.546330097421,1.92270940111,0.0142370212692,1.6751645026,-0.176397653153,1.27810425527,0.149318125944,-0.196622185663,2.06488470098,0
0.807332229404,0.986920269154,-0.628036265386,-0.141641023865,1.22902688794,-2.12745294963,2.02947348592,-1.08753593231,1.3363970781,1.22875021833,1
-1.62536738429,2.48201178308,-0.174548261844,-0.168126287381,2.64963585187,-0.639980725325,2.10415055446,-0.682559909984,-0.876613858835,0.646727466539,0
-2.08763806046,2.11931108077,-0.39804035523,-0.224716034091,0.828397958132,-0.202655937981,0.272760599446,-0.165767390285,1.00700201429,0.842626234357,0
-0.0189978365886,2.71800929684,-0.725076397353,0.427689968461,2.90123011817,-0.36160281508,0.214915429642,-1.13505340155,1.67926190427,1.68287019628,0
1.31329635556,2.55140482166,-2.48956948422,-0.688989230445,1.46532581258,-1.10077336335,2.0974491887,-0.348846867227,-2.41821590563,2.52911253256,0
1.14826652831,1.21518797545,0.294810314907,-0.016329472364,1.44571172558,-1.29035403635,2.40513659883,-0.776472225376,1.13180953913,1.04254304539,1
1.60394745412,0.954339683368,0.493156233754,-0.280462957608,1.36834661357,-0.0707243529839,5.24388756056,1.44047435767,0.742506013386,1.94295878511,1
-1.2249239135,3.23985985816,-0.74595681503,-0.414415917497,0.783610821573,-1.0671860765,0.674958832272,-0.0627486378703,0.785019735404,2.37916268022,0
-0.577582438277,8.09896333771,0.98589295869,-0.203818752097,1.34995037593,0.0940317546432,0.588436497716,-0.565269710486,-0.450794369433,1.55674797107,0
-0.590011287122,1.78545412762,-0.0890826529437,-0.51869375774,2.2237910415,0.726932126318,1.6092074317,0.257252115756,2.68222006049,0.796800127974,0
-0.0328317525239,0.396331575681,-1.65939800158,-0.568444560321,1.14728311976,-0.073456542061,0.539856357203,-0.41375386432,-1.41623576034,1.27603556821,1
1.36112063591,1.19940578866,-0.139384019982,-0.0253495243762,1.05363327092,-0.382228196987,0.326710094673,-1.18970309924,0.796855484186,1.32620614043,1
-0.303869150679,1.31189485506,-1.78664864287,-0.44627957897,0.271952192864,-0.614627688841,1.12710037204,-1.69135261347,-0.632245515512,1.81609871091,0
0.883135210286,0.437963936479,-0.0773880920788,3.31422016754,0.807720965796,-0.655304887955,1.35003534638,-2.58060805376,0.931262747915,0.472358399265,1
0.579491674397,2.73981519939,-2.49900729165,1.59605896691,2.06362785626,-0.017812830697,0.497925698747,-0.440676346273,0.154437650505,2.15146502728,0
-1.15322316718,0.90317677369,-1.51673092665,-0.0159812710369,1.79801700914,-0.271028168801,1.50457542843,-0.690644878495,0.0596174137577,1.74281228422,0
1.12779889311,0.44877609741,-0.181022589123,-1.55505114361,0.653284208043,-0.180277255154,2.03381303022,-0.266791876,-1.24164537442,2.53271238723,1
0.498194331357,5.75288476983,-0.0667005598548,1.0939056754,1.16586976831,0.347920419118,0.378276035788,-1.35321411168,-0.732083454434,1.93111489084,0
-0.455522584658,0.754896061104,-0.453042062391,-1.78035441721,1.62049626874,2.26500190759,0.915427274082,-0.520438904821,3.72455601847,2.39207005703,0
-0.966446073193,0.36065075862,0.181396530591,-0.396378548808,1.54217414289,-0.0945161111205,0.694207373304,-1.70562620231,-2.17495202114,3.68767369029,0
-0.942442139578,2.92801107867,-0.341992058161,0.974478003868,0.490810651788,0.76698220282,5.95718561687,1.11328820158,0.562496765634,2.22320653775,0
-1.15005796798,1.55885885685,-2.93650205967,-0.324571876674,2.90861508781,-0.697097518562,0.426057882006,1.65326690886,0.72110364285,2.4475074928,0
0.499932609447,0.511364008759,-1.28121017572,0.892874627707,2.19821186462,0.321761112951,0.303442088601,-0.613595232263,0.0135692512793,0.777807945197,1
-2.09496330221,0.225160898586,5.07112414255,-0.542539025979,1.0914267954,1.08286589936,0.639041821843,2.33358752417,0.416456787685,0.0231444541711,1
-0.944684489171,1.56942646357,-0.706526463093,-0.634226620746,0.125036791082,-0.695136606581,0.723378295538,-0.944940849003,-0.230321192088,1.69793378963,0
0.0360955122847,1.88536876889,-0.775013415095,1.36792463398,1.39596324397,-0.389717232313,0.244275813135,-0.27241783841,-0.18274016721,1.77886774699,0
0.801321663546,1.70004701899,-0.253806351695,0.152605354081,0.606464772379,2.26670388808,0.336423101166,-0.254357744847,0.269658888639,3.01294817197,1
-0.633671511949,1.99579004247,1.85080537582,2.52697784626,1.24233996202,-0.961357401112,0.299394074933,-1.66913722235,-0.643650715612,1.27898463422,0
-0.0041610629074,0.225145321057,-0.40341110646,0.474083163518,1.4142131995,-0.302657904463,3.02565909738,0.981708299522,-0.260688193688,2.31696738381,1
0.40738986805,0.5192282556,-0.986582609806,-0.751248113122,1.1932338694,-0.0954703437824,0.798376872209,-1.43413823615,2.18598056705,1.87484308609,1
-1.70679311908,1.43779871469,1.21515063248,0.779871153262,2.27589222244,0.347062798433,2.6969509102,-0.686831637266,0.933775150132,2.24205475858,0
1.21158152558,1.21404398398,-0.994619519079,0.202065368942,0.974814318602,0.26933229258,1.26738650928,-1.89496440643,-0.79243598084,0.346406794283,1
1.61279291584,3.43925501673,0.00475362683952,-0.0535419649803,1.38142177308,-1.03057134894,1.91659320226,-3.01647549594,-2.09019607857,0.17228243649,1
-0.17284519332,4.08492734599,0.791263833424,-0.144216715918,3.5743282595,0.463666093907,0.817768825259,5.68016798482,-2.3470688922,2.44308685621,0
1.49243786707,2.78814516581,0.497767101923,1.8363350192,1.81846389042,0.575054855268,0.32947957146,0.731571222443,-1.07392197421,1.00940042887,1
0.373513542544,0.548392854572,-0.491664868756,-2.36815918072,0.288580353551,0.605881353811,0.981845600789,-0.592104413295,0.245493031676,0.567166363114,1
0.051177739449,0.49108695259,-1.41114493268,-1.32405618378,2.14146636688,-0.810070058971,3.37144489185,-0.779446144549,-0.610519024531,0.500083846327,0
0.879019046803,1.84162329893,-0.185008564102,-2.9138932557,1.57074332775,-0.543068329113,1.39961945775,-0.123162815115,-0.456064800944,0.335128549372,0
0.563240270677,0.446568279012,-0.688131873528,-0.474806481995,1.06911201452,0.487444537485,0.435809119343,2.12594490177,-0.644382624951,1.01036013857,1
1.6218530543,1.61159708445,-0.456687998439,2.44509351556,1.41645152663,-0.144173939406,0.849157890303,-0.208201420716,-0.929070780336,1.16377835267,1
-0.832644513379,1.06881452627,1.08800815653,-1.64584257474,3.05560360044,0.092830880098,6.23974252277,0.834437087479,-0.622100861766,0.844038728111,0
-0.436389176352,1.19948446677,-0.205630238172,-0.84442208041,2.5667200455,-0.59610120015,0.50305026473,0.598746115763,0.447636255834,1.82357340737,0
0.679368215632,0.97732125855,-1.31517261796,-2.82746297422,0.625689882203,-0.412567877374,1.82080182756,-0.362881943016,-0.356922696397,0.795168628388,0
-0.52894074047,0.618211958206,-0.10005359121,-0.23072238728,1.16518941072,0.331323715314,0.433924165269,0.472275589108,-0.0496107000661,1.40506552495,1
1.53762284004,0.874233474981,0.835354224764,-0.150778967236,0.526056760185,1.22450335861,0.577627874534,-0.590556680782,1.05107707665,0.464753422889,1
-0.237224798365,0.544030514376,-1.08498981523,1.58097821835,2.84850829732,1.00458054648,0.994890442897,0.0214778825889,-0.978115697549,1.65836183505,0
0.547562174248,0.223997681693,0.874070381053,-1.98526512602,0.448212879534,0.969963082182,2.90061121287,0.605211176276,0.33776185216,2.2722168302,1
-0.282523735301,2.6918299522,0.437663794118,1.4527704476,0.162758053948,1.26573119792,5.7164395339,2.6787117068,-2.37177284697,0.46867101384,0
-0.658823780967,0.40600542276,1.88869023637,1.05365286826,1.15707598606,-0.743756530949,1.7894826661,-0.586500674464,1.06402788913,1.46441331496,1
0.864375586265,2.21034017521,0.0321311099442,-3.63908721107,0.482256973074,0.00224479975399,2.69647472277,1.40820198145,-0.0321886320009,0.346187397288,0
-0.59246473109,1.58829875709,-2.60947606171,-1.98853571562,3.36789206856,-2.31034190169,1.9625593853,-0.791845892215,-1.23193734261,1.67115290625,0
-1.98112868185,1.20897720611,-0.268918493739,0.0509628981775,2.67517760695,-0.204951054505,0.306440658214,-1.99128414826,0.272806463728,0.831722004658,0
-0.502069189406,0.711625424871,1.75537008122,-0.837497533011,0.52353523812,-0.11108338086,1.31513467031,0.552564311347,-0.0271870199583,0.516703694458,1
0.290181932814,2.15250779557,-1.04865597936,-2.22183171231,1.51731375421,0.0172405695998,1.88676131623,0.169935678011,-2.78308707868,3.06573276406,0
-1.94519287419,0.499862613959,-0.623325022143,-2.31595925245,0.54696893998,1.05838688521,2.02165903851,1.30757476633,-0.40860158083,1.23010438746,0
-0.238252245911,0.527222583097,1.38943593976,0.486586537987,1.9517143985,1.95396721465,1.09968010407,-1.5418091908,-0.153406756224,0.754819564437,1
0.160494790719,0.543103007859,0.134030046691,-0.326018803625,1.24929307155,-1.30840540756,1.70610739891,0.449205657627,-0.236020314185,0.868666123682,0
-1.8054085357,1.08609517085,-0.303885522193,1.41321738319,2.33694128388,-0.948607816961,0.404010770017,2.56914171195,-0.0547241688361,1.84857998018,0
-1.38115424708,0.33573954203,1.43165040364,-3.12162194212,0.0743548228472,0.37589170776,2.44140350213,3.13659202495,6.36490620496,1.1668481316,0
-1.23143704592,0.597421717167,-3.53183434168,0.108519479745,2.04676972386,1.19443789362,1.41843175729,0.659318736999,0.552673166649,1.56275789475,0
-1.36898384478,0.28432703071,1.34131911387,0.250107717321,1.15112234599,1.00052758694,1.19912273805,2.44348145413,0.838073330557,1.80733359824,1
-0.0968289940883,0.482982269635,0.0122603690029,-1.18378769874,0.999147203414,1.65260795028,2.21813045732,1.08149205858,-0.136436054801,1.75566706271,1
-0.766129114696,0.361900309188,-0.397235083677,-1.11442046779,1.21568648262,-0.0714431201997,3.0705560931,0.353636330164,0.0889829613509,1.01249415553,0
0.024536657787,0.637462468772,-0.660873214297,0.300769917411,0.879937283435,0.46791206783,0.698011620689,-1.2914354571,2.78962617995,0.804463220119,1
-0.149469002261,0.678372062445,-0.149922720748,-0.706363601843,1.69617541527,-1.07447653743,0.488032841067,-0.241903584567,1.39660123619,2.33577716662,1
-1.95690367483,1.05607505298,0.284055071281,-0.828316310627,1.52246154405,0.128286274619,0.629889404589,-0.536952004608,-0.0189445120903,0.850121387861,0
-1.05665654021,3.634025599,-0.925293871514,-0.284987307205,0.604307055787,-1.04784330069,12.7690064259,0.539260410446,-0.868922384115,0.588481180637,0
0.567151103185,0.862115309262,-0.0341779519073,1.97555908299,2.2690054787,-1.45761527348,0.250887080403,-0.825812660398,0.720612251123,0.376291851529,1
-0.780533023838,2.30659025414,1.37707631447,0.0281484599924,1.21609911662,1.43291583085,1.51738918506,0.426431920267,0.0923257466143,0.707893974427,0
0.401272776766,0.31927397096,-1.39759595838,0.777946267983,2.27074189506,-1.15123776378,2.91002887636,-0.231304982595,0.122523352228,2.67281141811,1
0.510201660792,0.793697347788,0.75647925892,0.607598195839,1.85544996938,0.796415421844,0.897641355563,3.65384281854,0.109489684536,0.604368807829,1
0.752455888343,1.00463919616,0.903282327862,-0.0732830272689,0.968346713009,-0.180961070378,0.504849901386,0.998273740144,-0.103071408351,2.39991666779,1
-0.0511156919922,0.270231694622,-0.0324514614921,-0.167539167671,3.77347264894,0.0810968705062,1.2333948497,0.495913850494,0.713533320847,2.12952129018,0
-0.14401028771,7.91407067645,0.497537229515,0.274249854999,2.27329110617,0.780769238174,0.849430002945,0.974208021106,0.304144957314,0.440143778259,0
0.21801287994,0.72993652687,-2.27329713514,-1.38962725157,0.950528626577,-0.382637593588,0.15819313422,-0.388546184103,0.908965160658,1.18565078371,0
1.24267644508,0.812804355261,1.10169342844,2.24937772561,2.53669752506,0.439467398367,0.221351065787,0.690184213267,-0.170913079329,1.20154094451,1
0.900124038413,0.766469524396,-4.65158308422,-0.277031530683,0.930904527256,1.9106743518,1.80915527232,1.09648557177,-0.660638602422,0.308632238384,0
1.40917644846,1.8540898321,-0.9180147008,1.65751248577,3.33099907664,0.567452403858,4.30276422554,-0.673719361341,-1.91573955938,0.965873952397,0
0.433007024666,0.521088688152,-0.33047534134,-0.145586009722,0.65942250918,0.759349314246,0.983292347872,-0.0412596824503,3.42208177996,0.496672583901,1
1.00922977757,0.233925662572,1.03848177083,0.339164560235,0.353895761065,-2.79792650196,0.478230966312,-0.846330020706,0.893234624616,1.44445158874,1
1.13553753744,0.849419753781,-2.10352138974,-0.986204768036,0.461372156356,-0.458396760355,0.27424406836,-0.0712281231877,-0.232496833157,0.608343803322,1
-1.18337959877,3.20205608875,-4.88231381548,-1.2659915495,2.33717243405,0.984322273664,2.60125439747,-0.439874107624,-1.22749897358,0.771743049601,0
-0.985219078585,2.48674616937,1.65842623372,3.07024505701,0.742988215879,-0.0626130796841,1.12606392132,-3.50409941466,-0.849139662421,0.753897256841,0
0.629808262206,1.05660145927,-3.03795107775,-1.78261445878,1.57781550073,-0.179214635141,0.674742166102,0.489302682829,0.801984325295,1.7070619618,1
2.02253223299,0.846993928314,2.08667707727,0.383593039455,1.86948426786,1.05305168554,1.86033740717,0.0405759076611,-1.47444089495,0.457614670148,1
-0.0976244146356,1.92795750595,0.259915928093,0.125208734024,0.715319668689,1.96279763481,3.02100853655,-0.00495569067304,0.503819470423,1.96314560992,0
0.351085959471,0.279990515036,-0.693742893562,-0.0176770768366,0.833452530722,-0.77533423887,2.86568743151,-0.447830010089,-1.13950411519,0.675532669539,1
0.66621426827,2.32893191555,-1.18265445185,0.612242781112,0.915567893053,-0.158215672067,1.69822725981,0.935554326812,0.00473439487593,2.69610809668,1
1.26736605184,1.43378372588,0.614600529212,-0.256622262318,1.22538587134,-0.0832673165587,3.07453283095,-4.73026010502,0.25672443844,2.41180413242,1
-0.358201690736,1.59262542795,-1.18074556443,1.30717460298,0.860761212532,1.4945804113,0.234874515277,-0.249288305775,-0.187769897597,1.11238759258,1
-0.255075351453,1.57296381421,-0.843268889217,-3.89273499787,2.20430053167,0.938816478959,1.54117941733,-0.573982029091,-0.368066247781,0.628503112419,0
0.653106822165,0.474740401567,3.49402742716,0.0945813478718,1.95680942138,1.0039266909,2.34520904277,1.54253649405,-0.722163285034,0.918623792761,1
-0.837838807532,0.575807892997,0.432342991479,0.117401855191,2.26909341357,0.737099196085,0.683123862872,-0.643588848053,1.12733514518,0.530204330572,0
-2.32376716991,1.43240736836,-0.204318871324,1.14423453811,1.18672779146,-1.6348380289,0.636171519874,1.18299878486,6.06526893511,3.48504660916,0
0.371532006369,0.358271982194,-0.284516339708,1.88794891067,0.951606082041,-0.67763300404,3.21491928192,-0.482218025237,1.4274854378,1.53319362912,1
-0.090257910237,0.104855742267,-2.48203519166,0.888655874776,0.771127772297,-0.821537828247,1.0201952486,-0.814299744961,3.7147904597,0.891517877881,1
0.784879979278,0.349884355729,0.949011050094,-1.85037322286,2.60311846545,-0.809287243468,0.614605833558,0.104666177316,0.619809860457,0.486972792828,1
-0.575058211552,1.12322139295,1.54783343931,0.201694183271,2.50085856224,0.476662834752,0.46498608173,-1.12711785518,-0.693677191903,1.21605721048,0
-0.924587093233,0.496390174066,7.09957570906,-0.148483196661,1.3257775134,1.23051612747,0.840831667602,-1.29570983072,-0.804846312546,2.1548973471,1
0.0909120101937,1.0721379138,-0.668640373838,-1.08567454636,0.999086648445,1.07400156668,1.69609898885,0.0617421031013,-0.327719618388,0.270843419776,1
0.108069587114,2.12880773893,-0.323401892774,-2.34200751782,1.41433183837,1.84207600138,0.688942504528,-0.052689592664,2.62676230598,0.91850021063,0
-0.26601893663,1.12877269993,-2.54333172063,-0.454842292061,0.232137929262,-1.89332405212,0.652033421803,0.219228045859,1.47891022645,1.03913345121,0
0.0670573997116,7.94398818917,1.20033716854,0.679706579206,0.940239821768,-0.0398766863953,4.01559649961,1.41260080368,1.23791312607,0.932704427886,0
1.52416752807,1.17393932212,-0.917660698784,3.3718984727,1.0578267068,1.55999624371,3.71539127771,-0.423097703253,1.80885771367,0.571002352894,1
1.68261136882,0.322764243639,-0.530817136982,1.38466973004,3.365614599,-1.18879857066,2.09685818069,1.83753279768,1.95682755806,2.71044006693,1
0.205378523315,1.89170212659,-0.303487047316,-0.847605642565,4.27694904441,1.10438305969,0.796984534404,0.411271921234,-0.437387063025,1.08330560674,0
-2.08964943336,5.47146907088,1.39604315457,-1.56341056069,0.762719655171,-1.69060876958,0.89202174723,1.50095307405,-0.064604519865,1.63691359744,0
-0.80290775059,0.934695679477,4.09361075699,0.967782726574,0.536011827843,-0.512153253026,0.489321950859,3.30634085549,-3.117285634,1.04063482046,1
1.14077390461,0.990792633854,-0.395453311953,-0.28321996465,0.619979751707,1.62795764086,3.61452599055,-1.06032484758,0.85268708847,2.38058394902,1
1.00055657178,0.373236523257,-3.08126582367,0.194638264313,2.16951374592,0.658106713773,1.26800988722,3.44428064498,-0.134331747765,2.29092277313,1
1.52355831611,0.174169921462,-1.18108848957,-2.38223887393,1.50648991375,1.05964643632,4.47733867808,-0.918735459962,0.133785200703,3.82942101659,1
0.000682661532332,2.28353035837,-0.570453740979,0.866179064661,2.14811445356,-0.904660679963,1.76128703368,-0.122450559228,-0.0707410253251,0.83839295889,0
-0.54017946013,1.83769616951,-0.0333056641284,1.15189040259,2.50340637957,-1.89289404875,2.09333571971,-0.0844228741323,0.0160608780572,0.599793226866,0
-0.71777229557,0.632457783083,-0.149978971389,0.821585401236,0.572069009498,0.960622666192,1.32592773776,1.79845779756,0.793947091536,1.7809214903,1
0.470751034412,0.336890278838,-0.775456801235,1.19559190386,0.182462748393,-0.764317033409,0.418170841158,0.786783578542,-0.994840605212,1.31760386043,1
-0.591722462703,0.435046780414,-0.665447120189,-2.25641952986,0.965380092512,0.679670645245,0.486025554123,3.8668865712,-1.26111795022,1.62952273961,1
1.22184586407,2.16905110891,2.79678778041,1.23091345944,1.77429895772,-1.09747138481,0.295875914906,0.0954924764757,-0.400032758288,2.16133168234,1
-0.404650482595,2.10289162634,-1.04104877688,-1.64192716277,2.42678347773,0.0829646766103,1.16177816451,0.492844749627,0.0100507179167,2.0199036151,0
-0.175204663731,1.18559463883,-1.40417360855,0.0506951778256,2.23447646615,-0.546126421317,2.21966054035,0.433435544615,-1.67148202427,2.82548137112,0
-0.550775969666,0.165776460199,-1.83517106093,1.43382763586,0.800539206278,0.526906877371,1.57541753315,-2.20497090411,1.88456412172,1.14439018716,1
0.521776762558,1.01889773017,-0.586900591167,1.53635306068,1.13351090853,-1.37511182479,1.975964318,0.0499973699155,-0.14821722102,1.4389163449,1
-0.216181186531,1.64424861819,9.46462391089,-0.487986387523,3.03698058341,-0.235074753322,1.53407302513,2.24167689082,1.08758438474,1.37104868729,1
-0.44853586402,0.868055279461,0.758446818765,2.4342949603,0.576498249466,-1.20861830903,0.247637998403,-0.711313324724,-0.0326761115589,1.33219740057,1
0.160802801459,0.261264837263,4.00894048354,-1.02964784849,2.07302109704,1.12104011776,0.301038297986,0.695679218307,-1.66541029917,2.03953249271,1
-0.167732455132,1.84369400323,3.76439538785,0.580906602751,0.52413447774,0.233968981506,0.868370667203,0.164027958363,0.0523159752617,0.586118677523,1
-0.812150938036,0.233636546403,0.311808272676,0.212075685767,0.235491061979,-0.979834465422,0.496776206658,-0.110313052398,0.260914550401,3.6835870756,0
-2.98668784748,0.647880490862,-2.02251125262,0.720134520342,1.88715642961,-0.304984429334,0.955186367201,0.803163523834,-1.40151507517,1.64860764164,0
0.833869431315,2.02492546432,-1.18687936488,-1.90736349438,1.31727955229,0.803814015008,3.18352512135,0.254428575705,0.521947692306,1.39672001696,1
-0.793483140591,4.8267227393,-1.19129776515,1.26423526405,2.13603273856,-0.916715202457,3.95444677477,3.98833115786,-0.454588261624,1.32472387365,0
2.86897562322,0.823111002207,0.31676752166,-1.14202595084,0.784367590437,0.0188334066656,1.86452466265,1.36081595515,1.39461702325,0.667844454324,1
-2.68895328028,0.651635432037,0.512244222465,-5.93440926522,0.899299762588,0.379180948197,0.722016758896,-1.47695532552,0.25687016762,1.06867626901,0
-0.0475159691411,0.213593849852,0.551793601831,0.0787145206358,1.45910654327,-0.241207283609,0.261061607127,-0.482690530635,3.012869816,2.29834229612,1
0.308726782075,0.363131735903,-0.558446300846,-0.993095557957,3.14692383841,-1.14182743703,0.980526725765,0.149083032216,-0.210539721484,2.86471650719,0
1.56042597105,0.739037396217,0.551310282544,0.74790435032,2.48193198551,0.545450563894,0.596710271549,-0.46493878044,-2.05481112365,0.700515288708,1
2.47016248805,0.330633216481,-0.653979075165,-0.56086343189,2.94081327423,-0.277934228508,1.60177794642,0.11156160406,0.176199561256,0.602819665276,1
-1.12781730935,1.32840694414,0.560898056766,-0.0926608138167,0.84870113549,0.890428424517,0.600418480479,0.0200116996462,-3.18621488731,1.51429763772,0
-2.19130836532,1.0184639273,0.625704505217,0.393051446412,0.808414966087,0.442354479159,1.86661746937,-0.971395766473,0.806435763985,0.756929785428,0
-0.67775894381,0.731270278845,-0.563166910753,1.42106338558,1.23522280099,-0.712635301333,0.384075775403,-0.310471773808,-5.08234962911,1.86664922751,1
0.147230591818,1.78579330589,-1.24524102107,0.116526569494,1.0999022388,-0.258023485705,2.17838516727,-0.930908075375,-1.02965887289,1.96287285548,0
0.673561183916,3.49212267538,-0.802316560188,-1.09857233727,2.97581413495,1.73834649193,0.464462422808,-0.486723968855,-0.346281285693,1.50463420032,0
1.16375046274,2.74163448924,-0.996037907749,-1.78598679913,0.742806805748,1.35696298656,1.70896008489,-1.8979106697,-0.232888454023,0.813873008433,0
0.712114063877,2.39155390594,-0.0688487207108,-0.00209014256927,1.79185921918,-0.489639797944,0.361245571721,-0.456524347458,0.528339447288,0.653809798938,1
0.556539655253,0.891657826331,0.994068516263,-0.0658981251979,1.12641792288,-0.596767811788,0.919373827224,-0.257496682015,-0.572018533423,0.420300448633,1
-1.15014392994,2.83436507924,1.84465145621,-0.625895621571,3.05804705417,0.607888933059,1.69267899907,-0.0103966498672,1.97828751717,0.0460094705692,0
-2.19274056988,1.08526510931,1.34196207511,2.29680602284,2.19029443288,0.519715733741,4.20812589042,1.18670121489,-0.727316469837,0.434220995944,0
0.88408400317,0.834872387464,0.55506343762,0.159922956724,2.16077671089,-1.05257565192,4.94644035613,0.704118169072,-0.0304102054124,1.03041660177,1
0.716435118322,0.421210385967,1.88365205126,-1.92294183486,2.26174700932,-1.77412398101,0.414310309174,0.435606063507,-0.270029349506,1.39360004421,1
-0.407894376566,0.996319980528,0.659459281261,0.1581716113,0.84686644684,-1.07127329267,0.991925004697,2.10875100063,0.968902559018,0.853522086269,1
-1.41541952442,0.993450132401,0.861393693148,-2.24657740777,2.21897793505,-0.956163675352,0.615263940656,-0.770748429831,2.09719540832,2.09431215477,0
0.352703565416,1.79411038171,-0.425035820451,-1.64665623881,0.928560432623,0.955224639733,0.566817916088,0.389548399381,0.936646124215,0.610579614264,1
0.390077084436,1.21557986526,-0.976580128178,0.134399040813,0.329984895355,0.0302185974624,0.358477244297,0.299753738198,-0.909750641778,2.32157536854,1
-0.40997482966,4.00626659731,-0.282039527072,1.43221342414,0.96818177542,-0.260418493205,0.298518082893,-0.609465878695,-0.0303294606175,0.413685779143,0
1.61573806734,0.305622869862,1.27821016298,-4.54415220438,0.480465169644,2.20958132722,1.35002215146,-1.26595060611,0.800511062765,1.52006564475,1
-0.122509937088,2.23790336027,-0.133926020699,0.918185306736,1.26561634217,-0.713312494479,0.869094748787,-0.461278726722,-1.95263461738,1.49148540981,0
-0.278298963269,1.69200733478,3.27426713935,-0.356517614456,0.617138662205,-0.467826279503,1.30926688484,-0.712624664564,0.172307384352,0.682944080344,0
0.168905773274,0.435428560376,1.15758998462,0.236028709367,2.83590888042,1.12838965707,0.636518151263,1.37912441676,-2.84484308054,2.36911792993,1
0.119204858122,0.500227999793,-0.877039551722,0.605512839598,0.186779933342,-0.451238075411,1.16902314654,0.174264573477,2.0811367321,1.38848900222,1
0.170806518334,2.06257092468,-1.10455955168,0.0114237933016,1.92825677966,-0.705728894655,0.591926677393,-1.01563469927,0.534375624722,0.704950438526,0
-0.897641207923,0.465264193917,0.394734381393,-1.12715615788,1.83250334696,-0.0205120336344,2.66879809114,1.91297020024,-1.37682540459,2.85755169343,0
-0.363749739989,1.02058782139,-1.61349978928,-1.27395872008,2.2442861424,1.56567319326,2.0256348048,-2.30311736265,0.0615147085237,2.17933765793,0
0.103115830162,0.42692708051,-0.605403741417,-0.076676061348,1.79806723239,0.0467337388661,0.999350599688,-1.17744874661,0.351448532566,1.91451690581,0
0.328356504114,4.05283674889,1.07496466491,2.725850881,0.188195834462,-0.0978291975359,1.93385290667,1.19859991834,1.7253324575,2.29698357249,1
-0.361716871051,3.14912673538,0.896942204839,1.07732001739,2.52746892476,-1.51811620842,0.473498532287,-0.779896414252,1.64941274815,2.31177246001,0
-1.39947902444,3.67248403057,2.29787683772,3.02244564569,2.85984349943,-0.600184598588,0.584691805322,0.779166000172,-0.280092993823,1.39685242001,0
2.10051988341,1.78117555856,0.427234235896,-0.561853069197,1.247816687,1.05339976565,0.549604758668,1.04248799949,0.339181155007,1.30650551178,1
-0.884171898397,1.12358452852,0.27422357342,2.79424703178,1.00471137398,-0.579822935947,1.19878669248,0.576327811458,-1.28718153499,0.485161284723,0
0.824827151985,2.6094201184,-0.01451228448,0.73778502449,1.81688039827,1.33140812489,0.600174563094,1.19419403111,-2.72851770417,0.456122739919,1
0.0982592912246,0.473745173819,0.0837215598074,1.79360789803,0.903149158372,-0.659388422771,0.42478591783,0.946353517942,2.51263319287,1.56875808884,1
0.638049804814,0.538616261635,-3.70756176774,0.420454309887,1.42694679212,0.421051848161,1.92833040565,-0.1000092377,-0.427732995197,1.58720641422,1
-2.35207028876,0.462400438749,0.0860893286617,-1.58329392692,1.74677815197,0.847573021279,0.25228775386,0.335278715536,1.16476101863,0.465740007219,0
-0.235500594475,2.77302803085,-0.949842085732,0.565085295671,1.54207182846,-1.48842382354,1.34246963408,-0.749951195717,-1.22439783079,1.85381361349,0
0.327030060086,2.56244327069,-1.47670071228,-0.58480067787,1.0631612303,-0.662181468897,1.13470446456,0.230148821224,0.44942130309,1.27585007087,0
0.337883849182,1.58480584508,1.35435049992,-0.416550150779,1.7325129715,0.580955245498,0.340561299808,-2.85517392674,-0.0719422181375,0.977289068277,1
-0.685886792834,0.987378627968,1.16286384598,-0.108272320173,1.31319215047,1.61818283219,2.26518010927,2.31844189762,1.00114498348,1.83381338431,0
-0.855439290306,0.587834670633,-0.596089387142,-2.30000799775,3.51970995965,0.180938536207,1.05110663133,0.682277531178,-0.695147005661,2.36702766721,0
-1.46957776661,0.900324779746,-2.5183282781,-0.386702718248,1.58544420716,-0.545356769437,1.5449270495,0.966390322139,1.21971489673,1.44717353189,0
1.0189105783,2.02419272634,-2.66012402819,0.742838672481,0.869557928438,1.63837844447,1.12819757322,1.98459905484,-0.797220914452,1.10383395251,1
0.705342683471,1.61951699168,-0.105407461558,-0.157723548397,0.172541233169,0.555825103591,2.52840669945,1.61829005435,-0.781276637272,0.702526892653,1
0.427097381327,0.284643614851,0.774282373734,-0.994825358233,1.14299004104,-0.0578251102486,3.63974985778,1.05285430748,0.293634254672,1.87674977784,1
-1.46880792365,1.71764914139,1.13536429883,-0.60535664411,0.458208426332,-0.46134231556,2.22701000543,-4.75001265197,0.669652345234,2.77289631301,0
-0.574936865597,1.47612890414,-0.0945795191781,-0.622363740824,0.543030197529,0.422623666959,0.300842816848,-0.233045450213,0.297318434613,1.59062724847,0
3.01871354128,0.628757602245,-0.72946979334,0.73121420123,1.11457111377,-0.577424497453,0.517353177482,0.34099179493,-0.570658931793,0.152896303278,1
-0.113695189692,1.07281505253,0.835888622625,1.89955340789,2.4586606198,-0.0638138970034,0.430219744832,0.744196507493,0.748271833554,0.627695841366,1
-1.35541164099,2.77183182274,0.577003210274,0.768728279389,0.888841619223,0.395666240463,1.701232908,-1.15535247709,-1.69290922043,1.01815301087,0
1.08933455831,0.32818326307,1.6684964849,0.0476430738016,1.78106772921,1.77062509509,0.400289865324,-0.438802393632,-4.40622247123,0.522327440268,1
-0.0244535336664,1.18934858812,-0.756834100426,0.24673629905,1.01224863774,-0.604479085846,3.11707574665,-0.328758812292,0.453710039898,1.59081455075,0
0.207336174221,0.440052131162,-0.0715616664477,0.0494293938763,0.732920223316,-0.013380162577,1.02064720911,1.06771638163,0.432916472016,1.30472543719,1
0.0697573526234,3.75579119631,-1.34576041837,1.64423526396,1.24554877454,-0.894170544992,0.257230178637,-0.0882663103864,-0.687183958112,1.82035542611,0
0.408342412865,2.54898638749,-2.7200572856,0.481067714235,2.52102965281,-0.221071604344,0.801107033022,-0.291787766266,1.20630387974,2.97759311332,0
0.230466720239,3.46927475602,-2.78473973649,-0.4627457831,1.25839239099,0.921959447147,1.81805026384,-0.161151551814,-0.656711749158,1.02029911021,0
-0.0220070831903,3.72325571589,-1.32031899782,-1.29910629698,1.12119335912,-1.01045628513,1.47666136321,-0.28158893088,1.29302942406,1.05754472506,0
-0.668987358878,0.88123426372,0.0700306553435,2.58378825655,2.00621057496,0.121879986425,2.12897613186,1.43917270516,-0.204665826004,1.40343601241,1
-0.622664587705,2.3565749331,0.72368097547,0.186531208309,0.605303707423,-0.0977568677229,4.11647756053,-0.478784704893,0.188240533718,2.98525802526,0
1.0201434873,2.70073056538,1.8022441732,0.0983118311102,0.534163225913,-0.986815100332,0.911056140849,1.18870387924,-0.691999048124,0.923444588207,1
-1.94258075954,0.526005779958,-1.62666348418,1.88494829375,0.518045979385,1.85511433799,1.04123743181,0.852762891904,-0.838065322963,1.08807986715,0
-1.42120903568,1.1948636,-0.969801517179,1.19795450775,2.43563132887,1.20842078376,2.15711256837,-0.517173433963,0.903280370253,1.43798340309,0
0.113905319558,1.01750877161,0.93034422012,-0.625282445438,0.939412682978,1.13870522889,0.204568924523,1.79322239545,-2.28054323329,0.623025088478,1
-0.317083316212,1.04842838366,0.230191770901,1.34169876589,0.574834494858,-0.479600974393,1.14841043218,-0.872431113266,0.0438256846594,1.80987207795,1
1.61722078901,0.875873462098,0.772285052285,2.13375218811,1.4458766552,0.238143767908,0.498053225329,0.686949787718,-0.305727817582,0.563270730207,1
-0.521289569381,0.313750664623,-0.411727380418,-1.03865302378,1.36082456173,0.86124116311,0.649077903859,0.0306036889276,-0.229322631033,1.09436605609,1
1.37383101967,0.37558534093,1.37497653096,-2.1437300525,1.53600359323,0.309446022548,2.79173766335,-1.90889362857,0.332602283228,1.69405156291,1
1.90986084967,0.50059106938,0.366947951245,0.62319604549,1.74043282312,-0.211516149793,1.0093582713,1.96310495272,0.161304932512,0.977038577923,1
-0.415886655782,0.41510200108,2.15715867981,-0.720616493652,1.97666684129,-0.627867420704,1.31974103516,0.205125928098,4.10905446256,0.833390062747,1
0.481300183529,3.08590661365,2.16123691763,0.224639231152,2.14532809654,0.499917380096,1.0063032479,-1.03048786757,3.46033385795,0.874717573772,1
1.34800012387,1.40399672391,2.38861273779,1.43508657498,2.76258134319,-0.677773554429,2.32003890056,-0.398496874616,-2.00540884051,1.69113877047,1
-0.307323976773,0.604877215016,0.0849544623759,-0.829313293714,0.49201289491,-0.353886575212,6.7441436917,-0.440116138933,-0.314135509555,0.656212774919,0
0.954437647001,1.70186650595,0.18938586559,1.62423213876,0.374146689547,-1.02067450353,0.0649421635155,-0.310047368488,-0.145699776071,0.879656064253,1
-0.120001882521,4.58943525823,-0.0873021435861,-1.43207887252,1.47089400547,1.42663469279,1.1509510012,0.231312896873,0.744483571215,0.87031105642,0
-0.321409584996,0.642258322505,1.19241458638,0.570194442838,1.96072973403,-1.49121339183,1.19078089536,0.42635872006,0.475446136633,1.32064497215,1
0.818602038525,0.109812396221,-1.48695611544,0.285146529617,2.83934771637,0.456174638602,1.49530189785,-2.08859696897,-2.57222155735,2.32646241288,0
-0.230904851067,1.76030204201,-0.493420649759,2.93916447331,0.808224962205,2.54981600607,1.09155340679,0.550639568586,-1.80530393716,2.9418972462,1
1.08444850147,2.84011175717,-1.72270209276,-3.60433049585,0.517873776848,-0.8896205392,1.01714248893,0.301650645286,-1.93635967294,0.291297366481,0
0.702188240688,4.17869026567,0.729190142506,0.425175371954,1.35502669328,1.09663850589,11.5266333822,-1.20519882993,0.350540543523,0.896782001396,0
-0.0589849633997,1.80447982954,-1.43683525582,-0.0119248803783,2.48876532499,0.34367990219,1.02547909191,-0.660195496096,-0.104045525116,0.489076661538,0
2.0274611174,0.432233198946,1.46353227061,-0.268274194309,2.25837251507,-0.177593944759,0.409483085825,-2.80222888915,-0.125098452168,1.8843257252,1
-0.234701573914,0.234855206826,0.514081797001,-0.394489490662,0.752936859231,0.914853278581,0.509380710194,1.75734135908,0.00996431477956,0.430795470766,1
-1.01921423954,0.862310417656,-0.272896430058,-0.520567432387,2.92419064441,0.637750790102,2.08026339275,-0.0221036564349,-0.56216298813,1.67785937297,0
-0.761169368507,5.92743549781,2.79420138628,2.19695573974,0.572747169363,-0.101396182306,1.90866189981,0.986173293983,-0.122079999476,0.122936744497,0
1.60935171045,0.264498530496,-2.06755139361,0.422054153085,2.1973375985,-0.107385677266,1.19400888077,-1.54360411222,0.00662867447007,2.56891177898,1
-1.10944089399,1.74958811939,-0.810178204697,0.180223074494,0.106200744614,0.483072126553,0.44270284901,-0.0250706270756,0.361398322686,1.09293271042,0
-1.05779977902,1.48668771899,4.41007281023,-1.27916520152,0.631995479516,1.80024794799,0.841038580892,-0.101487491641,-0.215484742934,1.57285073657,1
-0.0537878960546,3.67391367026,0.640454985484,-0.150199911719,1.22584185184,-0.753850699586,1.25861775716,1.6224994304,-0.4472000909,1.48412958112,0
-0.674811584333,0.761353110966,-1.66965457558,0.616453586758,1.05430362126,-0.329549128755,1.98919376681,1.08538415822,0.470638669267,0.567216113247,0
-0.11413743318,0.681358673084,0.792679150453,-1.14455540254,1.26643884349,-1.69415017619,1.46052249632,-0.969408279966,-3.21022465382,1.70804031791,0
-0.0454604764376,0.190127104031,-0.857591538035,-1.36907870015,2.48602238441,-0.967326822671,0.823432022995,1.06494509061,6.03634576709,0.390708232377,1
0.107541813082,1.021565691,2.07450590937,-1.38796067167,1.29603831892,0.994770207155,2.36463031494,-0.0878338853894,1.43399855166,2.70943147806,1
-0.0922719218417,2.14357377419,-1.80721822938,1.16453407396,0.606645287743,-0.600242621706,0.1267531799,-0.176259125803,-2.95021725281,2.55503705371,0
0.743182736516,0.207375174125,-0.0685122371055,-0.0103253349736,0.87779716761,2.20413150923,0.397439484976,-1.75557767521,-0.404719486684,1.26956289826,1
0.557602564393,2.20326014012,2.00570815038,1.86773419675,1.38338255945,0.28231507399,1.54088901487,-0.110049011833,1.11821515864,2.36045763495,1
0.588493542756,0.49718099036,-1.68112410314,-0.270020018177,0.096641628695,0.0715273101231,0.612251115169,-3.30175841407,2.2869568946,3.02658860773,1
-0.828988100919,2.57371405483,0.160481977963,-1.14341291061,1.80576612709,-1.4167033477,0.296514051188,-0.788866377287,-0.41640783391,1.2029385438,0
-0.185239863681,0.751103900969,-0.979118945493,-0.801713025763,0.238782975958,-1.14975302455,1.17945337119,-0.735644768376,-0.184606085855,1.52691731457,0
-0.548943127508,0.881205433389,0.098450564169,-0.421201012215,0.703718432491,2.05152689947,0.984052711697,-0.806753418998,3.35515121145,0.961340736926,1
-0.968185872083,0.289725217707,0.180542667043,-3.63445454983,1.64360309002,-0.831517850869,2.26036179001,0.448857595055,-2.64115748219,1.81266090182,0
-0.260597690773,1.44386606494,2.86835764308,-0.388982935153,0.867227033911,-0.688488682763,0.507926793635,-0.265357259223,-2.37001057144,1.03666374897,1
0.259036280452,1.65568410302,1.06164687197,0.196677315099,1.18596180616,-0.185389840712,1.44402114064,0.162708571798,1.16155983353,2.36902798438,1
-0.231645722821,0.335050852437,3.66191773833,2.52198251114,1.74197940572,-0.395706011303,0.314636409131,-0.688907638206,-2.67671240162,1.63486476165,1
-0.373602851666,1.31740885081,-2.08178128117,3.61991547053,0.869687134516,0.661659685836,0.478497058156,0.372782187788,-0.976741289268,2.58955152329,1
-1.48765547538,0.452758632043,0.732174546469,-1.67848337516,0.620641985024,-0.110560556025,0.492985028021,1.97391119179,-0.837478053758,0.853781095078,0
0.751648813889,1.01655753616,1.48720908512,2.62627297602,2.38957005746,-0.574178879643,1.10930589327,-1.27145016651,-1.05933878565,1.10976568801,1
-0.642470106101,0.369831239851,0.0942462767163,-0.7755307162,0.676613284918,-0.3634684631,6.34338292754,0.971771328249,0.0154375048316,1.98072482341,0
-0.159673883575,0.132221958425,1.05622501435,-1.1671491667,2.82115278872,0.245761184051,1.1854790884,-6.51384139998,1.52845252951,1.51414067325,1
-0.784452690399,0.324756683178,-0.617473668345,-2.00142170833,1.38714120928,-0.832018002673,1.11454010125,1.28836917096,0.413697890493,1.73979484161,0
2.08568776646,1.84248680897,-0.0741666992779,-1.17444116527,1.61717423385,-0.743351143903,1.53033534952,1.48324540277,0.144226668526,1.25145878568,1
-0.231727089601,0.789128474581,-0.186661861823,-0.815645356458,2.14936431469,-0.898988681903,0.403689940411,0.584854041744,0.935197742816,1.23479780334,0
0.26375439982,1.03716178625,0.296415884793,0.424121064776,0.902667290364,0.750712094128,0.512147880462,-0.513853786097,-0.572112392685,1.0201551311,1
-0.0861721957153,1.00778266771,-0.712449042833,-0.136596226979,2.86329966286,0.0985229682243,0.770123297059,-0.539241644464,0.504039261954,1.96037209623,0
0.321624363598,0.176905218978,-0.23439552363,0.614869239779,1.04437481089,-0.653887529261,0.522132876425,0.386370313852,1.10138688954,2.18341539128,1
-0.365263040319,0.224404157704,0.424666887031,-1.03238487923,2.30624111978,-0.657623698675,0.940259354078,-0.302689977134,0.331383058159,1.0952454812,0
-0.657376285956,0.50795537385,0.7729642944,-0.68200100038,1.15668455342,-1.60123054302,1.64808339307,1.60121748251,-0.00307047172097,1.69360129013,1
-1.34412928752,1.23052140342,-0.301053914353,4.5660663775,1.62755316546,-0.116369587012,3.7460128418,-0.0564356036737,-1.19808934185,1.28321180927,0
-0.121049000295,3.75620312107,-0.926426218256,2.8291361575,0.800996731761,-0.780831302674,1.23067861179,-0.537420084497,-0.414607009126,1.89777043882,0
1.24792049678,0.516566802806,1.4266667262,-2.94440748893,2.58583269925,-0.924266187229,1.75678464648,2.2308428219,1.50355716081,1.75917893895,1
-0.121687801905,1.79290974004,-0.787489773725,1.62170022684,1.42405590766,-0.911607956492,2.26086915293,-0.45846833108,-0.925719463725,1.62050858281,0
-0.237537859128,1.28067495431,-1.48864832059,0.00811155884952,2.80001845101,-1.46295874922,0.67465838325,0.746459975081,-1.1941533643,0.620202268369,0
0.898283279244,0.728372357375,-0.556740143679,4.31060212466,1.64450560077,0.308617136431,0.722454507996,-0.551965408265,0.919972226343,0.734535692807,1
0.247801252302,0.921369993213,1.38462723937,0.774138044245,1.00520886948,-0.561294167075,1.43890386832,0.607057848236,1.17544706605,1.89459016296,1
-1.18972535895,3.03437175551,0.93788800939,-1.6763183882,1.86270692378,1.45009056418,0.392521997988,1.62817283899,-2.75011525528,1.03966418802,0
-0.116671629785,0.72630089202,2.59263325795,3.33202450815,1.39772053477,-1.08709503069,1.28123895844,-0.180461079494,-0.05133008082,0.264377567171,1
-0.420231267768,1.12573446903,0.035567291647,-1.80193252659,0.516382805263,-1.90275971829,0.856140205268,-0.865917461258,-3.24780022642,0.91325190164,0
0.97054363304,3.35580043609,0.0982075225011,1.32516352555,0.806749769061,-1.41705617307,1.49824021164,0.0849950190122,1.23358299694,0.816243166201,0
-0.484688887005,0.26075446185,-0.140769292371,1.82799322658,2.82693571669,1.42147418944,0.546216179999,-2.43591434398,-0.748017202983,1.05884587206,1
1.42027208656,2.86787366978,0.116182506266,-0.707533996115,1.43808563329,1.77059004816,0.527123789397,0.136883952055,0.950243736518,1.71733778899,1
1.0619590438,0.781704740421,-1.75379955362,-2.9168794823,3.72415076888,-0.125442993081,0.791008286333,-1.81144793136,-0.557728288952,1.76646911692,0
-0.521069265732,0.515780896408,1.04270116894,-0.523817854897,0.195429833718,1.111821392,3.92462217046,-0.968734065783,-1.17028244552,1.71257497823,0
1.90526625775,0.555973338811,-1.24418132363,-1.24059819427,3.57456966422,-0.0603446051474,2.1334481917,-3.29052429129,-0.933953962269,0.0784384220551,0
-0.754161032545,0.384128432349,-0.648735987778,1.01637064686,1.18877604373,1.23458689766,10.8241738483,0.661139049544,0.951151571832,1.22538418027,1
0.487015847051,1.29361353326,-0.398134049554,-1.22990046691,0.724853365514,0.367823928012,0.227162989696,0.225302997578,-1.44007644996,0.78293993557,1
1.81009274772,0.237326927087,2.55962911355,-0.505565514626,0.302842738632,0.132777612905,0.624891166049,0.907314444685,-0.00771556795858,3.42446997728,1
0.344002468024,0.717427198527,-0.808370987965,-0.163271765744,1.99347611499,-1.11561043904,0.378965548865,0.212431495815,-1.58434152361,1.60303034214,1
1.33135407191,0.767856302806,0.00398230440704,1.830414652,1.22481781586,2.92766542018,18.5381757695,1.87251552259,0.0574359468064,2.10317787793,1
-1.07428809116,2.54636108068,1.77930446381,1.37020730096,0.579664260157,2.06646006657,0.118966534875,3.07665654781,0.129193535998,0.584149621291,1
1.40963870232,1.11053282265,-0.0527503059842,0.0414682641082,0.499819741755,0.657518336195,0.117604324451,-0.94278166762,2.24246507102,1.33144253498,1
-0.0620993748994,2.67841351672,-0.184679443334,-0.283596104322,0.951554486178,-1.54186821142,6.45494535458,-0.28083237616,0.752058618652,1.77427803886,0
0.064640069311,0.996799522923,-0.504914945396,0.16634643258,0.321599425101,0.446569003845,0.336541894783,3.29378791025,0.227107166437,0.393576725016,1
-1.3207096081,0.460195117787,-2.14856334865,0.236462129489,1.19853254006,0.339264837485,0.679889854632,0.846363549183,0.623413685607,1.43557268709,0
-0.11304344365,1.64774596798,-0.117656500186,-1.55232054406,0.465393019958,-0.341851449763,0.31429148227,-0.244523742903,0.152980609565,2.89932939653,1
1.57789980995,0.518280787445,-0.0980582438781,0.116029660612,1.34724557621,0.634306541863,0.556696881773,-0.508419127697,0.0949875928619,0.935844095018,1
0.376701283593,0.541134496135,3.46491690309,-1.45822124,3.02617223046,1.55287496266,0.165668470494,3.17301085481,-0.286398143217,2.00839799398,1
-1.31070611379,4.04751262162,-1.80027441368,0.00317046625227,2.87649929979,0.423700780908,1.09339468889,2.75123302538,1.48218402717,1.98225404451,0
-1.37295398331,1.58748521686,0.76668944046,-0.00644952668227,1.5187259171,-0.215578555038,0.356652696551,1.7646789957,0.413080727492,1.7116118391,0
0.156697568955,0.318137905798,-0.322509227245,-2.10402942052,1.99464871978,-0.754336345188,1.89535634741,-1.57107413084,-2.41208192105,0.316756586298,0
-1.03044488429,0.66553646454,-0.0042215834855,0.75653488623,1.02254450952,1.27383087685,3.23087774388,1.42006515461,1.12224107601,0.368032108192,1
-0.899729325948,1.29197055514,-0.957562833441,-1.87049512617,1.71004763798,-1.74882573412,1.15197788755,-0.27018825207,0.344107082823,0.596472205399,0
2.18329214963,2.0845832689,-0.559667333832,0.330727640958,2.06495888804,0.442156356958,1.98025591638,1.82729393036,-0.312027256367,0.417236741762,1
0.795504591713,2.1456119445,-0.827524980917,-0.892164843446,2.39655805689,0.107297637664,0.952971768507,-1.31094004029,0.17561173534,0.231192766506,1
0.835729568587,1.56930787082,-0.17304092106,0.00453573218862,2.61471963746,2.55247056405,1.41636686008,1.43636301955,2.90648786038,1.08145443202,1
0.0529156132568,0.820787698503,-0.0103471381808,3.29459237481,1.77084470423,0.623157828878,2.21124084959,0.118482169358,1.81622719234,0.789116944188,1
-0.505109293644,0.314882742093,-1.60886968046,-1.231476796,0.433794876954,0.0239863698842,0.378150636216,0.0651990280135,0.50162883581,1.0047193041,1
-0.414159771928,1.49687910418,0.7007010545,0.0885483256937,0.609048595506,-0.121762361251,0.351710044741,-0.310859272244,2.46721875168,2.18716840992,1
0.474305598938,0.703276580185,-0.496472079222,-0.824263190725,1.4258489108,0.0696334606745,1.51774947057,0.230034289804,-3.42319049798,1.34425108934,1
-1.06390758092,0.668584524003,0.526577478415,-1.26265002449,1.56593368601,0.387868945649,0.572073327237,1.66020641177,0.706365272596,1.79242899461,0
1.09816669108,0.687621242713,-0.73040016852,0.0481936056446,2.03534472188,-0.339975373391,0.585111133984,-0.972439658449,2.20624925053,1.35355034816,1
-2.02915127037,1.05111033562,1.15559388751,0.0868140899615,0.761802516757,-1.38851536667,6.51713488729,-2.12563356053,2.27191169589,0.493701060359,0
-0.654506877578,0.413908813292,1.31077898718,0.887287858876,1.11085995371,0.127700153861,0.504953568905,-0.434899535152,-0.155273252906,0.379760516806,0
-1.13230702389,1.00340945925,0.0616569332182,-0.685482158568,2.47379707651,-1.44151522586,3.2984376221,-0.619436014641,0.234828055101,0.38994641485,0
0.756821861068,0.444412952435,-1.04291303272,1.63839030881,3.07703664,1.56565753277,0.232290569834,-2.57313710676,-0.086581758875,0.385484545979,1
-1.02269803736,1.86352112823,-1.53186310962,-0.181146651923,0.708194162475,-0.244327648098,2.40926045666,0.200032692996,-0.0378827152551,1.35804398762,0
0.556824757601,0.947263647787,2.2066830964,0.747144176024,1.46722616695,0.238141413665,0.435647557379,-0.0639361733126,0.901233962636,0.70434256367,1
-1.29839996775,3.68782962639,0.703135844841,0.591148314877,1.09025958814,0.53850150485,1.14662277673,-0.769399570771,0.788653760682,1.74326086344,0
-0.231763018527,2.83913500723,2.43983392165,0.437512043219,2.74462913718,-2.31757744927,0.678978319664,-1.15589595793,-2.96886270686,2.90281995428,0
0.951780114211,0.808064140875,0.793763582535,-0.216462633204,2.17210291663,0.189192981541,2.15886099732,1.021738225,0.69254224918,0.504920551408,1
-0.605671957971,0.300432358769,0.742342719442,0.414085931253,1.21036176122,1.40590572849,0.703877555412,-1.68824863366,-1.05141748174,1.64095177227,1
0.586306046775,1.83173800975,-6.43799838277,0.702170525034,2.38182533504,0.330323603749,0.26463750151,0.295380770129,-0.656933056209,1.56656886333,0
-0.781178012997,0.658952615294,0.329907093115,0.0686625382199,0.817479559468,0.352461192305,1.13835383743,0.108855321497,0.744632106121,0.575488818582,1
-0.657464492486,3.22297417523,-2.5786477885,1.64223295689,1.38472982722,0.810884272323,4.79142167611,2.85203932725,-2.08669350935,3.49360642383,0
-0.189808461272,0.743334609714,2.36582746007,-1.00691300067,1.27605594834,-1.43997103401,0.347795103573,-0.0571781388234,-0.354683770271,1.88575462734,1
0.229272101904,0.507919748573,0.642558235004,0.130214640019,0.923687554119,0.313355998498,1.01654949097,0.352422596315,0.877844625805,0.887335108422,1
-1.22138034862,1.4253517429,-1.06438462175,-0.158091258847,2.83516665252,0.157619039588,0.724552258193,0.709792255586,1.10578688311,1.15820264465,0
-2.86824184434,0.958018152906,0.0351002854945,-0.0577250176654,2.05277518905,0.133278537127,0.453559552114,-1.01612374035,0.843813384691,2.10116319999,0
0.327329747497,0.589976328962,-3.24602902155,0.0709992290176,1.75837520195,0.949975408964,0.643405881766,3.36909020791,-2.81896582019,1.8781909622,0
-0.00201938306053,9.95038247788,0.85036350398,0.547987310683,3.5839153426,-0.439655532983,1.9509028443,-1.32148487576,0.377350362319,1.53667349848,0
0.096650003446,0.613149877442,1.301098415,-0.316795664368,1.67199852511,0.852564575798,1.27678661466,1.38092547096,-0.980468316365,0.895964427746,1
-0.348907617911,0.599111546926,1.22806771741,0.065222248578,0.368906791452,-0.955951163978,0.952656451272,0.774514275393,-0.84265709878,2.5416890665,1
0.145212698339,0.4928722015,1.34515847143,0.403401612815,1.28346975559,0.811883826624,0.842158401545,0.35371192308,1.36447315211,0.842486778338,1
-2.19184207002,0.612890563453,1.85155865542,-0.158177603413,1.80424234577,-0.829233842546,1.29807212228,0.625472589942,0.810969641403,2.50328229889,0
0.635359734543,1.6569620997,-2.6471881328,1.80121692238,1.06005172135,0.125125631754,2.29500400545,1.68880418528,1.83805684528,1.21435836644,1
-0.555731308732,0.886439274595,-2.11413724954,0.817932768225,1.82714457764,0.917158729917,0.286230886727,0.236393377385,1.34519843026,2.06699693456,0
0.00614248304511,0.88875564881,0.465377244285,0.387867448195,1.82209658772,0.124151051977,0.518409828459,0.247103575463,-4.51371798845,2.63203418343,0
-0.807857289858,1.38532742402,2.88134318906,0.954391327291,1.39840233791,-0.499660840957,0.199024967364,-1.23589559655,1.13092617196,2.65913732143,0
-0.972561195147,3.43161661843,1.21616081265,-0.621498554154,1.9516327178,1.03413042955,1.62982379366,-1.12207540366,0.722629276753,1.28211449255,0
-0.902202659889,0.38684638184,0.703491502842,-0.480862479579,1.04965564717,-0.879353224417,4.34312036934,-1.38610544024,1.30686425725,1.66772512669,1
1.3513585691,0.552741138151,-0.537414702446,-0.275491582684,2.14546631887,0.319481925927,2.27976913556,0.417554835024,0.475159115405,0.381820053402,1
1.26440019151,1.75874180133,2.2219364799,-1.15186854227,1.60733718097,-0.363783936878,1.37642389133,0.246014856511,-1.73168319457,0.796411372386,1
1.59867590432,0.341102437367,-0.186990061232,-3.89627277632,0.927371444127,0.740960310805,0.839183354055,0.818140826199,-0.773605464324,1.96217805268,1
0.847620364251,0.95376326917,-0.240636780965,0.538386119622,2.44144369086,-2.65760137321,0.754375661709,3.23283834517,-0.147751881466,2.85572268913,1
-2.00632095309,1.48799840626,0.156804700279,0.934287166059,0.609807931272,0.322180583295,2.05006209703,-0.650023324585,0.402976644365,1.23329784954,0
0.334562984202,0.877569663209,-0.750046119204,0.69114590494,2.19133662767,0.15873884035,1.05279634096,2.39657896801,-0.952253234495,1.9955590826,1
0.465732223779,0.368752966367,-0.357193918054,0.511031558802,1.30301171623,0.199862609449,0.845272566995,0.515280540424,-1.07820369854,0.734717117225,1
0.833397079423,5.07437807061,-0.0264489976589,-0.404098511218,1.01777687896,0.436944765818,2.91179358522,-1.082249816,-0.894681554071,2.35283021865,0
-0.0368223440924,0.565956593029,3.02154810343,0.00444451972071,1.8134226357,1.33503174345,0.152205672431,0.79788229177,0.270665202424,0.503368254587,1
1.61727761636,0.523323486781,-3.74793626688,-0.955071394406,1.31510434,-0.330805740054,0.339250958104,-1.20672741726,-0.399592539204,1.62948041453,1
1.62874256139,0.831198161918,-1.3451333109,0.718320499513,0.354548178007,0.0733095274651,0.790751494449,1.59329272807,-4.34882283903,2.25795986352,1
-0.338338911666,0.672294875398,-1.95591932626,-0.516464931451,2.56873837361,-0.739029115771,0.736284361625,-1.59868554155,0.445776915799,0.623936323381,0
1.61509151572,0.904804191037,-0.796199223908,0.148339383758,1.25925749917,-1.76592666709,3.22198119053,-1.48095465956,-0.542847241585,0.968873599736,1
0.127537117614,1.58690223675,1.49079138681,-1.09608124701,1.65527949035,1.28332488064,0.726001899147,1.59544644451,1.41830947826,1.30025318886,1
-0.537425048492,0.53277056288,0.685479834782,-0.182729517021,1.5306200975,0.999205319494,1.11038068394,-0.0886901992033,0.0462569677882,0.786809821459,1
0.749113954524,0.976732658472,-1.32237300106,0.837000214347,1.53784132201,0.109084192224,2.67573810488,1.00683235651,-3.18111666483,1.64724951592,1
-1.26825502091,0.785800608923,-0.0226170761903,-0.0289277885515,1.15285411731,-0.602095618092,0.777713271997,1.26013471725,-0.309450885986,0.508968436256,0
-0.728172873541,0.878401724806,0.312496671442,-1.33424934314,0.737886801682,-0.863801837582,0.301032891383,-0.836595179846,0.704597992417,1.49409073835,0
0.529104971277,2.22381600022,-0.0138474571825,1.64971962725,2.09988981303,1.79489222876,0.798262412164,-3.26825590059,-1.09061515822,0.926721910655,1
-0.22261424311,1.35165299007,0.242816255778,0.936918633714,0.37580216288,-0.180562043691,2.44568589031,2.23379938826,-0.900365519834,1.321804774,1
0.869874892749,0.386095244997,-0.42376791827,0.973735745183,2.30224572036,-0.0569578262027,1.9342081416,-1.70175430462,0.379536097855,0.978399270666,1
-1.6046705255,0.592947751465,-0.258298685599,-0.472135089057,1.69104926415,1.91530897791,1.98783598194,0.327410783485,-0.185931039496,0.567151010071,0
1.51109664801,1.38489749702,0.321825743527,0.757985876582,0.903484880578,1.64378510597,0.235251640133,-1.07867084657,-1.64122992624,0.570785006843,1
1.81549860003,0.815229311359,-4.40053862295,-1.02404610877,0.676420756256,0.802001721273,0.542254466461,-1.30532039966,0.834110442125,1.6630834569,1
-0.639651888042,4.86859643215,-0.883313450618,0.037505084226,0.276263476956,2.60039026256,0.446336119854,0.054911131964,0.21493740367,0.650347566774,0
-0.662497960271,1.27044652366,-1.18773504655,-5.70247318095,0.998427381235,0.748534299895,0.870327941491,1.50764954992,0.558212009279,0.679972321627,0
0.688415704912,2.1886083795,0.719195752638,0.877002453133,0.29635666907,3.56876920837,0.716861156238,-1.51361857048,1.99835741699,0.668532471232,1
2.13070830566,3.35949010494,-1.91894536992,-2.48778485,0.537344898249,-0.250634676477,2.80549431897,0.298787439921,-1.31283196394,2.38093729479,0
0.413683016288,0.338841907915,0.640780974976,1.28830308807,1.08489183819,-1.30144542559,1.6092326631,-0.499663634408,-0.996006876205,2.97082365921,1
-0.789688456311,2.26282073862,0.805760283848,-0.206650382026,0.579800300284,-1.15898876377,2.94172334771,0.672332349934,-3.65535207996,1.60205547096,0
0.319368201102,0.98882514885,1.72591643511,-1.19667583115,2.89469815565,-0.885520841634,0.275356527668,-4.29402380513,-0.353070760528,2.13398432418,0
1.0633419323,0.413495183974,-0.368150183893,-1.73155913644,1.70156557626,-0.0214454710564,1.22681775665,0.0369619058588,-0.117176923886,3.2003015973,1
1.65439864572,1.28905378233,-0.701163724204,1.21729108558,2.74965514637,1.17057790034,0.234933268449,-0.239213706724,1.34807703741,0.573439923736,1
0.706873358451,0.778229917755,0.787462109154,0.775840681554,2.23952555227,0.82264063024,2.19432560972,-0.593725303271,-2.46179236182,2.25273614184,1
-0.813233550053,1.06656028871,-0.37953090605,-2.32400816071,0.777377840081,0.168554387038,2.03900616724,2.03372967896,0.114021832393,2.30570581797,0
1.30042265551,0.891369880895,0.654000170012,0.510272804188,1.49805527727,-0.102202059532,4.51653818486,0.427218249056,-0.33879849225,1.11054397757,1
-0.473357865503,2.07705245041,0.290307838526,2.0357207649,0.905185561499,-0.0445843482117,1.04716939617,-1.10245692685,-2.7427097128,1.60797898333,0
-0.401278269088,1.09108164295,3.04728315198,-0.177712325186,1.9597396079,-0.221527341614,0.385129349929,0.560666509511,0.0387217575897,3.74912600581,1
0.0999829522383,2.83803133402,0.760300794091,1.10882312582,2.73858382403,-1.01823666035,0.723607148103,-0.140251243769,-1.55505812062,2.2944633983,0
1.68909535546,3.5262122638,-1.0598750847,-0.926125942385,0.527743667484,-1.13747052098,2.28473492181,-0.225281543932,0.279706937075,1.44016268654,0
-0.359866952391,0.779735527779,0.264423095795,-0.919393332842,1.32643409583,1.13965333712,1.95002334131,0.0716081416084,2.70786694275,0.347754407588,1
0.868515859428,0.296596006695,1.76940227253,0.181926088271,3.15420164781,-1.06168910803,0.830417162056,2.8782823549,-2.8067032334,0.96262894779,1
0.889885350995,2.78723375257,0.0892073053745,-0.205115962597,0.825386395559,0.710402129419,0.35627235792,1.0094858451,0.787021154006,2.80044050833,1
1.4567473945,2.54909067274,-2.17757481759,0.828872577421,1.81891863754,0.215553623998,0.821257017643,0.201835855532,-0.0735696088446,0.371593795235,1
-0.572681892436,3.09258846227,-0.46543430357,-1.17024390995,1.01780299424,-0.182011807536,1.35045591278,0.169508017156,-0.111573125606,2.08999088823,0
-0.0945239254083,0.427638260958,-1.18094449239,-0.987448048706,1.34973163934,-1.70669588133,0.352201306826,0.255006638596,0.680418052756,1.63326460873,0
-0.700469531479,0.299337948514,2.64753079073,-0.207964039062,1.17141630505,0.46437072926,1.28435867982,0.0209703727777,0.0128024833018,2.49498777195,1
-2.24128044716,1.37441985326,-0.759253354574,-1.19357840821,0.396116696285,0.67051970992,0.997783777061,12.2100035574,-1.66467317743,1.21190926885,0
-2.23703834329,2.58712979664,0.212055775329,0.0158058380582,0.703443244707,1.15179095951,0.701866441564,0.670808765765,-0.755750040367,1.34546127481,0
1.79197671881,0.586467860237,-0.422374846459,0.782362328734,1.86234510479,-1.88848378672,1.70876314724,-0.154377118533,-0.637198328828,0.49774605582,1
-0.367547201752,1.83062780197,-0.863476160097,-5.74757991711,2.67437461339,-0.833269846074,0.673032723069,-0.509071628469,-0.0668231382145,0.668087496177,0
-0.206403758915,1.19259130929,0.738154809131,-0.00171846557228,1.91139413205,0.59495495777,8.90089082699,-1.29997663042,0.395880127253,0.884382670433,0
0.0839249952909,0.499025380804,0.330183470147,-0.184971473318,1.49082254205,-1.53669656918,0.600850101872,-1.08738660268,-1.00770453479,1.44665820409,1
0.671301353361,1.83349121867,-0.973014205415,0.184315267841,0.784295780119,0.398313136404,0.794540274798,0.137273172818,-1.07587247776,0.474705574756,1
0.938899968153,3.05027739993,0.236887670349,0.294006388661,0.847150438859,0.273683114937,2.08651856576,-0.945803374737,4.03638388683,1.29240551135,1
0.613725479843,2.26515958786,0.486700831028,0.736365956858,0.712561013742,-0.634371766478,0.570113590743,-0.473390749095,-0.722825620742,1.26134065166,1
-0.603073417385,4.9039214348,1.3716613871,1.12874895749,0.416780473227,-1.18482942589,0.326557288851,-0.615817431011,0.747651010665,0.256410680962,0
-0.888034419407,0.260301763787,-0.943976100111,0.560141622737,2.28182530441,-1.16257677883,0.801657642122,0.390043073503,0.172390114913,2.14597907565,0
-0.815611955,0.209895627441,0.190344615544,0.427710155321,0.71753061622,1.04078399229,1.14022960448,-0.173608637774,1.47520967707,1.63196976767,1
-0.970939287183,6.40848081535,-0.186290760834,0.125347450526,1.03661542404,-1.95597263514,0.892245611493,0.401530432416,0.99946888002,0.98607871029,0
-1.09441836172,0.718490852504,0.679584625793,-0.220857653445,1.09755960452,0.0345874013067,2.08990955751,1.31195848512,0.860552718165,1.97910144899,0
-0.384882726756,2.41090699279,-0.0712237449268,-0.470330430824,1.59333583378,-0.177904340904,1.42272189871,-1.86101883039,-0.147445131085,1.31731568044,0
-0.234476438229,3.67329772383,-0.0181609155878,-1.27953427159,0.888266518553,-1.27522605225,5.06093336292,-4.1275033939,1.12125899304,2.47025167578,0
1.14285517503,0.512592973896,-0.146651446098,2.36828048906,1.798261466,-0.531507069102,1.455355813,0.23676600376,0.696932232464,1.07902726176,1
-0.561364872211,0.879756160845,-0.83447502474,-1.7304026063,3.65984502856,-2.00248421188,0.621992481569,-1.17294188378,-0.921215631033,0.330630627515,0
-0.216781723791,0.604424416774,-0.340281426,-0.20446808401,1.58443240438,0.0450095958942,1.37432621565,4.04515231544,0.0521392954277,1.16184412561,1
-0.771469895114,0.847281882719,0.179818093217,-0.395068122588,2.59643507114,0.292509278789,0.208117659025,-2.41636031576,0.230255957179,0.954018397607,0
0.714477465196,1.07161509066,0.687512211085,0.327034548742,1.18385513557,-0.510218388085,0.777490351657,0.695701471718,-0.438260831525,0.430349617696,1
-0.451288555497,2.66624929752,-0.639483265287,-0.0372802001172,1.24418461701,1.68908488142,1.22073808798,-0.719995452888,3.61121846213,1.14972462788,0
-0.262673494508,1.32004680244,2.94494476847,0.685334937626,1.1088565801,-0.133722797812,0.959609302192,0.565100161281,-0.353167805904,2.3880933259,1
0.0280211015515,4.54454686268,1.01308196739,-0.87026836117,2.00771346584,-0.398088666324,0.397116302638,0.473669262119,0.0521506140946,1.3994464541,0
-0.814195589023,0.56858751868,2.14492963193,1.59104261901,1.27909434419,1.8728269542,1.13805485114,0.285582159239,-0.471547451879,1.14224985922,1
0.474006812747,0.325748072229,-0.787178895987,-0.630254321829,0.509192167327,-1.76805758873,1.09727526556,-0.637640449062,-2.54807092696,1.16076393399,1
-1.34215007915,0.410647515538,0.729318942555,0.23242210366,1.70042507131,0.304894866679,0.603855217685,-0.814626759362,0.433909272209,0.950251454034,1
-0.65840283179,2.16429844605,-0.429760714928,-0.27452381169,2.38021092905,0.605185546918,0.664534545291,0.626657755035,-1.15432816331,1.10925209118,0
-0.520844254824,0.51652051775,-0.660862707231,-1.27248647987,1.85123316463,1.13511591455,3.00795639888,0.61714482863,0.498261572879,1.33699266428,0
-0.486769046116,1.77597877582,1.59414804728,-2.30275356055,1.89176375174,0.823762026214,1.62981974637,0.919602917972,0.834805610442,0.868579526195,0
0.700449776398,1.78367407704,-2.28818718971,0.170959304198,2.08625835214,0.260913725243,0.236556999326,-1.36757288908,0.455574256443,1.39056494074,1
-0.256506785704,0.882915676424,0.79824050176,-0.109313577991,1.66314292364,-1.62457649863,1.87991842621,2.14866657005,0.903224021742,3.0563661282,0
1.2714348901,4.1361478353,0.962934879344,4.13807490962,0.310954554948,-1.6062175025,2.15893236729,-0.0564106687452,-1.58140187595,1.16803694042,1
-0.174543700824,3.20965908564,-1.18573279449,-0.783790266507,0.838178274755,-0.668985088159,1.05587084859,1.11245195182,-0.284948942201,1.47973872141,0
-0.35901711933,1.24799847194,1.40347638178,0.369956119547,1.80324196895,-1.50033161626,0.619947962554,-1.31752958838,-0.0846526798593,1.14687015157,0
-0.622453269053,0.718827190315,-0.165352405567,0.677317960444,2.55343949934,0.422631019339,0.796237608561,-0.48070849204,-0.713424002288,2.36758420546,0
2.21724115775,1.58277728131,-0.197339860867,2.19373744794,0.439091208924,-0.0821763766391,1.62664830071,0.666429940678,0.619108929442,1.42465899124,1
-0.686190865226,1.24210826685,-1.07482950242,0.213174904752,0.415414725013,-0.638187187858,2.28673769732,-0.192044834377,-0.683727957417,0.974533322381,0
1.48731329709,1.10841976154,-0.323232474215,-0.830548896386,0.627567921076,1.21295325342,1.92923128518,-1.26382206063,-0.0160612067934,0.928460280807,1
1.50248645614,1.19814706383,-5.9216688867,0.181746723221,1.53804907106,-0.409613399332,0.761175531185,-0.0534389065276,-0.154457515821,2.43352170558,0
-1.44185950037,0.709847587884,0.275604385193,0.516113798977,2.12776291554,-0.791241666368,1.80893378262,0.517848130451,1.59255123079,0.407583306986,0
0.906040574421,0.698210266925,-0.750268863846,0.726141175042,1.76798208032,0.111109366843,0.437422414078,-1.6021617648,1.04540551882,2.09035566732,1
0.0203218289705,0.760189634905,-0.296156395563,-0.236879316937,1.24043400423,-1.51123616516,1.09437632503,3.26001163545,-2.14461712079,1.30869134929,1
-0.558639121956,2.28851270296,-1.37920569283,0.777116537953,1.42522236165,-0.718763575879,0.383062876564,0.0472384161029,2.51182570217,0.579715445328,0
-0.52877518056,0.77474790691,1.09095759138,0.403001107167,1.75000939036,-0.498050514711,0.153092641843,0.0636967466343,3.65446644729,1.67455110403,1
-0.0484629372092,1.25906830974,-4.22647072241,1.04132518333,2.36183563941,-0.897010737195,1.91393103262,0.0958586822739,-0.920086095996,3.39610513003,0
0.380751764915,1.43500596095,0.391331091265,0.455496550622,0.85225466253,-1.17152776139,5.89061028275,1.47100641374,0.0271013304216,1.77336187315,1
1.08883169837,6.76834660454,0.775790798834,3.14008190304,1.10056043531,0.173686142819,0.42565164256,0.409560025082,-0.793369827992,0.317611978796,0
-0.741352214352,0.284956290737,-2.72556865249,-1.92420737928,2.1531488697,0.720597588723,3.80841908474,0.241038207032,-1.45137997528,0.353026577532,0
1.53435087744,0.433598037115,-1.29360566011,-1.8748790572,2.09657793397,-0.665006946567,1.05710805248,-1.0863595649,-2.62387277809,1.52714019161,1
0.398998757423,0.59071022292,0.759506070554,0.466758521618,1.52808267624,-0.86754118677,0.698215244488,-1.02433369661,1.57855285797,0.417056016471,1
0.46928255846,0.56124324564,-2.21304939031,-0.558731318347,0.342052944467,-0.0353152699459,1.54995431008,0.45124973875,0.5891928003,1.90383327912,0
0.381108917278,0.608961897666,-0.447972061694,-0.312342588476,2.30108033269,-0.557299439085,0.794557030171,2.77136292428,4.26625485588,1.88706931031,1
0.324225193241,0.859352455538,0.48284287945,-1.87998195188,0.699597296228,0.924651505271,3.06194296442,0.853183282967,0.950708017997,1.41354473645,1
-0.609784256399,1.00032725386,-1.43445960653,-2.76394228017,1.38590099743,-1.00079464852,0.603740196706,-2.49001470309,-0.132236490672,1.47346292622,0
-0.791591067775,12.0074443986,0.970393470921,-2.08126855624,2.80773730422,1.20022210968,0.889554101049,-0.0440306554758,1.74774610024,0.711492404441,0
1.31401732367,1.57494551965,1.33488469881,-0.828518584983,0.676350349386,0.591146355684,0.131522305632,-1.59141194785,-5.63078394162,0.80895077936,1
-0.645390043536,0.343140062982,0.745893762281,1.04405703681,0.39710918327,-0.453154030856,1.25187467036,-0.83038674385,1.68187934276,1.67879484866,1
0.442752850835,0.667680379714,-1.07200681173,-0.610290674811,1.97323560329,0.167542404034,2.43191297106,1.02250587402,-0.57311904167,0.230458762684,0
-0.585186401031,0.612118861553,1.41549218067,0.79787588619,0.337565867001,0.650843572766,1.10387220076,-1.01522660155,0.200469581068,2.36301270335,1
0.170027013193,0.787894606993,-0.146622042923,-0.742328495392,1.90606058883,1.7162142028,1.99557069594,-1.70171996446,-3.28003648535,1.78691447279,0
-2.11098295944,7.061451914,-0.807315892794,-1.37900372649,1.86715460828,-1.36170163715,0.524077650099,1.09305138314,2.13525917199,0.920054275305,0
-0.738356922933,0.453748383897,-0.762346672693,-2.52267576013,0.426618270353,1.78008117829,3.68584706678,0.232714796253,0.886713767904,2.04290111004,0
-0.688234638956,2.78209684046,0.891608795455,0.262090101385,1.04521842265,-1.26536492562,0.756033021947,-1.11589921869,-0.221276345242,0.181608519894,0
2.09871690055,5.22497518109,-0.143031425056,0.895700219579,1.14487643124,0.445324836774,1.45493647184,-2.96089011764,0.160577912262,1.71461154237,0
-0.512145999198,9.32487351559,-2.14823994923,1.10293933013,1.42995778414,0.778555101777,0.802402661104,-1.02115287533,-0.282644211744,0.486659513129,0
-0.0860770541221,0.770941057299,1.45784581685,-0.660820158004,1.71612719457,-0.706465720095,0.716143070161,0.455550164912,-1.25419526505,1.13374906299,0
-1.0292932595,2.19888292131,-1.63654633986,-1.22683848125,0.403322664034,-0.746934805275,0.548447331644,0.585933655857,0.78038127604,1.16125494941,0
0.397268668481,1.6878299301,1.02063871334,0.424976560874,0.621019964423,0.526791806068,0.233436026228,0.766668141953,-3.10443860543,1.60722940832,1
1.26001165187,0.64387940938,-0.461643948595,-0.487923987126,1.78041250223,-0.0499218968604,2.69670781243,-0.189470683722,1.06265022135,2.96505244382,1
0.346834090158,0.327440608328,-0.395571439746,-0.669570283408,2.68530970498,1.5225457066,1.51553097928,3.39947995152,0.761549860612,0.968948836416,1
1.86993353063,0.461825750413,0.0371154175683,4.07770803236,1.99262311221,1.74472436698,0.286599614833,-0.0970237474984,-0.361034406408,1.1263791997,1
0.0720215661577,1.2000699662,-0.156028515829,0.0823693442515,1.77544155509,-1.50910972199,0.244706829191,-0.280160741623,0.483732960041,2.13503419447,0
0.61721704131,0.298868202764,-1.46364721429,-0.890376326449,1.02925405617,0.578128733995,1.42258912809,0.385189062433,0.645791904303,0.34107273935,1
0.173485123284,2.72239128379,0.844390756529,-0.854110371692,1.66518982173,1.93395334228,1.53325710147,0.897841412096,0.351341234726,2.19940816092,0
-0.71194083732,1.89715200691,-1.997296839,1.06594055841,1.82671390684,0.639659145819,1.31586228653,-0.0181481043968,0.0771133169727,1.82328674575,0
-0.168484305743,0.745923642708,-0.712742320005,-0.850148701884,2.6780651371,0.383867801042,5.81968808546,-1.65115493389,-0.038448244925,1.68004151293,0
-1.84692413789,0.61281983226,0.871589761203,-3.88871410615,0.757228834337,1.96935502691,2.01088962803,-0.420729730088,-0.139498608165,0.693856030737,0
0.530357624502,4.55681693171,1.139937161,-0.880341092012,1.3815765978,-0.940280984448,0.816084223448,-0.615575535037,-1.84436057399,1.0698738665,0
-1.21010951714,2.219947103,-0.583572769574,-0.518915994566,1.48299913966,-0.51187852564,0.440305193527,1.61957353322,-0.801039556616,0.577670444821,0
-0.588947976987,4.68692678964,-1.29280171902,-0.380303105715,0.931630039815,-0.72346775319,1.25423705672,0.65562499964,-0.140213763372,1.8710480381,0
-1.23776292466,0.502170284265,1.85262276934,0.29757250297,0.689493953788,-0.243286685607,2.32695777034,-0.826749171745,-2.24441632582,0.969757901839,0
0.13805228864,0.522795619058,0.0892346848298,0.607346007828,2.90475105459,-1.61199718787,1.00371843762,-7.73868916625,-0.367701826442,0.261883972403,0
0.546173124206,0.836210395606,-0.0931684146699,-0.118911809719,1.46331006139,-0.777505973254,0.344465189526,-1.69747437578,2.2238467098,1.17869882211,1
-0.178086891687,0.275740006258,0.592632289727,-3.87776185839,1.5647852524,0.445586412976,1.03791119737,-1.97481681512,1.14605635099,0.924708373229,1
0.769229118586,0.793021399027,-1.60318073984,-0.0426685646314,2.09724760184,0.362895136383,0.544436051636,-0.355882591404,0.966154605354,1.09430464331,1
-0.70856579944,0.376328810337,-1.05356520591,-0.365700512864,0.994815482984,-1.81016500327,0.23048055288,0.476339236371,-1.39015830026,0.66425172635,0
0.190167600351,0.491048515717,-0.668272042147,-0.0452873803184,0.403917820155,-0.0834704688629,2.25503454918,-1.83997347442,-0.200458509305,1.73064324856,1
0.0258891731719,0.560245999478,0.305594659636,-0.411808315472,2.26816459066,-1.67204879787,0.56571961572,1.99562534077,-0.0257091956971,0.556357143088,1
0.252361935095,0.223942500237,-1.7028692452,0.239003374157,0.867217446312,-1.14854430469,0.156015397022,-0.535476981449,-1.88008580871,1.34556744007,1
0.43831166027,0.212272274498,-0.663080226997,0.0587930562213,0.698209460971,0.635596288591,0.271802049009,0.825050834418,-0.0317251596992,1.13125589745,1
0.0529231015872,2.61395087377,-0.987862119942,1.40289958299,1.40170622905,0.757797383978,2.56793767361,1.05063632642,0.244264377828,3.69152092363,0
-0.59887682656,3.09872656877,-2.176599166,0.319975348977,0.42838182445,-0.805022973919,1.99610850947,-0.220550077357,-0.844081317674,1.21402256047,0
-0.247306063403,0.681174607878,0.465218875114,0.146713803539,0.233644046411,0.37377777212,2.31745325577,-0.545539221396,0.146682570765,3.00365980358,1
-1.4608174265,1.25709982025,-0.21161863798,0.242965622041,2.16013864596,-1.15883386632,0.376776164851,-0.246081005295,1.12002612558,3.56847602885,0
0.361196323821,2.09689496169,0.650158596339,-0.58311877037,1.04149735299,1.34401259218,1.00047009081,0.920821252594,2.86791677437,1.70632995856,1
0.349129683035,1.17057105491,-0.627874440028,-1.51620955961,1.13793180793,-0.464139774701,2.30162138545,-0.316131886007,1.205541403,0.893002458632,0
1.34851797202,2.14192254793,0.529454622151,0.197637707456,1.64782702935,-0.925097780609,0.557950655144,-0.943976501795,0.471229363633,1.61209655079,1
-1.43260622821,4.60149508534,1.06602565902,0.591633635542,2.22962548625,1.80912713527,1.08239167769,0.0667231604587,4.38979621205,1.60895061393,0
-1.49969566864,0.79348310387,-2.00915914011,-0.424528961344,1.50232945938,0.7356870142,0.640751103472,0.793366639638,-0.684683394552,0.680861010921,0
-0.150455016016,0.303809295598,-0.607011470595,-0.578338688413,2.75539668188,-0.979185503599,0.476362206772,-1.36631675679,0.354534184914,1.83105403283,0
0.605920355856,1.991364638,-0.199845461467,-1.57458660494,1.51706862514,0.0660409312904,0.785574056999,1.87955838843,-2.27602689405,2.72033547697,0
-1.5789739288,0.955448346661,-0.106139677189,0.802048084227,2.09391722419,0.294194107465,0.453245841992,0.266908738373,1.53250005545,3.58058734032,0
0.379902037975,0.852176184051,2.92489618701,-0.270021914565,1.90533722512,0.50505278916,0.622423690886,-1.69048350279,0.0684858807946,1.41556092933,1
-2.02516176535,2.59104995885,0.158173307714,0.995710492336,1.32684756071,-0.673254056708,0.680466071634,-2.73673684077,-1.73418580895,0.887838772721,0
1.34050003286,0.422992555364,1.42652813031,0.00202274079729,1.35644155253,-0.412845026888,3.82329757656,1.43556546054,0.403220734177,1.95016305151,1
-1.04384998517,1.54465811456,1.47467146526,-0.148489762214,0.473997438561,-0.456137710294,0.376059111966,-0.0198947147827,0.40381797388,1.39240626304,0
-1.21652776446,7.48275686916,0.8357422039,0.507458752485,0.942760179331,-0.7992556839,1.05446642259,4.08914037104,-4.02593086661,1.11950398525,0
1.29625675764,0.735709692164,0.0728597823103,-1.04576423156,1.16693878125,-0.0260136835246,0.380311014577,1.87236197095,0.860093029829,0.372342278376,1
0.82892257129,0.15111945885,-1.00609662483,0.0413441568222,0.809279317716,0.912599440043,1.67156186854,-1.66242942082,-1.22509554868,2.83406224375,1
0.637468878584,0.52078536056,-0.0189117122479,-1.037130253,0.407753339051,0.540076314711,0.405775231804,0.800605321158,3.16975277544,2.81981763618,1
-0.578342618003,1.08861320013,-1.5077662204,-1.01091192602,0.609458446511,-1.08822954205,2.09548475131,0.0703280145266,3.35272187713,2.26442491151,0
-0.403092750055,0.503961305764,2.23956962464,0.136724426779,2.55442773214,1.74716037389,0.58355611141,0.425154237525,-0.0545993306834,0.853261247273,1
0.189589506958,0.415595811866,-0.593820585653,-1.35059614592,0.340862653579,-1.83580666662,0.421789863436,1.06146373819,0.941168580241,2.28363002396,0
-0.36997089394,0.126802092741,1.59456295254,0.251205630988,0.535594823339,-0.626100232568,1.07292490551,0.310050280344,0.0606370395893,2.39255911872,1
0.900922512072,0.600010497448,0.614803462112,0.833331619037,1.6989186036,-0.561161974666,0.711381448794,1.10526021674,-0.16027665447,2.7853086486,1
-2.15014361852,3.26681969898,-0.609919598883,1.97971632328,1.58727160625,-0.0311193017885,2.86016428393,3.38664553272,-0.74212546953,0.3239750864,0
0.0694544587357,0.717376833685,-0.592732772915,1.16075055436,0.965698186331,1.96045140162,0.424845033418,2.98243769914,0.728033845561,1.04509000249,1
0.94871560612,0.446923460152,-0.574074841811,0.049330485829,3.53657766009,0.858103569281,1.80705001178,3.08268533049,-0.302440881169,1.61900716332,1
-1.50893627946,0.176050730713,-1.35709116679,-1.75758298617,0.961943803354,-0.785775679465,0.915002748177,1.55730621854,2.24699162022,1.19671768678,0
0.450037689706,0.137022366611,-2.2904149892,-1.29015438407,1.04121431228,-0.215300299932,0.583241925371,-1.40136044279,-0.549157711302,1.80656293877,0
-1.80554928141,0.122271369005,1.72437724163,0.0522480148732,0.653142720111,-1.34760801213,1.9127751357,0.190740866243,-4.86380226876,0.743839486617,0
-1.53749511863,2.54261669754,-0.835172649381,-2.30268687192,0.246141930395,-2.01882372503,0.363795279832,2.51782557461,1.15299804423,1.70876318089,0
-0.640813553513,1.11825369351,-1.83269908948,0.709683665437,0.843985696116,1.32791687747,0.419667016384,-0.224187551382,-0.664242126147,3.82276855532,0
-0.812821064196,0.814800512313,-1.41824472739,0.0312322371131,1.42720578508,1.49093010777,1.04727437141,-0.160844980055,5.12535418999,2.13807608431,0
2.428988321,1.38278826716,-0.41623455584,-0.219265296476,1.38813184747,-0.689783256904,1.57152780707,-0.745362799051,-0.411438575769,2.0015828426,1
-1.1042575702,0.840512570179,-0.763250828688,-0.245167641607,0.640611758288,0.474815028807,0.432279583763,-0.265032888796,1.2377438562,0.480133797648,0
0.348325154988,0.578266368493,0.122233984,-0.0787897177013,1.37931458723,-0.030975209009,0.864495459337,-2.19079998533,-0.47234751736,1.11262578116,1
-0.453224089849,0.649020888684,0.0925605296189,-2.05437390594,0.436045877199,0.168091209843,0.132170653755,0.910979887069,-0.0319739890176,0.0686384037684,1
0.331304810074,0.58127073357,-0.151003698409,-0.0320271195074,2.06807776018,-1.91948477498,1.14878081119,0.291960187588,2.01141434727,2.7705552741,1
1.31581249096,0.576848995437,2.21414313784,0.00197072468194,1.0882833606,-0.706596294917,3.49514922911,-0.278618093181,0.829367200332,1.9332817892,1
-0.262845901018,0.263459553553,-0.432948665735,-2.66880266955,0.583210516246,0.575305030976,0.903303743508,2.8302314366,0.441050660471,0.59407583274,1
-0.0121906789558,0.953012177956,0.837562422105,1.52586612395,2.0283203275,-0.661944306573,0.985594126501,-0.182435530569,1.4782819236,0.122908233384,1
1.28101616943,1.3006070037,0.814841454078,0.0152809458109,1.46191792128,0.461144465033,1.05613588449,0.425558196807,-0.752688930857,1.18356619156,1
0.507782579029,3.79915309948,0.966922983966,-0.165214724345,0.378851315936,-0.560287116752,1.04579816539,-3.29263713518,1.61321595773,1.01229712396,0
0.708167855484,0.837527625901,-0.288645616941,1.2585875918,0.671761603067,0.424202575433,2.35770383979,-0.791189817244,1.70916060135,0.885903958223,1
-0.385592120594,0.332738379384,-0.955975654979,-0.801472778211,1.22422525002,-0.254295144753,1.17071401263,3.32887588728,0.433757443413,0.762357401301,0
1.16553261963,1.11484520679,-0.964239713917,-0.0153757441105,1.87993683193,-0.254077784653,0.729433601649,-1.42158865852,-1.10746957287,1.71819143605,1
1.78262927246,2.46968468695,-0.730457719635,2.04880237226,0.896789036639,0.408626338325,1.82598408654,0.486452735269,-2.65635977788,1.8886922358,1
0.266352747296,0.508411667589,0.115252992822,0.592988413984,0.713629707295,-3.04344613728,0.56112221489,2.5061022799,0.108130531523,0.779650209971,1
1.11352288964,0.915478199584,-1.92428647047,2.90759254806,2.95609513566,0.799371824723,1.70176769782,0.25392709549,1.83345752708,0.859075061783,1
0.776119820185,1.82748023681,0.540834934282,0.042074694198,2.28338486097,1.02021550733,1.66941454901,0.535747154142,-1.22079443774,0.79908601048,1
-0.50425749978,2.35137046356,0.666398919698,3.18292598025,1.87068220144,0.607312561819,0.834512429923,-0.984235990404,0.512621330754,1.29182178238,0
0.128997898825,1.90191046382,-1.25010496596,-0.408127027615,1.22717370484,-1.29179506246,1.18662831229,-1.63492410197,-0.39033247887,3.65123902716,0
-0.133054941303,0.293305912501,1.85573221937,-0.763407275717,2.45688160719,1.36063640235,0.566915641486,-1.51436491299,-1.2463100665,1.5336169089,1
-0.444489701159,1.52983735763,-1.19818431093,0.553868171362,1.38877726541,-0.192382154217,0.686021743263,0.655211862336,-0.338411581234,0.857265295579,0
0.646324253097,0.223219035615,-0.0398331687442,-2.45381406285,1.6598187395,-0.512439196349,0.73227348549,-3.53004539608,-0.476075994236,1.29325554001,1
0.561538190967,0.125174518875,-0.521898322829,-0.781883305145,0.134621669514,-0.321652985083,2.33921798106,0.388060939613,-1.71836303654,1.28351298733,1
0.244895000544,6.41178774776,1.41014509822,0.209402721846,1.83695372588,0.837548287797,0.866257560401,0.553300225682,0.380901120293,2.55076647541,0
0.693783989353,2.90655608095,2.03993788943,1.14122079346,1.72551190962,0.925334588466,1.22422662528,0.0553523600109,-0.428555577603,1.22056658627,1
-0.602304631346,2.63331387638,0.11951375,1.04185616957,2.57877833313,-0.363169597157,0.657572670367,-0.176234828408,-1.02921186221,2.5178183478,0
-0.516912947372,0.551224641243,0.292184504637,2.53891417,1.29681579391,-0.0316138135654,2.92589750749,-0.517306540491,1.66476393767,1.53282409226,1
0.940628864304,0.70692980049,-0.16515769016,0.168601181177,0.723049414295,-0.342592645239,1.11670930249,-0.400708036556,-0.943839469916,1.15713154793,1
-0.0787256322858,0.85887057287,0.349463855011,1.22851092966,0.259332405094,-0.542291038272,7.42301674189,-0.0188235834601,-0.960151499065,0.392886397235,1
-0.287400584242,0.710191141644,4.18963561783,-2.20425550863,1.32589033971,0.0853671595478,0.789280901231,-1.89300331102,2.27522672692,1.88231902128,1
0.333764656606,1.3410451432,-0.531866754647,2.47414449205,1.78085868716,1.26250007031,3.96169097326,1.74518649277,0.107901918179,1.9236673004,1
0.622032703513,1.64832638542,0.458615652744,0.46346601008,1.30184045206,-0.7027672306,1.17533321439,-0.189585874766,3.06549148367,3.78178492476,1
-0.164256449444,0.722106406322,0.132812282585,-0.454957214291,2.41060235614,-0.306651914358,0.765531146637,-0.195850413927,-0.958569672221,0.47801132983,1
-0.312313163309,2.36383426283,3.98650503534,3.22379187336,1.29627114386,-0.915488807933,5.58906681381,-0.719708432797,0.936002229558,1.78580747163,1
0.789797506668,1.20932067005,0.578640364422,-0.223841161496,1.10764626224,0.848888624048,0.736544953583,0.633226053232,1.14087206977,0.275517223855,1
0.201371525777,0.592557225831,0.995112744761,-0.872934362647,2.13000356178,-0.413337370867,2.5433783512,-0.356020777695,-1.98537146799,0.242063481621,0
-0.647532960435,2.91235391023,0.310191251003,1.76075606356,0.486335458582,0.655860564954,0.44550946935,-0.316132997698,-0.103912553102,0.828892787061,0
2.45419993396,0.292375860244,0.673624816775,-0.166600306482,0.429634795178,-1.59235495477,3.22758951035,1.6001159093,-0.450953037485,0.794165103455,1
-0.906615919601,1.33477930327,0.5170546472,-0.183801993655,2.57784542068,-1.36386546328,0.944036938857,2.42501124779,-0.0519182294038,2.46457707016,0
-0.42470885742,1.68883710055,1.08523118751,1.64165719527,1.42221104192,-1.85178082197,0.98106874023,-1.62850717415,-0.979186181506,2.15925052294,0
0.0712186697784,1.26062662953,1.25006959962,-0.579663342305,1.56154587725,1.32098263792,1.13095734432,0.168413156079,-0.571631748646,2.09083052229,1
0.0421717442003,0.278280592274,-0.526222556587,1.11633643066,1.56429108928,1.50320379854,2.3062978346,-1.62103706053,-0.317505969951,2.25614596147,1
-2.05914922115,0.781588649129,-0.255117837116,2.61111956319,1.30189696735,-0.918388743182,4.09222576906,-0.693797356718,-0.0373835435741,0.340580779854,0
0.468328368963,3.01072340626,2.23264619418,-0.969815955603,0.749442055335,0.162818571153,1.75264752982,0.811986100899,-0.423121729993,1.6405994238,0
0.669908087669,0.601143990315,0.790442110106,0.280423443683,2.03376318375,-0.080745319854,1.52024187907,1.90536188733,2.83498643796,2.12743411742,1
-0.369271057473,0.816788534254,-0.0374812450009,0.608805853006,2.29404250314,2.16886718709,0.29376471962,0.699692659153,-0.0653711482561,0.767799290717,0
-0.60314373892,1.11738817497,-0.366942006536,-0.779303113475,1.29112954623,0.0987449803173,0.284754471649,1.52065932535,-0.24154920011,0.254612742944,1
-1.52219173253,5.1141018726,-0.241547642894,-0.0136579296049,1.25929106177,0.144870869248,0.646131344889,-3.46245204673,-0.297108008551,0.695954925338,0
0.0623998713067,0.876794661747,-0.212936505969,-0.438377074435,1.95883132831,-0.0448650052226,2.89828439517,4.91988620289,-0.366577575399,0.857750831572,1
0.656657302884,1.8727911975,0.289294223157,0.238077127806,1.23631824984,1.11448293483,1.12726585934,-1.0027101913,-0.589017104498,1.593010417,1
2.11514432951,0.158384622653,-0.888496514672,0.333894839836,3.71206711684,1.58541812743,1.69883574383,0.55942891886,0.0139107995793,1.05956780705,1
1.05895164575,0.367336992218,-0.780701275288,0.214356595804,2.14209191428,0.66559175818,2.96784660133,0.146278361784,-2.43504168191,1.32229948336,1
-1.12110312362,1.73962763725,-0.780783631418,-0.641945002228,1.17456801569,0.664277230821,1.69906931259,1.37766386307,0.0399711173305,1.09986351797,0
-0.724521079213,0.785796295178,3.31125402261,-0.0547308927106,1.06155921684,-1.39311066612,2.64830370842,-0.610383396291,-0.176756979395,1.71721109666,1
-2.06120624539,0.270709599197,-1.26087515035,-1.26519690147,1.61072408425,0.929669268787,0.854893793044,-0.1011823067,-0.699264728937,1.03332294297,0
0.0393871493085,2.05967959459,-0.0849204851802,-6.62165243742,1.77289926214,1.08100708419,0.169264890607,-2.75794195874,0.0110718730079,1.81299126134,0
1.0767070738,0.315284441411,0.512274959346,0.20882599569,1.30253212096,0.517529344055,0.335114856326,2.55092793644,-0.321087625885,0.455262336718,1
-2.3428676264,0.995424618508,0.504814121265,0.000368208723349,1.43061856412,0.210971983477,2.15620072069,-0.518514264118,-0.947687395103,0.669276632689,0
1.10485927541,0.267425040401,-6.85505033241,1.15043225605,1.06188205013,-0.0266229836632,0.406543940923,1.64434077614,-1.08553549097,1.60567509361,0
0.643043036141,1.39849849983,-3.1230375769,0.911683954806,1.45975747468,0.875396672402,0.750323458877,-1.78510055687,0.657317479787,1.72044393843,0
-0.0945249663471,0.908923315153,-0.062939486645,0.246414105122,2.50630287424,0.282120526871,0.349828200581,-0.311647516293,-0.973405461654,0.656217286272,0
-0.672726623004,0.532316640376,-0.0164878802282,0.660239552899,1.03771312577,0.244908955376,0.397838521192,-0.544754971676,1.6260114531,2.50475130625,1
2.51072076389,0.346388447729,0.566432595802,-0.47749170998,0.782850094583,-2.49711215347,0.64927691609,1.24454105383,0.0249442193596,1.28982342714,1
0.257542459506,1.47208778917,-0.40751533413,0.520286633206,1.17430470042,0.0136593049259,2.43321861012,-0.349295735713,0.276516117715,2.00020863057,1
1.68365215843,0.822155225452,0.698876741729,-0.111869034905,0.606399587583,1.40343956556,2.15531724426,-1.8472230227,0.878514852715,0.85996304219,1
-1.1527274948,1.5238448842,-4.3246431088,1.43940571217,0.874400933298,-0.379618796726,0.568301010999,-1.93823164507,-0.538318196879,0.652359148008,0
-0.243327926822,1.32075868284,-0.291808331905,0.0960175779101,2.12381499038,-0.155170490305,1.19836963976,-1.49622490259,-0.381767291231,1.09933466667,0
-1.39094184755,0.348491546897,-0.448335355194,-1.52595363219,0.153900643144,1.74702178051,0.383905310927,-2.04888102436,-1.95655560078,2.52413943241,0
1.72185486506,0.422406983847,1.77479692262,0.970521492148,0.731777679691,-1.62130203624,2.18180339002,-0.690452475282,1.62240694474,0.261777935122,1
1.0873923262,1.85531450656,0.508322386454,0.773396316124,1.58689633611,-0.443243428996,2.5711065677,-4.42134576015,-0.902455284213,1.20716944603,1
-0.26428254969,0.83916545784,2.87259988176,0.635068104193,1.22659564208,-0.214622680678,1.12090873179,1.13110110147,-0.420000873408,0.675744363547,1
0.112519519335,0.659139660301,1.51187117274,-1.1973615915,3.4391668919,1.06179093201,1.08365974385,-2.96395046223,-0.214132584185,2.45038472048,0
-0.205964374279,3.00843315625,0.120085355874,-0.994477240044,2.50069985329,2.82653714623,0.396323872219,-0.32902117415,0.212178713592,1.13294828797,0
-0.492232011548,1.86586610969,-1.02311768703,0.862326148783,3.00158001942,-0.0256426147324,1.26961099399,0.0195024050422,0.0551211194343,2.01920644323,0
-0.126630159329,0.687870213851,-5.78543608008,1.14329134334,0.422950593753,-0.357381440527,1.87450519074,0.334986445398,-0.180072144833,0.755330957042,0
2.21655939347,0.644419390049,0.0665849645365,-0.0940827664448,3.17238124097,-0.153828086702,1.84089965541,1.20846897506,0.274161897604,3.02666177579,1
1.0258818786,2.62576591175,0.836239071165,1.20123184589,1.18507028305,0.018132831938,2.50742793397,-0.467369352099,-2.08965067606,0.195720713708,1
0.372431127594,1.30627870358,-5.33770643723,-0.423902203878,0.446445507605,-0.757007441785,1.18332434639,1.48532003082,-1.02488318283,1.52524905742,0
-0.116707111137,0.79177347853,1.46079210647,-0.216749023229,2.81950696215,0.019266570745,4.37724063067,-3.24538093997,-0.569337238432,1.0884010283,1
-0.836477262602,0.181427091737,-1.57733023246,3.0021889417,1.6621098317,0.130607492689,2.09028131762,1.80603033064,0.75307274891,1.31763283003,0
0.338000746903,1.15657999675,2.67677017516,-0.351520659426,1.97024878529,-1.06490574439,2.23313664277,-1.26769409187,2.04814456278,1.75291478473,1
-0.626286596172,1.32488227496,-1.24236155544,0.825058919741,2.27268635427,-0.227130713929,0.438138478288,1.52885780558,-2.03512310341,0.621918562078,0
-0.446741606149,3.70107907412,1.01897401131,-1.72098073733,0.924353310988,-0.147066082439,1.32826368049,0.189411422323,0.464734374487,1.34876852565,0
-1.5945470555,0.756437895273,-0.00418666165918,-0.00734017629114,0.941619647134,1.43092418752,0.147486894271,0.0927958184931,1.54526326556,1.04479134682,0
-0.465973035545,1.14848233239,0.633996120815,0.396224589953,3.61451827394,-0.675112014019,0.821759152007,-1.2476790798,-0.00291806414854,2.13270401355,0
-0.0228225213673,1.08550763821,1.10329359559,0.38277203642,2.63919635136,-0.886078440489,0.599452069127,-0.293027786742,-0.968874736783,0.881902484301,1
-1.35529390722,0.905591662656,1.02956614436,0.0960974141368,1.18661788894,-1.48553612903,4.13440963268,-1.03923393011,-0.476908618797,0.1570549063,0
1.53646494532,1.06480689885,-0.358127256522,-1.05960503887,0.633497933597,-1.50931702057,3.99502937063,1.18222834064,0.412211673852,2.99348457108,1
0.69326622919,0.208999666503,-1.60076500438,0.956141314714,2.54498092056,-2.50122202635,0.967691951706,2.00985194258,-0.196992449912,1.36721336427,1
0.582414934142,1.08236304112,-1.5755482675,-0.824753124057,1.26683317424,-0.370919477766,0.939597305073,-0.491822753652,0.386370844264,0.208063521454,1
0.929590071003,0.343073749267,-1.3839340442,-0.16124381695,2.4552632077,0.201631997534,0.225614813213,-0.573877694496,1.69942641585,2.26444006737,1
0.973653498555,1.72874456813,0.00716171125064,-1.25190996757,0.251999057557,-0.267617937178,1.48085078687,-3.05538707345,-3.03830503131,2.02823462983,1
0.264981427123,0.432262125184,-0.665855272686,0.254902362594,0.105085196163,0.0342162253335,1.71655134274,-0.845723482543,0.459002613522,0.309830530063,1
-2.18805572351,0.401705912329,0.440472493449,0.118484891506,1.45713464979,-0.543440961726,0.351318410819,-1.16725999957,-0.890233847757,0.759697992869,0
-1.14766009542,0.425221800116,-0.342502469486,3.14672935326,2.14161874665,-0.116354469633,0.40573628512,0.129654048229,1.33700414801,2.28512227831,1
1.54466507331,0.840016529272,1.2636294458,-2.40259964855,1.78125521379,-1.62482669906,0.646671489537,0.0415451174431,1.40329070302,2.07576666815,1
-0.603430425544,0.758683274324,-1.28413883956,-0.712868502144,0.803017328945,-0.258835255448,0.755810795023,0.857580866532,-0.456219891129,1.52774955991,0
-1.97242485419,1.32165148873,1.28848182884,-0.654681399336,0.771385342231,-1.1752199601,0.63229120433,-1.27624124375,0.45115141478,0.574834757606,0
0.909700171576,2.61166299542,-0.338967640081,-0.315441947647,2.14416610059,1.10976612228,0.486945775557,0.668860178119,0.232035702593,1.64767966281,1
1.4353564278,0.821222191359,0.70441195513,0.505316179851,1.21902263539,0.577769622752,0.682099236679,-0.113214569916,-1.97944711516,1.78325372253,1
1.83963044387,2.18812113845,-0.377746826077,-1.50524808512,0.643978634201,0.654525096475,0.471375662114,0.904214932648,0.0772376202256,1.74933349019,1
-2.54691920483,1.58953296665,0.0424726589789,0.985895736965,2.33751555702,0.194913409022,0.487935101331,-0.5764158109,-0.255052407183,2.27967743747,0
0.0125587877604,2.48333989682,-0.0259537683543,0.0468515670727,2.78873406917,1.32481450751,1.37197517009,0.420961870448,-2.43599293337,0.545313647427,0
0.505914333554,0.761519930979,0.984057948022,-0.0685323585912,1.25941464472,-0.444127641911,1.22801437062,1.91827645533,1.97854054477,0.545485954436,1
-1.20013402507,0.106732405783,-2.7996462258,0.77732460514,1.16883872569,1.29785619848,2.03779756344,-0.487143823207,0.507886401446,3.17963252118,0
-0.605226901297,1.7601706642,-0.116274574219,0.57233430838,1.21681576469,-0.392717521993,0.183204064932,-0.880038146821,-0.815850495171,0.045853532737,0
-2.56033646707,0.351846138753,0.985708669391,-3.09206099724,2.39944919239,0.422812453649,0.942864616055,0.12042647856,0.998444236117,1.0090187054,0
0.107751454691,1.75749848215,-1.34880616272,0.379510463405,0.534590485271,0.529442493941,0.330649522056,-0.249172807302,1.83387412179,2.10382200185,1
1.37602089452,0.421522837413,1.34721345371,1.38579994963,2.46885230364,0.285770681205,0.75575252812,0.223762559911,-3.68067627382,1.01799139452,1
0.537855014221,2.43480456276,0.00255430112395,-0.0988617520274,0.85777947164,-2.08957190254,2.64340914776,0.706300918951,-2.80949664041,0.282187017289,0
0.540420733778,0.957313269523,-1.82051659056,-0.766695800788,0.459037246414,1.96631782434,1.73638604803,0.228666452542,1.34469125573,1.67217672459,1
-0.757452313286,2.7216910272,-0.310956177811,0.671042871251,1.32538905511,-0.12506698356,5.9673732257,0.416708479997,-0.29869969286,1.56312184809,0
-0.537051087267,0.32462367341,-0.571775260424,-1.18258194225,0.794464789153,0.555425479457,0.574010894992,-0.630484729158,0.240965533119,2.64122075923,0
-1.55062858439,1.54445649522,2.01409162723,-1.46377796566,0.986914710272,-0.0870553528871,0.429525959203,-1.2777136173,-0.00517185732277,2.07091971632,0
-0.853104405784,0.56653997111,0.490695582214,-6.53368463474,2.45128651574,-1.243199801,0.64428286181,0.588137810527,-0.627799544393,0.654034011161,0
0.0389275385949,0.26064491856,3.60202308425,0.273326861837,2.02842057493,0.23271186563,1.45947888587,0.892933007671,-1.56408050743,0.497006649388,1
0.526048895607,1.05738766168,-1.05330478491,-0.0016462180085,1.78597191243,0.0633611656901,2.24850396023,0.801071557223,-0.195065882593,1.08115795688,1
0.57355220254,0.529383239598,-2.28963141264,-1.75924720388,1.77093097604,-0.921141222299,1.97530870434,-0.990708947767,0.844321841691,1.11447043783,0
0.457308454842,0.630408191913,0.0931161087087,0.199905368282,2.67660899895,0.84291043608,1.98138849651,0.871602506053,-1.37561446799,2.97822824379,1
1.27398996456,0.581010429097,-0.0644962252364,-0.106109383912,0.201698604148,-0.329492257034,1.08079542159,-0.594721708791,-1.25693795148,2.99219407501,1
0.898306063717,0.70872542542,-0.821256193286,-3.26571441436,0.517903336063,1.43336877445,0.881855692842,-0.577887690206,2.60225092699,2.50969047619,1
1.2798843125,3.08437385625,0.789504399261,1.00127755188,0.794269005684,1.35149615295,0.340177467933,-1.93235046349,0.841684342107,1.37539909352,1
-3.48729977892,0.655943798235,1.7101235072,-0.850019195059,0.813529773037,-1.29976730631,0.411137854816,3.2720005718,-0.110415933098,2.59865758073,0
2.01939013062,0.745818454793,2.29434962134,0.0343102895378,0.0785759345635,-2.62213072521,1.43359974351,0.170227328839,-0.118071470881,0.226915875225,1
0.310533059524,1.08355099722,-1.35718050348,2.30632122544,1.27688387733,0.257615736681,0.220860107279,-0.75326233962,2.32612736564,2.63313577386,1
0.137026771147,0.743327270945,0.491136446516,-0.0611940881331,1.37180139003,0.633709204712,1.31512538851,2.3925491576,0.119720008408,1.2876110624,0
-0.651519903086,0.85042288359,0.668937551633,1.87373266031,2.02577449913,-1.66978305082,0.686138460653,-0.328868731581,1.26307715593,1.35242004638,1
-1.67568301345,0.364301093123,1.00662790917,0.552699302348,1.94476500131,-2.16900496327,0.446352519051,0.078047777088,0.0313235375604,1.72715915335,0
-1.22975018905,3.01245716019,1.21493623678,-0.68751157024,0.344522135701,0.242526411249,0.719486401886,-1.57766391384,0.44798401987,1.07239748239,0
-1.47869108622,0.398983064417,-0.374964298885,1.79872141466,1.32836886315,1.34673578843,0.832700110803,-0.52201570152,0.567731112881,2.40912670466,0
0.470712269524,0.152108938896,-0.0419920926358,0.11027102467,0.958159132554,-0.673659970006,1.38368347633,0.849850657702,0.414540647821,0.41126555894,1
-0.163558364938,0.589852383871,-0.581213158816,-1.07927575747,1.51969744609,0.0359363195523,1.57200834005,-1.14068695569,-0.271962189536,0.845744480608,0
-0.620890940831,0.125346863218,-1.92178439104,0.329694171615,0.174947247308,1.49860650387,0.514396966855,0.778541554736,0.563847259629,0.759651812294,1
-0.950389550547,1.00250467703,2.91355259078,-0.147030087188,0.63846867714,-0.432579690362,1.45778891037,-0.819683897162,-2.00490111597,1.35980983146,0
-0.864805817904,5.06520152721,-1.33084076927,1.11745490435,1.81400756051,-1.31832224673,1.89439057757,0.518187754737,-0.63883391509,1.1231703761,0
-1.12320926293,0.49624184058,-2.24450134409,0.535441666584,0.98312937466,1.28319523379,1.46299055129,-1.3142754031,0.520063997455,2.25541992433,0
1.89066974972,0.26682914446,-0.552387189174,1.37971657491,1.28310582717,0.229533364867,0.616878053944,2.4339586914,-1.54895281177,2.14004502017,1
-0.955026943101,0.610729444315,-0.820365261617,-0.596439117796,1.57926327838,-2.48389868529,1.57233800474,-1.60242895585,0.624625816092,3.37841644767,0
0.000732183423919,5.07293236021,0.696012322032,0.0364223200202,0.776766129337,0.191246812402,1.3875255313,1.3348314112,-0.273732472433,1.21795468817,0
0.411011397536,5.39093631836,-0.887559713368,-2.63761813877,0.460333939899,0.0857154508085,1.60058850476,1.06383293591,1.72927822972,0.576018630721,0
-0.826317105189,2.78837651633,1.06019181673,2.16344182443,0.428159664621,1.05245175659,1.17078979463,0.794822660296,-0.627336189074,1.26174828644,1
0.259453691026,1.35606445461,0.77869457885,-0.643870300417,0.853215520455,-1.16754888016,0.202627387319,-1.50807556451,3.70646831263,0.315844311907,1
-0.249826668803,2.88673399314,-0.113922521765,-0.0657103494032,1.62819663606,0.167570450472,0.122669468292,-3.01135712331,-0.0575456674422,1.95111667591,0
-0.313429636634,3.11464223303,-1.06787114583,2.9462022266,0.812547846952,0.400521404562,0.562424242144,-2.02139969054,0.698100057353,1.49850102908,0
0.744055556589,2.23862291494,-0.418810006076,1.46567742886,2.5034496242,0.507400053213,0.655601563645,0.268062725543,0.110286343104,1.52968748436,1
-1.58899038703,1.43350967419,1.78670423044,3.20645828994,1.13721478704,-0.429459387641,0.679750236,0.57731903453,-0.119145529776,2.87964529287,0
-0.939448517876,0.328329303966,-2.47188375404,1.89301626068,2.60731643364,-0.271942023574,1.09791507543,0.8643033966,-0.123467960951,0.910130600146,0
-0.54218621549,1.57265902541,-0.143251522365,-0.116060936625,1.43120986566,0.745609338895,0.554134529816,-2.0164072386,-0.679719511403,0.683106095618,0
0.43701022127,5.45337692392,-0.0793030614475,-0.415981339866,1.62758004974,-0.423851602174,1.20913370284,-2.47519859499,-0.559049439689,0.354227145505,0
-1.08457838052,1.08560678547,1.70494169273,1.76320172604,2.29992361312,-0.0484801341411,0.87224829051,-0.689337602283,-0.202631647725,2.45209471999,1
0.746759530065,4.29253754874,0.529760902967,-0.309295810261,0.969131149165,-0.958399052073,0.504524428986,1.67175671494,0.678722634152,1.80924573804,0
0.724797785082,0.385303010327,-1.65229435415,1.001930882,0.890385623782,0.328967497685,0.465892401625,0.0999626799745,2.10685071784,2.34584711562,1
0.502732140596,2.43753588437,0.334012010064,-2.81314044734,2.83600780459,-1.10715716742,0.457434841735,1.75714079141,5.03146231746,2.12530490025,0
-1.5156866337,0.844593811873,1.51141983324,-0.206674018663,2.8098385804,0.641236834122,3.87137712613,8.34789011735,0.437984955613,1.48682195939,0
0.0245355572151,1.01740370114,1.72755312517,-1.34964396675,1.1655227175,0.0442387368948,0.322981815275,-3.0572859774,1.10196851053,0.345627857416,1
-0.196491416975,2.65632459548,-0.525783304443,-0.059389660021,0.355981035351,0.131932200554,0.794405986556,5.42937959439,-0.492087832681,1.47160890233,0
1.43087579669,0.448956250135,0.942075092624,-0.263532877184,0.953351653185,1.38950574186,1.24013839328,-1.27820447154,0.272197029295,2.27039591133,1
-0.650617610852,0.984304495774,0.927935434319,0.142476164737,1.81695193142,0.761120738094,0.234910766474,-0.714464537196,-0.327602669395,0.535585530855,1
-0.825960170838,0.0943172899157,-0.553197705723,3.24110368018,0.409712068034,-0.810700952152,3.68669903566,1.41276784754,-1.35623964977,1.28604544971,1
-0.160101783163,4.10973792483,0.0668903955819,-0.149967071901,1.31904826307,-0.859341230406,0.927090240028,-1.44486657643,-0.314410626171,0.825993687577,0
1.41325345958,0.412814216572,-1.50118119913,-1.34339895566,2.92713340507,-0.416318495736,1.41966640104,-0.556958852917,-0.772007467969,0.739752968679,1
-0.798950964968,0.7112098085,-0.818689684023,0.0346103135884,0.255212266419,0.463154897506,8.29309436571,-1.20105256647,-0.329390946291,1.35825623908,0
-2.19159234762,0.747527712943,1.83913150297,0.278844981389,1.93817261923,-0.790150289806,0.342005316015,-0.341873752731,2.6819743631,2.14293113545,0
0.400865074364,0.299887917233,1.06033756778,1.73948400642,2.49340973624,0.196166228163,0.486233805015,0.497010034215,-1.00491956573,2.60642886083,1
-0.403211833717,1.0056964904,-1.50129260427,-1.82631772152,0.335532863216,0.154112411231,1.23863293318,1.23746642065,0.0472519210596,2.57511036921,0
0.451172202705,0.955729927382,-0.10113005785,-0.355971021828,1.77866344888,0.421056419767,1.70120758046,-1.48103023205,-0.0424175380404,0.258474285816,1
-2.29685018353,0.0520230213804,0.611858229866,0.675186663724,0.838881508255,0.337352233532,0.214765652317,0.160011399724,1.17035338046,1.52256923636,0
-0.179632707518,2.24811505108,-0.28597116818,1.31464722368,0.931102586289,0.0989884477771,1.38882166663,0.154600915684,0.285750429286,1.30340319242,0
-0.618586304573,0.493278865837,-1.736222209,-0.251804596655,1.88864874665,-0.079612035472,2.3266529308,-1.33030453094,-1.14432368332,0.930117172187,0
-0.830805276191,1.21049718218,0.420129893956,0.196637283719,1.06533559347,0.0614142121593,0.673069560453,-0.152000898928,0.0616927735072,2.23644643859,0
-1.41359609442,0.170420419776,-1.51931373269,-0.781738560123,1.05868089816,-1.28578724928,1.83719217468,5.86030893417,-2.50263227197,1.94253630753,0
1.23013487881,0.481889337413,0.710035560035,0.229820976052,2.06052180373,-3.36854333726,3.1470271109,-0.132039281776,-0.431290197901,0.480171627013,1
0.385542270441,0.839960266058,0.421909516391,0.00614908888429,0.352717480373,-0.168698852085,1.13814015097,0.246526848796,0.818444694487,1.92652562924,1
1.76982334884,7.80533752089,1.85659438853,-1.13671475687,2.14329162669,0.7506629164,3.30955816395,-0.450580281334,0.806052051075,1.7936824841,0
0.485017408123,4.07099137495,-0.108060316495,-2.39321302749,0.341977598865,-0.604176643118,0.615728291067,-0.255215562804,3.22001997831,0.50681587555,0
0.509232919392,3.12506544806,-0.491797578353,0.502827649729,0.17243400004,1.17755347596,0.536330127443,-2.32033943776,0.0549631874372,1.21776308893,0
0.321877586833,0.796369859762,0.888973481809,2.28561207355,1.69005662018,-0.355364745538,1.34907222969,-0.581994454108,1.61380507707,0.352866809252,1
-0.896560947222,0.564320409401,-0.885463380092,-0.00120008408973,0.116101231851,-0.194965480938,0.396086006047,-1.80041663108,-2.19118268707,3.4758639321,0
0.879203650765,1.64295045855,0.710794756582,0.626618694392,1.62583877855,-0.672123862919,1.43242127189,0.580888315693,-0.36169357869,1.44919168856,1
-1.78090844205,0.535571382693,0.137015893548,-0.0565547544278,0.380434609539,0.0274639306807,0.802155008473,3.30950155853,0.778870273988,1.80092876837,0
1.78257685674,13.3109429143,-0.0542900516551,1.09152424865,1.80264881654,-1.11507485448,2.08852585265,-3.6274175565,1.35082733153,2.56731731712,0
0.768850368599,0.884228567196,2.4287237615,0.172891363047,1.5533171579,0.871303224247,1.16083231575,0.515223012936,1.76665343363,1.23972215104,1
0.467598938061,1.31821228294,-0.983002886149,-1.89689476967,1.4933012897,0.0434155757416,2.08170122603,-0.3691582218,0.348813014686,1.48274057152,0
-0.411945607747,1.05975447342,0.456280209522,0.221092426097,2.26178009882,0.530264667203,1.23517496181,0.755674592663,1.87828128112,3.17496583196,0
0.297100377946,0.280813897342,0.452273331069,-0.128900917151,0.617508445245,-1.25713535391,2.54604589442,-0.206553581753,-0.119486457786,1.15140354054,0
0.593437095627,1.67254618421,0.476450296968,2.97188239195,0.729509727847,-0.756590745025,2.57364815132,0.74303994543,-0.840367813897,1.85273470418,1
-0.850903166037,0.976488328606,-0.876133555918,1.640041597,2.22517774207,-0.993002820145,2.07345850571,-1.14524677259,1.18569408226,0.802513699248,0
0.66570161312,0.7959755557,-0.0691209549644,0.0636997667283,0.839926867637,-1.52120691476,5.01207917823,0.0399689626558,0.287301580576,0.978325338342,0
0.390771018292,0.937410787519,0.66166432047,1.41257621531,0.156404942328,0.749198947847,1.03620083071,-1.71846615331,-0.546175324075,1.08178419701,1
0.444701087273,1.20388099136,1.67094452425,-0.118618723049,2.54034940349,0.525523720903,0.840842995812,1.41415385665,0.350112664286,1.75911742346,1
0.994108322089,2.90059765389,0.906534538012,2.18472989034,1.97684241757,0.903796040483,0.2238114662,0.618694208742,-0.0213365452321,0.567170155517,1
1.13755190527,3.3550091547,1.05174976771,-0.198433832501,1.44671294919,-0.190060702343,1.35528387408,0.110327682335,-0.0724747155191,1.4678096878,0
0.210633743362,0.660009454588,0.371881846219,0.795942086243,2.24973356464,-0.724194746631,0.25617847092,-0.341922620314,-1.31516377302,0.782927947613,1
-0.540118510105,0.764032828169,1.04255498228,0.0901806793508,1.06689099617,1.51426836176,2.55021426887,-0.192465688595,-0.0304652105884,0.570116464967,1
0.886111507931,0.648610316273,-0.357514705047,-1.19582790375,1.8086855757,0.726246321793,1.02999030974,-0.622789824464,-0.821325621305,0.907648254098,1
0.13217552214,0.755778244546,-0.239578363363,1.41769234438,0.593437656913,1.05566853208,2.32801142909,1.01790650894,1.17310860228,0.350525582992,1
0.374629725608,0.206535953286,0.610901170904,-0.394307337874,0.73760844981,-0.540100759583,0.45773367576,0.0184265583587,-0.0363795181677,1.36329276792,1
-0.399231743329,1.26983320664,-1.13419006071,1.24346049852,1.47967780504,1.23052108372,0.241913653731,-0.64212721238,-0.476766249066,1.96170461679,1
0.806769457359,1.29933897476,4.12420122898,-2.30892927285,2.45279289311,0.663040914297,1.12506203243,0.0292873128647,0.0221447461611,1.90746053704,1
-1.33576278357,0.0784965772921,-1.05900912324,-0.0577578620714,1.67400869581,0.165612325979,1.53001385634,0.724698758318,0.749976582022,2.11090991843,0
-1.14628337401,1.5292210486,0.537682434081,-0.198237929532,3.08271766263,1.05635405046,0.365244353852,-1.1463185477,-1.80444740637,1.65007617901,0
1.34278987386,0.384503506931,-1.20824199338,1.15844095195,0.790653660775,2.21977560791,0.747583665283,0.638220121081,0.380683852207,0.470089490638,1
0.807280010865,1.53263154863,0.921003557,-1.07851073375,0.659715088301,1.88286181677,0.204512044225,-0.508646216772,-0.075936821171,0.938356043272,1
-0.726899346612,0.0568010212527,-0.374144397188,0.112522694842,0.654511252892,-0.637497794758,0.149979926594,-1.91935676441,0.0327302755928,0.812073030456,1
-0.870610036065,5.22958548324,1.04918469171,-1.97383681285,2.01724731134,0.394521929235,0.636751711765,1.54725985715,2.58939016789,0.727283362185,0
0.661242973964,0.897021132635,-0.226800907249,1.47549644041,1.37156977148,0.111680612343,0.830065198643,0.502397787428,-0.0861277691603,1.36029346155,1
0.732696164892,1.60666585151,0.522947774294,3.44062592618,0.893792285031,0.866090202959,4.01231480122,-0.973858787549,-0.0305191556043,4.05967065371,1
1.20324789725,0.674050595822,0.321147140233,-0.60467160816,1.56244804649,-0.121779887365,2.14434208248,-0.696518715253,0.459059414764,0.821695554433,1
0.702261598531,2.09027697014,0.29826433126,0.289661825887,3.49591149541,-0.61960764102,1.63084032494,-0.718962291738,-2.39376572218,1.92859775558,0
-1.1427369596,1.200637347,-3.14549602141,0.0269021163827,1.63579188265,1.09985506846,0.664455774729,2.09831952484,0.393527569067,1.52951546695,0
0.712941787372,1.38027367302,-0.82215794512,1.97711764355,2.38648821293,2.49007219202,0.989632307065,0.329246314898,-1.33532935996,0.749277610955,1
-1.69159203135,0.390942652192,-0.549604165666,0.189085738198,1.74171992923,1.37117084366,0.390272026413,0.285816892504,-0.180183200574,0.963445960854,0
-1.15388714821,3.75000025248,1.54378108137,-0.1614161665,1.83720253351,0.0398876608182,0.442369021428,1.00654796398,-0.0881285635706,1.56578942956,0
-1.52207859319,0.92754887338,0.515420022409,-1.91714566562,2.22438097181,1.8712344646,1.50289448621,-1.21255451324,-0.916488938682,2.84502555222,0
1.06312831958,1.0507290046,-0.117744856294,0.46280471828,1.18551978917,-1.69523176883,2.23777673091,4.69008295366,0.854944903547,1.12955562958,1
0.819401595376,1.80588959055,0.224107516719,-0.258177902923,1.10489605009,1.24942563537,0.359547490138,0.279369674307,-1.67663630226,0.582274323645,1
0.192699129343,0.434134648312,-0.57136303486,3.58688640302,0.968995300805,-0.0418190040359,1.61605045522,-0.07761671259,-0.118496978716,1.24967715435,1
0.0463776499444,1.00028114769,0.425209355025,0.181057592415,2.5552003067,-1.02028430162,2.41368443052,-0.178195448746,-1.281734643,0.459334841916,0
-0.0466176171004,1.34603584579,0.0467233072494,4.46425200059,1.33900087915,-1.10131869843,1.49712225404,-1.53683120888,0.170235514507,0.375482826196,1
-0.243649448377,0.760579941465,-0.636269208865,1.59572559976,0.970680078968,0.936091668682,0.692462699694,-1.21066628799,0.368584114325,1.18349839691,1
0.0431890653434,3.38036165613,-0.100365276921,0.463941333605,0.449116909653,-1.45608605667,0.173085348538,-0.233054355249,0.638989137801,1.05850425635,0
-0.892879086794,1.1182701548,-0.46087120411,-1.10956506267,2.65006792158,1.81920794161,1.34203670972,1.69121403324,-2.13844348118,0.74653762892,0
0.480432771764,4.4966633056,-0.00161029565023,0.442138922116,1.80216664983,-1.22339518222,0.548065492605,-0.029086306885,0.769293116559,1.37308578657,0
-0.0492356912851,0.239455679266,0.314344902167,-0.566323570052,1.28527775645,1.05833019444,0.537980433066,0.245422289763,2.4682156338,3.54020642407,1
-0.566204388873,0.798860436562,-1.34938540529,-0.294665249765,1.07386633614,0.479965966256,2.675861616,0.26650778154,0.149677484701,1.29237598742,0
-1.11069786714,1.84516999977,-0.852731044558,-0.142700355937,1.68722623694,0.778894678693,5.24428157301,1.18330230891,0.188221693947,0.491150288701,0
-0.663052668068,0.41173062673,0.598644172523,1.12977598995,1.46229001624,-1.17060321703,0.606595120626,0.79127729862,0.176382041079,0.29447750831,0
-1.21704930212,1.27838262795,0.510799940136,0.0775105727761,1.20430076862,-1.46845998209,1.95503751975,-0.972573236967,0.225045628106,1.80610702247,0
-1.13044102513,0.888853050551,0.486301510773,0.900377184616,2.07788909524,0.527959695453,0.349974405179,0.189502334469,-0.182175144815,1.21884003935,1
-0.341036517602,1.5758773153,1.30855564174,1.73785341669,0.819117053093,-1.0457320958,2.11186950453,-0.636405578536,0.33576187329,0.682211419945,1
0.575524616822,1.21549742899,-0.120594637391,1.22289773019,1.38099685484,0.313932912969,0.218466485863,0.165175346836,-0.6206411603,2.52586493449,1
1.30172948784,1.19150073441,1.69510825455,-1.02353247556,1.00938634858,0.0431556067047,0.859291826836,1.55541003191,-0.330584167913,0.616843099393,1
-0.312261901829,0.116888900132,1.30914754202,1.46256127292,1.96572341904,-0.761516524617,1.27268916315,-0.843215850761,-0.688361598069,1.0557490283,1
1.67496320756,0.438516360293,-0.491251247183,0.0268994138326,1.27901746776,-0.726235321501,1.00853226084,0.310954594526,0.525032694083,0.940295061256,1
-1.33616734391,4.29278737252,1.17516290306,0.279210049793,0.83960794811,0.310824045691,1.4222773658,0.602643260989,-0.743310274494,0.513672018661,0
0.19451903931,1.97166828816,0.0993309749222,-0.911385629744,2.82271362646,0.0185652456747,0.466972375058,1.55691344326,0.690600775017,0.669020838909,0
-0.994700523784,0.731346402934,-1.20137709974,0.030925815773,0.542391645824,0.379298220152,2.88821209721,0.559267796965,1.01437183131,2.04032007275,0
0.474637998387,3.01818380269,1.13337246569,0.0530629240645,0.405792207561,1.5005352778,1.49704490626,0.722010660448,-1.10376748598,0.84000394724,1
1.48823812613,0.83176013915,-0.664716859187,-0.121033810559,1.79761672119,1.48206498645,2.67792165782,-0.972822758608,-0.357809818113,3.20323443671,1
-1.41944129754,2.34356023151,1.39740656187,1.35000314472,1.68922724789,0.896865750912,0.449250394766,-0.682984363583,-1.2928264564,0.838524662157,0
0.718032194178,0.1922262287,-2.354467687,3.38742016768,1.64324805165,0.867391125828,0.115197184069,0.172806769553,-0.176911711178,0.372206741379,1
-0.0895530873976,1.56097214728,-0.0817907261273,-0.891674873443,1.23327385996,0.620454117064,0.193914199047,-0.642266352082,2.30981573799,0.826013501864,0
-0.115679690374,1.62908465784,-3.02525465403,0.94685549067,2.00311060941,0.6260544165,2.87492709508,-2.59999420762,-1.1999697615,1.85119087771,0
0.800607908092,2.1213683354,2.48889121988,0.341405031471,1.35585868793,0.884402561241,1.99459699954,0.59615397523,-0.194450874217,1.00746030047,1
-0.417961915879,0.735752065933,0.817384032581,-1.18497516221,1.55082671474,-0.103132156739,1.19090526673,-0.908839903225,1.01223291524,0.639977988411,0
-1.37808940695,0.375205292339,0.00118870872606,-0.636574886827,0.86223821243,1.69082169447,1.49993259117,-0.217351086569,-4.0444108272,1.8894032141,0
-0.0249687503419,2.12703802885,-1.37975098373,-0.0183024286868,0.622128357953,-0.175966550315,0.374703362291,-0.146892247339,-0.670964046631,2.00598726858,0
0.53398597198,3.06419452588,2.19622093198,1.8927666367,1.88311794812,0.241640000465,1.56009811175,0.00886268687776,-1.05642461899,1.57878743733,1
1.70025307344,0.76110467901,1.2621867145,1.23371687118,2.82444096213,0.256576494837,0.976635966795,-1.94271861691,-0.353901200094,2.60949753627,1
-0.939010253459,0.383471010858,-0.42768015223,-1.31601333658,0.801819272934,2.45808862391,5.88051009116,-0.0184175447492,-0.45894732139,2.10307670332,0
-0.851400074928,0.710857288742,0.939657645383,-0.436533003437,2.04111219717,-0.705159218917,0.960376517016,-0.805270864969,0.0735013382158,1.98205737073,0
-0.60003984116,0.13140548208,3.60353178258,1.11430134484,1.81169386778,-0.271067246189,0.989843466625,-0.128428250893,1.75371432086,1.07541968871,1
-1.84432182144,1.81004712822,-0.138734269215,-1.37470811147,2.77185031194,-1.94514375534,0.390846092612,1.04399453382,5.09096981114,2.52019984598,0
-0.731992935123,1.02467788226,-1.31719234782,-0.123841869464,0.571320921928,-1.53352896121,0.987467619024,-0.640822261054,0.129526857634,1.53932488774,0
-1.10603675595,0.130795103499,-1.59739127179,0.176555223904,1.77707141939,-0.710551191006,0.860963953935,-0.0481229411572,3.40356501419,0.152739403171,0
-0.676358466777,1.71111756721,-0.00953908134085,-0.211781987176,0.795239065081,-0.183003883649,0.249605320512,1.35234596143,0.884144711009,2.43245607759,0
0.341801610639,2.49104658806,5.6140780105,-0.903278184121,1.24089923632,0.68506710187,4.18061861533,-0.0437661984982,0.75505027832,2.35194664495,1
0.256254913561,0.25454665019,2.50201813552,-0.878043708814,1.77982234403,-0.964345888992,0.325104539337,1.53144214302,-2.64015950709,2.15705284241,1
0.70878662605,1.58490144895,0.166522489718,-0.365212615017,1.04572211585,0.284387833341,0.337131500244,-0.497754510314,-0.496918589757,1.90514949076,1
0.363104395088,1.82791374175,1.08570126991,0.274026649859,2.61387584352,-2.58115719572,0.484858637576,1.19992958251,0.639145443214,1.92564617061,1
-0.999437170678,1.20062853396,0.13604590921,-0.166118903168,0.776077021554,0.195299092738,3.89085546782,-0.0708251395644,-1.88040006183,1.70959690193,0
-0.736488004924,0.52363640216,-2.94252014111,-1.2434189611,2.41289123499,-0.859308213706,1.20177524273,-0.525624351066,-1.52267771279,2.2078745305,0
1.35951481179,1.52841144957,-1.04018448134,0.040899549063,3.70431630202,0.854309325566,1.08878525202,0.0864728272322,-0.212515701454,1.42606798516,0
-1.52209166072,2.6534059072,1.26067529652,-0.0229508723531,0.506380115939,1.20896125742,3.97186626862,0.669478884916,-5.54064988615,1.76201025439,0
-0.631897822171,0.225125240682,-0.126392153414,-0.157026422763,2.05935627434,-0.439830156345,0.48507144587,-1.02574240593,2.14893908525,2.49484429886,0
1.20645747538,0.660648725272,0.479159167656,-0.722520011499,2.08397164304,-0.732975242884,0.308671572068,-3.0067921722,2.0500044638,1.80039712992,1
3.24382969803,1.43739229748,1.11843778786,0.201326458964,2.69017033453,-0.698568948924,1.82848684494,0.338208618345,-0.443227628004,1.90777604609,1
-1.80737661819,1.15733121768,1.18296618592,0.642541751507,0.131831154949,1.68027292943,1.20705499168,-1.43976255523,-0.281907836547,1.03496289135,0
-0.280770447599,0.447794439373,2.94102560653,2.74702123406,0.118332532823,-0.944810036122,1.27496213292,1.14083855852,0.039762500655,1.7569464871,1
1.32956328169,0.698990854531,-0.942812562103,0.670091194369,1.42516451655,0.72075606499,0.460824829763,1.52406650854,-0.351788037283,0.395062257299,1
-0.571844010051,0.67567885138,0.462930334447,-0.539361411247,1.37844912977,0.552176571798,1.6563927791,-0.423364682484,-0.249415268973,2.06191603251,0
1.56038323021,1.84504768495,-1.19031294717,0.607443656123,2.0315790926,0.407915727566,1.80031440779,-0.545195977118,-0.652472656343,1.68133653349,1
-1.20511590057,1.59346314374,1.46552492841,0.145855986497,2.19635911169,-1.86679261271,0.580678104222,-0.104410962939,0.0700237148976,2.04932847208,0
-0.497351642401,1.04165344315,-0.513754039111,2.82099189271,0.588026035236,1.89608087559,0.65097988635,-0.527781481063,-0.0494023741057,0.470530789318,1
0.443440735742,1.95894050124,-0.484747227759,-0.941019592856,1.10733793627,-0.796043917505,0.408999190238,-1.56007974803,-0.556371873197,0.20439646539,0
0.221812904444,3.41457150978,2.21690759931,-0.785231733991,2.8847990971,-0.879382540852,0.556977917322,1.21785711124,-0.285672923665,0.692952589913,0
-1.91202206152,2.26793598819,0.32774307592,-1.26489598725,1.65273355873,-1.77943631625,2.59252902598,0.037385779604,-1.6763671369,0.856998282191,0
-1.31745637827,1.22478499705,1.61965984718,-0.934134502429,0.981909508807,1.26651486154,3.3723188438,2.10886822226,-1.69690141074,2.65066616447,0
0.12820059099,0.768509618286,1.31708789109,-0.611790428081,2.28947952294,-0.671622657186,0.58016272663,-2.439928132,-0.656090100154,1.17638961882,1
1.50010034348,0.983847858566,1.16045971241,-0.217714752156,1.68323773335,-1.85021488342,8.50793107466,0.544734478128,-0.0671935841413,2.47245924711,1
-0.461859056196,1.40248678562,0.582825047319,-2.05781395516,2.28197663552,0.14310189245,1.91145420933,-1.39777951602,-0.0617127115301,0.951744940084,0
-0.935844363166,1.86712270177,2.43061305555,0.470438573273,1.74571847656,-0.432295451231,0.924359880241,0.38937577438,-2.2371915494,1.31054353334,0
0.49933928659,3.75455130221,1.77431365748,-0.215934740835,1.22570549843,-1.13022984778,1.72646252959,0.245353608545,-2.93971708909,0.565786140054,0
-0.559683808645,3.25263325872,2.3591121254,-0.0675311770071,0.870499312406,-0.594570004371,3.89121169755,1.35298229718,-0.986076231474,1.07210705185,0
-1.10775114702,4.77601077035,0.746357950256,-0.970479576733,1.35761124204,1.13285538741,0.911817541195,-0.336445226158,0.0782083765876,2.95118537171,0
-0.671020733095,0.400224242575,-3.89793301972,0.337279704805,0.394233076782,2.10840737449,2.36520815961,-1.13707459914,2.43128707304,0.668088617956,0
0.112215473049,3.44929558565,1.37394660939,0.799530473274,0.890486753593,1.73782227518,0.462873239968,-0.00757258829195,-0.991613516252,1.72400487984,1
0.986141874212,0.0864646545323,2.66079849994,2.04888581945,1.10694590286,0.0355698118199,0.654639490525,1.56491977918,0.583973585917,1.1250304116,1
-2.36601970864,0.435669060911,-0.825513109603,-0.156922161673,1.24464149651,-0.863783855614,1.51283015727,-0.421241702576,-0.238375394965,2.18514256379,0
0.557325629344,1.27884751766,2.28092516949,2.67144013052,0.9553713308,0.527782755054,1.00289572829,0.283303266383,0.295989106312,0.403618120419,1
-1.22304403453,1.21021818919,-1.67875685166,-0.697830963635,2.18300450362,-0.69198106323,0.76611237477,3.36706190209,-0.324416395276,1.88968760585,0
1.64225662986,2.61423007856,0.237685744193,2.5830672002,1.26112131299,0.796583709884,1.84813787112,0.0571688666705,-1.3741655243,1.01878582724,1
2.22697383477,0.921913060881,1.06138269325,0.535581731429,1.46700602357,0.539542915592,0.820017406046,-4.00459347622,1.36692716237,1.24489320099,1
0.825261192983,2.0779312947,-0.408624410671,-1.32350000678,0.99614650427,-0.137159505391,0.496883811754,-3.22249900253,0.147875343951,1.91809013509,1
-2.3525292049,0.869662369112,0.88313388307,0.0574652619467,1.08061409494,-1.93748348203,1.3065225384,0.501159191952,-0.173418885281,1.68309500415,0
-1.62041170136,1.01455023708,-0.81721401157,2.76413227269,1.68997509572,-0.294601650937,0.656363529595,-1.42002006694,1.02549816669,0.919766438094,0
-0.268639076603,5.31177894731,-0.100590631473,0.782795786753,1.1254723802,-0.275490642774,0.847181166258,0.26508031674,-1.50226475051,1.82844928449,0
-1.06786510367,4.55966422438,0.930212559218,-0.16333098384,0.990873375619,-1.62960372829,0.401328228662,-0.330086355572,-0.0751741737197,1.64605675341,0
0.188171713702,1.55884532388,-0.252555151931,1.24394707329,0.945319635081,0.230944389676,0.522868905266,-0.501248574093,-4.33009310579,0.172185787142,1
0.271846050009,1.72689880357,-0.832696375447,0.402531650862,1.32454495071,-0.73164645382,0.477692025883,-1.10564268058,0.0374603405022,1.19712422243,0
-0.97068250594,2.42341614962,0.396450029826,-0.0147799623663,1.44729433147,0.609252627923,4.16288823461,0.470209876533,-0.399997002348,0.268846776272,0
-0.46873035689,0.811323330497,-0.443044377929,-0.269458523416,1.98668040588,-0.550070515007,1.23741457537,-0.335375232097,0.360116839573,0.944074448374,0
