x1,x2,x3,x4,x5,x6,x7,x8,x9,x10,target
0.347800323046,-0.200914595569,-0.0524397449045,1.89206347289,0.162309673166,2.47490733667,-1.25325603579,1.94327250619,2.91823424629,0.667597591374,1
0.6923370451,2.27922240637,-0.406434913856,0.935348447009,-1.04987763546,-2.85781792923,2.10625127194,0.670194926448,1.21129487723,-1.15167075432,0
0.10252550762,-0.618607232185,0.53969483602,0.697314621071,-0.311785834966,-1.30227836973,0.825652368139,2.15840501821,2.68712470468,1.424982426,1
0.117769410673,0.0101927069647,-0.799097870661,0.0990293839569,0.23100771028,-1.44129790379,0.420822288222,0.160155749208,-0.994464257297,-1.11011090196,0
-3.65482129963,-0.792224697354,-0.945793101611,-2.15899422654,2.97651514204,-8.97418356758,5.96277116501,2.70314753071,4.11459393371,1.03031933873,0
-0.243522692311,0.0475015163489,0.260038052561,-0.320317646652,-0.0532133843312,-0.66954180874,1.27548841466,-3.13979372527,-1.4908382297,0.585450890802,0
-0.0986185459399,0.0830998368893,-0.00543982608864,0.183977885631,0.717996396252,-0.845026523834,-0.716209253487,-0.955391259231,-2.41693762689,-1.34868076741,0
-0.0165531434579,-0.0903457834214,-0.55268787778,0.192723354596,0.391905101343,-0.0394346234066,-1.00430889289,0.707186707972,-1.06860405787,0.163777498245,1
-0.231712042431,-0.282226484335,-0.877926886959,-0.509682697149,-0.769563102232,-0.0138391528201,0.639217220611,0.0397995969189,2.48827726831,-1.51716924988,1
-0.0364650412756,0.00396950036487,-0.0497691514562,0.17857386379,0.812510277804,0.211595330095,0.209033024308,-0.822119860719,1.57418619912,0.0582300006503,0
-1.50846208771,0.184716647051,-1.98063989007,-3.37087925714,6.3756226618,0.398225568506,-1.18975315757,0.501479747263,0.579846091151,-5.43437969664,0
-0.352678312716,-0.371927829896,0.187713040318,0.741881967678,0.358440459421,2.268437642,-2.59904524425,-1.69574492803,-1.18048195256,0.0477590547,1
0.284909547717,-0.501124596794,0.367786321645,-2.29421630009,0.214455714234,0.121797753833,-1.04725409592,-0.28422003149,0.175695608308,3.32708794704,1
0.0450973480457,0.296870957342,-0.345572820981,-0.194020948245,-0.19249971835,-0.983736535542,0.716773553203,-0.621238172063,0.434670547768,0.74483093134,0
0.142455981119,-0.79181258354,1.35257966424,-0.206172777549,1.07757716163,0.344538106604,1.85007086064,1.59956620918,-3.25285725117,-0.0500605113067,1
0.0690406302985,0.2476687473,0.169745086061,0.321159023069,0.339946581132,-0.656600115129,0.985337631753,0.79513893684,0.176808818036,1.18110684948,1
-1.08982777477,0.995686160039,0.538309347871,-0.548048839175,-0.337035185793,-2.80883930259,-0.555727444447,-3.56239350656,1.8800859782,-1.78760980891,0
-3.16440402361,1.57971295039,-1.20677593896,5.48355394209,-0.808782245213,5.80514104989,3.02235689912,4.83797389641,2.9937065585,5.65323578643,0
-0.969311923631,0.120262150339,0.353497905379,1.24304276494,0.391764766663,2.03432962761,2.57367843643,-0.255824065109,8.02891143446,-0.803442218483,0
-0.608953009963,0.939751292338,-0.212249749482,1.79459764445,1.37848165233,1.9709531441,0.425191760807,3.3514625583,2.81041516778,-1.59072011428,0
-0.904798034684,-0.315112428231,0.703371490554,1.45669801013,-0.623881178128,0.309855668879,-3.3214856939,1.91668970337,-1.76389507311,2.9996532,1
0.0247628448696,0.220564217466,-0.0261842528315,-0.446103666358,0.0843758703197,0.538550103506,-0.175528090238,0.193939350079,-1.39033537736,-0.359125466868,0
-0.394877195243,0.192988113888,0.778675733057,-1.14602853764,-0.325443362188,0.821174770534,-2.9052716828,0.225749391789,0.716521319226,1.70460163446,0
-0.190480887273,-0.534481664028,-0.301524830609,0.822924976273,-0.753252777777,0.259635614855,-1.984888348,-2.40031268145,-0.838544096715,1.53866725263,1
0.0884773349684,0.746774843458,-0.213358625377,-0.499491513601,-0.15638751458,0.333559748028,1.03019495067,-1.61708514739,1.79108848462,-0.456322267097,0
-1.00655792309,0.420525001025,-2.08762060632,0.48904211803,0.307349551259,-0.952821383321,-3.59973779571,0.0857756836135,0.895193650674,-0.105879456535,0
-0.366560652171,0.29305785088,0.229477698185,-0.00396648186976,0.660043718174,0.615562165061,2.50275737942,0.0952058380357,-0.477041081852,0.0874826346074,0
2.6703559135,-1.902087871,-2.3217237708,1.12373459323,-0.137555915178,-1.63013912699,-0.263461219042,-1.10858561836,0.588850593019,4.16477289858,1
-0.393664099501,0.0885449075019,0.413730361639,-0.251224922606,-1.65875166476,0.0880923451192,3.34456458286,-1.99408723212,0.559145924627,0.971528160528,0
0.388417679018,0.859272223552,-1.69277120572,-1.12584821397,0.87376021946,1.26437271466,-0.736536472062,2.47542892012,-1.31740998643,1.05154490688,0
-0.0297578759977,0.449270308248,0.40282276885,-0.0818249637251,0.136090231026,-0.301950921798,0.0132230266545,-0.426523145686,0.291167576958,1.21373686472,1
-0.860828653463,-0.626970692169,0.335421708829,2.68467588451,-0.633237787413,-1.80350579195,0.827241175467,0.664063241544,7.03614718848,3.82082421512,0
-1.10997416231,-0.201581399472,-0.272386662611,1.18017188409,0.528324226609,1.27780876382,-0.0851325074725,0.822136901068,-3.66739423194,-0.932694672083,0
0.201729136492,-0.675218992481,0.61346944385,-0.0631772030284,0.734226548352,-0.880935980467,-2.23070128997,-0.587593839076,0.687380154466,0.611152325989,1
-0.240853250051,-0.219628891561,-0.342607528284,-0.0202787443904,-0.689780110825,-0.475655625909,-1.62001867362,-0.665576419767,-1.76058532851,-2.21945819057,0
0.07354575463,0.258872341776,0.309992501153,0.476689246399,0.736736394607,0.826314481258,-1.5408974014,-1.02562335668,2.71989154316,1.28126525698,1
1.19334331601,-0.10046365695,-0.546754969791,0.387029272935,-3.14336920895,-1.09826911275,-0.438954196611,-1.46000716054,-3.64608381576,-2.29660786371,1
-1.02037572401,-1.04893105745,-1.04444898836,0.909378770752,-3.72868934209,1.35455601577,0.69569026679,3.46012918926,-1.44695280578,3.45520111096,0
-0.919736464048,1.23169958925,-1.42740152875,-2.04470563226,0.189828181852,1.72186923038,-3.73557278756,1.22873911317,4.70165894354,-0.128478226868,0
-1.31401557943,1.19497120451,0.306759309975,3.62396956842,-0.662960481629,3.81843992653,3.20322532759,2.99539594773,-1.18563051214,-4.37789538251,0
0.724925000238,0.342283203397,-1.14434020125,-0.333244582587,1.73424586694,2.75901187127,-1.83321106981,-0.233364121531,1.14771045607,3.83876369005,1
-0.281633856184,0.298548862269,-1.18698322658,-1.24773327633,0.367962683097,-1.61123597707,2.00993768223,-0.165914102006,-0.786917311106,-3.64462815046,0
-0.0577719777124,0.116034296478,0.0719496548941,0.118030159047,0.658652802866,0.66324950954,1.51667263949,1.00553314846,1.36911828749,-0.316416671027,0
0.00111803658514,-0.0909679732488,0.00427430090321,0.0455666736455,-0.35466366536,0.0131386090141,0.564587585061,0.339935061629,-0.511749954678,-0.188411614168,0
0.000417503991648,0.0556803194479,0.369530321935,-0.0568978727808,-0.115513067077,1.06693053097,-0.161797623951,-0.379187649751,-0.799550934254,0.597329819015,1
1.88499211038,-2.02491449233,0.710179921117,3.461173433,2.14567515478,3.11513349403,-0.564317425633,-4.00203146318,-1.88222668479,1.21593737502,1
1.57790914404,0.266877189542,-0.520107096587,-2.67200709118,2.5962794374,-2.42295088512,1.38884299339,8.40497187773,-5.67359093947,2.4099777047,1
0.187446743616,-0.169196682084,0.433401671281,-1.02120446118,0.290152970812,0.258619279093,-0.489835720717,-1.39941025509,1.32557355853,-2.12028902729,1
0.0775543702027,0.0204655155097,0.431617596556,0.928126745538,-1.06805575322,-0.285792209431,1.13948332695,0.22351665803,-0.130626320779,3.12098703093,1
0.0667043913886,-0.0268026401521,-0.295918014109,0.346843768113,-0.36073559003,-2.01194639953,-0.739459153715,1.28896021093,-1.16192932674,2.14596404635,1
-0.13092168552,-0.55182692058,-0.310172324721,0.0785355996978,0.953537980279,-1.50310410751,-0.613466271577,-0.058715053257,0.360500184279,-0.571077627819,0
0.624204100801,-0.642699016701,-0.180848112662,2.17431294033,-0.25615797048,-1.17637876201,0.0596706534878,-2.11947544252,0.391219708403,0.886271586123,1
0.915714637175,-0.440715588737,0.998511160805,0.179821600607,-2.23472965156,1.16394310637,-1.94776762108,-0.233678212535,-1.78563364913,4.06761371026,1
-0.582258209918,1.61735778076,0.986276928134,0.222650928754,-0.791345770521,-2.7251235245,1.93963179103,0.00913223320803,-0.0328039025056,-2.38248815576,0
-0.013726744683,-0.254160820671,-0.0754378124455,-0.0417405873727,-0.172630632317,0.313465812683,0.954208378301,0.342990343138,0.488120915967,-0.623841694062,0
-0.738683305731,-1.11154609829,-0.730988532513,0.517323239565,-1.6257811284,0.508302478902,1.35014439444,-5.51990294124,6.05198533293,-1.35912517394,0
-0.165567379381,0.193726189202,-0.408214421765,0.129411669573,-0.951772042027,0.107548050439,2.33044553075,1.07523629236,1.00533908831,0.976652542025,0
-0.367553790636,-0.204488118278,-0.0636087020995,0.266340662268,-1.00141795395,-1.54678310792,1.92535168893,-0.196112699013,1.15318880935,3.30893556429,0
-0.83997731752,0.129050253507,-0.928656864932,-1.74036343349,0.147868335425,1.56590765395,-1.37044795795,-0.76127673278,0.580832822987,5.52609558424,0
-0.774107965233,-0.125623028899,-1.45296679441,1.02659035385,2.5993344494,-0.440027772543,-2.48633533888,-3.81553578405,1.47964345542,4.98005633583,0
0.0901817569902,-0.160214811167,0.313273279386,-0.209952792157,0.682313348107,0.822710815107,1.46099064511,0.159603958085,-0.947164665304,0.733491226184,0
-0.667983097085,0.13915272191,0.143433717227,1.48983825486,1.18092162432,0.343699123792,1.25533682272,-0.544635998949,0.0730018438641,-1.63021079409,0
0.746231246425,0.245219038692,0.115295095529,0.148554444547,-2.9991502576,-1.40997956016,-2.43601662713,0.0709100982112,2.35342636958,0.719920523244,1
0.680567479901,1.11723963348,0.396356623573,-2.13652608607,1.64821658912,-2.51519014167,-0.461571777666,-1.14954314168,-0.566718392681,3.36702545,0
0.00297993886957,-0.0917613003654,-0.315655745738,0.0111333631782,-0.0482323423287,-0.661784977095,0.320445464288,0.732018261437,-0.132372653996,0.593702770706,0
0.189506537574,0.123434928155,0.969408837028,0.204341100317,0.0876001503664,-1.0525919463,1.08294214456,1.4817387518,0.630865917557,-3.11540443462,1
-0.119240624411,0.326848122892,-0.0123525414192,-0.161875721336,1.19935035458,0.618825336682,1.26933481819,1.11665996848,-0.0519086232962,-0.930756695541,0
-0.103158587053,0.280402527025,0.41751330117,0.0874938932502,-0.0305869207601,-1.50789596873,1.4194113856,-2.21413933111,-0.150965283565,1.11987442168,0
-0.127117592785,-0.228119722689,0.55017019571,-0.275208224572,0.381998012886,-1.1478913774,1.71327346043,0.445367836597,-0.901100457492,1.11001339138,0
0.0807388229355,0.0677553738341,0.239942037559,-0.951565043035,0.529250525045,0.678496704089,-0.765142551248,-0.891025305092,0.86485468392,-0.537961930656,1
-1.24735765949,0.0933820428411,0.0805559780879,0.869767743525,4.0294891533,-2.70063893573,3.11479848097,-0.500387116641,3.0998978056,0.321389810422,0
-0.42122503163,0.220573174204,-0.252351689765,0.872735610887,-0.96608343286,-2.83226179756,1.96821894564,-1.76944122828,-1.10802013421,-1.60545583004,0
-0.183003917705,0.510727156755,0.833721756851,-0.358021116788,1.36999000255,0.278707834296,3.21791428459,-3.14495377163,0.204386171119,1.26763686687,0
-0.0104864984822,-0.156805488977,-0.21853619233,0.13243632462,-0.270445070557,-0.856882821373,0.802610892825,-0.0194737946891,0.749165069354,0.847382079081,1
0.0207471303297,-0.0799440433044,0.358412837047,0.587291474095,-0.266285743918,-0.269657105588,0.0525608101694,0.140421944394,-1.11183254027,0.894698909703,0
0.100718826078,0.520478233561,0.487690303274,-0.577521342312,-0.0859313957382,-0.819846513654,-0.516477385626,-0.953920489419,3.49063051393,-1.06538214096,1
-5.34721328712,-0.412517457127,-0.318590631723,6.04807892871,-0.226331021867,-2.10301579732,-8.76291516753,3.6227293485,-8.40967525726,-12.4938224278,0
-0.263284822187,-0.0233934665031,-0.891851946963,0.909243820824,-1.84238164285,-2.7294232516,1.47706786387,-1.17335732543,-1.08397949515,-0.781533169321,0
-0.0450341639845,0.286872433032,0.0422686392115,-0.0337929408511,-0.474154755192,0.585674321146,-0.166472660052,-0.294565918651,0.958343472423,0.51800600452,0
-1.0887330864,-0.459081809269,0.835584175416,-0.0707350682585,2.97354040824,-0.156864434105,3.3407298326,-7.37479842661,-2.27162810254,-3.34000101867,0
-0.870760292682,0.540352305166,0.898117967629,1.62496222976,-0.180056152229,-1.19979616942,2.52207441208,0.350832298121,4.38733667641,3.75797452243,0
0.0164714156705,-0.336965870431,0.460061770432,0.336460329142,0.0936337897206,-0.171612595632,-0.39028414329,-0.411372857169,-1.17273069797,0.211029313765,1
-0.594290638659,0.104665109693,0.77642050816,-0.506773832526,0.740716479593,-0.501867527031,2.76157688125,2.19219801189,1.09161786417,-0.596308536386,0
-0.321146871712,0.660237312371,2.0983711641,-0.344708184976,1.11535019852,0.0717460869981,-2.74839006267,0.798206463445,1.82903890321,-0.124475917271,0
-0.0371991706822,0.0497404506254,-0.350220908542,-0.0987353663755,-0.733817908633,0.681159757153,0.0186428315493,-0.0593101439384,-0.647706017526,0.86981730043,0
0.0888972449521,0.052233808469,0.0888262584858,-0.203591423428,-1.01699265865,1.09966900953,2.03067795868,-0.0523463800128,0.428477827459,0.902648713101,1
-0.682106360527,-1.01364378724,1.17967500726,-1.55648151177,-1.25834298453,0.0552790268733,-0.625409438768,0.882861884907,0.549786284056,-0.357079067041,0
-0.0435437382797,0.408954767445,-0.271663033872,0.635062710979,-0.0792245006507,-0.915702099614,0.185228241019,-1.09594761979,0.290053080705,1.01895016952,0
-0.375613383028,-0.769666257476,0.336801638754,0.847953231208,0.327341796245,-0.225501920473,-1.97187949754,-0.859897692651,-1.05829217959,1.85095108428,1
-0.488628922295,-0.862703885423,-2.37571642059,0.00382660275373,-0.760415190129,-1.68622998092,-0.56338151137,1.8499240886,-0.564548083023,-0.273898133512,0
-0.216003065466,0.837161797726,0.658979156589,-0.0257408526214,0.281876639958,-0.559799828304,-1.34494944151,1.03505656174,-2.32552521273,-1.71916212274,0
0.0650610594119,0.532476596138,-0.405261402771,0.0292134097619,-0.311192327195,-0.0390366647028,0.905957295672,-0.72871204767,-0.0473876266791,0.476199020547,0
-2.8104974727,-0.746257598877,1.24278608206,-2.152511017,-1.52054149055,3.41607023035,-2.69260004418,-0.749325072752,-5.65098630863,1.64240638412,0
1.61126668519,0.428178727151,0.165516831397,-2.35378171745,-1.29035082082,-3.39523503236,-0.774312897168,-0.500675055171,0.956816847405,3.27525471909,1
1.04891334571,-0.277967608996,1.64260350094,-2.89577445623,2.42151369809,1.43698602217,-3.09014298167,-0.234899318094,1.7399913546,-0.463170392853,1
3.6446019226,5.53671415367,2.10022664094,0.996043596499,1.71686361932,-0.576972948764,4.86204559114,12.6276249776,1.00973652813,-2.43693732601,1
1.72379186732,1.15402939354,-0.490707599748,1.02618751193,-1.04496984676,-4.05636528126,-4.82163375267,0.736880951476,1.81515824359,-7.18644227882,1
0.165152791729,0.395388012824,-1.74213012967,-0.079044256366,0.0439317603583,1.0029399113,0.0889219699704,0.434636706623,2.56363728606,1.48658202915,0
0.156036892077,1.32006686571,-0.516442779175,0.746084463731,2.18181926343,0.506591390695,-0.491625419807,0.0741269357346,-0.449091263435,1.03708857566,0
-0.700747251417,1.49113162427,0.747524105385,-0.904265992684,1.38629594023,-0.187894357992,2.07147926715,-2.43190684986,-0.605610857224,2.4111210882,0
-0.317227965496,-0.3168130502,0.819073130447,0.934157306153,-0.897939214579,0.215431262931,-0.175334119849,0.277626716405,-1.69529447937,-2.00122870495,1
0.619924935497,0.631006902443,-1.0852276196,-1.40126911284,1.67570384541,-0.390138727564,1.68989263228,-0.879680001433,-2.26923778309,-4.8456509797,0
-0.00222860006523,-0.218518334829,-0.417054068003,-0.293992039246,0.0117036422587,0.566077473138,0.435672174363,-0.215748348274,-1.39831049535,0.2487879547,0
-0.00567427065946,-0.357174270156,-0.154551275681,0.430660491839,-0.514624947724,0.344281038923,0.0813918581797,0.476539648803,0.10941666879,0.800170799062,1
0.0203175024111,0.135508470649,0.378975134929,-0.716972696999,-0.621937402893,1.26558162829,0.989646255114,-0.407034909881,-0.635277721636,-1.84485957507,1
0.554577031808,-0.363256262559,0.887248340414,0.196379095881,-0.243285230102,-0.911675204095,-1.74705706414,-5.07576208148,-2.1841383946,-1.36259649063,1
-0.548614739581,0.271833624388,1.42853968049,-0.300611833703,0.101388370794,-1.34018456544,2.38076051166,-0.370449886559,-1.63985526932,-1.04262904331,0
0.642295976612,-0.129736296532,-0.714933259527,0.295573692953,-2.86143897545,2.00821189892,3.07616849476,-0.842443543204,4.884675371,1.21543131253,1
-1.84529262199,-2.71976115149,-2.62380721827,0.0642744846213,4.82186295991,-3.44659280703,3.51095607811,-7.15750835062,4.21249356192,-6.97106672738,0
-1.65702785798,2.2211380083,1.61305418295,2.20522012825,2.50820045804,-0.558896744179,0.954744301156,0.685550711693,0.0508057976968,-1.37404086399,0
1.30792837252,0.889878684206,0.017441475157,-2.60301616476,-0.210345610772,0.91120920079,-2.70165361739,0.759707809285,4.31272342369,1.65813906602,1
0.169049179263,0.794183764637,0.16060470894,-0.369625252795,0.936597957209,-2.0986620629,-1.93521521687,0.326325020475,4.20567934751,-1.09260294866,0
3.62945759652,-0.39425232257,-3.66898939745,-2.0449100915,0.517730045387,-2.448787408,-1.03817333664,-4.39012119868,-10.099115179,2.02046357452,0
0.0659172944714,-0.029007808701,0.470877000641,-0.244957918961,0.185911352145,1.64274942735,-0.327064138515,-0.732496691887,-0.993271482243,0.448863298281,1
0.151292774465,-0.341288834675,0.139834456569,1.52373982932,-0.800342242899,-0.50222188043,-0.194370408612,0.473543053946,0.829663888559,-2.6044956965,1
0.179897857352,-0.397876639342,0.348603341843,-1.1183920308,-0.0843816586528,-0.0336156908536,-0.59790638796,0.44190148811,1.34825164387,-1.44816609086,1
-0.0279892732823,-0.202068731839,0.595388699068,0.060889131529,0.272425728277,-0.260639896501,-0.312718746958,-0.3569549357,0.186157145873,-1.65933049788,1
-1.30711781431,-1.32853559474,-1.76708732259,1.51770050773,-0.739071054591,2.35376752888,-1.94779511467,-5.9598567447,0.991987441106,3.81014083784,0
-0.417687042276,0.400676840303,0.516314762392,1.13764259461,0.709317811997,-0.444373965477,-2.20588792145,2.62084825182,2.47099692486,-2.0975166272,0
0.16833087306,-0.200998684187,-0.0816356276968,1.06151801053,1.07915684803,-0.190535210989,-0.547157079602,-1.64216776717,0.5972764582,-0.638463788479,1
1.05691640323,-0.451981178095,-1.42980125029,1.67584398451,1.93527737464,-4.4387725293,0.194651446356,2.55047344597,-1.28921061886,-2.60601363056,1
0.265506459307,-0.886205512649,-1.69897408929,0.784189838719,-0.472824277164,-0.532366526323,1.26125397622,0.43828035161,4.04943138318,1.60098392682,1
-0.0268126671831,-0.202552313387,0.246697041518,0.829494650664,0.645438061878,-0.367741316934,-0.769656742981,-0.850944232421,-0.108743871606,0.562393783875,1
-0.291299162814,0.848522221752,-0.874406962145,1.2699268828,-0.11762257947,-0.607380705636,3.44701455489,0.727007960425,0.420723643222,0.626785506969,0
0.28278219931,0.415441174315,-1.04586070255,-0.0664550738249,-0.990477234894,0.78641246827,1.33872084069,1.15208287395,1.50330274494,3.09371400528,1
-0.0431751895514,0.263425268651,-0.355534923014,-1.13269523377,0.182997863018,-0.456641184079,0.253705425312,-0.225218589286,0.886447180425,0.318825726771,0
-0.305555183645,-1.13483751999,-0.123814723558,0.572261209141,0.710257374784,-1.91161109973,1.41824695659,1.08368620337,-3.01963408945,0.927022432171,0
-0.176172425798,-1.62672794594,-0.509025604539,-1.33857987358,1.63542791642,1.14569721631,0.328601935652,1.35774697846,3.17254537634,-0.519187743327,1
-2.17210487118,2.18208311252,-3.94082841497,1.50867481558,-4.75835483156,-2.42401415413,-0.963854132443,-0.889130919184,1.36458659453,-2.95147304818,0
-0.0880073706957,0.354814692437,-0.307607959584,-0.195264509662,0.807805420429,0.772038362992,-0.615970752255,0.475275873219,0.11090164807,-0.691056594462,0
1.83966363026,0.567145067531,-0.0483126966534,0.713788271693,-0.296229392444,1.59745414317,2.88896028663,2.61111763833,8.55113749176,4.85673534516,1
-1.95765180029,0.671427879472,-1.68485267392,1.24224065318,-1.57283820024,3.11555008432,2.64462237713,3.53211590317,-4.7865149541,2.86682025041,0
0.306352339358,0.353392938321,-0.640356547746,1.8125621886,-0.942260016598,2.1958859902,1.42103475894,0.664690103043,-2.05648926571,-4.46490075854,1
0.386881120765,-0.0770090884411,-0.691971977616,-3.39749563316,1.08035065645,1.60484220676,-0.755550120532,-1.87246487064,-2.68716685683,-0.188488968368,0
-1.27269112075,1.45814058503,2.66685102548,-1.07137871633,-0.365836317463,3.67065053499,2.91853870749,2.84586300089,1.21879683359,1.70625953722,0
-1.03011496357,0.674806694139,-0.43294205292,-0.857844031742,2.35722728306,0.716975749544,0.130736522384,1.2703173366,-0.98768333833,-5.29245591733,0
2.24610193624,0.0927471425864,0.207751840915,-0.477003547515,1.25319228283,4.16971510993,-0.736158547982,-3.58906013601,5.16317971346,4.42229746931,1
-0.0348878641554,0.398316505641,-0.0220303197642,0.415524905868,0.160502870609,-1.06519160833,-0.29833955055,-0.375002100567,-0.533999443567,0.779313102772,0
0.726329563313,-0.279927160663,-0.192450281718,1.57589682989,-1.48419328369,-1.17340314075,-1.4879165146,0.101681879837,4.04289828279,-1.52198556575,1
0.701763035112,-1.92538513614,0.547531073106,-0.885584017231,-0.0787141736955,2.97152098043,-1.89988513957,-1.0976223477,-2.34216263661,3.83693391564,1
-2.36238261335,-1.50566397545,-5.53325928517,-1.75420595351,2.02629275244,1.73847205437,-2.19327731353,-4.83661442654,-5.10415389072,6.93879725078,0
-0.35685580291,0.791484742316,0.602870223551,-0.0292024999456,-1.64120896444,0.0613318099538,0.587534314276,2.40228626758,0.574557731426,2.74546523925,1
-0.175899667506,0.135184598428,-0.825565476626,-1.1349204198,-0.0961039040516,1.84615471133,0.553319187648,-2.70384594197,0.811178642323,1.77344018454,0
-0.409563703765,0.718354580728,0.259508447802,0.507019767458,0.345224419285,1.06691702553,3.46300793664,0.185911067372,2.14016326458,0.338215329491,0
0.221744072946,-1.07887506311,-0.0446502504679,0.619870239968,0.940852457783,0.87307011956,0.553707217693,-0.997091625488,-0.26273206863,0.313368737188,1
-0.11682632432,-0.48281073852,-0.24134968234,-0.0155276942296,-0.397414382532,-0.8049542798,2.31400041228,2.06935367557,1.85873338041,-0.566902429657,0
0.309157886759,0.0906914432719,-0.42869828657,-0.324340317808,0.398403232772,-2.85075854772,-0.758746896367,-2.32502264695,-0.245557613572,-1.4397617274,1
-4.71503392009,-0.681614275837,1.62829966165,-5.4701440678,1.01378718565,1.349966094,9.02556534953,-6.69667056641,0.389746774502,1.02466147796,0
1.3897575874,-2.41138013119,-1.27749143151,2.09870950572,0.623869166656,1.38679576732,-4.5394795725,2.49457845687,-3.63328804802,-0.812422566508,1
0.532000425103,0.804321968077,2.20738902745,-1.50506826866,-2.16575100998,0.644974687297,-0.60959592324,-0.212032073818,0.050231170578,-0.188705918327,1
-0.885076833259,0.773217258411,-0.305395034174,-1.11177617854,-3.81538586367,-0.806800234976,1.47115759301,4.93751650784,2.56954492358,-1.52438843341,0
3.22906043569,-0.0506613073788,-4.59784424789,-2.53960254405,-5.00810886565,0.236615208373,-1.53474015958,3.76763686807,-7.19395785447,-1.57940674299,1
-0.3812309437,-0.966811831104,-0.74688022365,1.08818216302,0.678855871085,1.27288832203,-0.242576294875,-0.368741001071,-0.733839830851,-0.763938313424,0
0.391316127137,0.482786933698,-0.155596927583,-1.2164556191,0.306206863571,-0.425819882986,2.02582433968,-1.61861020756,0.145178685108,1.37879395876,1
0.128300151521,-0.0426930570198,-0.469686163266,-0.585380605818,-0.492531162478,1.95295436447,0.149539815682,-1.51886456479,0.114924116896,-2.24250252346,1
0.035804164387,-0.00743764523461,-0.846526146838,-0.00289867563817,-0.132021831078,0.166703392478,0.807651138017,-0.405847818608,-0.872923955286,0.875640590155,0
-0.505250341268,-0.74340748597,1.45622826483,-2.67869275675,0.519251919566,0.352999569525,1.05478801054,-0.846594284769,-1.75468125515,-1.23127191343,0
-4.19915239277,0.107106488722,2.30295569249,-2.00612604221,-1.99335987648,-0.355791583479,12.4913569294,6.91650788738,-0.0255315883515,6.4942830936,0
1.40228624422,1.0221593411,-1.44588166952,-0.972309207329,-0.747391765104,-0.75246718634,5.76411303784,1.43831434112,-0.793221040068,3.35824240938,1
0.0227290849372,0.682540222185,-0.688909356136,-0.457442219048,0.288196911327,-0.437696726824,0.600345774447,0.25573731921,-0.678707676327,0.0648512189298,0
-1.30021989643,-0.768920754023,2.34061515016,-0.310832591529,1.37800844548,-1.54332801714,-1.58418238464,-0.0816138249548,-5.93411800613,0.112141005879,0
3.14052825749,0.852748134359,-1.08492661905,-1.77375192269,4.20277971396,-2.5673022871,3.88371665161,1.9209373012,11.2232408774,3.04781021639,1
-0.902629540502,-1.73895200471,1.56474293492,0.0406878387956,-1.6682155185,2.63103159715,1.60689642227,-1.70101065635,2.17424562518,0.107729786794,1
0.0454580657527,0.0211623385269,-0.115248506333,-1.14989724869,-0.871605393974,-0.723015342126,0.0194124600244,0.702995855677,0.934188825983,1.29134662819,0
-1.18333974048,2.14526051568,-0.982756438119,1.3026201945,-2.33877106993,-5.18990023507,-2.9501763413,-4.46667634875,-0.703187293331,-0.511689889902,0
0.256701019175,0.299096506669,-1.07762050489,-0.31651281861,-1.31683285171,2.05884342234,-2.24347311572,-2.87918093338,3.30206969993,0.0106695572579,0
0.2689501259,-0.790191105413,-0.325560870221,-0.294656291867,0.495992525448,-2.15322842807,-2.23674625735,-1.72453466561,-0.313684809026,1.58921170858,1
-4.211426513,-2.87188372727,0.996109276455,3.17146705658,2.24294298893,3.5070559569,1.56506839894,-1.19952132774,6.7399350168,1.51399157978,1
1.2869929215,-0.864772330527,-0.323583417913,0.323565606745,-2.1196645679,-0.736136967102,-0.539489479287,-0.160707115625,2.72699529927,1.39344792875,1
0.505977194956,-0.630183706522,0.163847236975,0.0152240526079,-0.997579515137,0.827465448331,-3.55241582922,1.73712501832,0.105001917191,5.57358869268,1
0.392353594956,0.349881671786,0.214952521565,-0.27528469809,-1.82219843463,1.44364453346,2.13155606953,-2.46445342158,1.18691797946,0.717054795911,1
-0.573001705253,0.818961816733,0.401318471375,-0.471209099121,-1.24009831556,-0.812821904846,-3.46412792382,-0.969423711819,-1.19800057967,-4.85511879362,0
-0.0118322743893,0.350937975565,-0.662301285081,-0.343544800047,-0.613302940538,1.03084248808,-0.229315573325,1.21930222931,-0.625319190424,0.869683137699,0
-0.658633585505,0.118592213434,0.505858123478,0.464902976184,-0.834420086612,0.933593050077,-2.77398505652,1.1467843066,-0.380480796374,0.634264881007,0
-0.644402287925,-0.727592233744,0.134348355771,-3.44011406147,1.24313782607,-0.221029844025,1.4019168379,1.55478579819,0.661129483359,-0.993068465647,0
0.520249646504,0.777704688354,-1.00192638778,0.372258200552,0.413675270074,1.70828695417,-1.09757207401,-0.683800837472,-0.996087864741,-5.61136161188,1
0.000835210384325,-0.553190729936,0.709956282103,0.254464328725,0.141155371137,-0.645313821435,-0.899118807837,-0.279492175373,0.751546523922,0.162351168334,1
-0.312755049007,-0.397151391739,0.782915572393,-0.613669200396,-0.77326870718,-1.30046238272,0.426273897318,2.01505324193,1.42055248068,-2.68532918555,1
-0.980653804916,0.189513534463,-0.716747974539,1.55491437945,0.251778604933,0.718782253095,1.24696115049,-0.388524522355,1.86926161415,-5.13217770224,0
-0.00302350143819,-0.176808148544,0.038312765983,-0.147713688446,0.425842583469,-0.262368632655,0.522817304507,0.739818501153,0.828323383355,0.543388386998,0
-0.0155145027091,-0.217868501329,-0.360330382608,0.340800965807,-0.22757830877,-0.397252607605,-1.06887474516,-0.102870388068,1.7896478816,0.414374769688,1
-0.0497371369129,-0.446986558142,0.614835772314,0.728098640991,0.331188175659,-0.849930011151,0.110798361528,-1.45315423023,1.30512212306,-0.0908279605735,1
0.00483926246284,-0.136994275414,0.405331484383,-0.291412179313,-0.0016818880997,-0.170882341676,0.30847332167,0.52695202237,1.05871408809,-0.763877662773,1
2.68806079122,1.24883686071,-2.33342225488,-4.0587690711,2.54035728469,0.260429366932,0.922135684601,-1.05635485187,-3.56108025878,1.72080017003,0
-0.0482616619904,-0.134431291581,-0.316368070435,-0.231266352437,0.652134627645,0.572059182727,0.159009411957,1.3031083057,-0.910640786047,2.48274614501,0
-1.25112757478,0.587299606445,-0.759835883613,-0.84912455862,3.77653735785,1.30682647231,-0.135113816214,2.48301697841,-3.40698515577,-1.26534789283,0
-1.47960818839,4.36845537608,-2.54579550302,0.103577135963,-0.00198887299358,2.1792442289,1.89774149811,1.8647804875,-9.6417268088,-0.435495921929,0
0.403347470542,0.625382337768,-0.0427049414541,0.371134060409,-0.670814390983,1.17168825262,1.74867995936,-0.246033000008,-0.806782913943,1.06649374099,0
0.725775506939,-0.807867182362,-2.4505129581,2.37056619646,2.45861287472,2.66568405528,-2.70018455724,-1.34612133816,2.54991744771,1.09960928131,1
1.167079091,-1.57012134967,-2.64865974312,-0.286070750218,1.31544515801,-2.2506075668,0.723425867604,2.92462648558,-2.63722014472,-1.34833687508,1
0.62813453918,-0.340394364826,0.251092447409,-1.07802739949,-0.813542999377,-1.46603964803,3.87484999954,1.87222061101,-0.448132072239,0.467037293027,1
-0.336347965103,0.616047442558,0.351026682716,-0.403943392138,0.408372008323,-0.279712763449,-1.129952599,0.876392040986,2.3641365854,-0.819865622199,0
-0.0657065452207,0.364752319701,0.711546494916,-0.350851196921,-0.375091803136,0.608920969358,-0.694345455838,-2.44451337266,0.69076157144,1.24326759283,0
1.40274531083,1.43475499825,0.847746464704,-0.130199778133,1.00652597995,-0.832125856199,5.15373097499,-0.785725028963,-2.71505561975,-1.55226489429,1
-3.47962153215,-0.101826932378,2.72061007115,3.87341606055,0.879938088635,1.42206073323,1.26948567846,-0.952750718959,2.26397281499,4.88522566103,0
0.183710496176,0.197828555331,0.267553833499,0.591432033564,0.150621068371,1.06526786192,-1.23689560785,0.230526047894,-0.342233822205,-1.07104831312,1
1.10888485215,0.159463519036,1.40858763496,-1.71240075119,3.17379995081,-2.22670803294,2.3628436643,-7.36501183178,4.34256825216,-1.11552484396,1
0.00443853276466,0.148939910988,-0.304354137157,-0.0769034697287,0.463103533261,-0.416362363245,-1.43374086946,0.468667932716,0.250979488819,0.432796386012,1
0.436359989738,0.00998691942736,0.248586404821,-1.16317993745,-1.6358864333,0.0342260694664,-4.91589752274,-1.8900174896,-0.278943417179,1.96308398931,1
0.086933423381,1.03358551507,-0.26019080457,-0.142070906085,-0.149153625321,0.463650776778,0.873744930554,-0.962009774851,-0.681620325958,0.614699186592,0
-1.02423234351,0.526379028728,0.0817902607433,-1.79664660062,2.20863845909,-1.56182274609,-5.47307173808,1.59439885801,-1.97306259116,-1.7312383666,0
-0.127007790248,0.344449682385,-0.44668323123,0.745323179944,-1.24614476056,0.687306548658,0.0114411405613,0.273870102767,-2.15352336165,0.912281811428,0
0.285136924274,-0.579636602458,0.0979901238864,1.59859342915,-1.08654949521,1.35481073913,0.334336523448,2.50332937145,0.875770636276,2.92867517139,1
-1.73901047719,-2.37036303244,-1.33069021057,1.04000649879,1.7007716815,3.48424877362,-3.11100585782,-1.85262583681,1.0860107847,-4.5639853899,0
-1.06301218132,-0.773041891487,-0.576387929438,0.404137804618,-1.36571578722,-1.8277245779,-3.67447037255,3.67270787401,4.36859819637,3.1128445142,0
-1.94129254105,2.51514715413,1.36148701983,0.201749858453,0.428209944739,-0.432643793279,1.2040154266,5.64466398513,2.76252981508,-1.58366279216,0
0.0360788033016,0.102576957486,-0.657031305748,0.418867726692,-0.34422882972,-0.392368891673,-1.52944977567,1.48430335046,-1.25576715987,1.42736609927,0
1.91679041414,0.624965106842,-2.95204985602,2.12330163777,-0.253608472313,-4.2753496643,-1.91239520197,3.67193400698,4.63428117997,2.94333539408,1
-0.175362804907,0.496861802562,-0.489172774322,-0.239833666195,0.258251474196,1.40737095279,-1.228121197,1.96254119926,0.143221808457,-0.0790960200545,0
0.00308251142243,0.175547389419,0.298590488442,0.539317208707,0.309107347283,-0.52326396012,0.248270682606,-0.667289758901,-0.826374871481,-0.177617993487,0
0.139341198647,0.461047909857,0.884092124666,1.49842399334,0.736066284969,-0.241589557486,-0.630989028275,-0.810394650636,-1.15538719309,1.52280563544,1
-1.23104728834,0.0523623596867,-1.71432749193,-0.133527345635,1.58700213859,-0.152493382451,4.24656662543,2.19383269596,-6.03508224536,1.27862898562,0
-0.798784921415,0.254373637867,0.123887095556,-0.40642084911,-1.27575889244,-0.340612225528,-0.827418727708,6.21618402876,2.13548044652,-0.965637417525,0
-0.576716285812,-0.507657807157,1.63163907135,-1.70131579295,0.0298508600669,-1.55162892942,1.95621574131,-0.914145070305,4.77202979878,0.4621386443,0
-0.492212010864,-1.55447532466,0.0554089542481,-0.309726128302,-2.6889305999,0.440142915349,0.349038810992,1.07759123265,-1.93578863649,1.42021207633,1
0.895478435163,-0.539686373049,-0.980373124541,-1.77219737102,-1.48847915939,1.29102394022,1.50373904469,-1.9570517095,-0.36593196413,-0.557954596216,1
0.00640705744158,0.212575764951,0.536593732705,-0.0477507888347,-0.293023187747,0.30450603672,-0.552359109284,-0.487740591738,0.0745842683203,0.15226690244,1
0.0668953158202,-0.306379408646,-0.0918720504737,0.167592996931,-0.437418626571,0.0388632855077,-2.25265414261,0.793281461699,0.371739173403,1.43171554668,1
0.0980084189527,0.0776847547398,0.405442217644,-0.276132591666,0.554116253871,-0.794060958008,0.410825758397,-1.96515950305,0.97479196649,-1.22301159139,1
-7.56222223757,-2.60734578094,-2.90619561137,-2.4507273776,7.2954560577,-3.04994167536,8.73352815705,-17.5407693371,-1.59220550665,-5.90613085511,0
0.0979039572189,0.25003399858,-0.0132944280143,0.0850732672668,-1.91600848238,0.590920940239,0.250895432405,-0.573951185055,0.677424521022,0.0274813516097,1
-0.377578792569,-0.291903584569,0.83153851572,-0.32017079285,1.55681414948,1.04720965339,-2.16564651843,-1.57747013721,2.26274595531,-2.60486867666,0
1.03980371568,-0.56567109423,3.07555757212,2.0969331259,-1.29670926677,-2.46860848767,-0.739384412243,0.551085530616,-4.14823377748,-3.55745762486,1
-0.320110094277,-0.201287088819,1.31346280819,0.483405184516,-1.10043029337,-0.916961268591,-2.62166927385,2.18768659143,-0.344296403015,-4.0419700899,1
-0.0362827499495,-0.849553696097,0.474500672423,0.279845407693,-0.428423063065,0.360127038404,-1.55671671655,0.147567635579,0.997531962799,1.39477647921,1
0.65376544703,0.0673020707497,0.603107288861,1.36504674247,0.8492700277,-3.00906187905,0.385880550424,-2.52123693656,2.44918550924,-0.612891051997,1
-0.121898276595,0.034141629565,-0.491644165296,0.739248091017,0.0228524493842,-0.598516830386,1.17061592398,0.17291813474,-0.402608374323,-0.77244108338,0
0.0416296984463,0.196402597763,-0.168959517853,0.429410416689,-0.403019942485,-0.288051144829,0.330585314369,0.403432542445,-0.3583071687,-0.556860077797,1
0.58271213844,-0.463051907456,-0.495318474344,0.999415338825,-2.54278405304,-0.745022081825,-4.0441260406,0.718613556538,-0.203901163771,-0.945287263387,1
1.10215601832,1.3907200967,-2.28360585681,4.05470697412,-0.781538809825,3.07493311155,2.04933741803,-3.87905246716,-2.39012694685,-0.112122590919,0
-0.209567477648,-1.12361142128,-0.48924029068,-0.815017741043,-1.02893888582,2.57387196903,-0.592302810373,0.113009147529,0.568969970607,2.36308546156,1
0.383876266221,-0.128989348815,-1.21394654011,-0.142673853806,0.503375615609,-1.5151170989,-1.93240057116,1.26347809313,2.05881850513,-2.09845240764,0
-1.13689220131,-1.67979979762,-3.78956319306,-1.72407597664,-0.276712572342,-2.44990383107,2.23696215844,-6.3068221663,-7.93282717585,0.0544915031236,0
-0.0144525601855,-0.55599701082,0.363669818112,-0.094231549415,-0.210582149677,0.0600031128128,-0.114969110916,0.787168509824,0.493779169765,0.105499760122,1
0.000204768765226,0.0595508460934,0.196379573555,-0.536416909883,-0.430290267849,0.446195676668,-0.0253344436232,0.318405078949,0.925838045265,-1.39690239014,0
1.15605457464,2.33995566938,2.06334903153,2.74372625668,0.598643828348,0.457192407513,2.59604104888,2.61519465414,-0.921625255373,1.45199967037,1
-0.89593555102,-1.42807599767,-0.283928896405,-0.927556529088,-1.09148756294,-3.81780773679,2.18831794074,-0.050324787748,0.00337743636523,-0.91061723278,0
-0.431137027846,0.288934839861,0.858984133441,0.554300113287,0.437843719939,-2.35994042557,0.47742990418,0.0680556924583,-1.00370833334,-0.418298065318,0
0.206536575635,-0.177682809502,-1.73720458849,-0.190783064258,0.135975123572,-0.0385873064432,0.877228617648,-0.363784864315,-0.499988658793,-2.85375592042,0
-0.0533833412765,-0.377587931011,-0.0918431340663,-0.0238437671889,0.273550168863,-1.0365399522,0.341384478256,0.995120359639,-1.96504670837,-1.78177288489,1
0.282868915484,0.75781689819,-0.113904806633,-2.29745349491,-0.994410619947,0.238160286979,-1.57088791967,0.130051639698,-2.155447087,2.97273268105,0
-0.35358378023,-0.528633088193,2.20813774167,-0.745425720331,-0.194329533894,-1.07745754782,0.20983866113,1.97699364674,1.08826177192,-1.49480709735,1
-0.336580826996,1.11676168859,-0.468825579636,0.0487568403265,1.28794795178,-4.10524330217,0.133755935259,0.400653181194,-1.20114972535,2.15800657514,0
1.22085308832,-0.510445416381,-0.0652283942536,-0.556709153892,-1.8335715197,0.892413872504,-1.16346612875,-2.05061784407,-1.52859000798,-1.87014214376,1
0.662206546636,1.03628373998,0.0422403892201,-1.3572976745,1.96674022854,2.20473098388,-0.394690478038,-0.208884581472,-2.86590509692,-3.00084545252,0
0.102915228127,-0.474020281614,-0.274978357806,-0.201647761987,1.06570727722,0.812015876615,0.674828305838,2.23262672187,-0.112330757236,-0.190605219151,1
-0.0274924663772,-0.0592261781268,0.742666189503,0.246080798621,-0.315203029273,0.586915003737,-0.329378899002,-0.547161077421,-0.799637807595,0.663247987406,1
-0.0305316407665,-0.16254513694,-0.515562663753,-0.432575292744,0.159695395564,1.0679485931,0.681493668405,1.05163678661,1.03240083029,1.15486248674,0
-0.03214600628,-0.0876827497753,0.851462895773,1.24515149607,0.0853176738851,-0.286180541614,-0.298765195677,0.863593966853,0.674666798819,-1.45849651751,1
0.146142681199,-0.913747035106,0.0591309391775,-2.00739944041,-0.0365841322212,-1.86974912751,-0.103908170225,0.301081019504,0.313608406261,-1.54331628533,1
-0.0791692493271,-0.927976248837,0.46574924729,1.14571205862,-0.234891820072,1.04542362639,-0.277003779167,0.0222737449215,0.768401216348,0.990220035217,1
0.0941594753935,0.275730415135,0.0195758428108,-0.302516120517,0.26191956803,0.629214391895,-1.6065974343,0.036859617931,-1.42013796114,-2.26864083665,0
-1.63225704248,-0.113151393041,-0.691804229403,2.49425606578,-1.14251920619,-5.06488189279,0.410716742483,-7.29265815886,-3.82604642093,-2.95389549551,0
-0.199114897667,0.230123111698,0.412204637578,-0.915216688641,1.31976915524,-2.66931635243,0.81653999306,-0.317186221276,-1.52583326851,1.10696485213,0
-0.308765309484,-0.315135302869,0.704625213713,-0.232409006257,1.81247724467,-0.417766391222,-1.83722680733,1.96026386763,-0.715974078535,-1.22501868781,1
-0.896957089547,-0.441865182455,0.525941751225,0.103637043726,-4.41116311518,0.291410218367,0.430974775148,1.0429726416,-0.29198819074,1.74197545417,1
-0.0403988937968,-0.230551642938,-0.126174868993,-0.115912914382,-0.147219740166,-0.353700157824,0.443307346779,0.518797947209,0.155062129562,-1.36429694678,1
0.87021128497,0.392047932905,-0.591055212267,2.21481171126,0.0200336989273,-2.95440882258,-4.33073315797,0.566379603487,1.56261542116,-3.33151320957,1
-0.0703828333142,-0.158064791273,-0.89257694541,-0.425775672627,0.958891989686,-0.531965632735,-1.3946828493,-0.298618341913,0.189932690554,0.71689087589,0
0.383757784124,-0.64808637625,-1.32654960348,-1.382241414,2.03642913091,0.347094601857,-0.0342869219687,2.82348548632,-0.171790388,1.8349851589,1
-0.574546681026,-0.4318372877,-1.92975015043,-0.553025469176,-1.86545684202,0.191773517471,-1.11002207244,-1.09563562381,-1.42180887687,0.676261941384,0
-1.78991886072,-0.14790515439,-1.92362375653,0.3695220413,-0.464841730664,0.188646237727,-2.3199942032,1.15119366211,-3.39068959565,-3.60649556692,0
4.41959938494,-3.81867199093,-2.2417230158,-1.21766993953,1.42121135754,-6.1928047194,0.980645766291,-5.95829721613,3.67810841891,2.34014946059,1
0.343767145987,-0.642933277291,-0.48302610291,0.485368917612,-0.603826490491,-1.5673338556,2.11327718744,-0.320761714929,-1.27923877443,-2.51313090885,1
0.00133879227203,0.00675164603269,0.101581549911,0.48543494492,-0.444927766096,-0.386442041468,0.14391929738,-0.522469126766,0.412601380673,-0.136921503896,0
0.430375688739,-0.363166698544,-1.14509815719,-0.0654320422355,0.628283523555,0.836271728577,-1.95417222519,-0.682682277105,-4.41723020827,-4.70099961202,1
-0.347929760853,-0.009411184759,-0.417505732961,-1.07034683938,-1.04127106056,-2.2883470575,3.06320961114,-0.232272671986,1.10946835256,-2.82972966206,0
2.56839928027,-1.48908685067,1.23235978181,-0.439985210296,2.2135930231,-2.83327530606,5.33566870356,7.06724876937,5.3661211361,-9.54367852251,1
-0.298343329389,0.289669631702,1.88317024211,-0.384448868745,1.30197369868,0.623253314845,3.87900340616,-1.27842783256,-2.9463978319,-0.27094505789,0
0.0578688959199,0.389848187038,0.156212155751,0.443626808262,0.633884650517,-0.551836769329,-1.05382148305,-0.594927056298,-1.0624830475,-0.312433471762,0
0.187883598915,0.100833763843,0.164015377659,0.916575871622,0.449608135336,0.648378401073,0.121096411365,-1.38569109338,2.13574200165,-1.04012149693,1
0.130327907145,-0.112897161222,-0.681558929285,-0.0646790878711,1.45617722871,-1.71532603187,0.524631031122,0.189101636281,-0.415719873892,-1.69479507633,1
-0.414399674654,-0.147633238937,-0.0114536782359,2.55599301939,0.905834644544,1.91268342806,0.293326364185,1.2247289862,-1.23814212076,1.7579985342,1
0.33376729971,0.525822480428,0.366058322566,-0.832799245928,-0.856973172976,-0.0991764471755,0.0140179852845,-5.08147545851,-1.26775822346,-1.01703910597,0
-0.666764928978,-1.52178817751,-0.552308394377,0.0281178390247,1.88189831276,-0.221434900111,1.85915715376,-0.434297807538,2.96610110602,-6.13683581601,0
-2.65288344308,0.918516945876,-2.51558448521,0.0881786337673,-1.86729338095,-1.99829444521,-2.32087955548,4.23223421856,1.34230443503,-6.95186952859,0
0.169345818767,1.25207885737,-0.25255084013,-1.3066662963,-0.044490570387,1.76316440717,1.68302413193,1.96106368331,-1.85555454244,-1.58443133109,0
-0.0664722780806,0.812734970812,0.392847871058,-0.293117541924,0.753829201782,-0.840435080488,-0.748813517848,1.37689885415,-0.901782963177,3.5530703888,0
-0.201374503445,0.0759359734917,-0.574784731821,-1.58807735754,-1.59501803208,1.1233703748,0.651036245255,1.04616530969,1.35939685315,0.0140527366397,0
-0.0674218979138,-0.363432278691,0.144904741204,0.251493518093,-0.343629126807,0.0490343821353,1.16852404969,-0.271646783477,0.78280377649,1.70350880504,1
0.561401003148,0.660772570882,-0.0849517893744,-0.700687870415,-2.09059326457,0.162876143088,-0.314926965825,-0.189540046605,0.477327199206,-0.096061174633,1
0.713382043893,-1.08111045177,-1.03364222198,0.373932408104,1.88852021586,-2.72524183555,3.31931926615,1.71303728832,1.82658866856,3.31826294449,1
0.0500126192455,0.0940668573865,0.299754596861,0.356724453059,0.772480144303,-0.433875132973,-0.621924800244,-1.56994037407,-0.102329281779,-0.430728821639,1
0.345231139124,0.235918861559,0.536403560382,-0.709254946837,-1.89593093174,-1.97356442634,0.999188637845,-1.86933490884,1.20325492699,0.0131153013912,1
0.323826130677,0.220167617457,0.104872185963,-0.566313899939,-1.44115298133,-1.08708334304,2.20941821682,0.959630467973,0.224418359826,-0.986161083137,1
0.564422222622,0.600347248119,0.0162096058147,0.708043700356,-2.91583308967,0.0209420863306,3.19430961779,4.08425768146,-2.09770073826,-2.26390223487,1
0.185489782268,-0.0731706948571,-0.157010428617,-1.92178123458,1.21053299678,0.610186761627,0.913701937452,0.314619344488,1.66439180349,0.380401318084,1
1.25221529762,-1.03841170138,1.08253919554,0.104947063289,-0.419399777187,1.86133847521,-1.11015531373,0.781820847322,9.1732003619,1.58005463265,1
0.0228087779633,-0.224089046933,-0.158988582166,-0.295044335314,-0.120235490453,1.06634070481,1.20335837436,-0.233399292114,-0.629872530985,0.229144791267,1
0.0553156476208,-0.0943917951926,-1.14996525061,-0.0668881424543,0.612711857953,-0.644922693027,0.721871768996,-0.133392452877,0.638651864405,-1.47640734298,0
-0.618853944461,1.41634829953,-1.48066679079,-1.65716610896,-0.498654675259,-0.213848528742,2.02425877731,3.37402860621,-0.626804370614,-0.245180460424,0
0.150787160395,-1.40491481481,-1.00337717604,-0.162624477403,0.0138137996943,1.02261593262,0.879614433629,1.80230571607,-0.558026990672,-3.37522012609,1
-0.501515287705,0.269281985839,-0.869000818894,-2.02727862889,1.28620081648,-1.67462987621,2.74885669509,0.917434129149,-1.16721285412,-1.58686406058,0
0.00890421446281,0.155757164497,0.587669107514,-0.760851190719,0.466717757356,-0.462478782169,-0.4656158817,-0.24140160477,-0.591448992001,-0.475276691322,0
1.1295194989,0.308253824232,-2.04081167711,-2.72549513959,-1.4643019039,0.267865479605,-1.38289778289,-2.76109088925,6.06840787513,2.07104554801,1
-0.20537211411,0.464556926743,0.528971294309,0.628645838893,-0.314002960033,-0.0611258740465,-0.0507867466038,0.476443844619,-2.24125925193,-0.542975265339,0
0.202485193178,0.0582165226051,-0.348755882996,0.144214396219,0.581768371681,0.89504139728,0.568037658545,-1.63748375869,-1.48956778317,-1.83598726549,0
-0.44303464912,1.02187675846,-1.17436535324,-0.507317799372,-0.485261936181,0.752873106102,1.92496850987,-1.55941047607,0.78387535123,-1.10067088991,0
-1.85990129743,-0.355836902904,-0.437993166452,-2.2864270948,-3.42540826116,-0.905359708601,-0.391141017998,-2.32023843344,4.60076060234,-0.654957470983,0
-1.0451215099,-0.80345575562,2.7854533125,-2.10294132149,-0.813421314612,2.5208076392,-4.85986598958,-5.11699305929,-0.812653368051,3.02274004094,0
-5.6308190931,-0.979554082602,-1.1008942979,0.329514176895,6.04139268639,-3.80430394964,-2.01946992058,-0.499898187313,-6.17130235802,4.92458823713,0
-1.18960791181,2.10127920076,0.989710269896,-0.53445574285,-2.42290913553,-0.377097762535,-1.11805559931,0.956509528538,-2.3274829646,1.3697911618,0
-0.0212518077708,0.172705578913,0.60284999901,-0.838795975816,0.621913237206,-0.360518590208,0.992265312186,0.65820120082,0.196923497473,0.704982960196,1
-1.54358743648,0.820720009754,-2.91886776971,0.236838555671,-3.49443893092,1.43958063616,2.95540623337,0.449136332954,0.487834375516,-0.0728580379796,0
1.55007696334,2.1501187113,2.10174189316,0.702356198067,1.01633843284,-1.44196569485,-1.85015133871,-1.00782762729,-2.55961772005,1.58395734702,1
-0.482242520724,-0.502123948688,0.967031289072,-0.41075385901,-1.5822079473,-0.0482583526182,-1.74895470569,1.49818518796,1.31331200238,-0.806175900277,1
-2.40858857438,-0.644453490723,1.24036298679,1.19647225756,-1.08961144153,8.62546434935,2.85343815032,-1.87912764928,1.6320388905,8.19338773433,0
-3.23111041843,0.120241400195,4.03797986336,-4.62283913755,1.08659825977,0.303401672563,6.08999218417,-6.52835278368,-3.86428593441,-6.58408601491,0
-0.315278930221,0.108866413857,0.244319111607,-0.85391741562,0.375995477436,-0.41701540331,-0.951173964694,1.3168453572,-0.298983915513,-0.385731399574,1
-0.134332501264,0.0109857951959,-0.0728514536156,-0.357533942599,1.0286800482,-0.453653259491,-0.899031401409,0.192156034195,0.12682901174,0.869053184822,0
-3.22726030591,-2.60155085215,-2.76822105681,0.338187824608,0.799362461011,5.90316215878,10.7907238313,-7.78542700154,12.0789552892,-3.76282756156,0
0.28831039104,-0.302337053629,-0.00780326060274,1.5327281509,-0.341225565118,1.55916873973,-1.26220711814,-2.56230909951,1.62442187062,-1.33560843536,1
0.0738621554142,-0.675605227966,-0.663597444016,-1.15239151209,-0.525802218707,0.244667904695,1.12725223053,0.0460212191843,1.14669586714,0.327770279864,1
0.239521764647,0.0254067776262,0.573557934867,-0.933104026005,-0.342880218836,0.471673862466,1.871769578,0.61161284938,3.0049194163,2.20638805594,1
0.000421965607799,-0.444956963316,-0.039170356087,0.11828574926,-0.0961343317742,-0.113442226682,-0.548915988968,-0.39267258037,-0.25989403586,-0.281301745669,1
2.62558111601,-0.204047659214,1.08774882358,-0.93950408749,-4.47841776198,-3.83074743331,-3.78203949112,-0.251402374687,3.172742408,-2.30507539827,1
-1.31932218547,-1.22138716609,-0.0370758993232,0.211369327328,-0.672771069605,-1.20614427957,-6.26075102185,-0.69559681912,-0.281756060862,-1.38704214031,0
-0.0317151128214,-0.290527704314,-0.615295485656,-0.866959002009,0.458294058648,-0.00681198308948,0.0584430471692,1.09937846049,0.961660196555,1.25985931166,0
0.028276889056,0.382902036133,-0.0663645334345,0.536362622247,0.588379808445,0.423387229796,0.103078846574,-1.03475089187,-0.0680184525793,-1.30407653212,0
0.0993013860038,-0.153221024872,-0.26403405938,0.858912600519,-1.25327721462,0.588867107107,1.13374083724,-0.68618965608,0.191030686017,-0.936843133421,1
-0.220048636301,0.453926773766,1.12685201375,0.564220952346,0.723915083848,0.212148395648,-0.851875359894,-0.718299862205,-0.894990973009,-0.555934789005,0
-2.33573670767e-05,0.431776676209,-0.125211786428,-0.0133291990003,0.941446134902,-0.566490037851,0.584383472638,1.33280432291,-0.193622622219,-0.175376205786,0
-0.0742056170789,0.290944576729,0.33218562303,-0.569812485522,-0.0678094634084,0.157824012781,-0.61501327647,-1.46099212435,0.526433799064,-0.759067343555,1
-0.430389657888,-0.173417567007,0.557443704787,1.71702993104,0.333413829862,-0.335472869936,-1.60725926953,-0.968445799872,2.61891021372,-3.54785803991,1
2.58384858169,0.0498187901043,-0.982372146822,2.00896288906,-5.55448461938,0.86262550811,-0.898102884306,6.51795413209,-9.19655780484,0.78205981593,1
0.0433554587522,-0.0967743094689,0.914996149556,0.0632139989589,-0.269619754076,-1.05840027047,-0.355325952662,0.661668186865,0.143126349435,0.817282388693,1
2.25434554421,-0.663362232857,0.656068731663,-0.646436907743,1.98584063979,1.42391157898,6.79902453041,-3.64050644012,-0.431138380329,1.10857506155,1
2.96957777971,1.33561485624,2.21551764214,4.00729301553,1.23754787793,0.57699285381,-2.18195664043,3.96380563442,-5.95179395413,-0.329774106709,1
0.119778734952,1.0369017584,1.70130911755,0.369637666077,-0.289372798834,0.356572843148,1.80058576752,0.148403815839,-0.0384540514791,1.37326277892,1
-0.27826747597,-0.0438293350845,0.498413936685,-1.21108274869,0.0592696525393,-1.0068312902,0.268046094357,-0.436628849319,1.33778643078,1.45301628102,0
-0.728520730549,-0.41510045344,1.67169039447,-0.347422091505,-3.0675541184,-0.948694631766,-1.58399592359,-2.08242673615,3.88131055451,-5.35824093999,1
0.970835963018,0.421927740769,2.31943142793,3.46938719708,0.980486993383,-0.817883261191,-1.57967831152,-1.39844342456,0.337121733697,0.189572688511,1
0.780910427869,0.812108890769,0.408517011809,-0.397149252542,2.21357819034,-0.6288124061,0.568074230663,-0.318654272541,3.11097633319,-5.15263934129,1
-0.0207149356935,0.275513713163,-0.136330629935,0.543650712773,-0.220865634336,-0.0498274351034,0.118155772132,-2.18076995375,0.750036186938,-0.94473227321,0
0.938522135848,-1.15917020554,-0.503243276563,2.65560002395,-2.817043268,-0.764669677353,0.386526115862,1.88280022731,-0.448445451695,-4.05030954976,1
0.0754680288492,0.181001621669,0.133740500912,-0.489756616015,0.447526866991,-0.0322398804361,0.604722742722,0.468840583432,-0.294973992414,0.127547670693,1
0.0624195560812,0.0147123393523,0.125533997679,0.428690015133,0.454499735396,0.565663195911,-0.0114476750046,1.28137628882,1.35303018147,-0.437312809608,1
-1.36873878342,1.1379922192,0.504599930752,0.258840510104,0.963963676857,0.641220166908,1.98541285154,4.45872266759,-1.15022652207,-4.00123506045,0
0.742338431523,1.23582625881,-0.31152102698,-1.00903802977,3.44605327512,-2.72825027044,-0.140392166738,-1.18171137812,-5.50539962195,3.06375591006,0
-0.0272275154532,-0.118636349106,-0.25318610963,-0.190669117202,-0.414545969349,0.547837006408,-0.785197712727,-0.116029930094,0.936161164242,0.663174950242,0
0.332043045235,-0.0757572986625,-0.149977358423,-0.206034848482,1.36439452201,-0.0425856085435,1.96238307517,0.393491491537,-1.03796957151,1.84130562815,0
1.21218089938,-1.12617612098,-1.85067311328,1.10442371238,-0.304836787567,0.684284307424,0.336756940852,1.28554061169,1.64191863239,1.30634544761,1
-0.0692826450634,-0.226869325293,-0.361701098428,0.259818862814,-0.419669271866,-0.699208756038,-0.501928798869,-0.881320278311,1.79816638928,1.41363015239,1
0.0676347310529,0.459368971503,0.350081911559,0.218960539145,-0.382737888388,0.0303493776952,-0.775641797814,1.48927820182,-1.57040496066,-0.513777949306,1
-0.704438497594,-0.815722420267,0.351942009266,-1.06726148982,0.567493531695,1.60418647436,-1.44659477247,0.25190747587,1.31148901192,3.79289274668,0
0.565290684881,-0.0486583963875,0.230302489731,0.264014118097,0.143227828688,-2.18265947026,-0.449842188785,-0.915984903747,-1.73036238338,0.631917834555,1
-0.072350760489,0.263039491568,-0.766672019347,-0.150741132393,-0.538939216361,-0.939211688384,0.279846640449,-0.16236470111,0.36960507603,-0.917460604219,0
0.38947114262,-0.888989884022,1.05802181005,-1.99091339094,-1.75857335553,-0.330933370523,-1.12348258027,2.24574040624,1.46731959811,-1.64310519483,1
0.52074657828,0.158253811845,0.0584957931422,0.129052288243,-0.831970211897,-0.858422719811,-2.44450943918,-1.11541367004,-1.8938869665,-5.48814534268,1
-0.0748889166731,0.0685067922299,0.279581234812,0.564828814054,-1.56113673706,0.410534312145,0.217992676699,0.711452659736,-0.549996916982,0.297837242078,1
-0.345469533173,0.767170263994,-0.864985495765,-0.874327149739,-1.29456495165,-0.176426409873,1.49530571775,-2.29782702063,3.03744445713,0.554871318624,0
-0.0584672656738,-0.150025315484,0.467955306248,0.00916325479388,-0.581693277735,1.09136959801,0.380345553538,-0.619669601627,-1.55801916122,-1.18070011134,1
0.0332596889245,0.457580283819,-0.567518299135,0.00870704031621,-0.314925584148,-0.158406179893,-0.228571036966,0.435273266938,0.350771581953,-0.640041473307,1
0.022357089861,-0.162773180648,-0.422998752914,0.23394524523,0.266857468666,-0.318156975216,-1.22428284076,-0.798307269354,-1.02864640422,0.152399612458,0
0.214998894172,-0.718694139809,-0.290248370093,1.94894787564,1.12716241663,0.000927277219787,-0.00225938034634,0.480141239826,-1.56933230911,3.61324575983,1
0.407384929993,1.32324660981,0.465103813078,-0.810102915991,-1.93917360227,1.74363352922,-1.22274799117,-2.57700316236,-3.5030770059,-1.68783273424,1
2.58525901524,-3.68867360952,2.48756702359,-1.95868742231,-0.0544502089378,1.74081004647,-9.12515504997,-2.93093153619,-4.91032966599,4.73040410243,1
-0.0531258711684,-0.405158092228,0.593752897437,-0.190573206954,-0.158906228742,0.764305758905,-0.821795445352,-0.797272837437,0.438338929523,1.76147307957,1
0.351785085577,0.304654941542,-0.554130563202,-0.441275848977,0.0932129002475,-0.0961551126568,-2.7043327369,0.433482810781,-1.20189292245,2.51733348868,1
-0.0156677421816,-0.159733754604,-0.0324499298649,0.367538988863,-0.0716381581631,-0.000313616595341,0.495236270222,1.49921341982,0.482709133412,0.254357747417,1
-0.58932345932,0.722487824323,-0.681106030247,-1.05654769054,1.24057441335,-2.59745929881,2.20717906508,-0.800741870924,0.138977791325,-0.877049467451,0
0.145313681782,-0.443782557303,-1.94317265158,-0.850951833594,1.08353617211,0.663522001603,-1.03905534787,-0.730350021865,0.344504863836,-1.62735832517,0
-0.00406625255877,-0.242016596726,-0.642127858637,0.376557256211,-0.208209750213,-0.60778291293,-0.599334470242,0.449647040292,-0.955703109152,0.0796935935917,0
-0.584024335451,0.563106506254,0.255784691322,2.40695855582,-1.4224955,2.47832011535,0.714430193853,0.663494335442,2.371035558,-0.134285765985,1
-0.569028675794,-0.351249681411,-0.180050461963,-0.738868418524,-0.384340972638,0.248814137266,-1.39689391047,0.258757553544,-0.309498677345,-2.80856944171,0
-0.0776214143089,-0.275065285452,-0.623282089369,0.452638644822,0.278388501394,-0.591812761014,1.11871179819,0.879580982672,-0.976606343101,-1.30909114446,0
0.0176380511647,-0.0282536984589,0.142465929854,0.117432659534,0.608011156178,0.0729241784173,-1.50247919845,-0.0680423392116,0.743599290532,0.989459079528,1
-0.566674709646,0.420097126221,-0.514494101338,0.13732411087,1.03511511358,2.34318023776,-0.619222271138,1.75110177385,-0.5957860275,-3.70166561323,0
0.021863347385,-0.137904212487,0.125675765987,0.98681630786,0.119281771999,-0.057322084521,0.327134352562,-0.542189848794,0.577403800584,-1.10309730712,1
0.201155123023,-0.334759828883,0.361670078539,1.50883965461,-0.476296627104,0.750641787481,-0.997033028076,0.0882070086585,-0.0528588438435,2.45688342157,1
0.566048197036,0.0213684800595,-0.677483733481,-1.94060715915,0.0328809878366,2.10558947674,-2.29991059963,4.24240508246,0.870991675844,-4.04504241624,1
-0.416865350383,0.515396486112,0.312481598488,-0.449064154092,-0.342408989357,-0.869749654851,-1.33139556294,-1.27452958553,-1.49039785156,-0.953040929914,0
0.285264383626,-1.1841709359,-0.150860655088,0.0603151622952,0.29757298406,0.889037771807,1.08439231453,-0.842368617562,-2.23763940532,-1.54725712186,1
0.0307167561875,0.430863974072,0.422179862152,-1.02498676944,-0.184055721263,-0.147866649944,-0.738340598412,-0.20127885194,0.322599394442,0.240094154835,0
-0.0207480496157,-0.129684669172,-0.700572900689,0.471564702713,0.47235375343,0.0148797671616,-0.554321469535,1.86223039469,-0.7945984713,-0.240348397705,0
-0.120820368006,0.210814033659,-0.392425948539,0.925872254286,-0.253189909506,-0.472907768671,-1.22241302252,1.79960642065,-0.644926230756,0.101597157296,0
0.0548680376336,0.108655176119,0.10191973935,-0.340138529407,0.44602760926,-0.734096608362,-0.523113891829,-1.20117187327,0.68451124936,2.22248461222,1
0.182741609699,-0.117208255381,-0.926282908689,0.374262371897,-0.289457449642,0.492167581893,1.06965724202,-0.0160689964935,-0.957854354828,0.477357421264,0
0.07598495002,-0.117173356699,-0.174400205172,0.492032346395,-0.0485090485739,0.978184731277,0.408402781825,0.430060241255,-2.12895281179,0.349011637091,1
1.14981878272,0.386318293803,-0.516087777056,-1.8774335839,-2.6514765767,4.95272869832,-3.91120172061,1.12870409843,5.79111947429,-0.510892902481,1
2.24388530351,0.769306203322,-0.247865475218,1.03847542258,0.25233446417,-2.68132194906,1.31295679126,2.56739173861,-0.159219642725,0.566707087041,1
1.96036841438,-0.869599458086,3.2151093119,1.9974897842,0.108511255504,-3.24746975322,-3.74466165879,2.44542520463,0.109468052113,3.4990609936,1
0.36225642777,0.467117663486,0.351908200841,1.30788548442,0.53216241945,0.441254608178,0.265870094842,-0.766735618483,-0.951341949909,-1.24378634628,1
0.371879269496,0.13987802136,-0.426579969054,-0.420550517882,0.171597099169,-0.684914409069,-1.60786642542,-0.411234492669,1.05972815183,0.972735179679,1
-1.36694384523,0.724091689379,-0.203024395899,0.79792484623,0.152908764617,-1.8498928554,-0.433543905789,1.14774442151,5.8788518783,5.26559516874,0
-0.55186146561,0.702688064199,2.09340103581,-1.34391837796,-0.0923349501663,-1.10916621901,1.45389325258,2.84931367421,3.40798374543,0.843348065627,0
-0.135521514625,0.682688881237,0.829679113469,0.200812752633,0.521810439757,0.400242751856,-0.731267577735,-0.760899850266,-0.710096978963,-1.4348877532,0
-0.00308217154741,-0.008809980603,-0.0360291396394,-0.0685698631389,0.931475271562,-0.178095305691,-0.259968562746,0.0202156324972,0.0896934419189,-0.532422815297,1
0.0767305450284,-0.398853943335,0.250470683615,0.138754988728,-1.53324588923,-0.506838700979,-0.928436268336,-1.08071310302,0.506840071981,-1.72754542257,1
-0.107938255313,-0.318541111422,0.987205372319,-1.02288691306,1.06722914735,-0.13712928178,-0.268356309962,-1.07131895864,-3.12810434303,-1.16247349828,1
-0.201676845802,-0.707498655391,-1.26040628686,0.897221181885,-0.361178990355,0.824245817795,-2.33233770673,1.19470802217,0.42029710559,1.88102847442,1
0.019367708969,0.139388654782,-0.220014018085,-0.0385003088019,-0.383266579446,0.665121807353,0.453247953188,0.231685726682,-0.848998580123,-0.948758536757,1
-0.482763786839,1.1252320933,1.43023142443,-0.459192735377,-0.532291374594,-1.0853063392,3.21575770518,2.93726447966,1.2391006311,-2.61573639084,0
0.347357683397,2.19342559746,-0.331802221285,0.941894048881,1.52524232907,1.41420501955,2.93643799645,-0.461103514364,-3.62434593138,4.04368552197,0
-0.0873444667202,-0.301446719462,-0.718192827382,-1.44843322548,-0.778613967969,-0.100050291542,-0.872741613898,-0.527272993145,0.644106741238,0.691275410474,0
-0.010914568703,0.327669359697,0.3797308253,-0.108605868667,-0.00846097307973,0.298111635995,0.0611527345943,0.360079050477,0.904831704045,0.723461386897,1
-0.334074893321,1.39135772525,1.17628399931,0.91907824947,-1.75556009433,-0.949441539972,0.832920559253,1.06390803772,-2.76266280572,2.14344442721,0
-0.00964166597844,-0.213506866689,-0.286439046051,-0.164594297224,-0.459178448567,0.488807485141,-0.440412946546,0.177819455896,1.07597264318,-1.2798631902,1
-2.39601740276,2.36622724641,1.14886611171,-2.44319285503,2.48572000735,1.69601007975,-6.38975006072,-2.38046401941,2.18720343937,-5.38464716938,0
0.203894647519,-0.845292639929,0.265250849208,-1.48646073763,-0.656199132409,-0.390122152838,-0.0868610458377,-1.52963172134,0.463577695315,-0.8127228104,1
0.331237582494,0.251242226082,0.667459114211,-0.59160504834,-0.0922650625185,1.85889719462,-4.50698330956,-4.56906262462,-2.07045977588,-1.21383454048,1
-0.572514857844,0.131798426279,0.0126009948707,-1.15200447106,0.165803305401,0.0748896619778,-1.6847611815,1.7383258876,-0.441062947537,0.267943097981,0
1.69535987982,0.965487837161,-0.780173627103,1.45235733296,1.9603910966,-2.99176854121,-4.4883733528,-2.15822609255,0.250327523887,1.65447546308,1
-0.632809745903,0.262398601897,-0.530165828854,0.0591382592075,3.53726346888,-0.573281643499,4.41815821006,0.857370676124,3.72087739283,0.376967271515,0
0.0569177107787,-0.335199117455,0.581487042845,0.296966812105,-0.134789663061,0.263009985692,0.651255025375,0.4026616446,-0.7991176539,-1.17319656897,1
0.327596692314,-0.569502462064,0.639517026198,-0.986458266718,1.44074232478,-0.352821263575,1.9540145626,3.46483381594,-1.82953331764,2.18157539989,1
0.344383463031,-0.0359583172067,-0.0119355733161,-0.650361870678,-0.390716454755,0.147077288188,-2.2965646231,-2.57205419454,-0.85931707135,2.79831968012,1
1.25795410945,0.0636458074015,0.867597679036,-5.33212622521,-0.254373278177,-0.770798057981,-1.38243826772,-0.740130296483,-2.90687919856,0.518712231019,1
1.08840001264,0.789534753011,1.30194533616,-0.523081649454,0.905753375181,1.18101485452,0.562136111831,-1.53179290688,-1.68053224315,-4.08821636391,1
0.832080172088,0.560577623526,-0.519339353395,2.55854610427,-0.283354908667,0.651519260797,-1.17433863839,0.495394291779,1.76235610938,-3.01682484843,1
0.359874604769,0.108075064511,0.40570734075,0.685963461899,0.140020744347,-0.25359620138,1.07064707753,-1.09264679184,3.34422092088,-1.10949392991,1
0.0591404425913,0.392114577537,0.341300952882,-0.331709117258,0.51078516722,-0.0435345764384,-0.259330761743,0.956075157194,-0.542227994264,-0.674985706883,1
0.0791187327732,0.414244747086,0.912286497775,-0.00472916372973,1.1098114633,0.319904148141,0.47121684149,-0.0366312194636,-0.99466413079,-0.896822180785,0
-0.0124750513513,0.328336238065,-0.342783451689,-0.735484094158,0.120335599521,-0.567390154068,-0.654975354798,0.00302922906127,-0.748571321008,-0.196587105281,1
-1.20332099546,0.00238610881944,1.45283489951,0.836485670351,-2.16877863971,-3.00730053708,-0.500341285809,-0.797371163217,1.86906524789,2.46304112079,0
0.917197418979,-0.872017222854,0.469499190209,-0.789811058187,-1.11120053121,-0.794836655176,7.1267007082,-3.34588698201,1.63627120675,4.21182270456,1
-1.9025627856,1.41764671654,1.26246204837,0.250630399497,0.957661770621,2.10029749812,0.329305581251,3.8388580925,-4.3201648898,4.23921690664,0
0.0672251873366,0.197892249355,1.10405887333,-0.128504292771,-0.730674418115,-0.869444442689,-0.638656580136,-1.17792625751,-1.13537841405,2.10885209246,1
0.829198662634,-0.628590788636,0.27597546765,-0.828336815112,2.72300317801,0.484184944839,0.888957812056,-2.5253088104,2.86294616027,-0.910322640325,1
-0.0195425039555,-0.38037245835,0.765272225871,-0.0194764817669,0.455855132822,-0.323796130459,-0.361062025555,0.184020926901,1.45708360791,-0.971028985429,1
0.432539863695,-1.31827800817,-0.923131127476,-1.60027403766,-0.52249898548,-1.27193441445,-1.23635571972,-4.25595583424,0.0425868752806,0.0166168338461,1
0.0696494517733,0.47585908265,-0.667966218809,-1.62021809577,-0.0604789555429,-0.356905700276,-0.733577098196,-1.05877548124,-0.215484298147,-1.13462707865,0
-1.67539147564,-0.647971048258,-2.73561061644,0.860410895035,1.39408678614,3.36100358091,0.741443574935,0.784433135941,1.70686133912,3.65475630219,0
-0.0265738165721,-0.0861876372215,-0.318782448089,0.0140352091573,0.462578821854,-1.15509422966,0.735699457781,0.222267360607,2.52442893986,-1.82587206319,1
0.21288052739,0.225425157181,0.938509924987,0.0584795988244,-1.95788223197,1.50719991092,-1.29635498295,-3.65796862783,-0.387621733264,0.284412584182,1
0.0907510899504,-0.138120249832,-0.355136081469,0.703621640548,1.41427885336,0.772395774621,-0.534835869072,-1.21393369191,-1.32391254626,1.44106653754,1
0.355889735791,0.106842459002,-1.07173541104,0.589956509362,0.436541480667,-0.484822857512,-2.50036285688,2.73394145987,0.540206477207,-1.5435549547,1
0.0310151187647,-0.00474714969006,-1.07426547132,-1.15997661943,0.177614440407,0.779814332648,0.270416346555,-1.47509643942,-0.165455006558,0.44166868247,0
-0.331171977605,-0.603785955109,1.16705917389,-0.744209598292,-0.469840663124,-0.12406949335,-1.979544709,-0.382742855009,1.3355887118,-0.525009978389,1
-0.618048092392,1.0945248527,0.917242381915,-3.34569467508,2.07744472737,-0.766592797281,-2.72410004222,-1.34724250953,-3.50500830256,1.77455119864,0
0.353597128065,0.122498637488,-0.370758116538,1.56605055051,1.05422234924,1.68323324672,-2.39966271335,1.48302504817,0.461884865209,-0.511940667448,1
0.556521395896,-0.0217581144346,-0.403961574785,1.74759830473,-2.33215384202,-1.35096888664,1.55610691927,-2.68297590571,0.739095899407,-1.11302836138,1
0.0638892900516,-0.166558817826,-0.0370094358083,0.449975261845,-0.585310255617,1.5349512652,-0.479358061487,0.251186804132,-0.263082573379,0.134439064811,1
-2.30443813342,-0.303295938116,1.36571468619,0.540640950314,4.60849483233,2.17674135066,-0.139712451077,-1.92217082545,6.39702345434,-3.72979483134,0
-0.0341220064949,-0.072255696251,0.337652601058,0.0282355671019,-0.477279245198,-0.298269201836,0.403740733487,0.909033191248,0.95961672203,0.887135783106,1
-0.0725681077305,-0.0124547441756,-0.130054579448,0.601894922814,1.0105372185,0.840533942253,-1.03212550724,0.395297501514,-1.38012837019,-0.137882097608,1
-0.695141376695,2.99207208479,1.24532777413,-1.20773695499,2.25330955605,3.04450082733,4.46480819643,-1.0655135128,6.09320072495,0.645174638805,0
-0.749980876943,-1.2188012889,0.722200223694,-0.832371050211,-1.01520702279,1.92992652214,3.51853578553,-2.31472626124,-2.29212907004,2.49448486127,0
0.647555112912,-1.01947142874,-0.489810525571,-1.69411303583,0.257424208922,4.09631003225,-1.10084087031,-0.665774163617,4.40037362958,5.1472478681,1
0.924259009849,0.173399986011,0.991375879074,1.44105442173,0.981700095186,6.16739150946,3.77001471579,1.48823154278,-1.83965796713,1.8949291857,1
1.16750720388,2.231228519,0.362287637025,-1.85256483536,0.883964168817,3.89110334687,1.7914963108,1.07660720944,-3.22463309275,-2.80101243047,1
0.30217955889,0.701010586856,-0.875028308386,0.228220731546,0.331179542059,-0.864422283106,0.832460617159,0.136076011925,-0.360144242333,-1.03425740254,0
-0.374038790325,-1.04258165181,-1.39313672043,-2.14357051059,0.601050234524,-0.300796416631,-1.7926085942,-1.42174832771,-3.2955966836,0.0763565395008,0
-0.15387763337,-0.431615205371,0.28221920856,-0.429170208657,-0.858494790786,-2.28587373524,-1.10360840836,2.51432730576,-0.41969250797,1.06024645895,1
-0.921302492029,0.481725644488,1.46887030985,-0.980633331685,-0.355816845208,-3.5744281205,2.88363308091,2.56107205783,-2.60342179661,3.64707811349,0
0.750844318905,-0.901624357639,-0.576532087675,-0.702434922666,1.79907250671,2.29261830827,5.29260498361,-0.166775031649,2.27351112481,0.702506184881,1
0.0063237097036,-0.0755836548622,0.233506616898,0.165932697921,-0.242674414697,0.637434437842,0.716429092649,-0.429281768313,-0.290373657797,0.126076501122,1
2.53544266497,-2.64293304193,-0.682504101281,-2.56680179436,2.61519984069,2.51680034016,5.65847820852,1.13238607965,-5.39501062566,-5.0985164616,1
0.619567640025,1.17596791974,-0.175818976274,0.686247683435,-1.43169180522,0.735010855081,-0.115537894692,-5.08669161829,-2.93686378002,-2.86094355639,1
-1.72799674616,-1.7974159432,-0.894998392762,3.99792628546,-3.82117843551,-4.61146280812,-2.4687892014,5.29497547902,0.23195648624,-7.96656077198,1
0.358619875823,1.33571962632,0.276921716024,0.663605276797,0.938204294605,0.0189757595919,1.71069304441,-1.35343577119,0.276627943678,0.361994331298,0
0.50799138645,-0.0114276443414,2.88886645498,0.614026442416,0.499739650024,2.66792373398,-3.21332927087,0.643511729099,-1.25830871062,0.00085773532161,1
0.489105484106,0.67810019796,0.0395109175305,-0.29443583035,-2.67374069515,0.287758337286,-1.13629974901,2.0814054344,-2.89369749758,-1.73035473369,1
0.238076650227,-0.119628505346,-0.72668442199,-0.476310891933,-0.395331480088,-0.196865557106,-0.128705145481,1.92607322492,-0.460357672868,-1.54955028961,1
0.138657702193,0.0329023087125,-0.210440351293,-0.26298388121,-1.02483349229,-0.812422565092,-0.867875421019,-0.684475125857,0.216836711757,-0.304438818565,0
-0.168739231951,0.0324322242986,1.12848740217,0.0695203718538,-0.281133910772,-0.470125399325,-1.88783863196,-0.503728222769,-1.76851653809,-1.71072615366,1
-0.974743255968,-1.56231740141,0.17162836861,0.821893781856,-1.70716343714,0.157699947181,-2.00206437821,-3.79287139773,-2.85722729504,-0.715181903756,0
-0.0859927160603,-0.64511306974,-0.0877544337989,0.00890401751703,0.814864629769,1.27406304351,0.578549664772,0.651032269518,1.57576839853,0.588556839642,1
0.423859897922,-0.704796195284,0.109637741336,0.817719598842,0.331250829737,1.2819434518,0.0152301582916,1.81289547932,0.645519813467,-1.26406403806,1
0.480244889724,1.48632282158,-1.12178070098,0.0960452960579,1.2335033141,1.71383068831,1.03131191396,0.510789826575,0.542760090926,-2.06696422152,0
-0.834022317833,0.906919759881,-0.822071354598,-1.04766210189,1.19212785165,1.38775403084,-0.814851067454,-0.333581644625,4.92824653442,0.739517422135,0
1.41960295316,-1.70949573498,0.687420577433,1.11219238668,0.884260753268,-0.794381513576,4.60070466063,-2.46969769259,-4.63588719175,-1.05538719976,1
-0.256481720392,-0.734320884002,-1.05204826703,1.77460134743,1.73576724892,1.42011377025,-1.9042502379,0.902874727325,0.0224242872178,-1.27054688889,1
3.21638252285,1.30338789107,-3.32274311247,3.44255144329,2.4273941507,-1.90893860408,0.475646228293,-3.96885702335,-5.46528754146,-0.993308035985,1
1.52840920975,-0.363492581437,-1.33379929848,-3.1276479993,-2.20778767425,2.30951965445,9.47803466322,-0.513411092385,2.06345186523,2.16494924647,1
-0.0776506002245,-0.660462166874,0.488562583983,0.0886882534243,0.613547615365,0.784564185016,-1.39249659124,-0.695307193841,0.540458020646,0.545179088341,1
-0.236987779456,-0.111127224075,0.193259493539,-1.31351925416,0.673857118998,-0.267230178098,0.730095246503,1.87191703249,-1.00821570212,-0.914606636798,0
-0.175809425399,0.298063409789,-0.857801485568,-0.16347517064,-0.708399574849,-0.15268613845,-2.37789165301,0.126968962582,-0.313138601934,1.42451009363,0
-0.00367610476524,-0.15423618684,-0.241175923626,-0.580897655254,-0.0346322311718,-1.17780534293,0.310279545072,0.493460537596,-0.801423447752,0.883484318889,0
1.93222567839,-1.43582198848,0.0890569624664,2.06344449053,2.77000017952,-0.518008679009,0.258299943624,-1.28160234934,1.18401129658,-6.63387380127,1
0.555114787466,-1.06341292963,1.24115089395,-1.52680151349,0.84750366496,1.5966569119,-1.67969996702,1.01193124204,-0.456639601571,1.86606985642,1
-0.117405527046,0.715646785211,-0.37047980718,0.533737062416,-0.886989961213,0.584393408358,1.09438271894,-0.0160899664739,0.401033001143,0.736150531289,0
0.240849893437,-0.789799675007,-0.248546372616,-1.03480208252,-0.774907194076,-0.00106313956477,-1.02598159468,-0.344308226903,-0.895817890939,-0.798658729927,1
0.317653481752,1.02322014531,0.276386453735,0.5749256747,0.275912595326,1.31815469865,0.0338797931703,-0.351425355879,1.41790252374,-0.131230286465,0
-0.760845048425,0.958407350459,1.13566931884,-3.59328304091,-2.19956179822,0.453816544581,1.75062004293,-2.690721705,-1.75655762161,3.89819406475,0
-1.91280901738,-0.729827911514,0.292658754675,1.55056601675,-2.88585094363,-5.49269780203,-0.902758835008,-0.15852292851,3.78950518602,7.1878368061,0
0.0463504404724,-0.516823699411,-0.272139707777,0.331467535127,-0.348747023469,-0.442641714831,-1.00573530043,0.692406604374,0.725172178045,0.860876019738,1
1.86994688857,1.64078841445,-0.478252133837,-2.10042176983,-0.0993245163788,1.09883489014,-1.86955879953,-10.2433505213,-2.063358481,-8.71378171659,1
-0.0491282158796,-0.277390834592,0.0255370297455,0.871536604578,0.18448265966,-0.204161349457,-0.322072818165,-1.36472884354,-0.239388879965,-1.71613003948,1
0.0924344147754,-0.61909446804,0.514674000316,-0.132442615898,1.61995542007,-0.104453586001,-0.352886889447,-1.43098247377,-1.18390475826,-0.42566263901,1
-0.604721738907,-1.27041540443,-1.69454868103,-0.484862770259,-2.29045174128,-0.0873487991171,0.238192430145,1.83377350487,-3.38531972098,0.833795035057,1
0.117924144181,1.3957218203,0.726255299204,0.420578413324,0.0703155738801,-0.073653690365,-0.0713623988041,0.757811631598,-2.7784198359,-1.8721981378,0
-1.1705901463,0.366095437494,0.169710990468,-1.38907893039,-0.612377072621,-5.82621242351,2.42760730276,-0.896896028657,-3.68372850246,-1.57449078846,0
-0.33553139733,0.230131221664,1.66140306862,1.26548308309,0.276590317263,-0.960912376002,1.6532357336,0.814768352364,2.32091078589,-1.06789185089,0
-0.497185499405,0.212713205438,0.981461856409,-2.06226827388,-1.63035897959,1.90384414673,2.2130256548,-2.43510233789,0.462111471153,-0.827062063882,0
0.224332504341,-0.156960524345,-0.671131495821,0.865068141509,-0.977386681486,-0.201504141281,-3.34358664078,-0.0198937462626,0.797763366051,-1.30993723317,1
-1.04396735262,-0.503959454175,0.622636138244,-2.34597445089,-1.58129257527,-1.72568551664,-5.11214488136,5.07913852815,-3.45045276407,-3.24364455023,0
-0.0288168664359,0.443309967235,-0.450068691224,0.482734601393,-0.0647314092209,0.331384974827,-0.783044085192,0.849978753113,-0.124541243431,-0.169181079119,0
0.0853622849627,0.230311279815,0.0560079373137,-0.567578711089,0.20499781557,0.702526091585,-0.43460403272,-0.138748392682,-3.02537894451,-0.22340492144,1
-0.174866641669,0.19682422605,-0.509937205215,-1.0665034291,0.116186815604,-0.32302889862,1.22725003787,-0.163531003498,-0.722831737102,-0.18004432784,0
-0.492881807719,0.470949565549,-1.29437639733,0.965164119454,-0.927205809835,-0.885449616033,-0.136372077243,-2.19158314291,4.00341029256,1.00228150009,0
3.37742442997,2.74558743475,4.50457644997,-2.59947102631,0.739374253723,-1.23608124562,-1.69789339084,-7.33915276912,4.87247537133,3.77432329063,1
0.229661665531,-1.43761239444,0.186200330042,0.253845931632,0.387400810155,-0.676006425391,-0.345503230559,0.7917203436,-0.0124913194702,1.26323554437,1
-0.530083082867,2.16383569684,0.103253377585,-1.25279437753,2.58894915667,0.421860034784,0.641035293605,-0.286179439036,-3.08481868238,-3.35402436993,0
1.17179325015,-0.583474521576,1.99273253391,-0.135081520635,0.563153338033,-1.08252938354,-0.0757362570558,3.00677659291,0.00221193113817,2.69082169207,1
0.0162242594516,-0.0831967842995,-0.468580391212,-0.0574905062358,0.137180010406,-0.966735278051,0.0252988447403,-0.100938855176,1.11165967139,-1.63704025181,0
-1.90486665919,1.19824728677,0.677105611723,0.860161787533,1.53917880443,0.824245197992,0.295284958295,3.26234104401,-3.32066660092,-1.41659015641,0
-0.235888719727,0.556875771365,-1.12906425993,-0.783424939601,-0.75768401264,0.422738694551,-0.657695720295,0.473120518573,-4.16137594358,1.28216445911,0
1.30087776179,-0.780258664421,-1.83132642611,1.3707782867,-1.66846015621,-1.8865700487,-2.30576568602,0.284771963102,-2.2583245033,-7.96210118076,1
-0.825760345808,1.19941343865,-0.26325427065,-0.948795520281,-1.74937211761,-0.609401223892,-0.368611935823,3.19320648623,3.03089109617,-0.803495473888,0
-0.012090932436,0.0873785131346,-0.266375290534,0.0623142182774,0.0649405800501,-1.18462735316,0.15128323082,-0.0265091791364,0.0470286834727,0.115490651308,0
-0.0378298021172,-0.379824451682,0.522226139115,0.443433050895,0.533449625025,-0.133439679477,-0.607685461206,1.70119379232,2.2306199703,0.812972419215,1
0.660379747253,-0.591467636231,-0.0974351389893,-2.0382528755,-3.75663227595,2.99264562401,0.0128894288392,2.22668125247,1.55820298333,-2.2051815517,1
2.69108253015,0.86141492857,-1.82100221612,2.88707692256,0.888259960244,1.57421785685,-1.70803255593,-0.079975190804,-2.85472768527,-8.01650185752,1
-0.012417184577,0.258863764425,0.555361012487,-0.871412619858,-0.90343371973,0.169314759505,0.545329115095,0.213103823384,-0.0177680832713,0.0542292001215,0
0.0157000660376,0.26169926041,0.510300823974,0.325503863624,-0.582828680947,0.0790415716545,-0.154017939827,-0.390207906101,-0.301674470672,0.104870484326,0
0.229715180134,0.400248969465,0.578934047698,0.344206636914,-0.629893065737,-2.61952215849,-1.05715741447,2.83815817062,2.63691793322,-4.40538479286,1
-0.0717587371587,0.343313774687,-1.49532129017,-0.0491539301479,0.695070052851,-0.364877330555,1.35629370766,-0.978780944444,0.964521980238,0.656772279697,0
-0.801017944226,-0.0319878742877,1.99174394143,-1.18168969569,3.15313648819,2.13779513241,1.78950057403,3.82781364081,-1.9137465996,3.75314668651,0
-1.08947530283,0.184197139313,-0.397741746282,-1.1775372516,3.55354767251,-0.342273088922,-1.08343648749,-1.07614745526,-2.5034651336,-3.64557198657,0
1.11397913693,0.313866330181,2.32319220918,-3.40080437179,0.200577157658,-1.81094148531,2.88112200157,3.08933654301,0.711156922447,-0.785257306816,1
-0.623090922803,0.710924672012,1.34192212858,-1.21846495298,0.953552310734,-0.241220713767,3.74483097316,1.14185210838,1.30583422009,-6.64974457849,0
0.168635990845,0.142433699788,0.396464567395,-0.767658763415,-0.328742601713,0.387049877382,0.277495960766,-1.46686529464,1.46659100208,-0.0360290036688,1
-0.0243777509073,-0.309113730047,0.580098895903,-0.288960006628,-0.0434553623443,0.258162454701,-0.347296445886,-0.119798199847,0.473070004828,1.4790391046,1
-0.0677027735108,-0.0263968727252,-0.162366566641,0.637993343488,-0.486146365954,0.299684302822,-0.50216901247,0.528472598166,-0.471943807559,0.615749511868,1
0.0259772232309,0.345762484751,1.04212654088,0.21245376771,0.96249166965,-0.258971288808,0.470490719239,0.203560028012,0.467617314967,0.539936479884,1
1.1626757781,1.02384911623,-1.30563515905,-1.17461455287,0.251180632347,0.406473995457,-0.7999983848,0.822146334744,2.15486944504,-10.0376173591,1
-1.0668139996,0.585201852923,3.91299327349,0.799764226698,1.32511504951,3.67512628442,1.84218809314,-2.24109861301,-2.72065486613,-7.50876244096,0
0.10215743731,-0.37670746949,1.43088660771,-0.828435255947,0.163864449539,-0.230029491863,-0.522536594268,-1.8346118119,-1.99650196329,-0.957832173101,1
0.131004205056,-0.301183948251,-0.45742800363,-1.05593193306,-0.526556414303,-0.828601357373,2.57991868527,0.0434713883293,-0.780551568317,0.989906295674,0
-0.264096275035,-0.943269799175,-0.0945558130728,0.0681464381786,-0.126183356553,-1.08977540626,1.38681622883,-0.95889162705,-3.3733751125,-0.854912961324,0
-0.973839202742,0.975288864638,0.904041879416,-2.67896578484,0.20323033076,4.63551438267,2.77019419488,-1.87391802198,-2.46370226169,2.56467993793,0
-0.518139398575,-1.48698410143,-0.580991372548,-1.61607704805,1.67578219182,0.649027576978,-0.573030973105,0.266160985209,1.75876162041,-4.57703817748,0
-0.0766869159557,-0.289257353575,0.732607649522,0.217125136622,0.43487050917,-0.426162094478,-0.965046690342,-1.44507830782,1.42299479876,0.658228357855,1
0.808009111775,0.215581767431,-0.606342067784,1.00242821893,1.7413624197,1.80534694949,-2.36154984967,-3.32877547792,-1.43550359162,-2.28568658469,1
1.07480951984,1.15714020822,0.398719855049,-0.760712976736,0.806752098851,0.917068144089,1.78787957195,-2.82429852196,1.28140036101,-1.53385816224,1
-0.261207384125,0.178767911786,-1.27563514457,0.1790618267,0.268447651208,-1.42543192356,1.46356296038,1.71518740439,2.46475962228,-3.44400970476,0
-0.0776405160761,0.0990199994778,-0.0342767313309,-0.245676693877,1.43075484814,1.63004345258,1.11194203449,0.801489657113,1.06536593104,0.192901845948,0
0.00632875492017,-0.165857632103,0.143781719836,0.164821777503,-0.420757285461,0.790451218429,-0.738852911744,-0.312796834668,-0.759907215041,0.493541978517,1
-0.263558640372,1.31216747931,1.12181439967,0.00712962061054,2.2719863455,-0.516264128126,1.41609076983,0.330962185999,-2.88553521287,0.178144499601,0
0.0255831043554,-0.00556860040904,0.181912380235,-0.796093412936,0.997326855742,-0.256890208495,0.285012368012,-0.573920434288,0.721697686315,0.937518669014,0
0.272360226074,0.00344096987098,-0.0618997051129,0.594994414986,0.631792088568,-0.201232219835,2.60887357346,-0.282432722986,-2.5961891398,0.629671885085,1
0.000622794309457,0.297325309523,-0.0337439798432,-0.606076715258,0.0772901661821,-0.247649375117,0.603822099455,0.447942888928,-0.115991850845,0.915409896917,0
-0.867394252754,-1.05726816969,0.293725482595,-0.630958483825,-0.377628101877,-2.49037051496,-2.93239812454,0.496925657383,1.61422556277,5.75866787755,0
0.0136045244832,-0.168920928495,0.165062840422,0.0213059184926,-0.0947671699038,0.205926063522,0.764701356933,0.647196183606,1.28686784703,1.41214764897,1
-0.184936903552,0.178771594881,-1.45123159973,0.92216214644,0.0398717843743,0.600466920484,-2.16193590427,-1.65644255963,-0.330635384178,-0.1325675474,0
-0.13065301571,-0.575719161355,1.42591334949,0.643764125856,0.0328115632125,1.51313547022,-0.99713076407,0.613338126615,2.95320910607,1.00135381954,1
-0.0249217455368,0.0448127382383,-0.400504579376,0.11822864499,0.072527903379,-0.683227316127,0.0916717344228,-1.10777806584,-0.704791515157,0.231055811195,1
-0.112868225342,0.145243752117,0.745824714458,0.0175102873849,1.08563306125,-1.68563145141,-0.285419451278,-0.733127491575,2.55610194936,-0.108050425655,0
0.499488069848,-0.0176733432751,1.11827534241,-2.17344426508,1.11951150355,-0.531943078643,-1.83608269147,-2.25396684334,1.41838625966,0.254689785996,1
0.29464929736,-0.561463020675,-1.07375732159,-0.528402216845,-1.47044755836,-0.314870082635,-1.65772808788,0.371412086759,2.1324559417,2.08764636137,1
3.77698891364,-2.14854607719,4.21611255486,-1.31804676967,4.11681792096,-0.010388107793,-6.53661980449,-1.14059388891,8.00848090978,6.97717810326,1
0.0835405056471,0.0807651442923,0.632938760432,0.223894177347,-2.06395280093,-0.469994124854,-0.433634993321,-1.36421246555,-0.218820267375,1.27242872029,1
-0.226780498838,-0.23926006676,0.499705951126,-0.0361225858225,-1.0966848677,0.214120486543,-1.22792651093,4.77046457396,-0.20616988455,-0.318234307521,1
0.0235724500641,-0.304305253008,0.121392180256,-0.00706169956129,0.194058148471,0.862885048622,0.670753300915,-0.293557920088,-1.45617227124,0.0459167258278,1
0.0914879416004,-0.715488951282,0.11048646757,-0.472562922862,1.96439992291,0.279866325026,1.15656381875,1.22371475635,-0.837827542138,-1.25313336805,1
0.557783132828,-0.125563116666,-0.655153173617,0.769610548579,-2.45826818639,2.02336358696,0.418753926288,1.76592041748,-1.06600130585,-5.85266512549,1
1.13906399016,1.09042811944,-1.64247625726,2.95722310635,0.677887444729,-2.09347796348,2.85299723231,-5.30187842156,4.49660692104,1.89582318398,1
0.00935028922992,0.0700278581169,-0.0192405763096,0.433582622159,-0.0608376884819,0.174093298913,0.405732173153,-1.23931203834,0.666077746609,0.057368615211,0
-0.60910344469,-1.07103427121,-0.278782671171,0.7094105803,2.48008439833,1.12041316082,0.507723966538,-2.12606005192,-5.27870002625,-1.38626147986,1
-0.0077636148098,-0.185725273678,-0.275132813423,-0.141248046546,0.314604294484,0.140060729645,-1.08019703107,-0.159225455583,-0.921045209505,-0.435574216337,1
-0.0163119060367,-0.176944087319,-0.290550694441,-0.640346941943,-0.215843942965,0.597567389128,-0.0975803604423,0.405999687489,-0.283491201812,0.114928958998,0
0.0303055473616,0.654990567871,0.317086243286,-0.0859183056236,-0.804679870523,0.247006745137,0.190912785539,0.799881657281,-1.15142781578,-1.03166316728,0
0.00886261254612,-0.19072484459,-0.115800652667,-0.304326841193,-0.476329334433,0.121836590374,0.416918253608,-1.38830981875,0.169018192865,-0.412285024502,0
-0.0411858256594,0.462551896522,0.0813406134186,0.395317445208,-0.643845456815,0.400093976655,0.480387875788,0.931696195953,1.87507446044,-0.667755575676,0
-0.907252655732,0.632493559002,1.48116400594,0.456703705582,-2.71915429832,0.284536926182,0.517627176901,0.0185985733764,0.16601168466,5.50840026652,0
-0.145891541127,-0.201419704514,-0.66357057169,-0.320761604678,2.43753650531,0.765121288505,-1.17998382633,0.512947338248,-1.03131109615,0.779816706879,1
-0.923348337323,0.816482034776,0.316666041295,1.72824762724,1.08739394275,-0.433861537314,-3.76878261878,-1.06020439525,1.90846402649,0.717648507246,0
0.0393245174911,-0.161805289991,-0.435249079919,-0.244805894753,0.975123761058,-1.02854076812,0.741266043907,1.08177160607,-0.831372971038,-1.1859580361,0
-1.63938793013,0.677917418656,2.44297597125,-0.359574370284,-0.508806758159,0.755138233619,-0.712316057967,1.050477907,-1.12424566916,1.48639685806,0
-1.22139307936,0.465954670738,-0.679181320316,0.0624270655013,3.27941044381,-4.13934504933,1.94330477141,-1.91435584893,-2.59348454429,-0.363168260266,0
-0.612416424844,0.343990370009,0.396539641935,-2.22221865876,-0.0243916079587,0.98675393908,2.92728773493,-1.8667887342,1.83764382693,-3.69659818565,0
4.12143156226,2.01593266014,-4.35276907288,0.250841133596,3.88787451557,7.98639456572,5.87937008866,1.07463906049,9.09625820868,4.50743435905,1
-0.635093549558,-0.581592848924,-0.537562354217,-1.34920211646,-2.71296113254,1.30319102179,4.673218286,0.540940548282,2.22853628173,-3.45004730096,0
0.20878416736,-0.618559800864,0.163397487372,-0.457416866448,0.967685228096,-0.842487569,-0.716755107985,-0.658196051365,-0.370177958945,1.03568823864,1
0.0688544635566,0.483701410489,-0.265532039546,1.06968413606,-0.855114592306,2.23182491027,0.904148476485,1.36369227024,-2.17757842887,1.05020662916,1
-0.0205782966902,0.186098566513,-0.069143819452,-0.224209628184,0.979265026313,-0.192274883745,-0.0228937458768,-0.398115489864,-0.497346427203,-1.94615153527,0
-0.464746950856,0.00223274053319,-0.0609365225524,0.182026381373,-0.724130448648,-2.15157767353,2.23597143949,-1.32880918455,-0.626300483486,-1.48612966262,0
-0.238248941341,0.0406994435683,0.678545665205,0.379977729137,-0.42643299144,1.48785807422,2.4847560134,1.5775193049,1.04380806472,-1.10902211064,1
-0.310204830315,-0.0318162220402,1.20697383895,-0.890503594011,-1.61764784918,-1.42107753887,-1.88403236153,-1.72464514997,-2.08316949833,-4.34219306407,0
-0.407298570823,0.503396567438,0.519044956559,1.92912194092,-0.809932736233,0.880544494732,5.17022670276,0.589528227142,-2.64830857889,2.45267543719,0
-0.175707685147,-0.434472811397,-0.036797023567,-0.172171388576,0.0317006153952,0.0745469386722,-0.96057817762,-1.54195997584,1.24419810715,-1.39385788934,1
0.305599239835,0.0234219441932,-1.35213136653,0.326076214961,-0.488235954283,-1.0993965872,0.155015774805,0.0641150829462,-2.57519566734,0.584289131332,0
-0.965193861042,-1.01826241123,-0.758424756439,0.00631033305525,0.0762798022026,-4.55270502705,-2.04681141084,-3.76584823353,-4.80861933948,0.86357795157,0
0.167797039041,0.533949412216,0.972092513061,1.21510326607,-1.1231330573,1.11804722941,-0.240304442438,-1.40212684109,1.71752654405,0.919896798282,1
-2.97045834429,-0.542313979063,3.14538783097,1.00905244578,2.62886387882,-5.81429565291,-1.11420117902,1.80333661228,-0.999968266154,-3.56563936896,0
1.85270909028,-0.104403625925,-2.25168348616,5.24758882811,-1.23121676044,0.326392294017,-0.245095593622,1.55438845982,0.923121396901,-2.19178086487,1
0.176278739626,-0.470060737993,0.53254926998,0.678568366582,1.85258456059,-0.504666847747,1.09335735469,-1.36579677103,-1.84183127112,-0.791269234752,1
0.00799162016441,-0.0360309550979,0.522398337835,0.0694974598652,0.0890532515477,-0.130793956756,0.183080157205,0.184599665044,-0.00993151907906,0.180141234844,1
-0.038921977032,-0.188436575087,-0.130264361892,-0.331421904017,-1.15174649237,0.529217619763,0.383170422252,1.28325942644,-1.20683833448,-0.221734588264,1
-0.167771955044,0.70927001491,1.34428362433,-1.67957866414,-0.269958596805,1.16049051911,0.337161732409,2.00324283951,1.27314848234,1.48035402689,0
2.5588364396,1.10388530768,-0.891059582062,0.0651035187922,1.12288048331,7.18904561956,0.407723872655,2.60966263998,-2.82664622006,-4.57924892507,1
0.364009281061,1.03263790563,-1.09441362454,-3.04548952558,2.36517283453,0.67568511487,0.0853059415197,1.90758648967,3.34006803502,2.30324306413,0
0.415986200839,0.33999218972,0.687606648137,0.0333474452605,-1.28869235048,-0.692847440958,-1.09983220628,0.0137256759585,0.210145903521,-2.71148954652,1
-0.0151974327362,0.0777769623597,-0.1155162967,-0.934694747989,0.0558542872837,0.436510935573,1.16300505497,1.01142275198,-0.0231268386326,-1.39098999271,0
-0.163132361717,-0.347700927038,-0.785930854048,-0.204616989751,0.407712920903,0.733450621232,0.0891259030022,1.78111859232,-2.45875263648,1.8070047157,1
0.000961633325895,0.124156696827,0.52831850614,0.170017359935,0.206609104689,0.0450445661539,1.18823273112,-0.265337471742,0.230665371828,1.16482343022,1
0.0364092026343,0.382777985478,-0.236190294785,-0.491923911688,0.475771120384,0.551458388032,-0.0595301732106,-0.619393728904,0.266260788636,-1.5582904941,0
-0.0426030388919,-0.500082310245,0.397132070778,-1.08982150395,-0.288549811058,-0.109715201697,0.579592528772,0.181609866031,-0.472581495976,-1.45148182488,0
-0.398887848668,-0.648102645905,-0.921819383222,-0.338808333559,1.48811409136,1.85177354461,0.223979160602,0.64590243474,-2.44085232869,2.06821308893,0
0.288921544395,0.227856531616,-0.329998328518,0.361753640022,0.422827723489,0.502127876585,-1.15731720579,0.626542222921,-1.08712897119,-3.13800644982,1
-0.00661661656697,-0.331939870976,0.182811804124,0.120785561706,-0.0182022892429,-0.0422473562892,-0.599523550931,0.36036202312,-0.48667736818,1.06270616658,1
0.36092626713,0.428614143803,0.263451312811,-1.09802518267,-0.661890419239,-0.360199805169,-0.10335352284,-3.94065912084,5.82882918154,-0.765897989509,1
0.243427387754,0.0795826061962,0.528845309125,0.232074977567,-0.345088259247,2.51539394539,-1.39088928899,0.800191169774,-1.73261911198,0.979833688477,1
-0.00413183939677,0.0307237202427,-0.288428732215,0.0129630386883,-0.108923826569,-0.26230532903,-0.107153863619,0.580849891851,-0.458433391081,-0.473635550433,0
-0.715551221373,1.67993937915,0.90092204958,-0.366016901616,2.98933240949,-1.05521423363,0.77249770618,1.21123805044,4.41183375658,2.56834598324,0
-1.21077105241,1.60233309018,-0.784331243764,-0.721271438272,2.00738966308,-0.964814970822,3.37955872094,1.01786850648,6.22309247447,0.106341428796,0
-0.094990701214,-0.563055640949,-0.0238886886422,-0.394770827722,0.0948804530337,0.000611355671195,-1.01285469357,0.449498330073,0.958914918926,0.234936525218,1
1.01839477449,1.45224776864,-1.21706302838,0.698405701554,3.32058201703,-1.77847730474,2.9295774558,-1.89589009624,-3.50371292383,2.36591455336,0
-0.132649694875,0.342649885695,0.304186721568,0.577774938543,0.89863851909,-0.487921555862,-0.641768075268,0.346169579564,0.0991450075387,-0.7501622849,1
-0.0425937585002,-0.136602908939,-0.126546927641,0.42495412329,-0.229587263597,0.545264035807,0.515120579149,0.364053969874,-0.11355779811,-0.0641870545674,1
0.289987655223,0.29329415516,0.663152392192,1.94528667962,-1.41673075319,0.388052018807,1.02287338477,-1.80370852776,2.84298772212,0.824699313555,1
0.878591441459,0.234390423633,-0.654384819293,1.78059450375,-1.98897507746,2.55812750755,4.51883263474,6.52070117058,-2.57949854589,-3.23684377272,1
-0.0755543301257,0.283139557087,-0.305406666174,-0.123730296001,0.100116133789,-0.150605471196,-0.0403964462563,-0.617686647163,-0.475452853139,-1.27395478486,0
-0.170062241045,-0.016069835215,1.13489893864,-0.502914910628,1.71443827223,-0.710103731396,-0.024652607684,0.845080125048,-1.08263784697,-0.33403925118,0
-1.12690712917,0.099921560601,-0.456204684896,2.83462359624,-2.07298108263,4.33760369492,-0.95942771283,0.539483717163,4.35830926205,-0.255315354405,0
0.0240962494403,0.0659262165999,-0.0982017531444,0.439083222423,-0.77035238296,0.427914610573,0.796200055321,0.468254447237,-0.349133994112,0.180981463964,0
1.31619808002,-2.1867580362,1.15122129925,-1.8853068416,-0.0119074242109,0.673070208419,0.365065204025,-2.10081140949,-4.14207935311,-3.59196981576,1
-0.0322525906481,-0.55382172658,0.091604060246,-0.40420753097,0.0773799065704,2.22509489926,-0.295092286065,-0.859455096224,-1.01620130582,0.468581271007,1
-0.341007879246,0.7145719695,-0.695733874575,-0.272757962674,0.034801546865,-0.345567673592,-1.41098867913,0.0870444364737,1.83895329672,-0.506216359318,0
-0.0769769144497,0.336451017458,0.0720988310786,-0.202185496552,0.638099425314,-0.353031122536,-2.45221694595,0.356604897279,-0.410636624718,2.12618352714,0
-0.494213559534,0.658487729898,-0.846776017365,-0.229047061847,-1.15603823818,1.43039596476,2.47474304457,-0.637060844439,0.663668431785,-3.44308343313,0
-0.0338251476522,0.531167273254,-0.469769391636,0.281413366602,-0.627857562957,0.669683755999,-0.645155318606,-1.18598664297,1.34898033113,-0.679132669494,0
-0.0153544956144,-0.237179809981,-0.594957999357,-0.821614747391,0.492631487811,0.087433627006,0.760897473535,-0.880578923162,-0.168790408166,0.699784495212,0
-0.0737287525542,0.439577179674,-0.811854990763,0.229115283101,0.255378208342,-0.703708342619,0.0703180951756,-1.55053324304,0.6311367919,0.0796161186485,0
-0.0345244006556,0.282882759633,0.348635980834,-0.407055469069,-0.259400733871,-1.09151586113,-0.127153331832,0.689142998026,0.969768201433,-0.195731210556,1
-1.10789674467,-1.2254970325,-1.0765543542,0.0322538693651,-4.12875388995,-1.91027352364,0.137132733448,0.356478708325,-2.13635954777,-1.51795531364,0
0.350077199841,0.97568470874,-0.0857944371521,-0.781379603121,-1.03785394347,0.188723591323,-0.132347491892,-1.73843607328,-2.08889563417,-1.57313750888,0
-0.455360491054,-0.850037540253,-1.10629356887,-0.767072411019,1.27893383776,-1.37472540959,-3.57865924983,-0.175776930596,-0.563255444495,3.71951903516,0
0.0546532361101,-0.150428809368,0.523978600709,0.346065435072,-0.162350688124,-1.62599820252,-1.23282621398,0.620238400336,0.888398442886,-1.64219235083,1
0.0660022012026,-0.0451277113179,0.277036448475,0.124188456119,-0.460615025444,0.377724089561,1.20515703621,1.17707174031,-1.68306777948,0.631379865172,1
-0.0956491479242,-0.311139420835,-0.982324880335,0.172491716287,0.285381354651,-0.375934413237,0.0619213801324,-1.89480431559,-0.356390257968,2.15767781672,0
-0.883973037099,-0.766014263586,-1.69494499185,0.706280207263,-3.29811170689,-0.869093890434,-0.424334712256,-1.85048705792,-2.7411587384,-6.832615882,0
0.0214688114835,0.0300901080808,0.189756338842,0.901586068619,-0.562213090826,0.123562254944,0.179120149032,0.329400145972,0.397887693679,0.267299464253,1
1.01126113566,2.16932391792,0.272952293411,0.411393318592,-2.88752870772,1.97518401704,2.20143789805,0.206580591246,1.83584835271,3.50353432873,1
0.14593807463,0.491959805066,0.7981345363,-0.04831910729,-0.507527904823,0.0143062293832,1.74311276623,1.28269880507,-0.9215622143,0.767437981102,0
-0.0413551610747,0.462659979178,-0.225779061707,0.527517764387,0.411473312741,-0.494026247904,0.316453423262,-0.503829387546,0.403154114389,-1.71120111301,0
-0.197877827135,0.443616263866,-0.257222185656,-1.62913327595,-0.0130873012875,-0.331218223422,1.05700686224,-3.82517099683,-0.201719128407,0.263199709815,0
0.416432479629,0.813540875441,1.08168330779,-0.116398929206,-0.298939093793,-2.18841907393,0.402605836918,-3.79722241944,1.62380894555,-0.843760663551,1
0.139302245623,0.726421865709,-0.803961868659,0.0648839075082,-0.910958645687,1.42079607541,1.14733122882,0.875462372771,1.96910067687,0.632265082871,0
-0.5443217609,0.512680731055,2.22290863859,-0.127399890411,-2.24679522667,-2.11645012663,0.781277301802,0.266627058217,1.00882392687,-5.46776036852,0
-0.422963513428,-0.224265774021,-0.195564745595,0.46774950616,-1.46282792234,-0.894004908763,-1.77997103922,-0.145027607608,0.599037013262,-3.06371623224,1
-0.0100680828353,-0.523245770281,0.342468887347,-0.1848374193,-1.08377061145,-0.318810531992,0.167630336167,0.0628164063809,-1.05469055836,0.733680202109,1
-0.209862988266,0.32097429989,-0.202705092926,0.784294064175,-0.252411837466,-0.293201619087,-1.29308996452,0.0830553621159,-0.043984354227,-0.895637283179,0
0.514494584859,-0.35942683117,-0.853099405661,-0.714639422658,-1.74288506772,-3.19764016874,-1.66356943862,3.04106553074,-0.0229132516527,-2.11682300029,1
2.04732188297,2.33265508391,0.294411482249,-1.33439919029,-1.07578340598,5.56910265007,-0.164342439481,-0.7956929912,9.4162254342,7.64990734355,1
1.4035845951,-2.18627437115,2.77126828006,-2.4864954137,-0.30631933369,-3.60030800931,1.19661056459,-2.39388058281,2.48350762802,-5.12820752804,1
-0.00301953000103,0.419722014084,0.363081159216,-0.0579287293261,-0.250031600938,0.259654906065,-0.394094406181,-0.295649533733,-1.01000745238,0.0638532425786,0
0.119641398349,-0.0587296291793,0.237923054641,0.900985489871,-0.61952153,0.0421610027781,-0.433390615089,-1.50590659289,0.620916937949,-1.42574634979,1
-0.318400827927,-0.198886065485,-0.146353005422,1.09412038053,0.104423534158,-1.62359115044,0.941909726808,-3.03323869323,3.02869764668,-6.43201456993,0
-0.716207426123,-0.473006700223,0.0565657675193,-0.359404492735,1.29292933462,0.820339366887,-0.276322551752,0.422611495817,2.86314926795,-0.520203349674,0
0.0868985246102,-0.617087539198,-0.0978006600862,1.06880617622,-0.378681282767,-0.718584072527,-0.329473237911,-0.66772239621,1.53576379901,0.63606985316,1
-1.15186929471,-0.552279986097,0.98691732052,-1.20959248318,1.65449949647,0.855781982439,2.68961840814,0.190232762665,0.863343645593,-3.00735986016,0
-1.00270417133,0.209477701244,-0.328564867818,-0.521854877037,0.204569161027,-2.18221652469,-0.484645430712,4.34474291922,-0.53194107358,-0.161245957831,0
-0.350311417746,-0.112361960905,0.168065964812,0.0572705409699,-0.420446914336,0.608720101956,-1.09923397718,2.72296471486,0.951572904886,1.5727967541,1
0.668855176095,-0.137296052368,-0.565795304319,2.3349110441,1.37679494176,-1.20817500692,-0.738411263652,-1.87922646688,0.274769805558,1.47555974722,1
0.408540597776,0.94885096369,0.19095588262,2.57679571596,-2.43310154981,1.77945165559,-0.810706395999,-3.18331911227,-2.62111085225,1.95156857909,1
1.07857754309,-1.98197890406,-1.92958565035,2.43488003822,-2.18978834916,-4.32958705409,0.786467292901,6.09923428251,0.199187393269,-2.39106762541,1
-0.12877977766,0.186785267453,0.49718070209,1.18959213623,-0.112433982947,-1.36573224105,-0.634758043644,-1.61054831913,2.06234412854,0.754899926625,0
-0.92981921007,1.10374222011,-1.2703109323,-0.540253625614,0.254948038678,-1.08212371767,0.162229666456,-1.7360986351,-0.76403683317,-0.383219897623,0
0.996459517926,0.391208018618,-1.59783209584,1.88276790669,3.36349906036,-0.226771015529,1.55868167534,-1.49041861174,1.90761177634,3.74573609377,1
0.82038175403,-0.78629143816,-0.741626577329,-0.6479139949,-1.0415076283,-0.0590148217511,2.49204499482,-1.17877668293,-1.30209697782,6.48009512013,1
0.645431381868,-0.0398149613747,-0.965108312309,-0.207489334341,-2.77445433472,2.20848465269,-2.4105358374,-1.83423920188,0.338328790022,-0.365014887062,1
-0.39097956311,-0.968967726997,-0.721673934327,0.22808302161,0.825736330781,1.71897794078,-0.257673981058,-1.22956226249,-0.422421443214,1.55151934814,0
-0.172288457704,0.0425799168792,0.729068373263,-0.13468906494,1.01342302873,-0.901527621742,2.18861690558,-1.23285670573,2.52206341488,-1.9520874863,0
-0.315024843229,-1.39474685538,0.835150379214,0.860530413833,0.881784685511,-0.207255699344,1.49320979424,0.0438989961939,-2.96737119783,2.58276050046,1
-0.0173386087538,-0.170105935847,0.404285371109,0.0825126628494,0.411054728483,-0.159642543299,0.372349399332,0.393976763112,-0.874242016857,-0.520284099761,1
-0.154968098277,-0.0314077818128,-0.906882339972,0.638756990886,-0.193303383304,-0.0355616374975,-1.06635456627,-0.355479788061,0.05384345908,-0.341525640833,1
0.146011621549,-0.167301864097,-0.390859665935,0.956024918753,-0.340669941288,-0.0899410923334,0.60295424371,-1.50599543928,-0.552709674744,-1.70434966945,1
-0.503568779496,1.66497519438,-0.316405564668,0.692340141135,-0.643228436717,0.188724714144,2.74764044006,0.693375232785,2.15767835186,2.62633119932,0
-4.58445584461e-05,-0.138499328827,0.0309252082479,-0.371755501358,0.322696539627,0.0378215728227,-0.112901505686,0.48692737047,0.760704337732,-0.911953575697,1
-1.41700299165,1.4918991764,0.611162001469,2.70891133548,-4.69736819424,-3.30622525286,0.267556931408,2.62691488318,-0.343126333663,-0.776291963546,0
0.125053336034,0.540785422355,-1.08712949388,-0.261142434174,-1.51234619765,-1.07575616857,-1.00052019243,1.28184115417,-1.35459400127,-0.384095777379,0
0.503642187096,0.819575469676,1.75812546146,3.50897865244,0.0404239717934,-0.75353117085,0.940466894955,-1.22127552268,-2.04297021279,-0.336608967402,1
0.00977290156376,0.00974902372815,0.255997711184,0.0662180740007,-0.0819938085913,-0.206456121457,-0.891307876181,0.307623616038,1.25419053143,0.676349767426,1
-1.1907117711,2.55798232186,-0.13671725412,2.47895087976,1.55417873481,-0.237113226407,-0.444199383118,2.28078000743,5.82113833745,5.09675050853,0
-3.62969704688,1.26420086087,3.2918080815,-1.82132150439,-0.316380437681,2.42578032588,-0.710468118639,-5.75606926536,7.55779323505,-1.0382092625,0
-0.570166374825,-0.203300654088,-0.455498797958,0.618915817638,0.406568159366,0.454815278054,-2.60943809758,-0.929613327589,-1.34358974586,1.50943271984,0
-0.558094914296,1.45479392816,0.223172811742,0.184961683605,-0.259990901415,-1.4206642356,1.14770803509,0.149846548172,-0.300706477552,-0.508887068352,0
-0.00322220231342,0.0510142156591,0.363138505801,-0.312644753711,-0.193104895033,-0.0967594332461,0.0938552132997,0.734883075512,-0.444667778266,1.56735576838,0
0.045329874326,-0.339951187483,-0.120084585423,-1.3173692595,0.0369469536004,0.0454259476898,0.0680511235037,-1.21267742758,-0.968258413859,0.239887288738,0
0.674428088052,-0.260570557533,2.13816797801,2.792595318,0.1239909118,-2.90018194088,2.86209235314,0.488440728288,2.00695159421,6.01814284242,1
-0.241202573719,-0.44376442235,0.765331168048,1.72787012262,-0.0747974727112,0.791552206614,0.686525316287,-0.504285153346,0.813109607438,-0.178655864462,1
0.733518218061,1.0173724983,2.27972538664,0.319656054544,3.85395777178,-0.372460995476,-2.21587260414,4.63458250925,0.517739085419,0.587920141161,1
-0.239004517784,1.17924003069,0.672277102104,0.109978985557,0.523952424476,-1.23658196388,0.949620006121,2.34238252404,0.531469734507,-1.38632257025,0
-0.217078708443,-0.575052454793,0.887056183541,0.652679494765,-0.390499052546,-0.344813597237,0.331605308668,-0.0528098693574,0.659025125566,-0.439896942414,1
-0.0218699502609,0.401122175835,-0.0257451063519,-0.0958933546521,0.857661631225,-0.027761073707,0.302901755243,-0.684041239566,-0.195568215747,1.2604204488,0
-0.000911387071843,-0.00657210221823,0.301922959887,-0.00346335560272,-0.28276460948,-0.340880913777,0.309047852744,0.455648482981,-0.789523561593,-1.03716805482,0
-0.327658416845,-0.0727311574169,0.623568984193,0.33963134368,1.78906073863,-2.33000771755,2.74450910485,-1.39048934393,0.502333740021,1.08808944681,0
-1.06287966639,-0.377423354963,1.30122967992,-5.33097737969,3.35192988173,0.041236239128,5.40888267758,-2.83547545164,-0.440220683479,4.68150574305,0
0.000942785480436,0.0773133217173,-0.536656277616,-0.102631566324,0.356469520372,-0.505401267311,-0.342659996912,0.360457648914,-0.648328682313,0.00968585306704,0
-0.289855727684,0.441166682195,-0.608453607526,-0.0675944205877,0.174377582464,-1.50477272733,1.14475980578,0.198014866004,-2.9044843483,0.437552628595,0
2.68599974185,-0.328944313991,0.13391479341,3.10198503453,0.247136033688,0.294152443993,-4.66306960365,-4.60116135893,2.62902759748,6.18741331449,1
-1.03920792707,0.40474347974,0.0135925526703,-1.28200387264,0.746107059292,-1.26102912003,2.13444200736,-1.39142302531,0.455429729172,0.134714134068,0
0.347088339535,1.4142867712,-0.268854461989,-1.72981792366,0.643003108879,-1.1580799759,0.732257481522,0.0977728314481,1.09452640878,0.670092974174,0
0.559864796281,-0.627598661772,1.24426398895,1.67250492648,1.94989266833,0.871299291737,0.901589118337,4.3746138926,1.66532984657,-2.28775797278,1
-0.547723638939,0.853126040528,-1.87563991133,0.158737962472,-1.90762506611,-0.847470303598,0.872783985582,-0.489810255846,-4.57254671411,1.18827978427,0
-0.0406678802033,-0.0692498655428,-0.708217465944,0.0624517189169,-1.26580951443,0.529875175001,0.595631143489,-0.609353866318,0.907663460663,-0.976821533855,0
0.185318981131,-0.19153196349,-0.0812324280485,0.519141801535,-1.1685753864,-0.586808549749,-0.196837324128,-3.25868100236,0.668285239993,0.463028164871,1
-0.124801450524,0.148132817879,-0.296538014786,-0.542241793109,0.0149683517644,0.655956153915,-1.87417739292,-0.296197208683,-1.26192436989,1.01372539413,0
-0.00237977859188,0.000425859920522,-0.163624176307,-0.534119521072,-0.260320861282,-0.569902194742,-0.988059183582,-0.0864967396223,0.42367802528,-0.895947460954,1
0.616774780453,0.290517046315,-1.34550282239,3.17295693315,1.56680332198,-0.98087779085,1.16931780851,-0.863958231794,-0.770792451617,-0.565402789319,1
0.783423282376,-0.181147734346,1.07976117616,-2.67493988982,2.52677193773,1.72194669072,0.265717783129,0.291422453995,-0.0422792629477,-0.393756232683,1
0.900116653461,-1.02618314617,0.0599178292083,-0.220879285201,-1.11616442724,1.21862878711,2.28011173989,0.480794133424,-5.90718753827,-0.427138190358,1
0.139685016072,-0.0132911126705,-0.43376958939,-0.308583677778,0.418479398022,-0.822384050908,-1.58655503942,-2.57227353068,-1.18037832113,1.37174702919,0
0.0615734207626,-0.129753054541,0.292658305972,-0.981502972635,-0.718156668356,0.06675944535,-0.367358904595,-0.953501394185,-1.39889910616,1.36311470283,1
0.476924206155,0.554500500785,0.659212525342,-1.28005281361,1.57304171818,2.13436616826,-0.0574359849687,2.14966071768,-0.876404287248,7.72229483803,1
0.310677995261,1.2316896363,0.0616924848672,1.22065882145,-0.0299217279801,1.81095046807,-0.894536771857,-2.46157066284,0.708681743613,1.09799291093,1
-1.07317035762,1.1217377124,-1.54002149597,-1.29228552034,-1.70430606103,1.06634583645,-2.7766389925,6.19558185111,2.55386963134,0.356158612898,0
-0.346092516257,0.549763741964,0.954083337624,-0.258570135035,-1.69566986592,1.44409867875,-2.40655832443,-0.947355783213,-3.48315259,-1.00383178422,0
0.247358374058,-0.398040718117,0.160134950742,0.405793769203,-1.84008276085,0.188875574406,0.170388444342,1.62218468309,-1.68831521225,2.61972742498,1
-0.1478308254,0.520593549592,-0.0196917984303,-1.09948846664,1.51401476486,-0.231340312905,-0.266567079613,0.298707965737,0.229286780771,-0.924545101847,0
2.04521040142,-0.401201144888,-0.617292473249,0.679840066039,-2.57255894562,0.34098193523,0.621323888686,0.346576351114,3.92357327989,-3.84319289792,1
-0.256789981926,0.413082381343,-1.38712322698,-1.04355728724,-0.235539889525,-0.577045695028,-2.19045879768,-1.45116472072,-1.24084668136,0.7764542997,0
-0.15225546081,-0.0096021986375,0.340840336225,0.2776439175,0.406943442842,0.43818912077,0.204358951962,0.596532174577,-0.509081514088,-1.4125952698,0
0.642451548383,-0.477429849546,1.13656020026,0.616425325621,1.09600878957,2.90874950323,-0.763073207134,0.621883013991,0.329144171232,-2.43167885223,1
-0.153499200877,-0.0953683698766,0.617454192617,0.442230478156,-0.578186382647,-0.863117049043,-1.29678920267,-0.72153920762,1.90318274445,0.10236871501,1
0.439071537607,-1.01012681063,-0.122218593634,1.35670236158,-0.0539684004411,-0.173576321421,-2.81687339298,2.60112081409,-0.423651868655,2.52382423913,1
0.830060306122,-1.08021899849,-1.58385432335,1.73795701684,2.43371407968,-0.426230822629,-1.48662508225,-1.31284288329,-1.26707837193,-1.27683276918,1
-0.900884138308,-0.181079413246,0.570013474593,-0.443247964459,1.00199441062,-1.15917263921,-0.868008745355,-4.8536148661,1.5493459316,-0.823153400333,0
0.0880655362878,-0.313148638992,-0.399356741411,0.80657648795,0.536525578351,-0.0950614723593,0.466993055561,-0.890476470672,-1.23397901645,0.272107591357,0
-0.082607691953,0.344810623386,0.643742023859,-0.443850540781,-0.271377524019,-0.485984300529,0.849469853404,-0.510481296973,0.294865442423,-0.740495153357,0
-0.897146890832,-1.16155798276,-0.688784166244,1.01881718951,-2.2257048345,0.719624512891,2.42886284342,0.0185775552968,-0.959107999078,-0.120489481678,0
-4.18377399951,0.542009774052,3.1318873927,-2.43987570297,-4.06206696811,0.130028016388,-5.54696294606,0.426044327642,-0.921984590047,-4.23563995365,0
0.242613801826,0.521289707399,-0.118903003145,1.44061438481,0.623308215621,0.342069955067,-0.28046558736,0.558808718065,-2.94544032418,-2.58295158821,1
0.533914120884,-0.607021830659,0.586063153755,0.0669810333008,-1.75745734246,1.72404026019,-1.7917277559,2.95635532691,3.94132961712,0.135020396176,1
0.701331295954,1.27664913018,-1.31485556406,0.964293162514,0.220107851104,-4.30323317729,1.7804892941,-0.547565949995,-0.518333677913,2.19504419647,0
-0.121174440487,-0.0562441095452,0.712616856819,-0.0646496080829,-0.0214381252115,-0.71703628314,0.474309360144,-0.702110458514,0.875449013458,-0.622636333592,1
0.015219926649,0.0949658104148,-0.14004303113,-0.113949787687,0.375139083489,-0.689111256538,-0.493748240418,0.247637848442,-0.308941584517,-0.810066347407,0
-0.474481143273,-0.524375903163,-1.20147884315,-0.788791941842,2.15629286355,3.1284862896,-1.02662867032,1.00175526922,0.412126386074,3.1328093388,0
0.679374856557,0.356501078374,-0.92651944836,-1.74799249567,-0.532417142321,-0.0602736303213,-0.970793313586,1.11644298804,-3.30632362027,-0.482080795364,1
-0.167968079989,0.269555010041,1.22481533391,0.321446254226,0.380635338203,0.233990729462,-1.42054552274,-0.286802581142,2.10991803899,2.05787558375,1
-0.125191843248,0.0773147050447,-0.0568947782572,0.132803078941,-0.103689022814,-0.541677013808,-1.13952482378,-0.644034986858,0.849167141708,0.310744031179,0
-1.78213862616,0.0147703816804,0.407057082851,0.200362957277,-1.65310841365,-4.79979693064,-1.32476299417,1.37412466561,6.98540754323,0.416323295103,0
-0.695327116936,-2.08037336997,2.10062424878,-1.39540784841,-0.305079321944,-0.32161276747,6.58086964131,1.67756949416,1.49105896461,-0.962994989809,1
-0.0511002840595,-0.484825542312,0.848342810169,-0.556301624891,-0.782095929009,-1.02431558852,0.734241016808,0.204344644864,0.301264862594,0.515269261415,1
-1.73521621383,0.863838303834,-0.900610843199,3.80617568649,2.68891026035,0.66977879943,3.66857278025,0.132726293231,-2.37170912011,-9.0229561621,0
0.726388180973,0.662357281154,-1.04999758081,1.60236988792,0.412982405486,-2.5741871693,-1.46702283316,2.38258719815,1.29632251849,-0.355891592628,1
-0.21113134174,0.79371260876,-0.135998659369,-0.96160980081,0.644243932448,-0.58251758107,1.53275303397,-2.16087538027,-1.55738216648,-2.92973540116,0
1.03348202864,0.564388936466,-1.88490059662,-0.454300858921,-1.05391742969,-2.37381837889,-0.304877558388,4.43996212107,-2.10619370739,5.05765402153,1
1.73225679613,0.482294045464,0.766084284191,1.06614180137,-0.675390758714,-4.61633890611,-0.744539944208,0.314668031108,-0.393307245791,4.2070152083,1
0.0853963801031,-0.0237527477248,0.265293867313,-0.558631568121,-0.174185740113,-0.0837976163729,0.649567049841,-1.64716126638,-0.799978929692,-1.58677448584,0
0.21743231949,0.00049431967259,-0.33135055417,0.0991661002349,-0.750441484261,-0.608786027547,-0.274874660857,2.38173037654,-1.2544979384,1.44394741386,1
-0.418230845523,0.000990917521277,-1.76865379402,-0.123821062965,-1.44029249233,-1.2021631916,-0.949302544072,1.60495860345,1.40910129134,-4.52075422996,0
-0.222953668092,-0.526904276565,0.343690459754,-1.21411124915,0.653107656942,0.975351022153,-1.73305817937,-0.452464536001,0.162794888868,-0.455202810192,1
0.161911489639,0.031885116402,-0.0802933102363,0.138180170487,0.626988067891,-0.424989560211,0.0959209803981,1.54730722879,-1.49728829019,-2.90887861072,1
1.29128117751,-1.71070905163,-1.43553879998,-1.46753668744,-2.65867466169,0.872819323058,0.7986030846,0.869470244474,-4.34605744539,-2.81642556773,1
-0.616282361932,1.00356961376,0.237288359286,-0.910958733296,0.735129282761,-1.52739616953,0.111205998499,-3.69612435287,-1.30071104376,-0.250723019116,0
0.514614079494,0.521532905526,0.0786463215191,1.35926426071,2.97275129778,0.212341390849,1.52184000499,1.23520619017,-0.521654934564,-0.890225652717,1
-0.457509066313,0.168137744465,-0.35829790245,0.560772353025,0.144668698953,-0.275661497066,1.90805262809,2.43845409651,-0.808739369852,-2.2986525132,0
-0.0122271755679,0.00454777063274,0.33011334839,0.0115423932869,0.625636514389,-0.258125427838,-0.553300630248,0.673096457978,-0.0519370194301,-0.719046721968,0
-0.0754460509,7.88705278576e-05,0.371739532182,-0.37992058008,-0.142186928761,-0.184348817876,0.43522587515,0.143816936937,-0.741792306343,0.46850792115,0
-0.0338269368365,-0.00227081204904,0.293222786647,-0.469618350816,0.141203666188,0.541403710896,0.494422414623,0.239788529931,0.43793733042,-2.45434005587,1
-0.0341104594009,-0.517248370034,-0.0902185320054,-0.30492497899,0.403127266891,0.0591539871436,1.37482478318,-0.243918190337,-0.976350445978,-0.83080915623,1
-0.224650203746,-0.0601672764293,0.14903497763,0.545121972241,-0.538333553671,0.0864697781777,0.463725864687,0.732904674019,0.56476718868,1.91214629853,0
0.430604091548,0.924667795582,1.17289312108,-0.512138754698,0.578819983478,0.118249893944,-2.41043781155,-0.960475543718,-5.35621481432,-3.33653536858,1
2.1830659894,-0.579471185345,4.32958949258,-1.17124275339,1.6390180729,-2.04965354679,-3.01920034195,6.44207269561,4.83198129929,-4.43648077065,1
-0.0188550888879,-0.121399691576,-0.029360567955,-0.696268236057,0.148817839292,-0.832114386631,0.42938941638,-0.302906637925,-0.647828187676,-0.327042989014,0
0.809207646336,-0.356277514173,0.199189182989,-0.271258386197,1.48972566557,2.90722069655,-1.46206183314,-1.76087025026,1.60452188436,1.21519545382,1
0.715525264306,0.351009910895,0.467869695798,0.509303242059,-2.29847656541,-0.552648208042,1.24107137139,1.36551974428,2.07120589274,0.515375675023,1
-0.598303954103,0.0288567077094,0.36774633178,-0.703463335715,-2.12877966175,-0.85507264939,-0.978882417407,0.950922288549,0.807998647598,0.678682906301,0
1.62124292643,-1.93902332162,0.333485973616,-1.99510441166,0.811349803285,1.1544592546,0.241840440454,4.74801575617,-0.998585533036,-4.81848660818,1
-0.61433418292,-1.78903518788,-1.94640024924,0.811526151683,0.867039006728,1.06225481655,0.115485013969,-2.38085442649,-0.519888140768,-0.662655812832,0
2.02323974946,2.07574123355,-3.03631796335,1.41503125769,0.676077753979,-0.958602759855,-1.1489186488,4.85706032997,2.07869317688,5.02869733795,0
-1.67969566953,-0.0417933452278,1.48775945104,2.32046665599,-4.0958978764,-5.06611619844,-1.5067784256,-3.07915634211,-6.1785122771,0.877381084901,0
-0.0435939451456,-0.0265549629179,-0.0351057972429,0.395521525974,0.438534996926,-0.11095742594,-0.820578189119,0.450760601831,0.821372740564,-0.00941135434814,1
-2.01228868395,0.867323823734,-1.64654424734,1.12313112629,-0.87788414374,-5.48179712055,-4.22338007314,4.95376852298,-0.943561163537,-1.47797234559,0
0.571995190748,1.08962780589,1.26956501098,-0.25817656169,1.78898241476,0.188832775427,-0.90020670731,0.470488388553,1.2314559167,-4.82038791098,1
0.0191528370439,0.0369809965783,-0.404067310475,0.568097278989,-0.445216173644,-0.854874716623,-0.73338156458,-0.239231404948,0.266932874088,0.0963397948928,1
0.380617806207,0.743045315039,-0.0876592252416,-1.14014678726,-1.44158886686,-2.34011525816,1.06718749157,-1.33349984201,-3.06704634006,2.95263434942,0
-0.420746606207,0.947169695071,1.44373161067,0.94837538187,-0.440170017385,-0.425723905686,-0.613564413299,1.06633855818,-3.55462786258,-1.20029010261,0
-1.20355125857,-0.198516219071,0.0895693987288,-1.92481296847,-0.446494777624,0.463466249804,-0.38546330195,0.332496638763,-2.18770047398,4.53098839728,0
1.12271233934,2.43063925037,0.561946559679,-1.04103694103,-3.28185865385,2.60993290747,-0.185116839297,-0.143455595597,0.66465604616,2.78426729641,1
-0.421938871002,0.6866632077,-0.537709255491,-0.134455350998,-0.819559999232,0.719430037671,-1.18132623056,2.7831213895,-3.96807054527,-1.92902151871,0
-0.314893205172,0.710885428963,-0.623178816697,-0.237629130168,-1.01011822296,0.0770136063843,0.26600513538,-1.8510529205,-3.36955309141,0.787771046169,0
0.353058034505,-0.265086008157,-0.629842583512,0.391725772035,0.624276542831,-0.689689835829,-1.62982731221,0.375607625675,-0.0785553346525,-1.24335016059,1
-0.00231516206824,0.294635382456,0.355506841238,0.232610173167,-0.227725327941,0.375441905208,-0.455820659074,-0.739400510235,0.179184472635,0.42396203657,0
4.77358728449,0.481580931195,4.10779255552,-4.27368935745,-6.66646394835,5.35861051114,-13.4185575834,-3.17461730049,6.61020092702,-2.1710893854,1
-0.00885766708308,0.419342960793,0.110620191077,-0.498561876385,0.410130839796,-0.346058609807,0.233657405017,0.141600685337,0.615001237536,-0.744831963474,0
-1.38054656741,-2.69584244366,1.9080131125,-0.860472155586,-1.328344194,2.33905660244,-7.57766550105,4.2613398359,0.997361846008,1.3640565493,1
-0.253464780742,0.439724046913,-1.18650523927,1.4394157513,-0.229588984562,-0.447396370674,-2.06080439174,2.21404720471,2.7283597878,-1.69282227729,1
0.181511030102,1.03015588601,-0.23799421195,1.09000190225,0.432526171786,-1.1461708758,0.750362838868,2.75829164277,0.909207850231,1.57647701688,1
0.22565821673,0.178481603424,-0.0887524405891,-0.815701171776,-0.375830273956,-1.67726997128,-1.50860482038,0.248899490706,0.467235444941,1.56294351119,0
-0.0217248961276,-0.184084954561,-0.592798094533,0.025032334698,0.766745258034,-0.492459608625,-0.602302878156,-0.338630603933,1.71641380508,1.72227870125,0
0.368782757548,-0.506539907148,1.73323748906,-1.20509682587,-1.42032075819,1.26423357495,0.988921784791,1.6471216701,0.665581630266,0.643161563209,1
0.619511879853,-0.433941555026,0.0766121341391,2.70688376237,0.414335878191,-2.57560548545,1.26074568972,-3.07127369201,-1.81940512427,-1.10938550015,1
0.329278049038,0.251473077121,0.119544604089,0.320017594874,-0.971890757902,-0.0672364477231,-0.0511156796215,-1.10631304733,-1.36031090978,-0.627005717995,1
-0.06639931857,0.607451770132,0.275843014544,-0.934284791879,-0.359658278692,0.902736305949,1.28878182287,-0.694004898151,-0.471122893481,-0.660107699017,0
-0.0475496672342,0.556526522303,0.44595589132,-0.574004153321,1.07970655806,2.21887286482,-1.08181553789,1.14152684868,-0.179109138657,-1.22202877529,0
-1.18319705788,1.97293803306,0.680646733077,-2.72974749573,0.304658398537,1.75769002697,-4.90530998578,2.14404720314,-1.99068526751,4.56100794983,0
-0.105838822147,-0.370142244369,-1.17965569769,-0.706847158143,-0.665383745367,1.08481923011,-2.11496755761,-0.498191163149,-1.12525168083,3.34501783603,0
-0.688795540935,0.256553077237,-2.08509494759,0.862217536695,-1.97817573696,-3.40287425344,-0.335209890311,-1.76867519332,1.05682677508,0.513476313773,0
-0.582164097873,-0.0237968907222,1.00922802209,0.0558986479997,-1.27706539016,0.358769200286,1.45570320652,-0.363558501715,-3.33131146144,1.06664234623,1
-0.0802238466004,0.556408560509,0.172330115139,-0.673367831203,-0.569449633667,0.270709083147,-1.06552091118,1.26808703028,1.37041898215,0.401813249777,1
-0.030115331803,0.111898160571,-0.717509540241,0.0296087679328,0.332154499376,-0.301615621447,-0.957344498157,0.101730253443,0.0655426404598,0.239161198374,0
-0.179206437384,0.901982083786,0.525185787875,-0.440867205721,1.69764223472,-1.65050753213,0.396609278892,0.965134700999,0.30809600565,-0.483187819503,0
1.89903068834,-0.438814877237,-0.431928278697,-1.04101230364,1.12251407334,1.61663019831,-1.42900086198,3.80507461501,-6.94427161792,-8.37289052732,1
-0.0557619614278,0.0513122701964,0.0944127506564,0.361959756921,-0.139520609782,-0.3130462586,-0.630989319651,0.385076350587,-0.285656144909,1.18897452946,0
2.55771146436,1.65071899393,0.0279430175068,0.0531900424447,0.384192299175,-0.0799930378995,8.02595982632,3.68615697561,2.20024420821,-2.59418874974,1
-1.0411766366,-0.451201404412,0.0509510642303,-2.51959062552,3.38680672153,-1.54598058367,-3.16555172424,1.02597320039,-0.982547570924,-2.95561662531,0
-0.811802019823,1.10718747117,0.429325403816,2.59710649079,-0.285150202115,1.70669008762,-0.962556618275,-1.82822785394,-1.16701411424,-0.150007388651,0
0.311229089249,0.661958774449,-0.375941699315,1.54221340707,1.17963313545,-1.18123381959,0.815512525285,-0.741420745346,3.32304393409,1.35017446235,0
-0.81258602692,-0.508439748738,1.99484829848,-0.310992453942,-1.15098180814,-1.07981325214,2.377671776,-3.08553515567,4.04164271618,-4.21965049765,0
0.0286699512395,-0.0915884376198,0.111162836846,-0.673129958718,0.787626777383,-0.316525403332,0.610682099783,0.0594550162801,-1.07482929505,-1.46850004376,0
-0.671411067188,0.854804939361,0.996530966575,-0.656265544497,0.725720226921,-0.320336544789,1.79653941347,-0.524706580371,2.10314726703,-0.244840456432,0
0.324387416585,-0.702700875472,-0.290578833014,0.110835839024,-1.05522884246,-0.0604752365184,1.2417857748,1.05297474694,-2.61295621884,-2.21704356321,1
-0.0764962573021,0.192898517254,-0.498379454978,-0.378610269915,-1.12893239607,-0.410812313208,-0.633916792778,-1.90946964937,-0.657672224305,-2.74993239554,1
-0.0166225779097,0.247746974611,0.267094678527,-0.512389632465,-0.307750627078,-0.645831649981,-1.30493647299,0.472032408984,0.195761308572,1.30592058121,0
-0.285011075309,-0.765574230681,-0.453403301381,-0.952710065,1.04500541723,0.451504629496,-1.1017367857,-0.269835917845,1.19549954197,-1.06128389539,0
0.254289685811,0.57449392313,0.430516322742,2.79240019902,0.86480249787,-0.295717844827,3.72262938772,0.211002741519,-0.445952822567,1.65755767294,1
