x1,x2,x3,x4,x5,x6,x7,x8,x9,x10,target
-2.47732474507,-2.88218419484,-2.78310036621,-2.63608733081,2.43280938626,-2.58612774044,1.32060986998,-1.23756789431,2.24200856213,-4.47618249069,0
-4.04970964978,-3.10902606882,-2.40418714176,1.59614277658,-2.53670537912,1.31640026213,-1.24143910227,-1.95658502671,2.47624058975,1.85848045244,0
3.11217925694,-3.15353499537,-0.906989966997,-2.28007182207,3.29363108533,3.24149378169,1.94871053778,-1.72273195049,-1.53995768823,-2.48746693439,1
1.91137135341,-1.00259510558,1.60891244091,1.00753407553,-1.67431422724,0.902894408025,-2.96702025076,-2.79527491587,-1.80714729634,2.86104698891,1
3.56229359589,1.34015081047,2.97051311093,-1.38715413664,2.56276196352,-2.48315695184,-2.43893882366,-2.65196253587,3.31240383682,2.4748271573,1
-2.9154183145,-2.58601671316,-1.78304154331,-3.03035743028,-2.01271763637,1.14738612662,-1.89573223297,3.22625067966,1.96255851619,-2.5962632447,0
3.30134981595,2.19501606254,-1.812953725,-1.94694196182,-2.46511419701,-1.71752855745,-3.73414606933,2.66475702435,-1.74083212733,-1.64246643128,1
1.73139276357,-3.0093015912,-2.84564447945,1.99842310597,2.49901436001,-1.67647617086,-3.65543006548,-3.65357389436,-2.88026764416,-2.39578368593,1
3.77312028784,2.14458471267,2.18785055462,2.21164583219,2.03078358938,1.38441817826,-3.03514195781,-1.30210451762,1.84584712177,1.06912508641,1
-2.55538297997,2.72612669183,2.3031724113,-2.57597025387,0.789639023597,-2.44081729092,-1.02361150111,-1.62540420571,-2.34075833448,-1.83202599461,0
2.16135310533,-1.62851583817,2.02433989813,-2.81132323693,2.33640822057,-2.25410776098,1.66945149849,1.99834325589,2.95060292105,2.82847197055,1
2.83030925794,1.47785413933,3.00742907026,2.69293475446,1.9583003294,2.21680021492,-4.08790529956,-2.80180768691,-1.77002390172,2.25217099809,1
3.16406943741,-1.61207457883,0.715243251027,-0.350020603863,-1.79289956493,2.64501671008,-3.20530353293,2.87584873454,1.55073347314,2.12503779033,1
-2.27139331374,3.5550619876,2.7933211919,3.15492130551,-3.34370737268,1.77841329106,-2.46765859663,3.01358431617,1.3300160733,-3.23934627973,0
2.87068154138,1.89968700284,-1.78957137144,-1.36153341559,-2.84651798809,1.99479545229,3.00546800668,2.36088905179,2.14176223513,-2.27144123226,1
-2.08823377545,2.07671968844,-1.32499528122,1.92671461607,2.37933079212,-1.55360177966,-1.06655800343,-2.41332482293,-1.71776915382,3.5442396959,0
-0.486542143391,-2.6790538124,2.12363465532,-2.57313220863,2.88080181678,-2.05446165633,3.253100507,1.0715683999,-1.60997337687,-2.89780903247,1
2.61192175389,-0.883485110551,-2.92094904437,2.50125591245,3.78773486935,2.19228862362,-1.91560605437,0.989225917856,-2.07842436548,3.2793660679,1
2.61946449124,-3.26136606424,-2.86252821317,-2.471250177,-2.00914676152,-0.991766567434,-1.52725623058,0.831060243885,2.57478818846,-2.16134605979,1
4.48378703168,1.10683232785,1.88646843292,-2.05220488389,-2.75975272759,2.02999970554,-2.54199915056,-3.8519441663,1.72261647622,3.44936844134,1
1.21736307062,2.21917719006,-3.21861847816,-2.30144189271,1.461231342,1.40029854996,2.53121950874,-1.14412390315,2.70597021301,2.24441522433,0
-3.20781011408,2.64780245503,-2.05713711122,-2.38504307776,0.689653899585,-2.14870538473,2.86147148527,-2.46095814836,-3.17705739346,3.48194210058,0
3.13761121255,-1.01717499335,1.90232353583,-2.35596545749,-2.76360632842,1.09683354231,3.02623511008,-0.969185195827,-3.68725371898,-1.23478957004,0
1.42218370717,-2.52952159068,-2.01130577564,4.0183040671,-1.89493864298,-2.61353161132,2.07522017473,1.93756013867,-2.32932739684,-2.35325753852,1
2.98727646925,3.22102825286,-2.19513494082,3.78848508372,2.30559105211,0.667094274249,-4.32569160965,2.17994122195,-2.53941894612,-2.86649404202,1
3.61667120578,-2.97850031148,-1.62574469098,1.98939228917,3.38995903691,1.05239718683,-2.37063539488,-3.20953305603,1.82384725456,-3.32699677203,1
1.86064398675,-2.23613654585,2.77921991228,-1.96720511206,2.07523264448,-2.21748791847,-3.08953611893,-0.425724918373,3.48632266671,-2.89009238227,1
3.22500284845,1.72886064362,-1.29786178861,2.56106266308,2.75048295396,-3.34638831481,-2.0875775956,-2.45667633574,1.46125433065,-2.22571962894,1
-2.96287926215,2.43152373524,3.09239001706,2.78680695112,-1.24925670463,2.0223509228,2.51413477418,-1.35694110645,-2.14455052072,2.06766116902,0
-1.89889776298,-2.05452858427,2.42327293224,-1.99256948362,-2.12637444999,-1.41690430247,1.49730927557,-3.0029095519,0.99952177331,-2.63188735322,0
2.73246090043,1.35663705139,2.13489718473,2.40624560388,2.53239066123,-1.74544553389,-2.04216038439,-2.75673207005,-1.55484994869,1.13679033707,1
2.46661410313,2.40964655218,1.97807108451,-2.43286878829,-1.93771443988,2.14013722314,-2.61712804792,-1.47325754567,2.13766214296,-2.32646807039,1
-2.09662119937,-3.2078344281,-2.88363032797,-2.25797575334,1.33939774027,2.56590347259,3.15700816383,2.83469715531,-2.7636101575,-3.25199588139,0
3.2179417247,-2.80002888732,-2.89799237948,-0.876253940752,2.30823886601,4.14029065247,-2.74559623716,1.72454328548,3.67680135434,-1.92781540636,1
2.7282015159,3.33661083086,3.31526489453,2.74788939891,-1.25674547269,2.37291089223,1.88094489309,1.92634927562,2.3628468271,-2.13209285122,1
3.07027311091,2.18724640589,3.01096885368,1.74954742054,2.27275537911,2.08610559185,-2.97227403294,-2.86896563693,2.75627041533,-2.07730982524,1
2.20601307191,-1.97116265154,-0.606587595338,1.82617263233,3.72116310126,2.77745734101,2.49641555639,0.529019950465,-2.892195235,2.06333322498,1
-2.63236265247,2.61761899805,-2.85706627659,-2.77739889642,-2.2761594719,1.79959835667,-0.877356004277,1.74964354787,2.52648834297,-2.50391277384,0
-1.84594459388,-2.57474608213,-2.68512630128,-2.08539916064,-3.4855803594,1.7619325947,1.17831131502,-3.32800033649,-2.62884456035,-2.64334545631,0
-2.9691282105,-3.18594142022,-1.70585503153,-0.327896250099,-1.76729391747,2.18758416329,0.236804729567,2.243104141,2.45046196778,2.43826121143,0
-0.631874553746,3.09924955042,2.32676305942,1.46919780565,1.76206218468,-2.62605344589,2.46733685096,-1.76612247814,2.06036721596,2.87392442005,0
2.2913037178,1.51816297282,-1.37651880666,2.81400927867,2.89612572673,3.69163610458,2.3262212449,-0.98306741433,2.66637747119,1.27603186361,0
-1.03698873283,-2.66696287285,2.47783698559,0.823052378308,-2.42994597493,-2.94699017419,-2.31987741703,-1.14769370439,2.04090237099,3.1087561225,1
3.02735130059,-3.07894553278,-3.11564146464,2.72607344723,-3.36770864834,1.76356048317,-1.48242352164,-1.63822382168,3.58848205408,2.36291688314,1
2.14715536801,-1.3021954842,1.8953628376,-2.47890102781,-2.61883972296,2.12127471817,-1.73667694563,2.47010201431,-2.07257230159,-3.57620947359,1
0.900855639248,-2.87599832043,-3.47746551839,-1.5149759465,1.36546755054,-0.660345897812,2.5327253534,-1.94699675764,2.52377346549,1.514132251,0
-2.70978815627,2.91134342264,-3.57978068979,1.52710880741,3.81739036977,-2.11851402966,3.56003203903,-1.87022796914,-3.18304337713,2.11005684242,0
2.57700399715,2.45872601904,3.06337010866,1.54525456852,2.29133187651,-1.91800282218,-2.57538383585,-1.94778413577,-1.77475575957,2.45804300183,1
2.57285531157,-1.29647489872,2.13630568062,-1.70605049035,-2.36003417644,1.16254241978,3.67276741027,2.15913144702,-1.52687561926,-4.40897704992,1
-1.81467714559,-2.09085061827,-2.46954471723,1.59920356798,2.36461416878,-1.66004009614,2.49784811229,-1.93990172771,0.696105279672,-2.92828024978,0
2.40886838017,-2.29268513297,-2.06523675369,2.22457807955,1.85636702307,-1.69338190578,3.06983350237,-1.11867660121,3.15332137706,-3.44719633533,1
3.2864995391,-3.60685174172,3.53756880723,-1.84783597998,1.9223180627,1.71444122482,2.73341471426,2.30103796039,2.25928359822,3.65807873546,1
-3.14705216832,-2.09327094952,-2.53757506729,2.1471826408,1.55331862907,2.80745861258,-2.78785466217,-2.71461292451,2.01558157705,-2.1119520747,0
1.84722075979,-2.9222235372,0.728140886915,-1.77889005661,1.87229227999,-1.41547041276,-3.16819608974,2.14718614942,-1.27284528949,-2.04327535686,1
1.09888743225,0.197925353647,2.04014996055,-1.84009917434,-2.07187940568,1.82590309469,1.97556383425,2.36933569202,-1.76554955426,-2.27734286832,1
2.52300153515,1.75970710611,2.14868175246,-3.05601499115,3.11839628381,-1.11396525905,2.41603157393,2.76574527903,-2.2483268073,-2.38016753359,0
-2.43600583186,-2.0843872865,2.00143867217,3.26443900771,-2.86856953827,-1.06279952354,-0.747567204867,-1.11948495065,-1.99022515262,3.47845898614,1
-2.85638416083,-2.84347164001,-1.73402542277,-2.4874406462,-2.15882643062,-0.983231208568,-2.50113320135,-0.650858800682,-2.08266938718,-2.51234670492,0
2.33567719255,-1.54025951534,2.49978327351,-2.42820400385,1.84721885556,-3.29316888252,-2.25778735807,3.78007575231,-2.64377455958,-3.39299862284,0
1.79628326987,1.60141064389,-2.49865349652,-2.2815906685,-1.30485484156,-2.33209242294,-0.411494751758,2.59950590383,-2.63497532884,-2.18855866415,1
-2.82595430104,1.84991817191,3.08319535976,-1.10809732098,0.791332396428,2.08594889635,-2.87254437998,-1.35348132744,1.13416663338,2.61986162878,0
2.88071427557,2.39745971132,2.92402123679,-2.62333466734,-1.55585203283,2.06236090641,1.30941106623,1.58625493029,1.41509479711,3.61573145144,1
-2.19670702998,-2.58116611424,-1.4568122351,3.03720690309,2.69464462312,1.80523882632,1.37782400842,-1.82334241438,1.50137946614,1.95265255527,0
-1.82283413781,2.38949133335,3.06132358718,2.70567847511,-3.40780591238,2.2953222991,-2.43845459316,3.38562570061,-1.13868885214,-2.57493101795,1
-2.86548372507,-2.44647800005,-1.79536911334,-2.50879516627,-3.05715378746,-2.90398727131,-2.20547458736,2.921533869,-1.8307128883,-0.0261442714801,1
-2.87078292271,-1.99444407993,1.36140197145,3.25719918794,2.81300274516,2.69587766637,2.54306537446,0.425828341982,-2.85720523848,1.72008225482,0
-2.00161709597,3.0053777423,3.27834192795,-2.30322660999,-2.10084200675,-1.78471961816,2.00400952085,-2.3948901908,1.27261400064,-0.728159235057,0
2.63486889639,-2.41886453097,3.13818299734,-2.06851567113,-2.07439886068,2.04691197089,-1.45492476903,1.77334188376,-1.43359802472,-3.14413825514,1
2.645134406,-2.49052776849,3.00675129825,-1.11867552326,-2.32523863722,2.59644784488,2.11978190562,2.53450994531,1.29255275063,1.6768828887,1
-2.48593658913,1.36556073237,1.67225595621,-2.07888385681,-3.14269888798,-2.43414624474,1.79657992614,2.53932332097,2.13529928634,2.40075658342,0
2.15560878839,2.70035094204,-2.33309829941,-2.72377243818,1.86402544071,-1.7978390093,2.25387170751,-2.74857302915,2.34707080744,-1.73493829167,0
-1.85644739019,-3.11664826092,-2.44453193341,-1.87594011503,3.01726690181,-2.17250671041,-1.4106736825,1.98471689077,2.24192049948,2.35873877052,0
-2.38198837928,-2.35288229908,-2.61559371953,1.4593959907,-2.95722332478,-2.60441022006,2.27969148716,0.962400606615,-1.95543853407,2.15176499032,0
2.15001845696,2.81907718697,-2.35968502552,2.86540874698,-2.83036758567,-1.50916408761,1.92907329958,-2.21302135617,-2.04302175385,-1.97866013923,0
-2.1022106514,-1.65354922245,-2.79579765824,-1.98587800309,-1.83502552997,-1.25022088458,-2.30602653378,-1.68804766226,2.42118694067,-1.57929080254,0
-2.69055764764,-3.10943767073,-2.0561708168,1.42548601917,3.74545686653,-1.92173228709,-1.1728321618,1.96561248843,1.95422439689,-2.17558101907,0
2.5450875883,2.25681181108,2.33020642845,-2.40433224696,-2.02195229462,2.08515610796,-1.23023590611,1.56884152453,-1.25263198705,-2.21705466241,1
3.21452754629,3.17761774675,-1.84121133349,3.20830806064,-1.48463436891,1.38884190143,1.89030908332,-2.67812173275,1.68759014556,-1.41993805425,1
-2.37333078866,1.73253178149,2.17383143524,-2.91329272319,1.43488154908,1.07419600948,2.24163995303,1.4775844935,-1.25079437666,-1.7884138293,0
2.5065289205,2.25003595402,-1.99455776391,-1.74745111595,-1.8156573743,1.82973531126,0.753502413026,-1.9972875884,0.491035020611,0.891121778234,0
3.90538600451,1.88656301031,-2.02888608416,-3.04793703195,2.12994578554,2.01330164065,2.23249621228,-2.65932942774,-2.25737711115,0.867111389367,1
2.76195922418,-1.99486327758,-2.31762846311,-1.99127129069,-2.91719807583,1.57176473283,-1.27835279256,0.30880818011,-1.19143496891,1.4532981266,1
2.54072765234,-3.22881294579,-2.29589538448,1.27964809398,1.60849649389,2.2013880671,-2.10798858221,2.33752243434,-3.08819061123,-2.10525429676,1
2.85952230476,2.84287682775,-3.69297689982,-0.0566189695588,1.40613617958,-2.06221199787,-2.79053068474,-3.22919850164,-2.75040219032,-2.16449123825,0
0.74520878402,-3.04363499715,3.37908402198,-3.18876927903,-3.25712026748,2.68894720555,-2.53797576211,1.56244738949,1.08574638656,-2.55688894382,1
2.14537168997,-3.41671860193,-3.42204529848,-2.93601489829,-2.838210728,2.64201122297,-2.57993744247,-1.648107282,1.46523772043,2.22150725357,1
3.53080972435,2.22987187804,-1.95507745433,1.90204787329,-1.96119449802,-0.310174498234,2.13122103061,2.25342926164,3.14069317746,-2.82428423838,1
2.14129075447,-1.70088176323,-0.992092431112,3.52263573084,-3.00550414305,3.47735007441,-2.31334671187,-1.38685302243,-2.72272257819,-2.87617083007,1
2.0758508238,-0.599691736318,0.734173343441,-2.05576634257,-1.94055441513,1.80330699919,1.98050119474,-1.61025341275,1.37171648125,-1.79197184272,1
0.354651953971,-2.93865838038,-1.69921430752,2.20924344992,-1.97900886766,-2.34092520015,-2.13347796808,2.17656005202,2.2454528945,1.92940586886,1
-3.07628721366,2.69076536767,2.36841471292,3.59222849627,-2.68497246973,1.61774920952,-2.52310441162,1.68727064095,0.944244890921,-2.78203799705,0
-2.46458172515,-1.71571488089,1.38344641498,3.88125641697,-1.86536003375,-1.05590021371,1.20117201469,2.77891271148,-1.61153096229,2.45361101549,1
4.06969399928,2.41017317871,-1.78713968836,-2.46632825174,-2.2295210128,2.62095073284,1.44865581818,2.68482114895,-2.85591836162,-2.30174249408,0
-2.61709451982,-2.83345218377,3.00744297699,2.60836188225,-2.97485235659,-3.23982516734,2.378500097,-3.7156756881,-1.92532028465,-2.61620875939,1
2.15826718718,1.91849791996,3.0228570553,2.84750536861,1.93897452517,3.01275248791,-2.93729930504,0.462812584917,2.24169722056,1.62371901061,1
3.92458501477,-1.49735910404,1.82950209411,2.11791561328,-4.19542169252,1.48996568289,1.59606442445,-2.61845321663,-1.72688636771,-2.59517303975,1
2.53035794771,2.0531773655,2.50586029231,-2.53485036201,-1.55918935971,1.88026275228,1.81759137535,-0.558288293881,-2.78826164258,-1.50400857856,1
-0.63772895806,1.667698605,1.51775519683,1.99228937223,-1.53940363714,2.78430042614,-0.774348157063,1.3419173225,2.85828630878,-1.4595165229,1
-2.15911689173,-2.35602579905,1.06231012182,2.45012105954,-1.54031430435,-1.46160269255,1.64223015071,-1.00402300646,-2.45689533725,-1.9223860175,0
-2.45025315804,2.10736536615,3.02951781231,-1.26801109889,-2.58790210359,-3.35680599748,-3.10510357216,-2.63524901206,2.95860753735,-1.54336100195,0
2.87353608157,-2.7477016746,3.30849324111,-2.05358172503,0.781760210525,-2.82956497492,1.74352063983,1.61401032605,2.47456725619,-2.81680164594,1
2.91249603224,0.834683767028,-2.57539358907,-2.4602664913,2.64933241965,-1.14483312613,2.9264107828,-0.974154618694,2.03478197543,-1.54581838816,1
-2.80133818854,-1.6002301447,1.97442241811,2.75888125911,1.35457093058,1.73477984133,-1.89324480831,2.34839852439,1.69293229022,0.43443426602,1
-1.86818478489,2.01982643523,1.6913292046,1.71962242433,2.19351407489,0.970749134772,-1.65054631311,-2.01074137204,2.15834805131,-2.58582050911,0
-2.49348910648,2.87264701129,3.18199283688,-1.44581780414,-1.38786851811,2.47466232092,-3.02352142448,2.08231064968,2.77610471304,2.08969559639,1
3.19098590962,3.03708260842,2.42081473393,-2.36325793987,-3.51389349607,-1.67379041229,2.29437380573,-2.24395649783,-2.72831804956,-2.3841533044,1
1.94720718387,-2.10647921567,-1.58362691116,-0.806591922416,1.50435247185,-1.75706872793,-2.86306395565,-2.45819099002,0.199637722577,-2.09208848934,1
-0.938430843896,-1.81364055026,-2.41562712,-1.87880401743,-2.53182884144,1.28770303591,-2.95200832957,-2.01267340385,-1.97078566655,-1.37442293177,0
-3.28452420564,-2.29437010084,2.16516070544,1.00167974436,1.99946736796,2.08319385087,-2.67949947418,2.79194561626,-3.48465805978,2.87471090243,1
-3.50830414239,-1.87169459141,2.33961835698,2.32756937319,-2.39595250897,-3.34355287334,-2.70228924925,1.13500805179,1.58168748595,-1.37598589817,1
1.21275973115,3.08733219258,-1.63096542129,2.98653626449,2.63111368375,2.31481857945,-2.83702962082,1.6833597349,2.27150851778,3.06217227093,0
-1.14702505717,3.16308782772,-2.66691035681,-2.69225388158,-1.61068230724,-2.32282970562,-1.86599219645,-0.712944144557,2.33092834963,-1.95360014305,0
-0.860670700565,-1.36259866265,-2.31098339941,2.15603171071,-2.78492308768,-1.55071602109,-1.46045928268,1.44082502344,2.16476286626,-1.54966583347,1
1.08511927072,2.52076357558,1.3520727157,2.45255492043,0.926876195296,1.55333442325,-1.17834683344,-0.44411690403,2.16091897512,-3.53483832159,1
3.00966275678,2.06094867642,-2.10418716239,1.95752769731,2.98986481332,-1.36315043826,-2.50788650851,2.22029520442,2.2568745412,0.685872867233,1
-1.36518447033,2.12526565414,-1.97680465928,-1.08401703999,-0.419255578649,-2.17734294766,-2.8901349951,2.90764580779,1.10456558619,-2.21422535347,0
3.3429854499,2.77729065757,-0.920818163252,1.31117277761,-2.41230511085,-2.53841890703,-1.74875500546,2.8695065004,-3.22782508369,2.81950649225,1
-1.44184885925,-1.90538570116,2.58980955397,-1.70022006504,1.83302112562,-2.81812015696,-2.62131217488,1.85192482178,-2.16133619891,3.20135578466,0
2.73206799353,2.41613192924,2.73977459634,-2.32320304046,-0.372637581748,1.59783568294,-1.67584070401,2.23276159818,3.11870939911,-2.3724317552,1
2.03188879004,-0.645364496867,-2.09133917815,2.3136426155,2.71265659765,1.95949028661,1.95452952985,-1.47910906505,4.25126211285,-2.75290363521,1
-2.4629002919,-2.59672647853,-1.54563039299,-1.22934197902,-2.29976627777,1.91462489205,-2.45573676613,2.2937059096,-1.44927389186,-2.28175823578,0
-2.2363084056,1.40389857263,1.3465268471,-2.59279216879,-1.4773580273,-3.12400966951,2.85410148102,-1.47852011765,-2.05384941764,2.2712163922,0
-1.96286610094,2.85308053878,-0.536506129442,-2.89044381234,1.63686140105,1.7348050382,1.30409441852,0.562935382859,-2.92544690171,-3.00649535363,0
-1.56955684479,-2.68455317988,-2.72305147603,1.09126069705,-2.61017592086,2.57615434248,-2.79008631588,-1.75931771208,-2.57048293781,2.13032127399,1
1.69517320793,-2.82320913778,-0.764997137902,-1.47881677869,1.25528828117,-1.8438539932,2.03128260189,-1.28517820271,3.11704054421,-1.76611825958,0
2.99232874828,2.69778640254,-1.41792430442,2.32279130422,3.23280722965,-2.73646578076,-1.54986138081,-1.18448090932,-2.40047735532,-2.59245262948,0
1.25383825974,2.10665788367,2.86528289947,-2.80365919345,-1.98701884915,2.60390746884,-2.5398810266,-1.61225770954,2.80741466902,2.24402593678,0
1.91655518454,-0.390355991287,-3.21855541552,1.63810662118,-3.633421732,1.29080089646,1.93053262222,1.1478316343,2.9392666688,1.90379172753,1
2.99785774483,-2.74034468004,-1.34227593756,2.84862921548,-2.65005506185,-2.92645092229,3.46900801105,-2.67730115721,-1.51497260721,-3.66404957443,1
2.76977214094,-3.36332884423,3.24771424423,-1.54019272318,1.85250056268,1.95368133507,1.79573106618,1.44091465753,-1.7098123628,-2.14831716973,1
-3.82157451387,-1.27736560128,-2.21702808738,-1.69932907559,1.24940663369,2.75334011139,1.63085054193,-1.6137336577,0.618061636496,1.4427806155,0
2.12771251972,2.49134106466,2.02901742173,-1.13559521475,1.73265978477,1.29047949926,-2.02008536633,-1.58063425796,0.76419815103,-1.87787862066,1
2.27464963397,-0.806274609371,-0.95761162259,2.52160336774,-1.54048469661,-2.41622496794,2.21366063138,0.737863472405,1.69251628556,-1.56218743678,1
-2.52888568818,3.86809855747,-0.87200946136,0.764643673433,-2.81392342075,2.82384090162,1.55189745586,-1.29862870364,2.46713631879,1.65389137735,0
2.74747760775,-2.73037200128,-2.2831724838,-2.06920356507,-4.00657016936,-3.45089632384,-2.31339780899,2.35128221812,1.80547997891,1.97573398689,1
-3.16036894515,2.05917190253,-1.78346253008,-2.93559600562,2.68206628487,-2.31393812666,0.696916300899,2.47533963508,-1.88711540093,-1.54423251815,0
2.83812734394,-1.85969980879,2.55967483942,2.3578092877,-2.81264958836,2.66398706144,2.5824469902,4.17442463244,2.17575203291,0.804351718521,1
1.44905331836,-2.54523975104,-2.64385769744,2.22307815215,2.65613881484,2.58514260771,-0.198035124498,-3.07288595931,-1.65841199895,-3.60772429772,1
2.44128306009,1.14695126932,-2.35783533838,0.373606831066,1.03421391358,-2.83963076758,2.31137945424,-1.74666152019,-2.39533891379,-2.21949594959,0
2.12024146606,0.759963070811,-2.27781686924,-3.20982585172,-3.34308188958,-2.27152692693,2.06699188802,-1.61094180877,-2.21056052118,2.34383986295,1
3.57232884701,-2.36705036807,-2.26228918907,-1.36585074083,-2.24411861225,1.97470190977,-2.81606465693,-1.73248761798,1.30497157384,-2.26220976701,1
-1.99671859416,1.7230454109,-2.59109338281,3.62013155742,-2.96557639627,-2.26763183978,2.31076676541,2.98747589979,-2.79059958318,-0.611095533419,0
-1.79644985571,1.65375160362,-1.91047623072,-3.52482385309,-1.70251156527,-2.03706921847,-2.80857178995,1.92329276156,-2.45773736158,2.06153577328,0
2.86343849332,-1.2330447308,2.88313339461,2.4590444231,2.60495972995,-4.01827873285,-2.24258565027,1.70974548433,2.05520738027,2.28575664678,1
1.71108372281,-1.21900669771,1.11931068365,-3.03487186507,-1.65649602711,2.55108126261,2.58967238785,-2.00578025263,2.2643477948,-0.973172555675,1
-1.98729477445,-1.01888852925,1.86249748732,3.19421033369,-3.12448451316,-2.1998131461,-3.14153181303,2.73241237543,2.64873128203,-1.21639478451,1
-2.15972268363,2.49134277588,-2.89099596078,1.57691032586,-3.41745825779,1.7636643217,3.34951292469,1.74770568166,1.82429171197,3.06470378617,0
1.2828388825,-2.82971677925,1.80282315748,3.04143874143,-2.89474547614,1.32084477889,-2.67360105913,1.85426013845,2.37771592449,2.04558355487,1
1.88164983134,-1.89235272091,2.33752720251,2.8847053563,-2.47887606568,-3.07341849698,2.4362046948,2.47725182681,-2.12860294277,2.82586793848,1
1.44188197176,-2.47514623962,3.63305033231,2.47267187849,-0.95825544819,-1.60048422244,-1.27835902803,-3.2243556719,2.18807607949,2.5644359941,1
-2.57052505879,-1.73055320847,-1.25209931158,-1.85297286311,2.92769805019,-2.91099218966,-2.15358681414,-1.08507815414,1.71384117118,-2.24873476282,0
1.92925181843,1.94465574585,-2.04697332166,-2.99482782375,2.61473342341,-1.99372346994,2.25920314044,2.45795740084,2.89693958725,2.34693091709,1
-1.55433973373,-2.71762647493,-2.32158992896,-2.21257638434,2.51240680183,1.78159131532,1.81128968777,-2.51817559371,-3.04906630556,2.30851589789,0
-1.33037710834,3.05888480223,2.19827690916,-2.99578423992,-1.91410451517,-1.22379451349,-0.281314723311,3.84613150752,1.9288990169,3.62169980282,0
1.87222053385,1.64352128366,2.0632913263,1.34371186382,-1.75889553344,-1.50683726363,-1.41351512976,-1.93692579362,2.85142436775,-2.92384197247,1
1.25914239318,-1.88198104242,-2.65311884935,-2.81114003914,-2.70842824288,-1.37613384561,-1.7908362909,2.62405559655,1.3304564897,-2.25443374121,1
2.79532876639,2.6914109843,2.84602908809,2.66527144611,-1.23152630509,1.89114599382,-2.49758173948,2.20214458244,3.51109302578,1.50497923093,1
-2.23018524409,-2.49262092032,1.22060841367,-3.52957135652,2.23646565133,1.59596441943,1.23062425593,-1.16414539273,-1.29429312144,-2.14262746008,0
-1.74000506735,2.12044339516,1.45982106224,-2.58351962686,2.69811049353,-1.44163539814,-2.56263149099,2.20193623499,1.26416080741,-1.6317443538,0
2.15094965564,-3.02146862956,1.76473423175,-2.977293378,2.91507699055,1.85360866243,-1.87321203618,1.65137576928,2.71207506901,2.8877571332,1
-2.49718219255,1.40793591064,2.00569818758,1.60166551733,-2.34190671015,0.986157764049,-2.45548854145,2.66963527997,-1.94749598768,-2.16216095505,0
-2.42669636937,-1.56906449243,-2.74750997625,1.36205847669,0.849743569187,3.52759063713,-1.91973874521,-1.76918070439,-2.75504983153,-1.89711365376,0
-3.35078588906,2.67590520763,2.34278041747,-1.49003819143,3.41732276429,-2.76683609323,-2.40721602235,1.81126654739,1.66225790849,2.35053039681,0
1.6677530987,-2.26861416838,-2.17574235528,-2.63941922981,-2.48671695831,-1.48873370381,2.70549354836,-2.27277768177,-2.85874771831,-1.07988125494,1
1.62534608178,-1.96019998713,-1.32811512876,-1.36090935764,-1.42205332965,-1.26116019511,3.14920063976,1.86550582933,2.37472009239,-2.51252629839,1
2.43128372608,-3.12981208578,-3.95518185802,1.44638385641,1.00064008034,-1.99437278555,-2.14214074777,1.5218704137,-2.18278219371,1.64172139745,1
2.33781644046,2.1350326044,-2.69856613624,-1.89713756632,-1.20884684041,1.53290437252,-3.11631783765,2.29819830685,2.17561959907,-1.6463807617,0
2.057289801,2.26749054736,-1.03401146777,3.09070881161,2.16047957164,2.98612903821,1.90858914403,2.42003879597,2.57036244121,-1.87298555061,1
2.00017120199,3.77268302953,-2.57164987575,2.93066880757,1.51685494754,1.74628257697,3.26416230562,2.86799917902,-2.20450109473,-2.93365355409,1
-1.46501805502,-1.75951746512,-3.0365647812,-2.07638092511,-2.52662063063,3.19630542143,1.71520831279,2.6596839065,-2.15165137455,-1.15364554221,1
1.4010613207,1.21575450624,2.69937487911,2.25492403912,-0.52178006798,-2.48253218855,2.72824746972,-1.909543438,2.04973571333,1.96850680957,1
-0.935358280532,3.22619786184,-3.19233643187,1.40479518663,-2.15983454378,1.87686871925,2.71233727706,-1.77883710636,3.27836704676,1.45630542878,0
-2.77009006492,-3.35385061379,-2.59409528111,2.26134539731,-2.27259947925,-2.26385423115,3.27585750294,2.71863354526,3.26442177004,-1.18904554232,1
1.40856920563,2.27267856354,-0.36269400027,-2.49426362658,2.25872620855,-2.76596102478,-1.06234658543,3.77854270629,-1.8003677759,-2.11625445778,0
-1.87326717374,-2.1733822205,-0.0546645838557,-3.15628519762,-1.51776390905,3.35975869938,0.995463012413,-3.04629078249,1.86690871499,-2.48710974966,0
-2.08002683494,1.73051890481,-1.03624306006,-3.41223356313,2.76721367427,1.89791620827,-3.09481341273,2.08401806311,1.73716774604,2.16411377737,0
-0.949831524173,2.14115655055,3.28682694285,-2.69431335671,1.82543768829,-1.6862528142,-0.97633548218,2.63030588724,1.60692371806,-1.55219572386,0
2.53317415493,1.36931469176,2.14834858294,-2.5239106696,2.31967097168,-2.44061520621,2.88898849942,2.55088560152,3.54175649865,-1.27504313988,1
-1.40402081702,-1.41752662892,2.23763135905,1.08677796835,2.78684227608,2.32288165762,-2.49188922576,2.74499096935,2.95486208832,-2.30735072056,1
1.99091777714,2.3791573859,-1.73696502774,2.8809757824,-1.27625124144,-2.35212642688,-2.49091212108,-2.69256490528,1.73399630333,3.02849975604,0
-1.80330082186,-2.57938661606,-3.23129716497,2.50581890843,-1.37775229128,-2.75414041449,2.23614914345,-1.44968893029,-1.90412260969,2.32322070185,0
-2.46013598932,1.88483956287,2.9546189697,4.20914026505,3.09415670102,2.50258111076,-1.82512222591,-2.82781536304,3.36989465324,2.71817904784,0
3.24835581176,2.18938388003,2.36905677594,1.55076551568,2.27703492871,-0.599973104649,-2.10237682278,-1.55671888539,-3.31365941148,-2.7105349672,1
1.54421557902,2.89208376794,1.64906974701,1.52967430679,-2.29342848932,-2.67992339003,-2.27711245176,2.81304433357,0.716422765058,-1.08160025075,1
0.737321382483,2.54376407164,-1.54231974048,2.90681145896,-1.5586044489,-3.05958215599,1.68706784546,-1.63937100502,0.886332283007,3.58062651799,0
2.5967870344,1.17549508143,3.10291457293,1.20259649343,-2.84631231609,2.85719289178,-1.5656193774,-1.54424809121,2.09440880136,-2.55156224508,1
1.69603183306,1.80533848214,1.54772369711,-1.43955265573,-0.798736591552,2.53353393845,-2.62504221674,3.80490416348,1.26259451092,2.94846679404,1
1.81275103204,-0.418801121554,3.20901217526,2.25754393554,2.22289475384,-2.5142225218,-1.52338217124,-3.56107654646,-2.9413637177,1.74109932988,1
-2.20734211729,1.79636220475,1.18013091291,-2.05105291693,-0.851258797485,1.3309092826,-2.57082391558,2.24070510179,2.08305724077,-1.53600261523,0
1.87974499521,0.823892128207,-3.35636841295,1.72561581898,2.07481212302,-3.4746834203,1.95852613305,-2.53771327278,1.76428591697,3.53878681752,0
-1.90651208327,2.35058108548,-3.559861626,2.48494920982,-1.1988111094,-2.184994365,1.40869910902,1.9755142075,2.51371041315,2.52165146408,0
-2.03823410623,-2.65513856042,2.25980121015,-1.42596288406,-2.15470782073,3.60669214398,3.10438819345,-2.4769306136,-1.65370150944,2.46603596583,0
-2.23526908887,-2.46081754883,0.0539669758301,1.40161319577,-2.35509737232,-2.54015646618,0.73940321864,2.7827286125,-2.67133266133,-2.84939406182,0
-2.97078248626,0.926162029046,-1.64780528819,-1.78256932693,-2.47300096047,1.97206196849,1.44866109714,-2.84326662859,-2.32422846294,-2.95822170213,0
2.25331653491,-1.7375804012,-2.90389684374,-3.05430871118,0.0879062150663,2.32276747517,-2.34194137908,-3.39334767157,1.25854092786,2.25849986812,1
3.22312971631,-3.55185479567,1.78542041311,-2.41509520684,1.13490545383,1.85342626723,3.14703742478,-1.72836990312,0.931169357217,1.34818117633,1
-0.855593117016,-3.1938123022,1.19840214812,2.31071675678,-1.59506418516,1.86547470664,-2.73961604859,2.65787706065,3.30398874739,2.33713227003,1
3.11721220829,2.13859034142,1.13504122873,2.48192927533,2.74362494678,-1.70219164464,-1.87522297828,-2.5848349075,2.17063327565,-2.31900104223,1
-3.28011888933,3.13376515644,1.33472694858,1.82529337762,1.6340151795,2.29665752712,-2.5810673167,-2.2000223591,-1.55820466992,-2.41477640037,0
2.41338969347,1.42147978326,-1.60544219401,2.17241187801,2.69283945069,-2.40985790927,1.38596540276,2.97617368679,2.71341601494,-1.7461307095,1
-1.92841599015,2.67669937178,3.39842308768,-2.61397281076,-2.46649700584,2.74764829066,-1.48543907157,1.84510645885,3.11738624147,2.4126260745,0
2.68622071194,-1.45530359812,1.82469008054,2.32898581834,-1.6998411826,1.66160625699,-2.82470076573,2.29916203515,-3.00116520009,-1.92837641228,1
-3.07077365693,-0.254021225436,1.92980358735,-2.95547233143,-0.800311984178,-1.84716117753,-2.25218967433,3.45407183017,2.72598998066,1.91128737335,0
2.42584281682,2.64131269852,1.54324992308,2.18110427408,-2.83408792874,0.754864180254,-1.72221285132,2.73754970596,2.2589340537,2.041495734,1
-1.73629945958,-1.84607728178,1.19803804338,-1.15764000247,-3.39912800783,-1.63588008091,1.30060520693,-3.83987259023,1.48361389527,-3.3688850179,1
3.24167059782,1.93395790856,3.21901547481,-1.1648377184,2.39834749296,-1.47164493825,3.7042151888,-1.15041531211,-1.4278936343,2.58754988767,1
-3.12625735667,1.75793288522,-1.55803499077,-3.07439787594,-2.65234033562,3.44043526998,-2.16509444258,-3.39208767845,-3.12248551181,1.1017823841,0
2.35802100836,2.71740481365,3.63965593215,2.96531836224,2.42464773475,-1.60550639163,-2.05442098775,1.84762662109,-1.89566166361,1.29444200717,1
1.97147672673,-2.60489717841,2.72984173998,-2.40079571123,-1.07530267668,1.63510633622,1.50094465593,-3.44191288684,2.32464850301,-2.11338386389,1
3.01362027228,2.09411746737,1.08310941075,1.73130696363,2.22074300996,1.91227225545,-1.11844956011,-2.23341207675,-2.85459846479,3.54792062916,1
-2.08101467616,-1.39011409981,-1.30053332162,-1.53376101145,-2.60500225591,2.35020397477,3.2380652964,2.68232440082,-2.29005395393,0.272718589963,0
-3.28472193868,2.94438830262,-2.74817281242,2.83120771348,-2.12613717298,-3.07583494078,-1.66471930974,-2.43204895008,1.70347182531,2.3119549308,0
-3.36254555207,2.30264712097,2.82230179755,1.78500689321,2.49200639555,-1.78025374682,-2.89474556545,2.18611310416,2.95099492867,0.593768597704,0
2.42646154105,2.85670918804,2.54042293052,-1.59847450629,-1.50441318605,-3.1288231868,-1.32016736386,-2.13065257932,2.57328486791,-1.65712081166,1
-1.03280198524,1.76972993087,2.69802144286,-1.99351774497,0.850688560342,-3.29082077134,-2.02255287923,3.83206674154,-1.72556335668,-1.70308789206,0
2.31692942037,1.28673142368,-2.09350227971,2.50614407093,-2.85056392846,2.5361348935,2.90938454254,0.939597489754,-1.7988810624,-3.12174753116,1
2.31141042846,-2.48561346307,-1.76621274113,2.18487886934,-1.5237271899,-4.05915376003,2.55548568925,-2.40365559515,-2.4254966415,1.28999577379,1
1.96183207284,1.79383921637,-1.6423471993,2.59161294095,2.43034603276,2.7387398852,1.78238500801,-0.885157846406,2.89826996151,1.22833454329,1
-1.91640609882,-1.37894282998,1.62255463507,1.95549270959,2.38536078229,2.04568876884,-1.94383238007,-1.79349281739,-3.36938563444,2.52550732521,0
2.35304361197,-3.33596721625,2.34414613532,-2.71547732152,5.05652596322,-1.55919477983,3.7763610916,1.76990857517,2.21415463881,3.11374892569,1
1.51349112296,-1.88214174326,-2.92160990806,3.34548839851,2.59734614625,1.15094583623,-1.37201401861,2.11987305822,2.50550043802,2.12413830169,1
-2.09915951343,-3.12908128123,2.59604642749,-3.05330309147,1.01381543548,-1.89487048518,2.74077550318,-1.52634749289,2.36097467088,-1.47986157673,0
-1.93027077546,-1.60820818059,-0.942501209057,-3.80146153021,-2.38348293825,1.78382969263,-2.94913363589,1.79762780176,1.11232434762,-3.43762753525,0
-2.22545335846,1.67885948952,2.48600905672,-3.17622639977,-2.07643267466,1.6600645842,-3.77017247841,-2.50502426476,2.30908072436,-1.23360170593,0
-3.12501480771,-2.90669623788,-2.48525320946,2.95994320913,3.29358494969,-1.22954784728,1.96793618898,3.37382010422,-2.66312249975,-2.53020814767,0
3.5353932065,1.46457831994,-0.609393657153,-1.6079842858,-2.41486761388,2.15352102057,-1.93994503511,2.36415822315,2.07470929926,-1.00470047681,1
2.52060661257,-1.69062205004,-1.93505795219,1.38001879269,1.43482470545,2.36473946094,3.00327127949,-1.60602654859,1.60890804484,-2.10525423816,0
2.06689474482,3.5746853962,1.51355229465,2.58399807095,-2.71146285614,-1.88918335366,1.08181013701,-3.33130261065,2.4316501735,0.990295773207,1
2.92563052339,-2.621545752,-2.47261529666,-2.01778320319,2.58756015901,0.746779379591,2.21688547839,-2.66096500221,3.09256476413,-2.13879429465,1
-1.78379593436,2.11059044356,-2.54898879596,1.86305377317,-1.38318469223,-1.17582609063,2.56766731902,-2.50150082783,2.32326796394,-3.17245478792,0
-2.7615356347,1.88707785639,-2.22869053025,-2.1172266581,-2.47868021418,1.1139950815,-2.14964046577,2.52546553983,2.73223884467,1.86615102844,0
2.40534982483,1.58354497475,2.8845610704,2.41876370694,2.69196274358,-2.25503758872,-1.86253673842,-2.41686004363,-1.76673043758,1.0516882996,1
-0.77267555841,1.86523135405,2.51155546752,2.12016004278,1.27908459408,-2.25403039079,-2.29322264262,1.92921283828,-2.70816651243,2.82495700342,0
2.40496949177,-1.91922660227,-0.929727707786,2.81349676827,-0.329249802071,1.52222237659,-1.46567115076,1.49659976415,1.08942051116,2.7082064598,1
2.56411090598,-2.58511788171,-2.05531352775,-1.80714884363,-2.20366122933,1.62630553686,-2.88315700295,-3.16324328908,2.59883264851,2.17674531549,0
1.44259180842,3.00384243277,2.20003349984,3.24805120011,2.76429339271,2.83225521024,-1.68310906913,1.93675415886,-3.29411054899,2.02638216303,0
3.16126651515,1.15860713453,1.49276296366,0.634588065682,-2.66700037379,3.69529430646,-2.53046007169,1.75719475766,-2.24633945201,-1.96569055781,1
-1.18517005112,-1.75206699989,1.73391867759,2.21195436924,1.53021337209,1.79135268401,2.14255610995,-1.04323060817,-2.93233783105,2.24659011669,0
2.06908603399,-1.75797018255,2.33052090519,2.84847264683,-1.50430529806,4.36526280759,2.15442169905,-1.78258921708,0.869743998195,-0.844995001558,1
1.00081502129,-2.2949941582,-2.12017113848,1.0228823127,-1.91656863573,-2.11994316154,2.634424735,2.31697751963,-3.41535964469,1.88150947099,1
3.33887977541,-2.146018894,1.18261958207,-1.70107570913,3.10464940936,-1.5094379005,-2.14197825065,-0.916861987463,-1.64857244749,2.7929741536,1
-2.17729152582,3.28589093995,3.38538884053,1.81211777927,-1.22373392392,0.844955499949,2.00265133385,-2.90631270868,-1.80057401557,3.70773360855,0
-2.96682562961,-2.74178678821,-2.24851243279,-2.8409863788,-1.52861442437,1.2241132794,2.84003500737,-2.72670989857,3.0107217232,-2.37225991839,0
1.82598305584,2.02041873838,-1.05827128706,1.93922350901,-2.39544312972,1.32752446331,2.28060496294,2.15695260025,1.95297477015,1.56249944821,1
-2.780251283,-2.62409013706,-3.50021079804,-1.95398167749,2.12753956791,1.89946665206,2.13453534483,1.99338049965,-3.27770395771,-2.14018925237,0
-2.2939272886,-0.894949118759,2.22417686606,2.91192625523,1.03144124223,3.39735641355,1.79207144187,-1.96131661727,-1.96395435359,-1.95233430387,1
2.43585831326,-2.19310126811,-1.86634901964,1.63721386761,-1.31996060664,-2.98079654197,-1.95214806883,1.82597617485,1.15189542872,-2.45124645503,1
1.35703512024,-2.96268505177,-0.932839316621,-2.08096782617,-2.38091873649,3.97890845661,2.18357938215,2.66625358388,3.65100395092,1.29087726799,1
3.17086238392,2.492783077,-1.52385890354,1.89498772531,3.09453288234,1.65411490518,-0.655969162592,-1.59753892185,1.24020627672,1.84961965861,1
1.81853091338,-1.67776639814,-3.5955978113,2.41299630455,-2.35037078681,2.66879481634,2.16706930885,-2.60606155331,-2.24553627096,1.17701159177,1
-2.03731925333,2.50602232691,1.03739203702,-2.72836838056,-2.2615628128,2.31187853098,-1.26128769967,-1.54998257348,-1.99105588018,1.66158551725,0
1.95347277022,-2.1522717012,2.78020063131,2.39926481972,-3.36838702318,-1.882149668,1.59583450651,2.93888818951,-0.859319003556,2.99660926966,1
1.63636287925,1.73532064464,2.33762359874,3.27421368431,1.97686295593,2.8067684484,2.44878916365,-3.00429757626,1.63913834468,-3.55028457537,1
2.46349598093,-1.32942954281,-0.634722644312,-1.59622496296,-2.87917795709,2.16185283279,2.61279855197,2.05828118223,2.19496539471,-2.38714256382,1
-2.75766287854,2.52118922019,-2.45536311123,-1.97705913304,-2.40504936249,3.25932720734,-1.88781453548,1.55935050044,2.35347238555,-2.36896090722,0
2.08994896752,3.1318887456,2.19191730841,2.00338967431,-3.81075738219,2.31667172815,2.62736578402,-1.69553110787,-2.35243496037,-1.54294229801,1
-2.46618018457,-1.05760785992,-1.71864586009,-1.74554634446,-1.47927458581,-1.56095867803,3.32603785349,-2.03320000613,0.895691018644,3.38467340266,0
2.08771644471,1.31264651978,-1.45846838881,-3.41898768567,-2.84114786764,-2.50657970106,-2.01090651825,1.41113040526,-1.07942619147,-4.21555947423,0
1.12799140881,-2.09024791877,-1.3352221455,3.10435115807,-1.7828290015,-1.93029384794,1.97160466828,2.42928185254,-2.72267527937,0.607310754075,1
-2.61339908072,-2.14833155589,2.1377452092,2.16844686152,-3.19689784729,-3.5077061576,2.49231433331,3.14353412007,2.2203799957,2.74524197486,0
3.18476148945,-1.84334297502,-2.7970977279,-2.65002441594,-2.95467976664,-1.46245748774,2.4503326258,-2.77444093947,-1.59220255058,2.07120513446,1
-3.28751544787,-2.1179661831,-1.59503339534,-2.4190976326,1.83301943548,-2.89217022565,2.88431337876,2.85822677473,-1.67579817497,-2.66508720808,0
2.06925680724,1.50698657194,2.61377001022,3.1259623538,-2.73430436211,2.23152012619,-3.63462577954,-2.64776057203,-1.61846672792,-1.94961558917,1
0.773378737394,2.73961961501,1.92039225363,3.17093397699,1.76117681227,1.34998151636,-0.926429213977,-1.94751127095,1.26918652691,-2.82166461276,1
2.73287441776,-3.72029511239,-2.32137024454,-1.29834607414,-2.27913287463,-2.89128635744,-1.2966945885,2.37759436748,-1.282827581,2.88796419348,1
1.8484279468,1.51960788726,2.44430638733,-3.17939606592,-1.9225393872,-2.77291884077,-1.51530333877,-2.84611645966,2.88746130842,-2.35520446791,1
-1.23997801866,1.91029637581,-1.95380240377,2.50834751128,2.08268424506,-2.52049165752,3.11007102223,-2.7286292151,2.24728511191,-2.97621649392,0
2.52421690814,2.75720668108,-1.91019482766,-2.38714920069,4.06829009949,-2.32918636451,-2.5257509242,-1.4090861104,-2.1523559237,-1.25021518714,0
1.8521976809,-2.41117648754,2.68979435762,1.5220198876,-1.19430823763,-2.6415597153,-1.9636659007,-2.35402715169,2.28696950792,-3.20849501752,1
-2.13916173583,2.09763162956,2.21349503368,-2.66280075666,-1.43875535534,2.41004633252,2.89599362753,-2.02230079166,1.70345306417,-2.73507484887,0
4.06038822611,1.37726895921,2.96058521227,2.90565487672,1.82217996171,-2.62484174573,1.85288633277,1.4934046124,4.04439611942,-0.393416256012,1
-2.1075898755,-1.13692996579,-2.96471520364,-2.12652141793,-0.819039757438,-2.54891410211,-2.00592060844,1.32939776809,-1.3574353314,3.6473792497,0
-2.48295411384,1.31117057371,-1.14214879044,2.29130510563,3.54408735241,-2.70077681628,3.82215791765,-1.08803058903,-2.09756003271,1.80690900084,0
1.3362785457,1.80720881312,1.79105985588,-2.05998629741,1.69009678911,-2.65961839558,-2.02988547095,2.5691986687,-2.19481057073,2.38088301593,0
1.5542925058,-2.78143719735,-2.05894405432,2.12085366289,1.8140885684,1.59268459583,-1.9485928389,2.79257882369,1.97215093631,1.05861894754,1
0.472170560445,-2.33184788306,-1.84043555246,-2.46937643579,2.05765610964,-1.05530632352,2.17635931897,-1.65092519076,2.15138643229,-3.08339547951,0
-1.81858228343,-2.24295688094,-2.06391026278,2.25023030658,0.998975327603,-1.39810687499,-2.28265002046,2.33057414711,2.34291430721,-4.29883769887,0
-0.611395404708,2.13218434548,3.67259849281,2.12193046939,-1.73831966336,2.64895889981,-2.11232057102,-1.68744931937,2.84084816189,-1.88624589798,0
-1.71348468006,2.56184427367,-2.8536130141,1.89355290035,0.944739102294,3.59416803187,2.43454579416,1.93538766306,-2.34406405327,-1.98388734366,0
-3.73411649958,0.7491543374,-1.12652314759,-2.89058142364,2.10602887089,-2.21139828486,0.962913859144,1.65212071943,-2.38082798206,1.90266963401,0
2.01895290849,-2.72331530776,-1.97620437256,2.43910089365,2.5025585898,2.62057813256,-2.25809073642,-0.377668550845,3.62480285685,-1.55584348772,1
-2.38625909315,-1.44326682258,-2.10883878757,2.6983999599,-1.91357232058,-1.74901521563,-1.99999810028,-3.59302471209,-3.31468058248,-1.60203550873,0
4.24924065486,-2.07894859485,-1.955065025,1.90333954755,2.32161727764,-1.2997601621,-1.87368106011,-0.34727267305,-2.22968998734,-2.85794774653,1
-2.71659585332,-2.54249356566,-0.839223404291,-1.14186116399,-1.00805921739,-2.44728840986,2.30180408434,1.78302558201,3.53430178806,-3.31141022285,1
-1.45603965257,-1.546506124,2.67491698679,2.22096140844,2.42797701121,-2.62586780568,2.65082857031,1.88640895228,3.08885779975,-1.80625594597,1
-2.49479019157,1.87911639875,1.99566603277,-2.04819143666,-2.10523811467,-2.35176362189,1.35731074332,-1.49672840458,2.0673677314,2.19441251797,0
-1.96887155782,2.73422341095,-2.22813396298,1.91481889478,-1.7065258468,-0.0839194619138,2.19302598189,3.65321114992,2.5150587645,0.0224260371029,0
-3.29818352807,-0.814048073767,1.65450129078,-3.46710230991,0.571623316751,-2.63679356972,0.229179730764,-2.35534690155,2.99434886937,-2.11723983955,0
-0.760177678356,-2.04640756466,0.635547319819,1.88493876933,2.95645867206,2.95397826846,1.84712470707,-2.16305731727,1.63785738648,2.45019427153,1
1.93097915762,-1.25616783278,1.03161920569,-2.22095017296,1.91699025981,1.19518266433,-1.59677702882,-2.07139316191,1.62933172748,1.75233178618,1
2.5106802724,-1.38302162074,2.87399437664,2.13696886738,2.32192691607,-3.31349001928,-1.60145955407,3.27945900951,2.32080789639,-1.65912869637,1
-1.61086645876,-1.49554886173,-2.28370442805,0.548021858595,-3.11189450344,1.77590816418,-3.4419362118,3.40185199345,-1.62934225424,-1.88905142568,0
-2.49248206334,-3.73367337909,-2.54051788856,-2.54981209605,-2.65844869368,1.80888653545,2.69208785078,1.80046210642,-2.63284058686,2.54909281775,0
2.79838705513,1.37247467679,-2.47875913553,-1.76482037514,2.61790391756,-1.68715446013,4.06008089316,-2.04232284217,-2.6603344561,1.96155377487,0
2.50682958077,-2.58531586889,1.82230967206,-1.8090222562,-2.53217176141,3.52888382208,-3.25262747501,2.46091465644,-1.34680540093,-2.44182849291,1
2.16260367217,2.78668470691,-1.7428388282,4.23291960699,2.42713450598,-2.50182211029,-1.68784933555,-1.98148314261,-3.33150328129,1.83978723471,1
-0.220771519641,-3.58511994234,2.04964608231,3.13213874667,2.18892693713,-1.41554983685,-1.81575547599,-1.4646296872,1.43484401258,-2.38950996834,1
-3.78379230274,-1.033204542,3.02534913969,2.00429309835,0.706955139004,-3.29762944925,-3.86392017901,-2.17099060574,-1.37581381211,2.03351153035,0
-2.71823733884,0.696073733873,0.596370900997,2.33048919265,3.15808920907,2.01119746227,-2.55082738584,-2.46506467845,1.51907148907,1.64113222474,0
2.81311137992,-2.40236860201,0.0465949179112,2.65190271516,-2.27506819296,2.21004589883,-2.77236236625,2.03759170392,2.41334577399,1.33734074894,1
-2.39462327023,-1.27369335972,2.02569501495,2.05968146333,3.49008628022,2.83870881625,-1.84677478657,-1.37642549634,2.25158979962,2.49262162054,1
-1.39113959699,-1.6901439321,-1.34312984118,2.05410105788,-2.35675785962,-1.58355598126,-1.26009575408,-3.0580956324,-1.47449175528,3.23173439396,1
0.682995229696,-3.17259704904,-1.82464914789,-2.22496188151,-2.23183022681,-1.52314202435,-1.98782807139,-0.437627995932,-1.95220182046,-3.16543385439,1
1.11745353544,1.53838606118,2.30166199747,-3.38953338259,-3.36374200271,1.47920179368,-2.37504800285,0.843267463043,-2.61681814721,2.70838940819,1
-3.19140674946,1.79739055237,-2.36042964727,2.33635346473,-1.74639237104,3.80348096598,1.89370368792,-2.02086547312,2.60236458629,3.32097791239,0
1.2277484752,0.783103290954,-2.10279195635,-2.27889177416,-2.07623943583,-2.26354021773,-1.57785146802,-1.76774828417,-3.07914355958,-2.14440881332,0
3.90191719635,2.01110925726,-1.45534379915,2.79821266586,1.65587017601,2.21497496838,0.881696397422,2.43962911873,-1.36421803705,-2.385144339,1
-3.44960596955,-1.72631225052,1.87810705639,-2.29159198005,2.72415221496,3.24388088565,-2.45839242769,-2.59817008193,1.86077824359,-2.79396236802,1
-1.80383838653,-2.01951875283,4.09645335822,-1.92476551823,-1.92640884388,2.91083397233,-1.97474545693,2.21164390622,2.21065820576,2.4601197928,1
1.35912178314,-1.93689617584,1.27285981153,1.28832842575,0.889542413238,-2.90858928136,-2.80076088587,1.55380457676,2.96012478591,1.94237439145,1
-2.32253560422,-2.65469357109,3.51859250613,2.74814172889,1.83361295404,-2.16989998674,-2.09227367296,-1.63367893332,-2.51703866034,3.4315475968,1
-2.50132599947,0.716910147241,-1.51338053848,1.30745909648,1.4955065929,3.02014444162,2.49207670274,-2.50751828141,-1.84229617045,-3.04226788424,0
0.910786652448,5.08387493464,-2.58690843276,1.38453797056,5.04586046771,-2.73319929191,3.53566222897,2.68036973591,1.90932714568,-3.59485290506,0
-1.44743511782,-1.62864479097,2.69357124727,2.38474505109,-1.92201091147,-2.18717363868,-2.85669132607,2.58740599534,2.3762131879,-1.56145462187,1
-3.44963150337,-3.23973067082,2.98323399635,2.47013236866,2.10266235192,1.60311628491,-1.8108499059,-2.74047527059,-1.81452828091,-1.62717677899,1
-3.66196585417,-1.34421938858,2.68311682853,1.65996891727,-2.49841432147,2.71271325411,1.99603787846,-3.13507378541,-1.59268880828,2.23821832323,0
1.56880175223,1.37629574929,-3.10616881149,2.35353892619,-1.42385674845,1.76862546519,-1.75148609477,2.93062037054,1.23513645066,2.50952370648,1
-1.5768658689,-0.829499894598,-3.13819645317,-1.60475413047,2.6020343212,-1.67893816089,1.61547761454,1.83354156618,1.039443327,2.36188540667,0
-1.98591326151,2.19977271895,1.25748083683,2.31575669748,2.14368820947,3.07150492244,3.59117174263,-2.28569892449,1.99800830948,-1.79477007984,0
2.26681205029,1.44119977018,3.05471094195,-2.53538598618,-2.12188423584,1.61310090509,-2.09961495177,-2.0070819438,-2.20508426222,2.34619871525,1
1.25176717487,1.83528313381,-0.599053851794,3.01376544389,2.05078320275,0.889596055921,2.40896487313,2.13301660218,1.49754718341,2.15829115761,0
1.71047714886,-2.24050562924,-2.33042059339,-0.775961910349,2.08002491588,2.14168880519,-2.56740410938,-3.29856823049,2.90324028808,-2.94241835514,1
-3.16629675203,-4.54002345533,2.52419137341,-0.102533886516,-1.70857461303,1.66843458529,1.75553642717,-1.37822496468,-0.591932947424,2.11328968431,0
1.17118097559,-2.78363227957,-2.43684911799,3.03372050694,-2.62118951882,-3.34137228484,-0.399772351943,3.30217966398,-1.46196979751,-1.65282830747,1
3.10429188388,-2.69089763017,-0.000756098360425,-2.64045665801,0.906265777303,2.00490366523,-3.05998952919,1.72330587916,2.30914097206,1.97093556731,1
-2.82309621924,2.77065896565,-2.89626149972,-2.63024167102,-1.787220996,-1.37198936431,-2.42397535846,1.99643832249,-2.20085600534,-2.61479271041,0
1.20712612566,4.37614296501,-0.113994069719,-3.27753725293,-3.59385938257,1.5003871929,3.74142046364,-1.10381039181,-2.24283915288,-2.53904447095,0
-2.86415967578,-1.57834460436,1.98870939858,2.58345765996,2.72069650101,-1.61976382224,1.98728813878,2.66446152117,-2.24853596688,-1.26767252459,0
2.30136617262,2.24937567173,1.75747735142,2.47890196661,-2.24874242204,-3.34423354121,-2.90663202643,1.86492396604,-3.27841294985,-2.34389387034,1
-3.22734647577,-2.59625655267,-2.75887864913,3.63081548832,2.36404111808,-1.14142271966,2.23430756789,-2.02474270763,0.903857172844,-2.86769426754,0
-2.6050480003,1.63068864785,2.01722094469,-2.65504076132,2.49431095273,2.48950147282,-1.50047418542,3.06647640999,-3.25226579243,1.05242912196,0
1.33521606443,-2.3251676481,-4.12866663082,1.12600757596,2.82846618355,2.21617024313,-2.74931487848,-1.74689036488,-2.84472518212,1.93249225805,1
-1.31666838427,2.67385368949,-1.77278081242,1.43384285383,-3.50054706781,-1.67334903381,1.25754134642,-2.68193988801,-2.43617151749,-2.3435410329,0
-2.25360792966,2.61369718046,-2.23823471358,0.99918527048,-1.36110453275,3.03036061518,3.42977980243,-2.3859908472,-1.47658236211,2.52091883454,0
1.93579024567,2.11694523048,1.10664300934,1.78891892171,-2.16142742199,2.41763532346,2.55120003319,-2.85721298973,-1.81390490217,-2.27999168786,1
-0.964286072363,1.55155744186,-1.48432916858,-1.36433935588,-1.3231615582,-1.43682269634,-1.8246919148,-3.29998813729,-1.65636192909,3.30264940502,0
-2.35950967149,2.71396764079,-2.64846221963,1.34289896559,-1.58688534986,-2.3963711941,-1.85421655703,1.8876566733,-1.387908115,2.490431632,0
-0.953532310834,-2.78043060728,3.02136559568,1.47634230675,1.84871879884,2.06767201425,-3.00389972976,1.50586426948,-2.88741566286,1.98450263589,1
1.83021095193,-2.81089248684,2.36616186772,0.612449673442,-4.12495346191,-2.30575919091,3.10703079563,1.76479692169,-1.37732623743,1.33823866237,1
3.69844230394,-2.19079065738,2.71605351962,-1.4206239698,2.94624801879,-1.45755323252,-2.32565070411,-0.955443568355,1.98516955633,3.05307602077,1
-2.05317822695,2.70736246283,-2.75459949715,-2.76726256168,1.89990556408,2.99887351808,-0.684809937902,-0.0378959758857,2.62046956027,1.85643951608,0
2.48914414939,-0.926888488577,-2.20552684336,-1.90720183978,-0.605542190245,2.87371209398,-2.88438026195,2.89473250471,2.88852109831,1.48558071913,1
0.829562552281,-2.36088495298,-1.54754863776,0.775613431196,-2.99024609887,-3.37659376199,1.44103782021,1.73914130552,2.41208816098,2.45097423202,1
-3.01627283047,-2.677266187,2.72783959755,-2.66337267882,-3.12972233931,-3.48209198923,-2.50022916309,3.1257312084,3.89257482222,-2.60699635222,1
3.52172582021,1.61532099484,-1.753770035,3.96170723592,2.00806227858,2.90198464578,-2.5772918447,-3.2483189228,0.95900490525,3.82519465789,1
1.52017392314,3.01399547636,2.72419547345,2.60640953625,1.23990700815,-3.68224558992,3.35892343885,-0.549025556336,2.50840617072,-2.559004939,1
-2.19295869131,-3.0007254067,-2.41249214529,2.39147206325,-2.46310213588,-0.917717800445,-2.09355217622,-2.63792030324,2.30474115831,2.96883533702,0
-1.06607965861,-2.80194272088,-0.463490538452,-2.04864038411,1.39666101619,-1.35949262778,-2.52724139728,1.76473309379,-1.50346181633,-0.496049336962,0
-2.3266259477,2.18732984593,-2.74041759853,2.08789173945,3.0129408796,-1.84321579623,-2.51271570672,-2.53210123687,1.12055197631,-3.3325747922,0
3.59395039662,2.1113765788,3.27972147414,-1.54609790791,2.84621342845,-1.07432602138,2.34308385373,1.61385721208,-2.78515752491,1.76849443018,1
-1.97889157252,-2.48059996615,3.16950494823,-1.21888288534,2.02069031597,-1.96601628421,3.4290018789,2.09034161167,1.52002839174,1.40025289586,0
-3.40492172194,-2.50496194212,-3.94575001837,2.07820127332,3.27227685428,1.90534663677,-2.81843572391,-3.85741592165,-2.24947738734,1.5459422582,0
2.91609638921,-2.70407171114,-2.64496967336,-2.75959449957,3.06471034159,-2.65763173983,1.69333335968,2.73034718757,-2.07102545958,-2.69323953977,1
-2.41040499012,-2.26477265069,-2.58491478497,-1.94011602879,-2.85306281526,-1.97190419854,2.07812759588,-2.04966389929,2.26802336245,1.128041541,0
1.40840759222,-1.42523981701,2.45745336523,4.23633186538,2.51363177541,2.98412217195,-2.52928723093,-1.61804124045,-2.76563121392,1.29308848817,1
2.75596772673,1.56937470285,-1.20822583714,-2.41306081699,3.55850855551,3.30929891895,2.52758231375,2.01789938774,-1.70850226782,2.79827286387,0
-2.47844234956,1.52610044487,-2.03513992808,2.56741987903,-1.77962997716,-1.85889128914,-2.35610226008,-0.814282560686,-1.90703948218,-2.26925025651,0
2.46094783996,-2.29700808846,-1.82605602685,-2.37385975404,2.69052172744,1.34711330008,-1.61765336189,3.56702785424,-3.12509964116,-1.85590247196,1
-2.57512091218,-2.44772139083,1.76827445875,-2.38559662144,2.01654553687,-2.12972056235,2.20410514514,-3.46352189523,-1.69848094329,-2.79464768784,0
-1.72400610028,-1.9216754357,2.48676838222,2.68087534846,-2.37410711833,-3.63265938267,-1.60170994805,-2.35550443133,-2.68007938296,1.16973063118,1
1.45858667182,3.98782506436,-1.4757467822,2.82507447164,-1.54096138509,2.34417314857,-4.02873063599,1.72366959445,1.63871394317,1.65048777385,1
-3.14637257547,-3.07652420167,-2.80417086636,-2.37594826597,-1.63415472365,1.37664851145,-1.97168640959,-2.60291030815,3.22949894681,1.08963167172,0
3.25925452561,2.85020062524,1.89158912502,-1.64491095927,0.59179546147,1.22116202951,1.50366787623,-3.4600359377,-2.36510705389,-2.63660587293,1
2.11505266171,1.64368919213,-0.889190741358,-1.03124684928,3.36877209337,-2.46969612991,2.37435987692,2.58088361158,-1.93961357554,1.33233155995,0
2.45755171064,1.9483725788,-1.40246488853,-2.30230485073,-1.58429196549,-2.72116803219,3.76950348042,-1.62897810416,-1.62202655912,-1.98256868711,0
1.87463916834,1.63708058444,1.70818807944,-1.98268590458,-1.45753785167,0.949692434452,0.946790854318,3.89951213012,1.7622393241,-2.48428753106,1
1.67160958858,-2.61757041187,3.15484590077,3.45649942611,3.40855489475,-1.84658758537,-1.07416139514,-1.56265301601,2.04554945911,-2.14732883472,1
2.01835381295,2.76317735661,2.62649891283,-0.844639195357,-2.35075967547,1.56218449658,1.33137646763,1.49536972722,2.80159209344,1.76999260191,1
-0.901672699959,1.90486712424,-3.68872262215,-2.28718866635,-1.6284384197,2.70384543045,-3.14844632447,-2.07863742834,-3.36507872697,-3.44993298315,0
1.58321065444,2.00045577284,0.7858153502,1.62295976027,3.5812845815,-1.36741469839,-2.10646606322,-3.3290901818,1.87947169038,2.06978340742,1
-2.38412529706,2.11801822202,-1.92048150809,-3.99266982432,2.32875068972,2.32771708368,-1.56285258433,3.01521290869,0.726273684731,3.40071748649,0
1.40030332036,0.953570830438,1.41630499044,-2.93240347284,1.83197844613,-1.58798824846,-3.20151387643,1.49649634308,1.53448799274,2.23804487062,1
-3.24872416494,2.07568655092,2.48811399936,-3.02486295227,0.449024801903,3.51397269351,-2.90533701942,-1.60456832458,-1.7015393484,-1.55644433397,0
0.971797731431,-1.97858322856,3.30960251053,-1.98618569219,2.00757170701,1.06646789503,3.07493689358,2.25582040325,-2.22890626024,-1.63250389803,1
-1.06184388249,1.66270865786,-2.36902958045,-3.5645571795,-2.8779475986,-2.82501806209,-3.00787785138,1.67558391156,2.3265924933,-2.39552324023,0
-3.21251872109,-2.52573382921,-2.20189074214,2.27060022476,1.19528916793,-1.56735003688,-1.75478891378,-2.3506125971,2.64182457952,1.68152179028,0
0.808550542191,2.51662529811,3.11943995951,1.91863979848,-1.97756435044,-0.821437571673,2.12388801227,3.14345510588,-3.76909206018,-2.28995670813,0
-2.10816496699,-2.48520594713,-2.54841888669,1.6302807913,2.63105442903,1.74440810766,-2.0174980364,-0.338472863568,-2.83605801114,-2.04849996337,0
-1.89371962332,2.90806142,-1.91385089558,-2.88483075101,2.39930620853,-1.12067607714,2.85787860975,-2.93966472068,-1.62477099225,0.694602715602,0
2.26934467982,-2.46382112865,-3.58538807239,2.29256314449,-2.0440261073,-3.15124216215,2.14600891689,2.48943436021,-1.58727672316,-2.85682343686,1
-2.0163136059,0.866966934922,1.87793026443,-1.78236247028,-2.43033296441,-3.11053240751,-1.52448641758,-2.63684989783,2.80627311866,-2.88941934982,0
-1.04540172909,1.65378526898,1.98710853008,2.21250260571,1.98143819086,-2.1690630956,-2.30043731463,-3.09096809671,-3.11590833275,-2.64093311856,0
-1.84891252934,1.15436992423,-0.230079186426,-2.94308205887,2.10802747906,0.88901597198,-1.98670998065,-3.14523060067,-2.02732170574,-2.44374668928,0
3.53501222061,-2.79258612203,2.404619049,1.64677067823,-3.11601018078,2.31434004283,1.52423520205,1.85270457026,1.32573179795,1.84465500264,1
1.64143419397,3.03599426495,1.49130315995,-1.76930357939,-1.44891916856,1.66042401163,1.64496802744,3.6391150218,-1.28762086375,-3.12372792402,0
1.94061927695,1.90865011965,-3.40910141483,-2.31431875997,-1.26206660287,2.55606050523,-1.66053386195,2.85056316563,1.39245600458,-2.47480830837,1
2.75051014798,-2.13261739497,-1.8844858647,3.49539291519,1.53880067999,3.61729543859,0.438983901852,1.86214817104,2.09262319125,-3.24561970672,1
2.64702353923,2.32974771579,-2.23043618818,-2.30827442049,2.25398245884,3.37528796157,-1.0908980611,2.7728846018,-1.60620981825,2.63368059389,1
1.60862919971,0.966537288887,2.4244505582,-2.31072158654,-1.70100915271,-3.33717545419,2.47745349628,-1.70418766845,-2.11414484449,2.92794107991,0
-2.41165841245,-2.06045978839,3.16175582494,2.29750332037,2.11156121022,-1.25714075357,2.05718251057,3.02601909448,-2.10366857463,2.82098685416,0
2.14194473072,1.88773196423,-2.01828861,-2.40697135832,-2.9542149433,-2.61396043872,-3.10671907202,-3.06775525534,2.28968527852,2.97673797995,1
0.868400113325,-2.20679019226,-1.08264002475,-1.70948887399,-2.50447147631,1.57882620353,-3.29448507255,-2.46532989835,2.36936606757,-1.72550803862,1
2.51745271174,2.39082423806,1.6163031898,-3.31261381528,2.42887799725,0.886732282163,1.89702672486,1.59450403828,-2.0030788908,-2.72820976578,0
1.70061634856,-3.30591100159,1.33492583694,-3.11394109949,-3.16942738117,1.78912863817,-1.69517801226,2.47533989994,-2.38005449843,-1.95818872099,1
2.35311872978,1.66697876714,-2.02960545482,-1.39150484441,-1.69517211735,-1.52720675808,-3.12469220243,-3.30940958334,3.32919817191,-1.79789397557,0
2.73768836213,-2.30080501202,-2.20075101029,-2.40043428776,-1.61812923464,1.74902218243,-2.25387000157,-2.10777992796,-2.32273658449,3.03629407264,1
-2.31749759861,-3.20280147361,-2.29620282681,1.79822798752,-3.0045059699,-2.46727595884,-3.4314445851,-2.27523089906,-2.84749372018,2.34093766118,1
-1.99357683673,0.980160594481,1.96149615696,-2.43568271328,-1.34142779273,1.7962248745,-3.05689384733,1.12612589322,2.10113967301,-1.28302042899,0
-1.18243306592,-2.78293328054,-2.65484334997,-2.35219641008,1.79569710002,2.4734483798,-0.963083325002,3.19146706579,-1.78733963633,1.31337888102,1
-2.74455168892,1.51946912617,3.82559334458,-2.52233901112,-3.13264060525,-0.342607081124,-2.71849279072,1.24111016555,-2.88688775573,1.95882211079,0
3.73566767868,-2.44644331712,2.42772664817,1.72644868686,2.45221675225,-3.1804577783,2.58696923625,1.92011187585,-2.07659475641,-2.94361778994,1
-1.72478791884,1.22022826867,1.84919522377,2.75992778307,-1.01993273908,-1.6866242638,-1.61537809201,0.208255675635,-3.17203161771,1.10867809558,0
2.17431975347,-2.60720223061,-2.93331729361,-1.34989869359,-2.45154113169,-2.50491053349,2.59815728148,2.56358377395,-1.11979438463,2.04230405985,0
-2.31307317023,-2.44102436811,-1.79513565248,1.89502954652,-0.28692615722,0.836472944558,-1.51185618495,2.16921385427,2.31171714284,2.50157026123,0
-2.55460255773,1.85753868034,2.01872093212,-1.10244755977,-1.83233950787,-3.86324851238,2.87952026088,1.56064794466,2.37018515877,2.58802042518,0
2.90632643249,1.94268850179,-1.74013487185,-3.94009971329,2.45230715242,-1.05390499308,-2.65452721003,1.34564371668,2.36253306055,2.53160972879,0
-2.39128439298,1.69979414084,-1.73723729378,-1.69185349844,2.53197111026,2.9099364582,-2.39982968926,2.02007691239,2.2900916102,-0.498615784558,0
2.20711849352,2.00361607535,-2.80007566562,2.10759938779,-1.5941725145,1.97626542039,3.70627113724,-2.39687377776,3.66363721251,-1.16775862669,0
-2.19497723718,1.13776944359,-1.61476557252,-2.13017896494,-2.98585178745,2.57178712601,1.77266902929,2.01426786024,-1.90594757553,-1.80158304611,0
2.05489193175,-2.36010241949,1.6245565434,-2.62338371856,-0.98305906951,2.8637411257,-1.08754794668,1.37146891112,2.34353476512,3.02329112367,1
2.65723297231,-1.97614617914,-2.24709008737,0.623740028745,-3.43428485815,2.50272331548,-2.13764161262,2.81241459426,3.34646106069,-2.38091994088,1
-2.12116512148,-1.79684808084,3.67636582483,-2.92961047022,2.23485664841,-0.225993830248,-1.61357936542,0.88486250584,1.79455600349,2.04045892345,0
-2.70073096816,1.90030893631,1.44347263346,-2.58509782687,-3.57570796287,-3.77637013343,-2.01901602281,-2.11140275727,2.04265149351,-1.87151692386,0
-1.62471089163,-2.46828316636,2.74741527768,-2.37520980089,2.68427032606,-2.59485341263,1.1652129734,-1.59134810381,2.05337374108,-1.18967432263,0
2.13678101995,2.01963100331,-1.51220774924,2.45922895843,-0.455603184371,2.28617112265,1.63965397089,-1.78377823518,3.70534664268,2.76845497862,0
-2.09140154315,-2.49225179679,-1.79626891826,1.29784109105,-2.19161401267,2.51675846781,1.900868275,1.72071418742,0.720912546799,2.49043947453,0
1.81928513472,-0.976777398521,0.943682534952,-2.15500090612,1.2493342086,1.62583741133,2.2102561761,2.48484381112,1.93161768131,-1.39996879793,1
2.42105408982,-1.79191531387,-3.26294124322,2.41602499657,1.55134854044,1.65249708556,2.04698561947,-0.752625281006,3.9187544217,-1.9599698251,0
-1.63627718051,2.86377641811,1.81324116112,2.94622412073,-2.21903267165,2.16616526555,2.91380744591,-3.11844496441,-2.96025614936,2.36883775551,0
2.76285447549,-3.24293287053,-3.26503935594,1.26527504542,1.5659103075,1.96768983938,2.87208396811,-2.00120025948,-2.31655296529,-3.35083122149,1
3.15883672466,3.06602561744,-2.07064568554,-1.9200209047,-2.37195652944,1.66877246732,-1.81300364522,2.66784675211,1.77165791116,2.12732314651,1
1.78651848532,3.37567190284,0.845011051301,1.9755122744,2.755701087,-1.84369061443,-2.64248127487,-2.06121397952,-2.78073470721,-1.38715017191,0
-1.36144408353,1.59145302598,3.77931195844,-2.30724490074,2.12664366776,2.83015538538,0.341825081184,-1.87706460661,-2.13563271136,3.50899199256,0
2.42421419993,2.16548833854,-2.60787166617,-2.44505560301,3.74231500851,-2.62698348682,-3.11011412401,3.4962023977,-2.49281004345,2.40252414678,0
4.18027374098,-2.04966604106,1.79526514377,-2.37678846753,-2.01571077966,-2.59627095032,1.48771295911,-1.80869581085,1.41304102293,2.83648529009,1
2.52861757217,-2.40001556576,-1.61077812067,-1.58010401191,-1.50516365244,1.80618583097,-1.45090274908,3.93525998241,-2.26878889141,-2.73269675052,1
3.04811898214,2.88188729865,-1.92874712764,-1.86520481478,2.31159230677,1.50699001039,1.63061693401,-2.35415454434,-2.28091094155,-1.43969604077,0
-1.47700844409,2.53103223127,1.15542009022,-2.87037659376,3.58381865497,-2.60206829516,1.89689031596,3.06196010903,1.3872829664,1.34644189515,0
1.47019984399,-2.11520977658,-1.54353224882,-1.86352292942,-3.48218011168,1.8078686296,-1.77445549766,0.959142096077,-2.55920961329,-1.09152078869,0
2.3248391578,-2.88967200522,2.83905065304,2.58643041967,1.18423355245,-2.71532416506,2.51680131021,-1.86098590548,2.85083587189,-1.33345026744,1
1.99061500428,1.90815030566,2.92758278784,1.74404432783,1.05998760226,-1.35814604867,2.59355339369,-2.58789379434,-1.72959444018,2.69743441931,0
1.37354307575,0.92109024616,2.75837334907,-1.63210720261,-1.8107075249,-3.30673899537,-3.28385928345,0.534614420914,2.24462705607,-1.34171281082,1
2.75409785541,-2.30218891806,2.46982849108,-3.13175022033,2.16454188661,1.73302358791,-2.12459273622,3.02963512535,2.97117124161,0.352584039613,1
-2.77188739717,3.67606105647,-2.8197389041,2.11111149566,2.96152256434,-1.54286221925,-2.43815583241,-2.16389730012,-3.04106465271,2.74934308434,0
1.48546471652,2.79813223464,-1.85005804368,-1.72457769544,-0.957501171137,1.98374808713,1.72415670563,3.96013665651,-1.91423318905,3.31942035834,0
1.81165710603,2.18468752753,-1.72674726258,-3.58659700772,2.66416709577,-2.26795415615,1.7052974428,2.52886989528,2.75243030492,-1.8079213707,0
2.50078525075,0.487575896868,-1.96285749517,-2.4533632081,1.52967054712,-2.17570077639,-2.09755273782,-1.52459661785,-3.96557692483,1.85804632642,0
2.29781564652,-3.61444074393,-2.32291252269,-1.58804458947,3.20093757596,-1.76791411619,2.16432762298,-1.89041516561,2.42959187948,2.70149613612,1
1.88595533001,-1.61576698657,2.69586870237,-2.06332807733,3.5696728502,4.21040419233,-3.07216948864,2.01469694256,-2.68638973245,1.45192195558,1
1.70272403527,1.56501760045,2.75247410243,-3.13027552053,2.58034029419,2.30947480202,1.95097961542,2.56111610943,-2.14125269884,-1.66723498988,1
3.36202699451,0.30488201821,-2.41967399386,-2.86925970885,-2.31455125852,-2.28366274431,1.46885665004,-2.34678355448,-2.86906545559,-1.73583604869,1
2.42694095351,-2.57239922948,-3.80512800385,-1.41607438321,-2.86108639186,3.28883764232,2.43918098569,2.02738482702,-2.55932403881,-2.41902098896,1
2.16443527785,1.2663333226,-1.43738380651,-2.42820706971,-2.16219895039,1.39912424833,-2.09947829232,1.87050340247,2.10208094085,-1.67467307154,1
3.39410576306,1.80968572757,-3.65980531012,2.13743319571,-1.19234530601,3.52703496417,-1.81546814541,3.03478652609,2.87572124317,-2.36664895986,1
1.19881425035,-1.65331830291,-1.41480059198,1.26752202791,1.83062145003,2.85727824966,2.29342747879,3.23068430196,2.01916311016,-1.89694648751,1
-2.65180882306,-1.46879908746,-2.40606340524,1.72830955091,-1.40517135921,1.2120625854,-2.77558916474,1.13357561344,-3.54007576228,2.65262001152,0
-3.36864744845,-3.61947113008,-1.82809526598,3.01165129779,-2.15165091574,-2.70432961083,1.47039263905,2.91542200044,-2.25797282881,1.27196790898,0
-1.84377395646,-2.80454329826,1.99376627891,-1.31037022625,-1.34803295261,-1.89969143368,-1.51846799115,-1.27834737981,-1.6882184132,3.51260694686,1
-2.00741478988,-2.1024997669,2.93617977874,-2.10848285218,4.27176088005,1.96547815929,2.32906334543,-2.61150876193,-2.69080131795,1.86586984874,0
-1.95294418305,-2.0809058475,4.17310372602,1.83275322352,2.02140644651,1.46129375031,-1.98424286574,2.75334578864,2.31314039349,-3.13554179293,1
1.12155598415,3.81582769236,-0.181025803291,-1.22212937349,-1.47154054128,-1.19222646738,2.07424556216,1.03342577358,-2.76637638047,-2.26644557531,1
-1.45771663781,2.75702678851,-0.977407261013,-0.931085262908,-1.54638579288,-3.15614635568,-2.30512886389,-3.24804280443,1.14163073202,-1.766287,0
-0.795830933844,1.97322159962,-2.80649300579,2.52421384059,1.84576021739,-2.19086021828,3.42176343928,2.18044536823,-2.76631466798,2.78464996042,0
2.76085088353,-2.10103627099,2.54259207439,-2.08886313874,-2.6521469947,2.17683987872,2.56107989613,-2.72048990501,-1.04854087922,2.93990882089,1
1.43920842969,1.86818772356,1.23877958008,2.11312428909,2.14311676294,-3.16985124254,-2.6799541598,1.6098953885,-2.55575149575,1.98351698859,1
-2.7892632577,1.14971870429,1.74526070049,-1.58131369677,-1.87889488293,0.833181959187,3.09169131026,-2.28963378726,-2.40161186267,2.77309290668,0
-2.26534851692,2.13445195611,2.19072189368,2.1543819498,-1.96784306374,-1.35161008491,-1.73516105231,-0.331065163075,-2.13776551266,-2.88871860317,0
-2.23209241141,3.38674991894,2.3266551839,1.82692325797,1.65216561484,3.06956833202,-2.82277170451,-1.79504074054,2.31833044325,2.78451234128,0
-2.65105438064,-3.02031989048,-1.77439316103,-1.78269373534,3.06966234514,-1.4472498614,1.47962598865,1.81798229411,-2.77119041963,3.27036608242,0
1.25165052379,-1.03144343521,-1.64716594624,-1.15834173242,-2.64861358189,2.62713406382,-2.1542947274,2.39178521404,-1.35293420716,-1.27573272702,1
2.76585714115,-1.62654614151,0.791674484386,-3.00235231661,1.40706526033,-2.90660349307,0.0709376895097,3.13339315678,2.94870516555,2.55989292958,1
2.05244195573,2.42710233951,0.859214392627,2.7568420553,2.99714769501,-2.6973789104,1.63117843642,-1.87740484,1.93154702544,-2.87029942403,0
0.507284955893,2.55641536427,-1.95613408899,2.50489855862,-2.78362003865,2.62175014678,2.66646290019,-2.07280657402,-1.5402299409,1.79066133255,0
-2.55374536276,-3.10473794231,-2.35080073362,0.680759350595,-0.913750298047,2.60334603655,-2.41918008834,-0.649723585921,0.397697225182,-3.02731871891,0
2.08831813594,-2.17875320139,-1.46166189001,2.965788336,-1.72196845911,1.8393284301,-2.15186144803,-3.13159925682,-0.926599220928,2.66017306687,1
-2.66930444725,-1.92560653928,3.28952135365,2.73582015877,1.9715754145,-1.40361673499,-1.84156098197,-2.44889188554,2.80915202211,-1.40212248002,0
2.56351424152,2.27114893258,-2.82405155788,-1.95589487708,-1.67133398473,-2.39255971447,-0.182176947337,-1.77403119693,1.46927252431,-2.18898188477,0
2.57489677129,-1.9014657606,1.36184234223,2.1882693959,2.64659024524,-2.17724848884,1.83988758499,2.59089159947,-2.30650262776,-2.52396845527,1
2.94987157933,2.15568020561,-1.53751328787,1.21660782083,-1.67022575863,1.80032745285,1.22759711827,-1.42875816399,3.1357085416,-3.0517437718,1
-1.98402482995,-1.04330636215,-0.913705719934,2.80114699467,-2.44421659126,1.04619861715,2.34981701043,3.29140387262,2.76454835392,-1.00497096358,1
-2.51605420994,-2.71941709358,1.83748403857,1.44839983732,2.2620462564,2.01025546309,-1.88051229921,-1.69108376704,-1.139531566,1.98050931604,1
2.02858202988,2.0188589034,2.07577708877,0.81487408979,1.1369862616,-3.10094282439,2.25780925482,2.29614240833,3.11976538779,1.9970938454,1
1.53493297568,-1.62347913756,2.28169375667,2.23182595282,2.83487637369,1.82163513188,-1.42185924292,-2.43574370855,-3.31557280814,2.11481866639,1
1.69250312364,1.01353752186,-2.75212626588,3.79601903292,-2.50589140044,-2.16911215445,1.77461938161,2.07677557799,-2.33452792811,3.57108950314,0
2.13889014633,-2.30822177649,1.66490055799,3.56848084639,-2.25415106146,2.40294676593,-2.00108586929,3.0234532872,-1.76963342099,2.31872471958,1
-3.22578704149,-1.41978867884,-2.68868577272,2.46326157925,-2.08067247519,-3.02274828117,-2.00068672978,2.88765661644,-1.94177790864,-1.57926941215,0
1.92686884861,-1.71641623059,-4.1210676357,-2.1313431231,-2.05237954575,1.64063954219,-2.83396998416,-3.11103064282,-1.80117358982,2.47685211246,0
3.54944521498,-2.37874505634,3.04635250155,-3.10717833637,-2.14672850162,-2.07985181179,3.45531267741,0.982731142518,1.56107785196,1.86664442833,1
2.52581288319,2.10185776754,-4.05412164236,1.8192432935,1.30560496705,-2.11822950918,-1.78474182538,-3.27789030779,2.5999425231,2.45951833279,0
-1.92916880425,2.38123778799,-2.36755976831,-2.81936914317,3.15942953103,1.60109611215,2.05389534801,-2.01620273612,1.04998634858,0.97421272803,0
2.23323829772,0.476867180104,2.25176349301,2.55408947096,1.39197243313,1.13132719703,-2.21607445522,-2.71097677443,2.79609319767,1.07766433798,1
2.54667418946,-2.63441551534,-2.13211708595,-1.57283963462,-1.26832429268,-2.50502282816,-2.36902153435,-3.10797393988,-1.14993860203,-2.55092497607,1
-2.85592838503,-1.66856495006,2.43062880025,2.22414149216,2.04766090012,-3.74884809387,-2.35554247856,-3.59229109684,2.31197411002,-1.28087443065,0
-2.87522852038,1.99592513414,1.56186050916,-1.7869629752,1.48010496462,-3.01083930738,2.77349547407,2.70369325358,1.57032431405,-2.06608068819,0
-1.97028848269,-2.96712660742,2.65901624001,-3.30080967012,-1.35352640691,1.38152001292,2.42356881896,-2.69825561002,-2.04574927634,-1.70671747779,1
1.75202092961,1.60467238304,-2.61870265306,2.69341534289,1.56022413883,-2.16952899189,2.15128555265,1.43643200108,-2.05133798388,1.75903296518,0
2.81875576563,2.18804784487,2.12475051306,-2.06745915518,-2.33280312509,-2.94851997386,2.56505544427,-1.18101544098,-1.92000515664,-1.50491508322,1
-1.80439528101,-1.42516934306,-1.18469361633,-2.99582473935,2.89398556134,-1.74846540481,0.683023123954,-2.21923964152,-0.652034853908,-2.78606666229,0
1.49678442292,2.46663341592,1.44660039444,-2.05151677886,-2.4531571016,-2.54108999656,-3.30603405367,1.77942867179,-0.844308972314,2.97219137423,1
-0.624113840224,2.84978569183,3.10110683437,2.08940114771,1.38202606269,3.64619481523,1.20429635994,2.11114614516,-2.94007680992,-2.41400677405,0
2.38455826675,2.29707999855,0.52084226424,2.50084431167,1.93346963958,2.1388503035,2.38314018254,2.51660293181,-1.37350226858,-0.600840980598,1
-3.16247475538,-2.17189796329,-1.83489667372,1.92185309953,-1.59261015228,-1.68945641963,-1.94215545014,-3.43021810244,-2.05939412894,-2.24047833562,0
1.81153077349,-3.66928979728,0.735593661995,1.97966914013,-1.88544401479,1.41202634672,2.45850434118,1.69710926033,2.14093379455,-1.13542806531,1
-1.55802879384,-1.53137950989,-1.73004488487,-1.40728975263,2.68403889333,2.68609498947,-1.53258764395,-2.86258431045,2.5928275891,1.87530227469,0
-1.67622458014,-2.46186907052,-1.67865830663,1.44233111118,2.11129878705,2.38520265552,2.15632931898,-1.59665894138,1.9108772426,-1.84830954704,0
-1.05496485569,-1.80326653206,-1.96123608247,-1.97934675308,-2.01179150767,-1.7814487474,2.77160425843,1.76252361651,-1.55853510509,-3.13381622016,0
-2.69981826974,-1.54045588187,-1.49652954977,-2.14479570599,2.87398355807,1.08005441202,2.86554104379,4.27062341169,-2.37214892803,-2.1885006292,0
-2.64490075073,-1.65062341082,2.32932037394,1.79364266,2.49359027079,2.49806288963,3.33656879966,-2.58169315139,2.32988729258,2.42238497296,0
-4.34514144802,2.18571890943,1.18320718173,2.20568020237,-2.56886743832,-1.73305514666,-0.0807969180425,-2.23284676223,-2.00575351614,2.199780235,0
-0.899787351794,-3.34147274397,1.4203430922,-0.940857627072,2.36379728554,-1.37076226585,-2.33171323654,-3.64410851854,3.90953635419,2.37674881974,0
4.1216866942,1.47818640531,3.63703124394,3.05971321189,-0.617233121028,1.76022181776,-2.89571001346,1.49273415038,-2.6935800413,2.62920785677,1
3.05806216841,1.75603586442,-1.87324870232,-2.65070802474,-4.35102747927,-2.01237857238,-2.63964345199,0.730436190734,2.58556219674,-3.06979413141,1
-3.09757227054,2.40589604892,0.313990105486,-2.74491982955,2.4573330137,-1.87373962995,-2.20303197196,-2.42250295998,-3.07890073359,-1.9045128532,0
-3.08062049549,3.36148557502,-2.74059189616,2.79769014749,3.23261659254,1.94913665485,2.35591476914,2.43667475087,-3.22158141332,-1.43370856413,0
1.86239141866,2.26001158311,0.933604775012,-1.95437791319,1.3289224352,2.55776196823,1.8977754377,1.52112355401,-2.84919960293,1.06572983354,1
1.3377889226,-1.89957606276,-1.81447827667,2.15407238272,3.06361267991,1.4554328017,-2.70271927821,-2.57480578863,-2.34171368146,-2.39810111273,1
-3.61715933705,2.91336074361,-1.81562158194,1.7607133231,3.598956159,-2.48502441434,-2.42115127643,-2.17102481787,1.7396159407,0.960711545556,0
-2.05326864774,-1.27965675383,-2.3186322596,-1.91310808578,2.38526212196,-0.806250408244,-1.4010939288,4.24956959917,2.63350467023,2.58832791624,0
2.8488739413,-3.33316227789,-1.62187578004,3.97456951519,1.3835154857,2.1931164388,-1.71238734936,2.01154343444,2.54110995727,1.8807323427,1
3.27642397657,1.86956078292,1.92473153819,-2.57794348853,1.5704948124,-2.32191225197,-0.978345649416,1.98053018082,2.9009556682,-2.68228854372,1
-2.66364680895,1.8413470361,2.23868587364,-1.49969179561,2.65099353691,-1.4289913616,-2.08221201674,-1.67080608911,1.72354143967,2.04873323622,0
-1.3960920719,2.02092942808,-0.632618863658,2.51919384093,2.46782415299,1.74838718876,1.96763452185,-1.84476989847,1.61705913997,-2.7555985143,0
-1.52564468248,1.52537328665,2.28983877384,2.27607321113,1.18671552732,2.94789390312,1.89053430571,2.5160077684,2.32535329059,1.06544925948,1
-1.33751346829,-1.74125733378,2.78450962258,2.69883163972,-1.74716248939,0.995573054089,-1.80126189688,-1.55932605048,3.58083169224,2.06685005546,1
2.11692239788,3.58064254886,-1.63597677745,2.47561432195,-1.72777189905,2.0096592411,-1.70150121286,-1.33757851992,-3.0822194044,2.91811342699,1
-2.04632313599,-1.82728852698,-3.23787993692,2.20826497656,-1.3758570156,2.45130212914,-2.63136093637,-2.4386916896,1.53898310684,-1.34203677984,1
-2.38402565538,-3.77658395374,-1.41910501279,1.89200240027,-2.42312126885,-2.81157133673,1.91314155066,2.5930047332,3.12479659932,3.19349918528,1
1.12396886756,-2.13509050835,2.26782485879,2.9172372481,-1.63070621954,3.54328805196,1.27526841864,-1.96413565832,1.89876964244,-2.80205927298,1
-2.15702603854,-2.73514685621,-1.39364405396,2.52738353224,1.22001356033,-2.79717772991,2.85212105589,1.91608457642,-1.37464681261,-1.12734299348,0
1.70903662009,3.32684994583,0.913134364293,-3.09053721736,2.63502560681,-2.47522550617,2.43500518713,2.5818663568,-1.48311443943,-1.74770794262,0
1.31064986689,1.28701233272,1.42104438567,1.11279247616,3.07773577053,-2.21132392618,-1.74473707295,-3.14962772374,-2.51743771259,1.87593612851,1
2.53522201978,1.58758596794,-0.339057663253,-2.22233874124,1.6439523146,1.51650049849,1.84836598859,-3.00521311453,-0.971690170294,-2.2346574159,1
-1.20693771312,2.04676033984,1.96343624808,1.50628539064,3.16507693044,-3.34962191766,-1.90800841814,-2.41466345254,-2.93567403328,-3.46608174572,0
1.80090806863,1.67125450447,-2.4441061632,-2.83002937863,2.92117330749,2.11363107555,-2.36554589948,-2.35440337489,2.5294418602,-2.7129130275,0
-1.14394933882,-1.90464527462,-1.93832773225,-2.18723056293,-1.54772888138,-1.54779857245,-2.76037319946,2.79943018054,3.24173911951,2.73419788583,0
-1.79362808576,-3.78402197659,-2.42028549395,-1.82521039011,2.79591723291,1.7881683026,-2.37782022834,2.35137999363,2.15779105535,2.96439590969,0
2.20852550292,-2.62556822855,3.26707800965,-2.5925967999,2.54073942202,-2.03791168005,-2.45872694372,2.36808834049,-2.38920392239,-0.667915341881,1
-2.22570942189,-1.59034850617,-2.32278973808,2.60394023233,-2.42084371894,-2.74479547397,1.91355736568,2.38302516308,-1.10255144704,-2.3730107336,0
-1.48492791963,1.33911014461,1.04034603881,-2.75505237206,-2.67292022961,-3.07875997131,1.3606223646,1.86401476668,1.93954713528,-2.65097021789,0
-2.78281980141,-3.28805648072,-0.0489561010024,2.32724179406,-1.87484260364,-2.18455107282,-2.98840898736,-2.16290346125,0.444987968313,2.71589639648,1
-1.95143519122,-2.00021142724,-1.44684137358,2.01180657246,-2.22375758137,-2.05475744808,3.04049526082,3.30868722735,-3.03938062161,3.22542508892,1
2.86555010924,2.46256717868,-1.19082772889,1.75596719847,-3.29579642317,-2.5503058396,3.20235548422,2.75046373745,2.67146197654,1.92990105822,1
2.07082625307,-1.81394548375,-2.40620564123,2.29988824265,-1.75783191017,-2.62520434169,-2.71563608582,2.10282344767,-2.36609265529,-2.16729293783,1
-1.89386670959,-1.63316970224,2.18127906369,2.13284635261,2.21433983349,-1.58404635265,-2.57662458623,-2.46061695765,-1.82419272371,2.11168951852,1
0.984654512945,1.22647493538,-2.26221465008,-2.85922653908,3.05315738473,2.03342438814,-0.849186268009,-2.6054260365,2.20963516802,2.77167361856,0
2.38054628171,1.32891779338,-2.93271146916,-2.6399200449,-3.05520465188,-2.00377496324,-1.94989347282,2.94019747319,2.0642516243,-1.58493307821,0
-3.56289493793,2.12724143199,-1.55248112043,-1.35521229915,-2.70592739954,3.72980817485,-0.444496009175,1.65174132,2.51124623161,-1.743751763,0
1.56962946239,2.18477902859,2.57390246086,-2.25778871334,-2.2348980916,1.9839083387,-2.18359321612,1.17919248054,-2.6019827495,2.12645496284,1
1.65425635823,-2.31613540888,1.05403824778,-1.53850982386,-2.8566993966,-2.21110751939,2.03608989933,-1.32338415789,-3.03266668549,2.87420784787,1
-2.01468950444,-2.7027835948,-2.34877476276,-3.67108273467,-1.76412216572,-3.18948074207,-1.62588497611,-4.11202398137,2.74117995514,1.65907315151,0
2.34145578175,1.26111253364,-2.59182243433,2.09561554524,-3.08276171628,3.02827602318,1.50340224841,2.52230440707,2.00324363496,-2.23401279607,1
-1.12873557429,1.73643385684,2.37385109229,2.72476823523,-1.82155117358,1.92180140973,-3.07386458899,3.82212197316,-3.74382971357,2.63135327453,1
-2.58988094997,-2.15293002838,3.12130491145,1.95115495567,-2.49336175537,-2.33375582364,2.04718517678,1.79634799302,-2.27761013452,0.937580542115,1
-0.915813564811,1.88141129261,3.02697150805,-2.29952528868,1.98478825244,1.54366039618,2.29432532994,3.66967827553,0.0626017563994,1.20333854904,0
1.33415790529,-1.44095625991,2.39913962957,1.42770586811,-1.20932408888,-2.69953348192,-2.54197911468,1.75273629823,3.13613602617,1.7074117029,1
1.41636119932,1.08774489782,-2.83444009465,2.02968601913,-2.98226741746,-1.62185593212,1.55318399601,1.30129766195,2.19496221505,-2.7194299988,0
3.18102621478,-2.2806901924,-2.80196048462,1.59293507285,3.17409343029,-1.57391715779,1.40496021217,-1.94238785371,-2.39620993978,2.12690138324,0
-2.32664377458,2.58543842837,-2.36364331319,3.43582931044,-2.85741177278,2.2492575777,2.96742449626,-3.33048963318,1.37848290819,-2.57982473657,0
1.30788375364,1.73821266833,-1.70426838782,-0.318686044544,1.48906780651,1.611875044,1.1779343303,1.08164515127,-3.37211855384,2.08457510536,0
-1.04161675444,-2.70366804226,2.37574512111,-1.45244642033,-2.17734303152,-3.115923967,2.46545738057,-2.93569463152,2.95650549119,-3.79167323455,1
1.60334139911,-2.3114712265,1.47050368907,1.8528720449,-3.01218077196,1.86141992295,3.23851400575,-1.71181814087,3.30969315139,0.499605733237,1
1.99928143485,-2.33294494731,1.86893209407,2.23582680027,-3.45745232253,-1.47801869374,2.51400458388,-3.46359586769,2.49455519312,-3.22296713446,1
-2.44123791779,-2.2244886847,1.49498370462,1.89055288007,2.80583136604,-2.76886053968,1.28964737742,3.53173622235,-1.59333065877,-3.05501875058,0
3.35338389002,2.6908727406,1.32780328607,2.35443695557,2.50733570092,2.38518353915,-0.63498601072,-2.63616944189,2.60270536949,-2.64481668714,1
-2.32229922398,-3.18308768164,-1.70876389951,2.60564609431,2.17194906404,-2.86819520663,-1.58016544558,1.47388271878,2.92348062588,1.9290964167,0
-2.63303745543,1.90835176134,-1.55163738202,0.95491044549,-2.98273438442,1.3654892446,-2.22864581375,2.38084255397,2.8622272512,3.41938208272,0
2.45721937639,2.40840037676,2.49146815836,2.16470678197,2.08015703833,1.35043358157,-1.49351836573,-2.7692208581,-2.28756231736,3.35988338802,1
1.11141958006,-2.83343366682,-2.45781094644,2.75759677051,-1.68344101359,-2.05872576557,-2.70955866074,-2.13479335981,-3.48466737077,-4.05893812907,1
-3.44094879167,-1.49243182821,-2.83284007349,-1.58992532381,1.36403376574,4.58307149252,-2.25613925304,2.54176917307,-1.91275900008,2.96163373356,0
-2.69968855924,-1.92946678742,-1.28886128389,-3.12663062919,-1.68688905238,2.8529950248,-2.5613626912,-2.32201922541,-2.24012667719,-2.46064213763,0
-1.58461136682,2.25358293991,1.5753507645,0.938545669311,-2.590030208,-3.32009747238,2.29890522848,-1.9064924551,1.254614436,2.45855808208,0
-3.35544130746,-3.49876880555,3.26157926764,-2.44705913403,2.51082214466,-1.75593529824,2.50947662223,-1.73604008532,-1.13888017291,3.32834809704,0
-1.82312975655,1.28870263807,-2.35136033153,-1.70173324415,2.05554696578,1.74354384492,-2.32897254478,1.9660129692,-3.93731461664,-2.82353259056,0
-1.78067227512,2.32667197789,2.14267465826,-2.92974608937,-1.60269312477,1.65015208416,-0.759573292586,2.58946236977,-2.11076825108,1.93179138016,0
-1.57020508732,-2.44338140253,2.44996941328,-2.02501823669,2.19309241359,2.70873735579,-1.90499201591,-1.45586625801,-2.66394093319,-1.99238865688,0
-2.35180337046,-2.50293031919,-2.64676513095,2.72175749315,-1.62196251158,-2.47274931869,2.50783213227,3.08272631235,-2.17120518435,2.35245028323,0
3.81532590302,1.36577629488,1.76879172246,1.92976463314,1.75789616283,-2.7097751589,0.836890683668,-3.05761509982,-1.33744310805,-1.29414591656,1
-0.660555777778,0.91641235825,-0.985161265423,-2.13792844667,1.89260516833,-2.23653640996,2.28106076954,-2.71406255818,-1.92358636254,-2.20751712595,0
0.680313855982,2.67108401416,-1.96194503643,1.81515905582,1.49920257731,2.63135595772,-2.50549322361,-0.941574911263,1.29552786926,-1.92351160359,0
2.39776085361,2.45077131605,-2.54845525043,-0.740558677683,-2.16919032469,2.32791488773,1.83460021423,3.44534006362,2.27724862989,1.38495505686,1
-2.35750156553,2.58992220373,-2.29822066417,-2.10617811055,-1.92310736094,1.62704740596,-1.6341971156,2.58194700059,1.58814507954,-3.61912940034,0
3.66739914438,-2.74950749897,1.59795766966,-2.14453416297,0.830030734229,1.69628052716,-3.62689977864,-3.31984752216,-2.67915839393,0.876225675612,1
-3.75238585178,-0.699684022337,-2.94659912567,3.50839455828,-1.48236691084,2.13331168435,-2.3568485069,1.45556507528,1.37412196167,-2.05860463593,0
1.96341761981,2.50861424955,-1.28805952717,-1.7948379773,-2.33908631195,1.782554204,1.77205065456,-3.00635464837,-3.18808758817,-2.04917355433,0
-1.0997971079,2.94721819934,-2.35887619194,-2.20979492128,2.03208658006,-2.41097057021,-1.86685598466,2.75962473885,1.9669344942,-1.28361478687,0
-2.4353495054,-1.6853147177,0.851630181824,2.15755583567,0.649631272141,-4.06563597477,-1.20508053331,-2.57933502547,1.89565655833,1.89253131052,0
-3.03023178614,-2.44744525291,-1.78444355054,-3.14398358088,-2.2764611574,2.12385261141,-2.10647041312,1.98300950274,-2.30788613099,-2.95606711876,0
2.55390004389,-2.8621647383,-3.376097661,-2.3427330121,2.77572788043,-1.9213048366,2.45108923965,-2.27036400859,-2.49985483364,-2.98733591468,0
-2.29498049333,1.20575919593,-1.09675318106,0.400056677322,-3.20710559977,-2.15205504254,-2.73582689365,-2.80992555951,2.85252322355,-3.55011336251,0
-2.89599427573,2.06446216592,1.98324900105,-2.29563599473,-2.13888813703,2.33499757766,-2.11920151367,-3.97932524331,2.56350032941,-2.0324653759,0
2.41422118628,-0.778725665344,-1.05720024757,2.14804543635,-2.6374919273,-2.45592191851,-2.14295347917,-1.66948134507,2.51076394051,-2.20025709454,1
-2.00565867054,2.76876388186,-1.36636756983,1.69301852432,-1.25908164142,1.52092414562,1.40875094276,-1.843405771,2.11434354853,-3.00504521701,0
1.91540523676,-3.32241195372,1.48284625849,-2.39651295654,1.02728030459,-2.52821002268,1.87995384539,-0.31404459165,2.3858673103,2.03333177412,0
-1.82028754709,-2.62249098614,-2.99199422113,1.21348467919,-2.72993154887,-2.02506675172,2.62607242727,-1.27557392138,-2.12479711425,-2.28575188637,0
-2.67616227404,2.83627418385,-3.25661977171,2.6685878586,3.52568559159,-2.30575763707,-2.28261454682,-2.07081751032,2.11634194294,2.65308308313,0
2.4545519902,-1.98325817676,-2.22857117373,4.33608013966,2.03914090121,2.35133850728,-2.91784115967,2.55059681817,1.85437080103,-2.03559800639,1
-3.61916267946,2.59083894163,-1.17130491742,-1.9527198578,-2.32583844756,-1.29256519862,2.47038923996,0.845090074109,1.85239405271,1.63931475699,0
-1.32077920942,2.0068799441,-1.59210762638,-2.57786389327,-3.26203958248,-2.97474255709,-2.38488247189,-2.56387396477,-4.00738838845,-1.82255968154,0
2.05881659941,-3.38537711737,-2.91877130801,2.7146513817,-3.81098957289,-1.66633936783,-1.76952166527,-3.70833946724,-1.65385895427,-1.17743104827,1
2.04046470612,-1.40430623619,-2.04186861183,-1.27460835192,1.48427479394,1.86361899858,-2.49177199706,2.64799156456,2.38121425267,-3.07409367656,1
-2.20795920365,2.43095037692,-2.37923247193,-1.96247953823,3.25749614394,3.19540181671,2.57496475502,2.21172281662,2.06133488886,-1.77951413689,0
-2.18087986213,2.12712754486,-3.18639960466,2.32829186564,2.57099736472,2.00819926329,-1.76955489184,2.82866997669,-3.04849690056,-1.41638468633,0
-3.09001010892,0.709590507293,1.06341013594,-2.34453862111,3.83757690038,-2.70249713424,3.36193662883,1.71161005455,-2.41304543732,2.63516303023,0
3.85010401528,-2.20206701217,1.14945918097,2.45103118998,0.778104546385,-2.31294791628,-2.80442974981,-1.07404809801,-2.90405159202,-2.4070340969,1
2.35414281313,1.84167406459,1.3966004909,2.64774918142,1.80732419973,1.87794273895,-2.43350838002,2.72395551069,-2.15303647631,2.57400234679,1
-2.59503869368,1.93717485214,2.79410154672,-2.99947713032,-2.38245637642,0.0528766616688,2.5867696151,-2.36755421003,-1.15396342491,-3.16649226549,0
2.3305577252,-2.59786372172,-2.97850527044,2.96972303205,2.56101872002,-1.77669171412,-1.6949569126,3.08531086364,2.32947334734,-1.05415291014,1
3.71140674656,-1.4872081714,-1.50521759484,-2.9843460015,-2.32892336706,-1.87781984804,-1.79165146163,2.43328645325,-1.5651463848,1.88338930942,1
-2.8148908564,1.62109821678,-2.0504792006,-2.56392612662,2.54472001664,1.09168305008,-3.33261796832,-1.39690649544,-1.54173961542,2.50883652192,0
-1.60227215731,2.10935628198,-3.18678693443,1.82118454174,-1.77877225493,1.88654359095,1.38279585324,2.56319885374,-2.70196630204,2.33528516117,0
3.19169605252,-2.6024289811,3.62455617632,1.42888479509,3.04664855842,-2.43691237603,-2.63482548903,2.84729221648,-1.39932461895,-2.2210614179,1
-3.11230145115,-2.08630883588,1.36783198132,-3.88625759042,-2.42103912816,-2.48646942493,-2.18881058018,-3.5885769566,1.71293006485,-1.93787654707,0
3.26053273698,2.67679317351,1.94117307565,2.15330971101,-3.18687207442,-2.14218353593,1.32560549754,3.03243258532,2.21373076881,2.15846616067,1
1.92856388234,-2.02346015062,0.767386575142,-2.51295662384,2.27869758283,-1.86684758676,-2.22890997969,1.71042461938,2.36084000988,0.723153897728,1
-4.32272321856,3.27988648465,2.17850329378,-0.912677413994,-2.63900146967,-2.50449317534,-1.83405196908,2.01983929648,-2.71608096683,2.03177201583,0
-1.66251636787,1.2787761633,2.27286266022,1.89857885037,-1.69678094466,-1.86459602521,1.60296539635,-2.80575948434,3.10045139881,-1.18588679798,0
3.43349069065,-3.7327178621,1.9412881853,2.07401757539,1.99705907491,-2.33539751582,-1.0989852807,0.96211952329,1.89467315349,-1.46698589421,1
2.20249820744,0.45511989445,2.63472926672,2.48982047232,1.57574531757,-3.55102481913,-2.04085678827,-1.48299262213,3.11162875259,-2.20656960801,1
-2.2912783484,-1.758101885,-2.19291576652,2.3729553153,3.66070153379,-1.29662108934,-2.67374421107,-4.28528780265,-2.57096276363,-1.95600108547,0
2.20918647847,2.48046107,1.3159502641,-2.87325607324,3.06760090379,-1.43232377525,3.25196935535,2.85419723893,2.41470929505,-2.79002395101,0
3.1004044499,-2.37751486712,-2.99647861812,1.86439268748,-2.38069741758,1.32103141439,-1.88435878116,2.63443395063,-2.0867217666,-1.06912868908,1
-2.62570790573,2.27218611429,2.08955071262,1.26333882107,2.55445069768,-2.23555556937,-2.23577527339,-1.31514536824,-3.69561734714,3.1571093278,0
-2.43820555067,-1.87281989792,0.590463066817,2.47199731538,-3.11637034835,-1.66462941136,-2.9378395766,2.23794096298,-2.25362285186,-1.88337930506,1
-2.97252275794,-2.64359453668,-3.01935821058,1.9481486012,-1.84576290345,-1.24553543511,-1.13125541442,2.41398801829,-1.98966850406,3.78931180378,0
-2.31383668939,-1.84666858712,-2.40610149317,1.78705190934,-1.86910410825,3.18294805469,1.86705812969,1.92442481435,3.26486772744,2.11294001996,0
2.02227192154,1.84178551444,0.652155300598,2.48871939092,-0.908927505986,-3.48122974471,0.974250734298,3.35899576882,2.67474283615,-1.34548886832,1
-2.70734210213,1.92451880595,-2.02673449227,3.16355560511,2.64694339024,-2.97682850981,-1.85241488235,1.70521150938,1.65372915646,2.48678241414,0
-1.44214929023,2.33449181899,2.11799285574,-2.0866407391,2.32840505226,-2.65319852615,1.81861077295,2.50432274881,1.84821356907,-3.61367532299,0
1.65598585129,2.23378098774,1.17904391635,1.32294600427,2.78403736202,2.67180445992,3.66158355755,-1.42011995105,0.730497368764,-2.96396388268,1
1.65406008158,-1.95999570059,-2.10609593737,-2.14660444546,3.35587704364,2.88965743906,2.71815533307,-1.84533928389,-1.90389452285,1.97399335631,0
-2.57481519575,-2.49393770387,-2.08037323191,1.48009725689,-1.47868395944,2.5573885793,1.24948246275,2.85288693992,1.04385082167,-2.40233431731,1
-3.20994705352,-1.25275603661,3.09498325188,-2.52299645617,-3.72825112653,-1.35515776903,2.74758800023,2.97330409228,1.79557511082,-2.98408115858,1
2.53184608824,-2.81393610413,-1.03858813848,1.9251695414,-2.06469864848,-2.64536820796,2.641258794,-1.42019217436,-2.20905800984,1.75163362636,1
2.03736978103,-1.66527729124,-2.10548360069,-2.4757274319,1.25500359671,2.52832730568,-2.23366946086,2.1610892583,-2.3575001354,-2.08691850079,1
2.48880664037,1.94786537219,2.5547256188,2.73867804474,1.81168116168,0.770211810658,-1.33903832194,2.24602985951,-2.05889548584,-3.22521727575,1
2.29734697849,2.5828052555,2.9418777602,-2.58881799352,1.12654066145,-1.89937709479,2.45437295828,2.75630552694,2.0098130181,-3.14180407352,1
1.79763014621,-2.92538318958,-1.77118359066,-3.75754402462,-3.68184061477,-2.4154463493,2.76648764402,-2.68236038243,0.906654798336,-2.45813445658,1
3.33769088348,-2.27721750777,2.75532542571,-1.79789184222,-1.3902552627,2.36502247353,2.19651836386,1.72298206146,3.23566702885,2.22420867047,1
-1.44048358168,2.96145377629,-2.25812805914,1.81854436615,-2.06601338043,1.81527834922,-0.946586253335,-1.21853799722,1.0420747316,-3.17582617623,0
-2.09697171519,-1.53606698066,1.68258898277,2.34558660697,3.10921139628,2.4033117721,0.774933810143,-1.36230400248,2.39886287068,2.49167851454,0
3.44312658364,2.06454791194,3.03164307185,2.07228238764,2.0455379554,1.66209485374,2.30574762365,3.26508331042,-2.45431121964,2.79671453964,1
-1.51759922606,3.01800215169,-0.974479736595,2.50885009696,-1.58831149233,1.45284550283,-0.969194400102,3.55446791373,2.21896568053,1.80815949404,0
1.92264478021,-2.76525315978,2.35187507682,2.65261751447,-3.28095659223,4.64596068965,-1.85619293495,-3.22104006133,2.23867493506,2.07199050495,1
-2.1930035376,-1.28401402789,-2.89897974063,-2.30488622495,2.12671147708,-0.959085154732,2.45324206086,1.49758024639,-3.10365063547,-2.44026038174,0
-3.26407266602,1.25058472689,-1.82530663781,-2.42000820182,-2.74108744995,1.94629621676,-1.20106396522,2.05649901881,-3.40993263579,-1.45813699233,0
-3.04564762243,2.74447307132,-1.41119572943,-2.3239495519,-1.08640605021,1.9525674902,2.66993775861,2.5321391072,-2.02100920316,1.34275429533,0
1.4806913975,2.14014888456,2.6824514634,2.29162676454,-1.93648915425,1.28129612767,1.55132560383,1.64996632146,2.26255567103,-2.82182938838,1
-0.806388518072,2.21712070508,4.67919204577,-2.61886109484,3.28628650883,-1.49566620366,1.2849745979,2.43492477897,0.652617991283,-1.52328016699,0
2.57550115625,1.00701953987,-0.98179120062,1.67495315802,0.0284305302045,-2.80880664042,3.37094705977,2.79764043872,2.54941243787,2.78706901473,0
3.33220683091,0.533799811702,-2.33295948799,1.78823563512,2.43842524284,-1.89606369057,-0.378928128928,2.59656879727,2.14613095676,2.6954949216,1
-2.13837352258,-1.80799994298,1.81740765915,2.97331406462,2.73917090563,2.92840338286,-0.945708626132,3.24615209872,0.408772916224,-2.27376306611,1
2.44243343596,-2.11858474568,-1.75805606836,3.14076161267,1.07681639226,-2.19108446374,1.52531956067,-3.38940628731,2.75184719176,1.90603877216,1
1.88598867204,1.67796025408,2.52069642998,-1.76592387182,-1.45574244587,3.00672902309,2.10817748061,1.81949561491,2.07386814401,-1.55550455313,1
1.79000963892,-2.3587709558,-1.7978643848,3.33580050217,1.07886439722,-3.15474645504,2.61894896691,-2.19362413306,-2.52010184651,-2.41928315876,1
-2.86145474774,-2.54452832061,2.97532395991,-2.94370801443,-2.30728537199,1.77345521182,-0.808190248215,-2.8682590253,2.5453988138,-3.99420034641,1
-2.27152394348,1.3923106061,-1.79568299034,1.08560173278,2.28292070832,-1.17989846649,1.82215014904,-1.90311126156,-2.07948579773,2.25841918418,0
2.59428951892,-2.02951935217,2.15550682854,-1.08113166528,0.623062626358,-1.58030643267,1.46887174898,1.3213949799,-3.27543451481,2.17533802894,1
2.06626237488,-4.20052389914,3.43568826749,-2.36452146059,-2.26903517687,2.23682349701,1.50234158369,-2.24461077973,-2.42515819684,1.47519666369,1
0.89504076473,1.63660357076,-3.29330118893,-2.17186158699,3.17348620365,3.7318377028,1.35987728614,-1.62213013882,2.31279248345,2.28694191896,0
-3.37902091127,1.94700643493,2.34945914426,-1.71157467328,1.71804348808,-1.08239324329,-1.17316664312,-2.2798424943,-0.0147016904721,3.632074039,0
3.14713989358,-3.50183267181,-2.04785375881,-1.37600754823,-3.01449524232,1.65416951924,-1.85541603705,-2.36011832754,-1.61000389456,-2.22067563983,1
-0.511167462762,1.33494166437,1.66502478289,1.34059566106,-2.1252997503,-2.34594413771,2.36495701029,-2.13924898873,2.35737092385,1.04483676657,1
-2.47774846702,-0.894119730838,-2.23179412345,3.17285679257,-2.34581999172,-3.66257214373,-1.48612936847,-1.24600915869,-2.29387898603,-1.38391964516,0
1.77299807852,-2.17024879935,4.34306727147,-1.63184601157,2.52285945155,-2.09204543569,1.45285359698,3.13517880048,2.92938717145,4.31967275273,1
-0.994794525307,0.893943375035,-2.20729676675,2.02870965087,2.53440652999,1.86111597521,2.47553266403,3.11104062005,3.53463107846,-2.17139220531,0
-2.28973022718,-3.22952877444,-1.28972096911,-2.70222405209,-2.63273746847,1.90326167468,2.24372654676,2.4437515968,-2.33165720021,-3.21114362317,1
-2.61343337969,-1.70137656032,0.706024663028,1.51008652099,2.52109946048,-1.50239226784,-1.7824351163,-2.30700049497,2.82356412953,-2.33793202462,1
-1.74091248822,3.67579052986,2.56533373601,2.01300214819,-2.57780518998,3.22667723412,-2.53656503608,-1.77572918159,2.91365411101,-2.39924765965,0
1.82661556243,3.22126203529,-1.67816924423,-2.62767652091,-2.32647718323,2.85152684228,0.997113089211,-2.39393182563,-1.79359293605,-2.97317803907,1
-1.29260459497,-2.54864132902,2.19813521916,0.861417189575,2.58428462957,1.97696220164,-1.55416208329,0.694571950117,1.76499362784,-1.76611654261,1
-2.68774341378,1.63010969378,2.83312356592,-1.95284852292,-0.53885755756,2.09615354519,-1.34813489052,2.86452115685,-1.66750049926,-2.78127446672,0
-2.62644834877,0.0814183753634,2.070653734,-2.48559352591,1.88011663383,-1.51864955259,-2.2527615083,2.2074201724,-3.57861359112,1.68593579305,0
-2.29199200182,2.08755738371,-2.63557201646,1.94371917265,-1.96886720329,2.60758629526,3.2864331416,2.57194992234,2.78002487155,-2.29317297617,0
-2.64082283953,1.93369069374,1.90446636444,-3.16775975516,-0.880380273288,2.63321350799,-1.9974735314,1.51651103282,2.68184427658,-1.23861682667,0
-1.31458352973,3.20326548371,3.98307028441,-2.74699798134,1.47584208618,1.72116466799,-1.67226539215,-1.86050809908,-2.36155724348,-3.14846103753,0
2.84602222897,-1.24739644171,2.91238016736,-2.71987825896,-2.27219335398,-1.73747977254,-2.391051396,1.55400690456,-1.92267007259,2.68619607503,1
1.61806196553,-1.30444802514,-3.30721227722,-1.92239359233,2.78059964285,2.73251087456,-2.15502181246,-1.20305439451,2.28466755049,1.85696883409,0
-2.07673535454,-2.31031634357,-2.77586286245,2.55426365007,2.1673110784,2.15982398665,0.782243510688,-2.37100429137,-2.85928174981,-1.35586412539,0
-2.10422057007,1.90220358529,2.05318016709,2.68717597117,1.75087675648,-0.882117862686,-1.82605726602,-1.96340070207,-1.43182661322,4.52448169745,0
2.17013122597,2.58386692489,-1.31574589982,-2.34790929978,2.44844478737,-3.19871626101,-2.04896173292,-2.0968065274,-2.73914800246,1.84428782232,0
-2.50001616022,3.11548749283,-1.95969324911,0.90008495881,3.15360800026,3.19120551264,-2.07884722218,-2.20346233056,-2.97911491317,2.81116985989,0
3.1029249493,-1.18843293941,-1.31338313698,2.63927886092,-1.3167248201,-2.82628959875,-1.17909786304,-1.96639352308,-2.73578346057,2.61199168506,1
2.35755164591,-2.99737100037,-2.25830794837,-2.81379360553,1.79005440342,-1.79475373855,1.36180846488,-3.47078245056,-3.771204611,1.31981068959,1
-2.40072218289,-2.27199399953,-2.39647738994,-2.96773654667,-2.08711552625,-2.11256839678,2.0490901607,-1.92690698184,-2.43003864381,1.99150436868,0
-1.60694956267,-2.78205163073,-0.615740292258,-3.27719977315,0.795723462437,-2.31289543769,-1.81344384496,-1.34780225496,-3.76402840602,1.68581326608,0
3.06374277519,1.35370235485,2.01341007202,2.28371456517,-3.48566845966,2.23914569822,1.8470373433,-1.67682337059,-1.86453873034,1.22444741107,1
1.84866056218,-2.5545408914,3.33148493623,0.689612162168,-1.78699545801,-1.54531325321,-2.51967858834,2.46460858946,3.47282009383,-1.79192467262,1
2.27390108192,1.91812749926,-2.52889018471,1.27894676159,0.773555751643,-2.87940372261,-1.94668167724,-2.36232499519,2.50483462983,3.02687054997,0
3.20515752051,-2.70554644071,-2.4266952731,-2.46083795861,-0.974557496894,2.6958342043,-1.75176408675,1.66507580434,-2.6192587726,-2.41913913951,1
2.7418116057,-1.98150299686,1.59381722498,-1.42036037765,2.59581189761,-0.643653885162,-3.36107389659,-2.43624613883,-2.74602044929,-1.95947854436,1
2.81200178858,-3.0591316305,2.52315711434,2.32136273842,-1.43726656577,-2.65913017256,-2.10777140713,-2.66166956804,2.10908509062,-3.03800538691,1
-2.20024141067,-1.29626585801,3.54329099705,1.82888436032,-1.79729812069,1.79518880379,3.54539023614,3.63905230166,2.31212917751,2.16964417752,1
-3.15145501385,-2.25428903589,-2.03084840572,1.36296421263,1.73014724468,-3.12851110366,2.67392787016,-2.73000509998,3.44582027433,-0.820496005068,0
-1.62424838617,-2.10070366625,1.63346885799,-2.72587069947,2.60039091798,2.48261916659,1.88985487049,-2.61461370087,-2.6661666986,-3.49750950273,0
2.39593297264,2.55561806889,2.96214086651,-2.61297231481,1.60257386436,-1.67217278546,2.61814628045,1.64925234171,-1.79029426579,-3.58338519249,0
2.11826586603,-1.87840912944,3.65771187259,-2.30953294309,-2.69437067692,2.24145781461,-1.71556355618,1.71293769943,1.33606598801,-2.35454395685,1
-2.7947815942,1.28352998763,0.70044717095,-1.89335063239,2.6685433864,3.4864352681,-3.3776742935,0.280714716795,2.35311793623,1.79553706683,0
2.2373102916,3.03620081346,1.28781497592,-0.765431131256,3.31409598855,2.36650348806,1.4204618828,1.91258683984,2.54544650653,-1.75396559539,1
2.56903064062,-3.51850484049,2.61334067475,-2.36316296942,-2.32639024847,1.8026510052,-2.75265475487,2.09564932825,2.23588487516,2.70126242998,1
1.9103414088,-1.282795895,-2.50925722027,1.99762382164,1.1627621383,2.36214407978,2.41784342191,-1.68041708186,3.28752887583,-3.27211210931,1
2.26761124967,1.93681702008,1.80941262964,1.51670482023,2.64340219792,-3.30606069174,2.75228212991,3.0766065247,1.65926314863,1.85111988278,1
-2.56351988024,-1.46105689895,2.32262032108,2.67509317376,-1.94939457935,-3.15708815072,-2.25210831803,2.54197299581,-2.21555382706,2.83899937821,0
2.66644686074,3.28610753475,-2.43621718099,2.03776089138,-1.10133710973,-2.81910586852,2.79970695067,3.10078082008,-1.59440631337,-1.38841448601,0
2.43769777324,-1.12501427788,2.57526999051,-2.05530689618,2.10713243241,2.48972435431,1.45578417526,1.77447729496,-2.33157220089,-1.65437577165,1
-1.57721674719,-2.11577214074,-2.38922671208,-1.83275110253,-2.28542956922,-2.64343074724,-3.38128630706,-1.41134756824,3.22311973977,-0.597021937428,0
3.48823816288,2.03118432591,2.939604146,-3.53326532568,-3.17410151519,-2.02922703919,1.84097257351,-1.11126857574,1.17964071649,-2.57166316468,0
-1.82511112342,-1.50568379374,1.70030981433,1.7334131875,-3.2353966,-1.44893309314,2.07929300293,1.59317781923,-3.00861475298,2.79556526743,0
1.57030652787,1.26654796694,2.18643388697,-1.68145725148,-2.40023031306,3.56970447527,-1.60488641993,-2.53913823692,1.85565804416,1.49243374879,1
-2.09513731378,-3.27922281846,3.49081114609,2.03365020159,-0.117953776487,1.66828817742,1.63296772057,1.8665063214,2.95853650268,2.33050590634,1
-1.8773429181,2.04678129112,-2.60639271221,2.03872967228,-1.48431086662,-1.94991557471,-2.34400211606,-0.647213756765,1.69573675976,1.66468606073,0
-2.42688172917,2.75978154643,-1.46485993725,-1.61702451709,-4.00031334708,3.17855094605,2.25144103358,-2.25560805662,-1.7828146853,-1.73126757296,0
3.74120431483,2.6674403017,-3.12988776921,2.70337393882,1.70988396736,-2.16027783747,-1.07751848771,1.95897861558,-3.35118562119,-1.89127195246,1
-3.67285924028,-1.61707441363,2.21899782304,-3.26053037579,-1.17038116287,-1.6136980109,1.29638963224,-3.16903224351,0.506585845454,-2.33414782617,0
2.0226162787,-1.90189579495,2.47800091876,-2.60001880777,2.04228595068,0.933646525028,1.6112091229,-2.50623340959,-2.74670969571,-2.02130244917,1
-3.10546969646,2.09517409716,2.10817950309,2.91432245813,-1.75903676607,2.05298833315,-1.24858052636,-1.38938161837,2.42052436913,-1.09164594248,0
1.89779995105,2.17693474075,-1.61572249225,1.94095112822,-2.78973120907,1.71748805563,2.5559992144,-0.69225677871,2.63366275689,-1.32986174465,1
2.17661481643,1.53899147379,-1.54215220117,2.03413514436,2.09571463996,-2.60328908855,1.02956326269,2.26030704938,-3.79668554667,-2.3889358415,0
3.03761556015,-1.8838491645,0.964143472574,-1.93792274733,-1.4551798551,1.62876002458,-1.82802826098,2.07702229597,0.651794128188,2.66414883891,1
-2.40970619155,-2.45038188461,1.4326269115,-3.10682123482,3.11691831894,-1.59636329449,3.28767189348,-2.40077743922,3.41900876192,1.53114641699,0
-1.85336232622,-2.76290938467,-0.779738208413,1.87470027976,-3.0135584137,-2.65403284825,2.70057292429,3.26001816656,-2.12443708666,2.53927488729,0
-2.90448254939,1.82680220167,-2.11416832857,-3.11830538164,-1.94236889031,-0.814658211935,-1.80229714265,-1.68758173994,-2.5151335719,-3.43801163871,0
-2.53267313648,3.44890139121,-3.30959745408,1.25331307333,1.84360364302,-2.6471605769,2.19621390317,3.29016955703,3.61297418315,2.93740930151,0
1.26274043749,2.08453096599,-1.58962539125,-1.69897660512,2.62700538587,-3.22158770126,-1.88251572275,-2.54218763915,2.37142912405,-3.52716287679,0
-2.21138359241,1.33447884744,2.07181153728,-1.86150831398,-1.40990750408,-1.99628178959,1.95643732726,-2.62529406413,-2.75729938429,-1.81525364486,0
-1.700056456,-1.80894992875,2.45295152761,3.16216415959,2.5743049025,3.3640030649,-3.39009549307,-1.65512330704,3.42593989164,2.97440790915,1
2.4822637407,-1.98473318842,2.19184607322,2.4091970124,-2.70649166937,2.26055384616,-2.30492096397,-1.73187347923,1.50388636404,1.61400702839,1
-3.62543506025,-2.95939488359,2.15303888492,-2.08014766275,-2.66451026721,-0.918197657468,2.22928920962,-3.07145611004,-2.33326897756,-2.60500063059,0
2.38654261624,-2.91115167712,2.61145303356,-1.24953642991,-1.21078199464,-2.65132706983,-2.67335759212,-4.12604155861,1.20978881515,-3.32339884336,1
-2.33231215016,2.96899808966,-3.59641445764,2.63392195089,-2.57330689122,1.89252866728,1.28815866774,-2.93910642583,-2.8194278586,1.93043766238,0
2.39763805011,-1.97308729184,0.815072846421,2.16062525745,-4.1891919595,0.896770802599,-1.43581916338,3.25938029113,3.42826983817,-3.04965775764,1
3.15138637498,2.34999669449,1.38051668033,-2.23674352013,2.52075655158,-3.51245638183,2.62920514792,1.61569449916,2.56843437721,0.757487703156,0
2.06930732644,2.14293752516,-0.559208842406,2.47769733951,-2.35381043026,0.558410375277,2.00414528662,2.92644387731,-2.48968895498,-2.26264635783,1
1.47391741755,-0.729315445631,-2.40710158059,3.18500638896,2.29381109988,-2.67082858249,-1.46270113817,-2.09248331794,-1.97492388392,-2.46873156346,0
2.02016422533,1.95145570052,2.41396296256,2.67480649092,-2.57381160398,1.5515120867,1.6612740767,-1.83145251833,0.426110524606,1.18176406378,1
2.09507604672,2.97257074113,2.42670757658,-2.34820790371,-3.30097540291,2.63028108066,2.84478703851,2.57266731572,1.83456526299,2.1054318646,1
2.79554324324,1.89864199202,-2.22917766708,3.96321719165,2.68003019545,2.11673366622,2.18038217743,-2.00245758817,2.22754761296,3.35824026099,0
-1.5637161503,1.48104337032,1.71765075651,-1.32161212663,2.96825345789,-1.77504127275,-1.55458949906,-3.23254453315,-2.37445618819,2.18433520534,0
1.64253710722,2.80832299571,-1.95898915724,2.75454876344,3.33989315649,1.85066555993,2.9505769379,1.59743906,2.14288393861,2.57083912883,0
-1.07905684254,1.86962883597,-2.49156701339,-2.22425913471,-1.99476077434,1.82210917003,2.47446528561,2.38870953624,-4.0060402524,1.97816192534,0
3.61460019341,3.32523909922,-2.08950092378,-3.18512354717,1.67864937612,3.54801458637,-2.66497966308,2.27022348088,3.22235800013,2.04814079987,0
3.51832948177,-2.03148680827,-2.14303181882,-2.43759448895,-1.53076347013,3.30781783493,-1.05223011934,-2.72846428145,-1.0607088418,1.18079881068,1
-1.89624218858,-2.70943831511,-2.20700860612,2.80006222306,1.23732567123,-3.46801662793,-1.78754593887,2.01565960917,-2.48318308916,0.460152694506,1
-1.04893359667,2.15517101167,-2.17365217534,2.57848611013,2.13302318815,2.22241648673,1.70257098377,-1.7412203309,-1.60893930003,-2.5136026281,0
-3.16158101171,1.51829402092,-2.05775977568,1.88084889673,1.73300457754,2.55812876023,2.12250581059,1.57946414459,1.63173979053,2.57923178622,0
4.16590042257,-1.96768312988,-2.94493064408,2.27642043393,2.18290085226,-2.10455986336,2.30836674009,-2.92585506161,0.821552936501,-2.13235077923,1
1.87783827074,-1.76155141646,2.19793469343,1.66117312466,-0.93277246867,1.38380549755,1.43870424885,-1.79845258695,-1.85991818661,3.00754857571,1
-2.55075600342,-2.2994112214,1.04139469435,1.53435930652,-2.37537094865,1.81783929692,2.33192873085,-1.75667471549,4.26485157438,-2.94947959016,1
-1.15472549784,2.58423475662,2.56333269011,-3.29380521157,2.3933047677,-2.83430972848,1.73416084371,2.10708418238,2.07800897901,-2.2801255422,0
-2.58558941431,-1.59247184262,-2.80083743238,2.41388360787,-1.57763024726,-1.26263295404,3.03437215044,-2.55412512733,2.1347573777,-2.14563442226,0
-0.656262270644,-2.06122511128,-2.342277013,2.6414886115,2.0906371467,-1.76932198028,-3.25804197781,1.22310335404,2.34529113514,1.72302345588,0
-2.947682198,-1.83775051358,1.64159751687,2.08373069027,-2.00861860576,3.81409539021,-2.1734105835,1.39204046211,1.5641125837,1.92395723262,1
-1.49274039006,1.75793848047,0.784171872491,3.72691227098,3.19504723189,-1.2295770573,-3.53350104905,-2.86367016003,1.10761515341,-1.99350214501,0
2.29472148547,-0.460378456813,-2.62574236321,3.22737089148,1.43308180361,2.79461993319,3.3413048013,-2.80538152516,2.12388954585,1.9815119939,1
2.33581219587,-2.42564419878,-2.37169746034,0.368095630793,-1.92731394848,2.83938201849,2.25397227613,2.88047205107,1.65097062662,-1.76210962111,1
2.33055538991,-4.32540362392,-2.35625343994,2.92670547688,2.82845725117,-2.84615038413,2.04941990196,-1.21398439811,1.84779427323,-1.04497577618,1
1.4398310627,2.26440102891,-1.55155540936,2.2565145169,1.94734319558,-1.57632840239,1.29293159192,2.29244562523,-2.11906878471,2.36803312307,1
-2.24551764944,-2.46686544437,-2.33016435943,1.67710812039,-2.57911382506,1.80542031312,2.21251803491,-3.41582212254,2.96931242235,2.37887040897,0
2.53893013629,-2.85762683472,1.47692528633,2.39704848291,3.42869225776,-2.53117598092,3.6954976198,-2.23106075514,2.02856930763,-1.94377974025,1
2.75980760337,1.35406925009,-2.66834249489,3.59075665322,2.95103387495,-2.00472910801,2.02938595491,2.73788999871,-1.90561951155,2.66353223642,1
-0.935293413729,2.73530505047,-2.74589442692,-2.19289030583,2.39867673793,-0.0118583457825,0.925797633318,-1.80851510208,1.68427784009,2.44942274953,0
-2.90458081277,-1.61763060638,0.692548017484,-2.40204818781,1.75074896718,-2.66280577768,2.82633753427,3.05420300095,-2.96419435792,-2.07042138721,0
-1.75930496465,2.82191592138,1.66770627354,-2.10031907079,1.81558030277,3.29081611534,-2.26539503684,1.9313039792,0.823528714198,-0.773527425892,0
1.60254544943,0.91266562134,2.19019692345,-2.17429239228,3.0317598295,2.14012840813,3.84213226796,-1.52922633107,1.61332860771,-1.86694645651,1
3.78434850658,1.22262107027,-2.19174639752,3.16687499658,-1.22641538604,-3.43974374704,2.34928190578,2.22408873525,-1.8675579377,3.53888951737,1
3.12113557372,-0.977018834749,1.35407740986,-2.0289590812,3.66462107555,2.30831848718,1.67561171509,-2.23166396815,-2.78818643782,2.92567835551,0
2.27053710736,-0.156799689512,-3.27579104851,-1.90406839476,2.21158189454,-1.6239752701,-1.46497795686,1.59926819105,-1.41094452119,-2.98342356076,0
-1.96178335579,1.30713696773,2.05356128978,-2.05835987207,3.5000685191,1.38745722559,-3.84946844517,-3.15921681653,1.88964088018,1.72596811845,1
-3.20518306989,-2.35742059274,-2.43199266278,2.16856491356,2.260183055,-2.39872798219,1.13262675832,2.52004484375,-3.26915734078,-1.87368983714,0
2.76176971333,2.11212534028,-3.15845038171,2.63750144745,2.74013709508,-2.47534788316,-2.19486069152,-1.29994591669,1.85874647061,-2.54843417104,1
2.30527899449,-2.86837809688,1.81030005537,-2.20425227575,2.63163439404,3.79443192316,-0.705806699084,2.92166295745,2.65622070189,-2.06294666401,1
-3.16771259951,-2.63105801018,-0.852556810641,-3.39856361886,2.41811937108,1.9019888956,-2.19187835648,-1.68526498965,1.4163037391,-3.32649164168,0
1.2174485152,-1.49104743347,-2.61585565394,2.55688255894,-2.30249090299,-2.78368355644,-1.38568734995,-2.53046537596,2.63642448608,2.13625807263,0
2.11310415745,-1.40235554645,1.14197377905,-2.38074985488,-1.36607574972,-2.26432026012,1.62203709887,1.28493941907,3.47923066034,-1.17352644798,1
-2.03858311566,-2.11007977961,1.29185484339,3.02501078004,3.02848039981,2.21844166526,-3.2376136043,-3.07677111917,1.07965885638,-2.41112055466,0
-2.27353930251,2.31937378233,-0.118860965429,-0.80284203401,2.9603416468,2.89229062662,2.68892061271,-3.02524033801,2.81720341695,2.50918758995,0
2.23801663027,-1.90832939,-1.46356332379,2.09770090757,-2.63507420642,2.88915676104,2.800764829,-2.66338320624,1.946505592,-2.55530127045,1
2.94030311664,2.06915358402,-3.76859463277,2.03370199833,-0.860625699654,-3.45159665947,-1.03137275511,3.08660822294,-2.70967037193,-2.09556506932,1
0.654560245153,-1.94987728882,-2.90045276663,-2.60369659048,3.2215724046,1.89268223026,2.20782962035,2.17019782726,-2.28562764805,1.28581029794,0
1.73465513725,2.52513817933,2.72861213771,2.31182974473,2.03468884257,0.948756257543,1.65192737092,-1.80515356657,-1.96050385481,1.08832044729,1
2.3969525311,-3.08175165135,-2.31297786999,-2.04410525966,1.35834847547,2.76498550457,1.57624286774,-1.77085859707,0.999038291333,2.73784653997,1
2.64863159886,-2.25968109639,-3.67618137943,2.53307607643,3.06878650828,2.41723541837,-2.0473559468,-2.26295622459,1.93147916466,1.23553626321,1
-2.45167003214,-2.05708671565,-2.79865900259,-2.52125311961,-1.52644247684,-2.78191855491,-2.16778564594,2.32548443898,-3.76685585835,-1.61821231069,0
2.50442072351,-1.60896161919,-3.49111425236,1.34554634796,-0.325941073846,-1.18106431486,2.52472134094,3.119218429,-1.4005735357,3.52110534901,1
-2.77279992027,-4.05112370044,2.62620370599,-3.85431405153,3.00765268475,2.29001035759,-3.26223196957,-2.5085446387,-2.46928961764,2.143636901,0
1.56974825773,1.03855103878,-1.90490862119,-2.15807389036,2.72852472844,1.27951533456,2.7224633146,-3.27690412629,-1.23426981891,2.45720073576,0
-2.0262457676,2.04478149918,1.46896686976,-2.38970872484,-1.53707199593,2.24964461596,-2.99951629012,-1.53226394651,-1.15666018888,3.10695343865,0
0.796936885546,2.90041361528,1.79388793305,1.00304845433,2.2176536572,2.42493910002,-1.66096142815,1.85836761375,2.95280821162,-1.49814809778,1
1.635475377,-2.02110460151,-0.664820892579,-3.02973406124,1.99931536614,-1.43999938536,1.61691285474,2.16744479095,1.72131741505,-3.02978704078,0
-2.33596568199,2.27636175775,-2.50250302827,2.71017242133,-1.34917816718,0.876540578251,2.74644014713,2.29115903594,-1.47879737933,-1.77754835404,0
-2.18840906392,1.53265423164,-1.6410102572,-1.79453068282,-2.57943534735,-2.88847943501,2.22216046965,2.41810117334,1.53236538919,-1.74995206571,0
-2.53908239619,3.14351646451,-1.89100671251,-2.06492316032,1.16701526177,2.0583312888,1.80752917288,2.42843397947,-3.5626851953,1.47012437228,0
2.80247787126,1.76910303589,-2.0333525132,-2.8064072363,-3.08406486125,-1.62507685137,2.26358381719,1.85219597174,1.36862540673,-3.23713763319,0
-3.14849271515,-2.47156501866,3.44393184547,2.41430172522,0.47964749509,2.3721668509,-1.12588961291,1.55028901391,2.7669004595,2.72810739032,1
2.7248350103,-1.70677802276,3.45958042451,2.56628891952,-0.806456581687,-1.84296344004,2.08326754722,2.24224204393,-2.36464557122,2.49728579907,1
-1.35827841899,3.41490706636,2.2557565962,-1.49279664375,1.19836566919,-2.67320194432,-2.44364342816,1.87286794384,0.96579558761,2.6128651875,0
1.43136049069,3.35915464167,-3.37694245732,1.57784829535,1.56432612369,2.33177093182,-1.84259810335,-1.74765180181,2.56898213163,-2.00270145584,1
-2.10416099176,2.05567697896,-1.17184355043,2.07251261714,2.31970169268,2.61296263514,-1.83383120538,-3.28940596141,-2.18918372323,2.69974414111,0
-2.50407485973,-1.98908248016,-1.72359685263,-2.13702393705,2.48137351986,3.08950647456,2.81159867392,1.63849110189,2.8589781086,2.96947444952,0
1.54878260854,-2.24129503893,-1.98339472655,2.82717778591,-1.68917536701,-1.15271130886,3.46605473589,-3.02199272535,1.48403689826,2.08710381387,1
3.34096336666,2.23552527093,2.47112098325,-1.45601121599,-2.77788745122,-2.92977242588,1.27474001949,2.61430247282,2.49020903652,-1.55189943019,1
-3.14907479764,-2.00670909183,-2.92744927374,1.72078358004,-2.0319924938,0.450355497303,-1.90367952061,-2.81602087493,2.75067488528,1.70510886779,0
-2.52852108098,1.23155102355,-1.49124923892,1.61579166861,-1.58746471025,-1.94803929478,2.51131199476,2.41799736924,1.86492330971,2.89254084216,0
-2.60494829669,1.32417104418,3.64597926483,-2.47080085032,1.7070100609,3.364908861,1.53302025397,-1.41942205816,-3.38298527086,2.76809865401,0
2.35188106514,-0.784061769653,1.25691805404,-1.47830001104,2.20847734263,3.28313948794,3.41194363149,-2.17480862973,1.97797557693,1.36515423326,1
1.38999479382,-2.80645443638,2.37326028316,2.1316198453,-2.1402524487,-3.99719214175,-2.98554270476,2.83070880813,-3.01066793654,-3.07788239714,1
3.63889685945,-2.24437436688,3.05328279942,3.99860153282,-1.74536865179,2.34533518184,-2.49404891301,1.07669088218,2.94115522367,-4.12325327056,1
-1.57248453877,1.74664614596,-1.74615585308,2.90038083704,-1.52995940485,-1.5082003121,2.36506199581,3.58460533427,2.59472645739,-3.06776583699,0
2.89186413276,1.50532342553,1.59495772052,2.0879198396,-2.22586680479,-3.37304561017,-2.00257160848,3.07788288872,-3.23296882635,-1.28673290221,1
1.54437047966,-1.95684027471,-1.37285252395,3.14352446146,-2.95090850192,-3.16357593654,-0.656558982534,3.2526278646,-0.839124366017,-2.51829829483,1
-0.833900522577,2.54110988584,1.99994877217,2.254340661,-1.48886762208,-3.03165312611,-1.74669524856,-0.860704970754,-3.07384784626,-1.89857444844,0
