x1,x2,x3,x4,x5,x6,x7,x8,x9,x10,target
0.747351733815,-2.49553022652,-0.581340795474,1.62771355832,0.0669660366911,0.255584367505,-0.422033767432,0.724149195241,-0.546801106846,-0.246405154352,1
0.760123412788,0.976931818014,0.65943812884,-1.03044691932,0.722880120226,-0.134895475323,1.78734814668,-0.785084879959,1.04076754711,0.594999320973,0
-0.0139985997596,1.72866342096,-1.53821390911,-0.508982520707,1.03807511792,-0.434543606213,0.100135741109,0.893807743023,0.448258088873,0.415378888241,0
-0.959833281807,-0.74756362309,-0.815963048068,-0.39953666243,0.762327670197,-1.4153678856,2.38043333019,-1.99332295655,0.543836123632,1.69620108353,0
0.22894474742,-0.527547050329,-0.255192918084,0.491801282843,-1.02688899479,-0.691186889469,-1.34639949433,1.89619647521,0.462412589851,-2.67678248181,1
-3.42598225163,0.196325103362,0.0432164155424,-0.0409989740585,-0.920287659479,-1.40025084515,1.03993211374,-1.00721710778,-1.03056711993,-0.736475830027,0
0.155795655823,-0.256691206925,0.601095364172,0.140381218209,-0.832513043836,-0.71830916592,0.665475562446,-0.53327595386,-0.909848887147,-0.0160765793486,1
-0.455241455995,0.364299985485,0.400107672117,-0.234053123099,1.21801510836,-0.972122955655,1.87201033812,1.02056461828,-2.6004555694,-1.12644200478,0
-0.36954391202,-0.364685673846,1.08066224349,-0.430462283778,0.0556507736687,-0.823759148801,0.35923433498,0.363792077962,-0.252539039456,1.80347348736,0
-0.803715381578,-1.32825461415,0.41703389941,1.24289980199,-0.498061228492,0.743350488629,-1.86906553142,-0.769878362871,-0.661164065392,-1.83865363289,1
-1.21147623132,-1.64125873657,0.358314224347,-0.26587966493,-0.225448732559,-0.0823332459641,-0.75290595076,0.259353614337,-0.201335490497,-0.834830464848,0
-0.717159720494,-2.02787874376,-0.0626183519649,0.139629671914,-0.574027786851,1.34156054966,0.340864932947,0.363943389329,0.224666165084,-1.09786875455,1
-1.40844412765,0.27834626422,1.59974386595,-2.12037108796,0.0521154690785,-0.372143820475,-0.46198828952,-1.52779398061,-0.874521032998,-0.521424334442,0
-0.244253577228,1.48235616044,1.48982311623,-1.13478955069,1.40252010885,0.538801490095,-0.176496342537,-1.34111985855,-0.333177224154,-0.214883253284,0
0.386141361413,-0.759036813902,0.440215985732,-1.0872632288,-1.05325034444,-0.302503344038,0.200546674813,0.145252233744,-0.827907862939,-0.124027881424,1
1.23001259347,-0.385564976147,1.57644600613,1.05724758752,1.36331040548,1.29639136661,-0.581855251816,-0.787715687263,-0.0177632490875,-1.19460241048,1
-1.29920935751,0.389655735586,0.374002358389,-0.41619840696,-0.0362901214014,1.55838137174,-0.680339426131,-0.542214457021,-0.747838403274,-0.111641343919,0
1.50373086082,0.705588305444,0.11483550599,1.20060189842,-1.38904873031,0.379608766733,0.804376462445,-0.942573073115,-0.929675314629,-1.82930955583,1
0.628838951897,0.670366039798,-1.77830048724,0.967927976454,0.66454210008,1.3454831986,0.409113071436,-0.916791209058,-0.587468483712,0.301871576424,1
-0.824570836854,0.189298895035,-0.230793864516,0.448033620879,-0.0281742752693,0.121553602797,0.03045071729,2.53264197721,0.0464116503805,0.37467318022,0
-0.917668356238,0.306111353406,1.53758531104,-2.02962510055,-1.54912259283,-0.296879133859,-1.15151462513,1.94343215159,-2.2880999039,-0.396457333547,0
0.135648923747,0.0732604744515,0.0307335575825,-1.08149902066,1.14666174064,0.437882065096,-0.421344914008,-0.884901490843,0.0624038013435,-0.519396371465,0
-0.611660529685,-0.553342289607,-1.73298844838,-1.82782329204,-0.418518173182,0.430684381551,-0.722429244047,0.732639137506,-1.25585706365,0.0443407884162,0
1.79626415451,0.0970174451794,3.23248150723,-0.808678147895,-0.505069184836,-0.00973722844429,1.19097518195,-1.82025450293,0.2812671987,1.92441378391,1
1.48811768814,-1.2181752119,-0.348806790635,-0.16888478383,-0.768375251996,-1.40671939546,-1.32126788611,-1.40107912057,0.95696781984,0.0732056711983,1
-2.37379680002,1.33855461909,1.0483631588,-0.532099641815,0.198913149795,-2.424332249,2.22656254163,0.277751172205,-1.68934303303,-0.797033932025,0
0.504509313916,0.896150794986,-0.498644961664,1.36435255459,-1.29001060397,0.401974333404,-1.18511768609,-0.621473060338,-0.958402007544,-1.17655073992,1
0.810933323449,-0.550484008579,-0.877190858855,0.489893374305,0.467751753068,1.18029357424,0.819955259702,0.343838412629,0.218746442755,-2.26240832279,1
-0.420496329508,-0.0535553392988,-0.598898396424,0.996236454052,0.0239687864005,-0.476999125286,-0.697833342556,0.387756131142,-0.730484777827,0.105776871495,0
1.94321810717,-0.989413619705,0.497873930346,1.90647212078,-1.25743809756,0.622326310128,-1.63685197458,1.40305951222,0.439515662739,1.64838065247,1
-0.904887964082,-1.29848567834,-1.50835452678,-0.10652103003,-1.89042298186,0.515658268162,0.705699909254,0.371167691171,1.69255130242,0.259962666719,1
1.18021547062,-0.829393359063,0.24506732934,-0.132081206881,-0.00842696558654,0.829960280995,0.154310707236,1.18950883351,2.03796202642,-0.37044259494,1
-0.281817122708,-0.803145691011,0.558810405271,0.758362078682,0.249601845876,0.273214851529,0.65367874934,-0.12426621098,0.350970895062,-1.56234410014,0
-0.750737540453,0.590540792582,-0.160318485554,-0.939947046478,-1.27335122304,0.696291037757,-0.223053955311,0.0285892534402,-0.255067098169,-0.0975715096897,0
0.679724759201,0.984132646948,0.913389976582,-0.490564813427,-1.67277403146,2.12334406552,0.0352679633682,0.349155361681,0.833499162425,0.920588661072,1
-1.19799419177,-0.0321975636035,0.591593701633,-0.857503090672,-0.521909785406,-1.64922864677,1.17682402275,1.46306083091,1.21427391423,0.249918126214,0
0.460042249799,-0.0143990257141,-0.0126774810799,-0.486022349581,-1.13278572363,-1.5036422595,-2.81464288601,1.00681601346,-0.887989624007,-0.431142764479,1
-1.17062217339,-0.0272254249228,0.285024911661,0.860964598594,-0.328646133351,-0.973517989457,-0.528893796686,-0.577379189547,-1.02764894763,-0.890202844659,0
1.37192843469,0.907401721213,-1.21208324581,-0.62600330194,0.384304886252,0.162243249652,0.251091222999,0.121226228663,2.06622654156,-0.446477278522,1
0.00730026428265,0.219722541531,0.510270401499,0.209965643302,-1.20623643371,0.296737671248,-0.0899076977693,0.822881424981,-1.12639612654,0.154708592851,1
-1.15788330951,1.69985621473,0.925466089104,1.01804863557,1.30169767817,0.701205376756,-1.87765155731,-1.70037491616,0.883351269203,-0.10665512211,0
0.552433315641,0.612140180851,-0.229185984287,0.373640773184,1.19207318468,-0.156193562342,1.05642070328,-1.09688939406,1.19404483876,0.22419094028,1
-0.489902535233,-0.231371096076,-0.88014841824,0.246186440013,0.683649700073,0.220760073255,-1.85964266778,0.211928918727,1.06517714077,0.465601040987,1
1.29414661692,-2.77898556516,-0.18314515065,0.289441242559,-0.298306426444,0.428868518904,-1.08177390011,0.657006578371,-2.46414134639,1.2628724222,1
-0.217790026319,1.38748790792,0.371095359279,0.729684897866,-0.760420877279,0.173290175961,-0.202796604839,0.437007180138,0.213257618952,1.26415750913,0
0.85739251427,-0.0191126754778,-0.971556782992,0.219778314073,0.607869512025,0.286407613043,0.340593861316,-0.0775303567955,1.8545506612,0.424532916978,1
0.066963746871,-1.64639155609,0.24023493428,-0.55163639018,0.0317637381732,-0.115352495187,0.717747587109,-2.00256326309,-0.284639396588,2.36961039844,1
-0.783088067128,0.797768612882,-0.101058359083,0.794935798726,0.3514339794,1.36549516653,-0.00514206845153,0.811347417578,-0.621008196717,0.504460197387,1
0.375089310044,-0.478052101574,-1.724341438,-0.279533605759,1.64197872728,0.497349984476,-1.02979927331,-0.634115664004,-0.389131993864,-2.17415233875,1
-0.752563528888,0.00704334674341,-1.46882262708,0.467222600103,-0.780378028643,-0.630740501219,1.37746775754,-1.20381232651,-0.719648205633,1.26169660622,0
-0.358290932412,-0.603890137003,0.464000653298,1.00294317297,0.0850409147533,1.48641538846,0.109534214691,-1.3227170702,-0.308253393987,-0.82751079822,1
1.39470451087,-0.0560997186091,-1.19774169493,0.714510740133,-0.10230780492,-0.83654689612,0.0942941790004,-0.970972294385,-0.17153907474,-0.0638294753505,1
-0.460010503516,-1.71421776454,0.691715829744,0.694153260124,-0.0825049710061,-1.22442646942,-0.619977461042,0.742102615462,1.92105469985,2.118056222,1
1.1879305778,-0.978489219421,1.74484085521,1.06979211457,-2.20601859262,0.408134500265,-1.50830428444,0.657375058562,1.64285510513,-0.0142073135998,1
-0.0581113665188,0.571549498333,-0.271120851517,0.404374177055,-0.363230749533,-0.0471109144975,0.17601190026,0.431695572088,-0.998272551306,0.636434142766,1
0.854771337117,0.577662085347,-0.0405451576714,0.205937258713,-0.101637390631,0.970045130897,1.56260638395,1.52000193156,-0.563190894593,1.77591394455,0
-0.501447752895,0.999415826973,0.887434755409,-0.144819514334,-1.18382846404,1.89896055478,-0.438090004877,-0.520500093014,-1.17270485713,1.30858054574,0
-0.341724144344,-0.550988087347,0.156373115069,-0.912988994689,-0.534441642735,-1.88142538014,-1.14998515244,-0.981052729521,-0.628203285901,0.132276944976,0
-0.0290202149246,1.2322160913,-1.12832895702,-0.54124675159,-3.33797492984,-1.11401406477,-2.4197441095,0.0879751518876,-0.113354701977,1.515851067,0
-0.369105790132,0.22331570078,-1.3582322393,0.405255538635,0.195238651812,-0.241547537299,-0.126209179509,-0.0478705608751,-0.891070449675,-0.151927052507,0
0.645991896547,-0.397868365652,0.690663274829,-0.410473197344,-1.52616574419,2.56451101928,2.47740716437,-0.518323242272,-2.43142368406,0.326812470268,1
-0.991333785865,0.236942755594,-1.26557297015,0.212077259095,0.851642741792,1.15490258658,0.6327338807,0.542829983399,-0.497661893307,0.708773251651,0
0.536935441467,-0.504421138519,0.12367761039,-0.0160918855583,-0.545859862166,-0.625808209322,0.506547144974,-0.196742708389,-0.976360107633,0.971480430187,1
-0.654584636257,-0.235087347852,-0.93090868937,0.426159650062,-0.423309555549,0.784666739089,-1.27012216754,-0.186129384136,-2.81416108543,1.06699836304,0
0.453229498377,1.87792067378,-1.04378191363,-0.56473808195,-0.586329445129,0.612719313714,-0.207710572953,0.491658572047,-0.105880949845,0.84842946115,0
0.0906843427538,-0.78478232154,1.010137445,0.538897440536,0.29928864508,-1.13534209176,-1.26316994927,-1.65596525904,-1.05026296008,0.251565894138,0
-1.24858401206,-1.9293263876,-1.36517258235,-0.373877266249,0.686818654754,-0.628099892433,-0.63959474072,-0.721352593148,-0.41215931886,-1.06908009916,0
0.197305615038,-0.656053911767,-2.39420171596,-1.48059743775,-0.385445265046,0.392614894205,-0.362830951979,0.245414878005,1.53525877424,-0.234036104726,0
0.614392052061,1.07346461496,-0.920860683586,-0.388365443553,0.118129728342,1.48323433798,-0.467308593027,1.30970978298,-0.923863461092,-2.60316347139,0
0.165974063148,-1.12970227201,-0.835057587887,-0.307347029103,0.318104421201,-0.918151959771,-0.469789799557,1.87157689795,-0.157469508547,-0.44247182638,0
-2.00480209668,-0.0477204932498,0.0502595068947,-0.630417674798,-1.27933313597,1.19091755075,2.54498202175,0.414229753316,1.40222345936,-0.111037069652,0
-1.2914116856,0.849272386165,-0.304652266522,-1.91863988102,0.701419027494,-0.729720696098,-1.50242930385,-1.17741484102,0.723177444544,0.814326160436,0
0.594559873556,1.50807481897,-0.497343792075,-1.23675942871,-0.40314941716,-0.691309984822,-0.7278039293,-0.352866300116,-1.78274028503,-0.843748708235,0
-0.872544407616,-0.557399407969,0.836672858417,0.245970998963,0.12792658588,0.945491879148,0.221632472042,0.134708232881,-0.794708546308,-1.04362856239,0
0.0226368752261,1.04353282504,-1.37294080722,-1.61315107744,0.138173541885,1.07490633765,-0.173632638631,0.736521348659,1.23562217285,-0.850442460588,0
0.167328255473,-1.34238933611,0.426631058197,1.61977315034,-1.29313372513,0.587168340914,0.660289644553,0.175170315577,-1.34243713037,0.822983930529,1
0.35205215834,-0.811790744356,-1.90753234216,-0.469118696065,0.170548921395,-1.47764253651,0.423099502866,0.907986216637,0.112788259786,-0.462542860097,1
1.96288813996,-0.351260367726,-2.54087279521,-0.671446663158,0.548285705607,-0.342229623124,0.921403936313,-1.18915826775,-0.49345005057,1.4986411787,1
0.301407707836,-1.83145256063,-0.510881863365,-0.916037676066,1.07284618713,0.176750664005,-0.228397379296,-0.503031987226,-0.664824532711,-0.867088385568,0
0.22878198224,1.09784022831,1.59539355102,0.0741751811475,0.005152734864,-0.582856293535,0.312840960651,0.663252277323,-0.291707910936,0.232385180331,1
0.116744887397,-0.711738436943,0.595067344915,0.563727984659,1.02007712953,0.448957789643,-0.694781192417,1.70159219533,-1.1770625238,0.259547724394,1
-0.437436284416,0.620515380348,0.380803606117,1.48918941431,0.0421560542993,0.849644965436,-1.94823430835,-1.78081216843,-0.153094603218,-1.04280468807,1
-0.793843458824,1.36497539367,-0.623483221921,-0.675778747629,0.671553501841,-1.45893804943,-3.62394962618,-1.19810376228,-0.882231476107,-0.263336128276,0
-0.188988968676,0.134731304145,2.28883049573,-1.16581864184,-1.17877366819,1.31531424732,0.374297424086,-0.908083312395,0.202378455127,0.946049209892,1
-1.1396769975,-1.12974894118,-0.482445004134,-0.0326368394064,-0.285048275474,0.00318968457645,-0.417463975812,-1.08761386883,1.24323316903,-0.543990667941,0
0.146718401482,0.321247031499,1.86898201406,1.51726401316,0.283895025072,-0.887621469159,-0.163825512158,-0.305161762754,0.331415210386,0.346294342171,1
-1.84869338108,-0.22733305598,-0.976908880731,-1.42269792034,-0.976417940328,0.090155894581,1.20496873662,1.1068317327,-0.364500809473,-1.0370730049,0
-0.337538346204,-1.62219104758,-0.242341035553,-1.42404715078,0.277794352318,1.2275947338,0.891537288915,0.377540741153,0.280535958095,0.307905616775,1
-1.21290244905,-0.202121575134,-0.0560019948248,-0.605642805707,0.248057807692,0.0298138561132,-0.184024862716,-0.860977268902,0.168869687579,-0.219413775349,0
0.141665498882,0.0435221405355,0.12378074132,-0.719283882167,-0.324985940048,0.0364133460594,-0.41585874108,0.0319416217409,-0.167521667501,1.23039669692,0
0.0538153639769,0.187961549285,0.453358456265,-1.55948028914,1.40856505682,-0.581963049257,0.414936022996,0.440054383087,1.91109685738,0.687527282955,0
-0.703658389774,0.504197165473,-2.05723741873,1.15178566919,-0.741438666994,-0.466143519219,-1.78638767384,0.167930549279,1.12684946088,0.57094737052,0
-0.0410841435341,0.318636168819,-0.77131334393,0.0487820430757,-0.80201590321,-0.0390791341621,-2.05927498541,0.30188166424,1.4625845272,-0.0436635181171,1
-1.1312214351,1.97941798121,-0.801140217796,0.460547467744,0.400168253281,-0.790943486105,0.21843616548,-0.946838777569,1.30255082476,-0.535084315119,0
-0.0589346825233,-0.869662403366,-0.434468532631,-1.13526477016,-0.664356558457,0.0962479028821,-1.3370143878,1.11001820858,1.42644097722,-0.856514895627,1
-1.25187685254,0.120098669043,0.977446323175,-0.536248768249,0.307229882199,0.217035091796,-0.9611351702,0.437194818571,-0.553811462529,-1.17422122697,0
0.307145227027,0.892158301504,0.471413067301,-0.631568617255,0.28113228489,1.16095697037,-1.12559852233,0.671428512491,0.646251369439,0.379577547597,0
-0.333026175,0.798425387337,-1.44860943698,0.387684657351,1.41117095279,0.718217406476,0.144189087139,-1.1509965365,-0.240404361315,2.14778642336,0
-0.415297856199,-1.27302869656,-0.350485746252,0.647858295608,-0.053779226564,0.840116987388,0.215824459677,1.82071922348,1.29198015795,0.869917495626,1
1.14403916697,0.648202890804,-1.37526225204,0.39203241027,-0.75182475894,0.272705120826,0.226421961918,0.216579939934,0.869191126837,-1.78932779265,1
0.0227025913853,0.204436145279,1.15373364343,0.696073865447,-0.185606437913,-0.552257444716,-0.926882099076,0.889879539217,-2.02692411467,-3.18197648827,1
1.50902152786,0.399558039164,-0.708866634968,1.15063687807,-0.240908469613,0.135894033482,0.291067826463,-0.991973986837,-1.58610076019,-1.04658267927,1
-1.66194298376,-1.11223379019,-1.52934134694,0.857589963211,0.931707624877,0.217920677179,-1.08740304311,-0.0174515381075,0.18178951069,0.527708087267,0
0.995425439331,0.266878272253,0.629427727265,-0.31463594592,-1.56234288646,0.446481137295,0.141212652547,0.34125573519,-0.967809991993,-2.02455475338,1
-1.17230895079,-1.10439805392,2.30004231499,1.34155878106,0.157158451594,-0.245978683126,1.40718035823,0.453223497123,-1.7674404343,-0.864024519787,1
0.335419559156,-0.183520351736,-0.424574854059,2.54650366827,-0.917161368403,0.194620598113,0.0178550815007,-1.66142069634,1.68681267072,-1.38394296199,1
-0.0867703305058,-1.15578640434,0.397547929151,-0.895782980144,0.537825977329,-0.513001459322,-0.577115078667,0.245557537089,-1.37261557494,1.037887223,0
-1.13981282076,0.326199931004,-0.438673138783,-0.810463374587,-1.97461165758,0.0363370451507,-1.3158272026,-0.822882225114,-2.16737270166,0.280260004502,0
-0.0943339360778,-1.62669916869,-1.49139895863,-1.38560092465,1.79700081581,-0.753086424177,0.731183894597,1.22143309652,-0.819847663751,0.420623619402,0
-1.09315578113,-0.0586053917974,-0.0353439950346,1.35746419917,-0.126111683934,3.18914916553,0.80663656787,-1.15910169038,0.0417796736435,-0.570474791882,1
-0.195885059056,0.0755039069358,0.576809889482,-1.57854630229,-0.863333170258,1.56683105884,-1.10372891471,0.12362629757,1.26707338718,1.06744129493,1
1.12811207178,0.938050592738,-0.423756916783,-0.00986884122634,0.618174083968,-0.228514446856,-0.877139713203,-0.790861501231,0.912221703088,-0.112531621743,1
1.71777871246,0.777755767888,-0.618244332248,-1.18601432608,-0.754507391537,-0.846572707964,-0.899101706007,-1.82731718722,-1.24599975052,-0.329985482121,1
-0.711849570091,-1.83430545433,0.988731665755,-0.920218647696,-0.191806976114,-0.29901185596,-1.38383084285,1.00756532722,-0.145683975331,0.060284544579,1
0.437030481062,-0.779094531682,0.562644748491,0.168350097936,-0.617137329606,0.873104746824,0.761163742442,1.30070999838,-1.38852687617,1.16805174358,1
-2.35574700717,1.47115959685,0.275545591523,-0.310319279864,-0.742053436826,-1.83499563409,-1.03828601057,-0.401967268602,-0.292621410193,0.716115624197,0
-0.514935138795,0.857851742415,0.614365485754,0.594106443071,-0.412247991542,1.03094355735,-1.2708330398,-2.14786412076,-0.361742631151,-0.647417554913,0
0.0485761625241,0.51485736831,0.472633504011,-0.859743202732,-0.423529221546,-1.12606066517,1.23119490117,0.40986319686,0.660572688205,0.272055054877,0
-1.14458882305,-1.28388103637,-0.976703752418,1.35552239913,-0.443824710635,-0.846703330185,1.23177984879,1.61870698837,-1.85015084932,0.809165624131,0
-1.25900423583,0.370927594345,0.203357459824,-0.699991521767,0.111319507555,2.03643468355,-0.742102012397,-0.00461240809199,0.969026040835,0.021949395936,0
-1.18596768834,-1.03380454359,1.00841023957,0.752619693578,3.37114289455,-1.33021587553,0.357371818918,-0.574701625502,1.47087027441,-0.985826353607,0
-1.03913363942,-0.196252313583,-1.09494222588,1.05662137088,-0.314234292548,-0.322788214415,1.47339422508,0.0335961797002,-0.447018023885,-0.42444361174,0
1.06090132165,0.877210687517,0.661024961094,0.559167552607,-0.632984310961,0.5186012874,-1.23267149892,0.693655186903,1.06903989456,0.910005944639,1
1.66472967315,0.698980341323,0.877562344285,1.95738366826,2.61122014282,1.00437414275,-0.376028069698,0.709317247047,0.148620646691,0.691901224968,1
0.54969741206,-0.821299421221,1.513959045,-1.01817143315,-0.73091104851,-1.98702672049,1.30723875253,-0.413418507649,0.164960025315,-0.106537246089,1
1.38215887271,-0.0702270896599,-0.921557965578,0.714921423266,-0.820828948361,1.54960286749,-0.373744363055,0.0631734202146,-1.11995447636,-0.96714440078,1
-0.0958292347613,-0.867394992327,-0.485124244242,-0.637908851173,-0.0703666188707,-0.602704886459,-0.829126951434,0.585759375957,0.678100610286,0.0185410599359,1
-0.517169377027,-0.171346995059,0.094556656922,0.393586549319,-1.51086600421,-0.618324487088,0.465867208131,0.866981283067,0.183826108937,0.564983829963,1
2.30726871873,-0.230876669286,-0.426763179043,0.651305931262,-0.273859557576,0.639028803693,-1.58595788235,-0.476897634836,-1.42054631346,1.64078734223,1
0.314353188974,-0.188591253967,0.472692368198,1.68262792704,-0.113429467335,-1.43294048984,2.20049354887,1.62270199292,-0.070845158962,0.121284868036,1
1.73637964568,1.37332994434,2.6187511084,-0.635217796475,-1.00210464951,-0.312393791508,0.373435703623,-0.321347576483,-0.524105328952,0.643684356339,1
-0.316113911737,-0.746857581751,0.957845189485,0.795561123544,-1.04832657617,0.764171461255,0.765538179166,0.31534028447,-0.839127092209,-0.11166909556,1
-0.267335543396,-0.216850625355,0.388303555012,-1.41785707837,-0.677637738783,0.106964579989,0.205742953431,0.747613587864,1.57035882291,0.242908684589,0
-2.82770997059,-1.37211379487,-1.91389209041,-0.202352147659,0.568204627763,-0.669491505243,0.0319297808884,0.766965239253,-0.176745675595,0.413583185808,0
-0.403798090764,0.648647528402,0.165097255206,0.244352602722,-0.816945970468,0.0638613374384,2.83376303949,-1.05913007684,-0.408571165961,-0.977661004136,0
-0.513028215612,-2.03687337607,-0.329161863316,-1.23318877414,-0.238801582477,-0.219191451174,-0.784869802416,1.27582212794,-0.541968537222,-1.00034022941,1
2.66475453395,-0.243345131103,-0.444560851722,0.305167139327,-0.611279686899,1.52639740204,1.39819121479,-0.781680254023,0.104040630658,-0.314486390021,1
0.508919176054,0.932273833118,-0.208950520693,0.731402400634,1.16170574207,-0.119069059453,1.64569002599,0.45376268096,-1.43610055321,-0.130963923648,0
1.07692212294,-1.26987042284,0.304841681936,-0.0859236552102,2.10797245305,0.206724981761,0.0468867617137,-0.680866375477,-0.583127372084,0.327051799191,1
0.804707182157,-0.664053107619,-0.200701276827,1.10025572034,1.01848816789,-1.03584474162,0.754225513952,0.53769093625,0.286740121608,1.33255132997,1
0.646165342356,0.0422219533503,-0.106637405824,-0.851455591161,-0.340593250592,0.652054439946,-0.0164756411777,0.545648688192,0.375674131233,0.821717195001,1
-1.13142466453,-0.415057986061,0.267067289183,-0.061939577185,-0.439827777682,1.51974206283,-1.07600911178,0.574918818364,-0.0779284029238,-1.47250530646,1
0.869218929767,-0.977443669972,-0.375071181261,-0.727006949938,0.308307416022,-0.586956920398,0.285549151107,1.08867394359,-1.60645822893,0.632908552366,1
-0.535170946939,-1.97465387186,-0.163349929533,-1.34647708243,-0.676225920129,1.1645644265,0.920078801576,-0.559447745005,0.319572045188,0.677841365885,1
1.58224094376,0.0702634794955,-0.339442891923,-1.07178157694,1.86518320909,-0.462681105326,-0.437407594834,-0.357092555442,-0.00703754242821,1.22720876976,1
-1.65652864478,1.26782632141,0.258995890139,0.363365819127,0.610872182127,-0.479579368816,-0.225303826866,-1.00233184377,-0.726873143855,-0.00257399094,0
0.478924194899,0.304085213271,-0.392242643633,0.853200552079,-0.0695302477333,-0.322191799426,0.181075483179,-0.0996987445249,-0.932727681964,-2.40453050837,1
1.68295353654,1.94764333534,-0.159726893443,1.33978628728,0.249148845476,-0.128831674945,0.292908345443,-0.732452157147,-1.87080142968,1.37815861292,0
1.37039157144,0.110755719619,-1.23857564494,1.18917352513,-2.86413674103,0.623583026062,-1.14898907047,-0.819143731903,-1.51496643364,0.879273615944,1
0.223437039165,1.53798971487,-2.29981300437,0.197786701263,0.0205526871358,0.489116838664,2.05546037504,0.876002588081,1.16718998333,-0.911626553184,0
0.0960542677089,-0.473040270798,0.603530416942,0.940533987602,0.221849899445,-0.299433859736,-0.774403603112,-0.607921705839,-0.418018439093,0.933133799221,1
-0.250197211947,-0.791837094701,-1.7834293562,0.245457052831,0.315307799603,-1.43216524362,-0.187770256539,-0.37165899098,-0.265175664989,-0.753103036031,0
0.124357966078,1.0962810193,1.18079215049,-0.68677940455,0.620643351074,1.37654714724,-0.567699769838,-1.23428997363,1.55938804037,0.0346808665069,0
-2.6507807406,0.0172257664649,0.173378373063,0.0365607439635,-0.0230118269472,-0.15555153176,-0.862090952795,0.955553388612,-1.59339778601,-0.277056259474,0
-0.5078307796,-0.974656536241,1.71901909494,1.64013180899,-0.696077634805,0.793699233372,0.182550284602,-1.5429126032,0.154438282566,1.71925519332,1
1.20686761298,-1.15950596012,-0.782934770167,0.313560171846,-0.238793568545,-1.05794662541,0.410720193071,0.2583796684,-0.446260929477,0.519617375907,1
0.847704144075,-0.251705435617,1.39102062118,-0.515059397494,-0.123193387694,-0.501904549496,0.952705923428,-0.743464865889,1.05796734983,0.781081047813,1
-0.682931647285,-0.685713823389,-0.317189876932,-0.122435043027,1.37221307082,-0.832075970956,-1.64328461748,-1.96265727913,-2.09180238904,0.502833278177,0
-0.964521689302,-0.0512321657103,0.855789057786,1.82639298079,-1.06071280529,-0.207092584627,-2.81410588467,2.33016166565,0.519948660289,-0.454496463384,1
0.555265838512,0.30525134115,0.503280518875,0.142933792129,-0.636514349829,-0.101697620706,-0.684830034014,-2.82914547326,-0.561751157869,1.14717218844,1
-0.490307370061,0.586876591207,0.163743583779,1.70611619817,-1.49647105878,0.324129784966,3.21342655535,-0.379522487397,-0.597218114313,-0.231768788571,0
0.160070012209,-0.322615103277,-1.88522819329,1.39348986029,-0.111950434503,0.448874802583,0.103358533177,0.309155413109,-0.0855019677098,0.382548133324,1
-1.15918203484,1.13364777976,0.022968867656,-1.67538374002,0.0309821820944,-0.998100861454,-2.53846187049,0.836966483027,-2.12318029081,0.480111280706,0
-0.634800798905,-2.44694579448,-0.577854966361,0.382392943638,-0.55586254865,-0.120588323022,-0.72634627244,-0.457933426711,1.76311775358,-0.362406843296,1
-0.305029202582,-0.411432002048,1.37398745802,0.516842608708,-1.35480078561,0.289859089778,-2.28141478509,-0.229298679611,-0.106942705059,1.55139780781,1
-0.177190401424,0.435599917854,0.91555084591,0.269726339917,-0.542934268533,0.0745937248744,0.895070173167,-1.30502231279,1.13253080939,-1.91133029083,1
0.847861435509,-0.433617746913,-1.09266972746,-0.503808253683,-2.8820019221,0.0787717164734,0.502366118971,1.60984465656,1.16254928896,-1.01535661305,1
0.661138293656,-0.194532374417,-1.07267437519,-1.38700535106,0.997127514597,-0.755442721424,-0.229313096777,0.1300383862,-0.908977882596,-0.197074339031,0
-1.51866223599,-0.783744221666,-0.226444397015,-0.626470266458,-0.186441267682,-0.764509388038,1.22118200272,0.558058864554,-0.958976593677,-0.209905354719,0
0.827693333632,1.0595003926,-0.35114905673,-0.0162240997753,-0.220077475833,-0.790851951413,1.76675563226,0.601213979514,0.0626831072768,-0.777515661258,0
0.824881103854,0.303220721658,-0.793552050516,-0.0165761878001,-0.888153456291,-0.783849157903,-0.829441558797,1.26612948576,0.56947219914,-0.733734136003,1
-0.524625465893,-0.151812831199,-0.947005588187,-0.794066402423,-0.203494454844,0.276421838494,0.201933434464,1.67834462303,0.584815402563,-0.186297328272,1
-1.03133569228,-0.752539653122,0.393833281208,-2.40323484726,0.125769489773,1.43236699804,0.966831282834,0.378534755736,1.40091375383,-0.13234392466,0
-0.574024428541,-0.741898960555,1.27233332772,3.82033529058,-0.149646510177,-1.26484236342,1.20711552799,0.163832208167,-0.37005382123,0.679407063782,1
-0.343803571278,-1.58088052401,0.708013527993,0.552258502014,-0.0115101909963,1.9122293034,-1.98992799648,-0.139445051133,0.282345551345,-1.53372860106,1
0.751892339987,1.12324945551,-0.600250219726,-0.0295401000732,-1.83772690024,0.863594921025,-0.142254120919,0.0783018649323,1.56044476003,-0.592068182527,1
-0.302314034595,0.0361315745824,-1.27527566736,0.203666823827,-0.583245489618,0.984263945061,1.63978734026,0.609367975873,0.237285523882,0.23839493194,0
0.311607684141,1.14195265052,0.0114291010202,0.228979695799,0.105845486864,0.446296576381,0.394919992804,0.683590826175,1.36977340752,1.70583673575,1
0.872550289754,-2.94049004267,-0.958021774849,0.39377278606,-1.83015736146,-0.450059583148,-2.06377643704,1.39033851786,-0.500904799082,1.06367560118,1
-2.66333932572,0.613318395249,-0.609885956074,-0.471413582109,-0.642303677409,-0.0542221358766,0.995097114117,0.0973609371903,-1.61003510944,1.61356263265,0
-0.437079825906,-0.201887430816,0.36841263066,0.77663344339,0.283746221238,-0.0298658422233,0.996306733756,-0.723552353744,-0.337957820662,-1.89918334178,1
-0.203201064713,-1.02501397465,1.80285477683,0.178072071154,-0.98048942967,-0.667296725348,-1.13714473413,1.01871522081,-1.42921446132,-0.506332891182,1
0.217432224101,-1.22313831718,-1.19397050049,0.0095959105582,0.410661012323,0.281076335876,0.379269509393,0.982241878563,0.764747286105,0.26402882758,1
0.148956773461,-0.79517304648,-0.223463033034,0.685241748,-0.290863441388,-1.13379108724,-1.064497547,-2.49565761512,-1.00560843367,1.45945169975,1
1.79481450707,-1.27717973723,0.101627582324,0.334497569796,-0.402241583271,-0.202296033796,0.881235542617,0.160424456842,1.19102450552,-0.621379257858,1
-0.39629746809,1.78603535661,0.0518107722425,-1.38080057938,-0.30518494572,-1.56470287713,1.29049875186,0.61832301367,0.427345171377,1.75221670669,0
-1.61612510363,-0.139444146366,0.0152065203037,1.14199640403,0.116436360699,0.159522391487,0.29167978447,0.471410024757,-0.257840895706,-0.488393746356,0
-0.382454424413,-0.981052560856,0.874861141621,0.691999742623,1.38191270153,-1.73950678333,1.10836809277,0.413841851758,-0.755795652542,-0.143893848638,1
-0.950622089528,-0.587383060139,0.569881075207,1.44331436322,0.857222644832,-1.89987530419,-1.41684681423,0.149830330059,0.397880491165,0.844542900236,1
1.71879784378,-0.752266753883,-1.17194884422,-0.407444811663,0.126860105215,0.0890251820262,-0.890943627431,-1.25388102976,0.404984533295,0.665401951258,1
0.948262318036,-0.408735494115,-1.67653512345,1.40977267019,-0.0422489438874,-0.0856250190106,-1.50778337463,-0.766458176083,2.11040883003,2.32063058983,1
0.343097760922,-0.162392735511,1.43254139718,1.90999689159,0.934585312818,-1.47910439019,-1.37002492295,0.0838890391614,-0.559227617518,1.14160271284,1
-0.0562584749209,-0.383059873496,-0.560690713444,-0.0317924941514,-0.795311437232,-0.134344179627,-0.347081638222,1.52199725757,-0.518514650401,0.0786156212651,0
0.127811714049,-0.799901327628,-0.1652067535,1.77009762702,1.30295554084,0.924098651826,0.46756039069,-0.817823390335,-0.122177434257,-0.333219123613,1
-0.190407655448,-0.108230529324,-0.501245790349,0.287122253541,-0.643748631767,0.560434553442,-0.0438286985872,1.5490656776,0.0127937192754,-1.49300697801,1
-0.348433875924,-0.141929761051,-0.160781530661,0.40557547028,-0.735940732549,1.90662605779,0.113071922308,0.228945579153,-0.540696907046,-1.74312829936,1
-0.292447749899,-0.194525617814,0.412050559734,-1.16455978257,1.595806218,0.661721880461,0.871488554589,-0.081624416233,0.13050346782,0.730151760264,0
-0.728129648748,1.27194437739,-1.0080479253,0.177843253663,0.068758093097,0.677797864904,-1.66097922833,-0.365512677527,0.403603187421,3.03539738018,0
0.500399849333,-0.809630036152,1.43003251657,-0.964097392454,0.140582083139,0.657270337391,0.899460337773,0.0960979897358,-1.11553998037,-0.851071449444,1
-0.683792266349,-2.02954614209,0.269629971527,-0.231487758415,1.15327162105,2.02040356122,0.374807290336,0.514284624114,1.10944887193,-0.219781038772,1
0.572807924,-0.0302840121711,-1.45306228762,1.47098190232,0.419932548527,-1.64612015428,0.167181731148,-0.414917794937,0.287006625057,-0.401480694806,0
-1.12376834496,-0.70559470015,-1.35166547045,-0.126594989362,-0.33394454193,0.728426488973,-0.618016385574,1.0404348878,1.88527247348,-0.279616897291,0
-0.48034805824,-1.37080965924,0.168380765933,-0.554968462358,-1.04710372932,0.120971596202,0.589694110273,-0.180607986154,-2.63094589217,0.64472400601,0
0.0145251437374,0.278858837835,0.215902094584,2.27013764616,-1.32408250097,0.77879915359,0.67430937541,-0.967857261454,0.139752497816,0.209902840189,1
0.646923285016,-1.87353327679,-1.36381521993,-1.22525360923,-0.0513126967995,1.28463082326,-0.110472662077,0.86200325285,2.26501849323,0.246918603448,1
-0.500854625093,-1.60840300624,-1.02118469507,0.757985247776,1.43176589856,-1.63933622509,0.0619020105808,1.49737169719,-0.214020830451,-0.500168878071,1
1.94451355847,0.330051480882,-1.03595042903,-1.00877760639,1.1698203648,1.11400306324,-0.820764049252,0.651511294087,-0.464975658943,-0.441317688569,1
1.01576271479,-0.476896775604,2.30390200486,0.143343722707,0.41275791821,0.00434559058717,0.801582072766,-0.125148286782,0.433839292957,1.0908650974,1
-1.59919138737,1.46479964436,-2.24081486178,1.52126230693,0.0815823061476,-0.36035861139,-2.327518185,-0.425665335597,-1.50254955801,-0.461554013378,0
0.628109820483,-0.894370904367,2.07501133321,0.369139823372,-0.216752126432,1.0759729141,-0.125294813308,0.581440467786,-0.143630141242,-1.52692770845,1
0.0252449105905,-1.00897461493,0.697136506465,-1.40134154711,0.844596806087,0.1535946522,0.085076694914,-2.09200640997,-1.96329434818,-0.0529343851969,1
0.122706378239,-0.507575354544,0.163829908996,0.0722767860566,0.0473218682839,-2.05384757867,0.765217833926,-0.999405191469,-0.745328801701,-0.991626337365,0
1.25732134918,-0.296533893849,-0.935185846587,0.60434095519,1.50919759508,1.06743598845,0.0168521217728,-0.377771657142,-1.52257455655,0.292612824861,1
-0.638816579548,0.0796344327695,-1.2653201918,1.43978364759,0.687821853891,-0.844759183169,-1.48082473568,1.34339848425,1.64778645476,-0.435877969508,0
-0.514259676909,-0.343685588012,-0.415195312708,-0.0784225079734,-0.329176109426,1.03154030081,0.912688326925,-0.441749556434,0.740597377263,-1.04999325373,1
0.401748702148,0.639938987639,-0.439536798119,-0.117964826772,-0.630632739573,-0.465736996521,1.05190444521,-1.05857242864,1.25531781737,0.474164106273,0
0.785961494724,-0.480950664287,0.360280804451,0.439429722612,1.92211992293,0.683769332117,1.07814823701,-0.912111792273,-0.336309906515,0.427492158852,1
0.575431009126,0.527593240309,-0.211089553808,-1.03996284297,2.0746227006,1.0881481952,1.68304202145,1.2909154286,-1.00578042364,-0.720999595882,0
-1.89724062798,0.837274861745,0.661398665395,0.440329424053,-1.85392501273,0.686304249452,-0.262787493494,-0.461468951499,0.82355695927,0.871657508554,0
-0.0882841397639,-0.601260629217,0.972384951124,-0.747209971039,-1.03848008591,-0.0842198185411,0.683375684243,-1.46872615737,-1.86578484961,0.289743082293,0
-1.70941411132,0.0581164933998,-0.542237668562,-0.436458929732,0.565744586158,-0.889447929403,-1.4894885688,-1.75624580857,0.0725981134351,0.454813080745,0
-1.95214063576,-0.958456400129,-1.52095813751,-1.69964863118,0.393311974139,-0.737230690184,-2.42490871663,1.23053972896,1.42080642371,0.106122704025,0
-0.117813849276,-0.0680214882138,-0.383672048843,-0.33541280839,-0.939532300483,-1.72287561397,-0.573328729526,1.15134486705,0.282406577573,-0.437019937559,0
1.20068257035,-0.550010899174,0.0558211327897,0.645901467878,0.27230655496,0.967445602705,1.02251227049,0.321060444061,1.59904100951,1.11097711133,1
1.36877859452,-1.90268731182,-0.186035704536,0.702014269225,0.726529769254,0.247702369407,1.15797920531,1.56368146662,0.499152809084,1.01142692422,1
-0.00819185552639,-0.818254467233,0.250533598512,-0.737724790591,-0.111698114081,0.404098483022,1.40452963029,-1.00843399629,-0.403880856547,0.837714781641,0
-1.23462165591,-0.540315658496,0.771128449486,-0.285789515345,0.689903230626,-0.487375354511,0.35827250714,0.234473378106,-1.12149428756,-0.432840575605,0
-1.52490525217,0.786358845727,-1.21109487325,-0.562908735742,0.53012347838,1.1840926175,-0.156833831044,0.25957229536,-0.206899990346,-1.4054992899,0
1.23805686657,-0.168433978981,1.85244998211,-1.8101384452,-0.758505840596,0.605691825644,0.445455982429,-0.776906384991,1.11897617166,-0.0920634244743,1
0.610082861146,1.4536544939,0.557950067079,-0.393986137862,0.384523100448,0.138271512887,-0.675695718889,-1.3547136869,-0.84737541767,0.127166427855,0
-1.05091327743,0.240911253654,-0.923078871569,-0.862534234236,-0.751471229731,-0.703552595283,0.0362927227265,-0.21879453248,-0.498397812917,-0.289454227056,0
-0.819612421085,-0.258764363413,0.325119996114,-1.21106424972,0.233733769762,1.09131551188,0.408131897089,-1.06499069207,-0.265592901185,0.319848808007,0
0.314660432787,1.39909352676,-0.902840477823,-0.522643089655,-0.321548855792,-0.240659859686,0.276228237318,-0.478894634932,-0.409861946027,0.942514706437,0
1.44292429935,-0.845301828074,0.68567558246,-0.118346231733,-1.33782359281,-0.905015343519,-0.461571158183,0.101475511572,0.42807144392,0.608684277947,1
-0.0952170900816,0.783527262272,0.65098630389,-0.524271572838,-1.17994351917,1.68645831041,-1.41858002382,0.791430843933,2.51885294687,-1.4471434932,1
1.98833260551,-0.836917484638,-0.744004454409,-1.55370820681,-0.849868144137,0.426546032527,0.877007838702,1.14462896431,1.62421840444,0.72808224079,1
1.28351313622,-0.482083207153,-0.699987977384,-1.3285443798,1.5572329115,1.39036066844,-1.07691837926,0.457043585064,2.90207851541,-0.226498729006,1
0.906156585741,0.529116386859,-2.23365219162,0.620532753275,-0.081166034307,-1.79091634815,-1.41434772011,-0.859292387188,0.347410796096,1.88214248089,0
-0.552116510458,-0.110083557726,-0.650707537294,0.882766125638,0.0702770799464,2.37009190473,-0.182445618577,-0.757260744645,1.16278505926,0.0473055431354,1
-0.722299872597,-1.01596235359,0.431485031502,2.08678353476,-0.333073887967,-1.58271101199,0.700421250246,-0.459904928838,0.269438346007,-0.547340622567,1
-0.466031575118,0.193779485608,2.49627860226,0.645193316854,0.344883674466,-0.851410418015,-0.274449045254,-0.010321109443,-1.10370805474,1.81065093424,1
-0.713651815195,-0.130471903749,-0.376563991283,-0.491863567548,1.19906797736,-0.412402280875,1.13836990617,0.119476317081,0.689793560054,0.393794671106,0
-0.038023141203,0.54312406455,0.111292333669,-0.928968367319,-0.36228262077,-0.115290298428,0.427301000482,0.310469738254,0.233402832965,0.945056704419,0
-0.324651498629,-0.787323406056,1.59100072271,-0.367327808214,-0.00424311362206,0.0569287838236,-1.04623169609,0.566440268632,1.15399556852,-1.26812394341,1
0.574058458074,-1.16949885914,0.548393739126,-1.17917712793,-0.561288160589,1.07676448823,1.50837914752,1.27853458648,0.860485967774,-0.652705648905,1
0.974240257655,-1.60229507659,0.485569721525,-0.500545759485,-1.13698886622,1.81384491056,-0.6986795307,-0.0635328130549,0.730631512479,-1.14247752985,1
0.384383892481,-0.00577304755285,-0.387594185505,1.54826162763,-0.447293098738,-0.995723611056,-1.58725689639,0.855004941893,0.0574466744634,-0.226984326704,1
0.00150119103925,0.318052231513,0.638817967487,-0.17802537403,-1.26519694518,0.36166728619,-1.45263005181,0.0461924274446,0.0452843902009,0.876324807215,1
-0.298171894987,0.257680487541,0.260035340816,-0.758240599036,-1.64378262567,0.11802246841,-0.384093023027,1.56767865979,-0.0513613789172,0.00240886858104,0
-2.33071420794,1.0391622923,0.685181149345,-1.23772672075,-0.908971682,0.186884375525,-1.79951507996,-0.86234112959,0.412928470437,-0.620810018153,0
-0.0972311490426,-0.735296697999,1.06060437482,-1.97486346092,-0.89134110537,0.901602526763,-1.5759200864,-0.817988329526,-1.74454409713,0.773436975705,0
-0.457643560565,-1.1299201809,0.172729406323,-0.0883806363545,0.810859271538,-0.0947876749881,0.157451367966,-1.54989213599,-0.477166728787,-0.318965452081,0
-0.251873811321,-0.0210651826235,1.56360670614,-0.272844622276,-1.51674974842,0.437103026428,-0.533658103798,-1.64725797643,1.3519727725,1.68961190119,1
1.20114363744,-1.195553558,0.687740849691,0.297296952441,0.200377541713,-1.2801679838,-0.630690399658,0.816175109466,0.213548027919,0.207635310354,1
0.293907307377,-0.335107145758,0.419979597013,-1.92308754202,1.56327466005,-0.326564481521,0.42824766545,-0.673352042535,0.108698553407,0.412748989447,0
-0.7658826363,-0.480510161327,1.00715959815,0.312500891029,-0.776693603373,0.0335571406177,0.415767622038,-1.31603187389,-0.166060543555,0.678453185765,0
0.310842590477,2.0697991066,-1.11160077796,-0.108904409091,0.842222550888,1.99389327788,0.0264846657485,-1.22374717912,0.299673516561,-1.0136707262,0
2.02129697895,-0.352964044007,0.959523215606,0.315340757197,0.133599548576,0.998827220388,0.2731999577,-0.582816439972,-1.19367427114,1.72889163967,1
-0.757997059416,-0.891934839734,-0.695823682164,-1.96699868926,0.631609017757,-0.690171725983,0.852301566003,1.11063909822,1.16918427184,-0.365187946734,0
1.46575987576,-2.88037861627,1.54437509066,-0.608051364322,0.370401634069,-1.04651701317,-0.519822308733,-0.489919112572,-0.287316083006,0.00954349691682,1
1.16941228784,1.15954351746,-0.619643278955,0.756332417342,-1.32607589037,-0.337042589063,-0.713427515444,-0.12358999519,-0.945822339718,-0.732373664647,1
-0.460594327591,-1.50105703315,-1.24197218938,1.34391502369,0.58005273378,-0.240239098501,0.479900647809,-1.37803282453,-1.04800512234,0.417760276918,0
0.608052809367,0.816676631547,-0.167565888236,0.0307402886651,0.374828767945,-0.656461578973,0.34722318789,1.39597062126,-0.468238419039,0.0499863231525,1
-0.850105959742,1.87275344003,0.0178642005581,0.160134978751,-0.0948391810177,1.23214222415,1.21735314509,0.128239026899,0.230946485924,-0.257882956226,0
1.99592966001,0.359336379589,1.60048634971,1.4905064268,0.124075451614,1.98059772249,-1.17188682812,0.0948283779944,-0.490199419199,0.473965978876,1
-1.38304192378,-1.40622126008,-0.751542992022,0.737460242364,0.0226364719839,1.5512322824,-0.00900397782561,0.984179146018,-0.0604383865562,-0.554172237097,1
-0.18213199849,0.731826142493,-0.72782442671,0.693164572916,-1.31597784784,0.498936135996,0.687924574543,1.11787545082,0.968195564641,-0.368850018225,0
-0.81433585705,0.732642449858,0.585083149619,0.144462959489,2.06750332772,0.84173285432,-1.30667965091,0.202775451953,0.0186856060181,0.0238257835777,0
0.650222704902,-1.51542491114,0.302155593778,0.461078920431,-0.167743506463,-0.118908661658,-0.375345242467,-0.581944675649,-0.17924724457,1.14675192064,1
-1.62293400605,0.446349622865,0.223199999045,0.841616722944,-0.31367521077,0.708968390205,-1.00349455222,-0.201884971581,-0.839179727229,0.24130590532,0
0.946700393271,-0.40420888871,-0.72592490538,1.80022817273,0.138890804868,-0.30940158079,0.350865627877,-0.996418435534,0.428438350826,-0.309601436721,1
1.13641818089,-0.674655185937,-1.27791232015,0.984861809566,0.978757465693,0.603747082608,-0.80649488414,2.60899523094,1.85000101036,0.904769124006,1
-0.517505673488,-0.050050121288,0.636456684561,-0.150577204881,-0.475878818401,0.25221893208,-0.973679978628,-0.723924603583,-0.976566254772,-0.188363482156,0
-0.0639022561204,2.54061912859,-0.965989561465,0.188424257361,-1.65733976876,0.180307027177,-1.08660304301,-1.09273659468,0.105067201481,0.329661480324,0
0.74841470452,-0.960673888901,0.28737776274,-0.627673026933,-0.507653014221,-1.8118452253,1.00844454836,-0.232256091974,-2.01738436617,-0.544415765135,1
-1.39231260185,-1.19728302867,0.000559964219505,-0.138424788474,-0.40193154354,-1.54706025618,-1.135967063,-1.47857722932,0.950175835379,-0.59539041963,0
0.88966423738,-0.204402052938,0.10176730383,-0.759460710302,0.56002760391,1.13751707806,1.41194691504,-0.858469526585,0.367659616635,0.837519834287,1
1.04056923796,0.313574732348,2.21345323474,0.405701903083,2.37175120287,1.9056311604,-0.18271339793,-2.23243029003,-1.50097704076,0.971070365292,1
0.586503447758,-0.74687715728,0.462652925305,0.0298759919779,0.672255613538,-0.66022145338,-0.108999876363,1.28620698837,-0.119467937121,0.483479143193,1
-1.2563108651,-0.788440920014,-1.10580448207,0.79953165047,2.20288166975,0.125617303673,0.492613581398,-0.462600997313,-0.0347154846036,0.355510711057,0
-0.814607162319,-0.229446571666,0.350214468498,-0.0428465320838,-0.611705532457,-0.748530043368,-1.11173102338,-1.4173568269,-1.17277396407,-0.594398403034,0
0.605205217674,-1.1343804775,-0.770986317408,-0.955469370465,0.321208735627,-0.49185534417,-0.318868690865,0.8638786024,0.243626883617,-2.23424016815,1
1.04568793406,0.193870342777,1.13333217853,-0.2787003265,-2.74678715666,0.9842095369,-1.35358909375,-0.626584541435,0.469867272522,-0.655653288742,1
0.212104396499,1.7288410283,1.45137953421,-1.12083432519,-0.562575888585,-1.57128450247,-1.43974011418,-0.926582112116,0.246669553182,0.393428998335,0
1.62932177688,-0.544491753114,-0.34897367394,0.416875895492,-2.06234951387,2.37521214822,0.179487192056,1.07702749743,0.0490391178312,-2.05316736197,1
-0.0213373458781,-1.13009517587,-0.288140519552,1.46508929241,0.981295951828,-1.79687467076,-0.566169274319,-0.746688094723,-2.00706605849,-1.32644892161,0
-0.394354611919,-1.24618633041,0.425748425208,1.38121670779,-0.29374182643,0.521801000966,-0.0917084060856,-0.0782652966911,0.559715154725,-1.0726218318,1
0.336128559261,-1.45273090079,0.70314089322,-0.823536894976,-0.296697612934,-0.344901428339,0.505283945634,0.444852847611,0.283588330782,-1.59642953301,1
0.501125813881,1.07405474506,1.19049458363,-0.228207232604,-0.522703690353,0.0559375659702,-0.36730779809,-0.612725230077,-0.536543917812,1.03354099527,1
-1.11919006338,0.023702086973,-0.0248009202805,1.88866101456,-2.35404651314,-0.151888936338,-0.264624255111,0.130168523569,0.588091099125,-0.579416130956,1
0.181093314013,-0.827291232429,-0.860863249644,0.263606826878,0.809935788561,-1.69786284942,-0.119437783545,-0.345361308307,-1.26039790931,-0.77143438426,0
-0.870965996652,1.2608866109,0.323347466114,-0.161588883851,2.20341615089,-1.1261589205,0.917246330654,0.21149489839,1.33013252408,-0.745532025801,0
0.865295819879,0.367244125383,0.731123585272,-1.28174851836,-0.416266254524,1.08656293683,-0.365427557012,-1.62482340927,0.269438694135,1.02485760135,0
-0.7378781596,0.482053990286,0.84735645981,-0.539381189552,-0.704234249489,0.713142090609,0.20354830472,0.308932084817,0.186273033389,-0.738365122808,0
1.24316719663,1.15241424939,-0.255756400373,0.290477899787,-1.86699914107,0.626308149713,-0.675672204676,-0.374121678041,-2.08903853391,-1.4293030458,1
-1.95378325753,-0.761461455892,-0.140785375744,-0.417484769425,-0.578965233143,-0.485025644216,1.53492472427,-0.183328402738,-0.257436931179,0.881351267459,0
-1.13875471081,0.564625084276,0.200191504396,0.418320775591,-1.13710383434,0.391850172394,-0.211280782975,-0.771520101493,0.270571987177,-0.872622378342,0
-1.40030668474,-2.04212937593,0.530660904479,-0.447738040513,-0.589702735118,0.0100519023794,-0.552166421308,-0.0453263589893,0.0653765491981,0.707890233889,1
-1.68847908735,-1.20806672298,-1.10692857206,-0.0429371070244,0.171462479577,-1.42251304503,0.464511497522,0.220072191998,-0.897053628717,-1.6909499661,0
-0.960779240683,-0.214306146932,-0.768953054082,0.805335870477,-1.0587352458,0.281070003243,0.233592924192,-1.79974607928,0.82107637933,0.510379548315,0
-1.10800247885,-1.06536571373,0.592561716821,0.00587546520429,2.34275761991,-0.0719401471715,-0.48300862326,-2.48664104433,-0.0756224833393,-0.0252237553737,0
-0.760814564061,0.721492555682,-0.586621957835,1.95791203296,1.19388289216,0.711257854313,0.00399573455226,0.559532983961,0.756032095149,1.07852001452,0
-0.167527293261,0.0233467937932,-1.1333432496,-1.06606647397,0.150903021097,0.824883527819,-1.56529363593,-1.14497175284,0.686049405513,0.748015866634,0
1.23867379914,1.0136476541,-0.460141062596,-0.427554779453,-1.2609991655,-0.0410630350178,-0.342813601239,-0.745586376578,0.918761999343,-1.16050295416,0
0.758399533416,-0.420593151059,0.182478372577,-0.386467487147,0.800814835405,0.182648576812,-0.469315251805,0.913309374621,0.363291826022,-0.355403802275,1
-0.121254775377,0.498644264889,-1.36309605277,0.613008959396,0.457265046431,-0.363188421035,1.13892190778,-0.0312000310509,-0.651157699301,-0.0261868607877,0
0.525870474025,-0.321595474188,1.11456500878,0.913634360178,0.254107258124,-1.21669670313,0.97292197902,-0.173396699533,0.0196430322663,1.10740707884,1
-1.68238890102,1.52388678742,0.862545133401,-1.6067592378,1.24364840261,-1.18232637889,0.181244857701,-0.692935041348,2.81981975164,-0.306423815011,0
1.3168292561,-0.795936589931,-0.0529907481482,1.13236206637,0.382093130112,-0.0959976284544,-0.136422563213,1.51996750316,0.415400604818,1.36262280364,1
-0.94694135452,1.24836527035,1.1112654061,1.13109356941,-1.79675576999,1.35203027441,0.0695365715444,-0.667653395536,-2.07420508974,0.209653363761,0
0.0704785410091,0.723006974037,-0.11376267785,-0.449211989605,-1.51947713257,-0.438714000346,-1.09050816308,1.67051035185,-1.05885578923,-0.0566691174681,0
-0.553161223377,0.597591473431,-0.0472237612619,-0.536287803427,0.26029921227,0.281582516639,0.412012780532,-0.0228240670886,1.10015313677,0.122390899163,0
-0.735754358683,-1.52969108517,0.746943445196,-0.0446624696802,2.00228843034,-0.173147536942,-0.132883190752,-0.549645342601,-1.33589902642,-0.353013695839,0
-0.320159163831,0.591202221653,-1.87426150984,-0.162539197701,0.439396520258,-0.863709890884,1.54860948559,2.31143325035,-0.0579324441374,-0.114269895822,0
0.361776368802,1.44209324289,-1.0732644787,-0.882828190492,-0.621444527067,1.04473547725,-1.03193308633,-0.627929864543,1.0133276615,-0.563365216728,0
0.746980430011,0.850871031942,1.26800839995,-0.161877279598,0.247519058027,0.698916884804,1.49277084735,0.300566226596,0.784941245872,-1.62516998868,0
-0.785574959218,2.0410187655,-0.985150350611,-0.123328860822,1.92993459122,-0.21169852698,-0.219231533989,-1.16292616722,0.248226994279,0.0341172096463,0
-0.105829287434,1.6124729079,-0.889158252264,-0.577018746532,0.722441231116,0.529727873495,1.95557107959,2.43850670839,-0.71198349289,0.7676405318,0
0.476230873915,-0.168825396858,-0.934384812818,-0.251897748971,-1.45867008184,-1.04788716239,1.7184297495,1.70609261647,1.33229881,0.623018849691,0
0.277705951661,1.00564092968,1.83346512096,0.116216532907,-0.413944382692,-0.294472747418,-0.959462666024,0.260153973029,-0.513746954378,0.775118494145,1
-0.147173756615,0.168083132262,-0.0605081041924,-0.265654109772,0.211376420184,0.891728284298,1.34044543329,0.45200884728,0.855229332673,0.852487589996,0
0.0823428260283,0.632630640937,1.41164730417,0.0789946568162,-0.476018224535,-1.22103586892,-0.0710574644218,0.121483229683,1.07040341928,-1.68733502764,1
-0.623917180931,-0.560932854656,0.11805853148,-0.302164167007,0.205078510883,0.577702399612,0.906899170297,0.643490547913,3.29184481945,-0.437465483953,0
-1.08567120882,1.34121979412,0.61733302048,-0.222086644633,0.505100525071,-0.462802809102,1.0145552539,-1.85030988455,0.0348991944857,0.17926277881,0
-0.714566913652,0.24192103343,-0.317105137962,-2.07732204626,1.20520403551,-0.175978857742,-1.47523615379,1.15974417659,-0.576638541468,0.107340963456,0
2.09503625395,-0.504434077568,-1.88449863817,-0.342599639084,0.0265313745744,0.635484285277,-0.91034037706,2.18470865178,-0.872203382341,0.273998359295,1
-0.0364227187174,0.272802424046,1.27984155603,-1.1798273968,0.357852847767,0.531747126816,0.159970903231,0.449278466392,0.802361236652,0.0995011697398,0
0.948230183513,1.0925281004,-0.809686610918,0.0152406383061,-1.02206190808,-0.33625379579,0.273642649896,-0.821235865667,-0.720810243456,1.2937932656,0
1.79908063267,-0.922726003849,-2.67616565462,1.24289474517,-0.192274465904,0.430644530742,1.85291987173,0.179313717805,2.16050698632,-1.38717234385,1
-0.437925442188,-1.26748393275,1.43105240171,-0.296422267889,0.738461263178,-1.00252454255,0.903130062289,-0.781097712357,-0.938805729359,-1.80943326771,1
-1.81879021703,-0.686246282761,-2.56090118443,-0.998897785771,-0.0168710361329,-1.22033280581,0.568566863511,-0.253173359799,0.407225392506,-1.35485246098,0
-0.784092056718,0.535835194787,0.834463188918,0.870345205573,-0.475940019689,0.323128129325,0.386154594906,0.611696649877,-0.576112304182,-0.771772612061,0
0.643250895012,-1.40157859347,0.727932601914,0.952713203039,1.26564180307,-0.759403743114,-0.213032394927,0.0249104767773,-0.705646071277,-0.0713484809,1
-0.165140569716,-0.380542380547,-1.12369364071,-1.5353970346,1.00197274025,-0.152841525288,0.545359692863,0.829452613834,0.693739199346,-0.938334287051,0
0.329149097511,-0.796703872479,-0.333800453091,3.05343604467,0.748006044051,-1.32615252814,0.436565992716,-0.267308794258,0.686985590407,0.585370351284,1
-0.584421476295,1.00713048677,-0.695308615804,0.319355333963,0.848788074713,-0.288996569168,0.949405367,-0.299599117017,1.21119384198,0.726829301798,0
-2.93455158953,0.164571655304,-0.270147800976,-0.105453292648,-0.19411634837,-0.630612150698,0.32244565819,0.112864759252,-0.371424376127,1.18952663998,0
0.267947154709,-0.327023634196,0.616318933102,3.19143686323,0.755477016571,-0.136392540314,-0.162583756992,-0.76767354162,-0.935042837498,-0.919600421633,1
0.478132806576,-0.78783378913,-0.361091283685,-0.567543842549,-1.1602334102,0.913214457837,0.573163589368,-0.0939930377223,0.893342049359,1.49631611902,1
-0.443844657592,-0.502220283487,0.00188307821538,0.933074895742,1.16465710408,-1.55751918958,0.267836391195,1.36159043156,0.640715652053,0.29574481137,1
-1.48367026757,-1.51642094943,0.248778770223,-1.68828806199,0.238715875348,-0.720592558847,-0.559712042578,-1.79351938419,-1.40861991534,1.24077850238,0
0.0642353137071,-0.161482537389,-1.5466711647,-0.0137104995263,1.34598233566,0.161340302668,0.0915605325842,-1.9463199777,0.51418302742,0.324003566874,0
-0.415631323693,-1.00639626626,-0.206827977189,-0.208515086202,-0.11899495947,0.134272730398,1.06645268126,0.108097260087,1.77168231649,0.423267281487,0
0.848597619686,-0.715634381867,-0.674674373985,-1.07302452028,0.411138778941,1.27423584431,0.766825007226,0.664102596081,-1.45343870733,1.23962753312,1
-0.921514406876,0.61353346994,0.341083178556,-0.150516681113,1.93106651372,-0.32121877658,-0.361762270266,1.54989872782,-0.222214502022,-1.22661690651,0
-1.32206611865,-0.0653801660481,-0.859656239858,0.949320651515,-0.913906798906,-0.932244893651,0.68036710096,-0.186999232897,1.00321980325,0.533168731077,0
1.02752900593,0.906322681483,-0.716038426397,-0.50692900412,-0.566834279692,0.89648323208,-1.13154660477,1.03725655796,-0.248654540007,-0.0689207476685,1
0.360542080638,0.562385039026,-0.210401048176,-0.438308479317,-1.58888042076,-0.320268743467,0.322337536402,0.145984053648,1.11792845611,-1.57581261299,1
0.644429580865,-0.435622806829,0.08390776775,-1.21312479243,0.442789220169,1.27462171845,-0.335171292777,0.078264147091,1.45389035564,-0.681824380918,1
-0.369166073989,0.159965744794,-1.13879541859,-1.18977054349,-1.49472876851,-0.410118813092,-1.60850172807,0.25952066886,0.670432025073,-2.3329314826,0
0.67341041722,-1.8817950854,0.0622078044362,-0.377070616848,1.57864499767,-0.173089499303,0.742820058385,-0.0284877644446,2.16902166386,-1.15466745593,1
-0.513366236558,0.251554405363,0.200572554975,0.237810183098,-0.416759222381,-1.07178454949,-0.214065846242,0.116056696305,-0.453421598498,-0.891473516271,0
0.204972483647,-1.1656089283,-0.33138245054,-0.738506579841,1.54311994011,1.07134829983,0.90464078817,-1.15539695638,0.444915221552,0.724609589558,1
0.450173428565,0.0966723627952,-0.227974893975,-0.544584923685,-1.00525054635,0.0311809810096,0.526227570159,0.0396935167909,0.768401447003,-0.63338536935,1
-0.703793434937,-1.38563104747,-0.364423332634,-0.824505209129,0.488690711773,-0.562013774051,-0.369139651428,-0.453429131066,0.65636048417,0.353513675058,0
0.88728617913,0.336196790392,1.9801623502,-1.0043790089,-0.375744426895,0.204147658101,-1.24744620798,0.234703113484,-0.214200028448,-2.08353935583,1
0.148736392741,-0.145489397108,0.793125815192,-1.57327881261,-1.32018985159,-1.3039189589,1.2774640345,-2.14287266756,0.294433489283,-0.124340654285,0
-0.673085613857,0.246965520315,0.677804693816,-0.600523855216,-0.0778654627967,-1.89012491678,0.76933184089,0.305160147733,0.0682264547795,-0.572208746713,0
-1.52502377527,1.54195529505,-0.806491446542,-2.32583186371,-1.10020124797,1.17988690078,0.868083408179,0.539329190112,0.711184834866,1.01523909853,0
0.972277604372,-3.11745462207,1.04314968563,-0.284587045006,-0.560182116287,-0.547661348927,-1.22263851323,0.197562872928,0.566416860868,-0.53634277657,1
-0.2217226127,0.0451734902703,0.572702126491,-1.20588553402,0.974793259193,-0.371020835242,0.89413933703,1.94301900481,-1.1672991244,0.145719838407,0
0.174844616964,-0.933299222211,1.13162396159,-0.909456785933,0.533000336352,1.20147707219,-0.80956762805,-1.57294545011,2.14880661266,0.578975101932,1
-0.370157547039,1.03237004045,-0.760267704478,-0.0480455587444,-1.0657958188,0.719377692234,-1.32095964389,0.75015293859,-0.105977155591,-1.51343179306,0
-0.0152244549541,0.170974854561,-1.40240496532,-1.07157033457,0.560265403605,-1.32622123516,1.21594491974,-0.115138304555,1.82072331019,-0.972565905917,0
-0.328322620304,1.03607483548,-0.137165014027,2.13398437471,-1.42176972955,-0.158810099867,-0.145700246735,0.000207468177301,-2.15142046167,-0.977005828925,0
0.513055561738,-2.48763112447,-1.8416270416,0.332730491513,-0.33957934349,0.376679473593,0.355268409808,0.578184913726,-0.158474491682,0.422901218526,1
-1.16962182553,0.117935011915,-0.894233563722,-1.81196936793,-1.27906941887,1.84072330059,0.89235962784,-1.06648019204,0.373118723592,0.497411391161,0
-0.974915191769,-0.0313669384422,-0.722229334638,-1.71423342059,1.02246032058,1.86097770547,-0.0234292183028,1.99308250944,0.3469273749,0.708575773977,0
-0.470455700657,-0.615404886692,-1.43076762897,-0.0831585991573,-0.179958041339,-0.728917166506,0.802193207938,0.916999851462,1.15817072623,1.42947711514,0
-1.57558825059,0.997869753724,0.806403114788,-0.361629239521,-1.28889566041,0.737226409767,0.595729921227,-1.54950885208,-0.0374199335119,-0.41969697891,0
0.454905906863,-1.24664639891,0.573062114653,1.19253284707,0.583773594208,1.04132701573,-2.05471444211,-0.749000829807,-0.970041480052,-1.28771651251,1
-0.420944936674,0.559686103551,-0.939921783513,-0.228681830217,0.145708571123,-0.595955696245,0.0117010252856,2.3653133812,1.35198187831,-0.41928985005,0
0.466942818661,0.151175218177,-1.38287532294,1.82563805379,0.920916811349,-0.0594221738534,-0.507107972693,0.68476781612,-1.03645422528,0.54696391253,1
0.645684219881,-0.630782696384,-0.188414341448,-0.3563026212,-0.782706697979,0.967153079068,-1.12253972161,-0.00964157106406,-0.169152879547,0.892081497237,1
0.497026827508,-1.01670684497,-0.56132530838,-1.05361428905,0.94528176741,-0.335940342398,-0.439635496617,0.354713736323,-0.27096158052,1.31818809206,0
-0.439868400406,0.426957176158,-0.928900538457,-1.03709445367,0.281133146437,0.334704959713,0.677043713229,0.211808407163,-0.936699904796,-2.20434112086,0
-0.594271966933,-0.0756906136805,0.0723118404921,-1.8824758436,-0.326789514562,1.86911508585,0.920940397862,0.321642144162,0.37952857942,0.396424186558,0
0.136361271372,1.33872088813,-0.463284359656,0.910432884228,1.10741567431,0.760050141912,-1.75969247018,-0.104360057203,-0.446249633902,-0.358822642508,0
0.664232143403,-0.922404724808,-2.23502403213,0.963926372588,0.411527782141,-0.738681317456,1.12718013711,-1.2223366364,-0.220147923455,-0.92495352876,0
-0.156722280899,-1.36797116248,1.48098262023,0.82538490989,1.59025790649,0.811334148172,-1.13474179359,0.492588482507,-0.39773645457,0.681797960135,1
-0.177995348424,-0.230899950954,0.127896165773,0.788264911017,1.14099570368,1.39686576434,1.11093638554,1.56004776651,0.217564590736,-2.60638165836,1
-0.285892661232,-0.563774353182,0.795157383593,0.102440100133,1.11829899687,-0.0660229896916,-1.77152898416,0.801493146344,1.1006990651,-1.22261852235,1
-1.17424464785,-0.064450925499,0.880586955389,-0.00832485993542,0.831371220383,-0.528740222475,-2.32539834087,-0.565037785541,0.429876042517,-0.166545645803,0
-0.516991904192,0.20046060163,-2.65891735576,1.31306677683,1.08527301502,-0.151838836632,0.74755052193,-1.12150044727,-0.386929953917,-0.802265566855,0
2.11844159462,-1.07834821788,0.291259290004,0.646710345662,1.75769581142,-0.435320431289,-0.708455318965,-0.0579128398155,0.392848925338,1.56553569077,1
0.62364941607,0.538016994445,-0.0344715074527,0.0318431357813,0.964067699231,0.144231592574,0.293623427817,1.71699307778,0.879908388417,0.391315667713,1
0.655295347119,1.0799951938,-0.0386143584893,1.40657587117,-0.816489006687,2.14824230084,0.969861385324,1.6381250563,0.471362084221,0.951877346744,1
1.39596872116,-0.61577934904,1.61140994301,-0.237703312206,-0.332217108618,-0.115453755649,-1.12224245679,-0.0356520107671,-1.67674736571,-0.65578500888,1
0.885857349122,0.317136717409,-0.94738873746,0.0236468800895,-1.08233464714,-1.1956550451,-0.38577440805,-0.355932490736,-1.57648361651,-0.917577755616,1
-0.087048484531,0.528814812829,-0.832121762907,-0.356192911363,-0.833167605466,0.818272908305,0.778568300569,-0.374562288764,-0.293499153214,-0.163391013179,0
0.717161941719,0.408431370949,0.847481211003,-1.20409884048,0.0829295587842,0.417895545173,-0.590238588577,1.11345666783,-0.167655666668,-2.03251378692,1
0.829545020376,-0.265676227646,0.424249767339,-1.25774586827,-1.40411302107,-0.0779637472463,0.0970118792606,0.949042816305,1.49509448039,0.0969691993088,1
-0.838802918757,0.749805946288,2.58286679056,-0.947417180331,-0.789591769873,-0.90451002026,1.24762323373,-1.59867136646,-0.397547587801,-2.39693943136,0
-0.416149846538,0.432346412087,0.536474264274,1.67862179033,1.56588923923,-0.0354182361914,1.42103699976,-0.0736143653852,1.72559463395,-1.34755736095,0
0.134105468407,-1.03058156919,-0.794759391848,-0.106251930902,0.757172036721,-0.0661979073971,-1.44743924232,0.0287603359481,2.08820134681,-0.754095903804,1
-0.301342331814,-0.0320090616114,-0.308232206201,0.528368629294,0.276301376557,-0.333082514297,0.35390951397,-0.109467044444,-0.866770429282,-1.06347266707,0
-1.54859276629,1.59717285409,-0.621751484042,1.40356888503,-0.608532740826,-0.113204128317,-0.0266440536879,-1.26422704986,0.0116565493671,-1.01761885691,0
1.13200048478,1.74533271113,0.762067363344,-0.664626504301,0.481585459,0.723559774447,1.38955655262,-0.042432239167,-1.10461238761,1.52751991484,1
-0.0275353630606,0.698092064873,-0.304821995146,1.36545439294,0.556104702688,-0.483126028808,-0.0824216794365,1.12023744981,1.89970585641,0.097082269157,0
-0.531597913459,-1.30640484931,0.265521901781,-0.262993074416,-0.125478093845,0.155576295205,-0.854389591674,-0.00666000688127,0.0546380176628,-1.55347340068,1
-0.662710984311,-0.80318757603,0.539873844195,-0.269983000247,0.495826954034,-1.18045246178,-0.211542805736,-0.477866385131,-0.581748119697,-0.177652527769,0
0.702156609279,-0.0877704408628,0.465691041485,-1.63295516173,-0.426561087285,-0.378930066102,1.27974547502,0.734892524371,0.0199762344632,-0.209758491741,1
-1.05662640439,0.205425724586,-0.731524381879,1.03586373167,-1.13972907257,-0.263295651143,0.913605058145,2.04681122676,-0.676261198117,-0.928790298787,0
-0.671431520248,-0.230495720021,-2.16070456451,-0.372730608739,0.0147266186769,-1.12479700279,-0.229012799492,1.57292060208,-1.56620459737,-0.193291237061,0
-0.889539541668,1.80077777941,-0.1543341387,-1.00243613767,0.968877070035,-0.21509124173,-0.467049227222,-0.460581480408,0.272419864485,0.28602925424,0
1.45597019566,-1.05334643154,-2.43530658866,-0.962398283376,-2.19053554324,-0.108180310087,1.36541551914,-0.5280242967,-2.18492352809,2.52357678006,1
1.27419475956,0.383310826142,-0.672154381273,-0.325731413485,0.370370760648,-0.20445541343,-0.658769955741,0.704511019144,-1.01750420558,0.122742723426,0
-0.573035092818,-1.49413643254,-0.618571400052,1.24731235642,0.983888391437,0.371952915398,0.308774784694,-0.230345285188,0.00685575671664,-1.425295942,1
1.51294798518,-0.278148869138,0.96198143878,0.294278685878,0.10327095273,-0.363913036871,-0.875736530141,0.0582683622779,0.786288822775,-0.127342235751,1
0.18111962455,1.24061175846,1.15779083307,0.311315298877,0.329861456364,0.275903964017,-1.24131676621,-0.15161834967,0.386488846079,0.509877806461,1
0.0117250796489,0.86909380621,0.259728666708,0.950084460272,0.105590656459,-0.723102173525,-0.442679733314,0.386799651878,0.533790168578,0.189958241574,0
0.0468489675723,1.90067771886,0.898586371745,-0.164406132693,1.27192587437,0.875677188696,1.66427481662,0.719001643226,-1.00339993331,0.62792132522,0
1.19923019408,-0.427465662602,0.922230206082,-0.836933452447,-0.518311001455,-0.762545978319,-0.992821217015,0.626025004284,0.731570367458,0.19037253967,1
-1.10614325491,-0.233270571749,0.901463822592,-0.195613850305,0.45134858705,-1.4581913017,-0.183601421047,-0.875887742664,0.243014201277,0.47839470026,0
-2.01897443603,-1.06243038932,0.159943535682,-0.577970215528,-1.5619586705,0.0255087869945,0.624762433052,0.209098160925,-0.308523792586,-0.191973632343,0
-1.37501001182,-1.83772198895,0.146538314445,-1.99818445828,-0.498419563144,0.355119428004,-1.20744245677,0.867510066479,-1.15891555904,2.84554083669,0
1.26059386247,-0.966237818355,-1.39588632512,-0.930456131489,0.741353792198,-0.120570732843,-0.707271215169,-1.98523941658,0.581879161914,0.372724647675,1
0.555853466013,0.599879256377,-0.553722094317,0.824014012432,0.324698051161,-0.882651703305,0.649969377818,0.232571768268,0.476635698001,-1.19411731438,1
1.16907426687,-1.63085742146,0.355953087017,-0.568395633475,0.77633252632,0.960282584984,0.633471078961,0.920251217009,1.81969922682,-1.20250673869,1
-0.721815493283,-2.07337810648,-0.0986471277428,0.948165088686,0.288949263715,0.250111961103,-1.25340378781,-1.16142502682,0.523041886085,-0.593507443269,1
0.381111358347,-0.0341430270112,0.893554838667,-1.5620993102,0.0202760838808,-0.222871060152,0.865815944295,1.75523232056,-0.435729209917,-0.732084930914,1
-0.599133266404,-0.740292680236,-2.1195392209,-0.24690527745,0.170488210856,-0.585623230811,0.0128805179619,-1.51003876795,-0.220261862121,-0.290474081205,0
-1.08997827709,2.08917296944,1.29518589104,0.732737892314,-0.289129828092,-1.35459938565,0.37398065237,0.322502497112,-0.507848980345,-0.239639371733,0
1.24252798102,-0.968006227958,-2.12833976639,0.0344505192442,1.00888976486,0.102879499741,-0.71711878921,0.969549003965,0.504030487313,-0.767980847041,1
-1.7653145927,-0.0754580173425,2.35284694222,0.24551511259,1.28902269599,0.00407656637299,0.822332217816,0.509908632932,1.21888865844,0.386321843956,0
1.10653360932,-1.2911273484,-0.875269998003,-0.322972654516,0.689922840927,0.878182660584,-1.2644992484,2.16605446144,1.82613317522,0.514241346523,1
-1.01141811482,1.46359844231,-0.443129932189,1.05415752452,0.402785529942,-0.277346795918,0.68966712041,-0.184837761118,-0.353975864638,-0.353335102989,0
0.711228064291,0.402538262603,0.974793115398,0.979005831177,1.59638461033,1.38976287808,0.728006022589,-1.50860481866,0.75958566231,-0.264896566397,1
0.125002742714,0.669488295764,-0.298786748773,1.99106715447,-1.1256583266,-1.82870881255,0.763750070869,-2.09024727285,-0.319908882107,2.08186417726,1
-0.356324940794,-1.09693127104,-1.65327479743,-1.8968913855,-0.234393191588,0.352640699969,-0.409795388697,0.399854182213,0.883134030672,-1.31584064061,0
2.15456272358,0.125423760888,0.706608883956,0.489991669861,-1.69659964964,-0.464546661846,0.603762298045,-0.194655622617,-0.111150624376,-0.595497243199,1
1.62289016747,-0.116570763426,0.0546052944372,0.704112896108,-1.85281236556,1.04666819059,0.538155288194,0.0768715140228,-0.0597047409389,-0.91773877234,1
0.979628584766,-0.293175295893,-1.59478586824,-0.553278836924,-2.84970147748,0.902716151074,0.994105515734,-0.81418203907,-1.25004414735,1.10480407144,1
-0.111680076622,0.314464841805,-0.348660274044,2.25417113265,1.43658019219,-0.369672010038,-0.229001363604,0.139099873744,0.219078157482,-0.182048268728,0
1.61468844815,0.529380572827,-1.03375641462,-1.12081694145,-0.516895629598,-0.958472048573,-0.356205316982,1.12537409903,-0.742047251232,-0.760371450324,1
1.12398282101,1.79062198501,0.325597588422,-0.817239537936,-0.126499139859,-0.216401014133,-0.650918082031,-1.73157128061,0.119404653509,-0.271530075772,0
-0.512347452296,-0.802935360402,-1.03847226623,-1.29146690642,-1.06933518466,-0.021025611056,2.71626987344,0.604275086661,0.283636254232,0.646407636786,0
0.0611401966784,-1.69223901786,-1.12303442792,0.594111157764,-0.0108253870782,0.716011759913,-1.06995237122,-0.0812765324651,-0.066671811497,-1.32280924886,1
0.00269549172093,-2.58380698835,0.974027570067,-0.754690320688,-0.422286813003,-0.55895109134,-0.331005952634,1.46904401912,0.404997340878,0.151354223166,1
0.115306732511,0.774154137657,1.45314974373,0.372411183859,-1.03819973669,1.34723247654,0.972749417613,-0.114118490501,-0.718609213363,1.26151417257,1
-0.661231977146,0.690334283654,-0.097498697735,0.231001967902,0.14080483396,-0.204312142927,0.0920289263386,-0.98657172769,-0.592278378528,-0.170692871184,0
-0.704481405978,-0.95386813,0.0296155540334,0.176109038501,-0.205876560977,1.0942682078,-0.417891960237,-0.420411844045,0.576768122484,-0.400819648296,0
-0.0474341110695,-0.00770878780802,-2.44041961341,0.332482039264,0.280934031749,2.07906339153,0.794903640287,-0.769810476621,0.601697559287,0.458454651555,0
0.487955238277,1.18170208808,-0.933892803949,0.124922023976,0.521178086186,0.303980963915,-1.46600531361,-0.646926785317,0.774148566216,0.376901185717,1
-0.35660766046,1.46785201122,-0.0185948399392,1.01588323387,-0.642520645298,0.762076393014,-0.314720671399,0.693696906423,-2.47644146425,0.693500839858,1
0.949610936265,0.031554815169,0.246438403995,1.2308258199,-1.28416106357,0.822452347073,0.674382219032,-1.90471287235,0.982697838534,-0.958325254139,1
-1.16674604504,1.44732545421,0.352719952924,-0.424972418426,-0.41760401073,-0.437389904403,-1.46099182244,0.869648904652,0.0548885631169,-0.27584516948,0
-0.0870729529585,0.949104412658,-0.535329395754,-0.494089474619,-3.20192298813,-0.192145124927,-1.02331588536,1.19170505877,-1.54811292038,0.805452987896,0
-0.10020174219,1.48622501197,0.988092413083,-0.481434283241,-0.884142242916,0.255770737891,-1.11124264339,0.0418744102874,-1.09090804483,-1.01441735003,0
-0.325172593939,-0.477695747514,0.0938121303006,1.157620495,-0.0940495316373,0.80623988889,-0.939244051047,-0.273185520214,-0.221018787405,-0.721625077706,1
-0.880564473266,-0.913022035861,0.0468838094435,1.35771232903,-0.171852018147,-0.502342103021,-1.35767393964,-0.563440083539,-2.48901968759,-0.877521908253,0
1.28643626791,-0.507591623243,0.78739478546,-1.63183590772,-0.635339775745,-0.798543810277,-1.06100950276,0.784377168653,0.109001933991,0.502995446986,1
1.27566784409,-0.721789277098,1.50580337133,-0.077276103901,-2.38889461395,-1.14701699791,-1.26416912838,-0.276191515485,0.60060400311,0.8021737626,1
-0.534064743874,1.88759139186,-0.183205367203,-1.26252605283,-1.55253413841,0.249031813528,-1.09143243391,-0.0538110920226,-1.71938870709,-0.602499523718,0
-1.06237334922,-0.551066404426,0.41766889373,-0.228090324258,0.50284908471,0.100274371757,-0.432738475208,-0.465184787807,1.96875252348,0.0851449872656,0
0.809886051805,-0.689147495461,-0.312543105483,1.06013735542,0.316222147445,-0.241252562136,-0.764203498164,-0.33983880192,-1.7649938641,-1.54105669392,1
-0.547949415616,1.40364023541,-0.225500590848,0.763688212461,-0.0958295308755,-0.414655688322,0.946407323022,0.0832342427175,-1.34678858416,-1.05273277173,0
0.782117872615,0.74513445626,-0.189689675158,1.37022322022,-0.367944935722,-0.537134194064,0.120220084859,-0.301436930433,0.365888758845,-0.51745576058,1
1.08814425267,1.74892736928,-0.440677869778,-0.650921977893,0.0752580096715,-1.20995122732,0.704296296705,-1.09446361606,-0.15823482258,-1.26293299326,0
-1.08328812205,-0.949864861194,-1.25672043027,0.717635604778,1.07699683656,-1.32003791104,0.225311135686,-0.801819367324,0.0412277456822,-0.73725016786,0
-2.3779796174,-0.285523223392,0.777779608026,2.61027224346,-0.471707089499,-0.447939461703,0.245972652389,0.64747342397,0.315435185754,-0.583989893963,1
0.609422629017,1.67183569735,-2.44512325441,-0.483089625633,-0.0540536289094,0.354690990745,0.237835860857,0.750744478309,0.939256329942,-1.63329073574,0
-3.55961169953,-1.77133378322,0.529689838338,-0.463340892777,2.8368261114,0.844522594955,-0.396292024637,0.79534007022,-2.22814369052,0.075925316583,0
0.992334673568,2.53456561256,0.87511449615,-0.170417833154,-1.26441824577,-1.02299063435,1.10311749899,-0.175645982484,-0.424731659297,-0.853259236955,1
0.496304953619,-0.127545927019,-0.663753258754,-0.904722860995,-1.04194979991,-1.36081899343,1.19804067756,0.365887497518,0.902834017346,-1.75946495444,1
0.843709531032,-0.207520158851,-0.609237856287,-0.664678905946,0.475153673493,2.9790297883,-0.487201303055,-0.339540546334,1.14052645156,-1.23518255439,1
-0.0766706834306,-1.27125678569,1.51445605189,-0.545661362481,-0.945221862895,-0.122844374238,1.34086594397,1.48064462069,-1.0852821806,1.62084256019,1
-0.82991083429,2.58441972038,0.661156393348,-0.148446848347,1.2300396579,-0.642838744882,-0.353137839505,-0.120770263978,-0.186126354942,0.0933118568386,0
1.1657505515,0.190972361187,-0.220374131535,0.785014148071,0.917400854252,0.212726266207,-1.39640930965,-0.217202861917,0.35799260842,-0.82036687842,1
0.284294771187,0.159169139468,1.29780873442,-0.755936946103,2.73142988742,1.38649404274,-2.08430703797,-1.06075664585,0.835705770327,-0.643003778934,1
0.634746763167,-0.0618573339412,0.935239545629,0.163940273515,-0.854750525941,0.599274109642,-1.70458075961,0.54613648134,-1.57103114104,-0.477082597567,1
0.595986341489,-0.644740026455,-1.68954152446,2.52594369896,-1.03548960784,-0.629050117447,0.340091341813,-1.2861632867,0.582778170592,-2.45943448553,1
0.54476970733,0.352744735413,-0.637041660404,-0.344816743797,1.93019080827,0.239908070159,-0.69267041125,0.693543212876,-2.25535544858,0.809690406488,0
-1.31717815268,0.572008769791,-1.14572827185,-0.949950927908,1.48527631313,-1.25225214431,-1.40396502933,0.659206999978,0.587310214978,0.0589921771994,0
-2.1238130834,-0.562303426064,-0.762102426609,-1.20118490687,1.9928075112,-0.342731320444,-0.930082607956,1.57433461089,0.0624099615123,0.676924878835,0
-1.29117001654,0.422270053859,0.592528701178,1.31854244185,0.490579054554,0.00943249602305,1.25096908318,-0.652333291495,-0.950555300477,0.140996352201,0
0.560235098768,-1.66187445877,0.0434028021304,0.0696275863196,0.214018394877,-0.380944968021,0.762207415872,1.4463675133,-1.25732928655,-0.114012420753,1
0.379631551252,-0.0556349832958,1.87728025922,-0.896254175629,0.504371516686,-0.733561969343,0.929244438926,-0.361898770085,0.279552338194,0.162979381004,0
-1.74763964218,0.571972075945,-1.52899028072,-0.305486804373,-1.04387035089,-0.120758377116,-0.187947627593,-1.01988054987,0.299729306315,-0.0317786968207,0
0.662790427586,-0.108232805211,-0.209410546102,-0.318701961883,-1.78723799147,-0.963556047691,0.734838674319,1.30422259879,-1.07081934156,-0.127140693586,1
1.74679985845,0.549634855212,0.356536037847,0.126820111975,0.959117541764,-1.24177833831,0.690243958416,-0.156351094974,-0.204117276406,-0.286066022744,1
0.592468056224,0.563536838937,-0.0480146024654,1.15816900439,1.91667687894,-0.301211628021,1.25234066812,0.42858049565,-0.940567677319,0.453483801845,1
-1.18151625898,0.74161806355,1.24438431533,-0.79842241981,1.60880615584,0.319673246495,-0.708862266567,-0.397815768969,-0.806270372075,0.399683398276,0
-1.09466347997,0.496664706743,-1.69360149172,-0.239246545623,-0.814688006966,1.58548775303,0.199014263955,1.5792987553,-0.704714953124,0.313314553763,0
1.0796977101,-0.625818314787,-0.0975306824496,0.190651299899,-1.06656613437,-0.769582552787,0.234478735991,-0.0222581386303,-0.155709526299,0.347704554876,1
-0.726816515937,1.62565614398,-0.431808427044,-1.2034363863,1.70596327648,-0.0698180995279,-0.0205154902571,-0.756274252322,-0.318807675572,-1.08977088379,0
1.64899164937,-0.890091977613,2.65769220528,-0.0966434763347,0.60014791713,0.180135903662,1.26807263101,1.62580982308,-0.814060140608,1.76287137033,1
0.861610471938,-1.32859311615,1.33231169578,0.220758890484,-0.504874971661,-0.547513447069,-0.37072100433,-0.433599653086,0.505926001796,1.04096302681,1
-1.17527388949,0.0163272410519,1.14905227026,-0.972445107967,0.255555036319,1.28706079094,2.58415282005,-0.0869705446704,0.757310382447,0.183234516544,0
-0.282745523001,0.203617621095,-1.44136397993,-0.641174532223,-2.571125042,2.01779345333,-0.179307442487,-1.80207562989,-2.29209925438,1.14179373801,0
1.25078987947,-0.603229821436,1.43650045405,-0.535671319326,0.502740577966,0.481247878847,1.0836970365,-1.39276558038,0.233457048565,-0.475792789317,1
0.916535648068,0.600040256175,0.289588959032,-0.363805652264,-1.63572363535,2.01503983941,-1.05817618317,0.868658668179,0.786538411515,-0.264996848224,1
-0.822133636295,0.0840564921586,-1.50298620212,-1.33064220354,0.0199722647669,0.216936267111,1.05198839699,1.58950017199,-1.6100288107,-0.732057345255,0
-0.712391688506,-0.192542690611,-0.406894656322,-1.41444844152,-1.50155286702,-0.52903345145,0.369976905712,-0.198982912723,-0.221932124373,1.01976388607,0
-2.30205452526,0.996695466771,-1.49916906514,0.308728303221,0.946340273091,-0.21230507929,-0.780036051726,0.0846923689724,-0.462597880294,1.90582529035,0
1.75926952867,-0.186551971193,0.341127032314,0.600858318939,1.05119957613,-0.747544792347,0.345921071194,0.922801069704,0.87995082173,-0.744613392408,1
-0.0631214894155,-1.16127506261,1.44265712659,-1.94854915789,0.206498271624,-2.19627872823,0.69725080494,-0.513865258169,-0.231268508114,0.645808116584,0
1.33567597655,1.21569192609,0.984428682742,-0.384073802821,-0.74761325475,0.651942492937,-1.53935990838,0.611702913623,-0.0905584092749,-1.23894885655,1
-0.623913427186,-1.36722946508,-0.489177350358,-2.69389482268,1.03858343116,0.857479349092,-1.15235014979,0.118646694949,-0.0848067146625,0.225099993609,0
-1.57435962317,-0.893926430979,-0.32747246701,-0.207646455078,-1.47301810781,0.280271863899,0.808751214308,-0.290003728341,0.563216514734,1.58103958975,0
1.53842397988,-1.18454049252,0.440049543359,0.616149009627,-1.26911197998,1.18614829402,-2.49707589789,0.634871844791,-1.61068421583,-0.829309609164,1
-1.37743637993,1.37939294933,0.345750731728,0.71071338531,-0.180412620829,-1.14290292835,1.31131201914,0.290717332275,0.564703415286,-0.411861868402,0
-0.505787505027,0.554719841997,1.85285781378,0.597202608464,0.023207398492,0.470288252866,-0.461441677834,-0.0224229719511,-2.90434895353,-0.723840545439,1
-0.392368454667,-1.2136083053,1.93163444941,-1.01423007414,1.42183775203,-0.282599960951,0.205890816499,-1.54787804519,0.288080809055,-0.392025791458,1
-0.513547939747,-0.716065886885,-2.19382072517,-1.28593303847,2.06554037957,0.749161796357,0.254227616233,-0.611357267962,0.256648088987,0.233543465684,0
0.564563467946,0.0384481141143,-1.14363305977,-0.479816908034,-0.651417615382,1.06076238065,-0.502585593577,-0.552615009888,-0.156401958927,-0.688657145385,1
0.188682710425,1.42578184205,-0.876540077965,0.988503666018,-0.686345032186,-0.172528430256,0.176070558884,-1.56048748827,-1.32264251098,-0.141368546729,0
-1.31212103162,-0.0522861839863,2.52802110476,-0.667361332283,0.988499360178,-2.04022927888,1.10130701947,-0.126191934675,1.90828524045,-1.4111062689,0
-0.651488095566,1.4378665459,0.8721347671,-0.762070501232,1.44769576647,-1.1607945362,2.39781325432,0.57681874544,0.169987552304,-0.980557818507,0
0.418355370996,1.33417798984,0.127279168797,1.01879700778,0.974759142336,-0.48772991753,2.16384916141,-0.811957402066,0.622155342078,-0.210213105042,0
0.570939893624,0.799654479207,-1.09765110472,-1.00401165896,0.0124274951103,-0.994111734632,0.656760364657,-0.583645346823,1.22204414218,2.32553012898,0
-0.00212577705634,1.71369593191,-0.15714165767,-2.24366660537,-0.353725532208,0.206881633517,-1.08816235429,1.11219201751,-1.71818590919,0.529614820042,0
1.81285974076,-1.21653973692,-0.440190257373,0.766889268515,-1.58251399047,-0.556837754046,-1.01518081474,0.96008242231,0.0684462361528,1.1050911717,1
-0.132222147816,-1.29972621888,0.942324342421,-0.608549824452,0.511810609875,0.584869606644,0.333845476481,0.44906813092,0.488470695068,2.2824146288,1
1.09826712826,-2.43691247098,-0.284978973067,-0.0200404842271,1.50738991489,-0.0587521158023,0.497552170068,-0.641015788534,0.133394314343,-1.73426350419,1
0.883172334265,-0.449370498967,1.83903074234,-0.366008410568,0.860488885488,-0.643914347134,0.335578755665,-0.686054187679,-0.365532562076,-0.600713309559,1
0.259189368474,-1.57814035494,-0.0545299625008,-0.534434239263,-0.44240020296,-0.0768282866329,0.445772681071,-0.936283130319,0.675099933164,-0.671621657243,1
0.970642134965,0.868282151706,-1.06053647602,-0.493532841504,-0.288529292823,1.43603019371,0.266983324851,0.0186019901047,-0.53803990915,2.30875918151,0
-0.375150743615,0.467604909027,-0.0190714085717,-1.76282822749,0.359938009049,-0.479173105538,0.155917697336,1.25455353464,0.489320241032,0.91974456546,0
-0.734915341078,0.92186638674,0.819069426839,1.92601151463,0.815249697086,-1.46326407399,-0.882836018594,-0.525720821254,-0.3550937255,-0.968229152004,0
0.754979337116,-0.989776822793,-1.7319724782,0.082765566093,0.891604478349,-0.199397392904,-1.28252030399,-1.39560826619,-0.722847692444,1.05051638501,0
0.717733175527,-0.075484216255,-0.639448804279,-0.293862810031,-0.542687012278,-1.08871222244,-1.93228436812,0.274942797803,1.50987456405,-0.929345514733,1
-1.07968326425,-0.567239096625,-0.278597910955,-0.537415709431,1.14717587613,-0.401932098839,0.848911024631,-1.99777155937,-1.0077696762,-1.42977116881,0
0.377401529649,-2.27077537617,-0.575469549028,-0.193598904209,-0.953788506187,-0.768539407942,-1.2339655173,1.05766709397,0.623094200083,0.276096301785,1
-0.243001424835,-0.381213503191,0.835812072553,0.0959176777486,0.97312263173,0.79780761736,-0.935309218543,-0.201248666759,2.31430541762,1.6207195375,1
1.47322004611,0.377938695329,0.786539875766,-1.62482956555,-1.52234778618,0.226382652472,1.57004165856,-0.520572320836,0.86763806498,-0.504711838331,1
0.77559895377,-1.21559550494,0.537988603441,0.449563906484,0.13059921571,1.39830621935,-0.190835590184,-0.562925850485,-2.23827192236,0.870332888414,1
1.54314944468,0.167259999811,-0.112111785207,0.715471645901,-0.15498074802,-0.275706299187,-1.0953099634,1.84245039734,1.51847472019,1.57878994949,1
-0.554972461666,0.0335580466254,0.571219070206,0.0599326523321,-0.109144334297,-0.800340905501,0.131759222232,1.11330289406,-1.01939777868,1.66608927558,1
-1.97081133991,-0.12164588862,0.471977906655,0.566865107403,0.0559265468268,-0.146767965677,-0.534929146146,1.05982912162,-0.373672146591,-0.834609313874,0
0.278788025727,-0.564842980253,0.535652751086,-1.05614415524,-1.07802921714,0.671333758558,1.39300654547,1.52361156119,0.140076306009,0.387499244752,1
-0.384742721488,0.0784503553234,0.0897504430362,-1.04262979596,-1.07407410188,1.14832471909,-0.0426776120907,-0.93633543186,-0.779911378562,-0.445504903652,0
-0.217282971771,0.202911308414,1.49591218372,0.247081730502,-0.166862470438,0.0318837318685,1.34756080681,0.421737787649,1.74578551624,0.884502873603,1
0.985381035451,-1.96210210947,-0.709352605441,0.960476021997,0.29382816131,0.520546358704,1.08411424726,-0.953617660274,-1.57092695646,0.386917123931,1
-0.77403810161,0.991420423123,-0.166548896734,-0.639417501769,0.00835058202883,-0.688229729803,-0.777864219156,-0.629369903429,-0.386503218584,0.129098190644,0
-1.03341057031,0.34442756418,-0.487804235851,-0.0305763438458,1.01590259177,-0.457638978562,-2.25304238264,-2.35530654719,-0.989396682125,0.305187813032,0
-3.03105094457,-1.39255522111,1.80651078631,1.75129413034,1.11661304847,1.90230097619,1.72950964723,-1.38564562752,-1.00755847538,0.0848568425538,0
-0.73171081263,-0.664142282533,0.620695358211,0.241086565888,-0.331792954115,-1.24760453281,-1.57305469474,0.0593178875947,-0.144637315543,0.759951162443,0
0.464924922233,0.873985353083,-0.164446469773,0.655738059565,-0.847834129506,0.537775746065,-0.922941319357,0.00234582408099,1.22160349712,0.386600002245,1
0.191827590165,-1.08289415427,0.802322048766,0.211315435287,0.679917339242,2.13891670874,-2.68403805215,-1.01411867184,-1.16688532663,-0.130069879547,1
-0.0169517710153,-0.789350431749,1.0551132967,-0.223581538118,1.66588440651,0.436052675659,1.05691449027,-0.534246564723,-0.701913082514,0.0868644537799,1
-0.114588514311,1.56081336537,-0.586464000138,-0.472401677639,-0.61717859494,0.886368695758,0.259726482026,-1.06485456441,-0.863139418419,0.317404871534,0
0.0804085552356,-0.461972397233,1.53846685817,1.22805854349,-0.102235185307,0.284883706155,-1.53825368222,1.01842684401,1.70924325382,-1.08608100251,1
-0.110172274706,1.01529549617,-0.599822618658,1.5049624077,-0.114611425204,0.175062161483,0.175581147056,1.44854487863,1.17071304662,-0.139135404353,0
0.943488845191,1.21775924092,-1.35824945152,-0.40269474128,-0.383457805245,1.09530392357,0.612682848058,1.01602414101,-1.26621936625,-0.672690076406,1
-0.321618353346,-2.07550337011,-0.543850167433,-0.645117040694,-0.307423411579,0.627327578516,-0.227832214624,0.552310069839,0.736347997032,0.478418761833,1
-1.02644897894,-0.313324474242,-1.32782083955,2.02403550996,0.930238530741,0.209483138518,0.134680988939,-1.05028794826,0.201725496971,-1.74998343075,0
-0.643475718542,1.92341972567,-0.550091592305,-0.521078807545,0.227590801521,0.184745146487,0.469651286419,0.00543869115642,-0.651492733568,0.122536908005,0
1.786862968,1.51550785028,-0.964870939881,-1.35464763045,-0.763527824817,0.835561166744,0.608055615065,0.741694037305,0.820986327553,-1.203116146,1
1.75258866002,0.673681797299,-1.0997359985,1.31517731582,0.257843780275,1.44761110077,0.755204000268,1.84249612947,-0.444176225067,-0.696112440448,1
-1.02015172166,0.0477454675055,-0.512339804915,-0.854961389417,1.00397539699,-0.241479233995,-0.568867804543,1.18669528823,-1.53358384329,-1.41905259299,0
0.370451027719,-0.705235138759,-0.634879661127,-0.102097935112,-1.18571708281,0.361633052973,1.19023087811,-1.99292030027,-0.0258858155688,-0.783822883797,1
-0.746603225853,0.448148119077,1.99280221533,-1.37145638697,-2.20704603322,-0.336441992211,-0.964694441752,-0.759954606559,-0.507588351157,-0.447729045906,1
0.0830204554824,1.53258312417,-1.80636006514,1.24469967554,-1.77258542238,-0.553945841582,0.967981468689,1.01561849642,0.050609941251,1.21225472259,0
-0.276263439655,-0.955051184301,0.609940211543,0.929942254768,-1.44988522163,-2.09557753433,-1.37289214541,-0.458722927853,-1.16920556307,-1.8246840062,1
0.486625058559,0.476052793567,0.810332208018,-0.155388774792,0.113797767332,0.540393900117,1.35747049205,0.0931854714869,-0.0225949496565,-1.893111769,1
0.2506365087,-0.965738904279,1.3273334349,1.05816366669,-1.53822605412,1.51255293936,-0.0723698986478,1.44412542192,-0.12841678468,-1.4209494651,1
-0.404085389929,-1.33109440024,-1.34948080387,-0.767282148991,-0.246486363155,0.955449670904,-0.407352165555,0.443186360397,-0.0929345324761,-1.07576397823,1
1.38383708219,0.327679554907,0.108541554811,0.721317118383,-0.865202284168,-0.440970619497,0.491855960523,0.399436691473,-1.68933229968,0.847236419537,1
1.16916551217,1.05301063965,0.0431986661295,-0.0577667986197,2.11343426899,1.85144983883,1.23127800858,-0.321561078646,0.738902457451,-2.69410401193,1
-0.0168288074727,-0.197482378558,-0.104551820039,-0.340420742442,0.395807111193,0.934371858473,0.596996968838,-0.302330385411,1.06144444734,0.0543100273346,0
2.0234561923,-0.107849614467,-1.45794530196,0.747595854219,-0.466244101,0.177735540117,1.00547341575,-0.430765480277,-1.54122012928,-0.607352654854,1
0.0883388983218,-0.470804946715,-1.63953805814,-0.920762337212,-0.216501499809,-0.460129202863,0.341535765874,1.12207297622,-1.08567899884,0.38580423367,0
-0.93696754323,0.662524254001,0.751938043973,-0.161154264023,-0.249795383764,0.587806707147,-1.78993239114,-0.777788381566,-1.52652795287,-0.285078016809,0
-0.987644516767,2.50699021156,-0.977990668954,2.01721310298,-0.871244931355,-0.00872470765508,-0.380839845882,-1.24772682533,-0.0110388083025,-1.29284663341,0
0.474466172657,0.649615187284,0.427647831197,-0.0047487327385,0.383857038853,-1.1188263629,1.4693226309,0.432304319677,-1.49844386654,-0.756540669933,0
-1.53688756934,0.156231928354,-0.387085132097,1.33078372057,-0.838919671774,0.864444158974,-1.32876684879,-0.0128479761003,-0.215171552486,-0.938602359345,0
-0.546831042668,-0.996749765757,0.543232424594,-1.59300417098,0.554084893751,2.41162766921,0.316127463403,-2.01666489659,-0.389897499797,-1.4589781274,0
-0.778717105287,-1.04780487175,-1.95465307242,-0.683019009388,0.521875128692,0.416125203517,0.398935478677,0.304285465891,0.246717148479,-0.594118863905,0
1.25862914351,2.08804658148,0.905828912734,-0.206894676919,-2.09837327416,-0.251159920048,-1.78829318322,1.00186252635,-0.222084794178,2.37707726586,1
0.532701474599,-0.612052038794,1.54887094205,-0.199493060485,1.36673737067,0.901402605412,0.903270389028,0.45281669049,-1.54504623614,-0.476676325662,1
-0.730701757042,-1.93292742478,-0.0527541008248,1.15448019249,0.4694424723,0.709908094134,0.854384236259,0.440393102877,1.54175636103,-0.331292556586,1
0.0976616417252,-1.16168746516,-1.0325811577,0.714369429621,1.59087508918,1.31241132958,-0.238493832779,-0.847659895636,0.528433309606,-1.498667732,1
-2.4366036061,-1.24108570223,-0.051740401298,-0.579330786723,0.930222137976,-0.415563929048,0.521736864881,0.0100148205988,-0.327356729974,1.34637722555,0
-1.09541517502,0.241520112951,-1.59521617166,0.92200666191,0.421739702302,-0.725956088361,-0.20196593303,0.219555989005,-2.25672699102,0.61106580685,0
-0.640380326904,-1.24756051726,1.91626502809,-0.856349258159,-0.496912126249,0.93185347873,0.872208889736,1.19754622392,2.30197878907,-0.476220227799,1
0.85692265748,-1.64814077312,0.645871551304,1.08600666393,-0.818372443034,-2.09779642754,-0.0204898179802,-0.000472337660118,-0.116334873636,1.17586616568,1
0.0981340346287,-0.398064023704,3.1902179496,-0.449336040613,-0.54620938254,-1.91813021485,-0.902032677266,3.09693970131,0.0592179111361,0.423291087001,1
1.16123291643,0.843254801572,-0.765991019135,0.819256852329,-0.548962263811,-1.11693865824,-1.37990980512,1.86817415459,0.484048862815,0.535406031837,1
-1.02149388736,-0.518254904536,-1.26807845363,-0.657916236682,-0.170551338189,-0.979108829849,-1.05981335214,0.268396959694,-1.44516484258,-0.888465132196,0
-2.15044272746,-0.841444876144,0.729913318105,-2.08860848477,0.110415022316,2.74243210803,-0.116875915616,-0.416129692209,1.36487819402,-0.301003586077,0
1.48605171719,0.336357333822,0.202602154853,0.892226613847,-1.09546585595,-0.196312977923,-0.779408847548,-0.156086913887,-0.254507718797,0.751039238288,1
-0.0604340933085,0.763710482386,0.177432848665,-0.145981930686,0.791445647157,0.545542965064,1.47614221489,-0.629292433614,0.819956710097,0.71695246192,0
0.114060445671,-0.310812247003,0.477990310132,-1.7882560329,-1.75272479337,0.831877010283,0.0845600437316,0.281145747824,0.204863618424,0.597556362959,1
0.330138754886,0.169283659487,-0.982961645729,1.0749401828,0.250451951562,0.362547040147,-0.492626360289,-1.19454346312,-1.84312429686,0.678406044351,1
-0.543292131058,1.72434145183,0.355144769505,-0.178606503294,-0.617334981696,0.220611695571,-0.148361902338,-0.687952358623,-1.6094186444,0.156966982332,0
2.42474630433,0.806893013551,1.43796551939,-0.385785268665,-1.58170698319,-0.110213968808,1.96686149847,0.0562641836335,-0.616773883183,-1.15162897543,1
0.0241148882879,1.70327456231,0.276361818259,-0.762919463878,-1.57040589548,0.320936651855,-0.332438649751,-1.29762403134,-0.230558825193,-2.24001442207,0
0.443788485437,-0.529351377724,0.294643083256,-0.499769686131,-0.376323895762,-1.17121434549,-0.693727173888,-1.60141866372,-0.685078666499,1.2638083155,1
-0.36808703419,-0.743934831898,0.704459197769,0.520581857787,0.244569854211,-1.25166192279,-0.74965427748,2.44544814621,-0.248056209571,0.0357233063732,1
-0.448238255767,0.426055640885,0.268141175479,-1.96858312653,-2.44585994902,0.425407336635,-1.52717175365,1.94523421362,0.931978687913,0.991089873974,0
2.54896225202,-0.994563586453,0.440023492079,-1.05891963939,0.23375640485,-0.666611561619,-1.28942461998,-0.855959371718,0.963271260827,0.626966120144,1
-0.160990491688,-0.730739493968,1.09134621989,-0.186301493567,-1.27865961793,-0.538673470608,0.728695484625,-0.337767301119,-0.916465751112,-0.863856375026,1
-0.234008002913,1.87204836113,-0.984869057768,-1.58687487401,1.26494539044,-0.465801754239,-1.42698238105,-1.49376142855,-0.828121331361,-0.35677727232,0
-0.0752806249468,0.429666670295,-1.16765526476,-0.192177941784,-0.771710679676,-0.176796460398,-0.137162688447,0.0913937423741,-1.08254030848,-0.856898921862,0
-1.83972663737,0.371098520952,-0.327246675482,0.973567709854,-0.142521188208,-1.02118517217,-1.27852159956,1.8039624375,-1.09842074674,0.38600416868,0
-0.323319409084,2.58879486835,1.2241826759,-0.795560356558,0.642091284521,-0.0969972858811,-2.96841769064,-1.48976578652,-0.617510913203,-0.113165898293,0
0.0496693486827,-2.09320769887,1.22149281568,0.299145134638,2.27627714847,0.0677588356388,-0.993138995853,-0.659585658313,0.447941827452,-0.298796453579,1
0.544954624815,-1.83401627306,-0.791183597099,-1.06255470399,-0.526651981924,1.47812119785,0.622930485998,-1.35330149367,0.943093217569,0.752099121824,1
0.639262973783,0.200686578772,-0.990754418723,-0.717907331841,0.913787298601,0.588581971441,1.81056601621,-0.490503259925,-1.15324824484,0.626660901476,0
0.0327820462456,-0.424400960441,-0.945184196686,0.973927988363,0.420965628158,0.547254061452,-0.0374949053626,-1.08057407928,0.693801583283,0.247955928782,0
1.16437433623,-0.372740856044,0.247033816819,-0.119014110988,-0.224777879213,1.06539273828,0.404043000515,-0.05103468248,-0.256499358884,-1.18010198624,1
2.10012136069,-0.791939456755,-0.692048755133,-0.92119616345,-0.388397959384,-2.16877449681,-0.942031759665,0.780629642327,1.32103631121,-0.840635574973,1
-0.980595390549,-0.85125316169,-0.663122285292,0.142234417959,0.154889350936,1.74049079763,0.869394927527,0.00386607841528,-0.191952027558,1.75871112395,1
1.43390312834,-0.521750318708,-1.29193700704,0.731478009724,-1.63175732125,-0.195395862186,0.627656259006,-1.39540617809,-0.82861317406,-0.496368092083,1
-1.0059881781,-0.737855949793,1.35503331577,2.05837331479,-0.168080415864,-0.214137810738,-1.07615335508,0.20808435961,1.72774100877,0.531105706958,1
-1.03991145472,-1.02969924342,2.30006955723,-0.00867796404713,-0.566568138423,0.740431939029,-1.13930851889,1.13695446728,-0.430115502408,0.178068201413,1
-0.453914343056,0.171960798576,-0.182762399579,0.880914234103,0.14675560243,0.501930093815,0.138882576655,0.169857109327,-0.70512937151,0.177321711465,0
-0.105805624564,0.791264928359,0.846348796377,0.523041426054,-0.369044933832,0.780758789815,0.220113789302,1.4602924149,-0.8594036934,-0.454785691234,1
0.294162042695,-0.467147688639,-1.22452098011,0.461631917165,-0.535011212999,0.265981903077,-0.392589998759,-0.960772844796,0.389131081507,-0.0242576367506,1
0.0816543060263,-1.09423912642,0.498794764504,-0.62793305624,-1.73602039344,0.725751879397,0.00598438236751,1.06926341476,0.67465077528,1.92511015292,1
-0.339459747878,-0.998587670486,-0.495538410077,-0.230729819831,-2.1548497665,-1.06037067882,0.560575968326,-1.40741311141,0.63509127562,-0.593980757042,0
0.00610303730624,-1.19848389043,-1.21253383763,1.55198957304,-0.508907442343,0.287350596349,0.305824372277,-0.172065620986,1.66900773701,0.543666451257,1
-0.236053157531,-1.49835711362,1.25428453182,0.493304860416,1.3744583952,-0.160640781419,0.32737045407,1.9341806456,-1.29049734614,0.0189725196248,1
-0.529774994681,-0.607347386075,0.294846369359,-0.780283223132,0.0813431249301,0.469111113433,0.933603013015,-0.918448896362,-0.207671954995,-0.965214117532,0
-1.6381686095,-2.12861913959,-0.542034364267,1.12907561814,2.0800069558,0.818665742814,-0.238141130053,0.547533349123,-0.535220787603,0.649033401995,0
2.299344462,-1.35894551444,-1.55727608711,1.10270768406,0.304285156737,-0.381530668678,-0.982507303804,-1.38843721497,0.0599504190678,-0.619692991735,1
-2.13197712434,0.526905894284,-0.813302594926,-0.895316332707,1.61897446167,0.622181820851,1.15134039769,-0.69114836548,0.609608789969,0.658418276892,0
-0.760615283969,-1.72998533826,-0.186305069637,0.655327620028,0.824924224517,-0.586692506528,-0.0346589276107,0.886861623373,0.0192738069762,-0.00978457711508,0
0.881649284307,-2.58992351685,0.147316353491,0.19219269072,-2.36704532076,-2.00899919498,0.241374894258,0.127388841466,-0.618664944038,0.276037256046,1
-0.772164424629,-0.77560256557,-0.159193975567,-1.01461091581,-1.76954937651,-1.60105609658,-1.04169152139,1.38558591136,1.42786318418,0.269076657026,0
0.537666212043,-0.365194168602,0.713024348087,0.524958147885,-0.155592926976,-0.786958090026,0.151457721374,-0.428481925556,-0.976331745921,-0.741200444358,1
0.561930320268,0.578825719767,1.1052340389,0.724897901351,-0.621175637553,0.838647970082,1.2719155788,-0.280140256123,-1.17141694813,1.0367590284,1
0.148405185726,-1.72268393433,0.579169635513,-0.415229951505,-0.00195575936216,1.43589028156,1.49667356948,1.16318843466,-0.35510855347,0.0707380449266,1
-1.40198734892,-0.280864183336,-1.25320194193,-0.781018240999,0.165684325334,-1.86946005183,-0.805710899551,0.167551383508,1.79721307689,-0.418937696878,0
0.463068135242,1.43046129122,-0.0222448096427,-0.0636902865371,0.556096112882,-0.865776509838,0.90582452363,0.749084060435,0.767895289176,-0.870047273907,0
0.980431765441,-1.39465252044,1.014143196,-0.279062960686,-2.01063940797,0.0931510535343,0.875590444416,-0.149424452088,1.82778592942,-1.68258480918,1
0.343093072857,1.33021288593,-0.456908763952,1.44078965898,0.42092255537,-0.643460029892,-0.464740393412,-0.453562825186,0.919805410289,-0.649091180825,0
0.566324974768,0.495508579636,-0.666562859323,0.530425377738,0.659726811724,0.60526946935,-0.15045496035,-1.1909946419,0.986610278639,-0.115073640988,1
-1.54421709168,0.578292812164,1.23481920948,-0.283397304385,0.85733606771,0.289865395642,0.788596555888,-0.26065149048,0.403682434099,-1.31634033087,0
1.84341543303,0.0652591685072,0.992870414237,1.34425606751,-1.33255041262,0.859419557163,-1.2614434433,-1.80027798805,1.35837913001,2.16633829235,1
-0.0549220594191,-0.725847084127,0.364625070369,1.2591124459,-0.326703530743,-1.98689912791,0.946283948732,-1.59054306716,0.405938052857,1.39558526102,1
-2.14372990806,1.14259624566,0.945030096268,-0.689578346778,1.81105771297,-1.17646261905,-1.12804265803,1.38922781305,0.809245728458,1.65682995683,0
0.921763501298,-0.63770298222,-1.91769438168,-1.37362523334,0.0779541354036,-1.39491608576,-1.16674242416,-2.01479827319,0.0571332911002,-0.824744847115,0
1.26339025354,-1.51227564432,-0.679988608269,-1.31473948531,-0.746489247408,-0.590643108487,-0.392626967833,-0.440537635143,-0.44891297825,-1.05397184382,1
-0.420017639852,0.729171735625,0.374366521799,-1.23672201768,0.493560936939,-1.77036820226,0.0132079803375,-1.41141439468,-1.16419950861,0.720280916817,0
0.461372160234,-1.65999482022,-0.815002555519,0.300438349321,0.828898834173,-0.90530270284,1.89962062894,0.490685209033,-0.612367129334,1.36888557535,1
0.582105624275,-1.58386392268,-0.262825982408,-0.259512301484,1.33344310174,-0.561159530377,0.379864420292,-1.84404963955,1.06835777486,-0.265774522529,0
-1.82543266982,1.55726196878,0.793462923589,-1.46889844952,-0.280486618278,-0.0676410792997,1.35406441239,-0.644160409641,0.324620104679,-1.69698080099,0
-1.12231701319,0.562438953484,-0.442506171436,0.950115874772,-0.0594668344205,0.0245992283017,-1.06506636143,-0.901291386989,0.256669906055,1.40113485894,0
0.00956031909388,-0.92771005051,0.0498172383649,0.257572518761,1.32664443473,-1.27342978648,-0.211393050648,-0.279806518695,-0.509872286529,0.118073995971,1
-1.21201058856,0.648303017696,-1.4485755074,0.283486008088,0.969032208863,-0.976278620669,2.01753890037,-0.511609011193,-0.219318331989,1.51111919165,0
0.220444746408,0.11078172644,0.576011284937,-0.330664002977,-0.0263558377364,-1.15771572977,-2.3231938384,-0.604293442488,-2.39834480637,-0.637690608675,0
-0.457149345596,0.792925536026,0.314459741492,0.0262221023812,0.372375854174,0.0883462418349,0.115286111463,1.57156178223,-1.42101374753,-0.53376961496,0
1.48450572824,0.680673421136,-0.580898858845,0.970362062527,1.07832146524,-0.218270148682,-0.841990986641,0.0798632351998,-1.48982251166,0.152754221684,1
0.141944190389,0.553833650836,0.800650477016,0.408607191441,0.0866454374626,0.696138069565,2.0188171766,1.30606929874,1.06831658843,-1.02839254477,1
-0.441546822985,-0.371627136036,-0.119370734462,0.52494040921,-1.46866194306,-1.44010516419,0.39797236015,-1.6004033451,0.0731228196388,0.372499912806,1
-1.97433085993,-0.466760476214,-0.210536483067,1.09922007462,0.391885424208,-1.27539390923,-0.596265820074,-2.03455060771,-0.0637281941794,-1.27854449179,0
0.155223124067,0.432622755298,-0.913055876221,0.441053745362,-0.191723067489,0.762127882181,0.380113584813,0.50915994851,-1.29073470521,-0.26306880258,0
-1.91064304245,-1.56812543917,0.291360831603,2.27457727158,0.322719698819,0.0048955666874,0.0650782722613,0.704816471906,-0.224706471416,-0.580415674953,0
0.724000804788,0.486034507204,1.33710178554,0.904999398041,0.364464877711,-0.776493248926,-0.311847283317,0.586471293993,-0.288230716316,-1.03038847405,1
0.201406083653,-0.412856807883,-1.57524862897,-0.207383602381,-0.929066041284,-0.097344684377,1.14298148831,-0.872344061622,0.857036696634,-0.611549561184,1
0.804159291788,1.39013603069,1.5195346555,0.645674871583,-1.28409583603,-0.448972431692,-1.22648310535,-0.447704255948,-0.748263349962,1.57323754048,1
0.546177877913,1.54568310837,1.18251516336,-0.479375979557,-0.18096280979,-0.210413813335,1.08172982204,0.102744967774,-0.215012464741,-0.52854421656,0
-0.375905287596,-0.235053657248,-1.91773237221,-1.23483018098,-0.357565561229,0.188590203414,0.623734094391,-1.54289034152,-1.1918108884,0.688944567877,0
-1.0120526028,-1.70765433416,0.491471729146,2.01324868518,0.609485545594,0.800790940503,0.759260220419,-1.61283406053,0.0925561515542,-0.791203597436,1
-0.470905495644,1.23011106471,-0.266581183204,-1.60615865571,1.10698709175,1.41857187404,0.65292478426,-1.01238008381,0.240738638881,-0.621539435232,0
0.305561282754,0.121252653343,0.146659564601,0.251648520474,-1.79803001959,-0.686588240787,0.774427478402,0.628474325757,1.3441582797,1.31295460829,1
-0.703790303344,-0.496520601348,0.339514228192,-0.508944545777,-1.25998647069,-3.00969951299,-0.712292206262,-0.901735057752,1.85152361682,-0.221696834879,0
1.61766669545,1.57834793783,0.33182746388,1.2962860498,-1.37276525501,0.187340484388,-1.03459048439,-0.65378360873,0.585340302517,0.408351414611,1
-2.51846152959,0.800243983893,-1.39851067933,1.2164443897,-0.397987926754,-0.656407538106,0.317260400729,1.4792985004,-0.150178801282,0.364933586828,0
-0.693261572478,0.832173527237,-0.842922315205,-1.6389555778,-0.704799198176,0.145975936123,1.47990910972,0.648418775761,0.660296564552,-1.05454073473,0
0.456921661568,-0.177238326206,0.508299179369,1.08674102233,0.307759797469,0.725879171191,-0.0933526550033,-1.52628607563,-0.939686919464,2.43089775402,1
1.44172294607,0.868801693289,-0.716509359904,-1.10439913739,-0.311810784123,-1.1061553677,0.16084739297,-1.19336759273,-0.988296688684,-1.01569473754,1
-0.0256539476921,0.60879667045,-0.00947345567744,0.0297458931282,1.17480304782,0.0403384917139,-1.07406147498,1.73855871918,1.36983949787,-0.611432084463,1
0.0141698179546,0.0553858060941,-0.501175422606,-1.34458246504,-1.26451141655,2.53592010896,0.509340222969,0.207520941758,-0.227361412047,-0.183858564246,0
-0.133467947756,-0.521855655547,-0.62266958501,-1.86619738762,-0.17923055977,-0.582281453299,-0.508177332636,-1.67254732892,0.503889949921,-0.716083904685,0
-0.386823515012,0.674325193873,-0.154252673874,-0.613711391495,-0.594041324255,1.32733094827,1.8072844428,-0.680664013336,0.234402729743,-0.326541371414,0
0.0817545854477,-0.222328084031,0.237840110172,0.953079095862,0.397442341077,-0.507760512769,-0.313720181633,-1.72895077516,1.33347092557,0.722042800209,1
-0.137115409438,0.185363339767,0.630421234684,-0.187220738921,-2.0825154552,1.00260025903,-0.649485609704,-0.385698653859,-1.49782373793,0.438358903175,1
-1.04930181334,1.19694850725,0.997777644273,0.247431014925,-1.34282819982,-0.360278010247,-0.41604797675,1.93917640549,0.859775710062,0.199146847168,0
-0.055727534049,0.798026560461,-2.06624125225,-0.907357941057,0.390831201239,-1.66214885801,-1.97776922513,0.511418692119,0.467908182117,-2.41832038039,0
0.991391724508,0.187306390676,0.327454429763,1.06500846536,2.34955679356,0.99664044529,-2.20866514927,0.253452129808,1.0516907038,0.45876295672,1
-0.383974003975,0.938457456122,1.16420615961,1.60100566689,0.209621867703,0.69059319969,-1.50997414747,-2.05593500831,0.291430674186,1.1047087526,0
0.775035263432,-0.518611901462,0.225412964651,-1.25879274815,0.233972550473,0.35961485327,-0.811233310009,0.356964427972,-2.0893759363,0.304384839874,0
0.360682625173,1.9242803976,-1.34069345067,0.725647745142,0.170005286491,-0.224285649859,-0.366955344752,0.0663137354358,-0.600580357441,-1.09297066655,0
0.111755457307,-0.113627524125,-0.741330728818,0.394818416882,-1.11212842137,-0.730129889936,-0.325196994385,-0.386043066121,-1.04616709303,0.330574421127,0
0.787463687557,-2.72437280074,0.0491349834921,-1.33300730355,0.130048647051,0.962179348366,-1.79984153874,-0.740078045618,-1.78566372496,-1.0727207622,1
-0.697789291268,0.359262840991,-0.566817014213,0.120699120077,0.317345301926,-0.492640112166,-1.67817587256,-0.434704277624,0.515673003736,-0.19537067124,0
0.744387193835,1.4784847078,0.53113690699,0.287963058816,-1.64235125833,0.627272772363,2.60709721131,-0.865294966691,0.7979557179,1.0062678782,0
1.25029936178,1.31960417091,-0.58372517197,0.137343899342,-1.53546468724,1.52815460364,0.819662752001,1.1693108541,-0.924575084629,-0.0954964241935,1
-1.05165414436,-0.526255678077,0.6901823926,0.743171269713,-1.9776607927,1.04051181386,-0.268919306699,0.696606952229,0.111802040261,0.398833379798,1
-1.13607392424,-0.362481789242,0.633752452425,-0.0560627695016,0.14857978614,0.158515667263,0.107078542834,1.87825636317,0.674801689462,0.783021047055,0
0.0184590792988,0.154288074809,-0.583090267094,1.01745838768,-1.99047695455,-1.5031296008,-0.114158739682,0.776168344521,0.0658278539551,-0.0767235200576,0
-1.15646523028,1.08748387028,-0.750478865167,0.651431036353,0.0664874570451,-0.0571017686427,0.0709292309715,-1.60305534626,-0.0855359820517,-0.36568724167,0
-0.0882803723447,1.13695530684,1.68739890316,-0.0856757503379,0.51590297695,-1.17678758863,-0.989139054118,0.167966537714,-1.54536396583,1.13876611696,0
-0.531330160869,2.07447153948,-0.620895473261,0.0557583694698,-1.3363422937,-1.35030861586,1.18700744605,-2.45229839576,0.538534846994,-0.0242295018653,0
-0.969198490821,1.1913152481,-0.385315451376,1.73352957839,0.394578602746,-1.42066555496,0.238909787887,0.149174883098,-0.41126402031,-0.371951187403,0
-1.56093296723,-1.6203894027,-1.87108799471,0.754418860393,-0.615852901232,0.846353630962,0.723774495513,0.835164987355,0.723005723024,-0.216659784379,0
-0.58302565828,-0.453715176891,-0.506738072464,0.847555201937,-0.948702360726,0.244454622772,-0.870225157884,-0.386637807323,0.0734290423682,1.13621881346,1
-0.238166243411,-1.68207954248,2.1910274817,0.0878032076881,-0.104357738835,-1.2014783949,0.582902058176,1.36685019638,-0.505812661692,0.269377318023,1
-0.406362720528,-0.00795660488699,0.754682228293,-1.025496363,0.725432524882,2.11005456083,0.416051166714,0.539543925404,0.417921270622,0.653985518499,0
-0.313739396587,0.271377694257,-0.15955584063,-0.741458966677,1.74802130391,0.535599102685,2.59466025615,-0.558861030746,-0.334725896122,-0.14860997804,0
1.20487843567,0.14043572004,1.62431375067,0.113450580487,0.707801087853,-0.764002592505,0.309583403342,-0.451014890523,-0.487781480402,-1.11110179261,1
0.334452574443,-0.635567916319,2.14397651671,0.137562573094,1.05056426283,0.32632760072,1.02833108206,-0.0334540146572,-0.840624939388,0.479776645185,1
0.285729786907,-0.573202079798,-1.33218074502,1.21782233398,-0.0101473798525,-0.621424686842,-0.497603333534,-2.10943781351,1.47055326463,-0.442855577283,1
0.840981023481,0.0571039006391,1.85111926931,1.39061708087,0.475337371103,-0.0386684007558,-1.11789773841,-0.351589030221,-0.397663846068,-0.0782395614048,1
0.745638964021,0.190119671961,-1.08503464157,-1.64322329656,1.03693590765,-0.552324654417,0.798861934045,-2.42137194981,-1.00751522899,-0.414170794188,0
-1.01944593051,-0.965894174912,-1.91944814903,-1.64664970707,0.783346886961,-0.539446234323,1.55885376438,0.37717261738,1.32399490341,-1.17325813239,0
-0.223832939442,0.78797836445,0.521555796939,2.90847603727,-0.292686715581,-0.0056867333904,1.32507003554,1.18307910822,0.310378154093,-0.606241182642,1
-0.411943231312,0.51693199096,-2.08891160538,-0.444036571652,0.0367097628557,1.30513229698,1.79650287098,-1.24241136267,-1.06310091313,-0.977124189073,0
0.7507118201,0.0671459102211,-1.24597739374,-1.07041006289,-1.14427565918,-0.167998891967,-0.350844607491,-1.84820788181,-0.2033790831,-1.72748726949,1
1.2588714599,-0.413997344379,1.20971440926,-0.129030341009,-0.0538632633789,0.756969133193,0.318713749829,-1.18815992127,-0.519889750594,-1.22265708539,1
-2.18219204525,-0.460833502216,0.160017989782,0.471765376995,-0.245168749494,0.903600441567,-0.620882299995,-0.0242738636258,0.861173805688,0.620589190157,0
0.448057610023,-2.72779509292,0.312890469283,-1.82374981297,0.0750192548128,-0.257243910345,0.567906723087,0.666536937195,-1.65156567888,0.416473443022,1
0.447568523215,1.4415664636,0.803784215987,1.1097428251,-0.385168067423,0.452244389187,1.0440318115,-0.122738197458,-0.338413720101,0.803008523989,0
-1.3447709836,1.28031784282,-2.41787936089,0.851945477629,0.456871612677,-1.30530717137,2.76991137077,-1.42322671168,0.455751769328,-0.404684005707,0
0.0575576479898,-0.61344630193,-0.605551735629,-0.395459809608,-0.510991065752,0.770995327536,0.458657509313,0.976698727647,2.27520131837,0.440556657346,1
-0.158274435867,1.15846160671,1.69124284804,0.0444401795498,0.179589106467,-0.0532165685135,0.669577736538,-0.0390964938624,2.02521347955,-2.37211124436,1
2.02096842164,-0.549584911528,-0.0955251829387,-0.0240758362579,-0.553952370524,-0.504448183336,-0.0854729963975,-0.192793740528,-0.104437980393,2.42177156816,1
-0.262074583393,0.44777776048,-1.87579792541,0.210725716908,-0.844559938454,0.440903639063,-0.883313571691,-0.506741481836,0.827457306301,-0.044078245759,0
-0.211649289271,0.947190401228,-0.674921781306,-0.434644173293,0.784357619477,1.46759627913,0.174886331043,-1.04888601774,-0.61268236385,0.209160493477,0
0.656104955944,0.826674152394,-0.149582350544,-0.635215535144,0.185876543365,-1.19382324511,-0.167694664027,-1.85897621623,-2.4955240171,-1.34603077753,0
-0.809704175637,-1.83807215023,0.791122509918,-1.20040132947,0.657411732961,-0.696740491633,0.803412873895,-0.395616703649,-0.0387317060993,-0.282998689813,0
-1.56003428631,-0.502935218026,-0.519330984114,-0.938578479275,1.86552587056,-0.973042124033,1.14241683984,0.229540892015,-1.9335140907,-1.10911020034,0
-1.16333635167,1.54423399219,0.461671482753,0.715180693989,0.703061625623,-0.65508042601,1.89224721713,0.491283348802,1.19645025938,-1.09586056849,0
-1.91479778637,0.145961929776,-0.0808738785107,0.382207990386,-0.12356419078,0.163571641998,0.278667429978,-0.860328576286,-0.0468892125005,-0.77088585411,0
1.10137967881,-0.0779737068369,0.609052930614,0.324956446526,-0.756860258733,0.0842899830362,1.84786652464,0.47095233611,-1.37685332717,-2.06886611701,1
-1.69118381503,-0.0221873964859,0.101174451971,-1.14977319706,-0.295230818511,0.0352595880719,0.838861360439,0.829043325414,1.34180067672,1.01595451865,0
-0.763364507928,0.92497266243,-0.47643682138,0.772731453037,-1.81800801685,-0.574436538697,1.25682286691,-1.66813244664,-0.0893197665522,-0.00497194083767,0
-0.0369091425098,-0.739608275334,0.165092660083,1.90442310797,-0.154284947325,1.3310103467,-0.184991312706,-2.39317026557,-2.85983765638,-0.392824037355,1
1.73894093034,-0.707429652905,0.447548510413,-0.478866938499,-1.08732547296,0.923502460595,1.25281446446,-0.0280114249874,-0.814543787689,0.343987825752,1
-0.417874495814,0.419992356594,1.16253976018,-0.599973622732,0.727553240196,-0.0405433827799,-0.460225607301,-0.0283134338999,-0.270188050771,-1.07675538152,0
1.85298157522,-0.200934936051,-1.99145159281,1.74916625051,-0.439022040484,-0.242733755652,0.40686938342,0.222547669437,1.69581765777,-0.29926578147,1
-0.105648489671,-2.40702256946,1.32199095562,-0.483676999493,-0.0226692155283,1.25837864717,0.242092002862,-0.352657260056,0.846980103592,-0.0409895828173,1
-0.599104867131,-0.554864308861,-0.734741487626,0.802657893118,1.07279072226,-0.053691134879,-0.47367927191,-0.970340198944,-1.67143094623,0.0807515678039,0
1.15538586476,0.313132579227,1.00639760814,0.529156749866,1.26452929409,0.983336023005,-0.0157374538,0.224645980855,-0.0267736591711,0.932331563271,1
-0.25004892499,-0.160577652988,-1.32334008834,-0.388510995333,-0.00860936930258,-1.124541182,1.91262871144,0.243300614707,-1.45504874609,-1.04266202853,0
0.373755399457,0.271159943126,-0.322352401052,-1.04755302055,-0.976892105051,0.826496604751,-0.0175698300022,-0.20440721248,0.302633458671,0.504064988183,1
1.00105025689,-1.14271600858,-1.53067206955,-0.353693796826,1.12069046909,0.481316107357,-0.0751948515751,-1.19656903546,0.448106054383,0.0434542674221,1
1.71399282857,-1.65202066251,0.711034778802,1.05753518167,-1.45584672232,-0.144570393716,-0.626206481505,1.83281095382,0.813986498177,-0.880993457831,1
0.0544248959634,-1.43630143128,2.6971339016,-0.403136612935,-0.648476437413,-0.0572601697604,0.404733456507,-0.236109377104,2.40843446834,1.39391083012,1
-0.722699775935,-0.791577081851,-1.46921630605,1.09445613379,-0.0557216646459,-0.419649415712,0.895884792947,0.409521168546,0.648850150504,-0.823585560793,0
-0.581418748751,-0.245544585985,-0.165355025555,1.12548469397,0.967518263002,-0.181277476572,-1.25922622339,-2.08406461502,-1.67751465609,0.789355145188,0
-2.40614074825,-0.207786423787,0.0467133748808,1.47175064589,1.53303913189,-1.06178222133,1.15962597621,0.188753310596,-0.308808565417,-0.590652152043,0
-1.20912132919,-0.0237206356493,0.250799755773,-0.524432754117,-1.80027304635,-0.286787042589,-0.998473088634,0.927886258973,-0.923086329636,-0.284250209736,0
-0.298584870132,-1.73736935847,-1.42599713335,-0.235849622391,-0.596469573755,-0.117351976691,1.4861881687,-1.5363048975,-0.646919172397,1.17708357252,1
1.41381534389,1.67854617479,1.28785707138,-0.852990482587,0.531049412419,-0.971033154783,1.11556430161,0.69995513564,0.239171327032,0.912414068851,0
-0.464614994302,1.17111544984,-0.917161890472,-1.66065867228,0.164567655126,0.805442733042,1.95026097539,-0.668582101219,1.20869956494,0.180597481321,0
0.268062519233,-0.421242293166,-0.747348072942,0.299802420709,0.938417798827,-1.61671776291,-0.40283221826,0.185420824144,0.717471345026,-0.0372030640326,0
0.541596439082,-0.220381556514,1.21648390754,0.901968734184,-0.774311985384,0.765583151308,1.49729621153,0.77490283205,0.255628203386,-0.163424711298,1
0.893395844618,0.415957062392,1.4602417276,-0.158089677868,-0.527850489563,-1.82051183953,-0.462418879416,-1.11551681978,-0.348140470653,-0.913212940427,1
-0.191009019964,-1.17489668308,-1.36243701036,-1.08325553768,-1.16313663196,0.344752167069,-2.160896813,-1.35315267131,-0.138413752674,-1.68192042648,1
-1.0357072565,2.15898391515,-0.250028882469,-1.50135808673,-0.529810906495,1.55288774651,0.742556458354,-0.287334935398,-1.16793301203,-1.11894388011,0
0.00926142988238,0.472908797324,-1.16618178235,-1.09864732398,-1.18525023227,-0.00440910762861,0.707290553465,0.664965862154,-0.16675955555,0.168512829745,0
2.04383743481,1.92020559036,0.0618214623882,-0.321039250527,0.315244849895,-1.21376558844,-0.548753260742,0.78074253791,-1.76126731166,-0.19944533774,1
-1.8492524168,0.24859825445,-0.806380602817,-1.15673450833,-1.20873512298,-0.808348635689,0.245470786989,-0.111276056341,1.27742592738,-0.368463511294,0
-2.13282112579,-0.269655715006,-1.88708462764,1.15576869186,-1.47107872724,-1.87777064372,0.0326710540836,0.626197787679,2.6107794568,1.68427173607,0
0.187326208421,0.669235358229,-0.81349568168,0.176402829641,0.808500448249,-1.20998414309,0.0929414206664,-0.600959394019,-1.94940181841,0.647082112143,0
1.02778153642,-1.8234105159,1.69589849925,-0.0279033628568,-0.556406396799,-0.309002404386,-1.10699454859,-0.10590295821,-0.393544833881,0.43121314455,1
-0.881562541197,0.0160405435867,0.841551299501,0.118099126259,0.7616696714,-2.12794356739,-1.35477123933,1.04721477805,0.429360294779,-0.791074059905,0
-0.319872629082,-0.843343519194,-1.31652323522,0.381373599942,-0.493391462645,-1.98294742627,-2.15564245206,0.589782640712,-0.594621420197,0.135977709532,0
-1.51310779625,0.428356969806,0.137611256243,-0.730706453993,-0.814612045157,0.437842279437,1.80579997075,0.939198766551,1.04363179782,-0.715240542887,0
-0.152645792505,0.201456514798,-1.1119571207,0.639516577906,-0.26734935646,-1.41357276554,-1.16129309714,1.246995809,-0.519385731317,0.670464309342,0
-0.9238746304,0.315714470512,-0.392932279052,-0.139767224491,-1.87561204876,-2.0877145399,0.891941345916,0.532523436123,-0.931684267286,-0.78961002176,0
-0.0618419191208,-0.19500967047,-1.6840669505,-1.69075445993,0.384224083586,-0.461364711923,0.337987475225,0.571003709168,0.824731978764,-0.953098892986,0
0.00792983231614,-0.66345139062,0.733052497241,-0.504080600205,0.229160134641,-0.169758506154,1.1498490774,-0.359137460214,-1.5736248991,-1.21577565508,1
0.652986637717,-2.63027418439,1.57626219929,1.01366799199,-1.17785801369,0.318117367209,1.35192046603,0.0415144582863,-0.0630426203434,-0.455904519022,1
0.166529345757,0.827308310526,-0.415812136927,-1.57020109886,-0.380929018746,-0.979710963667,-1.10822195311,-0.0179866531831,-0.849400516985,-0.252427220165,0
-1.4106199999,-1.93729123967,1.57526723215,-1.09361857491,-0.559686596449,3.03202374597,-0.910837675024,-0.444874112646,0.386756632281,-1.41048071564,1
1.23216093669,-0.876618728392,1.25976313472,-0.566575825792,2.45149070797,-1.79637193227,-1.77331103524,-0.48919665599,-1.04856379937,-0.193155039731,1
0.00591431798107,0.418605196227,-1.60931883233,0.376521545559,0.408071109379,1.62931820738,-0.904680863021,-0.351900481406,0.0949280754779,-2.27661213948,1
0.666873406557,-0.745637779993,0.959168856714,-0.279511777546,-0.866307935538,0.963668329466,1.05194461326,-1.02863871471,-0.134360625957,0.201600090419,1
0.392307707301,0.612292830888,1.2630104035,1.59801280501,0.378396226284,0.568154823809,1.14142624026,0.144045476448,0.244019640417,-0.266110454799,1
1.33346982934,0.188500819725,-0.389660172392,-1.26161733,0.772479646044,-1.70643606219,-0.447840550358,0.253797435845,-0.148087216517,-0.287709336118,1
-1.71322820064,-0.0845825829791,1.33929217976,-1.78333467764,0.83642851531,0.712627214511,2.40028828436,-1.13763777512,-0.239516801612,-0.576362763069,0
-0.409496095863,-0.135016800194,-0.477434498126,-0.338223261033,0.142631083742,1.40157093368,-0.21089596139,0.0328610515971,-0.221630130093,0.28644131931,0
1.30443306754,-0.420128578608,-0.821746754988,0.481575391201,-1.24876457115,0.292326984815,-0.245411870288,1.43312459169,0.219902995773,0.845773718863,1
0.794981386273,-0.14715226546,-0.93982428728,1.84465149288,-0.897102169385,-0.15319361864,-1.04871558572,-0.200731867352,0.393851221343,-1.32989725958,1
0.506995805992,-0.00113806426521,1.01842744101,0.769534655758,-1.60316116271,-0.259981642212,-1.00052065307,1.66773095523,-0.266377000349,0.189765345491,1
-0.342463808357,-1.33126791505,0.223831490441,-1.53952442798,-0.174955918217,-0.133514529269,0.586051064868,-0.589386424676,-0.0111132334211,-0.821474504695,0
0.865783899857,-0.103833692587,-0.814501098702,-1.36394550705,0.448942388498,0.838560417234,1.64758305564,0.981194227986,-0.448798754448,0.978778623582,1
1.31336020149,0.835706749691,0.123010572596,1.76429628298,1.10747237223,0.0891268315756,-0.610525821749,-1.29320483133,1.56839019499,0.792429600752,1
-0.229727735402,0.986234542987,-0.887150976144,0.552169937636,0.939543155555,0.648136094716,0.216326648172,-1.65802156356,1.54773461308,0.615468696916,0
1.65477042507,-0.0522460967172,1.21175904984,-0.212314224224,-1.58340108147,0.866030432016,-0.55909089484,0.352560612239,0.749807027492,1.35988056059,1
-0.707605470241,1.18355755985,-0.958786286673,-0.0158933368818,-0.0251452895125,-0.550030179336,-0.0778748558538,-0.501625446317,0.324018057511,-0.37063413792,0
-0.563980668999,-0.858441731019,0.253812865969,0.104186100471,1.79111464543,1.65557369745,1.31781707572,-0.0679428784384,-0.0716844970236,-1.09725871629,0
-2.24401399759,-1.66287836372,-0.652200818128,-0.69484513379,0.900068584488,1.33596449047,-0.0659259524759,-0.171053601809,-0.300734962631,-0.817369175609,0
-0.236259050533,0.648355995529,-0.134476287994,2.63264880118,0.428802031528,-1.45415415223,0.145057101729,-0.859339271634,-0.063482675793,1.41488319647,0
0.684422289586,0.0755572601959,-0.767057106048,-1.87165221242,-0.525155919522,-1.14305498781,-2.69181455234,0.810962678351,-0.390606483295,-1.45607424694,0
-1.01864135517,-1.77779714446,0.30503227489,0.53155300811,-1.24831286806,-0.158216087477,-0.239887706949,0.741915467328,-0.971531772588,0.454929665468,1
0.0613615018724,0.376315749013,1.60758667965,1.38428638575,0.306264409599,-0.445283880481,0.201743823587,0.724600853543,0.354984035601,-0.295688084834,1
0.156902061045,0.102229971035,0.992268416405,0.0855918275653,-0.985789262065,-2.55109940435,-0.621832319518,-0.231056492985,-0.86777711501,0.405080466722,0
-0.294923902098,0.387150787807,0.501490324272,1.19248559568,-0.198361822809,1.05077309347,-0.799893060849,2.21442329939,-1.54682451278,0.470811217288,1
-0.334284141255,-1.00480212795,1.2731342116,-0.992734059881,-0.052001015581,1.72385257876,1.97995547545,-0.284777297639,-0.106434264161,-0.3167791185,1
-1.02447371387,0.434361922165,0.414302564462,-0.288049853809,-0.272911153272,0.920204231576,0.742790782401,-0.736385932101,1.99984188022,-0.356015015106,0
-0.206106443876,0.670069606961,1.55458506332,-1.14866566561,1.66173625793,0.579720534,0.174159268041,-1.30724414205,0.0604108372372,-0.681718595637,0
0.397005717841,0.850388112356,-1.30178594492,-0.0965981926016,1.54824318301,-0.348391451096,-0.0471890833963,2.34210034575,1.27295156003,0.847346564559,0
1.29879072851,1.88125823816,-0.664903150669,-0.3228354619,0.887551145773,-1.28612461485,-0.0486912571496,-1.28954705693,0.543373915177,-0.725790826202,0
-0.0267671967548,-0.808559555865,0.846777810103,0.808957423643,0.0124423624414,1.37177991107,1.19947961668,-1.01389515808,0.20927326384,0.854498812334,1
1.23941705826,0.54710206353,0.577721762447,0.195442596259,0.200032563049,-0.290012849171,-0.461044024713,0.495764884776,-0.344940990948,0.532286738142,1
-0.350142133623,-0.66623702316,-0.850694244457,0.212812281097,-0.809933152685,-0.540132522076,-1.17808255296,1.98638696007,0.704187261021,-0.0101903437229,1
0.0121122199772,0.823126138128,-1.07065105486,-1.42625785884,0.444913092315,-0.945492780538,-2.34204757459,0.151396082486,-0.769278577097,0.641394668378,0
0.0154724592804,-0.179474914567,-0.374384653754,0.493630226783,-1.1215455744,-1.5809971727,-0.435093920017,-0.333151426703,0.493514671606,-0.597894094845,1
0.388708195293,2.15051568487,-0.12546223503,0.882084675503,-0.516579967354,0.416659829202,0.932684282732,-0.316647533297,1.48850630163,0.0319829824582,1
0.223310827598,1.25398253624,0.244930436423,-0.858379790938,1.32782940003,0.717029111915,-0.927853876232,0.151221721849,-0.500260834311,-1.39463338017,0
0.0370786966196,-2.34471453288,-0.735981669908,-1.17685535076,-0.211897954499,0.198983106335,-0.0433509340733,0.444813001306,0.448841692499,0.0174328382198,1
-1.42079960051,-0.874078526165,-0.615889359313,-0.283204746698,-0.65190012349,-0.439404947471,1.59867517649,-1.05091727622,1.27651652508,0.566954584244,0
0.247677879472,0.119350253415,0.597544229664,0.681326381944,0.60214280908,0.166086226747,-0.499424721944,-0.281625718292,-0.721620455547,-0.396278796451,1
-1.07110561204,0.602256525465,-0.913319399436,0.131987328154,-0.190217817497,-0.979626221682,0.257777897412,-0.269695267671,0.749495187506,1.90899928483,0
