x1,x2,x3,x4,x5,x6,x7,x8,x9,x10,target
-0.90494884373,0.607848406541,1.47318168813,-1.1975218469,-1.67008010217,0.622185772792,0.228431397807,-1.28823170533,2.9102534801,-0.177944085016,0
1.24802355707,3.2705094325,-0.0530105264417,0.120101599613,-2.1033765078,0.765747484052,0.339898534455,-0.158491297084,-1.80098157358,-0.0205874636416,1
-2.32469282021,1.55655506009,-1.11458236795,0.0809469321894,-2.88854675339,0.261146026934,0.287457365145,-0.932563605031,-1.51595765938,0.472451797767,0
-0.48466135713,-2.65081352155,2.08529661257,0.25407702031,0.310385628819,0.788754266041,0.00765217386498,-1.64251885389,-1.23812196408,0.757398846239,1
1.52954024194,2.9121907227,2.73884860032,-2.2732669416,-0.421400707697,-2.12128559976,-0.711947275715,0.0643176298906,0.597059907246,1.3488187679,1
0.206083511881,0.979405593436,-1.66526682471,0.0569639539775,-1.60471458516,-0.908407557514,-0.303250900657,-1.06480546219,-0.259296791802,0.239051940337,0
0.188033103969,0.603964145467,-1.44867351603,-0.839117070461,-3.56076732507,1.03566724718,-1.54286122174,-0.932638407776,-0.795594537352,0.214424372102,1
0.792181084659,0.837172401985,0.676404664452,-1.46758747314,2.76646913042,0.796275078069,-3.15619390481,-0.146268967828,-0.461148600187,-1.75224857649,0
0.438798824543,3.54813188541,0.47039047145,-2.01051889392,0.513270201697,-0.107210403514,0.228264171625,-1.5662348418,0.147083685484,-0.781760390096,0
1.89090784128,3.27228025117,1.04607017655,-0.665841956111,0.198194159214,0.43350785008,-0.875043080532,-0.0607610244126,-1.38424226169,-0.5215347999,1
-0.247281988559,-0.394234122427,2.28346615342,-5.39537144621,-2.35926076554,-1.44528751885,0.979942082284,0.163854033045,-0.049277477702,-0.038337921469,0
2.17873623344,0.0202399141983,-0.287998974166,-1.45912071383,-2.18749146227,-0.318265400737,-1.11441311013,-0.22330318111,0.953338619885,-2.22249652265,1
-1.18918738149,-1.00484726913,1.50185368673,-1.26699680108,3.12070349082,-1.61194021709,2.22804007356,0.753662664465,1.09302801426,-0.223169663107,0
-0.424016525107,0.455283416949,-0.928435226493,1.66402589525,0.601274551339,0.147205414712,-0.858300228401,0.121700562161,-0.245155447488,0.113826484079,0
-1.48395346469,-0.86913733227,-1.72391574535,-0.438201154843,-0.555295635507,1.55895876636,-0.451328772521,-1.23041522895,-0.59325174185,3.42532678399,0
-0.132503083772,-1.27504437383,0.318175223026,2.22263115653,-0.374972715292,-2.59574716294,0.403893150695,-0.8495123584,2.24017757495,-0.542689088906,1
-3.92206085383,-3.68132366676,-0.776492907079,1.33955283538,-0.143165112986,-0.17363607756,-0.296426607877,-1.10033881712,-0.155195132764,2.05337355423,0
-1.66442626044,0.172898410242,0.0495529876886,0.166585458943,-2.33373781855,-1.64408285417,0.0850498514793,0.522994806223,2.50233007428,-0.495810972578,0
2.34550942549,-3.6261395636,-0.766717808948,-1.84049759741,-0.323014470954,-5.59494550694,0.00699493898185,1.27885918725,0.358180629226,0.63198591088,1
1.12763326517,-1.3449236043,-0.548921322836,-2.10603389916,-1.80219821751,-0.540398121018,-0.0817859746216,-0.633370155307,-0.320922588226,-1.21036605417,1
-0.249345531599,0.00229502760607,-0.976769186632,-0.744698605751,0.797002097375,-1.14183482621,-0.338715098017,0.326267768583,-1.00001203128,0.977130761207,0
-2.0878166038,-2.56482231492,0.034494725647,-0.371472283029,0.515791733868,0.295152263785,-0.303667242118,-0.393178379752,0.137813967416,0.139469449865,0
4.34209791308,0.779058157642,-0.0953854981045,-0.513246318067,-1.49524192111,-2.44545797997,2.76257271021,0.746882946906,-0.0603038569861,-0.184147365663,1
-0.610757263898,0.417096794594,-0.180928890334,1.51687260343,-1.1587178508,-0.618769665823,0.345870658962,0.756930459376,-0.893506664157,3.36288725788,0
-1.05965543952,-1.0009886993,0.197424058583,0.54955706158,-1.48465505184,1.3105676763,-0.853220251753,-0.250628819572,0.0277545338799,1.13369205668,1
-1.45542568493,-0.646740881228,0.342876789032,-1.46032766693,-0.0107894945506,-0.323937989277,-0.540408676182,0.0470358567793,3.27490924646,0.140175113182,0
0.0594665819534,1.08153836018,2.16844657117,0.855098584359,-2.2054477701,-0.00512231221723,-1.47669352369,-1.28971735092,-1.59974744719,1.39758162575,1
0.0712468325203,3.4798759984,-1.43521994527,0.126205098486,1.09617143404,0.297183740825,-1.3203536606,-0.780350314882,-1.13835079642,-0.400222018922,0
-0.354003057143,1.35188598698,-0.00605565863815,-0.18073077732,-0.29540859435,0.776986189496,0.053841941065,-0.910786931844,1.20623707386,1.19870537252,0
-0.293094371086,-0.245025436794,-0.279753023044,-2.09579205321,1.26644361238,0.822191658549,-1.43848835065,0.932895039781,-0.473523880761,-0.85604248795,0
-3.41589989081,-0.681213790988,0.534023511102,-0.197246578424,0.0778924442839,-0.13755638844,-0.136331091392,0.0622311328441,0.101014228422,-0.17701549525,0
0.401494656845,-0.645498866693,1.82755614451,0.149547620211,0.880488310704,-1.76551040114,-0.179670454461,-0.502044436162,-0.223777052163,0.800485105789,1
-1.55377796944,-1.68443815927,0.183608919463,1.19987087789,-0.0815138117202,1.55558861577,1.25715883148,-1.21551502358,1.95754264436,-0.196835063383,1
-1.38901464038,-1.749053008,-0.633251810289,0.259729498685,0.0315288691038,-3.74883225103,-0.401842321389,-0.885864961996,0.843234416912,-0.286675869437,0
0.319619308826,0.941910903445,1.6945980331,-2.4006481014,0.883073823978,0.841874866856,-0.819219723432,0.374930224363,0.24518699795,-1.91260283039,1
-0.992153196752,0.597178455812,-0.665860563055,-4.02359887138,-1.62434568723,0.960449803214,-0.68745165338,1.54784373289,0.47814612061,-1.07047497419,0
1.25982750566,-0.634223403609,3.72032090382,-2.6065482932,-0.819456164176,0.767607686161,-1.04144962971,-3.62597880318,-1.23388717634,0.978187752043,1
-0.306016853432,0.372645502768,2.44013160503,2.2219899015,-0.234127050509,-0.834600696147,-0.239254894163,0.387676219728,1.50897988856,0.484728014064,1
-1.60996774983,-1.06548999129,-0.810737667139,-2.26207954305,1.17140639308,-3.39964429834,0.132251315135,-0.845371893747,-0.00886549395548,-0.509582138166,0
-0.937195148633,0.656786974462,-2.01803326313,0.45728902563,-0.181529401347,0.246870510273,0.0065928545113,-1.81663419849,-1.59508517944,0.14492647605,0
-0.830496722495,0.236671147628,0.0587924511174,0.711821039147,-0.637513926193,0.231385093551,0.741859665966,-0.365257937723,0.392189634882,-0.666445461726,0
-0.141399416702,1.98273717134,-1.44540893932,0.86762172886,0.906749896647,-0.897956510386,-0.432380752144,0.704801285695,0.989423633605,-1.32769971882,0
-0.0518392194941,-0.184732523547,-0.862846234088,0.516691967209,-1.1208761316,-0.38173739495,-0.236438037256,0.74627420007,0.385522721522,0.645142779605,0
0.355125239071,0.282555370372,5.20764886908,0.131615278411,0.74290641234,0.733016026933,0.535420489531,3.69576680174,1.54467536073,-0.169216675085,1
-0.221827421595,0.306413033775,1.26058792776,-0.0288985311833,-1.15913623654,-0.0364807560616,2.34157818451,-0.55732033424,0.443225573462,0.153641384012,1
1.7624001472,0.293853513552,0.0242573767229,0.170874124794,-0.162820431406,0.508219383861,1.57870753395,1.05660714399,-0.46098262906,-1.0965988018,1
-0.526019062826,-2.25444475273,-1.65329942203,-0.101552346597,-0.647463193637,1.82135063459,-0.781223176698,0.16832673841,0.219887258059,-1.12822937166,1
-3.11591494912,-0.711909621526,-1.42746660765,0.0138784622248,0.994646900232,0.534580198534,0.332708602867,-1.43679474492,-0.658408323554,-2.10957203868,0
0.590544211909,2.36197431824,1.1303262472,-0.497827154413,0.0565571337297,-0.301285927242,0.116363513169,-1.11642951484,-0.670303184898,-0.47001672181,0
-1.70485904758,-0.402164073274,-0.102569304109,-0.326229634282,-1.96915851738,-2.33785253795,-0.345459085764,0.415619569149,0.868565226274,0.723339341687,0
-1.24317789852,0.459544553954,0.429682345503,0.111319486418,0.772667583934,1.71593779686,-0.112946596358,-0.137820659389,-0.820004581776,1.53668053428,0
-0.226982758794,2.60919664602,-0.652137690486,-0.195799940381,1.0920352263,3.21358824079,0.033030072603,0.143959585989,2.10435661858,0.0256849895931,0
-0.376712834234,0.366092835797,-0.273518480527,-1.55449032652,0.866884212305,-0.326482399905,0.655485133458,-0.0885804150703,1.05568678088,2.25877163563,0
2.86159616683,-0.142842467462,0.331765646097,-1.11398446066,-0.253720428116,-0.118496083017,-1.00207053778,1.74929930597,0.592541388674,1.43628178366,1
1.34515988753,2.03818803954,-1.35100446863,0.926270675625,0.885222195147,-0.250112119642,-0.829044691085,0.23864484273,-1.05842529362,-0.0677066999122,0
1.19146044408,-1.96533802277,2.27218447856,0.208300799487,-2.50222874306,-0.118794441688,-0.00800806562021,0.359874992576,0.595842426914,1.2881614569,1
-0.730695399216,-0.561326141271,-0.110858743364,-0.857778795654,0.0639361284096,0.53971575643,1.36246340583,0.214925142129,0.807795090695,0.825311273342,0
1.53738020531,-1.29694427172,2.639984089,1.10921077989,2.12510384096,1.00070222592,1.68249266733,-0.928243982424,-1.22640570644,3.22808061746,1
-0.72166001695,1.1859815803,-0.456967968333,-1.30956724638,0.685985432009,-0.0515270678365,0.603743868841,4.52916420739,-1.34748959932,1.58576688777,0
-0.626906039067,-0.764599104954,-0.288373262809,1.81598685328,0.0879091294035,1.34973759331,-0.911105652001,-0.0585978474188,2.5515150073,-0.947359593059,1
-1.06832475957,1.19352720397,-0.990532676494,-0.110646516819,1.17917469333,-0.824125613961,0.10273128732,-0.187851318725,-0.165176005041,-1.12838760645,0
1.30209797884,-1.49901375554,-0.801529981042,1.48325982029,-1.86892240074,-0.348812580354,2.02784686346,-0.202610600288,1.84584973976,-0.495942242511,1
-0.426055802697,-1.12516186154,-1.42493856788,-0.271629909869,2.23723253842,-2.10178155006,0.150349899125,-0.30118097398,5.58227208189,0.843267809186,0
-1.63337322839,-0.194840104114,-0.673151050772,1.08155532978,1.28619459163,-0.291655700631,-0.636195201152,-0.18325739446,0.245039368294,0.199274787576,0
-1.13386813749,-0.716236881936,-0.36335615217,-2.36327238346,-2.8327434332,0.932486903149,0.170916006637,-0.0424329673931,0.437734883709,2.14922886627,0
-0.726077492362,0.154823070326,-1.28830293954,0.462779494952,0.696813891751,-2.16195981118,3.17330043744,-0.18701937846,-1.00623400833,0.000383354098165,0
-0.754979345832,-0.163926567561,1.84580410869,0.965618784897,0.213067862041,-0.0590267886542,0.0529193073949,-0.156636726398,1.97246969806,2.11391781838,0
-0.860577500775,-1.23048727835,-0.0139111654216,1.54838640174,-0.179283025253,-0.735393439329,0.574982149095,0.272060147942,0.0100494070856,-1.26170371166,0
1.93138774284,-1.76127398245,-1.08394473814,1.76854669652,1.27505806813,-0.268128660206,0.122072583312,0.322008499383,-0.0515967721852,0.416121435823,1
0.190470261251,-0.46564359804,-0.017667957924,-3.26749597766,-1.22034637061,0.319766647759,-1.90325072975,-2.72577530192,1.43303002836,-0.118777672788,0
-0.0692918280196,-0.297783482248,-2.00456527249,-1.87951363393,-0.503984657163,-0.512226601166,-1.68067678981,1.5861652964,0.234936554999,0.318074069055,0
-0.0554846500963,0.373145883049,-0.545294974613,1.46631316588,0.529484002469,0.709868515528,1.286055378,1.37871580546,-1.5191455322,0.360766838925,1
-0.00827111189806,-0.29798729072,-0.00209692301352,0.163695146418,-0.227560362441,0.214400389864,0.207667223919,0.576696159581,0.341851091621,0.844733925684,1
1.26163236889,0.841166269808,0.502201157278,1.611150219,0.573846511707,1.51540897726,-0.532500904659,-2.47303982777,-2.27135589777,0.377170610186,1
-0.126483909363,1.69918255449,1.47588928287,-0.0418512380816,0.41205217882,0.379679615081,2.44608511972,-0.259095474671,1.22328635537,-0.549059102409,0
-0.0414888410378,-1.35748710245,0.287364541987,1.0340428927,0.631432317648,-0.258225719902,-0.0953728812386,0.767047965085,-0.387308992909,1.13796691004,1
-0.440911914517,-0.383513184991,-1.28320534738,0.596222866236,-0.0523718847389,-0.672949850739,0.781849013106,1.4684334022,0.068600758352,-0.858014253922,0
-0.0603664021645,-0.830979961264,-0.0416223226341,-0.522492857456,-1.22860108336,0.259935046732,-0.321885811636,0.58160168755,-1.22404918192,2.82987361854,0
1.00394386465,0.230073204136,-2.87093063621,3.23961873953,0.0703396152662,0.362480442965,0.524923638044,-0.73968229479,-0.54450156564,-1.28228001405,1
0.0125154999411,-0.557059330797,0.375684769805,0.949992991156,-0.900546106156,0.352120292451,0.00318805157507,0.060295459655,-1.42306784089,-0.879519913634,1
-1.44370371626,-1.66687133172,0.589304922238,1.14692763704,-0.589083036615,0.0486911890597,-0.467827657991,-2.60588325328,-1.79375724496,0.0699677692176,1
3.44161990731,1.36290526172,2.96344704256,0.24507876355,-1.44178254234,-0.380480139983,-3.04387020258,1.32905803193,1.19038256229,1.47997671156,1
-0.329343871846,-0.760376163571,1.74709429826,1.35046988435,-0.0848997000358,-1.29495055864,-1.73150476908,-0.347136115754,-0.497994035046,0.487161307107,1
0.874701035641,-0.605513125241,0.333413315085,0.830576497859,-0.152721739733,-1.53032348561,-0.128676770556,0.757800217453,-1.04878526543,-1.46147340274,1
-1.14721151826,-0.61184141193,0.161962009716,-1.41264354906,-0.0692144119625,-2.32320641708,-0.488323729366,0.800203563791,1.00331739455,-0.312150258857,0
0.539113894352,2.14915651407,0.203399206726,0.181991461784,-2.71348296317,-1.20363572342,2.80993162891,-0.785974622688,1.45352257218,0.146560123521,0
2.58797689129,2.29102117374,-1.85918330504,-0.862365841397,0.687336849186,0.299802776609,-0.0566940528657,1.20906527028,-0.173858667045,2.01314399863,0
-0.609895552637,0.533073929027,0.631866603365,-0.623717138984,0.499837089572,-1.00267649301,0.629072626798,1.58189081814,0.274824212764,0.0396354612238,0
-1.00008760816,-1.06925089607,2.50305922157,-1.98671360516,-1.88499093105,-1.11802796434,-1.51000145453,-1.00903037083,0.803666911255,0.508343919442,0
0.243712659063,-0.283764273658,-1.01950118058,1.82301539769,-1.31144060704,-0.204548686684,-0.718865463118,-0.0247108818511,-0.979091715415,-1.22199611529,1
-3.03505354547,-0.436489725408,-0.437646770538,-0.162299022295,-0.325285555646,1.34520722297,-1.03931641356,-0.11245431518,-0.773504179877,0.179875242265,0
-1.14924018251,0.579026248503,-2.04033187461,0.119624873737,-1.6705039069,1.48597448926,0.886876078796,-4.60122700165,1.8033880815,-0.535607819173,0
0.307098409472,0.232867907533,-0.311959088978,-0.617932866479,4.61829466653,1.91741533336,2.8400145943,3.25469269814,0.921250488766,0.0874932013866,0
0.103558367767,0.0304309120103,0.0117628085985,1.50093560673,-0.364352314746,-1.32815574284,1.7562928753,-0.609991050138,0.979009730756,0.232523989122,0
1.21042505901,-0.484680895665,-2.87994311378,-1.17505036923,0.367878304005,-0.724743750572,1.52633406872,-1.93772765647,-1.00356278586,0.442481446707,0
-2.19803392882,-0.0659991159908,-0.643838180015,-5.81866013986,3.65741024429,-1.46280870282,1.13673103165,-0.792405284114,-1.69175948578,0.79040779996,0
-1.13340713307,-3.1983771079,-0.559632115741,1.46543390187,0.01744455185,-0.00828858846387,-0.14653824355,1.32778909335,-2.57680274031,0.621230308815,1
-0.227278422133,-2.12078916958,-0.790482478387,0.758102566306,-0.707824970525,0.188338776102,2.07079141593,0.888846703445,0.571294404326,-2.07228104055,1
-2.26090341808,0.703234084325,0.168096081136,1.23157486225,0.988117960092,3.73949442931,-0.649851566073,-0.754306445293,0.0379580673656,1.0683624351,0
-0.650341473375,1.94056047792,0.0703406639944,0.0353038106714,3.09446652675,-0.131291500101,-0.207179282478,-3.56774015868,0.444062851018,3.30855582033,0
0.295187656262,-0.286064829977,-3.10629593784,0.668470162327,0.465703870454,-4.04857489671,-3.88017644998,-0.741888722254,-0.588832967928,-0.221993316832,0
0.45494820427,0.0808901655653,0.642619183125,-0.198650950715,0.0389959899379,0.678096624814,0.63947330826,0.0256387746727,0.73266916155,0.597384327762,1
-0.279932359466,-0.335327230368,-0.0752245191295,-0.585048708636,4.0046452696,-1.22633419251,-0.237853490548,0.215220325674,1.26351038679,-1.27977485918,0
-0.203893867905,-0.823651868274,1.98439127533,0.221170617566,2.76837447455,-0.207402407138,0.0951832302986,0.981757773946,0.79497540682,1.56119797209,1
0.568145669325,-2.31431251933,3.53985737488,0.203805056046,0.00617296050855,-0.296999080278,-1.19045880963,0.0458989105629,-1.14529373511,-0.159050126858,1
0.114919853048,-1.18584248734,1.18683175664,-0.157243498944,-0.413525998114,3.19803716459,-0.889535911669,-0.207224473621,-1.47478041241,-1.11684962357,1
-0.381257445869,-0.233173442942,-0.259421720412,1.71934600559,-0.494105084359,-1.61626673364,0.0339137004378,0.0767598618644,1.71734939004,-0.526890350559,1
0.482644844378,-0.221990060508,-0.713364136469,-1.90234313608,-1.21023774386,-2.12018936936,-0.178451478364,0.0413089341433,0.312671188654,2.78459728989,0
0.573828432179,-2.09911545669,-3.32674472616,1.52215975667,-0.500040701812,-1.2577785904,-0.201342390708,-0.0482395929861,-0.104939674416,1.87094803082,1
-0.365754539678,-1.82080839073,1.1320328723,-1.39665743279,0.328109248087,-0.0539096653239,-0.812670006184,-1.69836709611,3.87334820033,0.153372884406,1
-1.43439673018,0.974356769352,-1.6632259594,0.217147586938,0.571199432422,3.0493068611,0.172501659386,0.318497966466,-0.571925093186,-0.0230858858696,0
0.876889936532,-2.93141322928,1.23413436707,1.67119612488,1.63425852136,0.204477014733,-0.453001070713,0.0284907254373,-2.00176879016,0.234473962529,1
0.383454145081,-0.033373583032,-0.50958348993,-0.326629438167,-0.658297691682,-1.29933239634,-0.144215990981,-0.99637159106,-0.345052554633,-0.0410450360228,0
-1.22387870641,0.991721830521,-2.4993728117,1.79400777116,1.77891116538,2.81826888275,0.0357765195995,-0.415760192827,0.314138073396,-1.67387831942,0
0.0788739070163,1.55595377533,-0.109135667598,-0.316652031947,-0.37561586155,0.00195311054788,-0.876319917955,-6.79000786763,0.249823701025,1.03141610283,0
-0.0947968979625,-1.18194850496,-0.128456736496,0.722076403242,-0.61491744168,-0.463536597157,0.124699605006,0.563640831603,0.895020902786,-0.00807596692762,1
0.645480124554,1.20958488845,2.76151335066,-1.13175227005,-0.870933876635,1.26045058171,-3.44437400097,-0.063443926721,-0.07886654398,1.70148037073,1
-0.27448217725,0.295896229605,-0.333138545,-0.530768635345,-1.12854176067,0.153980168229,1.25262757978,1.22571893818,0.277629261572,-1.26068562384,0
-0.149298626073,-2.41627509359,0.422205006208,4.31656435267,0.31069208838,-0.463348649245,-0.241412271638,-0.334994517618,2.58592689415,-1.90835314477,1
-0.0627099272418,1.77096698102,-2.89930886616,-0.4766991011,-1.25403853732,0.293907294425,0.645372024535,0.108222398125,-0.0306665267534,3.50424337293,0
0.408693504754,0.576380518958,1.80190130099,10.4306608094,-1.30964908928,-0.222558824369,-1.68482918255,-2.00026575823,-1.0785747466,0.175540643914,1
-0.166945460895,0.316642757957,0.972907422193,1.59583809726,-1.62361752646,0.521902135254,0.384611562743,0.166690029839,-2.70891587283,-1.72052534259,1
-0.257998612385,1.06373748415,-0.851781684791,0.514108913551,1.3258761536,0.827785538055,-1.25375622695,0.0870030684479,0.116198426913,-0.877147504868,0
2.57802970916,0.220322518534,0.661666107631,-0.797314648468,1.59595919053,-1.01596128609,0.271229255216,0.423928069275,0.919070795376,1.41607174176,1
0.244686018002,0.136473912828,-0.92039795024,-0.551630417204,0.814079341699,-0.354745842351,1.81524965316,0.500708482527,0.00993353262041,1.46605537423,0
-2.88235155499,-3.61725651658,0.0312423596819,-0.0906259292952,0.171853360654,0.713735034292,1.30954536107,-0.723144363856,1.96638816783,0.691887113912,0
2.58047581261,-1.90491445337,-0.109625462656,0.506172403965,0.621136694478,-0.367628037122,-0.0877419426527,-3.22539939522,0.312803939742,0.0653945732082,1
3.35937115547,0.543835367344,0.810156245802,0.232379717244,0.640950671159,1.45086222858,1.27749970155,0.984496114186,1.13398849053,0.450607578887,1
2.27661254413,-2.92333010061,-1.25684296182,3.03155921015,-6.71311209464,0.472532711594,-0.91276654543,-2.07833487157,0.185509097108,-0.204801443127,1
-0.404066798355,-0.0388163832461,-2.72616424612,-0.912294545142,3.07471297023,-2.87327235251,1.7629338458,-1.61683832801,1.18976096184,-0.367089131392,0
-1.2651314832,-1.51987857623,1.84559391267,0.98987865494,1.5898739711,1.22939594683,1.61777028076,-1.51767088203,2.9158841159,-1.89551326284,0
-0.0621225187339,-0.115266704066,1.35522989875,1.28126395582,0.550217581885,1.13515804931,-3.585599477,-0.26401309675,0.32890675783,0.025560715368,1
0.47276312997,-0.212375857305,-1.7640170123,-2.10723303354,-0.101372209915,2.01431911289,3.19700899321,-0.168087331089,-0.321802712872,-1.21453169204,0
0.870896362108,1.4861585527,1.09337959858,-0.860052482998,1.19122552527,-4.60497702178,2.64596495771,1.81758864289,-1.44434584364,-0.665095222295,0
-0.0234366483288,1.10302417467,0.299336563628,0.660661422649,0.124865819591,0.723391385085,0.205558307991,-3.22778975942,-1.36631264768,0.0595883598077,0
-0.957518006115,0.00603652633349,-2.33144861535,-0.81831717439,-5.81442218315,-1.29397530844,0.64804869277,-0.613746889334,-0.630670286795,0.497255212474,0
0.665612572546,-0.535871745757,-0.0353709961482,-0.220684456343,-1.18259039967,-1.32805031642,0.944958590296,-0.0803849417038,-0.0992672604783,-1.76028720331,1
-0.754403274699,-1.74297342124,-2.64740910511,-0.773276677284,-0.631696452848,-1.23908050397,1.04902905822,-0.938549855947,-2.23463471238,-0.59811924731,0
-0.675915352648,-0.634995312901,0.930271360876,-2.17792196216,-1.07601997801,0.648904062431,-4.46642334634,-3.11089247737,-0.554282237322,-0.572800048196,0
0.545666813624,-0.589598918356,1.64364936581,2.00393703511,-1.77649805705,-1.42179174016,-0.216104682297,1.74363739859,-0.956584258323,0.134029156059,1
-1.99258280525,0.218170063922,-0.00619343764619,8.59282651093,-1.10447859097,-2.04220967924,0.368381624835,0.979593950031,-0.937753599396,0.422955553389,0
0.0140272870499,-0.683537644903,0.00491522248763,-0.549716330195,-0.361032314068,0.387647292278,2.00094416537,0.145521460718,-0.0919633917299,1.28528420114,0
1.29016010485,0.474493200285,-0.183885112694,-0.262659377414,0.0309399939647,0.834876239129,-0.908676410411,2.11916852939,-0.124554255407,1.86754485799,1
0.318045336761,0.231663474011,0.276238144524,-0.501977237425,-1.13328747641,0.111405039762,0.576101307944,-0.211610949738,0.111865576731,0.236459426334,0
0.621316588658,-1.73345971668,0.938813372203,-0.746201097639,-0.203313689674,-1.68551792241,-0.0637130191911,0.423809013699,0.214456174479,0.274931186999,1
0.518792966171,-0.279468063003,1.78171042826,1.23146219819,-0.0560028089536,-0.312346121503,-0.0173461345154,-0.272203347449,2.06507504321,-6.09921315728,1
1.30458645005,2.06025919745,0.318188809196,0.294123280327,-0.747629618586,-0.104428557031,1.76514684055,1.52160353071,-0.0331621163887,2.35662789642,1
0.337398135763,-1.10917839063,-0.698161163492,-0.795674276925,0.595542961244,-1.28963564815,-3.8361691299,-0.796847003445,-1.2384789344,-0.267421330028,1
-1.67617409108,-0.358216569499,0.0584876395159,-0.657778531074,0.0413536181202,-0.256012147474,0.0911530515589,-0.23923630056,0.808886251013,-0.276668110868,0
1.11355645874,-0.280977628351,0.212857842757,0.37429180554,0.201961339256,-0.537113091037,2.877010918,1.69820853325,-1.25031382803,-4.41851287378,1
0.180478537008,0.115238845853,1.30306476376,0.145007567545,0.455099007639,0.0385086543318,1.58507082828,-0.706876097267,-0.281916706488,1.45865657699,1
0.0738351106263,-1.74259781318,-0.31985907385,-0.925386489277,-0.504543024825,2.50331834762,0.48689417569,-0.698483765429,0.135556069209,0.915130423708,1
0.964976067741,-1.42922636908,0.197225853463,-0.216421595159,-0.583732471474,0.449239441526,1.45330429997,-0.737250718677,2.40756376652,0.596140812828,1
-2.89590609236,-0.312985753243,5.52050656846,0.636729143202,-0.807742206025,-0.8531494325,-0.00989904280636,-0.939050502882,-0.595298481895,-1.87535416228,0
3.10260552568,1.53962723285,0.023645987864,0.724632569885,0.79711247655,-0.41478994576,0.43934247081,-0.481806086751,1.66798336786,0.783371581006,1
-0.52332419306,0.928525863324,0.507605440609,0.597580506465,-0.27208530964,-0.0280246141331,-0.915026490388,0.628565453047,2.07483858825,0.18374598707,0
1.78447658224,0.286863457212,0.292410804076,-1.51848858712,0.702636261371,-1.22378211355,-0.224457868091,-2.63658257557,2.08361608024,0.229789827809,1
-0.429595439995,1.63262208817,-0.336265012318,0.0453167191232,0.856810367363,-0.1805088557,0.490997954245,-0.904352736403,-1.4645458639,0.0640496501784,0
-0.615200696057,-0.792233256857,2.92894241456,1.086899332,-0.107363288574,0.096147636398,-0.256266017632,-0.942519157582,-0.320917985701,-0.447343225679,1
-2.05002242911,-0.58228148136,-2.28224089485,-0.0569423138546,-0.24070611596,-0.258074310739,-0.413159083374,-0.726335028915,0.735255686284,0.349467284062,0
-0.868127728973,-0.100329264285,-0.434284715914,0.243241447307,-1.29870910819,0.129565189808,-1.75010384283,2.59940071828,-0.545212070239,-2.09709208128,0
-1.76274493,-1.19573598602,0.775556619119,-1.95777113475,-0.940210568735,0.328993619485,-0.0226898114765,1.35904665464,-0.342537128426,-0.443855990056,0
-0.403272351514,1.42521543357,-0.342478304632,0.505455138467,-3.01211754689,0.636511394306,2.61321652467,1.6527354057,0.0714667466744,0.685252232626,0
0.843275693356,0.785000385353,0.776899952114,1.48459448542,-2.76983026633,-0.268360820763,0.513854727735,-0.467929375812,2.10040918274,2.12705898241,1
-2.99957571781,0.173440785291,-0.429640185337,1.33621758999,-0.699205900043,3.22935002173,-0.636983112787,-0.202201731037,2.9104269808,-1.02092681315,0
-0.562590907758,-0.191584185568,0.370332295472,-0.433425111354,-1.72184502804,-1.12593608899,-0.473186110438,-0.976331133069,0.554180688838,3.60415472446,0
6.7726958962,3.83217986166,-0.624895071088,-0.989973505648,1.42945545829,-0.154292791191,-3.13593142555,-0.422296135384,-0.976398566045,1.17061926328,1
0.0675678870885,-2.14509552049,-0.45032772575,0.447638495697,-0.617897193681,-0.0837797352426,-0.430348749332,0.745499685167,-2.37556456679,0.300234994557,1
-0.630801046463,-0.825164704607,1.64207036862,-0.859265499181,-1.50218183168,0.493268673781,-2.61813673668,1.03375094797,-1.21804766128,-0.0549776756751,1
-0.269876268348,0.623139228764,-0.510845773019,0.251596818973,0.442941129324,-0.44113194877,2.74789164133,-1.10496554759,-3.24581779684,-2.31070885641,0
0.00273074080821,-0.492706876372,-0.875042598861,-0.65469974017,0.500839573224,-0.587353977571,0.127605802211,0.49309034785,-1.47398918833,3.49753719027,1
-0.354462096772,-0.804459165023,-0.260882973615,1.50711837441,-1.29103509728,-0.405548478523,-1.48312747523,0.83598461219,0.629596605677,0.986847741102,1
0.182775017966,0.600951839522,-1.26124254934,0.478846159805,0.596084030216,1.71304390483,0.551714815032,-0.631729604686,-0.0614368557989,1.28142330196,0
-0.216133463469,-0.286768109147,0.796280282362,-0.305433951618,-1.20162368428,0.932138770325,-0.261772407925,-0.25136603252,1.22645159937,-3.96421487006,1
0.962969480655,2.95980876723,0.334930906993,0.172584985721,0.091003939186,-1.5045798927,0.0645822828465,2.70816534413,1.52139695951,0.378429050159,0
-0.751232240064,-0.441559858434,-1.13722085494,-0.263486580148,-0.54228191144,1.71473077952,1.67765063366,-0.160489899119,-2.07162715977,-0.499666493642,0
-0.333972420555,0.240500044761,-1.98857947774,0.985924017064,-0.857039245441,-0.124781246329,0.0387608951551,-1.62766315418,-1.580081147,0.391297173794,0
0.252067604673,-0.610660799882,-0.0311507962901,-0.438910552977,0.391166401163,-0.510409493695,-1.15651184208,-1.67343180643,0.699998395601,0.0726959823445,1
0.0415785630818,-0.421457647636,-0.476461971853,0.216056135318,-4.74999500743,-2.54019480616,-0.0925008222398,0.568438487976,-0.21052027412,-0.297679851054,1
-2.01549492307,-4.58271453427,-0.369380113225,-3.72562350444,-3.84192273764,-2.01692121736,-0.90421534578,1.74804242365,-0.170874985455,1.5311979256,1
1.23127495928,-1.36151578087,-0.841060655593,0.677881280084,0.725851125584,3.91218641994,-1.46949652884,0.843987543173,-2.33171625852,-0.13704302811,1
0.720222633601,0.40659390586,2.38142681051,-0.334803657053,0.976963951533,1.52942709437,0.452484100664,-3.70305568866,-0.679753333359,-0.338554460147,1
0.177906710432,2.05545608167,0.153164911156,1.36378706067,0.408031561915,-0.423050543798,0.881166853976,1.26076926481,-0.0286244260139,1.60893463483,0
-1.38662393303,0.547376026042,0.107669528378,1.33400281366,0.260869360964,2.73992259502,0.833242183656,-0.375610879068,-0.79030342595,0.349592224132,0
-0.213587558302,-0.302498700855,0.994912080708,-0.675313113695,-1.31373594643,0.300386343075,3.16558006027,-1.15597452677,1.20059836056,1.92520719257,0
-0.39519595085,-0.0302397662072,1.3849153642,-0.240829903059,0.0903121202704,-0.141525771,1.93435693152,0.0468835291163,0.235404873996,0.138778166526,1
0.658142469718,0.298015551988,-2.7229616818,-0.543005900847,-0.920804840373,-0.697047801152,-4.0492215191,1.08145700403,-0.191033647653,-1.70184174539,0
1.51284895868,-0.292747832273,-0.677198285932,0.688521854816,-0.894210773353,0.981128979198,-0.425886991095,0.0942377651766,3.89253688204,-0.537917160689,1
-1.36233610126,-3.96965475932,-1.41757565081,1.74694549462,0.029991999486,1.70287019799,0.492599381318,-0.933377068968,1.21665822098,0.57503956246,1
1.12047492917,0.0131876438639,-2.20645039294,-0.0665295332981,-0.772368025224,0.655864566037,-0.729185915386,-0.116636980661,-0.152558255876,-2.93863082725,1
0.0939401496193,-0.568563160944,0.992811878229,-1.21676354784,-1.60027428583,-1.63910853719,0.861661772206,1.02798437028,0.811050558374,1.26938628631,1
-0.0306842677018,-1.47586334665,0.476463293565,-0.404457458044,3.73418181687,-0.0580184595538,-0.348873967647,-0.204907878363,-0.385570521617,-1.16336850445,1
-1.59025258934,1.20263593038,2.1074034301,0.0454174070874,0.437903111938,0.0610456670287,1.63627619783,0.0387204928271,-0.298140361161,0.19655371263,0
0.453360141701,1.62349712948,-0.6333438924,-0.462162149644,-0.481812039848,0.467033460375,-2.7599222695,-1.8617213623,1.20401410335,0.0792545895922,0
-0.308612214617,6.22996290955,0.75225000594,-0.520120120946,-0.482189408851,0.650244099079,1.07975842176,-0.909864200958,-1.33259380437,0.510523032979,0
0.803249790279,-2.68039536311,-0.854864822394,1.92440086825,1.69616884601,-0.997936749763,-1.14302494297,1.75531600451,0.600634257827,-2.66856764736,1
0.490754979058,0.274062163513,-0.58921818242,-0.602574593589,-1.47768810433,0.83039296243,0.288309923515,4.45344070785,-0.781267733852,-0.696085845086,1
-0.741125270283,-0.10996961614,0.0929172783936,0.809353685693,1.60280162646,-1.03747689385,-0.784408005109,0.335690192976,0.00370154616735,-0.00821340345859,0
0.658767474677,0.492382442257,2.52172138834,0.263298739338,2.49333549314,3.68772791311,1.51977434095,-0.943745808383,-0.60695575891,0.181675657561,1
0.114598940854,-1.46788004091,-0.517978402523,-1.59736821692,1.4475940645,-4.39868921834,-2.10872849882,2.2973035805,2.11436493884,-0.892738298609,1
0.791610818549,1.06526113291,0.329672414996,-0.321517123992,0.734470789428,4.79162768962,2.25927647811,1.50058309494,2.08832405012,3.82810744796,1
0.566197475651,-4.64869551017,4.54307166788,-0.58852866158,1.16012239051,1.17712785356,2.54284043095,3.52706101614,3.49082606563,0.700208762187,1
-0.389141186405,0.195343732194,0.0413038464144,-1.18768760533,0.788845759664,-0.894351462123,3.79023554245,0.161958767819,-0.796139727904,0.882770651521,0
-0.401870421004,-1.86949958207,-1.85053643663,-0.832149116346,-1.31782661649,-2.41855880546,-1.34344860804,0.0799762372136,-0.514508034424,0.743031194136,0
-0.184538547895,-0.413712332874,-0.857792639948,-1.3371970145,1.53860873221,2.76326220261,3.31632860129,-0.547342202517,0.841603652697,-0.262308011606,0
0.222791674025,1.09716457644,0.184822785746,0.867849841809,-0.863146396459,1.78812116885,-0.0438451006109,-0.608541685826,-0.206776726702,-2.32133846059,0
1.15910122381,0.255751550943,0.307736239497,1.3834685508,0.480542907829,-0.93326586986,-0.781302593803,-1.15758477754,3.63888373902,0.929702165139,1
-0.689571017394,0.10223014997,0.185016776954,-0.0180223353014,-0.398306273503,0.426894583026,0.0793445579794,-1.31037098309,1.01621266696,0.383168175285,0
-0.878413415516,0.288352488827,-0.856929385048,-0.00711727899795,0.159611886814,0.0911364133459,0.259198850083,0.610148550797,1.02142893083,-1.14856921228,0
-1.8261181435,0.642381547454,0.004125092481,-0.863079952508,-2.02148985117,1.02642140142,1.24048697093,0.326611565027,0.820859163455,0.54779419386,0
-0.236753607329,0.478676353124,0.111269704578,1.22916831592,-0.23842333833,0.437232856857,-3.21995508499,4.3773327829,-0.336665887752,-0.293597528289,1
0.107452476363,-0.0179514814819,0.228067327584,0.348244858461,-0.722854155215,-0.981722034195,1.66257712285,1.27012820708,0.0418707311975,0.944581791998,1
-2.92992624467,5.71177810121,-0.481179407291,0.292633317956,-2.10986904993,0.177996225091,1.76015818237,-1.94275738071,0.56685644393,-1.7422937667,0
-0.0757048737836,1.58813214256,0.335188255096,-0.469388564811,0.217434732706,0.0372997688288,-0.108349553808,3.60441000915,-0.228001167332,-1.70993684802,0
-0.901155304828,1.25373294585,-0.206188769226,-0.226847377045,-0.510218828693,2.05823390215,-0.0335587128365,1.92392564551,0.514461110338,0.48550201526,0
0.481286205805,-4.55606770616,1.22843717401,-0.150053511647,-0.835574363552,1.11510939235,0.700604564374,-0.203947530209,0.208759685197,-0.0370149806363,1
0.72641093989,-0.806205414375,-4.9428747345,-3.26571422395,2.01540391924,0.216326895915,-0.102058635643,1.83744047265,1.28216647814,-0.340731825529,0
1.02830203742,-2.18030202254,2.94903330373,1.36685935162,1.59227034735,4.35115575084,1.65444857228,-2.965098211,0.779530620975,0.586535403753,1
-0.123508535444,-0.855073899177,0.0680154044598,1.53146917427,-0.641074215523,0.768721557369,-5.23507809793,-0.681727217104,2.66195280163,0.233661807019,1
1.53558256734,0.0639741180448,0.936986945318,1.21210453658,-1.21134196653,1.21597189288,3.07200450737,3.90938461492,0.764296932752,-0.0471135245303,1
-0.1873254815,-2.69802380625,0.0622472135829,-1.32201812082,-1.21415377591,0.611791619504,1.44486119383,1.32898547402,-0.316101484955,0.230794768605,1
-0.98936843612,0.923498474104,2.97670206181,-5.27038512899,-0.410521788108,-0.582567595953,0.14074842887,-0.271799377827,-1.31128936242,1.99510720539,0
-0.913076776854,1.9673767172,-1.76245831198,0.117358314895,0.847941906259,3.29456257468,-0.601256253872,1.38572067156,0.183688951368,-0.433086260359,0
0.0352849098125,-1.21318165354,-3.86272814359,0.390545199107,0.337628673217,-1.16717872147,0.99748216894,-0.79149456541,-3.77491925515,1.0169493019,0
4.9002729265,0.764826276522,1.53998302587,2.87573263091,-1.57265502165,0.365679621318,2.10181594077,0.272347136802,1.05646466545,0.486589982905,1
0.529067316963,0.175751752497,2.36839354311,2.4185826407,1.43740969234,-0.425026081418,0.154078847756,-1.55358487274,-4.71266853103,-1.0239839627,1
-2.43370000698,6.52580163424,-3.64220395925,-0.803869614604,0.647343118287,-0.907083814944,-0.442850065128,0.435873800639,0.207839648412,-0.212597945911,0
0.655874537059,0.455267609524,-1.12163227309,-0.283797692538,0.180634161563,0.704269282544,-0.357235097178,0.836545864818,-1.80919010827,-0.139204098009,1
-1.69425915817,-0.169477885021,0.692143701939,-0.28637856243,2.99713798839,0.281187361405,-0.600692869324,0.514448361619,1.33138313987,0.602610418045,0
0.689360862121,-3.27681658271,2.66912323576,-1.20841867273,-0.462616846548,0.928333418707,-2.81136981562,2.78253384907,0.0623340840072,-0.243536246559,1
1.0745265232,1.4258727075,1.70310309781,-1.56284520946,-1.23594332005,-0.270925775929,-0.339226005122,0.354972892545,-2.16105494975,-0.282022853857,1
-0.133408750618,0.742965671218,-2.64383785163,0.682697621776,-0.588044255525,0.507441156367,-0.751661061879,-2.37302041574,0.448830270559,0.0774741859881,0
0.542195414493,0.25365986895,2.23544877802,-0.860199206476,-0.385478091297,0.338394911157,0.725706993502,-0.2572340164,-0.0961993026574,-0.0468953320933,1
-0.0831641664419,-0.0612786371434,0.819742731917,-0.247341459887,-0.502037246597,-3.27831876423,-1.13432982504,1.41917720301,0.727373957236,-0.403228300478,0
0.72947145663,-0.71054283084,0.998758417091,1.15629971151,1.50232534562,-0.187417050772,-0.721765283802,-0.605955523252,3.38238630382,-1.05475877781,1
0.346882348689,-1.33911218345,1.83276516195,1.12366089646,-0.400714404368,0.519508799365,0.239362603893,-1.66893227567,-0.0173529407584,-0.137515238067,1
0.385017372656,-1.42069096115,0.294467592519,-0.0122944425208,-1.02808005743,0.619034022938,0.38905336051,-1.11468192373,0.126620542691,-3.01895342333,1
-2.53557462447,0.219522917653,-0.62402862674,0.041844900615,0.330261876358,-0.664326237799,-1.57509139972,-0.245779305686,-1.69743816585,0.0130704285058,0
-1.70989180426,2.50239096638,-0.140376542415,0.549147947537,2.37577603586,-0.625913926011,-0.537947782035,-0.177309935607,1.80090791211,0.693133580475,0
0.537580306523,-1.69166035396,1.80039880031,0.236465959551,-0.830342322782,-0.204699415069,0.223177426293,-1.89612963457,0.34771315561,0.813520343359,1
-0.597972343798,-0.697624834808,1.95958912863,-1.92469649742,2.52162090078,0.502135146015,-0.635878394843,0.428939123196,-3.33826762879,-2.95543193694,1
3.43497256181,0.119842579031,0.577457701722,1.1578329083,0.333632296588,-0.733963187713,0.050017719333,0.68170878184,-0.568421576344,-0.29966848697,1
0.933874294599,1.86295058932,-2.14270459799,0.370842210766,-0.0153857195167,-0.313415582636,-0.22477832188,0.19606091092,0.536195102938,1.11707265652,0
-0.232546165125,0.320275278873,0.00876089076689,1.31058210089,-0.534062510944,4.52392348856,-0.818547579273,0.169265193464,-0.00988487104082,2.38114625877,1
-1.76522478693,0.554121148816,0.458278732705,0.214265933336,-0.45038133453,0.646902797588,0.805492310631,1.96744618851,0.45950407732,-0.190484403544,0
-0.498661368561,-0.474317604449,-0.794067765087,0.530508383676,0.788804283462,-0.470593620351,-0.233143226779,-2.09979802259,-0.264204561189,0.839531008721,0
2.06762188499,-3.75438674496,-1.725052709,-0.601907871654,1.10293451884,2.51409247121,0.522996737745,-3.4295434477,0.932754870954,1.37098114833,1
0.352356069288,-0.0300047939435,0.3498054979,1.04540487699,0.220369001956,-2.49651185254,-0.21619553414,0.55136768866,-0.0021498160673,-0.556739813162,1
1.51298084892,-1.89445493689,1.92519188351,-0.662423241895,0.690885615241,-0.396353825166,0.500494279548,1.71558909242,-0.625955298219,-0.154354791741,1
0.381674283003,-0.79349832523,0.405154832442,0.69090585708,1.34175429673,0.228624489497,0.501868400445,0.548456796392,-0.229975299151,-2.05973134949,1
0.718050803714,-0.257196092082,0.00155330908181,1.93362021648,-0.990907329882,-0.643914562791,1.35240084112,-2.90901198317,0.217864199086,-0.45582869622,1
-0.11291127538,-0.694211663148,-0.137748515039,0.0566516614268,-1.34915775773,0.462944628944,-1.77451739831,2.20695760635,-0.3400212493,0.209476116961,1
0.346465830004,-0.353536427015,0.451069108634,0.328755068121,0.188610960372,0.132381953915,-0.0887523705672,-2.09340591519,-0.203420518161,1.62509907453,0
0.211540853611,0.578660699629,1.82379978336,-0.594027251129,0.552402809441,-3.00485509432,-6.90280802268,0.428881635714,-3.7965274432,0.732790465812,0
1.86193106647,-0.835698447762,-2.1166571628,1.63304636445,0.729421400091,-0.951948963177,0.856821192664,0.573424622257,-0.114807916691,0.499628395792,1
-3.74837076188,0.605855535152,-0.702741342955,-1.01573464358,2.96678283019,2.54047865962,-0.01682924834,-1.17401939157,0.608718220413,-0.405092815502,0
-0.544663496711,-0.206608095752,-2.5000032299,0.233916919572,-1.45668517537,1.20787718846,0.258736102551,-0.208504197027,-2.02893365303,0.0802417350118,0
0.29850599315,-0.292603191357,2.40420912112,0.754089452913,-0.85354488079,0.523409242441,-0.230078589771,-1.34378684904,-0.0426747126973,-0.344646095113,1
-0.966619559854,-0.212830138337,0.529543457274,-0.403088011518,-1.5255611328,0.354494067918,-0.805752220121,-3.10221509185,0.198320181451,-0.186540787556,1
1.27673815171,1.42763942502,-0.364112133056,-1.0971876679,-0.678250609311,0.45535576684,-0.266865146294,1.22255298098,0.8001703321,-0.43639702264,1
-2.27292005138,-1.73874377749,-0.381478958089,0.0844344085338,1.99407029521,-0.525066353948,-0.0319345084424,-3.58344419365,0.740829384896,0.610687461608,0
3.12711350084,3.53371380934,-0.679132645635,-2.00670296459,0.252254631901,0.553185007665,-1.88505167816,0.0904204593289,-0.611807722456,-0.642921628267,0
-2.5276493733,1.1548148903,-1.24213982038,1.11919857292,0.0324496430613,0.910009230834,-1.74314038959,-4.51258094713,-1.17560857994,-1.50075602908,0
0.920573894979,-0.954674865304,0.662599593917,-0.123355002689,-1.86893938312,0.140024181505,2.41094918821,-1.94156665733,-0.0913205675652,3.55130468518,1
0.935157894541,1.74014215372,0.461666076469,0.856125531711,-1.20558764721,0.803870898668,-0.786276903189,0.0677286778046,0.0369552354498,-4.25242477059,1
-0.705720889329,0.929517464366,1.32896272604,-0.58898283894,0.204065472668,1.8162306241,1.22905838952,-1.96665516337,-1.71159240571,-0.416716463359,0
-0.52865968277,1.60179614408,-1.6997345592,0.522176337902,0.307534739304,6.43082484645,-1.31768071289,0.843295143973,-0.531605411505,-1.91055013836,0
1.19599914163,0.0791575624931,-4.11845993283,-0.429013368313,-0.555989689333,0.9985536804,-0.134610680091,-2.45259247452,-1.20713930305,0.511203032755,0
-0.955886255677,0.382569698212,0.475486509294,0.104852267546,1.20461252408,-0.0652465411695,0.212561805028,-0.681039017051,0.235355653578,-0.083336467728,0
1.06764061425,1.0396292618,0.797004188419,1.16802215814,-1.52259106718,2.39089561916,-0.640335758085,-1.98258868995,-0.799405619034,4.57200597153,1
-1.88691377521,-0.238617455103,0.127179817429,0.0276825219873,-0.118555624593,-0.921402004355,0.855178259796,0.102626666561,0.80236847706,-0.00113565943338,0
0.292000106293,0.121803447038,0.223289634526,0.318361192128,0.181674193929,0.321315423847,0.409322317039,-2.14149102644,2.36569874075,0.742768816213,1
-0.787829485241,-0.350863045439,-0.777657414413,-1.42402600759,0.297961315651,-1.58911254997,1.11832521497,-0.975281961321,0.592910445586,2.1965989205,0
0.203692071603,0.0538103747608,4.75391434826,1.43490196334,-0.955340909985,-0.195726643727,-0.624769686065,0.0992060880393,0.749731745138,1.57362799324,1
1.14855595206,-0.0918582834534,-0.0516505968187,-0.450402746358,0.31525782881,0.581598446942,-0.239266559562,-1.08131371911,2.1174482491,4.73799186058,1
-0.138555090993,-0.939627543184,-0.113840047,-0.499827664547,-0.107121476605,-0.985500803323,0.974073047394,-1.61330684539,1.85292670611,3.024724028,0
-1.03956104884,0.712224746745,0.779880469707,-0.331128683587,-0.370606453911,-0.295803529003,0.225396055513,1.19538834878,2.34106758876,-2.4947024559,0
2.95745784354,-0.800668535778,-0.375318843289,-0.0544854677334,0.620922861412,-1.36516686054,0.526429275696,-0.165763820804,0.704424135216,-3.05787738972,1
-0.0434671490009,-3.32547765979,0.351577690061,-0.220721195361,-0.485882204537,0.942272714224,-0.959808675684,0.33971777666,-1.97056063868,4.1256354548,1
-1.24543404087,-0.903180516659,-0.040698499392,0.525674316428,-0.215666543241,0.74291382061,-1.77842521146,-0.0452163170686,0.695105537427,-0.296313799243,1
0.157104871621,0.366463053636,-0.852024928949,-0.247674463178,1.18958871798,-0.731826213787,-3.62817134931,-2.469903299,0.687408183875,-3.18430692582,0
1.78285270438,0.452463820404,-3.063371936,1.34310097104,1.2062692941,-0.108956937638,-1.40228302633,0.362926064144,-0.0282974849939,0.484523904845,1
-1.03160766894,3.05460393421,1.8262975666,3.53256484303,2.57598367815,0.0994778849045,1.96396668231,0.363221656711,-0.0392607704415,-0.427198785894,0
1.0899952904,-3.38343902449,-0.145800832555,0.354282683966,-0.606210365869,0.606815017569,0.0486337875304,1.03796006128,0.735295482313,2.76389490117,1
1.4865243028,-0.379563938222,-0.886351472756,-5.39236344368,-1.50826878596,2.91956502363,-2.29788619649,-0.125341843457,0.715713216932,0.537307059527,1
1.57689823078,-0.315024676243,-0.226083456094,2.35778382452,0.294233898975,0.106442500135,-3.9925312797,-4.16583723169,0.103140677287,-2.39748202607,1
1.40380649863,-2.31541512899,2.74546367078,-0.26678251127,1.88807843441,-0.147915163926,0.793111236516,-1.20076114309,-2.32477188658,-0.830222240026,1
0.895713388793,-0.62101367586,1.51798845027,0.57904819173,-0.341092574962,1.1005411866,0.316244744904,-2.41744445559,-1.73338337795,-0.537681149943,1
-1.85712675706,0.0148436012294,3.07219107437,1.14703762729,0.864732848439,0.0881930826788,-0.475573110387,1.07456460378,-0.914406665837,0.0251491859489,0
0.0828146114078,0.845061348546,0.159605031966,1.41769017975,-0.0640959721196,-1.00659249782,-0.39914112321,0.206722465934,-1.22153429283,1.02681504555,0
-0.175261109171,0.234174556846,0.286276283148,-0.322629203465,-4.27913991462,-0.443606585605,4.05452234129,-2.12315987133,-1.09332538975,-1.74020478976,1
0.274860869007,-0.131566551242,1.8312136815,-0.459568846254,-0.231746855506,-0.810257757021,-0.265592166077,-1.62730872303,1.82955184041,0.208157814248,1
-3.01292696794,-0.375641189571,1.14925042698,2.2338286405,0.75085309523,0.659090763278,-0.836852124396,0.452211748116,-0.701331343036,-0.0227833283563,0
1.29476880317,-0.502228898089,0.578171184659,0.395906998526,-1.44051810888,-0.13880094664,0.699614012818,-0.0716403829551,-1.05419325849,0.626044183175,1
3.82523961491,-0.954663868973,-0.933865208655,1.10350251742,-0.649734084094,0.698606635263,-0.883910937881,-1.85275969982,-0.0271757462283,-2.74841300075,1
0.993339845598,-3.77679980757,0.332779293068,0.387813981698,0.0463063672786,-0.180636657139,-1.14456589854,4.27057867621,0.288990486588,-1.01663903224,1
-0.00287680627327,-1.2769553198,-0.129813270968,1.84888182062,-1.27289395946,-1.16451560133,-1.34051723893,-1.90001921873,0.0912530892666,-1.31654117541,1
0.0149259908056,-2.42344363321,-0.267663687172,-1.45237087835,2.06997047624,0.131267755452,0.18520799095,1.20060559431,0.794842699923,-0.650376545022,1
-0.824436001442,-1.14785163493,-1.1494724438,-0.760268820597,-0.821079748133,2.8986200089,-0.0722426265713,-1.62552251395,0.944262001852,-0.287375997096,0
0.600030017978,0.0452526204236,1.29244789583,-2.45899317773,1.53131431736,-0.199791361815,0.786942741154,-0.72663416024,0.0579972675313,0.538050068667,1
-1.97094885528,1.81706582564,0.616074314542,1.82992800957,0.454430937496,0.850892429757,-2.8255282669,-0.926387122011,0.542869465259,2.29204675753,0
0.265499843622,-2.71069750053,0.283440362065,0.0627161590605,1.19607056696,0.448063482741,0.651114853936,1.55240045247,0.341351980395,-0.173101977092,1
-0.0615001235646,-1.99836799312,0.588524108821,-0.588812189018,0.349850551049,-0.727841393634,1.20822280019,-0.279690999903,0.235385286926,-1.29942917574,1
0.416904697828,-0.258256570326,-1.34023628944,-0.230523517544,0.589720376112,0.088333626849,2.37461931068,-0.372885582293,0.307810692405,0.627536582881,0
0.478346874105,0.0180217239808,4.59521468545,0.584368116737,0.285530733189,-1.80965156485,-0.602544935513,0.48067920403,-1.57061541408,2.96422261146,1
0.223267471962,-0.781615939089,0.382446211595,2.18095002445,3.23062184188,0.0659525764831,-0.270113781037,0.583167674106,-0.335115566591,1.6006841759,1
-1.18769666107,-2.17783673717,-0.54261349265,-0.797699081353,0.798830083098,-2.8766235217,0.289426170196,-0.699396873673,0.0430447972023,-3.6420696662,0
-1.02128148634,-1.58783809109,0.353307370514,-0.287277533833,0.329488618425,0.545535026282,-0.0707118466284,2.05055556262,-1.9021177796,-1.34330537767,1
1.24436134364,-0.0960788852062,-0.0234738752146,0.188966333572,0.00479549948841,-0.365108435368,-0.146413263829,1.04961285074,0.864176997746,1.96727759079,1
1.10011160793,-2.6244693767,1.23108354691,0.637770280582,2.59359993565,0.00324332154965,-1.45875787227,-1.26049021998,1.88750839469,-1.46846329007,1
1.85275095772,-2.80771990174,1.63463396399,0.747735186219,-1.04430011943,-0.617414746356,-0.270347350798,0.0968910374839,-0.800821180415,-1.90201211416,1
-0.284914566665,-0.868921268153,0.0463926457178,-0.143074944233,-0.0698052491783,-0.0105450315917,-2.95882682214,0.000526546858148,-2.10282695923,2.23744288533,0
1.01512608696,0.526426977099,3.16629881867,-1.97320534709,0.457576211749,-0.114850527989,-0.42880649362,-0.216817072002,-2.92757718854,0.465051985536,1
-0.0366946659976,-0.260608012853,-0.0610849503103,-0.0811012593341,-1.92096271973,-0.0842066383633,-0.163605545707,1.83710018166,0.946994157399,1.52999125382,1
-0.500465102564,1.12212347056,-0.775381096694,0.0235255732637,-0.542093661382,0.118517213146,-0.267157721751,-2.33267692276,0.587172443661,-0.12802804507,0
-0.197061363073,-0.0459438789069,-1.36951852312,-0.0871377051768,-0.152724622666,-2.19800787291,-0.339832202557,-0.473529391816,-0.285938948669,0.240645776239,0
0.927144945097,-2.082156022,0.0657170823523,-2.04973716132,-0.362552535364,0.463646541161,0.145862339976,0.062783123698,-0.0472313084983,-1.11411250565,1
-1.08242780762,0.445320090503,-0.0181162359841,0.559744136716,1.98074984045,0.142296794627,-0.519614824879,-0.457464358961,-0.446705625686,-0.219705660107,0
-0.197273320093,1.5211689621,-3.32468006891,0.587467749709,-0.682513655512,1.16496315519,-0.578176211706,-0.903024485537,-1.21588718379,0.0660047588809,0
0.497163973017,-1.64263997451,0.730198134293,0.240863352849,-0.497899769333,-0.161052632157,0.323841786299,1.98394297284,0.18688905155,0.749282310828,1
-1.85494110397,-0.694114648066,-0.485397332506,0.720803396635,0.785548891945,0.372636228398,-2.0144304227,-0.0219060416443,2.52579700438,0.127672541146,0
0.849610361487,0.582628781398,2.03586176308,-2.63081988401,-0.101704064345,-1.01147942718,1.27150036403,0.526043790974,0.027884298501,2.78645796664,1
0.655956194633,-1.04241679807,0.341996973549,0.425290211576,-3.23268043615,-3.12732084727,1.78966157579,-0.541870559714,0.864687257028,1.65827463764,1
0.796019583577,-0.00227705431543,-0.817474237531,-0.621275796282,0.342250696381,-0.384034492806,0.250581306954,-0.0793184479227,0.448416604964,-0.778160956736,0
-2.32764815616,-0.508941682278,3.10862266052,0.298173005228,-1.87101911549,0.999974216,-0.205581677049,0.710427956956,0.190584392289,0.407992806906,1
-0.130821456108,0.296861211903,-0.023340635479,3.71589429243,-1.61300816456,-3.31785024069,2.26877489481,2.50500577869,-0.889169315011,-0.411799005862,1
-0.117564166089,-1.80482549763,-2.77929521191,-0.413665600754,-1.39889102754,-0.404027390513,0.780601919197,-2.57751622218,0.327159998745,2.04418945887,0
-1.51402285812,1.26692793648,-1.83620912902,-1.99375638866,-0.895461480225,0.969406744456,-1.46537493105,0.734772274853,0.487830453718,-0.220124503995,0
1.15021426524,-0.320529211172,-0.597046256772,1.52609247698,0.959578571124,-0.195982751525,-0.626793316748,-1.80797353561,-2.91177279253,1.58647368291,1
-0.179326913027,-0.120332917782,0.272763659948,-0.582390047141,-0.597622252065,-2.35238174809,0.891112500419,-0.748735536183,1.0782933058,0.0707182291705,0
-0.0784860947535,-3.88925044078,0.549477577539,-0.345147199025,2.1790756873,0.822171525375,-1.6125268299,1.28502914803,0.661391795502,0.089709131332,1
3.04813388827,1.2159380477,0.218541865361,0.0134952964734,0.0577572143279,0.0940821413421,-0.518071823186,-1.62044177076,1.04239877435,-0.570182992348,1
-0.359063888237,0.100030520177,-0.49089372694,-0.323277517431,-0.201809086595,0.483121113353,-0.274797417424,-0.139781692855,-1.90767168658,-2.16299038926,0
1.03075627299,-0.750359409856,0.577880600207,-0.117169595742,-0.0418602746953,-0.0812391828839,-0.153701011835,-0.520754684627,-1.40556939101,2.21989297727,1
-1.41093672697,1.29122740616,0.830256744372,0.480530312977,-1.56467429739,-0.300879375536,-0.522892380694,-0.361212628101,1.29470920625,0.758820833123,0
-0.612644438974,0.717864837567,0.0167711570827,-0.299304362786,0.0603282141025,0.165719786426,-2.77401914474,3.30631745235,-0.181211629287,0.419107065026,0
-0.326589522795,-1.00427676571,-0.0559541335454,-1.56679663772,2.00838694535,-0.783911401171,-0.829335648562,0.16397093183,2.41623638527,-0.40361851513,1
0.332865112494,2.44533013286,-0.235950351479,0.327535355965,0.941881127016,0.587216428319,-0.83726177454,0.16940024313,-0.706996426717,-0.789774548096,0
-0.468920553329,0.337555253434,-0.245911724073,0.331604460418,1.11548923961,0.512701271629,0.352669922469,0.576877370851,-0.464663202918,-0.266703721407,0
2.63713457452,-3.0315116642,-0.444422234515,-4.03285209082,0.106916491809,0.139976099728,-0.248456675007,-0.316370804021,1.44693683001,0.287052206432,1
0.355652190206,-1.12602008312,-0.377058762268,-1.99431077027,-0.721611367233,-0.47521387082,1.46456991858,-2.35012886898,-0.4736065423,0.352062096478,0
0.105686227704,0.0672657531742,0.325025293429,-1.76445749455,-0.752169757113,-0.208661693278,-3.52823381194,2.10365156234,-0.0819566404082,-4.59263997851,1
0.516461413737,-0.205748995792,0.346625813213,1.12985055592,-0.158717156011,-1.04830975754,0.119641557547,-0.520843943453,1.08869282307,-0.622250059438,1
-0.414778858495,1.88775757029,-1.26948952451,1.18564132428,0.476711514158,1.33122754127,0.199539543706,-1.84820385179,2.44590067479,-2.16647520465,0
1.21119230753,-1.26543626311,0.398828479124,-0.36740898563,-1.57615477629,0.139540458347,-0.129288929496,4.80627211756,-4.01155591758,-4.22463459861,1
-0.0754724144456,2.16116484959,0.306320012494,-2.87295758983,0.0632142880936,2.34801300252,-0.383259841053,-0.295951812361,-5.38347543761,0.15464085246,0
2.44148999138,0.709190357164,0.869215085921,-3.19861372397,0.666681406738,-0.965940040349,-0.897660104322,0.382707597412,-1.04205528095,-0.281826001478,1
1.44582267909,1.76336600135,-0.110508896829,0.153982382627,1.13945893614,-0.0193495074165,1.92954922188,1.0408083994,-0.468652696658,-0.0168282766582,0
-0.664944011852,0.371437257533,-0.216683042408,0.154241280279,-0.718955704937,0.373318526197,1.22861078077,0.234186936703,1.2140463029,0.749973096231,0
-0.363921672407,1.66204799475,0.0701225566757,-0.94665512486,-0.177158126392,0.727558857103,-0.52305356035,-0.118035316578,0.644906822014,-1.66279009539,0
0.296553255077,1.12127583027,-0.261182899849,-0.831822453948,-1.45077268012,0.0151976406362,0.244399285276,-1.34367090411,1.3256579754,-0.0242974807003,0
-0.821165693962,0.648844954659,0.325861823683,-0.258134728784,-1.89269138293,0.225645933165,-0.856534724776,2.37918933457,-1.38711158867,-0.920253876131,0
1.76593616758,1.13031877569,-0.353076622872,-0.85945104192,-0.994000923773,-1.68513496941,0.080104710772,0.308253454647,-0.372487387459,-0.00654533632763,1
1.04440109358,3.88744831479,-0.0571233933004,-1.28812386724,-0.968299081467,-1.8029663421,-2.13091702097,-0.84408401669,3.93095843211,0.00926003166095,0
-1.10085788816,-2.17270201127,-3.64655983727,2.83704986985,-0.204468400407,-2.44413673802,-1.99688212889,-0.861723603118,1.30758786115,0.658681422344,0
1.55894396121,-0.836919125604,-0.710755164233,0.802166985461,0.0916228208979,-0.0954581406171,0.263601551663,0.121820762025,-0.107238523144,0.806672281741,1
-1.18281558168,2.7201479848,-1.81778184133,0.129304490337,-0.055828819392,0.182755292611,0.191716627849,1.90620602649,1.09956816716,0.12722279871,0
0.824560152945,0.639688237867,1.82341655066,0.0425766264362,0.816779979238,-0.652665906876,0.455748353812,3.90093497626,-0.338929370524,1.65773522333,1
-1.1315181537,-0.382070027099,0.182191867004,-0.243558139571,-0.471875921247,0.521676029322,-1.15044413452,-0.0519450826714,0.745160595562,-2.20925387355,0
0.493401797911,-0.551761540358,0.787502406546,-0.401744200934,-0.653794357009,0.849354946104,-0.489568215439,-0.254673588638,2.30464091198,1.58997597824,1
-0.895740746815,0.989130414234,1.28560687985,-0.335776183616,-2.01737998173,-1.20296054574,0.034799679693,1.75308474334,-0.257632263515,0.773644251759,0
-1.40386958441,-2.03288839086,0.120294760645,0.0922933795552,-1.01981883553,1.99774544843,0.0620462423876,5.0991735236,1.72448086119,-0.541749953329,1
1.31915872881,-0.442331040033,0.0334366458594,0.900346061733,0.222921844232,0.908168192264,-0.864097723691,-0.034494075578,-0.379062398388,0.63287904273,1
-1.43317862539,0.573131884749,0.0291039187851,1.35647495675,-1.63764004941,-2.21420850483,0.215729858775,0.808000739941,0.49864634604,-0.419664159989,0
-0.339809627698,-2.60864862799,-3.16128785286,-0.0553318897966,1.80846568992,0.415952139899,0.888886227079,-0.254688122766,0.92773244919,1.64553352243,0
-2.36280194697,-0.507789797509,0.367495122331,-0.0779234744196,0.497034106117,-0.0353479505023,-1.50472772471,-0.200647712656,0.265641034566,0.88001931085,0
-0.33009865851,0.248341170708,-0.415872251471,2.96726003536,0.398032074091,1.24199351871,-0.308047675398,0.918823542581,-1.44095716228,0.303716566049,0
1.39215427757,-0.168047214556,-1.77116188825,1.97282485128,0.958838688203,1.32137669042,3.05888935309,-1.26348176854,-0.441282606361,-0.542927837165,0
0.712861471001,-0.247518650807,-0.208265942925,-1.68653471826,-1.30835432019,0.420881041633,-1.79255730206,1.11972841419,0.0286533802097,1.44297704447,1
-0.792318293975,-0.534474920077,-0.494389424982,0.215616627672,1.05515885013,-1.47113792977,0.0037478963326,-2.14384300409,1.14228431965,-1.96319001771,0
-2.16097385254,-3.64389328682,-1.14619307246,-1.68373904446,1.58677194718,0.063185415807,-0.496695992239,1.35393708802,-1.05208195016,-0.186128197006,0
-0.596856167906,0.197866013811,-0.132404628521,-0.825937829146,-0.480678578837,0.218763038509,-0.122528160151,-0.248112519387,-6.06968413334,-1.18418626584,0
0.39377211845,0.115530993705,-0.177268474691,0.827532214582,-0.850434501718,-0.938169917218,-3.23228592021,-1.31765884897,-1.36084775334,0.659523527572,1
-1.23823092936,-0.611437101588,-0.197244621486,-0.857683842157,0.0128083480163,1.03354598047,-0.292026644617,-1.51877705168,0.336989268219,2.92901326932,0
1.7061981856,-2.65193256383,-0.108333706487,0.851353082117,2.42590571926,-0.532505902207,-1.17441805063,-0.265741985565,2.86992331573,0.03087640973,1
0.0032730364638,-4.2819124034,-1.23855334604,-2.06049851536,-0.783349988713,-0.376004232904,-0.16374288701,-0.579434832053,1.99924338066,0.843524481472,1
-0.125677775227,0.0427733313708,-0.405387427716,-0.323284385734,1.21738198395,-0.209525805451,-0.825285357014,-0.248436091324,-3.85871070123,-0.607375312556,0
0.403545794846,0.462690236784,-2.11155278035,-1.0033256788,0.286426533025,-0.0372654052263,0.10052893663,-2.39608344471,-2.66191302214,-0.458653871434,0
-1.21749843238,0.169584175138,-0.0683626333165,-0.222199144442,-1.57112148452,0.470725877181,0.101416106236,-0.44295026023,1.00978583357,-0.950767634045,0
-0.438392360157,0.555536464907,-0.361430877637,-1.34015974543,0.559272843168,-1.58824787235,0.619740825198,0.0266164775447,-0.249772019131,-0.0698475749845,0
-0.84402630518,-0.286353621773,-0.15322336044,1.25863120559,-0.348992067337,0.770158838278,-0.575126371915,-2.27016830086,0.397160080259,-0.133886480083,0
0.333080981595,-0.379987746624,1.10587319517,0.293609043208,0.18842297554,-0.225118791063,-1.06239221721,-0.817494368483,1.43231883794,0.0265945870971,1
2.57027269371,-1.02078960088,-0.202087568191,-2.54038428086,1.43677849805,0.438023567272,0.00094944822857,0.310701330871,-0.191542835538,0.370717975765,1
-0.514299317989,0.150202062022,-0.109662851726,-1.21465119311,1.66644194408,0.392040607376,0.9001141576,0.348239118646,1.65449778941,-0.57855768511,0
0.167154024908,-0.995369366903,0.257826137966,-1.24780439768,0.54806421384,-0.192623643486,1.32473949385,2.54639509768,2.29996430639,-1.09624367333,1
-0.527390108458,-1.29473091116,0.404667728679,-0.928690202607,-1.15416646209,3.11022634573,0.343495049814,2.34398699964,-1.19993445536,-0.275366900946,1
-1.3193693942,-1.37886761807,0.493377048874,-0.652669756876,-0.357442556233,-0.0236480916944,-3.47756247928,-1.15058728371,1.00811124756,-0.420458347117,1
0.17670980555,-0.82530150544,-0.636156393049,0.891746074955,0.948126028551,-0.670698534818,-2.61256041823,-0.805962775626,0.0598531033891,1.0516489788,0
-0.118108402529,-1.35196239946,0.32981249499,0.0401918038949,-1.50649614623,-0.168172541966,-1.20085678672,-0.125526104235,-0.80879434032,0.237359912732,1
-0.841409128336,1.06119900066,5.14712698992,-0.329840952311,-0.644844651958,-1.57777668815,1.47327871441,-1.5530216551,-2.02434247446,-3.94562082464,0
0.24690232315,-0.272283122329,0.136334189159,1.28543752338,0.335485330877,1.44876647686,-0.801202293548,-4.22170610706,-2.27159415912,1.30688821629,1
-1.21088914666,-2.21546869546,1.65755004164,-3.52339424687,-1.52115173938,1.80350504611,0.0880184555312,1.08719651138,0.879894580379,-1.0543249763,0
-0.718184401041,-0.0821969589566,0.944764523981,0.515802592364,-0.264792043895,0.0905872818221,-0.833004599988,0.150065077198,0.512875858834,-0.364694981765,0
-1.74616966854,0.0731640078279,0.644772042053,-0.578294595855,-0.400281184368,4.31771518645,-0.000864683711531,-0.580789375696,0.398480012028,-0.260494103609,0
0.585582088942,-1.19340582799,-0.898442347972,0.838957203025,1.35667813996,-0.443748749677,-0.521113331805,-0.308060013953,-2.93305129512,3.28123331299,1
0.133072087192,-0.303534995251,-1.75667019638,-1.32986274083,3.03825326719,-1.23539771233,4.57720955215,0.114820151238,-0.485155907982,2.63908785805,0
1.97031805014,0.600329509693,0.689631693494,-0.993368923028,-0.35950491389,-0.198769099435,-0.368302653519,-0.237979457799,0.579111837156,-0.677310506474,1
-0.413116247647,-0.605515012051,-0.956308235884,1.09515837514,-0.365237961674,0.709263819087,-0.530628019774,-0.987284737691,-1.68867239267,-3.30377837373,0
-1.08604151761,0.51164581661,-0.230432529677,1.34559998952,-0.382490039113,-1.24718635352,0.391832312309,0.489735144717,0.314989240025,1.26166154189,0
-1.94222304414,-0.131115793327,-0.206021883702,0.242162963825,0.128708027088,1.46907680706,0.110886429907,-0.307319330491,-0.320410459423,0.327674626604,0
0.135878304504,-0.167259470412,1.87738779108,0.206294173968,-0.438043444301,0.909401412485,-0.65832758415,-0.730535725294,1.61353968604,-0.0130296737068,1
1.56371906299,-0.312118044882,0.186060732618,-4.44491253448,1.08943694783,-0.0447156661045,-1.17910510828,-0.331160670266,-3.52841694028,0.393645106323,0
0.478458524705,0.865261017958,1.19892340748,-0.520902290606,-1.68544200753,0.108814466932,-0.615200165663,0.285218185242,0.488915973173,0.6982172305,1
0.908132521918,-0.0189822860329,-0.650819249414,-0.0574369847318,0.57830938887,0.442430726227,0.941920818164,-0.256834497655,-0.0570101396753,-1.01598156853,1
-0.16844903124,-1.31584299685,1.049990088,-4.006020396,0.488538147072,2.34309853135,1.26227746481,2.57554843037,1.38789321144,-1.52139781418,0
0.746800260865,0.315282841042,2.4016925712,-0.213901795219,-0.8376229043,-0.299123267189,0.903308594977,1.40137407272,-0.32369527326,-0.346292533982,1
-0.989261675807,-0.412693339885,0.958891459233,-0.71658135329,1.10589709969,1.07703750782,-0.0727661298682,-0.0341184080308,-2.24718151355,-0.190676049095,0
-0.403432305616,1.18044700981,-0.687422890478,0.164122819287,0.589884664391,-0.929618539309,4.26899514821,0.845855638963,1.60330627507,0.349119903876,0
1.25513627989,-0.222461651466,0.784594128175,-0.0754475209663,-0.16215374109,0.586702309859,3.73393991386,0.152519809842,0.312539865759,3.22102475641,1
0.194283134189,-0.462324605678,0.00643027270725,0.252238109734,1.13490940009,0.0755978209725,0.0459283736393,0.390183177622,0.681731627862,-2.21617896849,1
-1.59548115881,1.28673872845,-1.20072254695,0.713361638863,0.646683478246,-0.429620341755,-4.845692211,-0.606304065932,-0.487905355329,-1.7652248286,0
0.0103446163213,-2.08402763376,-0.565908535466,-0.347866008384,1.19940204036,-1.66367073967,0.731890712723,0.116417436458,0.684784229624,-0.0702113410937,1
1.89353343244,0.44947539195,0.430885520246,1.73827293153,-0.160206912098,-1.45127576347,-0.108266453365,0.606684235692,0.759433037265,0.139609653951,1
-3.47077099766,0.959900364867,0.47947226548,0.816986082561,-0.237672933944,-0.140351401864,-1.38619647863,0.494792576082,-0.69880090086,-0.258656160201,0
0.302620734523,-0.120467680883,0.0767307566056,0.509766083024,1.00745787834,0.308479680528,2.5882651907,0.54151743426,0.706308546012,2.30395144951,0
0.616661659159,-1.78648372212,-0.200336927873,-3.88715236325,2.80781105566,-0.433100509434,-0.760988516629,-4.55451504264,0.00041475685529,5.00173442071,0
0.363816818717,0.191861924025,0.745376263154,0.217719055175,1.00521577718,0.567948324898,-1.85721835839,1.65974922027,-0.932928633063,2.51060908767,1
-3.20293632391,-0.219215042045,1.38293376955,0.88070510283,1.19173662996,-1.00908046732,0.987411066198,-0.174904313376,-0.668436278816,1.72046438664,0
0.432179036628,-0.20808561368,-3.87814255192,0.919234689058,0.426910107366,-0.253615086905,0.0207233718455,-3.81196899441,4.23100514858,0.0336027379166,0
0.41177913651,2.06138088019,-0.237312783265,0.123937668403,0.700617248084,-4.41269266834,-0.15577565388,-1.53406407846,0.975258029064,-0.488557966016,0
0.00184229434257,1.04086677974,1.23617843388,-0.692301086825,-0.948889883616,-9.86100247558,1.60653171305,0.722530582777,-0.166938483862,-0.364832419671,0
-0.117612036857,-1.4576257803,0.186679656156,0.241145457135,-0.11175270119,-0.0518867562961,0.451218559081,-0.595369527891,-1.97877008157,0.120132002804,0
-0.307241643872,0.372022391428,0.94850242386,-3.27835517939,1.17032434658,-0.0133869655221,0.0738213378831,0.117387437398,0.724472481886,0.738330880982,0
0.0678816103171,1.98398088871,-0.184609457251,1.38378486112,-2.29699373943,-1.46135602592,-0.278581282729,-0.875971905113,0.514317918581,0.54753966787,0
-0.218911698627,3.6531168275,3.01150836682,0.924986573393,0.268797142815,-0.551739105787,0.458843108563,-0.127723342547,-0.746308128551,-0.839630337392,0
1.28349926842,-0.476201943665,-0.807645873465,-0.116354090023,1.66834621449,0.550589726716,-0.49544055645,-0.252988054356,-0.795182572164,-2.03060786063,1
2.38519831574,-0.019808811265,-4.08663914111,-0.278071810304,-0.889102783598,-1.16518520824,0.56268413345,-0.259576155634,-0.107817515184,-0.296824719437,0
0.282162714833,0.346472349997,-2.70824921692,-0.912693003218,-0.280760552853,0.543727309178,-0.114146108215,-0.743841384604,0.10425261655,2.64086031124,0
-0.46700726301,0.831656486366,-1.10710566877,-2.47738163243,-1.00956752755,-0.284408806407,0.835049883283,0.954963754765,-1.74747502708,0.615362815399,0
0.151487754835,-0.38602716789,0.0659851060323,0.198064615683,-5.04222664577,-1.39610284148,1.68291364591,0.126761434438,0.645751729837,-0.0139278619684,1
1.24788500308,-0.645664773772,-0.461916940364,0.570698556201,-0.112781742654,-2.06392469453,-1.77798962572,1.41643817898,0.0995398690403,0.996020920897,1
-2.37967561827,1.32502150431,-2.6496014065,-0.295813402193,0.400465032099,0.780086310342,1.37601053079,0.0874586985887,-1.42729582928,0.30661876433,0
-0.146940638435,-3.18065871765,1.33898223108,-0.862284622573,0.248091682635,-3.68335119286,-0.492174546903,3.11379935665,0.0644832712004,1.19601022317,1
-0.300083110141,-1.21295335572,-3.24676935958,0.318121141788,2.92261982879,0.100070593988,0.717904691888,-2.8060058136,-0.24136799164,-1.52544831555,0
0.89223978227,-0.296647366361,0.0149998315558,6.59118905033,-4.54885498796,-0.350603244008,-0.469416421275,1.05548348678,-3.28239144234,0.79051931493,1
-0.362189606756,-1.38330995574,-0.59605320806,1.59767743892,0.355202966797,0.00995439885024,2.84748746012,-0.822561255438,1.17195569447,-0.0282723631823,0
0.237798785561,-0.131287117009,-1.0352650876,-0.184821377454,0.393854709925,0.262311897129,-0.383220360714,-2.45238096322,0.241924554907,-0.463572337534,0
0.00969652104101,1.55529933781,3.22833568274,0.184876105404,-0.284189416856,-0.451456893253,-0.130747253761,0.654347971261,0.196324798296,-0.00864503756109,1
-0.560618056291,0.770622362235,-3.80023640418,-1.08648275063,-0.758425109383,0.985004130569,-0.56909666226,0.077701356633,-0.263254989247,0.0632432541833,0
-0.124982673643,-0.888088400632,1.86250587168,-1.21542870337,0.316085115076,0.422736338337,0.62822141991,0.268607272948,-0.244929185967,-3.16414165564,1
0.0179185177561,0.314074546066,-0.995281726102,0.324147956364,0.0538209179576,-0.537571162696,-0.809482987696,0.337168549085,2.38326630903,-0.190920701889,0
-0.534388675184,1.02680886189,1.63982824311,-1.08179249435,1.35214741753,1.10469372681,-1.13984799337,0.920729918972,-0.765634218687,-1.07305983721,0
-0.954269390139,-0.36690479157,-0.705221567336,0.743797728924,-0.43153022574,-0.390527137101,0.814901822577,3.2365647058,5.55376160062,1.26743381038,0
3.16565327399,0.36890960878,3.06298807086,-0.368287635127,-0.0887654552616,-0.464638915216,2.8508584137,0.285160188903,-3.53999605522,2.52676011239,1
-2.25923892224,-2.83161840232,0.211704251899,0.0848632712833,-0.101916122036,1.05606157796,0.00356161182579,-1.08177342938,2.76730528257,0.25417186672,1
0.709524140098,0.356666763888,0.447516993127,-1.08241062536,0.840245132184,-2.72211444971,0.346709561971,-1.09580044266,0.927318978433,-0.224011297798,0
-0.0108637780583,-0.531925789468,-0.602621183436,-0.635054855222,1.99176526034,-0.241514899699,-0.373559081768,-0.331072516607,1.77902514486,-0.104540862341,0
-0.672352314531,0.0256998069364,1.62073085605,-1.75274394027,-0.615271067949,0.343115060083,-1.55739535579,1.21176891157,1.17377461469,-1.65055924314,0
0.893764471022,0.776114684416,0.116571892266,-1.1677508522,0.299366053269,-1.08774766776,1.07275457824,0.0768110207894,0.609305162612,1.73262453968,0
0.23624667441,-3.38558642937,-0.548944976426,-0.75975563573,-0.0670512735701,0.100244273554,-1.59519986094,1.1317369694,-0.903338770783,0.681640249352,1
1.52657767038,0.18822142212,-0.418886983301,-1.61398741761,-0.456530905395,-0.370654904637,-1.32947749845,0.568224842289,0.955221075006,-1.34126466222,1
-1.56345584052,1.86109667606,0.138163349235,-1.01952441738,-0.473613480154,1.06791332182,0.299052903416,-0.0469643270279,-0.313059343333,-1.45702564784,0
0.997118138485,0.227107696782,1.13220270712,1.21092749825,0.0431365055088,-1.00627577904,-1.47249067007,-0.00856519389056,1.77507404889,0.431224223991,1
1.46327458177,-2.21720796681,1.39748246412,-0.126066799678,2.79072583767,-1.13007896552,0.945423482756,1.26047398312,-1.79697215892,-3.05043874028,1
0.0597957302707,0.0214258499252,0.0380037230101,1.64304508147,1.77781447282,0.664175702023,0.490016050266,0.815105514264,0.302872859384,-1.74724298951,1
5.95700578054,-0.586277014451,0.5845294343,1.05228025099,0.0810037689278,1.17521287989,0.420715587777,-0.484857627638,0.348151704297,0.167027858905,1
-0.0987581765626,2.39516360318,-0.260518647427,-1.31177516345,1.35889638481,-0.414109042231,1.27148019966,-0.0300559729796,0.96246825962,1.12710631094,0
0.176760787153,0.61710658846,-0.0821816134125,1.62025751789,-2.61118639055,0.752770589146,-0.33759636349,-1.71257548295,-0.206425248078,-1.74490068009,1
0.631788348962,0.750740109771,2.17036332941,0.306217264862,-0.831364786088,0.392456934355,0.723790632053,-0.378755328241,-0.352177924185,-0.693650314668,1
1.13601378587,-0.502059436892,-0.111512322025,-0.608146923819,-0.824780220327,2.51656045339,-0.808412010428,-0.327132919423,0.286177250614,0.864872150733,1
-2.48790955758,-0.626056928077,1.06594771527,1.46365273143,-0.225550376805,-1.40912359139,-1.1532318506,-0.418435707368,-0.101720123007,0.120685704315,0
0.498154241879,0.751270726336,-0.545533357897,-0.351997878638,-0.416183607552,-0.941259892175,-1.10898229291,-0.465291023777,-0.265268701163,1.42235880082,0
-0.225874117466,1.34369865771,0.116680411382,0.482661359462,0.0904381300012,-2.41488375576,1.36545820924,0.177149815216,0.304300106362,-0.0549128749791,0
-2.62960957149,-0.0185544177992,0.260787357938,0.601373066019,0.44580085197,-0.330404388015,0.271067801541,0.410546021032,-0.698366459474,0.00570237442533,0
1.25987695422,-0.255548146197,-0.0433150514772,-0.951220507205,-0.749626628568,-0.0900726134467,-0.204885329742,-0.438984134968,4.27990485459,-0.468197143808,1
0.89313633973,-0.0720834388287,2.47568152665,1.24661211852,1.06258561349,2.31323028378,0.0356907033105,0.325920017113,2.0357596218,-1.1880566126,1
-1.46215191265,0.156963464022,0.606460399018,0.525805575378,-0.642878885357,0.201752389562,0.190500310559,-0.217415267378,-0.587915859744,-0.435992656402,0
1.69745854603,0.935701477283,0.251905553916,-0.286870964681,-0.441378639344,-1.17939760603,-0.216900679175,0.522625262369,-1.67521316873,0.0358797421982,1
0.999834990171,1.16023455057,-0.165828000528,-0.273290280422,-0.608820752552,-0.0658902669065,0.248112030613,-0.142626284238,2.01089104379,3.69915748221,0
2.25679675301,-1.77897566191,-0.366217253485,-1.03815142786,-0.24142962274,0.39089449914,0.330130388953,-1.73141650012,1.35817045986,-0.719108279843,1
-2.58036205082,-0.122191172885,-0.238702289544,-0.154619610324,-0.687668783501,-0.550242084028,-4.30294654513,-0.0312937503182,0.753437549874,-0.391562527742,0
-0.403710504514,-0.26896565489,-2.88581399238,0.169485428361,3.10066941775,-0.640157925205,2.22181992847,0.259147317946,-0.289273330619,1.70807816179,0
0.645997620841,-1.09431501844,-0.619711526926,-0.0795398470089,0.274205559017,1.30992478292,-1.3109917854,-0.895240686309,-0.377906608516,0.471966789698,1
0.447780549425,-0.450904850553,-0.96853649312,0.934815029272,-1.03211653791,-1.43940667951,-0.443566296669,-0.31775410748,1.7376876009,0.00636637340351,1
-1.14321295151,-0.703988967271,0.133424358928,-0.545838172974,1.18823448618,-0.0482644669929,-1.46752535878,2.37742227661,-0.0410454646765,0.539315357217,1
-1.55216348568,-1.94825375826,0.685311825724,-0.353455374074,-1.00981553832,1.23633918086,2.51039518452,1.223742996,0.471413837855,-1.69966151185,0
0.135943398089,-0.638810661917,0.271433632249,3.75228621554,0.483798705933,-2.68591792081,0.0130510222049,0.532536702015,-0.0247804280284,-0.71386502629,1
1.32379385711,1.09003997388,-1.08108807657,-4.70937180923,3.68244025705,-0.0518112978575,-3.41774709022,-1.40813769652,0.771389322045,-1.30890021778,0
0.310350354714,-1.44734870815,-0.210276188188,2.85593582735,-0.264015714795,0.290109426956,-0.875463042763,0.171847108046,1.42381989243,1.75479713177,1
-0.759492127409,-0.198407704876,0.79840178362,0.843657781033,0.0870782803356,1.02615221712,-0.639437709373,1.60830112104,0.275318379591,-1.87000116914,1
3.72679384443,-0.0486067346383,0.0996095673887,0.118516626208,0.732734162715,-0.911957704147,-0.122565308175,-0.888637502813,-1.23869922722,0.600262551815,1
1.50444576243,-2.69171420629,1.68850511903,1.26017704593,0.385277199967,-0.809946542555,-0.655255183546,0.289563350579,-2.55586300609,1.40332175264,1
-0.0351296365694,0.00562975835859,-0.133075264977,-0.453470874551,-1.17236955959,-0.32739143505,0.279263999262,-0.315414698451,1.03137433674,2.40965917209,1
2.71604681192,-3.24320456702,2.18458093992,0.971579711372,-0.60522390203,0.793545722417,-1.09434492444,-0.490679732219,-0.641311322425,0.478037217712,1
1.83125738327,0.623728942771,-2.09333319011,0.728914237085,-2.28258567405,-2.94548536361,-0.0862026678962,1.02055382427,-0.649853225578,0.0787095000305,1
-3.07905431339,0.272807522479,0.74694406648,-1.02862787568,-1.38400261445,0.0722903579509,-0.205351236165,0.566453611387,-0.811872566537,-1.28524029724,0
0.166890799372,-0.380237943355,2.13241077655,-0.682168614634,-0.368160058117,0.0661388199689,3.14228610882,0.487107047661,-0.378898601147,1.57213604954,1
0.41083406561,2.02029414054,1.28866610177,0.943456217949,0.351472078766,-0.511286252162,-0.250271945223,0.0557270455227,0.755358935816,-3.59646089294,0
0.389083652042,0.176473149121,-1.78041247025,0.364048631356,-0.76966402174,0.277923887819,-2.3871148574,-0.578502412786,0.847295467546,0.356479364226,0
-1.52125880395,0.610443559788,-2.54663068693,-0.584186257808,-1.01273509233,0.320879151064,-0.242324837179,1.21375891608,0.966984961387,-1.74385260008,0
0.983351102164,0.0667887116839,0.0359551336648,-0.150183561553,0.497831122828,-0.467571038754,0.568490399079,0.269854320291,-0.661587686621,-0.345773311316,1
2.60885146542,3.35918290378,0.0287957024771,-0.662631161412,-2.08071252569,2.174491301,0.128914554231,0.322366024534,1.14859596472,-0.210419842494,1
0.363129949168,-0.791088889352,-0.354092586991,-0.0730940826663,-1.05192805381,0.0537016261681,0.778921766299,-0.16011318093,-0.415696819768,-0.174638096557,1
-1.11547875629,-0.682075074696,2.28915132698,-0.515858704012,0.858699280261,0.830851461142,-0.113975138425,0.373261484974,0.460529350377,-0.707878785373,0
-0.0466493536428,0.599798276094,3.56165640852,-0.624589621048,0.0679518616059,1.4680506755,0.648136092914,-0.0962409023564,1.10799304383,-0.40934295457,1
-0.528436212804,0.241339501974,2.33583941915,0.0381635442106,-0.758843231994,0.412795035219,-0.0936695540979,-1.46902359264,1.38811974657,-0.963073528312,1
-0.446565118187,-1.26009169208,0.434026516681,0.184947622849,-0.698102015599,-1.34852567479,0.223516988159,-1.14292748875,-2.32117069421,-0.827797305488,1
1.80412114844,0.316528254976,-1.76295530896,-0.356619666914,-0.339080069024,-0.0606083135743,-3.16569648779,0.323164405477,-0.691631469571,-0.131427347917,1
4.10902644013,-0.297776860125,-1.10388518237,0.380056091104,-1.7155976963,0.532229742429,1.23768876649,0.27574659398,-0.852686078753,0.124398966267,1
0.712077903445,0.323480548658,-0.408014418251,0.544424649214,2.68467616075,-1.33089796716,0.381460607153,-1.63717848627,-1.62955391881,-0.152524591984,0
2.27763766323,-0.0276674190265,1.14967618892,-1.37368159443,-3.40311917926,-2.16476319852,0.43916502944,-0.61052570348,-0.960054758512,1.03626493865,1
-1.65432581173,-0.110584223963,-0.757957858419,1.79887338743,-0.560798358169,4.18117142517,-1.48276902502,0.504892533033,0.94996947971,-0.592125608418,0
-0.355014473387,0.494232342846,-1.16203327321,0.0593347685361,-0.0988418231625,0.835522184336,-1.80889328454,-0.199747748912,0.207842391738,-0.185015439043,0
0.342052219595,0.65714580671,0.277144571777,-0.0118650524733,-2.2354642616,0.228504656042,0.00320771171083,1.53069136582,-0.978761941115,-0.128236849468,1
-0.971641527318,-0.85402099902,1.73111416999,0.642448678938,0.054222061029,-3.62648471613,-0.365082394598,-0.156486589144,-0.340640415681,1.30416540764,0
0.3584159616,1.35647660882,0.151421831802,0.487015216044,2.32320985007,0.914566833716,-2.06004347475,-0.358417101654,-1.14350261339,-0.794413213118,0
3.31071351441,-1.14073690171,2.10517440047,-0.224478498977,-0.560343622998,1.24383097153,-3.14006249348,1.85299777393,-0.322789400137,-0.0712175902994,1
1.17883132849,-0.858685578168,0.106370179276,0.748254177661,0.378360765725,-0.286564850295,-0.148359018131,-0.197257779221,-0.488427661489,0.866274826311,1
0.000709453624493,1.13394919408,1.80673348924,-0.653247116369,-0.232458378138,0.550084326974,-0.951283077882,0.104277675418,-0.968238108539,-0.0165432642558,1
2.67692748035,-0.173877826326,-3.62447074437,-0.886604490711,0.0470220279288,0.126521311654,-0.72210710641,0.639674514414,0.0148893567684,-0.562895614312,1
-1.38748223978,1.79444013284,1.74797762446,-2.89665882701,-0.115757270833,-2.7563899546,1.72014417124,0.021022297433,1.90605037245,1.1278052275,0
0.106248031814,2.89637257649,4.34138458974,4.67243178055,-1.64020745504,-0.24937668384,-2.46481035274,0.992982644897,0.054643328606,-0.508810983839,1
-0.790158581729,-1.1655026628,1.22533817589,-0.178183251978,-1.57835354638,2.13637952822,-0.50510902505,2.76923835228,-1.33012941408,1.24564892901,1
-0.364969134764,0.701399796134,-0.916987018214,0.229519703536,-1.44662575222,1.0395126568,-0.109060953969,-0.702654613374,-0.577643456341,0.616749458123,0
0.854870211159,0.589442123897,0.345693971007,-0.172077570064,-9.50980353672,-0.590531095298,0.486810994243,0.385055838916,-0.841869636091,-0.3375928853,1
-1.03337943016,3.1927558265,0.116042447718,1.41506124646,0.588448602298,-1.04859019793,0.1005716233,0.93761906578,0.068952991716,-0.210841127535,0
0.797304229766,1.23249248122,0.0840575484167,3.26108970004,0.910426036106,0.531001850141,-0.0231645470431,-1.05074364126,-0.132894955855,1.81491738213,1
0.0589631535603,-0.743475530601,-0.0406302269504,-0.72709169521,0.143039666125,-0.349850425631,0.54047431795,-0.64884471662,0.482025036786,-2.01034175691,0
0.907797738901,0.152794164995,-0.688547388013,0.233586964912,-0.0703762542645,-1.13146344265,-0.948236046996,-0.00398571602707,-1.02593585803,2.28782258604,1
-0.271887414566,-2.22706775489,-0.152732870592,-0.788554929919,1.67619855889,0.390942793735,0.966998245635,-0.811537509043,-0.848989486404,-0.734769763107,0
1.37058086779,-0.500152543961,-0.135417965326,-1.60891097721,0.128250553715,-0.291701706448,1.10816937582,-0.446456322361,-0.0136987230366,-1.34658335591,1
0.521072360831,-0.0358574998237,2.60900129796,0.127778071325,-0.745206997069,-0.821556473537,1.66834363226,0.320265312002,0.714419576392,-1.16167524396,1
-0.674358858588,0.135432275954,-1.29499393721,-0.237144974064,-0.499142790041,0.22879833242,-2.86774144248,-0.239724128429,1.29652640502,1.94122946831,0
-1.29997013442,0.182565505539,-1.64454193059,0.350893946528,2.3554082952,1.23797832461,-0.792292774411,0.936211221236,0.67152691922,0.318221919395,0
0.114995807997,-2.13972491925,1.09908706467,-0.203968633805,1.72335767738,3.44779625392,-0.772891115108,-0.375681369517,-0.157712911685,0.873044159314,1
-0.482133028296,-1.43545938353,-1.77977904214,2.37146968645,-0.670030855171,-0.18404670683,0.187706604777,0.548811381337,1.94448660568,0.0293643462077,1
-1.50535082404,1.78124595026,4.52017506737,1.76211689888,-1.54738438747,0.0961063486484,2.54740977095,-0.766612508742,0.680279743818,0.163754311526,0
0.177870797145,-1.20941239638,-0.247402651936,-0.612553203696,-0.141339149354,-2.14497702622,-0.63834537567,-1.33252885047,-0.516350334156,0.283563479921,1
-0.319371272754,0.37643908168,2.44950484568,-0.542107794846,0.0523369904101,-0.427633448135,-0.980159989634,1.0331432128,1.73507444035,-1.16389866133,1
-1.58670584442,-0.700825802627,-1.60392234219,-0.323120235813,-0.525079486557,0.948303344727,0.173285161417,-1.34711196058,-0.337905614994,-1.20425762571,0
0.811851033774,0.663696313404,0.883805262146,0.357065392677,-2.75212258468,0.0715804777911,0.72005597239,-0.676068813775,-1.34340835131,1.64671466014,1
0.885872616184,-0.574325884319,1.45923958841,-0.121006323684,-2.03294882246,-1.58898507039,0.626851034224,0.0780092589206,-0.0376889964683,0.499045190937,1
-0.0841765204238,-0.626634155363,0.00700373793703,-0.849330445464,1.85995485325,-0.470040214934,2.1928714495,2.63799923485,-2.50373755052,-0.237480997041,0
-6.64330429436e-05,0.266351808063,0.126676229356,-1.43484676096,0.281154972681,-1.06818736864,-0.805095753131,0.363324984561,0.702517229011,2.6596316364,0
1.51920348603,-2.37259764978,-0.380254597503,0.568722853863,0.158362746777,-0.0052770714547,0.140286207016,-0.925705824408,-1.0326764686,-0.0936302923441,1
3.27305529779,-0.151132214017,-0.0257058941009,0.656077163557,-2.72844098669,0.226774071724,2.41856055128,-0.0289828141026,-0.27038708185,-1.46463199042,1
-0.510867084251,0.636134425298,-2.25037820308,-0.145472962513,-1.40162850812,0.180002287064,-0.869734683142,1.44488175492,-0.205736222194,0.448983379983,0
1.15246097367,0.804210412516,-0.121247021184,1.40284937884,0.806506517769,-0.444486605763,0.312040151398,0.00462675401654,1.86944696189,-1.80951257665,1
-1.99763567827,-0.14575818166,-0.88839686312,-0.384401152154,2.10632354718,-0.0886990327447,0.594540483521,-0.525887101623,-1.31123118994,-0.819313919995,0
-0.016106645659,-0.253006308748,-0.324418160877,-1.56861213636,-0.339009292515,0.198395585635,-0.488146433186,0.469021130284,0.0637855112404,-1.00370762531,0
-0.329791396054,1.09258373584,-0.599906806368,0.135430668155,0.997673343871,0.428486698781,0.995604964755,-0.934635565558,-5.05580489639,1.17794138932,0
-0.14207914786,-0.812420998755,0.707169141458,-1.19425982187,0.55875711801,-0.619460878558,0.939014247995,2.13688290922,-0.0204514688908,0.808772128084,1
-0.951042307883,1.2884716677,-1.33362581543,0.0768611836211,-3.43620489778,-1.85116204101,3.1307769729,0.111790535306,-1.43960851747,-0.91041916401,0
-1.53005717223,-3.66083920799,-0.247891406589,0.580375450601,-4.65696342675,-0.473397231813,0.0296858045361,3.02934780684,0.360772600057,-2.83186124047,1
0.71749440603,-2.56798709857,-0.337874568556,1.74465715211,0.0935013871483,3.43536863629,0.635423245215,0.975951055039,-0.0189511414001,0.210165054087,1
-0.92969318124,1.50187376282,-0.192057149274,1.43225773108,1.254097822,-0.361510202484,0.219448679475,-0.29638023182,0.416774668925,-3.23035020635,0
2.8181265194,-0.947848015073,-0.488776690068,-0.492915372177,-1.25782590169,-0.00700373236613,0.657416196738,0.787075650379,-0.266092143504,0.33036445112,1
0.301603200072,0.812902091221,-0.456642902562,-0.0773555444177,2.21935024121,-1.60491430515,0.23140053696,1.28094418768,1.38143511248,-1.30299406341,0
-0.909587427624,2.07389923136,0.38665639322,1.8182650086,-0.461208817511,2.14805920095,-0.232269616019,0.265375638804,1.30634624901,-0.945979070543,0
-0.690872136031,-0.405249019969,0.644833604225,-0.911264347017,-0.691105577445,0.183635590153,0.754688913115,-0.646900917255,1.62102096921,0.987669555872,0
-0.53961434943,3.19614791044,-0.839272872637,-0.354370491687,-0.077415662997,-1.38811020939,1.99005372775,-0.219155737143,-1.57062794202,-2.52882976063,0
-0.237165598545,1.57378730001,-2.7833078873,-2.06274573332,-0.110712730389,-0.172885996817,-0.500418961649,1.51772020518,-0.724053452909,0.698461443837,0
-0.794338329942,1.95653655776,-0.0243999642448,-0.0886427305897,-0.260880117577,-0.102960877612,2.25740303573,0.54310314806,0.295214280706,1.72764900511,0
0.911465178323,0.573971182873,-0.0522818912053,0.150447009317,2.16259392436,-1.46711280543,-1.46726576263,-0.979927799524,1.97963413582,-1.13977148344,1
0.425060167267,-1.80045534808,-0.471782205528,-1.57413316655,0.403818473854,-0.875077741675,-3.54599445498,-0.87803004945,2.86107435598,0.852138743162,1
-0.318346066681,-0.0959431903294,0.852074794798,0.248703098044,1.79162998557,1.27341304991,2.64106040457,0.0766219484312,1.34161273742,-0.229515747046,0
1.11734416987,-1.33836349603,-2.11874099597,3.20897279235,-0.544003757424,-0.0618845172763,-0.960113362628,0.387612148117,-0.00612342754533,-0.581096865036,1
0.281621064545,0.0430210713896,0.71321605794,-0.910813187199,0.417801810848,2.63242788358,0.089478418119,0.910224459518,0.362970482557,3.48579458087,1
0.265583378235,0.0892965302538,-0.316879446335,2.39482731469,1.6069902651,-2.2489837386,0.546094235771,-1.00248774308,0.106366453826,-1.96744130255,0
0.319628845442,0.560959263802,1.19006617965,0.0560456484431,-0.442277286229,-0.890640887629,0.00580788676403,-0.233037147616,-0.0170683500637,0.758567710819,1
0.145022768842,0.939273839704,0.476734997998,-0.427778514643,-2.23020676886,-1.15863325734,0.765664684782,-0.355625248627,-0.354048946156,-0.87682047544,0
1.26454585179,-0.122363613141,1.24324960843,-3.19860359838,0.1125969835,-1.1707819128,1.11237053669,-1.37518245661,0.392816602853,0.090016291728,0
-0.868541085167,-0.922481634182,0.266768849451,1.33172411895,-0.462518963611,0.328541026767,-2.20353289608,0.93947950158,1.24019740572,1.23963467673,1
0.751446818227,-0.414412613098,0.0335472160204,0.276884408051,-0.428705462812,1.5576552825,-0.873650362278,-0.144186525978,-2.82468903323,0.303023127326,1
1.2760713871,-0.354985259354,0.140533023257,0.393975699591,-0.625377546137,-1.31007010947,-3.25037485717,0.94232867404,0.363555787615,0.566912824479,1
-0.110157639405,-2.53368602603,-2.19904744697,-0.80727271288,-2.15142402505,-0.340143384736,-2.12556928174,-1.55636323981,1.34966246319,0.266559413262,1
1.42651054938,0.589911551571,-1.04366534444,-0.102625543354,-0.636418206288,-0.492734154883,0.201611380147,1.10778251715,0.0888544192792,-0.941044846737,1
-2.71395476654,-0.511586557414,0.374620948503,-0.567805594337,-0.08517721876,0.55612070426,-0.17607665839,0.92647467015,-2.56494912716,-0.838172060065,0
-1.11202078147,-0.341830780018,0.254941565657,0.145732522925,-1.09483710501,-2.01791014553,2.17553950379,-1.30236720121,0.554601231494,-0.300887624484,0
0.249509496639,-1.16872192427,-0.0716388152573,0.739065170574,0.611862493332,-2.92014471619,0.253371181307,-1.33603085689,-0.412616242474,-0.0385864078692,0
0.0218644098481,0.14364611211,2.72834144452,0.221333036564,0.177129604871,0.841090346863,-0.865585731212,-0.0299670682431,0.198752230954,-0.724160044539,1
1.05907593697,0.593831328246,-0.0414159384484,0.230837104034,-0.306418180235,0.772238790545,0.57933088408,1.3494240429,-1.05911531708,0.560691387831,1
-0.534048608411,0.618114657649,2.17463492521,-2.41458746671,-0.470427732252,0.258028555751,0.0483174658764,-1.52733403895,-0.0254291794542,-2.28315977664,0
-2.3023915943,3.42891622192,0.172125230494,-0.0992271522101,3.64149950877,-0.2174084451,1.66458205429,-0.643993846423,-1.50841690693,0.0297889985415,0
-0.0438693901809,1.4619852891,1.26715276167,1.08491166179,-0.0692565691755,-4.49391713747,-0.887165463233,-0.0761980491935,0.209659343746,0.983414122017,0
-0.0638604037137,-0.269809326989,1.08167196236,-0.773167245498,3.35735373335,0.134291460907,-0.109665982648,-0.616512494166,-0.40200063865,0.247842223528,0
1.25572266006,0.609509475369,0.507399555268,-0.364028164047,1.44060266686,-0.283141908002,-2.69024505973,0.389797517637,-3.24359348082,-0.0738235597188,1
1.02197144151,-2.01487189976,0.930407673701,1.13249725206,0.208410310177,1.50058448564,-0.14350036333,-1.30706370079,4.88100504853,1.38325875179,1
0.0235301266868,-0.713296128761,-0.379460448451,2.07407484506,-0.866536772225,0.799034833368,-0.520621947074,0.0059913702683,-4.02180096652,0.276532738025,1
1.27344884834,-1.42282360129,-0.442571538393,-0.288717250566,0.190831619253,1.14915361778,-0.964317731284,0.533395435139,2.73894309984,-2.50470028986,1
-2.98157099351,1.80696051102,-0.695950282214,-0.938468901418,1.46677373473,-0.165930289057,1.91808151419,0.720720303825,-1.86432111995,2.26866793143,0
-1.39184478624,0.948810442528,1.37168406032,-1.95264891646,-0.330433746315,-0.366779015862,-1.73076155354,0.416713262934,0.208388665302,1.58097220706,0
1.31722365443,-1.10929301065,-0.0824719114496,1.0182380495,-1.66088389763,-0.459707382302,-1.23055864083,-3.19460025951,0.164560473696,1.38141612757,1
0.543989954204,-2.31284803316,-5.31520240493,0.194325083737,-1.42374465765,-0.408155960381,0.373738756092,-0.154901461096,-0.201021366114,-1.61119128081,1
0.71079836679,-1.71421514783,-0.333254420219,-0.670963672787,-1.22544412693,-0.28782162451,2.17275149643,-0.367232339574,0.16889014773,0.266669120227,1
4.16744719596,-1.6469774522,0.222465789101,-1.32336039723,-0.52536993421,-0.0897294772848,0.329083643383,1.25852152322,-0.713917099081,0.806425368439,1
0.769595506113,-0.0409257094633,-0.967791788738,-0.147011769469,-0.671094466468,-0.368518503238,-1.58569147512,1.58273835328,1.92248944603,-1.20114784339,1
-1.03864168715,-0.298873381041,0.378484164754,0.217917124182,-1.09467552575,0.399495788067,-4.50418011124,0.0708630168923,0.0252558697233,-0.702395938602,1
-0.255395384707,0.740411481245,-0.284447139648,3.54734409976,-4.85592245674,-0.563374657511,-0.349559886208,-0.788346033859,-2.10702941656,-0.0418875961194,1
0.0567037298464,0.158411906519,2.01504769981,-0.513559864108,0.245475325424,1.45220721786,3.51185532227,-0.359214163283,2.58631225863,-0.312450765506,1
0.980707460699,-0.224868834763,2.00980745142,-0.223399389935,1.42345618381,-1.83656031236,0.798148379616,-0.482719593664,-0.663782237198,0.00071147184024,1
-3.32643504911,-1.13191427695,0.270616874468,-0.616142497075,-1.67787906653,0.812649651043,0.166235578807,-1.06669503672,-0.306654632956,0.20515965551,0
-1.09190211874,-0.0863636109117,0.223064309725,-0.320980847611,0.0523590162975,2.19990636148,-0.28895991259,-1.90732911686,0.128091385901,1.15906584289,0
1.28140725545,-2.73998810824,-1.1838329897,1.01543210528,-1.18097194839,0.242546890721,-1.38896364328,-0.424899174916,-1.22259903462,-0.593777667387,1
-0.257468625461,1.0180840753,0.0496871770148,-0.251483962397,0.0978353008953,0.731563983735,1.40800480771,-0.0398648224502,0.132364539021,0.728829929412,0
4.41063154861,1.71389947675,-1.89225873924,-0.119249321231,-2.06596804241,-1.03807288628,-0.119768373881,-0.336927132111,-1.4222898588,1.25344935183,1
0.0698267060026,1.27413179805,0.601573842911,1.61215884677,-1.17426085444,-1.31201617242,2.03616807599,0.0927682467186,1.14752716583,-1.07899802429,0
0.0113030101104,-0.691536165151,0.86438801639,-0.110145270543,1.26644166813,-0.380565063759,-1.03656518705,-2.05945013338,0.638419033639,-1.84649691108,0
-0.996703983493,0.32886042356,-0.224898496303,3.26321017967,-0.455196199074,0.546788374259,2.73202606343,-0.0200158581269,-0.726293350725,-0.269737184521,0
3.0446544474,0.653764840366,0.277401747378,0.394032300247,-1.38987939822,0.97170264006,0.0573059371463,0.986757993176,-0.340442551197,2.89077731567,1
0.124494497395,-0.207876653869,-0.129413111,2.79488499239,0.431765665591,1.06882528896,0.051189085701,1.67833485041,0.148065363782,0.89228504405,1
1.62573527927,-0.457366274327,-0.0308605666163,-3.81007672101,0.757858456884,-4.18467966901,2.44009390966,-0.357949903956,-3.92736780095,-0.665660633923,0
2.27362010425,-3.41208370872,0.136894379676,1.20928036495,-3.43383200415,0.00546037168457,0.215318310105,1.11721388483,-0.180371076939,1.05434312495,1
0.782471820854,-0.879503775839,-0.117578103958,0.0449799896685,-0.551284193138,-4.77661652312,-1.27908259929,-2.3174884565,0.341341730779,-0.66264578347,1
0.592003776268,1.1508476641,-0.439394984316,-1.2663293739,2.27260768892,-2.01474205873,0.103158023123,-1.19732980047,0.511129005809,-1.48713412349,0
0.321720270643,0.525452020392,0.964252905086,-1.22290878543,-2.89652135916,0.253004357483,-0.966694384241,1.30036073409,2.39921912538,-0.00917605113879,1
1.12508636411,0.00413640893225,0.76293943557,-0.407124062332,3.00444105376,-0.198204809118,-0.183238305897,0.935111731035,-0.183628027377,-0.110741078232,0
-1.65543082883,-1.08741768205,-0.308281331961,1.58056605933,-1.41089811438,0.506403401469,-0.124740667087,0.568690518628,0.949792559263,0.0556016646043,1
-1.39593330314,0.621335018862,1.83915816705,1.05164713876,0.343195276415,0.558266059456,-2.94607278427,0.6057892594,-1.64136904308,-4.34528214175,0
-0.210005480492,-1.2190623721,0.852774584044,1.90919975645,0.778980708986,-0.392858760958,-0.0755641139352,-0.302353802339,-4.19882623999,-0.337884280203,1
-1.17423177934,-0.0905771447661,1.88865219896,0.100525807789,0.585421277818,0.451204751322,-0.766939635701,-0.127737781788,-1.78514188179,0.447106805362,1
-0.0291948274041,1.03265531884,0.656160709485,-0.107460996024,0.763648882092,-0.14043264289,0.288613198615,0.268011166911,-0.185089594282,-0.152963110476,0
1.04429507303,-2.80861835788,1.72244283032,0.0157787384509,-0.653683015405,-0.735264579662,-2.42532639405,-0.359729741601,-2.01585980037,0.707220566531,1
-0.404066133657,0.516830069672,1.02041301927,0.307445531116,0.434461216694,1.34639868722,-0.979042807978,0.139075073456,-0.234145982754,-0.104479078651,1
0.653716002059,-0.0226129030268,-1.88216758825,0.0246844810902,3.58679043462,-0.139336267265,-2.33252065729,0.197239129284,0.760233846998,-0.958268072075,0
2.84159255062,0.314031710837,-1.12496904059,2.29083541254,2.19622157731,0.755194588378,-2.32918161474,-1.02090053976,-2.08532704358,0.596651519574,1
-0.216215069651,-0.290238852148,0.494214949605,0.183912887614,-0.711698771146,1.34858550867,-0.387319820523,0.622791045774,0.112662040653,0.381344502146,1
-1.18326790595,0.366059376865,-1.04228896523,-0.727327626507,-1.6298838195,-0.926977095716,2.34520465757,-1.71925089476,1.9071273023,0.821221232259,0
1.55213141198,0.850490626414,0.0774825083464,0.723882786945,0.735023614595,1.78726821097,0.590460379343,-0.522664377246,0.20001618926,0.438782201469,1
0.80455059401,0.403332412888,-0.994623217396,-0.55014879206,1.30340003158,0.0833557757421,0.275767829022,-3.57568122418,0.489205166582,-0.536429212159,0
-1.06632267299,0.988596721879,0.668037435655,1.52175286386,-0.231701669345,0.651413144059,0.616387370948,0.407769645043,0.937967901176,0.610198585371,0
0.0321289965662,-0.178487947056,-0.254097436329,-0.896101703346,-0.937338441234,1.5180927024,0.529471180348,0.250589887672,0.633005619008,-0.298895178859,0
0.206325023822,-0.00908915458425,-0.0567965255916,0.708125166845,-0.331297799946,-0.860240096293,0.765672675861,-2.30918698301,-0.158945631398,3.6950530316,0
-1.97882418188,2.18501354829,-1.22702286424,1.11524784595,-1.24366509575,0.443618280792,-3.47805052827,1.3013238095,0.0927775851328,-0.689142393169,0
-0.491913901264,-0.548577161499,0.131856395228,-1.60086893181,-0.52883282818,1.71072537455,-0.577816361542,-1.5447538903,0.225466990588,0.362797967686,0
-1.11867719197,0.926009047666,-0.233852455684,-1.20833248425,1.61369846571,1.07124291514,0.727192328308,0.0796660307828,-0.880288228634,1.65398823232,0
0.495420623846,-2.30008876361,0.371372260285,0.906018629407,1.96903220909,0.624514921329,2.00323244594,0.069566216032,-0.307592743364,-1.30862059742,1
-2.43973014515,-1.21017012532,0.0529880100373,0.160230008637,0.502798502194,1.3231004876,1.32913270139,-1.15301998828,0.567597638226,0.164220841113,0
-0.681483362008,-1.12952230236,0.870085602028,-0.464884777178,0.30059323769,-2.09619793667,-0.441607597724,-3.11859303244,0.226417225897,-1.73702825602,0
-0.774244726839,-0.969607235639,-0.974736644238,2.88676120196,-0.537653643506,-0.458912368945,3.03439770628,-0.79671789669,0.602815048995,0.022028121488,1
-0.186598563335,-0.0594940858239,0.260684699489,1.28671782812,0.0509838531414,0.86498395987,2.98878482015,0.769935300275,0.796366650011,-0.0812046098038,0
4.55418511182,0.994797997483,-2.74136821797,-0.174260246057,-0.245687512484,0.104578360229,0.0773454879884,-1.2199057574,2.01240729428,0.971316933715,1
-0.416359931253,-0.259357936361,0.648233592171,-0.225662222802,0.286678053723,0.536041444339,1.15233101665,-0.247357578411,0.350840222564,-0.0976442752641,1
-0.00127396420205,-0.494705104841,-0.345775999504,-0.318636169971,0.116014225953,0.989624017453,5.89387605244,-0.188476399499,-5.42859770862,-0.707141027369,0
1.15497798525,-0.454140672359,-1.34215920086,2.35022297926,-0.0748478079191,0.028806199586,1.66603619289,-1.4459979997,-0.0422345904165,0.788045791786,1
-0.0332741305778,-0.200400980217,4.12482035892,0.560171745769,1.73715569469,0.48662955906,0.193062899174,1.16442745628,1.68861918843,-0.790261052024,1
-0.720422367897,0.0889121751803,-0.578294512115,1.76550318826,0.185248658715,-3.25384175937,-0.412962692709,-1.91230218344,-0.417130122907,-1.51883718279,0
0.785265866212,0.555216038506,1.59180082614,-0.0641740336491,-0.0803307569325,1.2509038719,-1.85579880563,-0.326482735335,-0.367933397099,-0.0272120611085,1
-0.337443377057,-3.07476860754,0.473881430425,0.346922990532,1.34835575616,-0.042457928017,0.183377686117,0.93391909006,-2.27884209743,0.102290529756,1
0.30000041189,-0.585248103804,1.13142712988,0.879698787712,-0.221189525436,-0.164236094161,-0.590377806211,1.81366867502,-0.0762357356976,-4.38795178451,1
1.24710783204,0.598456626376,-0.0126577587764,-3.15560926464,-0.0576889511713,0.135396007325,0.683277028747,0.986677003791,-0.3418223836,2.88034307808,0
-0.709750058677,1.17854984196,-1.14110440264,-0.193237280994,-0.485799254066,-0.127007994971,-0.991267832544,0.674737313222,0.39307024313,0.0015549433582,0
0.197540548784,-0.37237619708,0.080284070403,-0.333855002378,3.02529396212,0.472616212083,-2.52244697584,2.54862881636,0.143079037421,-2.36545497492,0
0.415789729306,-1.20765323365,-0.80947474019,-0.225861438447,-0.438688071684,-0.0342847822485,0.666637381781,1.38940321578,-1.04295193064,-0.334511285877,1
-0.404107410209,0.129636048002,-0.10466424457,0.434482454293,2.83930954742,-0.99367060867,-1.09758789918,-0.343564949231,0.276871425632,-1.77919180844,0
0.735820125691,-1.26576473729,1.95964637029,-2.75618302198,-0.282885327457,0.860239982932,0.744625519118,0.436488615931,-0.308601118756,0.06256529759,1
-0.370904268747,0.308251678835,1.93676261535,-0.395667038142,0.300341899601,1.63062433362,-2.26974798874,0.180435189166,0.368909450006,0.493008561036,1
0.451147830875,-1.27369121721,0.061479557858,-0.540907356475,0.323416410586,0.0516239247384,-0.277716116108,-2.40275076222,-0.20314779232,0.481056736482,1
3.51187271343,-1.43747528409,2.5752363136,-4.05204663316,0.577154467685,0.551553531569,-0.554776979143,0.00808779057703,-0.737297833067,1.34486001559,1
1.95819022065,0.780458370059,0.414440439987,0.0595652032843,0.695830849389,0.0276655686137,0.39124654968,0.844486358717,3.62335531158,0.170340455474,1
0.0559135562493,-0.148484448483,4.53391146598,1.38946835609,-0.269298461716,0.0369735571366,-0.805959498204,-0.33096374057,-0.16596090459,0.433270852782,1
0.615801295312,0.164851360804,-0.0252667451695,-0.436077799548,0.13150576777,-0.255504435349,0.526358004726,2.11800508854,-0.648374724936,1.10455617999,0
0.427107490352,0.372341611973,0.30271629054,1.25874834687,-0.189485389947,0.00980417965679,0.35711323914,1.84058399563,0.302156914721,-0.242879215925,1
1.72182627217,0.221801676876,3.79557754202,-0.235372238414,1.85336057683,2.11174424064,-1.05349026476,0.881155408223,-1.68548522348,2.05338864856,1
3.66483212574,-0.420548870333,0.489666473693,2.06490955332,-7.79257974013e-07,-0.38759760372,-1.75795962927,-0.427953226417,-0.463761445082,1.78009919861,1
1.29999029468,1.70848759511,-3.67986870192,-0.17168488139,-1.07381626809,-2.91978291762,0.566834053137,-0.25318826532,-0.169471554922,1.50490352516,0
0.0876970233713,-0.435581965621,-0.205632170635,0.6728066834,-0.200677896109,-0.26916204747,0.446387908551,-0.576174852727,-0.0821158387447,-0.90727007706,0
0.13989852242,-2.64710738138,-0.309760163133,-1.31148867861,-0.687961599053,-0.11530686909,0.155905011903,0.511666299395,0.797780023907,-0.426870548258,1
3.2862653365,-0.204121717397,-1.24380874509,3.70619221569,-0.92944186623,2.76282036332,0.417436377427,-1.07198906493,-0.868666116105,0.972315847181,1
-1.52344731318,3.35540946682,0.758946546465,-0.8995725882,-0.782708285096,-0.0481504883395,-0.848248660125,-1.50259697304,0.0721100072852,1.64036824085,0
-1.1700767058,-1.11150146565,0.525806847976,0.228358499426,-0.243719822497,-2.52552719275,0.735020218127,-0.32275405408,2.84251451467,-1.42350699543,0
2.23779401906,-0.0922883178105,0.622742891141,0.853808591317,-0.127526943724,-0.210994545791,5.16762523793,-1.39007884545,-1.38083633722,-0.381035431535,1
0.332949772985,-0.582907906377,1.29503648733,0.297711128348,0.33156422133,-2.73218875258,-0.595733649873,0.587054289394,-0.933969987718,0.721079984078,1
-0.613707589445,-0.409575387421,-3.06135967148,0.442059578472,-1.30291449331,1.85188752751,-0.863273299131,0.501807102464,1.11401539739,-0.247747601256,0
-1.76786879248,-0.0201214799521,-0.0964999555743,-0.809237805557,0.483653650743,-0.4974310216,-0.840216837683,-0.26495949199,-0.00158886788173,0.0440232507072,0
-0.965939730618,-3.57412135663,0.312537209241,1.45577823174,-0.887188907155,4.8630481331,2.23735685812,-0.626159491184,1.2527606158,-3.75236189995,1
1.58433181814,-2.61983435795,-0.181976923175,-0.56325123984,-2.60220002496,-0.304901871269,-0.230030126589,-1.20860024248,1.39046720612,4.09587488867,1
-2.01405137555,-1.07685213171,-0.578977769702,-2.50225331444,-0.285166580473,-1.63975146524,0.303568697213,0.00342563217324,-0.119898787284,-0.161555537937,0
1.15686899444,-0.0797828110754,2.16235598562,0.119216416167,-2.07930641504,0.348304514161,0.0125650060954,-1.11340285181,-0.0178956838617,-1.98157666703,1
-0.622740798194,1.19586362264,0.914099842481,1.5648549961,3.03510499583,-1.75499652858,-1.85813972648,0.318104693401,-0.814066303175,1.23686402715,0
-0.352779028227,0.0245040932199,-0.834691915049,-0.47582465698,-1.15108171163,0.0274180045097,0.208513730586,-0.784506086126,-0.301177489339,-0.42438982312,0
0.189632617334,0.245188880354,-0.322262377038,-0.185681889293,3.9732384422,0.778500362903,1.30448249837,0.933865783853,-0.670705574679,0.254691891134,0
1.42289807483,-0.458254553697,-2.34161154342,0.274826667127,1.84337152133,-1.84900451772,0.93449627761,0.0760754239292,-0.60508063457,1.25082673216,0
-1.42324018436,-0.10913559146,1.29042675713,1.74780139705,-2.36253017127,-1.06942674154,0.703353827136,1.37229031207,1.09056724085,-0.288263961025,1
-3.27661881361,0.619411481548,2.93442045317,-0.181678876814,0.924505575719,-0.332947269758,0.669221593069,-0.529904485236,1.54652029893,0.312205703315,0
-0.0816797217826,-1.18558615718,0.104508824976,2.18520623781,0.0442964501675,0.193478612475,-0.0427989808176,-0.0220537383955,3.39148221682,1.82236685045,1
-1.59005552224,0.251878198118,5.14503500441,0.190282948991,-0.326883360372,0.378828370888,-1.0196584019,-0.431712811409,0.426350672844,1.69002201837,1
0.533413613581,-0.238110048857,-0.106735649148,-1.0670847803,1.17667338113,-2.07223375981,-3.06335224057,0.231610516941,0.304475189466,0.0601324045077,1
0.727460522844,-0.163734328931,-0.741611420124,0.0182380730813,-1.8622296802,-3.32560026469,0.125569597102,-0.881156361528,-0.322838442153,0.32467736289,1
1.54748489191,1.46556363066,-1.18596241581,0.144928673503,-0.175494203242,0.164279824609,-0.236295830991,-0.0318096393119,-0.133002558399,1.77398560195,1
-0.568663241397,-0.010928130183,0.476251411522,-0.658921985628,-1.78686258672,-1.59336781866,1.02523002295,-0.916048461909,-0.886831593565,-0.0385366684725,0
0.735184759661,-0.310902158147,-1.43670950007,-3.18754031178,1.71969431414,1.9814645698,2.01883020128,-0.127500499732,-0.237225407417,0.295525757963,0
-0.648773722835,-3.3904268854,-4.81648049951,0.677119616324,1.45612388083,1.1735897707,-0.698254914683,0.821342667361,-1.18624793066,-0.148442206421,0
-1.03257414764,0.177331431538,1.68532764128,-0.198050732534,-4.19030807963,0.656424579397,-0.243105803552,-2.10614084024,-0.159679983433,2.07919775067,0
1.49981218665,-0.497726523776,2.57047511118,0.00856411926956,-0.265307325434,-2.18956280834,-0.160437803235,-0.766021343796,-0.178455971638,-0.228260321069,1
-0.458909936569,-3.15020472889,1.44583539218,0.522188988454,1.40852157172,-0.772311898474,-0.202064530037,-0.673113380234,0.39293564216,-0.408815973802,1
2.25074459831,-1.41854166042,0.411368515214,0.0474818860898,-0.351327385722,1.81139014243,0.849808415534,-0.323183659911,-1.46729426043,-1.59573313045,1
-0.348861590112,0.516631307424,0.157155496878,0.515671496358,1.59404905647,1.67584754784,-0.715815531115,1.22759883076,0.482506417793,-2.19567530531,0
0.672363096302,0.786442015809,1.05129517567,-1.5226625767,2.18120403239,1.88714585029,-0.420398782193,0.225558115276,-0.637666107324,-0.0627171559632,0
1.76917565775,-3.03601731884,0.321122790152,2.59918055685,0.422228008753,-0.798592455654,0.0868051695483,-3.08566039122,1.25563651411,-1.03254716612,1
0.118326188635,0.317108399041,1.34092205354,0.63329082164,-0.294775080583,0.362418513327,3.2865529167,0.31149715279,1.29154537668,-2.04923421963,1
0.0923932553094,-3.8785944057,0.806741579676,-1.81973149474,1.12724558109,0.521784999816,-1.04371951967,1.19657603538,0.80602120747,0.203609406149,1
-0.133778670551,1.36446079814,1.10147128198,-0.443798755427,0.529486328342,0.0652012620171,1.87931680818,-1.36499983651,1.62679728527,-2.37981749188,0
-0.0918100673526,-0.448130141119,0.571923397522,0.435252538676,0.72655874715,0.34015865205,0.417105593033,-0.950999056107,-0.908661783102,0.831246041188,0
0.854956744804,0.247462138807,-0.537556437477,0.897856544993,0.176678505373,0.96841992691,-0.796218167224,3.09978201954,-1.29959525115,1.02779136267,1
1.13118818774,-0.029084295013,-0.827943855371,0.960001190693,0.761606612157,1.43108613974,0.0352621947877,2.32149378217,-4.3401100995,0.453033697881,1
1.35362700454,0.388872397476,-0.170143029595,0.352968372128,0.651547275966,-0.485966725351,-0.660264399863,-1.94179656887,-0.236564107056,1.42409096905,1
1.21732792883,5.5028124476,1.17879508856,-1.69460932444,3.43383043891,-0.411026902966,-0.186420048313,0.7113642096,1.38659868849,2.01267615763,0
-1.06934828735,-1.13618780934,-0.16591850578,2.83197876541,3.09065462443,0.16627412258,-2.0804989753,-0.848771402652,-0.480469484919,-0.205900452202,1
0.0662930809917,2.20541257976,-0.0138684108119,-0.809584844045,1.01463075646,1.11842248159,-1.30543333735,-2.23771825107,-3.00416925061,1.40180587763,0
-1.51099520882,-6.82157364039,0.223965257747,0.920441369819,0.915178939833,-0.0228531094981,0.0739092172016,0.987961517981,1.30792657125,-0.015338741314,1
1.70967804578,-0.724760118421,0.764938259139,-1.3882110194,0.534431718485,-0.0325532868013,0.752971611684,0.197896638987,-0.241849809886,-1.07629437836,1
0.614461665041,0.941566309007,0.740117002802,0.46210229676,-1.98707084203,-0.392533860382,-0.22631954865,-0.20072209981,-0.121903634663,-3.11806908771,1
-1.49822499649,-0.593921727026,-0.0857967226652,1.19826504831,-1.5583925239,0.581697114156,0.569277498612,-0.308508202893,1.9312745339,-1.91857500624,0
0.168614910959,3.3636618093,1.10145814184,-0.180143638576,0.156261549443,-0.747340016392,4.61706240163,-1.5918666248,-0.0188444402702,-0.103854307302,0
-0.602059293599,-0.700475313275,-0.841614646285,1.64077449486,-0.577917539464,-0.196744297349,0.642882817653,-0.917092008947,-0.144258920013,1.90029142511,0
0.280077737644,-0.734913978672,1.85466822687,1.68858253313,0.780112927864,-0.185941191642,0.281542606581,-0.717590070258,1.35569607135,1.86476806363,1
0.0505929541116,0.420187020327,-1.195189257,-0.107824962486,-2.11706083241,-0.0863865036683,1.75550574855,0.427191166733,-1.08729521784,1.73292680348,0
1.14176912447,-0.102544081713,-1.10512928957,-0.392002869723,-1.88490877587,-0.757210522624,0.325709669748,0.55056465869,-1.39331595102,1.95587831138,1
-0.0393581646916,1.99676177877,-0.390897946757,-2.45395179548,0.928234871639,0.234269543249,1.14810790939,-2.33891109083,-1.0628718742,0.889664744436,0
-1.00455526909,-1.94711808264,-3.04713487319,5.61624268301,-0.221445375828,-0.988419240672,4.7237401315,-1.43783445499,-1.95538643278,-1.23184164689,0
-0.736655293457,-1.24549531887,-0.0955198158988,-0.549961095324,1.24922031789,-2.79579209019,-0.689613290279,1.69186712408,1.04241821971,-0.75136482981,0
-0.660978188189,-0.462562615348,0.476163316428,-1.41539303821,-1.29744217119,-1.71181263371,0.123939753598,-4.08880217459,-0.455760403609,1.80568512937,0
0.484154836598,0.598153833427,0.46499039324,0.405787428698,-0.0247411263562,0.395928782301,0.228336709043,-2.43479356942,-0.0634154707911,0.148926489721,0
0.0320863629897,0.315527144813,1.16564697346,-1.59015170302,0.949578088106,3.08844196718,-0.745290078556,2.13837495366,0.577825511686,0.0203273338545,1
1.19123210561,-0.0162330576986,-0.0171377206232,-1.51843227872,0.148841287756,0.0878889060263,-1.04726399202,-0.344592897763,0.421113378089,1.66776892978,1
1.31853831123,1.07548040737,0.382087176595,2.09184221385,-1.45710534846,-3.3735193512,0.790138521507,-0.109663410365,-0.483986443836,0.848348850008,0
-0.163238763088,2.96105973326,-0.671191228659,0.292711487046,-0.373726772007,-0.0393596326835,-0.158020105556,5.23056095081,0.690987739189,-3.15296783012,0
-0.907499987275,-0.336931940465,-1.58418943891,1.69355462129,0.18886033307,0.242266552046,0.837997868738,-0.328640513426,1.05491861036,-1.15844126953,0
0.12770410455,0.707146440865,-1.78144752352,-0.609470859485,-1.85692265435,-0.893961163349,-0.193359991886,-0.593045513805,0.13229205204,-2.24309202728,0
0.155581511525,1.03043846677,-2.19216460696,-0.975489482482,-0.469947472121,1.07227217873,2.97766197277,0.252173947129,-0.497005914925,2.27833834677,0
0.687940048734,-0.943632040723,-0.0282087945119,0.120710156248,-2.83067074554,-0.191223671023,0.144792067703,-0.89741963402,-1.34430025716,0.567125401677,1
1.35530222172,-3.20823945615,0.75679139042,-0.352849020138,0.0198712636258,-1.30421261481,-0.429223721668,2.24249227843,-0.998806054249,-0.364745582089,1
-2.15110703153,1.04853995867,3.18926642911,-0.690634641058,1.21468010714,0.536242086792,1.04482336262,-0.51491833946,-1.65853614443,-0.650854128706,0
-0.647568937471,1.10712525936,1.52187822593,1.1416999145,-0.695075532069,-0.745377791948,-1.65498060841,-0.0134163644537,-0.0729219146854,0.891233709442,1
0.435764467988,1.87139306362,-0.450195061814,3.43964790043,1.50803480526,3.16670663746,0.876691208257,-1.6262232636,0.0250360266947,-0.121273946444,1
-0.783611634647,-0.78980951401,-0.909679811467,0.176693768007,3.65750252641,0.0168388185419,0.121824535685,-0.375856534573,0.255643080077,-0.407358125793,0
-0.260564972621,0.531795157076,3.52788839713,2.51857581548,-0.520895819019,-0.0613696847898,2.01325389966,1.67147036481,-0.881886547637,-1.53201970676,1
1.58376726351,-1.49969974647,0.0470545289051,-0.634633199632,0.360947987569,-0.534591620254,0.261983623484,-0.533675323618,-0.123042753428,0.456319991303,1
0.584558654716,0.750916485262,-0.495479125641,-1.39906110004,0.314438667253,2.51165290515,-0.549318068974,0.483501411164,0.944278397004,1.06564371383,1
0.346312687985,-1.09273183039,4.19219968879,0.738665871663,0.516200026635,-0.196514290454,-0.387072579323,-0.480531799481,-0.0137508944759,-1.55172531802,1
-0.475646505013,1.03150581168,-0.369549819137,-1.41082973094,-0.0507580439682,0.152494696508,-1.41048883137,1.44853793489,-0.0692132982956,0.553461661907,0
1.9910062246,1.39633188992,-0.949480382063,0.32097309151,2.88077795468,-1.08184527258,2.14581351092,-0.012188572043,0.833925227895,0.865173641317,0
2.37888744128,1.13253054028,-0.654299174539,-0.528117970772,0.229530636542,-1.87706223373,1.33678446911,-0.724339703262,-0.887032276886,0.078976992229,1
1.27054056219,3.5221783603,0.57971841509,-0.396551648437,0.436332402381,1.7905275831,0.778703819866,-0.595936117993,1.10482197162,-0.379745181192,0
0.472681824618,-0.028448307414,0.711272032456,-0.406656905064,0.298451347734,-1.0434246858,-3.21173283696,1.32937721757,0.355619886006,-0.919437059022,1
-3.01804959045,0.86815938077,-1.04733945106,-0.0764734561845,-0.839140367196,-0.259810178006,0.120865777499,-1.77870394815,0.450755165571,0.543627090989,0
-1.67715112828,-1.70913117204,0.441692249596,-1.25986127776,0.0563050283508,-0.472583369967,1.52271630829,0.226590967952,-0.0826750036484,-0.216682250165,0
0.208073827735,-0.79997123848,0.353215926517,0.234011371697,-0.242676119995,-0.273411001403,-1.88045691422,-1.01315742103,-3.38956184201,-1.07587352051,1
2.43644962522,0.340416907798,0.573797443152,-1.27754560505,-0.184505551248,-0.227088227228,-2.09053559019,0.255320778492,-0.821380326762,1.06998289585,1
1.42558942469,-0.802834532611,0.443391435013,1.70792577269,0.720168866493,0.99647884774,-0.987905450346,1.09626011684,0.0393246009109,-3.85254146844,1
0.297606969228,-0.113193674674,-1.7521233697,1.00743105631,-0.0962472137639,0.832052099666,-1.38750275971,-0.615708460348,-0.729380291407,0.938501819969,0
0.784128288205,-0.335982402363,0.0173436633262,2.61842153518,-0.150730573213,0.90968342056,0.358685064902,-0.501961703723,-2.25953159023,-3.65210058419,1
1.01005596065,-2.18599451573,-1.56387396919,-0.182657453553,-0.654744214848,-0.399816033798,0.0569890599211,-0.315940104856,-1.09375471238,2.10582994291,1
2.16138265832,1.11711972345,3.02368804883,-0.797021847153,-1.76718070399,0.162552699009,-0.351269921445,1.32328014922,3.4154376002,-0.258706593212,1
-8.07919524924,0.910351762891,-0.495014474403,-2.06934240379,-1.07397428887,-1.35100734817,0.596191168915,1.26361541517,-0.0836383355518,0.12315820253,0
-0.412990097069,-0.0547723209542,-0.208925956524,-1.11627839673,0.0817024596074,1.82459612019,-0.512930222241,-0.355794669112,-2.80414064186,-0.624604034989,0
4.91332972313,1.11600048854,-0.165913586245,-0.437736555696,1.06760360674,-1.42577676433,0.175260482997,0.730604715897,0.475900443126,0.0675319154844,1
-1.16038887786,1.54209755675,-0.190317905408,0.618756407136,1.09404144689,-0.952803521368,-0.767735191114,0.467390793437,0.667613382754,0.310900931886,0
0.509676930011,0.905905995178,0.26636007647,0.954902853459,-0.736466139741,-2.01609047359,-0.0803853567496,0.128115310094,-2.08949672168,-1.22295983272,0
2.82986867575,2.66966848919,0.543170310989,-0.533846199558,1.07513522388,-1.52816752695,0.940995136035,0.061550285177,0.658015101311,-2.5046204465,1
0.0244628965448,1.25617009134,-0.336859421386,0.810637622028,0.0172116735852,0.668130471666,-0.554726204592,-6.15441236984,-0.542810148292,-0.054943605103,0
-2.01822786948,-1.12049237556,2.10938887237,-1.15907083769,5.09244399773,0.286393067602,0.397720573648,-1.41193602692,0.640818288637,0.178399375267,0
0.475421038713,-0.346980393637,0.446812446134,-1.36445145216,-1.03027309413,-1.17301907122,-0.708429533873,2.43357044384,-0.703300094822,0.862937001323,1
-0.0535336665287,0.636428259005,-0.688483902919,0.720178913652,0.205781704777,0.0360896855306,0.249587536685,-0.859244580755,1.30456791929,0.204978193703,0
1.03522817479,-3.58115901414,0.283758182952,0.257328837985,-0.634307588075,-1.94427831158,-2.08779629195,0.812897215628,0.852174853659,-3.59564907398,1
-0.0785789924515,-0.184879761234,-0.291160408638,-1.98391593223,-1.78966504034,-0.220585090706,0.0485307239682,-1.38762720192,-3.50043619488,3.45677606085,0
-1.30957405866,1.52912061437,-0.979069706313,0.39419141914,0.540691157822,3.48439913621,0.37622619093,-1.92108075423,-0.991021811905,1.7076024498,0
1.04491904826,-2.70274112303,-0.0602412531201,-0.958573445296,0.464941303298,0.387827898914,0.884767441868,-0.0764063778568,1.67869628449,0.273899319402,1
-1.57688901035,2.09667496165,-0.601974887857,-0.664175062508,-3.18048269302,0.0577724834293,-0.628577038061,-0.234407301986,-0.792981090091,0.805188880369,0
0.684823543856,-1.72013422512,0.514080467085,-1.07364685332,-1.48845626346,-0.347099642933,0.429248617935,-0.526974745827,-0.422490462605,-1.31035253206,1
1.40073563863,-0.801491389621,-0.788530641041,-0.383449618322,4.4135572937,1.51710635882,-0.308964015794,-1.06779567504,-0.51218067858,-1.20646175927,1
0.167601302511,-0.161843985401,0.388011783295,1.21519479832,-0.991899081873,-0.874154138927,0.964988843478,-0.950659212789,2.4689754073,-3.04720750783,0
-1.10249511857,-1.16437132135,-0.616863757761,-1.81861754365,0.761017860502,-0.259881406606,-0.334100325272,-0.374967018223,-3.37564650272,0.0187902546984,0
2.08188512822,1.85203300095,-0.917407937921,-0.0565290891214,0.229230520839,0.0195220423562,0.00415282527673,0.9336055691,0.0877199983118,-0.126386949713,0
-0.352440244905,-0.244359525137,-0.492643849647,1.08267793267,-0.271828441483,-1.622981184,0.745669792655,0.504208398589,0.00376086576353,0.149828921138,0
-0.360051615416,-0.370875298209,0.97221012258,0.0648004936541,0.671732654942,1.93177414005,0.550200254408,0.38242890716,-1.05560762315,-1.15241984471,1
-2.66525246546,-2.17047156329,0.184890952629,-0.12353440384,-1.08274827371,-0.101716070122,-1.9016516118,0.552319468649,-0.30510276848,-0.204283304061,0
2.17105679279,-0.319489854064,0.496018631286,1.00956257613,-0.123185229872,-1.16219563461,-0.763352222464,-0.50451555743,1.63812780042,-0.748197989628,1
-1.22767470598,-2.43491774911,-2.12175787054,-0.781078072668,0.446827524147,-0.0645593292681,-2.51290186125,-2.03540464357,-0.567652643971,2.0412189405,0
2.66774534998,0.590953725549,0.23825290477,-1.8828783971,1.17390228962,2.69601779734,-1.15542171046,-0.0116052940072,-0.530757483963,1.4157659502,1
0.124939951741,0.277978893131,-2.27324199449,-0.463883908642,-0.932795020392,0.500205676418,-0.310971439772,-0.72976519276,1.37545060628,0.46824428518,0
-0.226288442738,-0.354689493124,-0.911528849027,0.0868933703858,0.834665233445,2.47571790686,0.154271373235,0.930195584817,-0.0256745220876,0.48232584861,1
-1.16515473212,1.18975060736,-0.501878491882,1.15422046417,0.070119185499,1.45989737432,0.999175730801,-0.00337800595369,-0.643568008141,-2.07119964696,0
-0.364080667109,-0.308808040317,0.134779230068,-0.433384558869,-0.065711937339,0.54596331481,-3.01747782116,-0.921347653226,1.5644192143,-0.117120444701,0
0.0348550425891,-0.953485282168,0.770837541782,-2.12039505669,2.00505515096,-0.68365706377,1.03840011846,-0.955785191787,-0.942529353335,0.0345811146306,0
0.0124313429168,2.33593222502,-5.7091883722,-0.516102060887,-0.277343462442,-0.219101367921,1.03379003581,-1.54303935552,1.61454281184,-0.496845550805,0
-0.157186503373,0.070534405568,0.741929507125,-1.08940756808,1.32986231833,-1.57951948614,-0.901476078384,0.732502784875,-2.64100971168,-3.86251761844,0
-0.177647536112,0.416647465643,-1.03679304946,-0.0492880452605,-2.32089399073,-5.65700309089,-1.97505422623,3.15723518734,-2.09885487077,3.9627861586,0
-0.720572228261,-1.38857596997,-0.538495945299,0.749291826962,-0.436581833228,-0.242098025293,1.40615223718,-1.1127238001,-0.646246918691,-0.42678632901,1
-0.0916093587405,-1.14936614167,-0.856764569087,-2.80968449102,1.85454328705,-0.694618446679,-0.51916444457,0.575116057441,-5.32796307306,2.87929122741,0
0.0468733190099,0.460971487615,-1.42510357219,1.44492018655,-3.10355666936,0.837526647391,-0.360526382895,0.118766679832,1.69099876636,0.917979622155,1
1.16139543483,0.79985701409,0.0988209568395,1.16350376553,-0.342814897103,-1.49062831636,0.396775334086,-0.392268147751,1.94678715561,-1.85663233336,1
1.23205175941,-1.25411652979,-0.809577205368,0.7748209357,-2.05792473368,1.0914710985,0.188154758583,0.727633394207,0.927955409669,-0.978931054207,1
-0.418060176679,-0.212001414969,1.45000286431,-1.71734108022,1.9232073789,-2.35540193629,0.397788398052,0.958951515057,0.363142401782,0.416442734147,0
1.57742487653,2.89604945497,-1.53605932389,3.05378133564,0.0818182021667,-2.51218087758,-0.0188298746098,0.599678861451,-1.97594162902,-1.35280722084,0
-0.887123991894,-1.40896167524,-1.1419103555,0.265297847447,-0.731320754542,2.26046778667,-0.45711932745,-1.11544358265,0.76987624755,-0.96829309347,1
-0.0254826108322,0.909359964494,-3.71341679114,0.144246130647,-0.394967544703,-2.38595330227,0.377409440418,-0.488578044197,2.76254002728,-1.40698680442,0
2.25687540795,-0.556101184161,0.482146030943,0.632101204736,1.49968110275,0.343966625956,0.00254809402962,3.52484527572,-0.490419689763,-0.845739802811,1
-3.38199559297,-1.42597070594,-0.647988284193,0.104697849542,0.973453686292,-1.02146312723,-0.190515656386,2.219710223,-1.82940739067,0.857213248186,0
-1.96268045297,0.877769290457,2.94804579437,-1.02258982548,0.274640143871,-0.328596271118,1.9993212976,0.186762626576,-1.16007870202,0.94216566524,0
-4.54794908558,0.202566480777,0.0434658162118,0.238890046977,-0.275450169166,-0.406646609593,-0.934768184003,1.06363486879,0.616540512422,0.296094054249,0
-0.365427925298,-3.18290098238,-0.124042411724,0.884602532513,-2.81027092441,-1.13384232011,-0.0909524419854,1.05749343212,-2.27967350372,-2.8041196777,1
5.99736862716,0.816214224012,-0.0674095569598,-2.14050213969,-2.19228160712,-1.86344559062,0.0864363032951,-0.517481842866,-4.02162905703,1.49848422586,1
2.94955186502,-6.30266595494e-05,0.451691106553,-1.24533451198,-0.122529663812,1.7937913875,-1.35515261792,0.936372366337,0.712127033467,-0.86182243105,1
-1.62557877187,-0.171281211652,-0.65614099952,1.24541162132,-0.310765632119,0.632472329499,0.262554604116,-0.0437460549903,0.542375038772,4.92480277651,0
0.720923427153,0.276233726886,1.78096345987,1.642342797,-0.489304084411,0.773205306942,-0.899003935553,-0.498751197042,1.48507941138,-0.504386046493,1
-0.617007741757,0.403121112605,-0.350760711695,4.10589511028,-1.03826750938,0.632250804828,0.124880144724,0.0505318381797,1.87951993102,-2.46325985838,1
0.193267301291,0.137109570914,-0.468155019096,-1.83771125085,-0.263607608503,-3.2015687219,-0.329350290756,-0.856662540393,-0.774948506428,1.597125149,0
0.383729986447,-0.228851945345,0.572829966326,-0.646139917682,-0.0837819378396,-0.854345014042,-0.86956285308,-0.292507974858,0.424923572672,0.830993693504,1
