x1,x2,x3,x4,x5,x6,x7,x8,x9,x10,target
0.420414132909,0.9805052427,0.877112113073,0.221839147868,-0.698497931045,-0.864426150573,0.223260947713,-0.808694460634,-1.18486366787,0.354616829852,0
0.397833093782,1.60889727164,0.613792828996,1.36809999349,0.959298770531,0.0220700233684,0.670670707362,0.774739651702,1.01422646608,1.08767160892,0
0.462634352321,1.76058376936,0.844255927539,-0.272557100742,1.19343434649,0.345409551836,-0.539895393008,0.406664067422,-0.352680504697,-0.785434558546,0
-0.694258575336,0.901528366106,0.107249666988,-0.026333822401,0.396473734618,1.05100033116,0.805040947454,1.0298327881,0.294068089299,-0.803386175285,0
0.790769681864,0.136815728038,-0.107600670691,-0.758585030681,-0.89397508734,-0.300425183557,-2.05927156866,-1.65651582383,-0.899639841171,-1.14797988653,1
-1.10156750516,-0.698210435263,-0.0891616568857,-0.77771132682,0.69942664338,0.857950635638,0.552361165639,-0.388153506165,0.131505172075,0.341092953014,0
0.567028146616,0.808389638627,0.467338769762,-1.30910178955,-1.2556657372,-1.08019714511,-0.450462367451,0.742610428904,1.26236904427,0.408029090474,1
-2.72770048478,-2.79665041744,-1.36874555386,-1.05538046156,-1.43221418178,-0.495523642337,-0.0866274591721,0.801130568795,-0.108103654519,-0.0392451702459,0
-1.42319146847,-1.53200167237,-1.19441388684,-1.26519168482,-2.0948858239,-2.41135856329,-1.7478296076,-1.3825775528,-0.537843739153,-0.616727897735,0
-0.75630896979,-0.909320783047,-0.798973758888,-0.537650653296,-0.232714319896,-0.403296549391,-0.153359728075,-0.115732336645,0.365800714323,0.979873015245,0
-0.534537599417,1.11492055315,1.55514667169,0.147902447919,0.139519944528,0.0236918060652,-0.327508078505,-0.488256923197,-0.269974349872,0.137377453175,0
0.839273445184,0.804966449278,-0.67535187659,-1.72433056198,-0.495392786844,0.569696545264,0.327203689916,0.28850460626,-0.384991732181,-0.443667986283,0
1.09578007023,1.28664339002,0.714435812579,0.773417785799,-0.262193356911,-0.298465234921,0.961484984803,1.62832854924,1.762930898,1.09063876156,1
-0.419310361128,-0.74782683368,-0.495108155301,0.746975818417,0.228918989716,0.76208262805,1.7064587409,0.780625619772,0.747769289804,0.711031716047,1
-1.95339157198,-3.36701539706,-1.4967011857,-0.969325274884,0.173770191162,1.57125492588,0.585389229286,-0.546667106571,0.138713357955,-0.376173154521,0
1.06025613,1.53759662108,1.82186506651,1.17246127098,1.39994444122,1.43030427929,1.36148418633,1.48304459526,1.19472181968,0.793000798785,1
-0.703405991232,-0.0191412336408,0.703452870291,-0.563394025744,0.115757205083,-1.55447134394,-0.956343770469,-0.514526777198,0.605174299856,1.6694648366,0
-1.00591964111,-1.48201678088,-0.189399051556,-0.440103322792,0.539238112707,0.684388787397,-0.466537431347,-0.498947959116,-0.124455060094,-0.509099896941,0
2.09427661774,2.2402921881,2.95852258325,2.53351370719,2.68596796166,2.96996055185,2.38261100601,2.72608287189,0.719290488972,0.948911759127,1
-0.0801973462544,0.286835063721,0.166948455285,0.764479253084,0.902369738178,0.896078616008,1.96230711473,0.463298965892,0.272883283303,0.403627041349,0
0.787757642885,0.287872799982,0.917336024756,1.07808250261,-0.345606220768,0.373820171444,-0.350642012736,-0.507060682154,0.599255378251,0.737639041561,1
1.50241365361,1.63166410923,0.517447711181,0.157873764701,0.614629574621,0.619202447658,-0.0643773628718,-0.598027982132,-0.842903482197,-0.757594142187,1
0.367060014384,0.0768733013703,0.65423187858,0.203142745234,-0.493807744776,-1.11956169307,-1.61129586915,-1.23811962045,0.742839751929,0.0802410798672,1
1.8386721205,2.02394664003,2.08093258508,2.94634794642,2.33031824626,2.31931542567,1.27624641706,0.914753498769,1.44417946738,2.02696774219,1
1.05304223071,0.924978499025,0.699328330249,0.988292491513,2.76774507398,1.31069162658,0.800917034648,0.0673732173386,-0.436567464775,0.144914816112,1
0.859799651921,0.513541122984,-0.056663436322,0.156464322664,0.465880986775,-1.1605813706,-1.2213097163,-1.38450754966,-0.562062668878,-0.040268519298,1
-0.108456976068,-0.700531427502,-0.376796756692,-1.5511220848,-1.11543427376,-1.15608427713,-3.05303640315,-1.61290265569,-1.92362476577,-1.36987528182,1
-0.423231987368,0.230930171791,-0.216121472258,1.06055530923,0.19153697625,0.731342337844,-0.782892683316,-0.864698623013,-1.16619153588,-0.71514922214,1
-0.162154310762,-0.0658421646422,0.388519061628,0.614348785916,0.497627805682,1.23633573489,0.587414139794,-1.19791775762,-1.19505628949,-0.427793786586,0
0.0289003890179,-0.380531369701,-0.336168516317,1.37260410148,0.368787654147,0.347995471137,-0.0356144322369,0.313065610275,-0.387695155355,-0.513500994136,0
-1.31580363206,-0.917928937505,-1.03923781462,-2.20698937289,-1.47887121848,-0.553432116846,-0.57561614715,0.0530623854589,-0.287810268223,-0.911027569195,0
-0.559594232212,-1.69567780437,0.0434374986724,0.0157379034217,1.29102172923,0.711161049169,-0.572353832625,-1.3733971708,-0.609245728148,-0.10195004401,1
-1.0906173794,0.00250065429036,-0.254172256699,-1.46545383325,-0.290363158928,1.0358980848,-0.828717089769,0.391820932493,-0.135881492577,0.723388723825,0
0.680680628729,0.955540116843,0.649914575334,0.552535297379,-0.469078066401,-1.35572690556,-0.87121296358,-1.93165147989,-0.636555014592,-0.18000471674,1
-2.41054774088,-1.1134758891,0.308431743789,-0.0619211401667,0.293566441922,0.727828371342,1.29294561851,1.0000875009,1.78600649442,1.55137641636,0
0.899057688679,0.378240896802,1.00846790906,-0.0725483670131,-0.129357529215,-1.19576012062,0.0428614977527,-0.00717062997596,0.216018164692,-0.796604758463,1
-0.442535691692,0.502632144166,0.927266077803,0.883415520163,-0.111217667474,-0.498929465196,-1.10932471578,-1.73504261037,-1.68261381185,-1.63314057031,0
0.38271944124,0.803407499214,1.40731333256,1.0946277099,0.824948103599,0.85910300312,2.1499520605,2.5415928274,2.59846103991,1.72025524362,1
1.77905561453,2.7076702033,2.4285720135,1.49384483053,0.71815986014,-0.313410277994,-0.229638006314,0.265274864738,-0.886638095717,-1.21175322392,1
-0.643476065811,-2.06182624635,-1.92143935503,-1.00792728435,-1.65866738411,-1.37532923901,-1.78287400427,-1.15741275775,0.287753037203,0.917650053109,0
0.174577239403,-0.645130895574,0.292527537791,1.52741896556,1.39410974897,0.539751449738,0.0210084231151,0.789632544787,0.642635286014,0.770976761808,1
0.707668833824,0.611965150604,-0.154665601738,0.0305957209849,-0.157851340667,1.28014419367,1.15923827429,3.08328649059,2.57091136681,1.2993759233,1
-0.961538204301,-0.93839665351,-0.710549070189,-2.04495751832,-1.07654998097,-0.557013998096,-0.38735356768,0.28154080689,0.179773214696,0.651061954041,0
-0.0669272579753,-0.559617088197,0.000133145679219,-0.476381680747,-0.994888728247,-0.540262316418,-0.872424825795,-1.05922206114,-0.707083838077,-0.959191738414,1
-0.953681706477,0.0589013208307,-0.182933844458,-0.443238992044,0.429110298984,-0.261868308707,0.228968684311,-0.0779093199293,-0.656819229023,0.461188228459,0
1.33493420077,1.34800548306,1.89224287192,0.984477509332,1.11008937153,0.350683926613,0.515619434209,-1.07393239659,-1.10592282129,-0.80858561789,1
-0.545784787438,0.308960231891,0.462610003565,0.749920514915,1.26861538669,1.5152293551,0.648701817389,1.30307766348,0.317922689996,0.0442660854829,0
-0.448480449675,0.684229965599,1.12139977042,0.544298133929,0.644962059072,0.0286569770129,0.288381172071,0.123139967819,0.628339903665,1.88492644469,0
2.68954990732,1.58884190661,2.02207224672,2.36502771006,0.880950613008,0.565223175979,0.310057092447,-0.447095086154,-0.455637536778,-0.747618475254,1
0.114393235591,-0.499049420969,-1.65117843478,-1.82575325074,-1.49014759568,-1.60507991657,-0.915167307062,-0.430877182484,-0.295631401484,-1.31141780675,0
0.0469202792961,-0.243350616899,-1.56060953833,-0.900494160954,-1.47489784781,-0.741174076353,-0.888745524701,-0.642911768028,-0.68162848658,-1.00703856622,0
2.69608678142,0.961767397062,2.18785786246,2.25735187134,2.0618940159,0.226203732017,-0.202466154404,0.425402749518,0.124850254348,0.218510475097,1
1.23484042448,0.630677328543,1.60463919568,1.9976223907,1.80949916049,1.38963581584,0.80878122624,0.390432853999,-0.349067891447,-0.992885393274,1
0.00381847746126,1.2817531703,0.993706028884,-0.32727013214,-1.110254829,-1.47412997086,-0.272688615984,-1.7120400861,-1.97140885146,-1.24865068448,0
0.374463825773,0.363708043954,-1.00886673655,-0.895868817475,-1.07205922511,-1.46705843175,-1.01715256347,-1.4922623404,-0.385495104055,0.240723704883,0
-0.309244590054,-0.0729894677782,-0.264399693381,0.970880650087,0.532426660371,1.42881786612,1.52352883665,1.73121021205,-0.055816517096,-0.304663450526,1
-0.66056171893,-0.48865201546,-0.658183019192,0.0563605560146,-0.542150127645,-0.427144893673,1.02715084572,0.534428058781,0.933247241419,1.6236303096,0
0.234765770759,-0.366848155101,0.0875650872028,-0.29720258208,-0.766533367338,-0.962232440989,0.211877819718,0.139368147968,-0.221395294694,-0.335369467247,1
-1.00031538618,-1.24888895973,-1.59858894238,-1.14655094471,-2.01529471345,-1.59781792731,-1.82472715233,-1.2987220018,-1.14622423848,-1.43143312912,0
0.524062756328,0.73023539297,0.0619564465164,-1.69528769593,-1.24626271752,-0.716880314244,-0.455382104481,-0.498574400578,-1.70159459727,-0.336107304215,0
-0.953234139747,-1.61804113355,-0.805000538747,-1.08675049691,-0.354217585168,-0.256510562634,-1.55177485874,0.487228465892,0.555191232708,0.734988377869,0
-2.05555047475,-1.71123061983,-1.0909032151,-1.3195835422,-0.184734362229,-0.637236985676,-0.296612834116,-0.403685954111,0.171608452087,-0.188419901877,0
-0.171308202003,0.689848139536,1.75750000592,1.26200734908,1.49368751321,0.654469469949,-0.230047964167,-1.43433315294,-1.32268814427,-0.717049450214,1
0.968463612343,0.139529223561,0.0230454090208,-0.913724068832,0.0282535740494,-0.459871138746,0.0154889428114,0.386751452311,0.305450322126,-0.409111353746,1
0.606481154461,0.911507165723,0.591540671492,0.912876319682,-0.116388956949,-1.4393364275,-1.03867609153,0.0843188341671,-0.446318929161,0.0844667851303,1
-2.43200523816,-0.864307743477,-1.6855291628,-1.358307181,-1.32798491346,-1.57990734407,-1.28840798273,-1.38987071693,-1.3510847629,-1.6832794901,0
0.335971684795,0.656323639664,0.514064099068,-0.269485601786,0.457999237673,0.832940169352,0.974602695809,0.846499208332,1.08133363662,0.861170672489,1
-1.5784995179,-1.43301400625,-0.208640841057,0.255095505379,0.167162058957,-0.520716491702,-1.22376345974,-1.51276444969,-2.02375191147,-0.882701530505,0
-0.665457088589,-0.00894579808855,0.162496633394,-0.919949491904,-0.693742346047,-1.44476404431,-1.50492768474,-1.89620753913,-1.37988681389,-0.507743469263,0
-1.46667631127,-0.465518013861,0.789563722516,1.55584071587,1.5000663808,1.87283230491,2.69398773604,1.40903244004,1.66567850391,0.783400753624,0
-0.662951272481,-0.390120924883,1.40854973128,0.232106926334,-0.401544498669,-0.783965196818,-0.883377773184,-1.36627062457,-1.86482492084,-1.02882761531,1
-0.719100514575,-0.160279279383,-0.735370409121,0.230010264296,0.0351612256348,-0.851605316265,-0.127163523243,-0.660003921991,-0.948118596408,-0.604433789307,0
-0.0669846501393,0.433427444938,0.0216263213265,0.857517892895,1.21462987942,1.09148549208,1.38679961151,-0.133907857926,-0.680563411952,-0.256973203829,0
1.13473409608,1.18373600176,0.521883406013,0.784247395459,-0.600852302693,-0.915658099636,0.577556593615,0.918301322736,0.142696658739,0.436371233336,1
0.253062074837,-0.923825791992,-0.264861009727,0.0351618492932,1.95234493207,0.475801150657,-0.0570345499544,0.744072935235,-0.058517589367,-0.413772353879,1
0.770276866772,1.01743998923,-0.037644712068,0.114817399877,-0.271639384993,0.482336843284,0.600568545594,-0.00264527813338,-0.646066241727,0.444731885321,0
0.315228066212,0.940840533905,0.0898708280903,-0.0812957579019,-1.1234736423,-1.3993964758,-1.18981440365,-1.15927765537,0.721504211893,0.185737352295,0
-0.346394808092,-1.25340054768,-1.3509304365,-0.311673048447,-0.173648071918,-0.501517808995,-0.487227382233,-0.119161967522,-0.333105896937,0.0462139911558,0
0.453884059025,0.779284413178,0.0169974043591,0.193217204566,-0.124386798549,0.0219943642756,0.956472277481,-0.416053133961,-0.611798412816,-0.293354316542,0
-0.609011818773,0.130440364211,-0.227627026251,-0.0144545287853,0.599309312604,0.766758118294,-0.639669946863,0.051926355924,-1.25804433783,-1.20766040894,0
-0.84872575008,-0.739982810948,-0.886351239728,-0.5369304777,-0.940770972237,-0.909080105953,-0.701462363488,-1.40717740724,-1.47989387485,-0.915912342899,0
0.741554090286,1.48018151423,1.36982059006,1.17536063213,0.131518521592,-0.417345997585,0.252663094324,1.17228102824,1.52485988548,0.707458134054,1
-0.634792724649,0.694010489659,-0.174691760807,-0.406072088832,-0.378135908105,-0.614068434026,-0.722074748934,0.879316283355,0.354423193645,-0.130367551454,0
0.211633322858,0.783118455976,0.921063726221,-0.380444131829,1.19003285522,-0.286515352614,-0.722621029175,-1.2760382073,-0.567599730156,-0.912487872099,0
0.162068940335,-1.09736884957,-0.125762614584,-0.0144256170213,0.365219278572,-0.283626310673,0.0693446118937,-0.181079828465,-0.0558704605745,0.119870186009,1
-0.779777149502,0.4969365007,0.755005240048,0.211407191164,-0.269625575582,0.444641425597,0.480554502577,-0.722576966734,-1.92126093447,-1.55682301324,0
0.63313143799,0.353133298156,1.04464926919,1.34257426663,0.514194253819,0.0178541127099,1.21767045635,1.2809675232,0.849595214001,-0.479124756294,1
0.37018677407,-0.44382610566,0.888829335728,0.432844390628,0.191282553271,-0.596063230189,0.558889877237,1.08805188958,-0.296437225896,0.977581071707,1
1.09591576051,0.748873570277,-0.312046210972,0.312608683061,-0.0420993490624,-0.390109046741,-0.494302140452,-0.125698378566,-0.348168099075,0.164718180082,1
-1.13989827685,-1.11213466891,-1.02186091066,-1.4017385286,-1.10674552197,-0.193127665335,-1.01227980114,-0.810741611476,-0.963315773942,-0.461940547418,0
-0.291809109559,-0.716305338008,-0.37509814028,0.0161382377488,0.788157564034,0.706867900853,-0.470740862038,0.14237015896,0.235903933595,1.44408024112,0
0.836170749477,1.29800833381,1.1550392626,2.18289210237,1.11196314966,0.635024753352,0.681966706761,1.36078252819,0.830972985544,1.12694447981,1
-0.530339802365,0.653344867641,1.19741433696,1.24092021918,1.53279948601,0.122659268592,0.31695735294,1.32866777059,0.113834142899,-0.16178258059,0
-0.49668777707,-0.387002407478,-0.211148963868,-1.49692363369,-0.27000310461,-1.39189722845,0.282086650907,-0.100062328086,1.25906280986,1.34889441032,0
-1.10805353415,-2.02640862489,-0.865790749459,0.41381418629,0.123907995951,-0.560014137084,-0.659879836499,0.114579219979,0.76404199366,2.1908165331,0
0.535553279713,-0.723456103226,-1.09104689085,-1.01383199663,-0.367614157635,0.372670105316,-0.105087572353,-0.460581955239,-1.5826951633,-1.55754536572,1
0.462756150782,1.02358533549,0.774746129826,1.00809856885,1.46922177107,2.29809791412,1.57490201464,0.0938538847564,0.140260468447,1.00201509502,1
0.956471586258,0.511798304915,0.633797391786,-0.549551794452,-1.43595440837,-1.1805209884,-2.13996170606,-2.447699498,-1.08823723826,-0.854565191897,1
-0.336809608026,-0.863096772034,0.429142403718,0.733315245285,-1.64080981851,-0.693900365346,-0.398525545705,-0.189698135594,-0.612004421762,0.820550761079,1
0.114407440152,0.439675082769,0.0104285261336,-0.669118290989,-0.305201722538,0.758774510567,0.373295647266,-0.157860373963,0.224222264364,-0.222005851345,0
-1.37414772515,-0.588240226079,0.347034619772,0.787384844233,1.35447817594,0.749518462933,-0.136975420153,-0.877988511397,-0.802900473727,0.134445360497,0
0.0949027534512,0.368524501942,-0.503905101487,-0.83583903784,0.222566390804,0.225137609158,-0.63185429585,0.0215481587387,1.12868743053,0.882756529039,0
-0.303132201712,0.10364058292,1.13923333133,0.304952854023,-0.579238676355,-0.817000941071,-0.839561585417,-0.159791625767,-0.470028828827,-0.0709480981679,1
-0.851479397527,-0.238992538384,-0.552207142619,-1.71885884496,-1.49848630146,-1.62787645204,-1.15256619313,-0.149682593892,-0.019492312151,-0.527412661397,0
0.71418055401,0.0138123338623,-0.222179530386,-0.514964891159,0.318733958683,0.186143304694,0.745407493278,1.19563146472,-0.149101007354,-0.39925626907,1
-0.309883208097,0.232244952285,1.06574152198,0.936791921415,1.46625707073,1.19073411261,0.50367999513,0.306268800803,0.55097669563,0.0296593242087,1
0.935698750685,-0.418027394177,0.720736625678,-1.37328716559,-1.08067715853,0.90567037091,1.46718134298,2.17494557228,1.88024830733,0.691344805271,1
0.541181975382,-0.477604856322,-0.742049262441,-1.58687251001,-1.44674753699,-1.61273342582,-0.915290743924,0.0311024523838,0.970249726296,0.340036363724,0
0.235092850429,0.0907533014469,0.954919692098,0.525903232476,0.363957988444,0.449490230307,-1.59357085608,-2.31107038762,-1.09152264797,-1.37733815296,1
-1.46039922853,-0.00688446608595,0.0785006249449,0.631879115675,-0.465072613104,0.296092967665,1.16206492982,0.940491209047,1.00618650928,-1.07569639336,0
-0.0423152636791,-0.064984649089,0.69683999262,-0.0921662778643,1.29496592193,0.366031596546,-0.0802581445688,0.0479889057937,0.254142749405,-0.484942969074,0
1.05096636411,0.045740018918,-0.852883405624,-1.46098949069,-0.565083024097,-0.986442212527,-2.06516125443,-1.8377199734,-1.09794938494,-0.679328058,1
0.24795387819,-0.863825064404,-0.782637332106,-1.44421892076,-1.16475576461,-0.391044188209,-0.634149823037,-0.921237797522,-1.38629581502,-0.659567126113,0
1.97470379365,1.26148766408,0.811040075109,0.831226611485,0.573344403908,1.21261278543,0.885827632941,0.920251996114,0.701234710363,1.44691463538,1
-0.987631900002,-0.821468685501,-0.958067410747,0.440811278414,0.333236352235,0.607306671882,1.74580618807,1.03422320327,0.792781062737,0.0734898323471,0
1.65276286598,1.50086576518,1.30000266752,0.783225057102,1.29109054325,0.927403223259,1.1300361911,0.834082734152,0.447256770174,1.86714420713,1
0.329463193637,-0.293128392053,0.0482818825924,0.756776402203,0.153963303705,0.276757766257,0.319479588766,-0.771374758456,-2.08818026316,-1.62712823325,1
1.09223941896,1.14444533477,1.0125814012,0.587197430285,1.64635114029,0.73255258565,1.21025378916,1.00740549031,0.96492225524,0.894344247963,1
-1.32827270446,-1.39073794012,-0.772164522003,-0.414965098627,-0.44204553951,-1.49673974713,0.559522686819,0.383952140143,-0.198021964967,0.257855956258,0
-1.27386837974,-1.876651736,-1.70173354865,-0.592614746576,-0.829143413076,-0.910600110021,-1.10364535656,-0.769173867163,0.0391206280362,0.064207320209,0
-0.471713864221,0.584539661352,1.04416112885,1.41174833205,1.5865128442,2.15887586151,0.979859563939,0.429224083014,-0.359776444726,0.697928666023,0
-0.0106829757024,-0.234496101662,-1.43196042078,-0.59637393613,0.133910179641,-0.0819919497654,0.143598510664,-0.630726118912,-0.651476095559,-0.113376695089,0
0.767038432601,-0.0565051114541,-1.58274671905,-0.345150567571,0.348441231818,0.535032764745,-0.404459793447,0.248104610339,-0.780220828196,-0.616489424326,1
1.41480547862,1.18184575581,-0.565277084816,0.295743889331,0.736255546012,0.248469757441,1.06674410884,1.21459958068,0.882052237779,0.0504962106709,0
1.0252067685,0.16477821496,-0.0452168787583,0.51154469643,1.62138972593,1.50445124432,0.373945427804,-0.866653662967,-0.580068461538,-2.31360818182,1
-0.429131748198,-1.46338105365,-2.38252177405,-1.38552493664,-1.28141186796,-1.20413650819,-0.0375712134661,0.0889174168519,-0.631570182753,-0.0120169382763,0
-0.911987770172,-0.0235785692778,-0.388334887069,-0.0128356721577,0.524898731834,0.877941557823,1.34862635328,1.25438809853,0.62726778857,-0.471149701413,0
-0.982087651597,-1.53247849938,-0.920980468885,-0.772317783676,-0.355274277358,-0.307457334827,0.74220486158,0.903167593697,-0.208162396135,0.166606130217,0
1.099734971,0.819675695123,0.953289604027,0.843647824898,-0.904569538794,-1.06535819374,-0.464388074689,-0.112148626923,0.00662670164928,-0.37644570768,1
0.843481681997,-0.13529698234,0.756506172487,-0.134071079169,-0.225605013685,-0.411886260053,-1.5134431033,-0.632877983088,-0.0984409102979,-0.505744381294,1
0.261845814346,0.0680307934074,-0.157422763649,-0.412314972548,-1.25460524396,-0.876130878922,-1.25572771168,-0.141184022329,-1.28195492048,-0.92496472829,0
0.130104372391,-0.148096445521,-1.22244845399,-1.39644918617,-0.145037375613,1.03766060949,1.2190406495,2.54864163749,1.829996629,0.965201295508,0
-0.45531274999,-0.711560346453,-0.732069635056,-1.67191969673,-1.26550466156,-0.500359481386,-1.96407512381,-2.29929951074,-2.20533840025,-2.07985562637,0
-0.666015827964,-0.101830393316,0.388646796367,0.183146828534,0.689762978865,-0.191603843583,-1.24012446922,-1.54128205209,-0.339821738453,0.15882320796,0
1.44864926504,0.637270030364,0.312082443429,0.206861919395,0.399655129886,0.918001296835,1.8248804438,2.14886946056,1.51671087992,1.61137849608,1
-0.508605430745,-0.462081277671,0.102506375995,-0.376374157622,-0.844106219898,0.485274765697,1.15847041401,1.17767873007,1.76816384294,1.30682056271,0
0.171449593605,0.836275086982,1.70784092868,1.07997280245,0.740066704686,1.33415073906,-0.0377239711977,0.749838967285,1.59146115961,0.353876375268,1
0.522904861438,1.85513857237,1.86663626386,0.503478418388,-0.565923856211,-0.666469780796,-0.666976460932,-0.859830467189,-0.668284991659,-0.149802978846,1
0.933198233844,0.112695217601,0.703978272592,0.877280231955,1.11369441787,0.839852641954,0.562387890506,0.543591217194,0.884064187246,1.13527013096,1
-1.29764273163,-0.649951953799,0.206418474815,0.492221566434,0.173405339202,-0.28123485517,-1.12291872539,0.368107012988,0.587655018243,0.118832513852,0
0.56077879126,1.40333714231,-0.0334499399677,-1.28359943616,-1.18626870854,-1.2848376539,0.205574831493,0.347480470907,-0.0226278578981,-0.27484549082,0
-0.792404028313,-0.249493165248,0.425072374833,-0.57898016589,-0.690183908288,0.925500725825,0.0561259916896,0.425510446287,0.2611724573,-0.356009337563,0
0.826563466046,0.966264382857,0.986730583717,0.774435330753,0.787892910856,-0.328932228079,0.212746283292,0.402509245497,-0.0524568366827,-1.41252391914,1
-1.27191975833,-1.16093283415,0.358736169127,-0.483645732656,-0.154294877783,-0.595061820735,-0.677134519628,0.651363680379,-0.368266228946,0.182099510505,0
-0.555338609099,1.10822570136,0.437537384249,-0.0618845218685,1.58585923721,1.44555283751,0.289513108579,-0.780029921049,-0.249079053681,0.180511133735,0
0.482947165839,-0.349917792926,0.131581693073,-0.722590630851,-0.97666969567,-2.16725918727,-2.43837746475,-1.40659393746,-2.28825535923,-2.63075339802,1
-0.639387780632,-1.18531732897,-0.851457405335,-0.582486677073,-0.755563727491,0.3483239667,0.720145620036,1.55403514995,0.58898262627,1.86652582346,1
-1.32665053957,-0.113219470233,0.529543238283,0.921708339232,0.495746211948,0.0421105386691,0.0918584999645,0.865451881999,0.704906635241,-0.786664186181,0
-0.223958211422,1.03342508256,-0.26142185225,-0.313452049107,0.185481852408,-0.641885432191,-0.604303293678,-0.364713125578,0.309335796639,1.01643602525,0
-0.322278968432,0.596139814793,0.259601618334,-0.119671296003,-0.145557944193,1.00821957762,0.202872878003,-0.51801326542,-1.34543533698,-0.840693665195,0
2.83714938686,1.90753430309,1.69806428626,1.06980627642,-0.0632699503558,0.626224136368,0.0142111643783,-0.262626351323,-2.11547738492,-1.57837680625,1
0.328845693509,0.22054400249,-0.256641710448,0.423035893191,1.1719322193,0.94090541561,0.916317306592,1.19037773206,0.673544910841,1.48233563853,1
0.708767729595,1.02383762959,0.40908486691,-0.239192442989,0.355473459447,0.276263167741,-1.3883708407,-1.19416988065,-0.74715667234,-1.56262738461,0
0.525074519192,0.777248550078,0.447589668891,-0.888127452931,0.279900416815,-0.165600166128,-0.70152896851,-0.10055662336,-0.094597373427,0.463814007501,0
1.01788349633,0.207981127337,0.417795065973,0.818005816461,0.642718206664,-0.25914904256,0.0920759275458,-0.458792510064,-1.49252092693,-0.142747128179,1
-0.763801020471,1.12073071504,2.10708806024,1.78890997999,0.359569494163,0.208875272669,0.224804122,0.0761358703428,0.0156593219723,-0.495993927316,0
-0.21379024601,-0.336472328465,-0.568976129078,-0.447685780801,0.238019794378,0.6309354152,0.730710889414,0.485976112052,0.511511507392,0.629928597025,0
1.6732636614,0.613026684791,0.366379016127,-0.0239191090073,0.539877714809,-0.978303039389,-1.37327467826,-0.865743478499,-1.21488381246,0.227381433784,0
-0.0483708227655,-0.495074237252,0.430750917231,0.849589584602,0.921819928129,0.936325367444,0.350249240659,-0.469565990647,-1.38437362514,-1.16275860554,1
0.992265684576,0.735563593457,0.534906213694,0.769385973692,0.215897084161,-1.01682998505,-0.852812591515,0.634138556236,1.17926402285,0.941718845664,1
-0.103920288469,0.433156965402,0.980787066233,1.14969415113,0.481823852608,0.0625094410858,1.01097447286,1.30696395872,0.616965425916,1.16314890964,1
0.891461654059,1.88276893397,1.4560088625,1.09409860664,-0.468395922871,-1.37409647607,-0.748897377093,-1.10454616859,-1.01337718427,-0.74754985896,1
-0.614658152569,-0.194735263484,1.21217941533,1.86518313173,-0.249554398224,-0.276003142447,0.120695763,0.828186834923,0.299226109129,-0.135789956007,1
0.321276265842,0.331785157745,0.679953707277,0.322010363828,1.48752687631,1.33907083375,1.38567112516,1.79191028977,1.23558848191,1.33744685799,0
-0.127794862046,0.598235459029,0.00747630931437,0.0439912836185,-0.0978158384867,-0.282701566175,-0.941575294488,-0.63599943521,-0.721191848609,-0.831153671509,0
-1.21400903576,-0.709710088389,-0.717288422409,-1.7234218232,-1.75003779905,-1.56068216725,-1.10695354802,-1.79048485216,-0.752838150665,-1.69836961849,0
0.360854768464,0.0673071962559,1.05801835272,0.679074817555,-0.110195148551,-0.708380372327,-1.15089379258,-0.587237064262,-1.16651009736,-2.54634383779,1
0.537037053362,1.00755010211,0.594479262545,0.905704943799,0.840784592223,0.12690967249,0.578246960557,-0.784787455245,-1.223949442,-0.602846947541,0
1.54761590895,1.38631504497,1.23287722986,1.87052623255,1.45296437523,1.44174179538,-0.233300929238,-0.839823126377,-1.00884971184,-0.893475075503,1
0.0277408141097,-0.810610415617,-0.134224239251,0.267252232783,0.244533322387,0.256060834804,0.35859226194,2.12391476005,1.61623066169,1.20694867917,1
0.684054021321,0.534501052935,1.07866563228,0.880009104929,0.799683552986,-0.104065676474,-0.656231594287,-0.785547455995,-1.25723886946,-0.960650360436,1
-1.07476492367,-1.11720097072,-0.353455038824,-1.38971178568,-1.19395274679,0.271461839167,0.313568983732,0.221970784113,-0.976144205486,-0.528747915717,1
-1.99784486572,-1.09599371217,-1.28433746727,0.120390470578,-0.674892310373,-0.797087435644,0.454188049108,0.232560808708,1.0569485401,1.24815600457,0
-0.984671135289,-0.900519205018,-0.308016789823,-0.5068219899,-0.226377926113,0.373934611443,0.121129597238,0.891253320629,1.23953160998,0.405480639731,0
-0.663484767577,0.392315030392,0.638035804723,-0.313398657096,-0.950190195317,-1.19640711015,-1.45095857009,-0.518848883652,-0.159026839651,0.699571916802,0
0.465307626526,1.4713809288,0.898249154106,-0.115924528052,-0.625685590627,0.632648645923,0.398550142125,0.879269066238,1.05556994669,1.18365188454,1
1.77578704629,1.55939241692,0.563561080896,0.376068722954,0.489874294708,-0.296068387898,0.140363608472,0.055481487483,0.0821195340359,1.1076544188,1
0.304689233699,0.0371528761651,0.071005907755,-0.769383899955,-1.13826898987,-0.312508102701,-0.0660295025601,-0.396490954285,-0.220853641422,0.19785065093,1
-0.424575758792,0.28174984596,0.336335848622,-0.653181161587,-0.151117678845,0.641677482593,-0.704804485604,-0.972592507657,-2.10624688638,-2.17791764038,0
0.50318504678,-0.911020624232,-0.477871233393,-0.0861040447011,-0.330691036939,-0.380724634579,0.604429344331,-1.06894708363,-0.831136838208,-0.654801756362,1
0.706116008425,-0.0084538450378,-1.15107786689,0.428413635957,-0.0404607915207,-0.202264031546,0.129946636146,0.137373147171,-0.117901690875,-0.0786512971389,0
0.361341916132,1.14770658718,1.1057019292,0.723877024079,-0.443923819045,-0.97613389428,-0.159399407396,0.679321643277,0.28108692586,0.0713981197616,1
0.299398483323,-1.45648702299,0.193847990716,-0.678820143304,-1.30197571296,-1.85530044534,-1.43548957084,-1.52763997233,-0.392778389779,-0.0727671378111,1
0.363254375256,0.990156499601,2.06541319791,1.52968678591,0.143198814243,1.01753133518,1.2636973185,-0.0258374934951,-0.217631678587,-0.534095324317,1
-0.15528462225,0.364968351484,0.854427671158,1.11169919612,-0.502644219497,-0.102790107129,-1.38429181711,-1.57063853399,-1.13345010884,-1.46387050851,1
-1.20064603204,-0.25155840807,-1.6557669255,-0.864325475595,0.229033029146,-0.103199617723,-0.80514776753,-0.798284393832,-0.51135325498,-0.118388165592,0
1.86118919888,2.99409337676,2.51703553423,0.784694021893,1.15972114023,0.645675123701,0.643207881604,-0.891819249001,-0.651979374527,-0.401057264453,1
-0.171556959389,-0.0968154969167,0.155644831491,-0.213345140264,-0.391484878201,-1.57147045402,-0.190450804643,-0.487868356246,-0.520859726837,-0.0623576926408,0
0.248224608208,0.694398482087,0.183388261487,0.633875647041,0.259138939036,0.769508121713,1.06391913141,1.03592652873,1.05042024967,0.227508923972,1
0.0481165725119,0.383840545816,2.02537339707,1.44739279456,0.51922775847,0.629324403936,0.542294512189,-0.914203639328,-0.608236941631,-0.983401925484,1
0.772745442499,-0.324452663228,-1.33262157615,-2.66803729819,-3.03937212199,-1.96314550431,-1.51551865849,-1.69905033095,-1.99949705896,-2.40492152155,1
-0.715638167483,0.545986054926,0.0730126962231,0.516439856736,0.696861087778,-0.222349708958,0.0314096124983,0.941842660882,0.723109565496,0.265935923747,0
0.599966035825,1.08861969876,-1.02412484499,-0.136314316611,-0.568391974901,-1.28164172628,0.0574847338394,1.11349037051,1.37371869883,1.22774010075,0
0.828703202436,0.938264096695,0.910076054827,0.553596746784,0.264244598459,-1.14075762859,0.484200481049,1.12910722701,-0.170841194991,0.112545056347,1
-0.055810181256,-0.45050632976,-0.480098326979,-1.26233327404,-1.88984224065,-1.16084636234,-0.956394367315,-0.421870769261,-0.791352406605,-0.342951155448,0
0.0520235315729,-0.556756135013,-0.120660475566,-0.744803360833,-0.390275196291,-0.426273084523,-1.88099056825,-1.00935066698,-1.22574723682,-0.805295578625,1
1.69578955135,1.03298670015,1.64237962493,2.55751177415,1.70169486858,0.236219725474,0.821941530679,-0.166544851341,1.28586882937,0.498409191723,1
1.5632212177,0.855202187237,0.304550656197,-1.04268867846,-0.715552090671,-1.38256595092,0.121196224742,0.0525077558904,-0.556336983515,-2.15390441681,1
0.306267272113,0.365191652596,-0.271259975578,-0.893135900319,-1.62044964053,-0.890644504793,-0.52598701949,-1.53103566433,0.29595889505,-0.0334185668231,0
0.465100251179,-1.0949585232,-1.45810236983,-1.24147639135,-1.14890601465,-0.134099574009,-1.5161461083,-1.48784223293,-0.933497691695,0.356505411638,1
-0.982812167098,-0.811755502003,0.1284834037,0.745210618143,0.707994031702,0.566883390581,0.613943170745,-0.360198350026,-1.26680072552,0.262914289597,0
1.67935721532,0.0270386064684,1.08304763272,0.73996685329,0.302870295459,-0.629767852566,-0.0765373565802,0.35204771248,0.326425240447,-0.0814481740188,1
0.47234659219,1.11877556462,0.866113288397,-0.0821479616482,-0.269869005539,0.236768211484,0.0432588379199,0.635114839157,0.935057826231,1.24021607184,1
1.09757530311,0.45305612974,-0.284301985237,1.04539722968,0.799388917244,-0.158456034877,-0.158188696655,-0.135704279157,-1.41345785702,-1.20382019363,1
-1.1277852746,-1.23210162079,-0.677693602279,-0.985147907966,-0.688487071542,-0.447399023054,-0.065566138344,-1.01226735088,-0.511627404831,-0.897494936427,0
-1.43768442127,-0.399077016503,-0.76996405818,-0.105510328807,0.222213438981,0.313515418935,-0.93561588219,-0.628167511682,-0.352683585613,-0.428525828839,0
-0.315714610653,1.00979170805,-0.0652444220104,0.245668134671,-0.683452883244,0.119791094022,-0.347533359126,-1.39465842767,-1.08416541831,0.233961708556,0
0.311016111344,-0.110426237041,0.29438405918,0.70760481086,-0.0189405218288,0.369296736455,0.90822897531,2.91873263684,2.31650713471,1.87299776599,1
-0.0493603011056,1.41547783048,1.14686253318,0.240348803238,-0.0188119851531,-0.574516784494,-0.414488224111,-0.0203293249367,-0.389389126085,1.36546962472,0
0.910718873727,0.383784380289,1.03002138387,1.51133010842,2.13189771814,0.802227316278,1.3455329915,0.551327253045,0.0483077688875,-0.489353478529,1
-0.082196916615,0.430657686594,0.282135990922,0.141432395339,-0.241931624113,0.261404127157,1.28412326919,-0.246516785407,-0.592331964826,-0.082985698538,0
-0.100124195524,-1.02030733811,-0.826291331769,-0.703721902309,-0.341429299914,0.316920451321,-0.595319372101,-0.190021676216,-0.195797783828,0.943786258515,1
-1.94375524686,-1.41036634009,-0.846673445527,-1.0331051959,-0.908544863988,0.413294280023,1.23828312822,0.586716909954,0.546444574118,0.14546259742,0
0.874822338154,2.23579404987,0.867128581684,-1.00980188212,-0.347590143722,-0.589064878374,-0.778698500074,0.346596497967,-0.240678317403,-0.829463100179,0
-0.166567590836,-0.0364762073679,-0.2826575454,0.734913388054,0.36285917352,0.703212294037,0.776627692855,0.666224990259,-0.558848015257,-1.89434848,0
0.0557718209535,0.45109089103,1.66482404864,0.164450567159,-0.0791779180842,-1.99598183981,0.155140900677,0.736723725848,0.270956189365,1.310134699,1
0.234302915026,-0.462464720746,-0.661924938962,-0.850872334652,-0.242306597504,0.599608161148,0.491764685646,-0.3958911642,-0.383809300592,-0.0334705622905,0
-0.996553763642,-0.815315468711,-1.99689452178,-2.76259704204,-2.8503049604,-2.59887132018,-1.70724828054,-2.25293487391,-1.37217416584,-1.49865071636,0
-1.42057892419,-0.918549398673,-0.540862098343,-1.18411949612,-2.15473335563,-0.00134949323941,-1.01460160933,-1.70176104378,-0.911528594857,-0.326308524135,0
0.701445071485,-0.891129679029,-1.55775001872,-0.696849274418,0.123035350878,-0.678730830791,-0.524119314868,0.653388758584,0.421765433144,0.12400148382,1
1.67661836798,1.00397802579,0.234096227227,-0.355753578256,-0.564049818737,-0.672960045267,-0.991588635041,0.0408431823242,0.493935389541,1.05359773301,1
0.0814240163244,-0.639164034504,0.111298824141,-0.685988270708,-1.34236512235,0.472776587894,-0.542045241919,-1.81143124065,-1.35200618596,-1.18983847814,1
-1.37485369265,-1.47404151869,-1.42842211518,-0.0317898149214,-0.791666336414,-0.827825817594,-1.5037944585,-1.16030346317,-0.264279481459,0.582078293015,0
-1.6692483385,-1.54346480379,-2.43432361564,-2.71619621625,0.551506154243,0.215355594685,-0.331324960216,-0.114560831304,-0.754892462301,0.172805249213,0
0.752807617081,0.405683195337,-1.46883771915,-2.00518154996,-1.99542887474,-1.37960651668,-0.810591462292,-2.22942519026,-1.5722422344,-0.858790116183,0
-1.05146399292,-0.882855490215,-0.653393120233,-1.34193027347,-1.03358389196,-0.00623904233192,0.872910674132,1.03124600491,-0.737396935818,-0.674339279734,0
0.25865682136,1.76139770322,0.215424535863,0.00144432947829,-0.10852742198,0.17273437513,-0.48027597395,-0.730552907749,0.67997098547,0.315347753477,1
-1.6168300951,-1.19196707698,-0.550809680067,-0.773033491617,-0.269952400892,-0.535370841273,-0.709334333533,-0.322121420768,0.208834557213,0.267301834754,0
-0.905105493355,-0.4259520057,0.682188483602,0.777058467505,-0.125126963091,-0.379636672475,-0.27009119661,0.740905599102,0.588362068959,0.244047431576,0
-0.154218275826,-0.344348089088,0.799787502942,0.233604517662,0.0510098081375,-0.759384679711,-1.1532575781,-0.176937111765,1.05808471074,1.51958616006,1
0.942700356282,0.310390901772,0.337791161419,-0.231940785102,-1.59883368103,-0.609802771601,-0.333866343953,0.496019768662,-0.280287615365,0.000777751546026,1
0.635114764615,0.947104718696,0.863525657946,0.365572118646,0.222228174564,0.342114182563,1.00943817274,0.28658357898,-1.17016494802,-1.54159261287,1
-1.25075237614,-0.860410501196,-0.0190399715534,0.108202614465,-0.251367140543,0.74859355605,0.391973014917,0.19624762579,0.121148203334,0.873103888853,0
0.404047035707,-0.159705823094,-1.43087518996,-0.533302187641,-0.160795042561,-0.381023931028,0.687423728165,1.86794153612,1.61517633824,-0.082429867022,0
0.142333557673,-1.96331734343,-1.18507025475,-0.576612986992,-0.525305586844,-1.05248381395,-1.29788779737,-1.90070023321,-2.20983591857,-0.65239743465,0
0.631815273693,0.716278488697,0.813675384165,1.78445810735,1.64758003108,1.48643257082,0.115706127656,-0.00447832187497,0.258582847986,0.835008467713,1
1.24289003612,0.17325615341,0.739825573552,0.240214135107,0.651080097204,1.51977569379,0.475693952098,1.55435543997,1.68363050566,1.95841912117,1
-1.10524972692,0.0494278837574,0.548112439163,0.715649989024,0.0508635275473,0.793642480077,0.289162904764,0.616731224399,0.831412784884,0.484383575451,0
-1.07462356705,0.0126360860171,-0.418349177879,-0.49017604458,-0.146249210848,0.364388312631,0.216637533209,-0.546869850022,-0.962975832883,-1.41181346866,0
-0.406565161466,-0.0861573857311,-1.50486599645,-1.91991065263,-1.158989319,-0.215400674406,0.137372566544,0.636138701429,-0.387682649924,0.107008570367,0
1.37516849718,-0.420963095792,-0.545537871965,-0.192862034237,0.537537367277,-0.120585209321,0.674489817822,0.869776819142,-0.728491693147,0.371497117085,1
-0.828140773739,0.749570369442,-0.702242732285,-1.05331090005,-1.28388069536,-1.61567494462,-2.04402160959,-0.63132855712,0.264918299716,0.314519380523,0
-1.42123669365,-1.08866544427,1.06196449428,1.54836369449,1.26488366463,0.712789031726,0.832505192856,1.02196908962,0.961976132977,0.168505653472,1
-0.0146736011632,-0.756496890239,-0.504833999909,-0.0954714001719,-1.2882712492,-0.0863126035033,-0.334172901242,0.0125663639261,1.70690974026,0.832489121373,0
-1.27237004711,0.1366233519,0.238303877232,-0.00419815052822,0.0905617070911,-0.598022449844,-0.661102289365,0.393981853479,0.145733460308,-0.384987192311,0
-0.335798020069,-1.35960834128,-1.33127992568,-0.0652393903061,-0.436623937935,-0.370115844436,-0.661164158936,-0.945392411574,0.520298244423,-0.381592953944,1
0.361371010318,-0.679016563314,-0.0724891804146,-1.08388533182,0.655460707941,-0.240822969348,-0.919211225679,0.166794155754,0.637708843714,-0.373512030352,1
0.234903449617,-0.606397630348,-0.164326671914,0.147724457484,1.43459269458,0.960095548233,0.244052577507,0.206491476145,0.169033746505,-0.247552546941,0
0.208569799623,-0.71794212212,0.581914488332,0.142310791835,0.892217222946,0.0706151036514,0.466093057306,0.0623943551889,-0.243278227853,-0.733667620818,1
-2.16525165296,-0.633009259204,-1.08079680106,-0.0435092973433,-0.845834777572,-1.55914817122,-1.05793171212,-1.25151627834,-1.3997798712,-0.332795469268,0
-2.10809093576,-1.88940254007,-2.10282690848,-1.52583365349,-1.06442285595,-1.1212993491,-1.03476378253,-2.00310792023,-0.906739256958,-1.2519170225,0
-0.381786546474,-0.823987907193,-1.29647205507,-1.51333821883,-0.377354600496,0.515493671468,0.356978531501,0.340071262741,-0.374997230624,-1.06960017709,0
1.25304401572,1.15487250119,0.404773478648,0.211024660268,0.23743481186,0.309767237764,0.344567339644,-0.426286349885,0.572015838628,0.868794648125,1
-0.222766745621,-0.372390099857,-0.107127276953,-0.292438148146,0.503484490497,0.221593156628,0.0125120564985,-0.971932673554,-1.88660204973,-1.4933789361,0
-1.23430716434,-0.56806720051,0.222895439312,0.585510964606,-0.521202361051,-0.507973521411,-1.29347705288,0.286103008666,0.931492791554,1.02464508086,0
0.495139466211,0.124504102895,0.493208955531,0.657763863759,-0.531492460539,0.98402424006,0.87192768533,-0.255610171511,1.76269597328,1.79579405779,1
-0.150064212998,-0.834950432575,-0.384923041367,-0.327857874929,-0.273281651204,-0.0327615685579,-0.324964937881,-1.20129254919,-1.19717608807,-1.62328319401,1
-0.24453504882,0.171405598254,0.304226383075,0.911890520573,0.608274977266,-0.142957684593,0.436434029402,0.98662143639,-1.05793594441,0.03261977249,1
-1.04670894792,-1.97764401527,-0.506344721431,1.54595029921,1.60777380337,1.2404817902,-0.245865131349,0.628812456276,1.41713769801,0.139062151526,1
-0.401433728848,-0.413909481175,0.378204206827,1.75491152266,1.29625276349,1.03712967763,1.04176648242,1.32130221543,0.743895041565,0.44770169115,1
0.918401515889,1.19672796642,2.77023505826,1.59131265946,0.974711942757,0.466275564038,-0.33041115976,-0.808081966246,-0.976304439413,-0.616997966912,1
1.75748711953,1.31754906137,1.58696141936,0.594738906014,-0.553758345684,-0.514904061712,-1.39627693168,-1.44399978382,-1.05019887898,-1.02774340813,1
0.0798501521847,0.116286639025,0.140111487347,0.0939466630354,-0.711592223775,-0.300325569021,-1.08879950581,-1.76992097081,-1.96183622085,-0.786555550783,1
-0.622689442047,-0.671867495025,-0.367295498708,0.597622719011,0.258931373396,0.244341979377,1.49779270548,1.22830650728,1.59148130358,0.473769444527,0
-1.71016930409,-0.979445578375,-1.3412933209,-0.392276973804,0.637729684934,0.924209574489,0.943815012714,-1.21327550341,-1.32310228655,0.0494034469612,0
-0.110391257987,0.938993776699,1.56153993769,0.890855731373,0.404724380711,1.03380312435,0.462349975931,0.247821591843,1.79273837646,0.298333509566,0
-0.3030446603,0.433339194626,-0.225541470692,-0.259439563987,-0.156781428555,0.0228999818367,-0.871856079162,-1.04608246214,-0.786631904022,0.682245763685,0
-0.217031949122,0.0525304457335,-1.50291650011,-1.87192772639,-0.71347699009,-1.538773989,-1.29778871515,-1.57323084989,0.219217186802,-0.0925249049878,0
0.249185211816,1.68554890289,1.76331894461,1.31142825299,0.272502125813,-0.436346333057,-0.424111856485,-0.709097572699,-0.866018912786,-0.343853982804,0
-0.910116541636,-1.75583866301,-2.6335544884,-1.93781498853,0.179660095481,-0.528627037233,-1.28787919142,-0.966990107968,-0.590065246926,-0.841457995374,0
-0.286639014539,-1.25245649781,-1.01275820722,-1.19176991256,0.92530543582,0.467107611429,0.714336865642,-0.219820383939,0.0430863010336,-0.092891229914,0
1.0013716395,1.76694934583,1.3634515903,0.964717505507,0.128734701115,0.431125214688,-0.551775983612,1.25077587244,1.19431456598,0.242323542727,1
-0.265774174506,-0.296538490677,-0.401873203216,-0.0555412748724,-0.429464413244,-0.211281856975,-0.330469189122,0.341386468959,-0.0816224125419,0.000840284140692,1
0.473873328729,1.20634534847,1.63422735961,1.82115197782,1.16707102127,0.151379724516,-0.0556991400912,-0.955865664801,0.875185111624,1.59821052452,1
-0.995710260098,0.281727037421,0.283989288143,-0.285015691186,-0.411117894377,-0.430613489357,-0.519373795259,0.366260353895,0.393787499244,0.00288315860443,0
-0.533083821051,-0.920339693423,-0.275086816751,0.434317571884,-0.00100782836212,-0.757875973223,-1.98042339392,-1.63665072451,-0.845604272558,-1.10254913108,1
1.76718724902,0.911938104344,0.59111568299,0.499046521855,0.211921602094,0.0503757615206,-0.443746360715,-0.551290921819,-0.329827803646,0.552813390923,1
1.75445271009,0.580566108624,-0.288219829869,-0.516830729562,-0.473739880101,-0.0206741754485,0.453859329602,0.386831058426,1.12529362198,0.646573088368,1
-1.53234722303,-1.55892729201,-0.419549156416,0.745883894326,0.516298023697,0.569085539078,0.495660493627,0.640764288888,0.727287188834,0.374460274313,0
0.12873916651,0.19622100269,0.419309043491,1.05979678942,0.136391934236,-0.036720781764,-0.296469445484,0.301507246589,-0.507396464504,0.639859971122,1
-0.751625219882,-0.885320629916,-1.17997245901,-1.73771904033,-0.959946927479,-0.768099913506,-1.19821646443,-1.64541686385,-1.0808093963,-0.317371763652,0
0.797342098804,0.324070821313,0.716301776671,0.469664013751,0.262216729327,-0.226545926799,-0.286964915686,-1.46457345711,-0.114982943653,-0.825382831478,1
-1.73932157447,-2.29034602273,-0.181433782977,0.159117427865,-0.144387829215,-0.369335598235,1.51833847822,2.4011025851,1.15432572056,0.907919671814,0
-3.33948328602,-3.01005947066,-2.09423198368,-1.60237477009,-0.343548478387,-0.651936668172,-0.436807288184,-1.32008741763,-0.716144100249,-0.419273593032,0
1.13082720537,1.55596569367,1.55740152686,1.57705103672,0.64884998409,0.036657106062,0.288396361537,0.122403256236,-0.422766205769,0.0236690557192,1
1.75474171494,1.74233105441,1.54895347756,1.60274654649,1.51360142545,0.434289273871,0.822522394382,0.283753386184,0.881557933454,0.488354818561,1
-0.207701163988,-0.307872640915,-0.329633750311,0.200240128301,0.0984859297393,0.512551070825,0.396312821668,-0.805864445318,0.769191984784,1.67157420109,0
0.129418384943,-0.466171717472,0.315888094449,-0.529501503005,-1.12382553243,0.588025583353,0.184864548417,0.155620871306,-0.493940132832,-0.778754577474,1
0.467513021212,-0.240616815941,0.362402507748,0.376955654312,-0.446527097028,-1.12972426012,-1.60351464549,-2.25411623287,-1.42669315304,-2.96053827222,1
0.75104094662,0.471030094061,1.18982914025,1.10342394181,1.21260025174,2.75281476395,2.74096498493,1.97593999415,1.32017210062,0.609305836363,1
-1.88098620486,-1.68605153344,-1.83409522214,-0.784058865971,-0.798860155023,-0.407145456142,-0.544284971164,-0.242211993832,-0.876333721876,-1.75521422378,0
-1.26335876191,-0.805362363488,-0.0436264009526,1.00458065476,0.564359417485,0.126566299914,1.03367377658,0.469084158677,0.682029646989,0.685198840968,0
-1.83671914633,-1.25064211036,-1.61497966593,-1.22445394348,-0.501307951594,-0.275370061474,-0.680438690407,-1.65995927206,-0.934613774009,-0.609534868793,0
0.88953485834,0.601533798497,-0.0811360310527,0.723841165583,-1.1105754577,-1.47720135959,-2.20568802808,-0.811465286172,0.354090231001,0.533155676298,1
-1.8045678139,-1.64752233517,-1.80952402986,-2.18265647754,-1.2473432567,-1.79586890578,-0.739334680517,-0.196448682509,0.441689157767,-0.0978222103038,0
0.924195775526,-0.580143290909,-0.219437451398,-0.484210930201,-1.61516436044,-0.064410511466,0.0669244875951,-0.309206736985,-0.157676890699,-0.215346463501,1
0.758545972474,1.02349272743,-0.126337785935,0.214113641131,0.738907592924,1.33914678968,2.15542329441,2.39538554332,1.68929640225,1.75632278237,0
1.87719753694,1.92140625329,1.91223519958,0.350910421481,0.498056914339,0.737752190535,1.8368007332,1.26007342867,0.418877360958,1.44213102729,1
1.08769629213,1.14123786452,1.40158373996,1.25380281695,-0.105646331464,0.408912580738,-0.545715523531,-0.466441110229,-0.540427142824,-1.26951214569,1
0.493019791787,1.10326880926,0.678973734908,1.1304543225,0.63870528263,0.42348296241,-0.76193632695,-1.36450997173,-1.62186224183,-0.77698076465,1
-2.26201209831,-1.79459466212,-1.06808110222,-1.67236662024,-1.47864980001,-1.31814949309,-1.70627028809,-0.218232971986,-0.212318902668,-0.294273929714,0
-0.545603948951,-0.661740411232,-0.51740202339,-0.346335601551,-0.458417954976,-0.660657469836,-0.618208213442,-0.172558194306,1.57801188593,1.11757808301,0
-2.15606664815,-1.00229513905,-0.821623110498,-1.33229486389,-1.28698585511,-1.33524912639,-0.943122015889,-0.352657701283,-0.433538714119,0.327697475074,0
-0.0525898964983,-0.261037044441,-0.424738542572,-0.194396411406,-0.12082227811,-0.100527618467,-0.115852593212,-0.101905296505,0.0476243179288,-0.411927873736,0
1.13690656974,-0.222336704114,-2.15078488344,-1.45480270125,-1.1911686678,-1.06755997688,-0.670563221684,0.11028335016,1.11967744028,0.97507841737,0
0.951664500955,0.0969350073882,-0.0666025761906,0.968155904162,0.269190372357,0.303508926494,1.39550476014,0.957530105325,-0.193935035069,-0.0437824942817,1
0.437133166086,0.296134127381,0.334169419128,1.28446774925,0.242942433296,0.0259059724393,0.0541739880507,-0.929508892273,-1.22491186737,-0.70586180593,1
1.07557127898,0.685114545267,1.42988988761,-0.209676346739,-0.631107262786,-0.574152641573,-1.00749989853,-0.772530217643,-1.88843575067,-1.13745835067,1
0.957221990909,0.468230790909,0.282496438181,0.158594074611,0.507237117907,0.809881414477,1.14123133405,1.11436062197,0.402932884284,0.831403674829,1
0.385715548496,-0.489169384266,-0.55773374362,-0.0907784793004,0.438526273707,-0.251739643089,-0.576557149802,-1.22221064152,-2.50490793169,-1.97667404802,0
-0.393725112517,-1.42571106668,0.237505563488,-0.0422760246243,0.398761794664,0.655210079402,0.646245545167,0.634688398557,-0.512888850222,-0.615554865605,1
1.26270012948,0.319255427463,-0.671542589501,-0.465656439806,0.28038820249,0.80101806914,1.62370983505,0.0947266496301,0.978263753837,0.149477994646,1
1.11180799339,0.715456871361,0.273438473333,0.520268479089,0.172791336698,0.273474445872,1.87739464893,1.76657232887,2.5313455634,1.16945466754,1
2.28037718843,1.77819759496,1.86738379466,0.598170484612,-0.115059339588,0.454512499388,0.155461813384,0.394818231543,0.626897363678,0.300678841241,1
0.362121446334,1.07051511175,1.14368660823,0.56623557433,0.996429214023,0.856171671545,0.400023908108,0.677656765478,-0.287774738984,0.0562025657643,1
-0.576153507118,-1.97176054914,-0.156909537309,0.182486001443,0.63220720721,-0.518001850203,-1.06400579554,-0.262163762316,-0.0672581976639,0.161670576275,1
-0.489824429663,-1.2646629778,-1.64566422977,-1.31838462319,-2.55746305797,-1.40378322204,-1.09358424456,-0.713147993713,0.182675449253,0.778691235431,0
0.450182705882,0.408060560894,0.139022974041,1.01498969313,0.587630076162,-0.420974710436,-0.893980983584,-0.261017285153,0.589990458476,0.0476940491586,0
1.53525087359,1.44147419905,1.04837829843,0.861166979323,1.10854416465,0.522935785479,0.836191604058,-0.280419576492,0.158893112211,0.614719344677,1
0.136358735364,-0.83870091969,-0.780546896987,-0.536058611952,1.22726169747,0.715068739249,0.700106292341,0.0749310545528,0.155464165326,0.253212837275,0
0.142228469259,0.626179671336,0.399389462408,0.695970832057,0.244938342666,0.0204919325148,-0.272287172573,0.354393298348,-0.679786828937,-0.137757077062,1
0.155947366773,-0.655445748185,-0.260102126222,0.000202573849081,-0.205572781735,0.0866374361027,1.18596622082,1.4275759699,1.17360862522,0.982970082902,1
-1.22650525654,-0.443236287107,0.0701875305804,-0.319442877664,-1.25014040207,-0.820362958888,-0.272607860354,-1.7619094944,-1.21612232461,-0.227660795441,0
0.901097314834,1.06141765748,1.45808474032,2.77512956143,1.29125281211,-0.167546021473,0.0335959761153,0.859632729648,1.39065117701,1.92004511409,1
0.737672704494,0.899055253167,0.931910571807,1.20380529612,1.47562852336,2.32156050714,2.80234733732,1.56383372284,0.326649581273,0.917953839511,1
0.307823547521,-0.953020767074,-0.238924271057,-0.387092882961,0.1571334862,-0.00587543367554,0.0819507471878,0.786904158379,0.107719875877,0.367196427649,1
0.277015982033,0.6644988857,-0.207417567818,-1.54659992026,-1.02956379834,-0.803280969556,-0.872283853753,-0.465074874263,-1.02068992198,-1.12520727308,1
0.950540910828,0.162660264054,-0.263591965368,-0.293004170079,0.913459931493,0.440340575945,-0.499415251162,-0.101337189124,1.11095469448,1.1379355253,1
0.539663928367,1.36788631058,1.17810880119,1.00591120383,-0.0352914234114,0.467068143737,0.292117470277,0.445028236521,0.404385301532,-0.138472307181,1
-1.61197336823,-0.50534169645,-0.36199450508,-0.317739879823,-1.27790844921,-0.530138168094,-0.0516891682907,-1.31064942958,-0.901414909334,-1.17323391754,0
-0.443286969422,-1.05309166373,-0.52926443259,-1.01916968249,-0.513316139776,0.172926388745,-0.651748844819,-1.68340863793,-0.0741583725892,-1.03942523546,1
0.319078233014,-0.243810925019,-0.637268780356,-1.78064960893,-0.2932547814,-0.222696480053,0.0945182259486,-0.594144133399,-1.4135602221,0.433388887269,1
2.21135047939,1.18948146515,1.00197905773,0.148409176378,-0.0466989444529,0.122451210291,1.07264274063,0.427169945877,0.849446868112,-0.254644380375,1
-0.108794016115,-0.00674114864526,0.307498097887,-0.586597946054,-0.245564510949,0.477325055059,0.272635276913,0.781586381551,0.610414826746,1.14740066037,1
2.06964649668,1.3665949241,0.803034614419,0.224165091796,-0.607106105418,-1.54054625388,-0.563084331854,-0.641016028416,-0.429887535079,-0.0529629899125,1
-0.20613342692,-0.334533821012,-0.204396715216,-0.873260670722,-0.964744904127,0.514097280696,-0.524074627794,-0.965526456604,-0.643772302273,-1.15265737511,1
-0.142285761868,-0.923985256421,-0.59720483401,-0.519699224112,-0.632739042068,-0.109612603421,-1.22011666735,-1.02793105311,-0.750888014162,-0.875075642339,1
0.356112953003,0.335686798652,0.690572294443,0.848691221955,0.0770347772302,1.31413661109,1.70194133083,2.1255942381,0.0711229724833,0.581862513778,1
-1.13568660345,-1.54988596411,0.786859913787,0.33476361853,0.843750358493,1.25059250785,1.56291098141,0.934953622178,0.232980167407,0.957779239214,0
-1.7917120077,-0.519425877207,0.250331189961,-0.75116375115,0.0780902455629,-0.425283886404,-1.23109967182,-0.801736414461,-0.060447362558,0.289765431873,0
0.626840934191,0.623059356267,1.62916041995,1.49005341071,0.687108914787,0.176766297419,-0.198473046263,0.0169955007122,0.408946649447,-0.0120148049765,1
-2.826603462,-2.05019060549,-1.25257597697,-1.36685880389,-0.87867305807,-0.736631839867,-0.0736497264093,-0.673177614302,-0.739471484698,-1.70239168176,0
1.10048080391,0.745883824563,1.12008763412,1.094860755,0.699231966574,1.61776648409,1.58362708296,0.166103022028,-0.0756981418182,-1.19203347854,1
1.10867306024,0.575570617433,0.394652217683,0.826077615343,-0.514654450603,-0.0581846407348,0.0823498430077,-0.056485177971,0.0896629363687,-0.634823751373,1
-0.50745619909,-0.374655415687,1.44737358055,-0.369327149256,1.22520795665,1.25062015523,-0.258212275348,-0.267273253851,0.863377633057,0.916245581696,1
-0.199164037066,0.269484848124,-0.0523125913685,0.783146657668,0.13717370444,-0.247843715108,0.375698751735,-0.0647729049498,0.0379407250803,0.426269743507,0
1.06553523901,0.904064434384,1.19126728033,1.30765716723,0.475614022201,0.640390675161,1.329187578,1.49814888558,0.995465700122,-0.0913541753762,1
-1.8986931857,-0.481807646344,-0.0335147266603,0.335929531256,-0.799666270968,-0.366310115631,-0.799188485857,0.753002663166,0.411343536045,0.193227604848,0
-0.743395594878,-0.624260604991,0.893054720288,-0.038799055411,-0.452247868948,-1.53082027695,-1.01142381819,-1.35896791158,-0.191606709656,-0.691669762529,0
0.00836853323432,-0.273841152331,0.0584108476517,0.167044236134,-0.0706069606283,0.136348878986,0.491278716475,0.396901638802,0.503684876399,2.40779872623,1
-0.212634184176,0.746151209034,0.793463442302,0.754899453824,0.408336900848,0.291372046899,-0.172471731709,-1.77558360689,-1.35412598653,-0.727493412431,0
0.738315337128,0.215700521028,0.341386467528,-0.816052769755,0.195300086216,-1.66029080716,-2.17472837385,-2.11670718735,-1.49650818626,-0.850937508258,0
-0.468875921221,-0.105711361476,0.498129458618,-0.587884730651,1.0798216511,-0.523782443288,0.539760452472,1.3259201185,1.13678700577,0.54173774668,0
-1.04113959091,-1.27460890164,-1.92789946048,-0.733446193039,-0.790642261969,-0.645873499023,-1.94133314415,-1.54005860926,-0.272445408427,0.100197551646,0
0.779013018658,0.0754810028575,2.00238915193,1.18260278918,0.710241405987,-0.104626960686,0.908612424268,-0.854972088254,-0.0694208094729,0.91907575423,1
-1.07457286108,-0.86770127575,-1.85424321759,-0.328604877026,-0.197766169908,-0.458268968809,1.37910349406,0.594940279257,0.120850146681,0.920248051138,0
0.264878179988,-0.244899485167,0.614725217154,0.718492593924,0.213653137455,0.444360032558,1.02192302697,0.523458560014,0.653529038777,-0.433104513901,1
-0.0652951216146,0.687799751412,1.43645992925,0.644716716812,0.983391311724,1.18245211705,1.244459856,1.43757666325,1.01207350493,-0.0820902485727,1
0.00966556000954,-1.04565768472,0.0189832496418,-0.158801904707,-0.129774207658,-0.512230898517,-1.48237307897,-0.918642190877,0.373627947464,1.62040437412,1
-1.17082009846,-0.953256223007,-1.03356895464,-0.638576592556,-0.0796048807581,-0.658058933987,-0.133884533421,0.474490813693,-0.725978751143,-1.7088048539,0
-0.143195899776,-1.18254542122,-1.51764738562,-1.34462231656,-1.12257868871,0.242469686877,1.28186726281,0.485754672374,1.12116500029,1.55957657764,0
-1.31887689824,1.0821120758,0.121674100069,0.145223364152,1.37802530692,0.838920564307,1.08293803731,1.11628076366,1.26957914409,0.58902293145,0
0.813592309389,-0.0639971829418,0.701546121986,1.77953908682,2.0459613867,1.71911865742,1.18402375086,0.150637559627,-0.52883952344,-0.115244022595,1
0.558319891946,1.54367978432,1.66908169084,1.16249479176,1.49573584303,0.228946143623,-0.475635174341,-1.01018632602,-0.754382096037,-1.79588485341,1
1.52506034595,0.745257740331,-0.201823909951,0.587108416837,0.830935958897,1.37739470087,1.35426439246,-0.706761287844,-1.60007396672,-0.160038668089,1
0.854309507029,-0.278261809327,-0.487959749007,-0.927491202637,-0.499895135184,-0.163798345855,-0.505268298524,-0.579891128123,-0.492038578807,-1.14415329569,1
0.376574913269,0.596655860482,0.131240693238,0.742787485655,0.707898346041,1.04396859043,1.69690404504,0.696221426275,0.702843470149,0.566849878227,1
2.01863321843,1.32758575503,0.984607861784,1.56297411543,0.321020077079,0.72012909206,-0.227605817358,0.35495264845,1.14461805785,0.329128896135,1
-2.08054232652,-0.4631613726,0.0409609754675,0.722167615528,0.622230750766,0.617711417313,-0.153394167807,-0.141070350877,0.853111108511,0.109709112158,0
0.394793588444,1.1599937659,1.21423614866,2.26397605055,2.25571085451,2.70221978996,1.25631618474,1.34246887564,1.8195141865,0.325277614093,1
-1.1515821336,-1.01497139943,-0.471666279568,0.656577244274,-0.0172983854054,0.27950459598,-0.693735370326,-1.20460531899,-1.05420371012,-1.12680661527,1
-0.0469767460004,0.204421648611,-0.256743168822,0.136322605512,1.28050094471,1.20528361062,2.71961314738,0.87221756451,0.374934228514,-0.429446039934,0
0.974463142116,1.34427103803,1.19659383784,0.155568294584,0.0889130477824,0.108875470948,0.99508673423,0.87265270936,0.393957820262,0.665660535173,1
0.188129424678,-1.09161710535,-0.906454406027,-1.79101456173,-2.33795043033,-0.865962539308,-1.04803715803,-1.21960001007,-0.686188990813,-0.871067265128,0
-0.399497957029,-0.778922819494,0.528037111239,0.71381568847,0.460876929167,-0.379184566383,-1.1336150407,-1.65679789391,-2.79436329234,-2.63747920938,1
1.00067387376,0.544980665629,0.819979825004,1.53231898267,1.35821480501,2.44700531883,1.72695246576,0.660643924711,0.897398134431,-0.57257142251,1
-0.486433217648,-0.819646690213,-3.27770353376,-1.72503797658,-1.8237666447,-2.35403350506,-0.494452881414,-1.09722546478,-1.55149054775,-0.621345226806,0
-0.225291798976,0.837013607919,0.647940186932,0.0219314781689,0.134858796869,-0.364061077921,-0.637551632281,-0.548029417829,-0.202165214399,0.332455926328,0
2.07986951598,1.57053031073,0.311845355772,0.671067727152,0.110183725354,0.663198985176,0.454666911079,-0.783360781953,0.11625982776,0.10726479686,1
-0.124049301971,1.26942502214,0.154952984556,-1.28109156575,-0.126534905179,-0.872353318249,-0.729225029506,-0.900322034521,-0.854213094103,-1.34285237567,0
-0.834857622085,0.47282663508,0.841852757293,0.268696468422,-0.536521396812,0.17876796478,-0.0652981935729,0.482737535728,0.031318849973,0.179537772887,0
0.484383467209,-0.30019185518,-0.182558429231,1.04257591013,1.81540333951,0.476372521704,0.544918329933,0.126448841884,1.7165467626,1.58234215459,1
0.837556995901,0.694062218281,-0.416050975552,-0.51578968849,-0.331823734567,-1.6623536311,-1.30087013808,0.0957325049019,-0.528226667316,-0.206814020385,0
-0.0929908783332,0.322551464045,0.253069044395,1.02266853092,2.61315814452,1.81978590845,2.20017905792,1.71121573061,0.774804608839,0.892742535919,1
-0.369357132157,-0.912771523772,-0.309023047028,0.0656034101078,0.560371052588,-0.5704851513,0.0381586775259,-0.208806165984,0.239742249059,0.0758410217696,1
-0.839881302549,-1.70454415969,-0.423517366317,-0.686754587749,0.212955471985,0.375065965664,-0.604921121517,0.283268368317,-0.945199053008,-1.53311675736,1
2.19166391503,1.44831084242,1.20020784717,0.945398219738,1.30330967733,1.84746135058,1.92275955387,1.80445399499,1.58101052047,1.28148626632,1
-2.46323699627,-2.5707500071,-0.470370952762,0.0182820921953,0.305095722897,0.340421870003,-0.621248115362,-0.210208712555,0.938747862292,0.154862085166,0
0.110015525561,1.1078374633,0.388689401568,1.69701559657,0.538930960532,0.765132513773,0.737895189233,1.24688355735,1.42211886975,0.107199339729,1
0.15804854475,0.329728241312,0.786131809623,1.14751475028,-0.280917910753,-1.60919882387,-0.425714628946,-0.820883317381,0.173547563688,0.317919412054,1
0.767240395978,1.58698710494,2.0387465943,0.000448343770408,-0.263382987213,0.818742744688,0.666143738075,0.286147252344,0.319228384154,0.512581934593,1
1.07070595309,0.815109120428,1.03858905047,0.243587950099,-0.252538586992,0.908135866466,1.21209331254,1.78261845249,1.29984609346,1.10646102879,1
-0.364435898486,-1.31185843426,0.0481267838668,-0.693339395141,-0.811065469556,0.233019370155,0.142627021624,0.381148764103,-0.641118426716,0.30239622589,1
1.42313334213,0.0676927723736,-0.277937473732,-0.955237493684,0.473203750873,-0.211484886827,-0.266748057382,-0.102482693498,-2.01994638733,-1.18419318686,1
-0.235511222241,-1.1771948995,-0.49424395393,-0.613882037396,0.214541423847,-0.231628390107,-0.183941986932,0.205207355909,-0.5030162463,-0.267380074163,1
0.94415300584,0.421320524001,-0.379764811997,-0.974802682255,-0.598840813922,-1.60824079848,-1.80133658744,-2.10861091207,-2.33723479383,-2.14772619576,1
-0.982264096146,-2.95445552648,-2.60874020871,-0.845585631197,-0.578936821174,0.155054888896,-0.384574742036,1.0633209472,0.298436011401,-0.0942126836971,1
-0.682673844846,-0.66329933475,-1.28519711498,-1.57109741575,-0.787538800802,0.420019533922,-0.630177711878,-0.46958362246,-0.443395513049,-1.08025109906,0
0.65391505036,-0.191338034415,0.0401721067387,0.036424171924,1.05706306803,0.663793133157,0.358547957597,-0.337925153479,-1.34160680392,-1.44083307349,1
0.972097863601,-0.0971267704732,-0.0919024206368,-0.120065448912,-0.805047553991,-0.128224755945,0.261772748249,0.322331262638,-0.0524196772424,-0.193324990604,1
-1.54071580329,-2.269449461,-1.68452278488,0.75289753614,-0.29207049518,0.222625223508,0.418384535861,0.819206236234,0.0311197582765,0.888107324247,0
1.42094451052,0.566736419405,0.876222047698,0.638188878916,0.00368738986256,-0.701341294724,-0.498206672661,-0.106924375863,-0.125423228954,0.666375483975,1
0.713686930552,1.07445416499,0.0638053448489,0.293221994005,0.521676928882,-0.486937191772,-0.160444489599,-0.0578992573464,-0.129973812751,0.933957922766,1
0.94236319266,-0.166095790437,0.980580377799,0.692879937325,1.26578424183,0.0994703316767,1.06273365437,1.01232219974,1.50127593401,0.885164546933,1
-0.466906782555,-0.788450237484,0.0292108238882,-0.947201654349,-1.47520167045,-1.22268721162,-0.844559897366,-0.0511175941409,-0.0516916254938,-0.118343183907,0
0.39744425418,0.304651086387,1.01724363747,-0.160897103569,0.290867899594,1.5393355423,1.71932260081,1.06993786677,0.650874275525,0.504669905087,1
-0.680868766522,-0.101025245013,0.108857782858,0.426649924023,0.0372737544733,-0.0756541153532,0.191705780277,0.745208947764,-0.136741774618,0.279775920558,0
0.538818667987,1.3170839639,0.800746645803,0.615715284097,1.77779311889,1.42019642561,1.00852205042,0.735624224374,0.0987857093299,0.144797143275,0
-0.332650080471,1.02202832479,0.266126353804,-0.66098927968,0.532728615499,0.215321479528,-1.43412660208,-1.92124464828,-1.19403667403,-0.891550919916,0
-0.518459504724,0.32126549584,0.519514824486,0.203454783843,-0.391037357061,0.243616253039,-0.0484515930929,-0.411820207417,0.882491762381,1.11444545001,0
1.01519311926,1.22573693766,1.04689253264,1.44527195276,0.88270810606,0.395372978924,0.520567480039,0.360165065588,0.47511670252,0.164616620775,1
1.56799226516,1.50880198709,0.984122047741,0.724611035413,1.52566819188,1.17912960454,1.4133369948,0.485115967141,1.01501959631,1.07644942738,1
1.60557286012,0.00246095072865,0.0205345499435,0.253041913441,0.89381219872,0.490421464846,-0.263381057948,-0.852803787883,-0.675971301786,-1.14427741601,1
0.595546643569,1.38902529189,0.244656654542,0.356833236523,-0.364777152132,-0.0703080662306,-0.193078835263,-0.312645393564,-1.07706257813,-1.00928424758,1
-1.26980403381,-1.60987069521,-1.97536390929,-1.67602543949,-2.90955122692,-1.3603767184,-1.97218506405,-1.14608738462,-2.15060976368,-0.76851312408,0
-0.166940543949,0.0976929382154,-0.374443045862,0.345618684698,1.68137772283,1.03667342738,1.33771152945,1.4205500891,0.0246588467259,-0.695669002234,0
0.409557960931,0.51694728479,0.0390792628184,-0.120420764248,-0.0252403754533,-0.293399057268,0.106247638,0.185141586658,0.505448593406,0.36531821722,1
-0.164111791414,0.535994654114,0.283819138405,-0.83388906154,-0.831897924488,-2.19892060727,-1.61228573017,-1.64885455084,-0.865881069021,-1.39879610204,0
0.195456810837,0.153255881691,-1.26765719248,0.361314809751,0.588851471809,1.21019935879,1.18653828879,-0.611291889209,0.839341189419,0.0837093019697,0
1.13504469826,0.739801334039,0.851627082971,1.74388106409,0.552638122283,0.681816926453,1.00440683831,-0.442806968371,-1.71402345907,-0.971670569839,1
-0.639784665102,0.0299296264078,0.218702452207,1.13947639273,1.00906433783,-0.166187541302,1.26137494021,0.964565368412,1.67887055963,1.33396705971,0
-0.492497066518,0.325610170641,-0.186949030009,-0.496116949461,-1.70420524615,-0.280402978468,-0.366819571202,-0.351945670217,1.98371872482,1.37396846553,0
-0.760340978579,-1.0538442104,-1.00264746947,-0.00837923031729,-0.383590999391,0.465089067543,-0.34056959789,1.0380764953,1.20250175738,1.15129756837,0
0.778140522772,1.5797540894,0.849929971429,0.610619850636,0.742255184895,1.76432988237,1.97272773999,1.9072902174,1.86947299049,0.549141636824,1
-0.07675810002,-1.28604094449,-0.781650392489,-0.549086599041,-1.21519146013,-0.987631618466,-1.61499181833,-0.593318061986,-0.33451276465,0.320061974936,0
1.02050068697,1.64109527684,1.04900035878,1.11441098153,-0.579151975703,0.00543032105646,0.0591613565521,0.587126974114,0.856945177762,1.38154445909,1
0.944202685282,-0.641127455244,0.834115582592,1.21889148925,1.29235943304,0.48399428681,0.562469721798,-0.394946177541,-0.0521013534878,-0.133885004665,1
0.832483534417,-0.825276307253,-0.416097126314,-1.57996190201,-1.25098397961,0.0280769552264,0.932020675959,0.450634559914,0.0342679390813,-0.110248616363,1
0.253774800227,-0.00859274273778,-0.549079462243,-0.868911955921,-0.24835656626,1.30887374247,0.509606671788,1.2645529636,0.766902210643,0.344817555772,0
-1.08386335142,-0.985473411551,-1.17385031103,-0.710547823196,-1.016405829,-0.51219952393,-1.79661523907,-2.27256586619,-1.9630233875,-2.0388612323,0
-1.3619462803,-0.457727342754,0.703011891324,1.07741629066,0.316184455573,0.0409661884185,-0.730427084286,0.482874685549,1.78494059396,1.39397356324,1
-0.426019555156,-1.00209279742,1.38650383512,1.51519709886,-0.0263183171536,0.832035685192,-0.259348161346,0.693443121931,0.727136120007,0.685386335946,1
0.0610003233091,-0.662886931132,0.827365919212,-0.479441748255,-1.24126985628,-1.64835796036,-1.61970443046,-1.35779884684,-0.416338449873,-1.61075089979,0
-0.0706670997806,-0.285079414035,-0.472524858985,-0.96016562727,0.0715340850572,-0.252286254127,-0.427581494374,-0.625166863224,-0.216119288473,0.511191675978,0
0.746200354661,0.819833919327,1.89092060752,1.1423370578,-0.228390430972,-0.099610562051,-0.691605324603,-1.32104352622,-0.343777373543,-1.45599777242,1
-0.0791529133291,-0.519725514355,0.199046297498,1.22656995967,0.7758674435,0.651023229567,0.387209029971,0.861044527871,1.21241817859,0.15825368352,1
-1.62551756811,-1.69160978692,-1.04945405896,-1.5090380046,-1.58156824889,-0.96484885708,-0.774112312718,0.139050420456,-0.137867648396,-0.428021304682,0
1.87238797382,1.30350675979,1.90199054337,1.06045032984,1.9608180383,1.6135358373,1.86170825743,0.106560056873,-0.302109520594,-0.587025662192,1
-0.827311158161,-0.926593741852,0.0949129381668,-0.502988974734,-0.582469971039,-1.13816543637,-0.983352248797,-1.06279565872,-0.819226625822,-0.34416973085,0
0.949174662668,0.469677938946,-0.227648144451,-0.592541209803,0.0293795443291,-0.0730477698708,-0.257323810338,0.433476100227,0.753978420822,-0.321404669562,0
1.10221230777,0.745309492933,0.995941097493,0.958798863009,0.290784597552,0.846571603574,1.00519326601,1.81442991433,0.864003480456,1.26782477458,1
0.474021962767,1.36957262811,0.722415978102,0.545721378558,0.817631767105,0.16375104882,1.15057232509,1.26007675135,1.03687958512,-0.591878051358,0
0.676827011639,-0.372751839596,0.240445734953,1.03214867203,0.492378964789,1.25394239026,0.968974127525,0.137221596264,-1.13221936872,-0.704030313505,1
0.306204426517,-0.223678545067,-0.466513861206,-0.259608974811,0.68402622521,1.30860581892,1.47342342926,1.04368471939,-0.283810986681,-0.315903133936,1
0.456871730472,0.276957811712,0.27829704892,0.624446360962,0.197807283457,1.18253198533,0.919850495403,-0.513201962116,-0.362400615799,0.335996254697,1
1.95971656122,2.76759955026,2.47517490352,2.49416553418,2.35474630273,2.04146694483,0.00120237048954,0.692628713101,0.173310106318,-0.119213917103,1
-0.764721365352,-0.206181416873,0.479424726002,1.76589810089,1.3245259706,-0.086567167216,-0.105051848464,0.436607823682,0.251452950681,-0.486913389499,0
0.495642997775,-0.0191163007854,0.431983200678,0.877053178129,0.431690487584,0.551843108648,0.350685222328,-0.34883461042,-0.577983064297,0.453259793458,1
-1.8261574007,-1.79077292917,-0.810531621766,-1.54828041284,-1.48147505048,-0.334269867044,-0.786860448349,-2.239181559,-0.426257537827,-0.762389828683,0
-0.870405696204,-1.72180169763,-1.58735180715,-1.67023024231,-1.16082494263,-1.59814735808,-0.322506015621,-0.168374385949,-0.460274170929,-0.0249929286778,0
0.742820147456,-0.67634297859,-0.857983062364,-0.195574200928,0.0095783627303,0.623479426637,1.26444081472,0.613771486013,0.375609984227,1.57591806618,1
-1.35203429743,-2.17609620521,-2.46836531398,-1.39107100038,0.90440914232,1.4280818915,1.08102323844,0.653955133932,0.893385183325,1.4077827326,0
-0.693918739798,-0.391371858822,-0.173014692672,-0.355073387482,-0.0386798099864,0.302938451827,-0.0792247825042,0.273308929404,1.9756534617,1.19186643189,0
-0.2938939429,-0.485536144493,0.337286009553,-0.799081480436,0.693304820337,0.308659460325,-0.005242222852,0.0959924729646,1.07938934073,0.413605864963,0
1.13293840187,0.978619652124,0.0872365836754,0.134473098044,0.82311122228,0.403115547077,0.24269967342,0.602161984861,0.865938269941,0.795793446214,0
1.54880199995,1.47093562111,1.27555159293,0.58642745588,1.42824564278,2.55860760095,3.18962990795,2.39961207401,1.93778917497,0.762072651939,1
-0.614916638867,-0.937490381788,-0.261799873814,0.216433074686,-0.435456576818,0.395707730573,-0.965071716647,-0.770085499955,-1.28970587195,-1.77535228706,0
-0.918105120676,-1.11237635706,-0.107714802158,0.996420707763,0.580806128403,-0.105451953741,0.860935432668,-0.787362629814,-0.319799798142,-1.12935055849,0
1.50951926188,1.28407103917,0.113780086345,0.539155100669,-0.573853002818,-0.791101781443,0.804941342234,0.761725696113,1.23477732768,1.02172807469,1
1.33052917291,1.63072211898,1.49030558317,0.976420101252,1.66261560909,0.751665533112,0.599835176721,-0.433591624403,-1.53841687833,-2.11857398174,1
-0.184382716624,0.0339845871659,0.714235507839,0.630953485828,2.06141322014,0.153093279353,-0.132762518458,-0.263952897167,-0.698711129164,-1.07169488471,0
-0.956486289681,-0.703846819497,-1.2848972151,-2.57989450622,-1.78200523917,-1.38895856837,-0.861456257868,-1.32436562779,-2.31059569448,-0.167455588715,0
0.54081047473,1.58019823363,2.3648048571,2.10503651805,2.01768171495,2.11511621447,1.93760224753,0.560770792664,0.303311683415,-0.645925210862,1
-0.198195220303,0.93886129303,0.724009481643,0.489929909996,0.129677656449,1.05251158524,1.10106294001,-0.311654807919,-0.224154197439,0.952409378586,1
-0.668720637188,-0.372250628897,1.25666405574,0.921968004464,1.09975165981,1.12344328902,2.72051589003,1.670085934,2.71378022609,2.15871009587,1
0.0941054474656,0.220088273989,0.249651863464,-0.229043923386,0.461932727174,0.518434401003,-0.438038230453,-0.702054955807,-1.61218227823,-1.28000328022,0
1.72280649349,1.11167061364,1.96870813345,0.657615997899,-0.014090974015,-1.15453289024,-1.86859289574,-1.00652613031,-0.714082909877,-0.689479903798,1
0.71170004513,0.355005288479,1.29714026563,1.90485867603,0.503570556289,0.355260374404,-0.13496947478,0.315763302296,0.754990803212,0.663254222024,1
-1.24524204345,-1.39425616664,-1.85469771086,-1.0772193631,-1.16704836362,-1.24979741662,0.202323077758,0.312009456801,0.183736719943,-0.375994878938,0
1.8931148731,1.24498873324,0.462168550309,0.702101391455,0.434285120571,0.803204509976,-0.37982231823,-0.850375833868,-1.1339203299,-0.0765548964019,1
0.349862393241,0.218312675357,0.52194574967,0.171976350598,0.450308227708,1.17818488151,1.21017637796,0.291299174002,-0.767067077082,-0.476963403123,1
-0.333041420332,-0.21038580224,-0.651952177547,0.0624151020914,-0.68096076612,-1.30634489251,-1.21530808908,-2.14273633027,-1.70535380028,-0.984969687291,0
-0.0811307818768,-0.42418593696,0.153122525457,-1.18561038255,-0.358604745,-2.0112370891,-1.39144211704,-0.736928868001,-1.15518164838,-0.168074229343,0
-0.724001854465,-0.232979139694,-1.34487818184,0.248575301443,0.09878873563,-0.891810349877,-1.4497507302,-0.620873663127,-0.587987347894,-1.13701301106,0
0.102319914309,0.274991824597,0.726320942305,0.223556849023,-0.27968129744,0.311436677776,-0.239986824828,0.288377292532,-0.0209278936206,0.175371627193,1
-1.28026093298,-1.7494108333,-1.75192414591,-1.50571021347,0.106528969728,1.18547484713,1.04359808348,1.48490532017,1.90238252919,1.31411942767,0
0.715157965241,0.859609737286,-0.171130077837,0.714556757106,0.532586565483,1.34561844338,0.597403737512,1.41163079613,1.42507096191,1.6479320422,1
0.293976094316,-0.00328533840328,-0.847521584848,-0.3559859759,1.43595437418,1.00747980864,1.46006891821,1.00470937812,0.605461282319,-0.551904025438,0
1.43515755373,-0.0430078842028,0.296986360441,0.876783560397,0.612625566788,0.958413040267,1.02004547844,0.903286268137,1.12330693124,0.824787227289,1
0.977940145314,-0.197367206335,-1.20329163335,-0.757686251462,-1.19914556058,-0.0630420327182,-0.634155145586,0.415238182927,0.0228932254948,-1.41724807988,1
-1.57154168754,1.51359341269,1.68946840072,1.05056845177,-0.492237420588,-0.187494571154,0.461130835809,0.601763639021,0.463429550729,0.0105842266597,0
1.48475306584,1.18535207983,0.0959413804387,0.466667394444,0.333282829331,1.21598748237,0.0706431968415,0.76229585685,0.48109612537,0.137859018027,1
0.459469175167,0.686932439635,-0.804151326132,-0.126045230967,-0.414620972296,-0.835219052544,0.0935887528215,0.26367406467,-0.717257238598,0.388820622904,0
0.0212649848836,0.363477081235,-0.665323503556,0.451802136443,0.597439741082,-0.149664289035,-0.0487943250251,-0.282755268254,-0.663296703338,-0.746000599429,1
1.03929625695,0.858913986606,-0.487243008841,-0.555418433517,0.112253123839,-0.14116412994,0.0297984942157,-0.354387278594,1.12707960199,1.72432522863,1
-0.0959078529695,0.139766254033,0.852994515595,0.595165118115,1.13902148723,-0.0475633131752,0.177776291377,-0.361481257496,0.552903731948,0.225492078657,0
0.0163362051916,-0.445939258294,-0.77359573993,-0.658011398887,-0.720720945358,0.430332835264,1.32812082422,1.3093653404,1.1819389865,1.35777424074,0
-1.01994705424,0.585834081014,-0.394933357686,0.184861034022,-0.599514812826,-0.215770301851,-0.0439746125717,-0.266443609588,1.6003902644,-0.512172317694,0
-0.763737896713,-1.05731277581,-1.32521909205,-0.505772782899,-0.605310781294,-1.83097695494,-1.54850730831,-1.8072145404,-0.702299581907,0.415909711829,0
-1.24708342645,-0.316524393736,-0.422721763987,-1.70826516731,-0.60136301721,-0.33081667288,-2.01536603778,-1.63201302753,-1.67104172479,-0.873160418228,0
-2.30196554794,-1.17842577826,0.0646934115433,0.243826349389,-1.17087946362,-0.669931879828,-0.345559077943,-1.3348203471,-0.416029130283,-0.324153139476,0
-0.293415618997,0.270181318518,1.16926505795,1.10471657468,0.842909917545,1.09265442771,0.686593178547,0.714805186452,0.313413882615,0.399744714813,1
-0.20060908862,0.713326845379,0.589627334697,0.985784442309,0.573829579097,0.425469474476,1.58539965287,1.36666246902,1.41542546484,1.31140073903,0
-0.619019576743,-1.25460964862,-1.27604089504,-0.904658384394,-0.235914681465,1.38719194904,1.18384106385,-0.640238324599,-0.211142061197,-0.082511714278,0
-1.12148269231,-0.475214817353,1.30544939742,0.880052657616,0.830029439116,0.844537264973,0.714575661985,0.833634623047,0.653490266622,0.451164723429,1
0.813035885587,0.30533626466,0.209908876568,1.19949823347,1.92894019424,1.64974925519,0.7609031688,1.24613521212,0.79658947964,0.965262962294,1
-1.97452658917,-2.70116006901,-2.0783274521,-0.980241033895,-1.06238125565,-1.33386485328,0.0801587253207,-1.14321113769,-1.2449348429,0.168747169171,0
-0.611527951795,0.0295142364878,-0.463670153629,-0.260080586849,-0.732672504055,-0.85491998265,-1.29356546839,-1.28116387719,-1.0191767149,-0.0207102363972,0
0.354413984373,0.0585027255905,1.26573965058,0.681510979934,0.107424883151,-0.118586749933,-0.487050288764,-0.984413806335,-0.236912285871,0.800129168011,1
-0.282443933537,-0.750800050109,0.0620684933149,0.247316347375,1.2771924624,2.03840750231,1.55589643235,1.6805823477,1.16772512525,1.95782537373,0
0.796902071591,0.792171619221,1.84321980373,2.15454960794,2.29123297893,2.40980731871,1.83954889033,1.2447776339,1.06408085174,0.692314900525,1
2.17725434265,1.14077750868,1.27806942694,0.863333725258,-0.0870190565336,-0.511755035387,0.573726877123,1.65248964301,1.46689486486,1.3599880836,1
0.523344919314,0.759418513959,0.801278800946,0.938586239792,1.69210202283,2.16166808009,0.67798736149,-0.389659673267,-0.172969214969,-1.24482553526,1
-0.41796258779,-0.83227690626,-0.558602770436,0.930281654827,1.57120787275,1.87650657842,1.22784673222,0.362666378546,1.17766854605,1.712896886,0
0.598310991039,-0.196081948012,0.329007406678,0.851717147081,0.516930108889,0.740198163033,1.22602790172,0.201158157778,0.41432794763,0.738150536128,1
0.0584143313381,-1.15473496286,0.228629096609,0.38727886502,0.500421045851,0.58106156652,0.876982132102,-0.0416347903788,0.937175101826,0.885555714382,1
0.933525782247,0.568182761411,0.570820631305,0.429817100655,0.588984594538,0.376041467043,-0.669303106931,-1.38068911484,-0.722121963036,-1.12996801146,1
-0.457914007274,-0.558662357926,-0.00541048684286,0.0290443996587,-0.166026136628,-0.458908091545,-1.74527497908,-1.62424556119,-0.750192006304,-0.862861503528,0
-0.0606499999746,0.60337211623,0.483547206384,1.85080885428,1.15860254267,0.363144090518,0.97200798722,0.51338467639,1.39511480031,-0.279321101496,1
-1.36510675423,-1.19433457036,-1.2452889597,-2.09072535149,-0.37054541524,0.380807435736,0.117482457477,-0.340677549043,-1.04204360792,-0.00881751245508,0
-0.105369763323,0.160773623915,0.0848288932884,1.03434719371,0.271175502299,0.0574125883387,0.0133284787109,-0.470640229801,-0.31411088556,0.0950645997643,0
-0.813294609942,0.190506176773,0.0344416859198,0.365509124284,0.135582251081,-0.0541755882462,1.57998103223,1.27085383774,-0.594091429933,0.109340933492,0
-0.35789560612,0.0427027040789,-0.457889347074,-0.379090772225,0.742186790541,0.29246184562,0.941670225036,-0.193858417759,-0.161867197245,-0.59464521883,0
-0.85089332099,-0.904677095771,-1.59008558186,-1.07267550689,-0.795680138659,0.063564009581,-0.353815991121,0.456559079503,0.23646660918,0.65617601155,0
-0.089858595961,0.801964780871,1.17792443542,0.980986940267,0.54145229779,1.10143315117,0.370720868608,0.403632228604,0.84867373114,-0.55185046397,0
-0.00422983417754,-0.192903570687,0.313719880502,0.376298353865,0.293965654942,-0.422313108503,-0.7296186952,-0.280400875941,-0.501016987145,-0.0793719731371,1
-1.21549133126,-0.254661385413,0.180162534609,0.491757420943,-0.284504921757,0.141383707535,0.55252329802,0.465620670608,0.137627591334,-1.18485598799,0
0.46284415006,1.62417858885,1.67841507574,1.20874789003,0.773920964163,-0.00790830025407,-0.0384261226979,-0.5510887035,-0.52912085046,0.789998184035,1
-1.01979810154,-0.387568762294,-0.615699814162,-0.431579839667,0.488843441393,0.857553898593,0.137203521731,0.0770834211795,1.10049176253,0.573123627206,0
-0.854765321983,-0.106165991982,0.355641578255,-1.49252183149,-2.29004736388,-1.84842709129,-0.98996846093,0.58187946378,-0.973447626503,-0.545688388771,0
0.278090062852,0.236074009266,0.379409786615,0.576988967661,1.4446378169,1.15377988696,0.053059711601,0.570031451689,0.454547133855,0.601417913942,0
-0.308378698092,0.186251740995,-0.539286031631,-0.430467782557,-0.800368316223,-0.788282762868,-0.756503554104,-1.97914786139,-0.835634600257,-0.706704330219,0
0.161041852128,-0.281671174408,0.565656635397,0.500551588395,-0.0731332753896,-0.83577338738,-0.148591115991,-0.743081129592,0.00991846990828,-0.290640076721,0
-0.219866442714,0.252728558015,0.0430090982726,0.151293212016,0.12612709605,0.0180144960866,-0.569572784287,-0.602323638708,-1.69964282072,-1.08692660851,0
0.903310811499,0.0269596502735,1.08713551584,-0.829573747808,0.357557253608,-0.550970472818,0.0621733741985,-0.325352518831,-1.1038049223,-0.0835610204756,1
-1.06239814489,-0.852204429264,-1.26417318321,-0.442664321501,-0.0605742881436,0.935229979844,0.6245022948,0.388488092356,0.307540277962,0.376120322036,0
0.56167915006,0.138337996432,-0.403355605538,-0.663064858124,0.0387601081972,0.951911475918,2.2852987256,1.25044400426,0.689596935824,1.87950620894,1
-1.02120706179,-1.57020458236,-0.586305991437,1.36572071356,1.01393465476,0.270142787859,0.0827955981592,-0.895415190228,-1.66736860764,-1.74755948924,0
1.36689568844,0.994266510424,1.08882055364,-0.0457256484966,0.350716796722,-0.64052140403,0.353360677746,0.765638198462,0.104688631784,0.862491107103,1
-1.88886996298,-1.30903702309,-0.875554316141,-0.598491199996,-0.591101037247,-0.735437624229,0.199758597008,0.797829938306,0.504434977806,1.51504062408,0
-0.435440017612,-0.00678171304925,0.397474100129,0.154338409341,-0.12498678304,-0.949660974495,-0.272724579791,-0.589797404951,-0.423898667836,-0.261714195542,0
0.838372749612,0.938708978099,1.28551084923,1.8200728891,1.49258390861,1.34675638643,0.298138977828,0.76104401748,-0.204850946961,-1.7831168729,1
-0.0583115768558,-0.50194828837,0.493702479631,0.141826974465,-1.1437431243,-0.808239953945,-0.177613957337,0.0512805675951,-1.38319615405,-0.734153991667,1
0.558117681299,0.129259149382,0.567727818844,1.28144045453,0.568074311059,2.12042005359,1.43396162538,1.7098602395,0.245983537223,1.20007682572,1
1.85445419894,0.951530156048,0.863425014223,0.733939245032,0.500627709893,-0.314156809124,0.833113889943,1.1442408358,0.267280755333,0.222037188104,1
-1.22335042291,-0.64799392658,-0.368120572616,-1.59398753229,-1.52907571419,-2.59829187399,-2.3761209737,-2.45255072035,-2.37634618814,-1.64328243025,0
-0.448567991138,-1.37921004769,-1.20597189407,-0.824419523822,-0.648596530883,-0.905901995461,-0.934472168391,-2.22867447365,-1.59877878504,-1.29130877003,0
-1.18785104094,-0.956567714237,-1.94489993305,-1.8232299351,-1.60329274394,-0.479387346883,-0.189334836948,1.89913514141,1.59055429698,1.72508567432,0
-2.21933766653,-0.522276750289,-0.0793131507387,0.644541648588,-0.0678395812326,-0.0924254977326,-0.554302266137,0.235688206449,-0.060605168573,0.193442293059,0
1.21228817752,0.869415753418,0.697215474742,0.0302614332821,-0.849280590438,-0.35136637407,-0.567606532443,-0.503840301697,-0.347596039169,-0.535792635928,1
-0.137978765706,0.0664686414557,0.398629783506,-0.794351476536,-0.941127540143,-1.07894631521,-0.392410303608,-1.00799140117,-0.99174242966,-1.09740087617,1
1.90295564237,1.47723492225,1.03486516115,0.792107444062,-0.487542482141,-0.214179368347,-0.159063361887,-0.201582849722,-0.647574158316,-0.0694109659822,1
-0.00867270016313,0.714432247921,0.407196796727,0.435716389247,0.816649072958,0.0713809352467,0.811275600724,0.472733655262,1.07692818784,1.9010665109,0
-0.779251597063,-0.153511286314,0.7060068889,1.01486054001,0.539741211525,0.759505794016,1.18018105535,0.368429689218,0.444259520206,0.549356104118,0
2.4355272614,2.08004532662,2.63055191635,2.071463125,1.00229759138,-1.37315791684,-1.28626450252,-0.777194511543,-1.08194563465,-0.983690422575,1
-0.31244250565,1.63664116419,-0.278098956019,-0.888912486711,0.283466805673,-0.346892980374,0.20988555722,-1.13866129623,-0.685222700268,-0.124045033448,0
-0.241195673236,-0.428214272721,-0.695285847135,-0.121150107082,0.185478746035,-0.0751288157844,-0.0146929061777,-0.358490430353,-0.834143754959,-0.363054381905,0
0.374640280185,0.0641634914431,-0.0512630847646,0.111956226781,-1.02216834606,-1.24080522262,-0.758368208149,0.384151309425,0.612553025769,1.4569296749,1
-1.2309995363,-0.690991419329,-0.471582500817,-0.915212095579,-0.768391029058,-0.138022360073,-0.147805990871,1.04537597484,1.49952694113,1.64277941758,0
0.507707068091,0.265196290641,0.650100846569,0.400088707767,1.28511218922,2.27344554358,1.42647009185,-0.0181674515966,0.156518020447,0.564196909133,1
0.260517804696,-0.0430330269811,0.395114671453,0.579553755761,0.318363800743,-0.108499889539,1.9338499574,2.09955752406,2.1219924148,1.59268827432,1
-0.498286530229,-0.484964539737,0.760446129747,-0.109277598373,0.119579530139,0.300269180241,0.50668695644,1.92498491213,1.72989418712,0.877322181376,1
-2.07272215082,-1.08359651645,-1.46026479106,-1.05220194465,-2.15787480049,-1.27947101441,-0.621378482628,-0.0696349325017,0.359957830381,1.96765893214,0
0.026748123029,-0.778273757868,0.306645271648,-0.165334960538,0.83161581837,0.867477491956,-0.830299881884,-2.43685478818,-2.45390292938,-1.55024921432,0
0.447727133442,-0.24009996584,-1.0161983813,-0.0780672901651,0.0568411261483,0.741124925475,0.513967591091,0.890986121843,-1.35211750644,-0.90502238403,0
0.53978555375,0.342350253676,0.473435132424,0.899554718034,2.04985853895,1.95561170761,1.82716815612,1.24221381601,0.912071370453,0.270908032627,1
-0.183268299892,0.32473782737,-0.186358341482,-0.220317290575,-0.186282300898,-0.175213906867,-1.08243846165,-2.17048152655,-2.03466391705,-2.06522517618,1
-0.839343160848,0.472193960581,-0.0411767661245,0.371661790556,1.17239237804,-0.26848740578,0.0479983670075,-0.621831369157,0.254362864393,-0.276357044681,0
0.332082093171,0.030986977259,-0.195639144976,1.38618841383,1.19438941776,0.138412351882,0.318157332171,-0.207836662947,0.356276998234,-0.21586705243,0
1.4000063751,1.39507368178,2.89601630236,2.51137361786,2.78531546253,1.15284967242,0.751645737588,-0.415357977121,0.298234107133,0.52991984086,1
0.895211249196,-0.235345789799,0.391731006385,1.02027560738,0.173546915822,-1.0211691518,-0.900917207879,-1.10493499752,-0.675280388922,-0.0792583272835,1
-0.155735331268,-0.883020810967,0.110525992217,0.11649968676,0.406161815431,-0.474866916637,-0.557683613961,-0.844570661896,-0.392336395906,-0.614688832422,1
-0.537165136758,-0.658254230611,0.356100265154,0.448467879864,0.771305201324,1.79606069391,0.547518283756,0.840173511983,0.648857658241,0.380943644758,0
-2.23280560797,-1.7611351176,-2.23853113381,-1.99040898618,-1.19168512371,-1.08276717191,-0.645249268228,-1.06563675721,-0.400022439072,-0.387232205213,0
-0.452520681909,0.16077930909,-0.244451532932,-0.841119558105,-1.16738760156,-1.51967739589,-1.15035678746,-1.3427433996,-1.4679224595,-1.53953510907,0
0.515031292178,-0.255322417965,-0.643764661171,-0.611452913577,-1.06687050161,-1.03639557176,-0.486790273963,0.226706524682,-0.963272900144,-0.543527028174,1
0.370216658156,0.173643769484,0.265372425343,-0.113640645762,0.320117807287,1.75433197375,0.564561464623,-1.28191303902,0.187824509184,0.468567499921,1
0.544294674562,-0.916162449921,-0.395062645814,-0.288960151542,-0.233744071315,-0.360161224986,1.72085748915,2.09642131534,1.54010790248,0.581449356625,1
2.35719485236,1.63669117061,2.22389295858,2.42749288058,1.55675361218,1.12275848953,0.530667221201,-0.0881779591134,0.497716249555,0.0974527472777,1
0.0109492350175,0.345434341556,1.14626512299,0.910183928653,-0.451638223821,-0.447328129871,-1.42805724401,-1.36140930711,-1.6330526596,-1.19707250357,1
0.710047567104,-0.0174396817185,-0.243631122315,-0.123799321891,-0.734258721997,-1.05946287111,-0.9196705062,-0.46177367706,-0.0784024983083,-0.608471299663,1
1.92349002529,0.907282031029,0.439622694054,1.66221977876,1.37612960376,0.389423375655,-0.421719533697,-0.410992442708,0.174233746642,-0.595431109523,1
0.407068933313,1.05856289615,0.99558330736,0.835714540589,0.402625184381,0.165720205974,0.944418186881,-0.663551604633,-0.171409362273,0.343556281122,1
0.11688941235,-0.257739384386,0.179914354196,-0.21897439249,-0.201820061294,-1.11351265423,-0.408279868015,0.133898705128,0.416764660159,0.749907629871,0
-1.59836701738,-0.857808027247,-0.200406406398,-0.402975881833,-0.589762478979,0.115645524674,0.324900459541,-0.362979235239,-0.97480448976,-1.26350969307,0
1.43282082825,-0.0472328315666,-0.0534787651797,1.24180871235,0.671653848018,1.19511706021,0.837647864375,0.00691125246879,-0.948711923444,-1.06454729375,1
0.799730921342,-0.0063651996555,1.09657285008,1.72301784535,1.34052205435,0.593409789015,1.088409664,0.103005359393,-1.12745805421,-0.977889611085,1
-2.01243309173,-2.30199490332,-1.15193971437,0.278545034936,-0.754579842144,-1.39168036694,-0.997358192291,-0.431656936378,-1.28048213304,-0.502215446122,0
0.280195489992,0.314081752393,-1.18682135181,-1.80969269598,-0.755146244634,-0.0218846823576,-0.658780150703,-0.579385903282,-0.252484698566,-1.61710382717,0
0.645158574129,0.443934381704,1.80044538152,1.7242155587,1.72864883236,0.715608690227,1.39424707534,0.18997233811,-0.147399056581,-0.628217597201,1
0.199572584023,-0.463844403198,0.574476839289,1.02610323418,0.521356365396,0.897149394096,0.41104684295,0.465421818858,-0.734868702977,-0.276452520316,0
-0.0359148491795,-0.402900067536,-0.352629633782,0.170382281711,0.445096212743,-0.0769135840903,-0.247659204552,-0.672043215313,0.570396783411,0.513812360323,0
-1.12917515461,-1.04399967291,-0.600476867536,-0.966888617907,-1.20547279241,-1.58799806373,-1.5426802248,-0.99887044827,-0.858205512179,0.353712708132,0
0.578414815246,0.898732192274,-0.0377157727659,-0.0424763714303,0.305008927608,0.165115746075,-0.389351477386,0.0619624100021,-0.246809639092,0.829240108086,1
0.624579827879,-0.8465571507,-2.44791243215,-2.43694223485,-0.767761937914,-0.10251899009,-0.170385684731,0.278075491158,-0.817777893135,-1.1278993073,0
1.17279387352,0.796937241994,1.18405500276,0.334264881739,1.79163958188,1.00787600293,1.29155351008,1.70674497166,0.703312162296,1.84603562623,0
-1.35120435694,-0.683134111038,-0.540003247286,-1.64457122375,-0.277495586919,0.338544900444,-0.036827526047,-0.351895226464,-0.767554767786,0.341472331244,0
-1.22562327535,-2.10332401438,-0.757419303708,-1.28517855732,-1.30718970483,-1.14435757022,-1.59024183284,-0.935382288848,-1.8989531068,-1.18035476734,0
1.76015491672,1.99063244633,0.882798341141,1.55587876246,0.561794329153,0.796930562279,0.834894331752,2.46340026994,1.93552567289,0.876714204077,1
1.66101460728,1.6512655006,1.60246246661,0.839400285713,-0.832630639861,0.193878872791,0.606189869399,0.0372146919996,0.372452363367,0.0495128363593,1
0.852171488785,0.894104411255,1.28482216757,1.50912603587,1.2302242085,0.0941168824463,0.383281930512,-0.19423823363,-0.495651368677,-1.45208859262,1
-2.05373937904,-2.29368276285,-0.0632329604384,-0.292611340984,-0.710183096324,-0.552524981257,-1.3817007462,-0.0145755822929,-0.74148659053,-0.388202306449,0
0.58079888073,0.245865474784,1.02067665261,1.11124340606,0.565675762907,0.00815789706942,0.48962865625,0.0645026368214,0.281909589598,-1.11251070661,1
0.10455619728,1.33544007364,1.52044928028,1.01556823536,0.921695475705,0.408031195473,-0.258242301633,-1.48544162064,-1.78275941394,-1.73786497925,0
0.541998011366,0.249408593851,-1.25229856104,-2.35556336548,-1.76313109306,-1.12981851811,-0.909113348298,0.0865473789242,0.465156594738,-0.155374603133,0
0.00467379629996,0.317395920924,0.646661569362,0.447636911454,1.76251050122,0.347063167952,0.73468279605,0.574347406376,0.136188402765,1.25086787575,0
1.75570680632,0.57191657239,1.55797299428,2.61702730901,3.1790394248,1.21339778898,0.939835179771,1.58522932365,0.567910775923,0.787153953716,1
0.699297459997,1.02546684228,2.17541266192,1.7009080385,1.31677005633,1.17419655396,-0.0139081944374,-0.49053561814,-0.984739803256,-1.01061795154,1
-1.07750067421,-0.48198356666,-0.640997115265,0.402136414026,1.40402373305,0.404250203342,-0.0928096281887,-1.31445964964,-0.849597480974,-0.491866068312,0
0.215870547161,0.655582964432,-0.143198087867,-0.892335140881,-1.45554483381,-0.911471773296,-0.0373620763703,-0.578133809171,-0.47480576669,0.0299029234511,0
0.502246858271,0.0240741358141,-1.00655992995,-0.638120560395,-0.410852285893,-0.0378504021378,0.71310515266,1.01905819461,0.47681184587,0.687809816191,0
0.220224747928,0.241914386604,0.792994092955,0.0338895108188,0.969692177751,2.1045848157,1.2829750956,0.945159959689,1.27917178973,1.68242163182,1
0.704234576534,0.719555582442,-0.203302700008,0.921160754711,0.680756182108,1.26660073487,0.8993473274,0.741465697368,1.65181294885,0.956406955653,1
-0.877102104825,-2.52282735875,-1.71353978761,-1.33523222255,-1.97012439388,-0.321945295171,0.0563084145701,-0.43211783647,0.047969693408,-1.50903442474,1
-0.225039217201,-0.0598728426312,0.906600549292,0.289588971935,-0.650461163528,-1.36080851478,-0.795966909015,-0.0521751685902,-0.835030272851,-0.69080568188,1
-0.537906079091,-0.549151395706,0.0830706773575,-0.511508754455,0.0328231832924,-1.36690137914,-0.647822005802,-0.886693114308,-0.183016157093,0.505236899952,0
-1.23767528007,-0.45191619372,-0.823138406933,-0.855279759605,-1.70464327637,-0.85571336097,-0.119990977243,0.787577399769,0.764649318442,-0.0940486267858,0
0.512126456297,0.515291211171,-0.800431715355,-0.435662583997,0.547254041998,0.383078892049,0.575460532395,1.56615559635,2.71319804878,1.55047073948,1
0.950753935259,0.345654002358,0.347610448984,-0.314552732239,0.121340051003,0.240688447806,-0.154460174582,0.403153627773,0.180742163641,0.160853462118,1
-1.86446484564,-0.262464216138,-0.589257272382,-1.02156495464,-2.10896355513,-1.96832559882,-0.561761401984,-0.0201768764295,0.654186134926,-0.666352640879,0
-0.374966106513,-1.28462904349,-0.351500043897,0.195683458153,-0.65234796471,-0.0255144216025,0.55097061947,0.436028463554,1.12342242407,1.24000327785,0
-0.380734995937,-0.221424920715,-0.0934653699372,-1.57996369378,-0.837124332424,-0.570921058409,0.0705182511147,-0.895561507713,-2.0277664194,-1.83834498832,0
-1.06717056427,-0.886160510325,0.336981109375,-0.183200481128,0.45028708509,1.08764925141,1.10349259281,0.28445662621,-0.122531296605,-1.70741073626,0
0.120919387924,-0.0603333910267,-1.05870656896,-0.641759361118,-0.748438949825,1.16058828795,0.998259211652,2.23598976399,1.78765265402,1.71398438895,0
0.749066966503,1.13226296384,0.786104449137,0.214126184171,0.952655482941,-0.412559274082,-0.488295267736,-1.18501896893,0.118582778872,0.0584544426569,0
1.08140067675,1.48519632858,1.55354660295,1.89464253837,1.88415638324,1.43668196321,0.226684524528,-0.0949597107971,-0.283561189986,-0.172572670507,1
0.490912764839,0.0778418183591,-0.342412735993,-1.46151441976,-1.20941221885,-1.06408986008,-0.393850561086,-1.01914384861,-1.13575401796,-1.01237945525,0
-0.485236386045,-1.06203992218,-1.90794442742,-2.00300776943,-1.39122164322,-0.0475466704782,0.608494667179,0.653122725348,0.360313607798,0.605852873845,0
-0.99580934718,-0.709537630843,-0.688460942792,0.562321346894,0.592358729103,-0.00586128301789,-0.00166029031105,1.02875504653,0.689014728644,2.31483773032,0
0.823462267471,0.188580382208,0.728760541943,-0.604170343503,-0.753181013179,0.225933404337,-0.0770609306152,0.920399956882,0.564962822943,1.65059484822,1
-0.332268106193,-0.700224839521,-0.336556052514,-1.0975338213,-1.71164278345,-1.35210209034,-1.26582560703,-2.70220170843,-1.77578399126,-0.243375431992,0
0.988479987633,0.947855012547,0.872435411975,0.41544504179,0.379166661465,-0.135210660994,1.02955999337,-1.054091488,-0.777633136567,-0.40012388519,1
2.38416758932,1.85060808135,1.08246457521,0.0106036530946,0.784042153202,0.711540666741,1.71874572164,1.10567053939,-0.128503743652,-0.0520212368199,1
0.674997879771,0.964207556698,0.213324014019,-0.425951250206,-0.867143429331,-1.87255058122,0.0876672776496,-0.839285822041,-1.92527283147,-2.40728372921,0
-0.0845504788793,-1.16647926329,-1.5217686098,-1.19412591427,0.461293484008,0.595110072568,0.86788060879,1.51188735585,1.58407025211,0.859866019267,0
0.0577421937846,0.354319659898,1.52369448444,1.00998781318,0.879841989047,0.994822260036,0.0434434959095,-1.19710092533,-0.429237210363,1.42140825245,1
-0.394816745608,0.700596913067,0.883535012677,0.376615015074,0.661643793691,0.834955558431,1.92200015699,1.11366491325,0.695252416025,0.399870524723,0
0.13003419068,-0.837689259776,-1.22050817635,-0.832301304957,-0.910631809341,-0.608242988599,-1.34036548835,-0.982378440859,-2.29800864232,-1.46398976122,1
-0.432371958648,-0.470119861506,-1.95579487007,-1.30527303527,-1.01556937463,-1.35948225707,0.25950326192,0.901842819663,1.11677809521,0.152233916432,0
2.15183405813,0.321401654068,0.572777085414,1.30889538061,1.60925312823,1.84927311605,1.95312509268,0.66540996558,0.395128995985,1.0343815981,1
0.894153467444,0.375385300448,-0.0443547392185,-0.971010354742,-1.87410874036,-1.2096668131,-2.03454554613,-1.81306633128,-0.529475950844,-1.01572013191,1
-0.302419430522,0.423854334565,0.310683701255,0.38842823142,0.733463700133,0.667726706932,0.735081113094,0.720038178478,0.401613284449,1.16979555916,0
-1.27664971351,-0.361297920044,-0.15126213334,0.231834877093,0.423711981456,1.83652523747,1.68187154869,1.5687995165,1.50679893821,-0.261214571847,0
-0.483291298796,1.92748368322,0.803081104683,0.746241395406,0.555881217176,0.39797890311,-0.472026407077,0.00359737520321,0.768543435762,-0.0972186505937,0
0.397713770021,0.416788227333,1.39102107209,1.83804728187,1.81460582819,1.45941183226,0.805332522959,-0.380247483841,-1.43742140564,-0.988620562427,1
0.540703312533,0.751222730654,1.87727681698,1.71812196767,2.48686666919,1.38717208134,1.68837404699,1.37453522159,1.8344565688,1.72278039662,1
1.1186517117,0.435101231035,-0.195651067825,-0.674087487069,0.0526091544526,-1.25152484362,-1.26765430183,-0.0467672066132,1.01208049125,0.107694552374,1
0.410690515497,0.106852539243,0.203420170971,-0.765632576364,-1.29220657861,-0.872490722063,-0.365415767406,-0.586370466022,-0.785550150732,-0.0306007114819,0
-0.468716981392,-1.25712521512,-0.493246720379,0.0316446799102,0.14743229268,0.792714887012,0.560590003915,-0.711212686667,-0.694473616045,0.886149556949,0
-0.134588966098,0.583364530272,0.184971783964,-0.26391922771,-0.104205338929,0.195440654904,0.0738143298769,0.872021586538,-0.413971707407,0.341879993301,0
0.22253641242,-0.215515598385,0.151431615583,0.0193719494379,0.00990408806475,-0.00814951705985,0.1061625282,0.889498250181,1.0011966956,1.4594662845,1
-0.334229936273,-0.389130387115,0.0164390065517,0.25377359773,-0.235703799009,-1.56515052294,-1.92895968914,-1.83574309462,-1.38763168978,-1.73518589109,1
0.942820347993,1.19220714005,0.102090686516,1.81580498815,1.08120941755,1.38569251135,0.415516461071,-1.45615227757,-0.966993239092,-0.0713699398909,1
0.637380440186,0.354768126447,-0.552026040612,-0.0109338182592,0.754478630927,0.81517746031,0.699804016599,-0.270789419233,-1.04888882196,-1.32157104261,1
1.32940893933,0.938721412148,1.38367528294,0.576850553318,-0.462925371756,0.096307673728,-0.0707929052463,-0.394463756381,-0.075837097402,-0.900686685909,1
1.31484807587,0.713145075645,0.221287669541,-0.0735401111573,-0.573364607904,0.225042311892,-0.432643560866,-0.0138931722052,-0.223445142943,-0.475266779201,1
-0.856807721945,-1.35275884693,-1.62745147053,-2.0719084549,-2.18185440225,-2.87960676652,-0.92005697297,-0.460968538817,0.229186059366,-0.948615960118,0
-0.0643777779513,0.511596211288,0.0529661158901,-0.555571046522,-0.947995331997,-1.19480236884,-2.12838205263,-1.39225248827,-1.28654391841,0.26947166836,0
-2.12664802898,-2.76059595117,-2.55642087912,-0.105492974496,-1.39644248562,-0.263286777834,-0.573023991507,-1.31091143997,-1.15198564745,-1.44262929189,0
-1.24293075982,-1.49926772107,-0.174949058311,-1.01545549107,-0.540185158103,-0.273489357408,-1.06909246934,-1.85416431721,-1.45525348061,-1.2138912633,0
-0.95211804076,-0.798733294021,0.0781488674256,-0.596669981127,-0.27325225417,0.267456135205,0.278151948799,-0.587372883596,0.39005120288,-0.0167034313287,0
-0.0275360200342,0.176486733856,0.925416339219,1.08147925943,0.146718511193,0.289719654015,0.205766045611,1.30146279326,1.02641682281,0.368269266454,1
0.471696110084,-0.70919623864,-0.775969934954,1.18106543726,1.48462997663,1.30017457613,1.91958578558,0.671167802604,-0.683556160104,-0.475268321172,1
0.473777886049,0.199885522296,-0.618264632518,-0.0178763546283,1.25091951131,1.53496815747,1.69984365565,1.30473287862,-0.101645375493,-0.392492755164,1
-0.416532941711,-1.24887314839,-0.950759401735,-1.44763476811,-1.01490756473,-0.751980963242,-0.513761984722,1.81480582857,-0.442489789244,-1.29181208779,1
0.216873286281,-0.217884782332,0.371042320133,1.58901296417,2.51635475152,2.11048117846,0.814909075442,0.43125319675,0.0155329185977,-0.016938653379,1
-0.0376652885695,0.45007106021,0.48021365251,-0.346086272836,1.19611165779,0.477507196982,1.23025089088,1.128506047,0.816757851962,0.964881244226,1
-0.192676219139,0.235356468968,0.481763881564,1.12244653066,-0.0182723310328,-1.13800553694,-1.30221336157,-2.14387795236,-1.96710256613,-2.39127745702,1
-1.05095506625,-0.499039336603,0.974058483052,1.50180422594,-0.215625598988,1.61884243815,0.166677046968,-0.165922209315,-1.19980776303,-1.08506402685,1
-0.162225483414,-0.980498228391,-0.547307432194,-0.306380060643,-0.160554470012,-0.309680398953,0.662038467658,2.83301574004,2.13437860954,0.275889894094,0
-0.304180093102,-0.996077582797,0.090477513194,0.452448095519,1.32478923348,0.491860503348,0.407975114444,0.0374532392032,0.391558862826,-0.630199998637,0
-1.10942152603,-0.378127633472,-0.539423984952,-0.689074742943,-0.264181340907,-0.428135549349,-0.225900084229,-0.639860058598,-0.594635790238,-1.30510166312,0
0.311545365117,-0.926875086134,-1.09089152847,-1.10976611028,-0.869894986555,0.0191235663682,0.802364189055,1.40689004459,1.41725945475,-0.341121116311,1
-0.155360769723,-0.281228669969,-0.461944862629,-0.34833750335,0.223074205551,0.150675359287,-0.0219263133399,1.00992087537,-0.361921612254,-0.505599978237,0
-0.357882006086,-0.0468760449783,1.25948482906,1.69968618751,1.71680995788,1.36659929241,1.22209396955,-0.63709263558,-1.22589041287,-1.62036735985,1
0.195049373556,0.933695263976,0.888899257913,1.4174502456,1.66095378522,0.0220059095367,-0.0563419951144,-0.126694911414,0.500102734932,-0.271948686328,1
-0.562822789296,0.847130596578,1.17735529008,0.100958726378,-0.45759344969,0.402029811754,1.29076220237,0.11879784554,0.253288719132,1.17414819231,1
-0.578067183098,0.215769422488,0.437652957575,0.168734102582,0.207163138732,0.187507302234,0.35259806575,-0.0507731823198,-0.653789897658,-1.86519656991,1
1.12977564916,0.573882195809,0.974378189881,0.125890171785,-0.217804570334,-0.46782555642,-0.26071593922,-0.162075943948,1.43713825837,1.37720751043,1
0.0304385301087,1.6518618293,2.12542953234,2.4512818003,0.249683799352,0.605783202382,-0.113650791595,1.13373158806,0.151418715777,1.1290908059,1
-0.266935766857,-0.206199992108,0.946105702009,1.44717100946,1.96127334943,0.799470855623,1.50574544869,1.24187783386,-0.111831755719,-0.826195287483,1
-0.220652778014,0.483821057343,-0.0298269165812,-0.574030166513,0.211671341552,0.768086286671,-1.36075326056,-1.3526794136,-0.496476034383,-0.874490364719,0
0.392576423141,0.327355661401,-0.0168831754924,0.632101514996,-0.0132007861154,0.3025003794,0.535945406028,0.801220769061,1.02538938549,0.843103693424,1
-0.0228301097907,-1.00867509306,-0.434600933456,0.46676731062,0.475069971173,0.562245598345,-0.929928033604,0.257086716215,1.09389824972,1.11070473112,1
-1.01983223766,-1.35686043851,-0.453868868672,1.21594639138,0.727599936985,1.83110795765,1.49513632362,0.102181721005,-0.723853132232,-1.14772619827,0
1.09241516075,1.19494488194,0.163113495716,0.166107383284,0.241852031766,0.0907898805019,0.488459233689,0.161872591843,-0.461529004167,-1.23955015231,1
-0.655711656608,-1.33087966281,-1.23834221801,-0.374538532518,-0.316523426074,0.0874412908577,0.120820054816,-0.0460254973155,-0.0815381014737,-0.634465488691,0
-1.34723932081,0.399011472734,-0.271667169175,0.711775263585,0.554742000681,-0.491150110096,-1.00414318365,-1.2496861085,-1.34835796593,-1.22059065644,0
-1.20907199997,0.529592369023,0.91795496674,0.698535193323,0.950650925279,0.938640231759,0.675193104262,0.436141907803,-0.619033934321,-0.647250656406,0
1.34825589816,2.85545036185,2.20539108981,2.42879170032,1.52220143206,0.0478628869473,0.20939333171,-1.58724594212,-0.804677283444,0.406346602917,1
-0.308254605526,0.340522503083,0.544754929858,0.636999915171,0.0444748759829,-0.450637857717,-1.32646756644,-0.585521903797,0.0415147481956,-0.867045065204,0
0.178911530564,1.13419696388,0.121941134276,-0.168486312198,0.330978930592,0.490993955663,0.946460844955,0.815677306956,-0.838093315311,0.133343996629,0
0.366433785015,1.6794130464,1.60491891109,1.66367525885,0.411524530595,-0.851762772961,-0.0217854835098,0.211793134471,0.750748685202,0.0649155852938,1
-0.430193352131,-1.06414104636,-0.700402424848,-0.309120702276,-0.232512291004,-0.302316073675,-0.295790102568,0.662715981901,1.67295001616,2.36449654441,0
-0.314085602285,0.579485826129,0.88991145574,-0.43046662334,-1.08116354045,-0.862495799014,-0.357594325416,-0.979939820749,-0.915765391116,-1.44387481448,0
1.108260338,0.372302664317,0.473261573543,1.3019567279,0.699355882186,0.934369224802,-0.171279390392,-0.00767249755899,-1.18910390064,-0.392491980267,1
0.730503113962,0.538987594007,-0.617969787829,1.06950857563,-0.63709619503,0.882445348897,1.17793721017,1.36710765411,0.63632834825,0.928029979793,1
0.727711865258,-0.744086176942,-1.15095490049,-2.30190873301,-1.61231487544,-0.244884653305,-2.02712504227,-2.4239722826,-1.46296145842,-1.25592549458,0
-0.654091634345,-0.280788653264,0.671750502561,-0.365579072786,0.243099244741,-0.0780097884911,0.568585887309,0.734844478055,1.65112517299,2.29288200285,0
0.430640032967,-1.5851486169,-2.35374722746,-2.77676877829,-0.90606540835,-0.991673677313,-1.24015811477,0.615079535182,-1.01262557209,0.00711702680102,0
0.91904581379,0.39492673383,0.565162340873,-0.0702664145502,-0.519973852537,-0.145777180114,0.0684270085047,0.27620095761,-0.675347392051,-0.862774109322,1
1.92470775671,0.56205807872,0.987863205023,-0.503402416977,-0.263382838907,-0.118334414924,0.906043008545,0.650411255733,-0.247378138465,0.940343178096,1
-0.810029426058,-0.429970943136,-0.698877723627,-0.833489830862,-1.27341826301,-0.577791403558,-0.217872379551,0.444954608088,-0.280064393084,0.104148798002,0
-1.70563530628,-1.32445641878,-0.454182207561,-0.339693364056,-0.260435762939,-0.0104685789091,-0.910976893096,-0.340504904717,-0.158120313384,-0.51881245555,0
2.05392836762,1.29528553667,0.747828587882,1.39134526412,0.912787321347,2.03120406039,0.802172647482,-0.525927016621,-0.0217769167822,0.543419876952,1
1.93646627376,0.945619694904,0.667059444487,-0.504372101141,-0.053214212254,-0.950639358325,-0.626712384939,-0.212792028405,0.175425846076,0.206083057179,1
1.08272242058,0.114993167236,0.485439782094,1.10438405591,-0.268969965328,-1.44273844192,-1.2319037222,-0.578778218166,-0.57029812545,-0.321951898622,1
-0.283796754949,0.0296948590281,0.0372116279383,0.168777176667,-0.424082667766,0.112888907748,0.893107345389,2.35885232049,1.91029679676,0.989792806153,0
0.390146077448,0.21914821189,-0.870970938023,-1.08514488544,-1.98411293396,-1.62056686348,-0.139364194519,-0.26417513575,-0.849583712385,-1.32870384444,1
0.769236081945,0.920615202958,-0.0610396256415,0.416951885125,0.0151230387532,-0.402664786742,-0.315239892211,0.0411057470694,-1.56368397788,-0.711399595277,1
-1.72045648715,-1.69637470362,-1.20640630176,0.296992338008,-0.237181249379,-1.74013332426,-1.74261440829,-2.1885031212,-1.70107341253,-0.97954257962,0
-0.892760704933,-0.04551755967,0.47412058859,0.857853727631,0.406730257334,0.988848327088,0.317910694031,0.915088556293,1.94536932926,1.48652795087,1
-1.45542317263,-1.43499159677,-0.723981014899,-0.775330916652,-0.591113030116,0.0366772260078,0.864357553986,0.246665231236,0.571316965657,1.01724256472,0
0.127202057446,0.428134568967,1.44050129944,0.755458895221,0.784771389352,0.95456931719,-0.334482547301,-1.27247662112,-1.30538793331,-0.155849207379,1
-0.43744127865,-1.3180692796,-0.287820181621,-1.32459250369,-0.50223451684,-0.209187633473,-0.518469057874,0.11744273274,-0.565529185681,-0.337098382658,1
-0.759060037537,-0.137951112126,-0.761932514752,-1.20030650462,-1.1041639157,-1.24681786004,-0.628681342365,-1.11140612798,0.107889080005,0.066010428819,0
1.08813441548,1.06624579832,0.94533345251,0.815028316605,0.371325333192,-0.250047087712,-0.330303132057,0.212702911134,1.40348640164,1.16363164487,1
-0.630451747293,-1.46509787457,-1.38629226487,-0.105498040432,0.378792360469,-1.29384861909,-1.03145171729,-0.231022755672,-0.0577236016142,0.393952126568,0
-0.996235335889,-0.163618814895,0.523556440347,1.52697462841,0.631794092202,-0.270569862086,-0.808204067414,0.119113170728,-1.23520574415,-1.89335303699,0
0.926386333161,1.88186157808,1.91319625201,1.15035716419,-0.298860361761,-0.129333767176,-1.28856993441,-0.764711877396,-0.809810147044,-0.202966836856,1
1.41259504719,1.20570395982,0.326302665949,0.167523705587,-0.308207081925,0.0628429378885,-0.324883551458,0.958274729567,1.03123968997,0.369833963418,1
-1.70752209688,-0.661262974253,0.0470255269721,-1.16352176443,-2.29144047143,-2.23774837189,-2.10100718859,-1.06255406779,-0.637495885335,-0.624307131255,0
1.34923079094,0.694843353412,0.382219349764,0.810529940483,-0.190032648538,-1.46162125484,-1.70362697584,-1.09000183499,-0.545375555112,0.39657826866,1
-1.85367544272,-0.945351636389,-0.59321587704,-0.419174750444,0.124293117791,0.181405616939,0.185733025303,-0.28505944505,-0.724567068789,-0.468384010637,0
2.53227926572,1.02020807273,0.337912037327,-0.566973990997,-0.724934990911,-0.20292908311,0.297442867342,0.192411752051,0.720648193033,0.395166904828,1
0.894866084981,1.18084379935,-0.295989772199,-1.39351932405,-0.0867864336466,-1.29302809664,-0.990564028749,-1.61060607026,-1.25274829691,-0.237858144372,0
0.953479020385,0.923759240534,-0.462942900599,-0.968670316399,-1.23920169368,-0.627014343906,-0.02231171615,-0.365090136813,-0.535056825212,-0.510636500522,0
1.29029010451,0.493742670514,0.614052065037,1.26533283571,0.63979409063,0.0776391120552,0.791128061922,0.123383974019,0.44073109589,0.607458709239,1
-1.01846484576,-0.535138182671,-0.262040648828,-0.329623722395,-0.934632623543,-0.289315146984,-1.34334551547,0.6488517739,0.159479651729,-0.516313352827,0
-1.94724637568,-0.837908466938,-0.242987540607,-1.05759853216,-0.394466734927,1.04252749858,-0.676131156696,-0.691054509099,-0.613416311316,-1.31549459614,0
-0.265740564177,-0.764390510408,-0.993869142149,-0.791906861725,-0.862160198313,-0.980383072742,-2.23466970563,-1.52631049474,-0.918568573406,-0.222088403311,0
-0.953071185257,-0.442425734739,0.285580149281,0.371198558592,0.038707255872,0.103147595944,0.790374287349,0.0548511676782,0.50412027867,0.602982915984,0
0.186308028474,0.196981583496,-0.983334394329,-2.35453833651,-1.90944065911,-1.33177027595,-1.21817255892,-0.821155472492,-0.788814996408,0.867401232848,0
0.641850857865,0.187678240961,-0.0756191893489,-0.134883020079,-0.356948149036,0.45261782959,1.36987820108,1.59434420139,1.59666619375,1.33273353012,1
0.0939103028991,1.16526841911,1.08390391476,1.18407653031,2.03125970848,1.67002987446,1.0186583892,1.02699006215,-0.108207242806,0.858138800596,1
-0.714998083952,0.794011376356,0.730787636097,0.864996414412,1.02331287983,1.41435441852,1.61341809837,1.29000206099,1.36312231411,0.444402122716,0
1.10242412718,0.116923910658,-0.912780098957,-1.37327221734,-1.92027150331,-1.66609147657,-1.95878256778,-3.07521111506,-1.68069530363,-1.8229835789,1
-2.01380516161,-1.42136324054,-0.977204123134,-1.54196847566,-0.62642007031,-0.448588238542,0.0226224509856,-0.852985352718,-0.878402434128,-1.20799092867,0
1.22829845511,0.407621273732,0.295603841948,0.515388550111,0.888362793832,-0.30476146453,-0.609422300121,0.294072010389,-0.190585820191,-0.166848025481,1
-0.204726172097,0.61830339296,0.668352247405,1.59743908581,0.364830508818,0.397321688934,0.791021262958,-0.575827848369,-1.32631592424,-0.859805679776,0
1.54976004646,1.48476458813,1.39623389661,-0.160237501121,0.625421699621,0.890007911298,1.88732440842,2.57535230592,0.56716465892,-0.42559801898,1
0.899098039562,-1.26782969264,-1.04941704541,-1.03131488999,-2.03378512223,-1.8047393829,-2.02687247386,-1.37048548626,-0.593291418582,-1.18652859776,1
0.0797056041211,0.18834804994,1.52781405216,0.909359068039,1.02104641625,0.446538028827,1.38641029777,0.512154693673,0.915756103684,1.9803666914,1
0.27741152833,0.339760869752,0.0201241751333,-0.193210008245,-1.87833714704,-1.93200276504,-0.835366887953,-0.0503753042544,-0.153604848744,-0.0141838168965,0
1.23940386527,1.11354633435,1.11145376326,-0.227024247514,0.0450805114937,1.05345755914,-0.119545678336,0.478198110425,0.889435109326,0.722325007534,1
0.584171179691,-0.73913838985,-0.879743295695,-1.35044243263,-0.419473275553,-1.07792379564,-0.441766808037,-1.20999418261,-0.92729666867,0.214953900743,0
-0.435755116942,-0.0363082034211,0.3356351097,0.240413269579,-0.396787962423,0.572671393445,0.455190269364,0.759871884098,1.4643718909,1.40477101036,0
-0.809190245926,-0.2428520943,0.147692566472,-2.39012952961,-1.11221481038,-1.23856891488,-1.44900090135,-1.0870604014,-1.04029180634,-1.03375185037,0
0.636692402424,-0.00300598297937,-0.331016360927,-0.9442265522,-2.03534581876,-0.804014433251,-0.735328797261,-0.106842643686,-1.01465838493,0.745728459351,0
2.16724174708,1.87008932981,2.87027506215,1.87240852269,2.57615044535,2.13813615282,2.52038793436,0.710994218542,0.820099601777,1.79119215109,1
-0.0075540106559,-0.0449279187295,0.687373348784,1.06642865578,1.04710244441,0.973589977267,0.167600814603,0.00479262744332,0.107433570786,-1.09422861828,1
-0.797318342391,0.514783701379,0.64043777369,1.8011479193,2.40163747979,0.754508959441,0.561868404557,-0.62323210128,-1.60934480128,-1.04963711595,0
0.436943341781,0.489751484637,0.30013622341,-0.039306047765,-1.4453172227,-0.860104976468,-0.446897835865,-2.02596660796,-1.29086740301,-0.797771646417,0
-0.0791148484469,-0.0085923002874,-0.262220172252,-0.516582553889,-1.42547437471,-0.681022376042,0.403130361338,0.776085539674,1.11052479335,-0.110801290093,1
-0.45909763034,1.01436650958,-0.0678340534424,0.7420100302,1.01756378926,1.09634873833,0.172954206042,1.502769012,1.5755678178,1.96852032655,0
-1.16957305192,-0.288299472272,0.450206374591,-0.540968635762,-0.209911178995,-0.718389990265,-0.558807971106,0.733135144946,1.29625851936,0.222210156894,0
-1.36819723159,-0.812410371952,-0.000406853907988,-1.68052832887,-1.00045066364,-0.717764556526,-0.141743982047,0.758545208229,0.127364549711,0.531462779734,0
0.759908413704,0.167948707067,0.177053002179,0.115056987503,-0.328407757207,0.780360355101,1.10208985828,-0.66622067622,-1.4915749486,-0.458211784664,1
0.659139606026,0.796641587665,-0.677361881775,-0.838299502049,-0.88182940286,-1.07132583002,0.551859267296,0.326857203732,-0.489308297049,0.183005795454,0
-0.884862208916,-0.325418359203,0.167566234002,0.167689525791,0.913454716795,0.243954017978,-0.540006947543,-0.886743074985,-0.0437132753729,-0.144766921027,0
-1.08158319483,-0.458982614348,-1.21671893778,-0.962534236642,-0.812329174822,0.43307113495,-0.180276881293,-0.188189690888,-0.844788755609,-0.428432619776,0
0.360227348472,0.606742400516,-0.810391477389,-0.712625637945,-1.2475846493,-0.88423034562,-0.827399322041,-1.3677157627,-1.533685432,-2.20535730524,0
1.4284112584,1.28357106558,0.753503103766,1.15204958086,1.58862970202,1.59983233085,1.04094962254,0.546813900644,-0.136567823942,-0.500287184395,1
0.27321241017,0.744170786119,1.11583642641,1.25564873724,1.78784378131,1.14686333285,-0.296650386423,-0.351913654476,-0.684701991706,0.153150530204,1
1.07356313491,-0.626771894034,-0.881479986577,-0.326949227663,-1.32891323869,-0.269909562271,0.977032508518,0.436380418575,0.210651144388,0.365221478216,1
1.42316826367,0.30996707051,-0.536958347032,0.12937455431,1.74442876467,1.97832507569,0.950008895546,1.79498130917,0.597169487001,-0.615399955933,1
2.39896015068,1.91425133327,1.40984602715,1.46057781439,1.74481065029,0.550576389379,0.199356131952,0.534503755349,-0.038745755455,-0.578710975486,1
-1.54040880325,-1.68545392782,-0.957269766341,-0.515772629311,-0.225607853837,0.113152355355,-0.0602399322356,0.215715309554,-1.06383187625,0.129784534151,0
0.072756942982,0.0266607947119,-0.772398735494,0.468552326436,0.498523433852,0.24272818243,-0.16982560799,-0.578112744867,-1.18907871839,0.680360218924,0
-0.875529008173,-1.39735138018,-1.05899558895,-0.322209256501,-0.225853844276,-0.92082955657,0.472550272075,0.638785589001,1.27213412461,1.0021801721,0
-1.11947010256,-0.622899299609,0.0151528572304,-0.210609069582,-0.930551223695,-0.892168060795,-0.466070084496,-1.2529019027,-1.68909543122,-1.43980544789,0
1.085754031,1.76944038968,1.72773800358,0.995138900348,1.70817089129,1.48022691795,1.7595145691,2.24905393493,1.43017326804,0.51949395196,1
0.873691210348,1.53963903279,1.23952783353,1.29212782009,-0.308153340778,-1.55017782117,-1.39714219257,0.241727393037,0.313213434253,1.32756432621,1
-1.04230817009,0.112656506013,0.129596177449,0.0598665456317,-0.848407376508,-0.0324313549031,0.200136706972,-0.785218702573,-0.703924653924,-0.426557011639,0
-1.49206488165,-0.535268074332,-0.650318091826,-0.483457040128,-0.494910455184,-0.896436690899,-0.867415318444,-1.84967283567,-1.38664491051,-1.51735570584,0
-0.642473286986,-0.977375885766,-1.40464825696,0.193242242586,0.380080459186,0.109326455515,0.790394345255,2.02393706475,1.98909551839,0.605116117704,0
-0.664524175976,-0.518240852872,-0.472504087299,-0.748492876868,-0.689663707645,-0.446065240774,-2.04313821349,-1.69110085993,-0.222823183464,-0.65234142029,0
0.777187874934,-0.108744864653,-0.228889176306,0.837955536208,0.166350722326,0.165494102492,0.167579747933,0.423338107191,0.557946130733,-0.775921175502,1
1.20774602756,0.163500841964,0.916087250998,0.217995528372,-0.648556963338,-0.874121902307,-1.1350730379,0.373374908718,-1.16254685937,0.0438324152752,1
0.85121323651,-0.491627898708,-1.09618888954,-1.37024325937,-0.800853405487,0.985742883254,1.35281158126,1.03007443755,0.224506231429,2.29233151457,1
-1.06394008929,-1.23459576416,-0.439983698597,-0.301041547365,0.177758256704,-0.245558953487,-0.767798322795,0.404157252814,0.296265167398,0.486592359261,0
-0.427040002951,-0.375804192194,-1.38231062174,-0.738171450377,-1.8572685059,-0.991245943361,-0.072182153583,0.155563180459,0.474432337458,1.37215035707,0
-0.853951338035,-0.817900312927,-0.524903586694,-0.417450398829,-0.922067141836,0.577760173275,0.756000010067,1.320974546,1.41858226695,1.31586685332,0
0.147827430662,0.780733001808,0.989914046344,-0.413198037203,-0.322576064961,-0.354120512908,-0.757458104047,-0.734354412634,0.578938862332,-0.892684793038,0
0.271492487677,1.02439707808,0.754181649917,0.568640712095,0.865233013806,0.123732243021,0.272354250324,0.424114478521,0.978489664689,0.917169955713,1
-0.0290474594643,-0.474425148116,-0.198740566913,0.455505602152,0.36124953119,0.345673341347,-0.573490787053,-1.78317563079,-1.51686965658,-0.933073888601,0
-0.747633574082,0.723751038515,0.328312996684,1.34021441428,2.27518117315,1.92661813059,1.70929978497,2.1039514064,1.96989146019,1.44340122229,0
-0.988713648921,0.157176168887,1.8634545487,2.33976854466,1.96167027376,0.59708010126,0.881313259623,2.54665150569,1.53742863427,0.537636652923,1
-0.349277893445,-1.32610936008,-0.869362599851,-1.06734386483,0.428016894609,0.493438522616,0.639969514892,1.34362032882,0.938572610915,0.927955641927,0
-1.07890388979,-0.317504029487,-0.0821343446387,-1.29277666567,-0.870518185321,-1.00456085053,-0.286629707112,-0.550897557641,0.396577397897,-0.216554850336,0
-1.22102247019,0.555231183979,-0.0737294619986,0.671565687094,0.154394356088,-0.0688093807722,0.31372044536,-0.670528589757,0.00725671056595,-0.78665441754,0
-0.812453558386,-0.0770913243007,-0.335200303856,-1.05179312037,-0.435009907746,0.0270024515462,-0.446747862996,-0.65290856343,0.482294945569,0.281793305822,0
-0.28265389379,-1.08469008539,-0.586404295246,-1.08019254753,-0.935558115932,-0.934079795245,-1.05896274506,0.0370005703239,-0.195690270701,1.10650516876,1
-0.25314482642,-0.290865991092,-0.560522932068,-0.125858057519,1.18156219308,0.427147466247,-0.223424563447,0.511121022787,0.413040732366,1.80639200353,0
-0.522102407803,-0.734254923826,-1.68256829928,-1.37377527136,0.694604418772,-0.00413199857912,-0.241890305128,-0.362426546968,-0.829849138066,0.33331759782,0
0.795412858793,0.636456455083,1.02242607737,1.06121065536,0.982612616642,-0.218332391032,1.00410836824,0.886989535635,0.345443322333,1.09836658956,1
0.504151052444,0.0877959330327,1.3686420649,1.07545051107,0.238764302077,-1.04534660464,-0.519585237052,-2.38671031454,-2.23456987491,-1.04075821738,1
1.30375004198,1.09618143119,-0.189424654692,-0.45676214108,-2.05232583985,-3.30723888132,-2.66620756141,-1.40750258785,-0.689590756004,0.372004295226,1
0.110181207383,-0.648406140572,-1.37640204642,0.00177730881052,0.636573424977,0.929200374105,0.9037772066,0.751986893104,-0.606554712251,-0.737917798901,1
0.893477906537,1.36167636991,0.8888147116,0.651481800505,0.233410131422,1.23151222789,1.86271592263,1.27084752088,0.753501200772,0.879551481703,1
0.850518898361,0.442485827278,0.304505354691,-0.437830336701,-1.05618914493,-0.648487007982,-0.490409009338,-0.431625686535,-0.767083032246,0.182342092957,1
2.23172453774,1.0077915203,0.782561643006,-0.292768190825,0.156205155785,0.252826271222,0.166383840705,0.577820852078,1.11318532882,1.09966852437,1
0.186303795768,-0.658817969753,-0.491503296911,0.297392523883,0.782400903935,-0.433623701745,0.401942631527,0.666591942624,2.41564269206,1.76493752326,0
0.0566412209282,-0.380850113091,0.588140290366,0.683325078271,0.569452445754,-0.438640662962,0.501760108818,0.271447323922,-0.179683161395,0.849173507084,0
0.796007158346,0.697406725426,0.142243705272,0.361842978273,0.12612717026,-1.5385198595,-0.483294950092,-0.397064789421,-0.926371268854,-1.69503357002,1
0.744815167924,0.200243066076,-1.59918300207,-1.93564392227,0.00118654749786,-0.935979526229,-0.804256550296,0.255693735592,1.15663026342,0.346784573505,0
0.210285448983,0.635909396116,1.30106093923,1.52982654,0.736306368115,0.350724363851,1.0933383251,0.321707906025,0.0336588828792,-0.140514178344,1
-1.06201009657,-0.421111944638,0.0685182387214,0.0931627470014,-0.212700280675,-0.132183658721,-0.594941961048,-0.233893264309,0.715813922199,0.141128390654,0
0.644008740553,0.632461583936,1.02648594125,0.800248604733,0.340276510956,0.755685188157,0.396393216107,0.23482628793,-0.217200738913,-0.738369236637,1
0.3572680457,0.386579799158,-0.548812059523,-0.24288692849,0.319508620709,0.28392050031,0.0812068089413,-0.017336724969,0.388456699601,0.28361381381,0
