x1,x2,x3,x4,x5,x6,x7,x8,x9,x10,target
1.01194645759,-0.393553033625,0.620502744997,-1.51634130983,2.23374732515,-1.44024839939,-4.25964425712,0.914048478449,1.3521903603,-1.90943456101,3.70942831556
1.00099963573,1.13921831991,1.55782048556,0.597886936104,-1.63959413687,-1.14060500492,0.901991964593,1.72157836135,-1.15026880208,2.0309907764,5.82449089492
-1.06010747193,-1.01569323527,0.605957837563,-0.564809628389,-1.31109177972,3.2803503942,1.24079235219,-0.867397380567,1.69710039628,-7.78502238456,0.556552597416
-2.95697470938,-2.82597194374,-2.56004794638,0.994860728824,0.461232506986,1.71273978479,0.605570412078,-0.467106881745,-6.34036709659,-11.3874397685,1.12451590609
0.0502483025066,-0.0724567705987,-0.302934416794,0.457635654085,-0.471174388331,1.10789316606,-0.546605284664,0.706831539637,0.142351458091,0.639064568834,1.25155174679
0.000711246515352,0.200451542347,-0.171550217405,0.265920567794,0.629171252808,0.173634668332,0.335441234406,0.536446076776,-0.271765935554,0.081773621516,-0.86906670548
-0.337717275003,-1.72833389514,1.17201704819,-0.550994464587,0.31188688015,0.284211372978,-1.47227941256,1.22100840872,1.65462454982,0.814066617474,5.13590947552
-1.25033420177,3.06033901244,0.450853405165,0.141027534956,-1.81881692795,-0.658207236049,2.05118439203,-1.46700542539,0.209654433033,-2.93926842593,-3.72148366443
-0.51060502314,0.38224763387,1.43810031394,-1.3108087446,-0.800247732669,-1.87312627412,0.319962076591,-4.36346145752,-1.71108727398,-3.02934014416,-2.97834967998
-0.0200986891836,0.108643046541,0.379827222505,0.103742985519,0.0931726774261,0.872198788413,-0.246763018543,0.238355539418,1.04395761756,0.720470857969,0.931202991665
-0.296354235592,-0.190989181391,0.540134751113,-0.562376567981,-0.129010251996,-1.47662997637,-1.62820628332,2.29447345904,2.5456155776,-1.13394120434,0.233697513567
-1.18360447057,0.381230808154,3.7433616152,0.941461300622,0.2326460034,0.110913985344,-2.79636676485,1.53648577664,-2.36912762654,-0.55892115752,0.132041107661
0.194647684018,-0.202005246722,0.587270071001,0.535743815012,0.672655924189,1.49887227138,1.07787949565,2.12213746274,0.565325974264,1.4493958301,2.32156246981
2.17755436063,1.09926906612,0.643269277655,-1.28313993189,-0.516652946673,1.13287572549,4.51302222153,1.68363480292,-1.27623733539,4.39938494589,4.4947030405
0.528565543178,-0.21639606465,1.30144575988,-0.393453606491,1.04488158356,3.25387803961,1.01344308812,-1.81187269288,-0.972892399932,-2.55876775298,3.3858000999
-0.083973497561,0.196917882454,-0.280074244052,-0.325202092741,1.56086956362,0.187544236733,-0.791699530924,2.00511920727,0.620692150871,2.39036650345,-0.993671535423
0.199889028043,0.32531394552,0.5181272367,0.245912016946,0.941923540095,0.695715609743,0.41881684124,0.319001646818,1.75974350388,1.84569096044,0.432283820571
0.0746721049727,-0.105042934813,0.0244165245488,0.0991386045684,-0.0552133025734,0.403754854189,-0.772318212408,0.327178774755,-0.565621079517,1.28302171273,1.57265678738
-0.0510345472858,0.40099401673,-1.11621948323,-0.139272856076,0.1569899051,0.402271212872,-0.264250593568,-0.769335413869,-0.428854543922,0.59751208115,-2.85720724266
0.691423636669,-1.47985013027,0.947560287403,-1.29959997966,-2.35813502643,-3.02706088665,0.519213610487,-0.948925515925,0.506892477741,-4.34288489222,7.08974968566
0.101706676038,-0.00567271271987,0.673004411678,0.267860088926,0.130203464366,-1.51493909592,-0.276222810921,-0.127427587894,-0.44076530301,0.32509828149,0.523459202368
0.390594734694,0.681612663949,-0.71246216809,-0.0878540920468,0.594781463048,-0.0096771473588,0.453851052699,-0.961627408468,-3.64020507121,2.84414224211,-0.511455413229
-0.0590243043447,0.0467868053141,-0.195313272032,-0.267664476217,1.58644777076,-1.36601525152,-0.867654923878,-0.166216806337,0.21453864762,-0.0380843807343,-1.87683193614
-0.396726665543,0.775260949678,0.040351782716,0.934526938173,1.4000313083,0.143368002222,-2.214044289,-2.47902698721,-0.52606248278,1.49319762996,-2.71504154259
-1.74703679385,-1.06715737589,-1.46775445746,1.37897974341,-1.56012590986,1.15978816103,1.07789021975,-2.20968005501,-3.29421005196,5.58406931064,-2.27112003784
-0.00285523966581,-0.0648327917819,-0.247199176123,0.182599309942,0.304009430904,0.309485523508,-1.12544365802,0.489913222737,-0.455668382547,-1.2622710501,0.348504738993
-0.13998764156,-0.0117729474349,0.567610966732,0.123077000421,-0.203152427329,-0.228973013734,1.67008303766,-0.310781209486,0.00705499627364,-0.544011785624,-0.0181922911466
0.104879450528,-0.277330199488,-0.75452135449,0.297294401021,-0.0933620539861,-0.100853541671,-2.19673473369,1.16358992386,-0.364052740258,0.235435011098,1.25939635502
0.14200412972,0.353254937658,-0.918765792988,1.02973098486,-1.41465888563,-0.957460551546,-0.371892578222,-0.844091719093,1.058410903,1.591258423,0.538774156363
1.02965312745,1.94784442213,-0.237484230602,-2.4765326351,-0.279371210829,4.79760148828,2.42210478289,-1.89628794551,0.833388858383,5.36295910969,1.11363485215
-0.180175182039,0.795562960339,-0.326176871121,-0.33426282005,0.440711062116,0.33625069467,1.0013370496,-0.911344353019,-2.24603510778,-4.01188876788,-2.56928106701
-0.0272348698998,0.0525812629201,-0.196919311594,1.15903804753,1.49167517507,-0.526189210719,0.44649424345,0.0447880205655,0.462576629411,-1.56776087913,0.0942482283514
-0.384382722503,0.129536453546,0.0872221102544,0.710652725611,0.221646792294,-1.90945536005,1.97277124242,-0.330501768806,-0.0678235416968,-1.61235936427,-2.77628404218
0.186032993383,-0.051752886567,0.219851177806,-0.635699955069,2.27134348594,0.621190394234,0.649448481326,-0.432202542319,-1.101625099,-3.17504985296,-0.679805013229
-0.0223792304629,-0.234397005329,-0.338928029066,0.206072786424,-0.0764717739735,-0.541909083382,0.605124035898,1.06069485372,1.56911297831,-0.589478030096,-0.0557564942845
1.70709678442,-1.39133783242,0.428120153951,-0.468253616554,-3.63503891382,-3.91079578542,0.956132839145,-7.02052338148,5.53108769646,3.67191776945,8.51233002684
-1.0275148005,-0.112266012603,0.270025839436,-0.376009377464,0.314682721831,0.642833595409,5.08266353692,-3.70125185208,2.20780140426,-7.73520757404,-4.71838431239
-1.08363837016,0.453586636588,-0.68820500583,1.10522819856,0.306029794831,1.90813416023,0.150038548696,0.499231083667,0.187292282627,-5.51084696012,-3.18688836203
0.301976818399,0.948330684517,0.176867757609,0.627875340475,0.349635592938,1.91587088033,1.30402995566,-0.927892859241,0.545058539435,-1.4284945131,-0.457887032231
0.0629708659947,0.113566883014,-0.774173579697,-0.141523852097,0.0359686433043,-0.721445915474,-0.395929756289,1.31986252165,-0.450696785763,1.39075948253,0.267462723059
0.151839738866,0.283705478974,0.0130210631449,-0.429650283708,1.1996103201,-0.289941249026,-0.212953991524,0.46288668385,-0.727103640451,-0.266156800457,-0.735370274857
0.461712783463,-0.0968939869912,-0.171586698415,-0.772905325175,1.71902432799,-0.876502430798,0.0445525751358,-0.284792995975,-0.712877149057,-0.524646388641,0.289305727346
-0.295520692453,0.0511415000366,0.772668814226,-0.353985592074,0.479345947179,0.186723855006,0.0763049898192,2.18534940054,-1.18380155678,-0.994401516987,-0.93042587913
0.0954209219426,0.451856877171,-0.15912197943,-0.538745024956,0.582481817729,-0.859261875203,-0.10297920842,-0.119398927553,0.285754972407,2.94812412788,-1.034933906
-3.20582485828,0.33215028811,-1.64472155936,-2.38953979112,-4.54820702072,-3.37570974848,-4.15408091483,4.13309272388,1.70576078643,-1.07468171485,-7.85722678334
0.20746093586,-0.44931018897,-0.0288410120686,-1.76651372015,1.43655769329,-0.829422486528,0.0572787201132,-1.86004908534,0.0256675213691,-1.40113097466,0.303234245198
-0.0645945807211,-0.248734898676,0.541488574011,-0.198589715551,-0.505549702184,-0.592635279301,-0.299964448264,-1.45522890314,-0.263826916098,-0.623462392527,0.549026930006
-0.483406010507,0.61945592201,1.28567972231,0.703158824098,-0.797964620908,2.35433855939,4.32494580669,0.405985380926,-4.01131207314,-2.08666594802,-0.535583967469
0.0275478952692,-0.171552711741,-0.127389346305,-0.568570330059,-0.00659164959749,-0.413955667263,-0.159786600048,0.968244847545,-0.557378428719,0.255350299312,0.192518688487
-0.662523636169,0.608522430191,1.4525598118,3.04202414535,0.234329991869,1.97465969477,0.702209470132,-2.98308064208,-2.21527843785,2.69684914481,-0.462064711274
-0.0238111485794,-0.33537272461,-0.0868332624809,-0.991859805644,-0.371266967024,-0.0214733166357,0.576077432148,0.066320452469,0.239195242436,-0.265876540351,-0.303996914773
-0.31175068254,0.380520183619,-0.745188786802,1.60092074254,-0.98546751678,-0.472960983591,1.32700771786,1.16925673801,-2.07222724147,-1.59555789657,-1.76143123122
-0.0100568540292,0.0318763863313,-0.0787312328166,-0.394484283672,-0.486230018745,0.403338081601,1.04176985687,0.67959479688,0.9096530922,0.190472856948,0.363450831214
-0.612836239149,0.179026264135,-1.73864144887,2.60654373221,2.48347758022,1.56238375513,-3.50680205896,-0.317750669659,-0.893971140636,2.11716031995,-3.13293531118
-0.492848929765,0.41630823043,-1.43008717279,0.732826675439,-0.458478140564,-1.2582167022,-0.564693804932,-1.93198166417,1.98104328936,2.79296240391,-3.74695895502
-0.269399803825,-0.158645243638,-1.44519567045,0.298705359094,-1.65345441401,-1.72383203652,-1.59475918009,-2.27435593108,0.316264153571,0.579976514621,-2.5110398863
0.106696617105,-0.155932046509,0.412217523526,0.504895911106,-0.322944364642,-1.29489328978,-0.861191197429,1.03232698058,-2.80925960987,-3.74793004385,1.1186078564
-0.246814508642,-1.44446310009,0.808637322823,-0.748011676806,-1.18856472751,0.004679562904,0.323036592934,0.416355878771,-0.220717620723,1.55550018974,3.74238524002
0.355356734464,0.261997479344,0.355279009504,-0.833331638087,1.93971663981,-0.481729018381,-0.712986757708,1.43013359974,-1.38237579386,-1.62538553808,-0.315979719774
0.387666832468,0.772843919817,0.203737363198,-0.214983581602,-1.02179913004,-0.987042952423,0.173817453546,-2.03706318409,1.9841667503,1.78493535018,0.146388505721
-0.39696548189,1.19811426498,0.193791587452,-0.454682641116,1.29823902554,-1.56639098454,0.32745969249,-2.03326086792,2.08190939002,-1.67563595357,-4.65525850431
-0.149056504037,0.179490648851,-0.135156086256,-0.952014300866,0.613683370916,-1.01268946598,0.890809901324,-1.33091561494,0.477404263841,-2.24006982963,-2.35341332248
-0.280575009874,1.02190990632,-0.293833947716,-0.691563567014,-0.445476058445,1.51345805664,-1.71265062157,1.8023338844,-1.62567614695,0.208625621148,-1.68508981767
-0.0494380338469,0.389633062629,0.440123851549,0.22467588609,-0.712780200856,0.534177652992,-0.558791095424,-0.741538776535,-1.67665696537,-3.77309053502,0.575820728767
-3.32325703903,0.43233186833,-0.500950922798,-0.662157825601,-7.77968843374,-3.8492369484,-0.439997436078,-0.736797555155,-0.678543502682,3.68023052051,-7.99727328138
-0.109484826982,0.101625850832,0.223021877075,-0.619911632991,-0.225854191459,-0.270996729694,0.522492034731,1.17067885536,-2.58586443727,0.836791809897,-1.6246511892
0.51317953895,-0.0675870222832,-0.0033874875389,-1.78277109797,1.61546824367,0.512592981075,1.73593604388,1.41407674646,-1.04070134141,-6.08441916273,0.233562452454
-1.44011477016,1.44445111771,1.1453879692,-0.580721785449,1.37393117233,-3.03174277861,1.98826999986,-1.91021593619,1.81596977362,-1.002604357,-6.8816483427
-1.18073014926,0.505592730905,0.0706355412094,0.564893426384,-0.218178490824,3.38642448227,2.08835758882,1.5541590304,3.29381451639,1.70666215372,-3.88269698319
-0.947060639845,-0.409483245051,-0.0910885993249,1.7433530781,1.39134660551,-4.09187758507,-0.41808541936,-3.45434930882,-5.74492445937,-4.82644137282,-4.61905028257
-3.77948618971,-2.99648415613,-2.39159483141,-1.51635008997,-3.78577717665,-2.26668047593,1.12122087631,8.81243313947,3.69003988688,3.63518663277,2.8944158317
-1.54039424338,-1.31743061267,0.782738149088,-1.56519471215,2.91159442105,1.99408950824,1.55933559856,-3.57644833119,2.71492399177,-3.26063002797,-3.69557409276
0.161539377979,-0.0214828607432,-0.916123350118,0.906120781108,-0.737311931213,1.91300918273,2.05693748801,-2.28171661899,-0.436891293737,1.81382386162,0.81469149299
0.578500815596,0.276794146545,-1.72041114491,1.25182635263,-1.67691448388,0.823385080726,-2.09879852795,-0.325356147463,-2.38309492802,-1.39035273349,3.04294738325
-1.39881524138,-0.707163853248,1.60084503513,0.764590019716,1.4052188708,-0.710502689578,1.23012461525,1.09254372093,-1.70084265687,-3.11789002958,-2.00547870674
-0.36321513355,0.0495138673587,-0.915944135421,-0.459530084232,2.84329164602,-3.05153743344,-0.499457036847,1.0719126962,0.978959874293,-1.72196599528,-3.97807301295
-0.10117853641,0.187981322365,0.580169333493,0.465765639467,0.00934396878547,1.23237125362,-1.63751194508,0.0496196629006,-0.128967381852,1.06542872295,-0.0223317955436
-0.510349548551,-0.342576124755,-1.75384300715,0.0431600692447,-0.578535519143,0.91625632621,-0.867767127574,-1.21141433497,-0.795030570882,-1.1541186793,-1.97975488586
0.697194472906,0.541938303922,0.174895502554,-0.470443114606,-0.639621268438,-0.866334148676,0.204934788427,4.18156810858,-3.6003862511,0.565920131683,3.14092025378
-4.36092069127,-2.59967079689,-5.29752306143,-2.22970687716,-3.26546909444,5.32354895367,-1.14853284285,-3.88242141321,9.19528760773,8.55159186222,-0.955378146006
-0.442158520261,0.392350807087,1.07154797424,-0.0463980992811,-1.51856724792,1.51358456329,1.54501312637,-0.735130570119,1.05945287173,-2.43477802771,-0.394490608433
0.338692489315,0.818439250899,0.124501112156,0.403447645501,0.301917901431,-1.08779394704,0.0973723885065,-1.16715564709,0.869905163606,0.307533034726,-0.522574393483
-0.207690877579,-0.195500344416,-1.23643265343,0.608974014735,-2.39043450317,1.80610706753,-0.761168539412,-1.29073899035,-1.59351556527,-0.372884962336,0.256367232065
0.0166271692063,-0.552826532491,-0.224633124187,0.00146616537324,-0.376300009684,0.398673494836,-0.39073505644,-0.343583525437,1.35518759713,-0.580633256061,1.39055463745
-0.0379041934542,0.647208717107,0.102881276978,-0.348519706002,0.305630774247,-0.187829585619,-1.75779664926,-1.15919747811,-0.0126907757514,-0.162628817664,-1.7575018091
0.255906910396,0.590302684325,0.479946658833,1.39464402397,0.882301678289,-1.03298624509,3.43168638298,1.70961917308,1.45488376153,2.56754915823,0.441478815081
0.0568134793612,-0.0741826069377,-1.14477310521,-0.210325735153,-1.84953373726,0.500700283295,-0.0398868974961,0.315389533854,-0.0801656412065,-0.088438868322,0.749643751539
0.78922413429,-0.467521637153,-2.04990077187,0.563091183923,-0.504316543689,4.59107121897,2.45977253325,-1.50167520978,2.25688492542,3.05222965132,4.27263883442
3.01900525441,-1.31047629088,0.490472415899,2.56986031706,3.43604210997,-7.6555336773,3.95534187405,0.179949824104,-4.24873882344,3.95647056702,7.76815280367
-0.0434393978486,0.0252155060411,-0.141814122271,-0.123275831574,0.251157467444,-0.352035099464,0.517333012516,-0.0656121771363,0.065509750569,-0.215343348086,-0.558004074751
0.281057972135,0.09009250808,0.579126600309,0.373114367354,0.277420439205,1.76085476873,0.843925188985,-1.43898301898,0.445605087771,-0.262135741891,1.80436853916
0.0774473830675,-0.940596261328,-0.58749775836,0.151972543594,0.105277084659,-0.360125297062,-1.90561983631,0.297071434091,-1.03048779773,-2.26322877548,1.88864481822
-0.888260994015,-0.787589267933,-2.71710387152,1.78047603909,-2.97653789412,1.04599163229,3.64454077304,0.235100231189,-3.97231398655,3.2415623945,-2.70842366407
-0.05507843253,0.240630382782,-0.179061361117,-0.0463546028309,0.608532956977,1.3057311022,0.0576042557143,-0.161568155663,0.169361530735,0.408487269616,-1.48475964065
-0.390385811284,-0.235096262731,0.660914207247,0.935638597144,-0.172948322663,-0.386155167914,0.326551436096,-0.46090673683,-2.55914441481,-4.11705393325,-0.304853296198
-0.147921388275,-0.213837966907,0.19608012228,0.649940975187,1.11614604999,0.614556759768,2.11602752691,-0.0781101514298,2.31461631985,-0.18147967555,-0.214023427304
0.17146954988,-0.322162463303,-0.903501509629,-0.680052772779,1.09782258365,-0.356671952257,0.967074452559,0.329946278062,-1.65484924294,-1.69144406696,-1.25875845084
-0.0410289549984,0.128530660105,-0.471348354197,0.331765671883,1.52903144399,-0.448945184887,-0.681309015388,-0.0804908588072,0.439307092191,0.269405128302,-0.644193684315
0.0389359004019,-0.0891179601833,-0.87086575475,-1.16612359126,-1.1150138595,-0.384268327136,0.432988810448,-0.731105647714,1.77888185447,-0.0598918981328,-0.260863275151
-1.35716874913,0.329240252923,-1.77188085946,-0.50411487776,-1.28725407834,-0.0858075110647,0.240722665918,-0.651434913752,-1.97597738354,4.8988109881,-7.20136175739
-0.354809544865,0.107658042359,-1.95186718848,0.996851410364,-0.710563383811,0.313173242967,-2.74067323266,1.18521530179,2.894783154,-1.15903293748,-0.964367769104
-0.722600035436,-0.19652460131,-0.75161588935,-1.59893617682,0.916454549515,-0.917239695906,-2.0450751036,0.647500619191,5.74494932058,0.512965443179,-4.48788622517
1.54473344489,0.428943054199,-2.11542030346,0.256377627624,-5.13996614264,0.178694079749,1.02683355459,0.361701561739,-1.31553108188,0.186273310791,5.1270121559
0.252246318252,-0.183896468626,0.0280362846691,-0.697300066101,0.295920421583,-0.370770773271,-1.08062061718,1.12297261379,-0.659292444416,-0.379316913418,1.50315062763
0.348023516062,-0.117770656855,-0.267860236329,0.227167002051,-1.27602493582,-1.00717804833,-1.67912229275,3.56567975372,3.33466827463,-1.89055480135,3.57502556873
-0.0532079149308,0.0459865764676,-0.464287400595,0.864438810943,0.0212095684526,-0.907513851664,-0.712402770344,-0.431630468647,-1.27953407859,0.682900333806,-0.15158594204
0.0156807797104,-0.188906160133,-0.183302084424,0.0688492998412,0.154920418672,0.572881724819,0.0675770132048,-0.855993261966,-1.21394729788,-0.130626071312,-0.418101741431
0.473751272042,0.0976884755049,-0.336461525008,-1.41811411053,-0.129656702996,-0.675790421093,0.301344093749,1.49220211578,2.30505535688,1.88576076277,0.0509026154019
-0.366009474211,-0.0425143955156,1.53351793955,-0.489667215309,-0.0673842805509,0.839330600026,1.88440611826,1.12556752859,1.59474017636,1.31674423578,0.499988485205
0.625720530132,-0.564466211342,1.29936233155,0.59192061401,0.957905428532,-0.983322719377,1.97914589627,2.27268442785,0.237040485119,-3.37318396755,4.17074577244
0.0462597481784,0.455151809783,-0.110445445372,1.04837694394,-0.36128079429,0.354725285773,-0.44884952891,1.07020339312,0.277450975753,0.574391765375,0.581456064236
0.635164082289,-0.104222966244,-1.1362403071,1.29979592194,-0.551602555691,-0.763803278959,1.62673455353,-0.621355794345,-4.19678391268,-2.62890665017,1.67984897801
-0.744830644978,0.871215556371,-0.542844195605,0.372873459178,-1.04472561015,2.11929486615,4.25678363567,2.8919239163,-1.84243144001,1.26631274521,-3.95207485303
0.157763587522,0.189797491366,0.0113504171195,-0.695826966364,-0.732170550302,0.729629257026,-0.811859159409,-0.182119240885,0.189621916852,-0.745340196607,0.46897539513
-0.0221013170186,-0.0230032548658,0.5420581149,-0.818034839639,-1.2860594617,-0.243173148774,1.25967953397,-0.4741946505,0.278031964029,-0.566519699449,-0.110377930687
0.00629862813869,0.177675509804,-0.089570051147,-0.121022876696,-0.527024076496,-0.332055095539,0.0574724072217,-0.112748870749,0.48053237345,-0.166801277614,-0.348965247366
-0.0662264703668,0.103326790885,-0.316791905434,0.737730354017,0.364685987045,-1.30721699158,0.939672480907,0.866549051299,-0.153006541525,-1.1882460243,-1.34998676669
-0.22130381824,-0.0853410095545,-0.418331442916,0.0505396326413,1.15782384771,1.44292508536,0.933773571767,1.45406546664,-0.429131500964,1.41618509242,-1.01777795542
-0.495220624429,-0.411390350354,0.89944913938,-1.4510237548,-1.78000361635,0.499521294653,1.19289712675,-0.756619517119,-0.32693063404,-0.237182438164,-0.798633755517
-2.07702787718,3.22775121264,0.908074661906,-2.42237235532,-3.73620034875,2.40074042967,4.48032573952,6.20192219051,8.35426160147,-4.81141444839,-2.96027197735
0.577203468225,-0.966061315063,1.37375507941,-0.971804734699,-0.0439979358472,1.63195017334,0.00225275481846,-0.226107836036,2.18874719681,-2.39676565865,6.40199569904
-1.25424317589,-1.57975762852,2.01733395532,-1.52099340987,-0.261837123337,-0.0334994809284,-1.03344166899,1.00790020168,2.68983922539,-1.96295675377,1.83352126972
-0.0169071626701,-0.0537139400071,-0.260692026219,-0.186219802246,-0.681869037442,-0.0775122092791,0.319658256874,0.42429179222,-0.881543822612,-0.822102496926,-1.10497607806
1.4318959556,-0.917962686265,0.842842127456,0.84641010167,-3.19348204455,-0.854185956961,-3.25086083304,0.453690006109,6.22861099703,-0.430221527355,11.1413466977
-0.0569208692486,-0.146196504514,0.372870312159,-0.137595306139,-0.0412304173127,0.984830215741,0.483903684228,-0.113971874235,0.0146070557937,-0.909863890281,0.489160821171
-0.620927526828,0.491348982496,-0.841518845305,0.319490648952,-0.374022304173,0.858141680657,2.23980201873,-0.588281585294,-2.55371873988,5.8258105981,-5.12929093957
-2.69281367748,0.720644258331,4.80445703168,-2.44143614319,-1.91981511961,5.17579244504,3.74100253127,-1.58567818621,2.54804756566,0.539887654176,-3.73786224852
0.232145612546,0.591567080158,0.399756731741,0.180850498514,1.28947912575,-0.39728957418,-1.5794990401,-1.58016755701,-0.41425490053,1.53466430849,-0.631973273108
0.0489009224426,0.224316272559,0.356334660174,0.762035683993,-0.184652675655,0.307428532458,1.21359203191,-0.700960870127,0.449077840315,-0.585041826531,0.956557546096
-0.400345268488,0.535244384794,-0.682666023909,-0.229492481782,-0.257735645941,-0.19467023849,1.64633792068,0.40576160921,-1.54793649807,-0.797662097847,-3.69945159346
-1.0812988928,-1.62864389692,-0.0390684471184,-3.04177293849,-3.13719526901,5.30275315136,2.54268049069,-2.0002672956,-4.62519823557,-1.01269685801,0.794524028129
-0.117473663739,-0.203771580515,-1.19211670769,-0.237416967083,-0.263868532807,0.731031892335,0.349155398932,1.68566971697,-1.40482832777,2.03734283427,-2.04496960551
-0.611257969266,0.795905935375,0.825449911299,-1.07729979678,1.50707893001,-0.00475923507512,-0.185671322882,1.08266198256,-4.32333981886,-0.917102723904,-3.9430901843
-0.0454596725982,0.067494853611,-0.767979464117,0.560297144086,0.365036258766,-0.27255218392,-1.26922300722,-0.554905824065,0.095693639007,1.10457425364,-0.535984166458
-1.51280874231,1.6946261881,0.818456282114,1.06856313138,-3.86616498628,-0.0974581457987,1.56519434247,2.98669018367,-5.46820874486,-5.62208061269,-3.37727534473
0.310573511198,0.00278941944489,-0.789931948573,-0.441176283129,-1.35970447562,2.3576398772,-0.974668443462,0.732029375036,-0.0899970056869,4.84112940229,1.96735493733
0.531369238872,0.382181035301,-0.597337600415,0.612120146887,-0.161132923373,0.569136553742,1.75808689597,-0.826619482632,4.48868509539,-2.93548552179,1.69347746134
-0.255526391389,0.880390546115,0.177591883362,0.815336976289,-0.585512989591,0.215034497155,-0.823544522666,-1.08260839902,1.00195173343,-0.0054152130721,-1.45867085764
-0.0846202299649,-0.0539491223087,-0.413320917196,1.12413972084,0.915788723929,-0.393705238945,-0.0952540940472,-1.97613567653,-0.319567590908,-0.238268771446,-0.98536378287
3.82663486773,-0.313161927734,-0.985128719173,-2.66486537249,0.682593373386,-0.115686338755,3.85117332036,-3.44264603892,-1.46959181408,-4.58795224603,4.2053078404
4.43243606007,-2.11038339065,-4.08718355345,1.95734265465,5.91638113625,-0.0272993928744,2.54743381556,-12.0170252212,2.38852176465,2.92945646435,6.27566148484
0.183495401813,-0.00611856160333,1.37167219717,-0.193590232803,-0.719286031837,0.461792137285,0.0557356104604,-0.234152605276,2.83525419551,3.52131908456,2.39557899205
0.230867641038,0.597756845716,0.522046559097,1.00256234807,-0.399985461528,-0.359557610452,0.185929883781,-0.626078323858,2.72396835783,2.26777343451,0.946699882519
-1.08544946966,0.45888770496,1.62873689063,-0.440448028838,2.65784499567,0.21203004491,-0.183877929048,0.255491181709,2.19157525396,3.43725338513,-3.78835739914
-0.0189187956684,-0.339002586821,-0.0614702005556,-0.054116591018,0.309833257386,1.31901334289,-0.301842689475,0.870822183065,-0.13906611204,-0.230522756494,1.11608323899
0.0108340707149,-0.480784956532,0.0119486984812,-0.211075219171,0.905948553224,-0.327835821975,0.0868669801854,0.171395496449,-0.489118036712,0.524491961481,0.384180388907
0.038902984526,0.243901658901,0.0727294899924,0.19991809289,1.09754237848,0.161069243395,-1.02066427814,0.18945876986,-1.32979756489,-0.336090105483,-1.81847934195
-1.59460439179,-1.85914502524,-0.712006046975,0.033529679839,4.01460478667,-1.3399980433,7.93325304184,0.802505143154,5.460781932,3.52286203018,-3.41346344069
0.791493605558,-0.923013202483,1.30169724989,-0.132175687589,1.25758368362,-2.04388851832,0.539203973409,-1.71280491821,1.55866017243,2.34618819185,5.07136932722
0.0959454603277,-0.202609375863,-0.173221941512,-0.577705709582,-0.421636920573,0.156365010333,-0.201372874332,-0.761621256826,0.935336754509,-0.443195773943,-0.0959685293891
-0.640655737648,-0.421031149555,-0.37004882177,-0.952165092675,0.291188598433,-0.0895236667324,0.0919517014725,-0.912266402309,1.6362181811,2.51991172783,-2.50510194403
-0.448583539083,0.224181634799,-0.180415224981,1.91165502187,-1.35454296246,0.688503411991,1.93473010341,4.44751525552,2.02664104255,-1.26467305931,-0.240924160447
-0.0799383368302,0.714698262307,0.011404438185,-0.583590002403,-0.801492047397,0.361287466724,-0.0221370616651,1.91338419257,-0.48279394418,-1.43221004086,-0.996060094942
0.874788791648,0.380702705316,-0.326415261368,-2.46407299203,-1.04087023688,-1.05190479899,-1.02033741656,-7.16658391268,0.958958767127,7.32820811078,-0.216860411031
0.74216478886,-0.290367308617,1.17346368416,0.0301608685784,0.943797093772,3.23856303427,-0.601673990578,2.1309383371,2.51762924427,-1.3696550884,6.56748895216
-0.125684212868,-0.0823491909044,0.598266725129,0.988265551597,1.09001428366,-1.5290986585,-0.388142947646,0.539031190125,-1.12913494212,2.40847794152,0.13308352279
-0.0106976453612,0.441787375605,-0.480210407164,-0.050533748312,-0.682254765835,0.711465053942,-1.89937906032,0.584336499159,-0.24503093029,0.573423761855,-0.335517730877
-0.0749701474307,-0.0333790301479,-1.0204939722,0.0311751648254,-0.657272762222,0.806263531458,-0.557734603119,0.363575366069,0.360057252533,1.17352785716,-0.94987332291
0.0409876592394,-0.426925844393,0.69347464374,-0.0929163842259,-0.868458044919,-0.5239554192,-1.03151607948,0.0699462731207,0.411130484629,-1.31398135358,1.64845382305
0.164267956253,0.025175536669,-0.896827331456,-0.268661191417,-0.0618189179718,-0.943699384397,-1.90741562486,1.11682225438,0.685123805629,-1.35234917235,-0.345594063225
1.9814413445,1.47585533072,1.83790870152,-3.68369035413,-3.40628046459,-3.15834545355,0.799206485669,-1.26067443438,-2.14336734759,-2.268060707,4.17023052115
-0.637228789438,-0.70778311827,1.19073585662,-0.859033536706,0.497147023325,2.76513140431,1.45458316562,2.65423548996,-3.71564476382,4.03795869555,-0.158492149501
0.425373960227,0.172150886223,-0.387213301116,1.23371787483,0.60351253468,-1.29859797652,-1.73016469167,-1.14021967839,3.68683247063,-0.359580256617,2.01419742572
0.180969052722,-0.179429366438,-0.216571982932,0.360400185232,-0.130985486874,-0.866908982759,-1.11169950272,1.0730723435,1.12401437116,-2.40409889466,2.21258169204
-0.030524355994,0.0693789603987,0.202870634167,-0.450932706466,0.148974715062,0.718237977329,-0.110979278823,-0.230514508646,1.06336097565,0.502318866679,0.237964935827
0.042944973709,-0.358823112691,-0.721920256225,0.43428282052,-0.125164886367,-0.612044999278,0.362004298094,0.234657264481,0.883573367143,-0.327560752688,0.702936889424
1.08898809393,-0.880778544275,0.280002758597,-0.023998419522,1.27829485193,0.50543539297,1.11784460621,2.86721912349,-5.15071661244,-4.4287387093,7.18891581241
0.264087398078,-0.560875045556,-2.02376856652,-0.269014572204,-0.185876716186,1.26528698401,-0.327466019456,1.6592069037,-2.07747892002,1.36008127766,1.08823018856
1.69683810448,1.45607653109,-1.09867950278,-0.327738635034,0.0701134804041,0.0666211858453,-1.03539576963,5.28218689722,8.63313664371,5.68045161919,4.56085478071
0.222197087677,-0.000375842131112,0.610687755048,0.936893007057,-0.95588144421,1.20748925028,-0.596661496015,-0.550810659472,1.40050074672,-0.923856778297,2.72280954999
0.154802552385,-0.250002899804,-0.0217642238564,1.44024215729,-0.0776901079711,1.02059293165,2.24414174448,-1.20335472509,-1.68851381771,1.20349164847,1.20962607743
1.13709096246,-0.254967836809,-0.0656092799058,1.38050339857,2.82859181586,-4.53613759611,2.28882949761,2.30242516095,1.57610812458,-2.61028496719,2.55314425964
3.56514222915,-1.53156828514,-3.76580043404,3.01421107348,-4.90070344317,5.75161992576,0.87029391495,1.91433649052,-1.05559769924,1.02086415142,14.6103664371
-0.098537882525,-0.480636974894,0.358735889897,-0.209241875034,-0.661098235164,-0.648420402541,0.134539572138,-1.12913418603,-0.391636934969,-0.550857974144,1.06249952229
-0.405657229953,-0.284826504974,0.0954068147221,0.805602624598,-2.5337665808,-1.11369054882,-0.268792411473,0.899379489144,1.13982819604,-0.350419932183,0.648613035941
-0.0458214793785,0.112896172006,0.0386184544156,-0.0956855306675,0.649290640601,1.07107407542,-1.20889924791,-0.303281544864,-0.350227621248,1.45150113203,-0.829489860559
0.0143079116083,0.00263740198288,1.09944804423,-0.429499949886,0.0947077346724,0.603933203041,-0.382246627515,-0.134878860583,-0.390556223123,-0.136637029955,0.337925675025
-0.773184833218,1.78937773207,1.24263123421,0.697413884634,-3.43023607549,-2.21477717912,-2.06015232409,1.39085331743,2.23022660757,-2.72895599191,-0.646984900519
0.691880120543,-0.446214848309,-0.00753630158319,-1.42552459736,-2.90453358283,-0.974057958733,1.12571816795,-1.37590425627,0.72260843626,-1.34579621897,2.70408249816
0.674102916553,1.56967662904,0.0992644965069,-0.347526619897,-2.05907276434,0.296157138095,-0.667252728988,1.29283511374,0.133705499997,-0.301783228458,2.17069810392
0.56504324565,-0.338184088841,0.320464278407,-1.60662971757,0.0745587711316,-1.81297653048,0.453946648971,-1.22104437146,1.7791551941,3.22742524932,1.89228385175
-0.470328042867,0.38563394588,0.94548626635,-0.106207380816,-0.141535031823,2.1340572958,4.73456482618,-2.14992547652,1.02901976483,1.50348175389,-2.50004920527
0.0273391502462,-0.0516043038238,-0.0967477014348,0.590738540776,0.27067631256,-0.948180295432,0.0224535213039,-0.657975394042,-0.165973644791,0.647818870823,0.21438150924
-0.892839160517,-0.960340263175,0.150852086881,-1.13220811952,-0.265703047798,1.02191742473,-2.73010833871,0.00601775781679,-1.98132525871,0.0500129756922,0.0953026705518
0.205960089896,0.540194547628,0.36345992241,0.643298685705,1.21003665297,-3.51937233477,-0.873711362051,-0.757644790649,-1.46195755839,-0.0911419107721,-1.72532392775
-1.28963551286,1.05537429998,1.35576469831,-0.0300155047047,2.06723592813,0.808842325626,0.697270528598,-4.01716140605,-0.0222712667017,5.46064284119,-7.45152374128
-0.242898868577,-0.307915897989,1.32661917334,0.876788004239,0.426241648782,-2.06163818384,-1.08654689071,1.83619320946,-1.06752759736,-2.39703425608,1.10776967718
-0.020994263734,0.0940426157726,0.498095267995,-0.432422112618,-0.0115100737533,0.00163592102709,0.118947367451,-0.400566892179,1.20140317697,-0.728250769545,0.0976001535618
-0.0806061181369,0.255659916451,0.0870657535761,0.687539808613,-0.185057658086,0.0623564652316,0.474272144411,-0.211270454616,1.60575030019,0.939993688562,0.144157861049
1.62006618273,-1.51272450247,1.2068925395,1.04022781308,1.54969131447,-1.34562377878,0.369445761701,-6.51450937007,-4.69780999641,6.90350368344,8.55484968258
0.608409809189,0.213538442917,0.0595976221584,-0.912536143685,0.534499611344,2.91341677312,0.320994753668,-3.33463332718,0.051248791509,-0.32949228578,1.71827017653
-2.38626555963,0.759683543106,-0.390570066059,-1.50994150807,0.0714959231414,-0.276040446817,4.08181388815,-2.59714500151,-0.717020924474,6.7098080569,-10.8924441225
-0.928553898551,-0.153642258809,0.454229977238,-0.561778569516,3.64043672262,-1.87933919178,1.87709397555,1.45602916643,-2.58240402353,0.0398770886324,-6.29280863894
0.00969301383842,-0.0345771390681,0.27918241226,-0.0633491118787,-0.173546827918,-0.201009083926,-0.854360760524,2.12485431156,-0.396688634424,-1.77797918442,0.96560979422
0.14903029933,0.298999144332,0.157717089425,-0.644251303894,0.622860916984,0.970403621834,-0.896084998971,-1.22648145088,0.454714247376,-0.0401468972571,-0.310934199034
-0.175263119397,-0.309629610976,0.866866285942,0.849303791795,-0.088471546842,-0.468924901678,-0.918015813918,0.862294498612,1.62734354287,-0.679549944085,1.76079355513
-2.09270899969,-0.200165518792,0.583777317646,-0.277334139556,0.174588081112,-3.58335180983,1.97111981113,0.184068349176,1.29924879273,-2.56226860294,-7.28060354414
-0.0892863026864,0.0790987675547,-0.443187753753,-0.138055475146,0.0159999299943,-1.81782697046,-0.755744196908,-0.392989844754,1.29907574332,-0.187259045419,-2.22049359585
0.150777679681,-0.616394675215,0.45260736453,-0.405087475241,-0.0127763424907,0.926132387692,0.265193507083,0.192830679855,0.154273000454,1.30101611563,2.65501098531
0.500481802265,1.10370648151,-0.695698605982,0.997376179952,-2.77460864809,-2.12049364686,-1.95840085875,1.08301247865,-0.268819858311,0.675352179559,2.11647894993
-0.523612876702,0.827497598587,-1.04725318819,0.812398964935,2.26283787753,1.48945437746,-3.20217376032,-3.14483257405,-0.607715961178,6.10637599663,-5.19439774453
2.06269120705,-0.183940127895,-1.24140478843,0.77847952452,-5.30815304052,-3.59627049436,0.139924555257,1.73258358337,-0.697017697168,2.61225676657,6.60628241197
0.111940200288,-0.441678208626,-0.45163735709,0.734028726155,-0.645235544221,-0.108598591665,0.860605542651,-0.0792283044971,-3.39663556727,-3.11424420116,1.32176865395
-0.0250354030422,-0.315526052603,-0.375718230122,-0.229548277496,-0.242732394395,-0.425329305619,0.895235345209,0.386206993174,0.364565521619,1.50142425007,-0.595186545004
-0.00522740670481,-0.575199337798,-0.191868984521,-0.266009051285,0.0747933660299,0.17372440592,0.312833893064,0.00902248597567,-0.130018306743,-0.122518249491,1.14195098102
-0.657064756413,-1.07419243249,0.0427914606808,-0.545228223371,0.0126469206142,0.994477711582,-0.948870144743,1.87967860454,1.42915520841,3.74102713426,0.820957815656
0.782328737786,1.34972848329,-2.27783108046,0.626222826495,1.23248478566,3.10312350081,-3.18386236594,3.84757156556,-1.8616942924,3.03279063798,1.14973017952
0.270177382886,0.147928348086,-1.48430153422,0.653461036819,0.0112680044866,-1.48228329395,2.18959531732,0.649693985318,3.46222218839,0.464970374253,-1.09533125367
-2.19649501122,1.14632847801,-2.02450402475,1.37505248385,3.61929406309,-1.22440146865,-1.6134517049,0.444306026412,0.639840367075,-0.491263407242,-10.6079942561
-0.0670899914553,-0.319459758769,1.03336023523,0.0221789004158,-1.13861968153,0.0756112127756,-2.19267661495,1.38134422627,0.199484619147,-0.739189538024,3.40906503246
-0.628941388245,-0.512205221261,-1.4791529664,-0.575556802658,2.63926607683,0.377621223832,1.03625671463,-3.85491239914,3.2151003253,-4.07143673568,-5.28471155389
-1.49278431295,0.2667889264,0.733850923664,1.56980282738,1.54804546413,1.15779084174,2.69131804168,-3.52390573752,-2.0471225232,4.72566587341,-6.47656298657
-0.81422224523,1.77431270159,-0.734824173508,1.09503139209,-2.2361211364,-1.01679328373,-2.53088032977,-2.06764771795,0.286453644961,6.08220829122,-4.31507052446
-0.212187759986,-0.646150429457,0.1583113025,0.0680240667327,-0.125433605941,-1.31154609107,-0.117494660734,0.0425094121337,-1.26445572515,-1.06696944375,0.640426258233
-2.89569316339,0.34797596328,6.04094494756,0.896169978021,4.2608505019,-3.44172898419,-7.22477062989,-4.52054952421,0.228755486225,-9.02416881239,-5.08825251624
0.0190480273134,-0.484956047482,0.347254008086,0.0788015976531,-0.0211423774624,0.140248414592,-0.468043542899,0.635069646341,0.0852124685746,-0.308997917177,2.9094165306
-0.00699517124784,-0.25755088005,-0.0557806077122,0.0276556959274,0.32231890412,-0.334361473502,-0.87229302084,0.0693541673741,-0.389894957505,0.0459184774796,0.857545215726
0.254085487785,1.22203765762,0.388291454973,0.866740543919,-1.90990997623,0.24875385626,-0.14971837073,-1.01427678797,1.60668995954,-1.43014315425,0.79173840537
0.453937111882,0.442536759215,1.21753805242,-0.794718985579,1.53319052814,1.10052956567,-5.25902914262,1.17297305183,1.54080110227,-0.649850279533,2.41570975523
0.0692573355216,-0.0502945215345,-0.0708664980442,0.0926370395828,0.650014218647,-0.07254484148,-2.06491625465,1.08801478346,-0.330876175098,-0.630918755836,1.11808601357
-1.77855368156,-0.0376298685658,-5.26984414947,3.61511603712,1.4293339054,-0.0276999127911,1.3860141203,3.29211578876,-0.501057917133,15.9405598548,-9.34338885893
1.39392573397,2.37445655753,-2.56671217277,0.364472259282,-3.06046953311,1.86969779079,3.0699322595,0.633070634559,-4.3763819775,-1.00637335372,2.31345325339
-0.379527278079,0.453505505864,-2.67237433608,0.896790882536,-0.727131200865,-0.946888171122,-1.19506284781,0.877946323023,-1.32911657173,0.625465638328,-4.39546634413
-0.0190450842317,0.36857874191,0.495069352799,-0.215364138263,-0.56207938325,-0.0164588836364,-0.0160933784168,-1.96298539733,-0.0643649955004,0.181366169963,-0.416868657085
0.107764664025,-0.355909122073,-0.266991279448,0.576256355221,-0.966753469261,0.471369387663,-1.27207107215,-0.693195770112,-0.0780059756401,0.346155134203,2.82461232486
0.378016572593,0.32770315594,0.272199219176,-0.631979958986,0.410858296855,-1.35730931838,-2.04441479666,-0.500806454002,0.362481029528,-1.0374288063,1.1084188057
0.0958079615177,0.57303654502,0.298001544886,-0.893201386661,0.293392360282,-0.159004836507,1.32541244501,-1.11914039761,-0.472608270516,0.393088957837,-1.94861551909
-0.229877764396,1.11422972345,-0.205327226192,-1.01122280198,0.347194012775,-1.11525044245,1.67773254167,0.687479393576,0.570886520687,-0.614070382279,-3.76749399976
0.543461009882,1.86324149933,-0.132665369728,1.69268011227,0.531674919236,-1.61184701479,-0.53465432345,2.12913312419,-1.25003975439,-1.85316228688,1.11990626352
0.742358913706,-0.574154925032,1.36549082322,-0.246160647784,1.3391249486,-1.49412368641,-2.86066444069,0.57260904357,2.00590477283,-0.7839336748,5.95847108204
-0.0410578605506,-0.171720369434,0.502080519322,-0.0288303086364,0.122894401057,-0.0861419652333,0.305820428082,-0.376341318432,0.661361050124,-1.67503301453,0.465517959478
0.225742435534,-0.0484920713657,0.508476457608,0.153862465804,0.560392345022,-1.3517634344,-3.1174612913,-1.35100419237,-2.08056162473,-0.487222662354,0.311094378774
0.00885464024075,0.328111202295,0.271992366125,0.019579379162,-0.496593983462,-0.865029534514,-0.0709665338428,0.288522475446,0.00364185002292,0.178128460366,-0.234878810206
-0.654983149049,0.754507878309,-0.0610214225405,-1.26759539383,-2.60997009024,2.6977368372,0.769412116748,2.81981499004,-1.91621752545,3.55854595827,-2.12437400444
0.827131688904,0.399808762515,0.98418434873,-2.31527452508,1.24271465047,3.49359089043,-1.74668690966,-0.508147657829,4.55388794713,1.7925410329,2.46459194076
-0.653215809069,1.02775264804,0.802187794926,-4.13360759972,-1.83892084527,2.67452989694,-2.73612190362,2.05178842477,1.62638589953,-2.49816838909,-2.74729775073
-0.0489039142671,-0.0786560796576,-0.26935782459,0.0012121953657,0.82821058958,0.176409847805,-0.486157697904,0.383042156015,1.33789877452,0.570424698655,0.721555950556
0.341733376427,0.53266405023,-0.489694934377,0.764341409511,0.373227307969,0.809474422273,0.0212086922039,-0.253223406518,-0.270489471772,-2.66936867135,1.04594505419
-0.72539556832,2.24322788843,0.286369478131,-0.50382129857,0.100050524792,1.37344700226,-3.22009600994,-3.12374552899,2.89657994515,-2.35358717681,-3.95074406792
2.20608686787,1.02663809948,-1.74910946691,1.99936300861,3.58515721155,-2.99531861465,0.0880966143925,-0.925413397386,2.42256952081,1.44872427763,1.59316376357
0.86297890993,-0.913540365573,-0.37326770865,-1.39009437675,2.23710800944,-2.69881818725,-0.0501775582264,0.0504609651882,-0.161507374922,-3.02489207799,2.81559500501
-1.19034914854,-1.80107328004,-0.961661896103,2.59641882556,1.89461781454,0.346927083979,-2.42482765884,0.745398240692,-2.95789504798,-3.34344798569,1.57061400879
-0.030579152838,-0.250411721078,-0.0143872062116,-0.110688004415,-0.0857484217506,-0.561266768574,0.203809919371,-0.640970216704,-0.800150947931,0.491212828552,-0.649674506399
0.472877627433,0.471144145869,-2.29454266478,-0.0547710332824,1.75677464296,0.302811768898,-3.61278262585,2.47535371792,1.00048658124,-3.25287554868,-0.481674141281
-0.206812686923,0.152927985636,-0.272984477725,-0.373566785376,-0.0410698344248,0.588820921782,0.128957442571,-0.742092227241,-3.02629296762,-0.610416246065,-1.83853518398
-1.33618027327,-1.24929410523,-0.191547919365,-1.11320685783,-1.23722533237,-2.63739087421,0.0245431564787,-6.07346279812,3.63039704599,2.5504883923,-3.84214192871
0.829202160574,1.13506262523,0.928168064673,1.24113941165,0.982036124445,1.48717104274,0.636605850774,-1.35321276051,-0.769845833424,5.91040227867,2.76989121728
2.7025575782,-2.31547811509,0.335862589684,-0.531493733973,-0.686465579745,-0.977819937464,0.322758111829,-4.27513711899,4.86384959048,-4.61110137898,14.8284775062
1.71452243166,0.120150923441,0.989513589881,-0.625582791083,0.993564081511,0.324951324432,-5.62053758223,-1.41024150771,-4.01938619267,-3.46702164447,6.6099039227
-0.00835115591767,0.0955048149454,-0.41551654833,-0.557195509748,0.466862266573,-0.0196976821607,1.14884447666,0.482355926243,-0.741877982162,2.33000205951,-1.92942282014
-1.07740944659,-0.271890888682,-0.645912382355,-0.941168901375,-0.947360172963,-0.268756649946,1.22930111323,1.40858899526,5.93526471269,-1.39447242645,-3.35092754704
-0.107254081357,0.24894500926,0.355072753925,0.129163736656,0.257925640765,-1.04219650373,0.709937432296,-1.30146614082,-1.30584105639,-0.356458193523,-1.78242493178
0.166859979788,-0.298488667093,-0.413102695414,0.637697063373,-0.815398626178,0.313493635066,-0.309549629803,1.65121671657,2.48239201937,0.535261641852,3.09028036086
1.00404827601,0.0774722772807,1.37817930347,2.32084783402,-2.61366263864,-0.90349562826,-1.50888200693,0.536581460156,-0.122337428899,2.88095641967,7.44677282537
-1.59229936608,2.75901204225,-0.195538070434,2.86862087616,1.18555203371,-5.55288584575,5.52903905312,5.12776966666,1.66213854903,-0.0858062842226,-6.93668084792
0.0172463475302,-0.204710044399,0.315606461865,0.495013250792,-0.261778897476,0.128531681864,-1.03908988299,0.659361628605,0.757666540361,-0.496197934533,1.56642677222
2.78356887397,0.575682033278,1.41681381582,6.09900410999,3.64873161353,0.899341958131,1.11163338553,9.20914623418,-0.425672590684,7.46034273244,10.6069594423
-0.155106540668,-0.00463124012389,0.672474430028,-0.653799380129,-1.06599711238,-0.0764659375561,3.00714022618,-1.7389686395,-0.913979172908,-3.58003036526,-0.874870828031
0.22435823473,0.234457138689,-0.779106183053,-0.183053360338,1.01329596003,1.86371337454,1.77868337044,0.193551069206,0.794916452881,-0.920162169305,-0.622248605457
-0.111877239636,-0.400908294317,-0.250018536731,-0.919727924256,0.379947030993,-1.12777159215,-0.308308980033,-0.222571938937,2.85445277575,0.94788473959,-0.745248840067
-2.60053548533,-0.426408119522,-0.541709002571,5.29734407825,0.632689456797,-4.1481418774,-0.149920839882,1.96865238796,-5.85320319078,-1.78513559027,-5.6767872898
-0.600179002542,0.213112872944,-0.413672291941,1.2987381003,0.467766486594,1.93655013587,3.90604916568,-1.38970957169,-1.69296539078,-2.8671419026,-3.50424963865
-0.756409405858,-0.162030206497,-2.29697731853,-1.12557548538,0.847712924162,0.928448488795,-0.598727296671,1.8885287523,-2.74202205059,0.206433879222,-6.17451156946
0.580757612903,-0.585734476176,0.421934451274,-0.473710261943,0.463022351291,-0.203075956013,-1.38961664962,2.19305222871,4.47775813467,-1.55915803212,5.33878364874
0.260596332574,0.601624148873,-0.133408839081,0.518125145863,0.232698708655,0.543578494755,-2.14655718271,1.46364461452,2.27961403655,0.952505782743,1.00633133372
0.366682699874,0.321882558752,-0.0116883436209,1.05887756407,1.15242777048,1.28215967005,2.49467564069,2.28286941573,-1.54331571151,-0.217637907563,0.687883522337
0.185210238994,0.0569730071037,-0.271243759338,-0.34868994021,1.0281617684,0.468867672897,2.29011352526,-3.15011347009,1.61339110883,0.79962828666,-1.3890333008
0.221404212599,0.476077706612,0.0499111311844,-0.156328665671,1.33821634328,-1.43774192106,0.831981311557,1.11642138463,-1.29628310374,-1.44333642617,-1.03662059344
-0.0320393483335,0.182617220067,-0.519304040537,-0.497865100706,0.109108965382,-0.469262707718,0.111317502803,2.11524273567,-0.311574613352,0.962136147693,-0.713116339984
0.563936484348,-0.382609133101,1.06626432291,-0.515147322087,1.94278431694,0.327431571673,-0.629066051708,-2.48460108674,-1.53479902476,1.54888221164,2.96330041224
-0.0405005444855,-0.186000888901,-0.637371714293,-0.555918526924,-1.05364151521,0.0238841983107,-0.391177061333,-0.436489496631,-0.0183058970456,0.191463428049,0.563992263169
0.109188831586,-0.0264004399195,-0.708070370149,-0.277913178566,-0.116141704985,-0.481778177423,-0.679308307881,0.759057138792,0.533176429039,-0.240150299263,0.890500682524
0.0797526532129,-0.415873565973,0.732066812451,0.802926890015,-0.745695101732,-0.511065377701,0.761241869684,0.0423295861215,-1.09224671495,-1.34019206258,2.38792957676
-0.634096930834,-0.59952758299,0.00281358538749,-0.214760270374,-1.22343561296,-2.14308529285,1.52351025933,2.88327569955,0.574846085255,2.90739001901,-1.68863836854
-1.82147854836,-0.719327692332,0.522573711121,0.296483888526,0.353290285989,4.79829511067,-2.27578836653,-2.95126457777,4.09961157732,1.12473728578,-1.5506855916
1.24366694824,-1.59522080018,-0.0606819055321,1.85152362582,0.516739227928,0.969149988197,1.05320562355,1.47900637903,2.96029544858,1.69537055286,11.108942745
4.70062669995,-1.85615560176,-7.80532725436,0.0531695088852,-0.198234277603,1.91454571912,-11.7254305568,-1.31312536208,1.58271640409,5.8837335747,10.5460175785
0.0335356956958,-0.532347514987,0.816764256521,0.0251131754032,0.247797891305,-0.82550804263,-2.01799345603,0.416800987304,-1.19777406678,-0.67143679327,2.05772274149
-0.513533126766,-0.144325785272,1.00675410617,-2.40511771341,1.50293774418,-2.05837074636,-3.06728101128,-0.586622119346,-2.91999995984,-2.98728751469,-2.57049863458
-0.0961469604616,0.344991197538,-0.111361482863,-1.78165256008,0.313424217767,0.0344894763838,0.652332975802,-1.7908955244,-0.64462911939,-0.229032482242,-2.66640716059
0.303969612219,1.07787737926,-1.0593610646,0.833246257619,0.178499579979,0.41867990547,-1.82804286399,-2.41299478009,-1.25334792478,-1.68923974829,-0.171089998334
-0.470377443781,-0.0635938216803,-1.77077981747,-0.389064275511,2.87933134219,0.837190739967,-2.28139008268,-1.67335887341,-0.134675826093,-1.58131139237,-4.39732986583
1.03214726754,-0.734722746263,-0.352563709066,-5.03574656097,-0.250427101224,1.15567560843,-3.29271534467,-4.72701747612,0.401084752927,-4.25733009623,2.7258058615
-0.379409708813,1.13570287238,1.3567473839,-1.10969206877,1.24497350799,-0.121405303682,3.18486173815,1.24365155288,-0.789911615826,-0.25494265502,-3.03312275749
-0.391888063089,0.835526806579,0.515756805164,0.33719164642,0.956945349711,0.153171201936,0.814712612799,-0.260307926513,-1.0912754981,-0.701568203746,-3.37145759709
0.0117656463766,-0.135412683073,0.17744183982,0.0763729444635,0.519306654927,-0.396112667526,-0.111591487433,-1.01726028422,0.148142890762,-0.951822822376,-0.0497982974367
0.105773312949,0.304834579767,-0.275800138316,-0.0923462367538,-0.15692318197,0.868485083067,-1.33419078715,-0.699071451666,-0.246364908428,0.306183396946,-0.417370904922
-0.465935025113,0.580091290404,0.997731232609,-0.60879838832,2.10529765712,1.41074404727,1.99732652842,0.385371951308,-3.83285430175,1.87095211984,-3.71346698843
1.2096429741,-0.514560559372,-0.528625769357,-0.300396152509,-0.664988574098,0.863034637399,3.08452690994,2.54975485763,8.29851515122,-0.940058863197,5.96253143296
-0.583030439993,-0.755940940064,0.842657863737,-2.54518417206,-2.75780576237,1.11866744864,-1.71209226898,2.0824255602,-0.377213115033,0.998523854043,1.19423447135
1.50851915109,-2.17042682346,1.0047245902,0.287094976593,-4.84811399925,0.0584090631812,-2.97847650524,-0.655618867663,0.299839866584,3.86981521312,16.434790485
0.261371438605,0.30131532105,-2.13003677178,-0.430673439376,-0.29436437906,-1.30021052542,-3.86161338798,-0.614589680231,-0.351073893567,1.85010418685,-1.46936608602
0.00795001834023,-0.0984661765125,0.185635124062,-0.0593966837957,-0.0350566105286,-0.0260941302014,0.660102548484,-0.627342405004,-0.528856151445,-0.202630100433,0.803347891191
0.0654549263138,-0.118001550079,-0.458690432733,0.382422578115,-1.3158697554,-0.0104081568026,0.776428715837,-0.644653987539,0.145786918142,-3.5193511583,0.829292510344
-0.875351368716,-0.221962948607,0.524489153942,-0.241299004891,-1.3542078554,1.24483810507,-2.72015155293,-4.40596248326,3.55789331462,-0.147193050712,-1.37351132565
-0.271125627618,-0.281314175471,0.603194511752,0.465079257742,-0.745066034564,-0.780193906471,-0.265214845869,-1.17896199644,-0.118550584902,-0.962903349799,-0.0442936490458
-0.422955908487,0.523076765673,0.384228099804,-0.381047697973,-1.71616926587,1.14928473436,-1.54071484666,0.77500246843,-1.49429799366,2.40767518745,-0.801584489806
0.0614939054147,0.16627463082,-0.0963547116875,-0.731833304412,0.284785652806,0.541313198371,-0.162541880168,-0.0694487197283,-0.0573553587829,2.06803555158,-1.03285080335
1.25733989722,0.537082427133,0.408706520586,-1.31161112841,-0.494622119425,-1.67978318719,-1.93084120794,-0.344903967965,1.1799485017,-2.94609571471,3.56074771731
-0.0544761268804,0.288910116959,-0.367508846868,-0.0467766788509,-0.150497083651,-0.275720448248,0.174249706649,-0.931316583477,-0.255784707714,-0.00496281268534,-0.86804475902
0.102534838127,-0.497270134254,0.248023585025,-0.867556110951,-1.59157965977,0.629607571426,1.54137818448,-0.279287051198,0.638329809692,0.360192726942,1.68900927357
0.0511207698584,-0.588706352067,-0.306563189339,0.464630854257,1.03734747865,1.22311971734,-1.29133009846,-0.933743054917,-0.620314430374,2.24153369811,0.93695228906
-0.00186601517067,-0.0274631357088,-0.214563094495,0.108346151392,-0.48437109142,-0.0230731467088,-0.193049161988,0.822339647098,-1.00703983788,0.574185829042,-0.260814994529
-0.0612149250645,-0.0173214918457,0.7238842855,-0.421594361786,0.278839162056,-1.01080723726,-0.495767682251,0.469574922946,0.326293516556,-1.28738825637,0.13476054744
-0.183016120522,0.81609141135,0.54399337267,0.624030766548,0.627358404783,-1.2514844434,-1.55394598945,-0.448482692789,-1.53667847076,0.526388505914,-1.84393519668
1.25231385033,0.313495356667,-1.53364567876,-1.27246225602,2.77390761022,1.05156289221,-3.44975825186,-0.695219356512,2.8785392764,0.243361408998,2.13689257212
-0.521381131455,0.0610251241762,-0.0122844971203,0.556511913845,-1.53812927923,-1.94956264193,0.0476968947544,-0.397688581398,1.75949466086,2.16312970125,-2.28634027146
-1.99875654963,1.30285000591,1.58982361979,4.9368472181,-1.43222065392,-0.190535168537,2.92351738595,8.58600188003,-2.11079879035,-2.34086164731,-1.66732745671
0.848730707841,-0.932160332732,1.8149728028,-0.732692713951,2.44926578279,1.0639470426,0.238753238428,1.33729668798,1.08849977753,-1.34490178506,6.20254940303
-0.44887774554,0.952411074499,0.319797852996,0.3695956062,-0.462622281233,-0.542054539793,1.09292671848,1.31706110745,-3.32203293474,-1.02027705762,-3.0648214154
3.04445870873,1.92951256136,0.0220432546012,1.0752380524,0.441169312009,0.797882332786,-0.091403926048,3.68747155625,-11.7016733465,0.706104166323,6.59064822554
-0.487863509737,1.87493901731,-2.53173202275,0.535205488298,0.187015959328,0.22940338959,-1.34469023678,0.293369690263,0.218997451539,-1.89997223561,-5.52461386613
0.0154651884877,0.424772142088,0.0853442883363,0.253877318276,-0.928813810974,-0.0205292791502,-0.00769951847018,-0.610730285383,0.0940650469321,0.725892515179,0.263096705582
-0.1240417377,-0.335426384253,0.139410152904,0.750573598359,1.50844655844,0.916030387252,2.09350744741,-1.77717231264,2.62489155381,0.964756023731,0.190006506808
0.670233544654,0.345816661046,-0.526460470657,1.62535545119,-2.66000496986,-3.07027598429,3.28213453089,0.662363627138,5.74132557325,1.57563465998,2.15497875061
-0.0587420964994,0.15954127143,0.220267200152,0.212100929975,-0.778705082602,0.886536947421,-0.0620933574536,0.184107535473,-0.851770347363,-2.83691871353,1.41614733696
0.0907938906405,-0.23763174678,-0.45361974605,0.117661662046,0.299442581926,0.464305631427,0.773825857424,0.191708862457,1.41633910867,0.672084103274,1.05583876876
0.729470201004,-0.288266565725,-0.801239261527,-1.09155386582,1.83316237552,3.31576860637,2.33202895318,-1.01192449723,-0.931104582645,-0.00955151252506,0.616013308199
-0.157718854339,0.351577836267,-0.957826596068,-0.0406291295925,0.435743654643,-1.07304206172,-1.13381590557,0.631199219632,1.33807371457,-1.71300015826,-2.13591117364
1.95038926681,1.50699422512,-3.19501761233,2.29763555756,3.12242066817,4.12130942669,-7.5900795583,-2.23788277425,1.26608530102,3.73349515906,4.75749414321
1.87784083397,-1.04538723574,-1.25504027872,-3.37588413263,-2.83982023363,0.286705652498,-0.964227110449,2.55917716416,-1.40726629919,-7.04905450367,6.79560102167
0.269354380219,-0.87090645852,-0.296019123432,2.02300195905,-0.401599869505,-1.18359123955,-1.63694155723,-2.36753391012,0.388671498186,1.49521145564,3.36802252813
-0.0643293575234,-0.0784031602919,-0.0875855353525,0.55295717262,-0.0920183598775,0.284438512464,1.64281608597,0.389685320698,-1.40465795058,2.16088277382,-0.30315737093
-0.303893485252,-0.336029679881,-1.43527603681,2.35788615988,1.26422712666,1.04904445458,-1.02038352581,0.611327468265,1.25518458265,-0.411501183444,0.221791829589
-0.0812471299634,-0.322133306773,-0.245785765281,0.456859577401,-0.0391535142511,-0.848119811878,-0.368687125227,-0.0170706006127,-0.253068905844,2.18826534066,-0.316036200735
0.343218197645,0.0318589376756,-0.918464549377,-0.674176041951,-1.10694671868,-1.04790600735,-0.902857592291,3.5586479087,0.266803407514,-1.62864678276,1.62008743269
0.0198968676303,-0.252945187935,-0.2632100163,0.584744704115,-0.633097147348,-1.03005581492,-0.856755284768,-0.151419239521,0.337881845913,1.19655382725,0.711839398264
0.00898965759383,-0.504160787693,-0.427755080389,-0.291917882821,-0.402581091163,0.145542885674,0.111886388401,0.546658382605,-0.495089099525,-0.299028601917,0.0133957241387
0.121144019695,0.162128925733,0.433789131788,-0.308091471833,0.294832958336,0.712024234061,1.23431497717,-0.461505640067,-1.45769878595,1.52136049543,0.153280164465
-0.127818897441,-0.833586624507,0.380351956086,0.0691172211933,-0.0978556160732,-0.0385839816174,-0.633840040943,-1.21514331991,1.377859406,0.216077176858,0.968560146888
0.236434248129,-0.0597677985232,-1.18020763157,-0.760225677596,0.2716781285,-0.715530710377,0.849581111981,-1.97156762333,3.8946316787,-1.19806131061,-0.865162088083
-1.52692125972,-0.346401506515,-2.50402248038,-0.750724312581,-0.359523807709,1.77151649461,1.88068389468,2.22731798297,-3.17045729118,-0.545419903953,-7.17977836073
0.622128919413,1.01890276599,-0.868705565166,-0.757841162818,0.0215909463353,-1.26860037057,0.275522602303,-3.98923587595,2.90166616595,-3.31732307532,-1.21339576235
-0.1314549184,0.355116615009,-0.138300746672,-0.0860162775287,-0.421839921778,-1.25689791766,-2.17599441549,-0.0566034512941,-3.12208646532,-0.159315444514,-1.44253517402
-0.821089228297,-0.938121991737,1.79189588551,-1.29741418503,-0.457125289776,-0.398266023957,-2.85899287203,1.54203664763,5.87814604401,3.85028423308,1.42254620698
0.776939421781,-0.701717976967,0.0536266938676,0.655627601085,-0.919429909537,-1.10524551999,-3.15283450189,-0.952611651418,2.18778090239,-0.557093258552,6.48559159132
4.40856983013,-1.69463063961,-1.0040719549,2.06789340245,3.82888559661,4.02274500724,3.60287283979,3.12818473159,8.11036556245,-4.33311422243,13.5007813475
-2.30463856103,0.414379264342,0.0542377136549,0.206245646078,-3.66409268241,-5.92075698674,-6.96702771667,3.41043868017,2.38150021178,3.3731265353,-4.90576217297
0.289962005647,0.373019796427,0.205537864768,1.01012869208,1.52408927129,-0.285337447125,-1.384296363,-0.543187479026,-0.851161102445,1.67184486954,0.457232732953
0.991650228562,-0.840406228906,0.869183743594,3.12910663045,0.544910675957,5.82377245998,1.27241354339,5.96269136433,-2.48261735412,-3.42527216014,10.9532771485
0.535221047441,-0.503549994822,0.502971830129,2.56927471804,-1.74306538436,-1.4731532319,0.933018279651,-0.10862094663,3.37588692508,-1.57077173172,6.75885077423
0.60134736766,0.577738944144,-0.680350170881,-0.0283600323138,0.342126428595,2.10130545081,2.36873238568,-4.32477589431,-4.06345798701,0.119296450044,-0.214469047995
-5.12688112968,-1.53661856129,4.91337743649,-5.25794593783,-2.96930308643,0.662211979453,1.43923743506,0.710619260562,-0.29550546376,-3.42328235922,-0.128634559825
0.0850186278941,-0.0357786762183,0.500243752224,0.192172176664,1.00424338916,-0.289896945274,0.41939514031,2.3861520271,0.543080133334,0.223045090108,0.448898211262
0.00015611877191,0.0727956748563,0.00156241411113,-0.206760196556,0.284471021491,0.760141111384,-0.322203198342,1.33191881752,-1.0330425387,0.295218235758,0.0785700786082
-0.913489378312,-0.424778658719,-0.228029081888,-1.17967786283,0.00711330793263,-0.5098323658,3.52993195385,1.4089170037,-0.680485109167,-0.484901903348,-4.25288467592
0.273927940911,0.460903718926,0.238294649484,0.465774287304,-0.0221288551728,0.561142144086,2.78804198581,-1.77145124785,-0.707456560822,0.370992664683,0.341749396448
0.784208838186,0.712241630391,-1.00595668385,2.36170023013,-0.837092870981,2.90816661358,2.17108569875,-3.86235454049,-4.67875921818,-3.40646880683,1.8986962772
1.07038479439,-0.57309882758,1.09372556614,-0.283651028464,1.22535424082,-2.33288006841,-2.52467324987,6.4799839484,-3.52805226848,-3.14906563274,6.5609390965
1.47900036115,-1.37593174565,-0.87226226064,-1.94454832924,1.5923972337,0.945957693499,-4.07945256005,2.66280230657,-4.50030395257,-0.655465004102,7.66654380487
1.15219191657,0.563067007963,0.00823438108469,0.601644107391,-3.24960928767,-1.25817048114,5.57544040127,3.43075816413,0.728439225883,-0.0813350687728,4.56142278654
-0.0368049157294,-0.697303745017,-1.04419671258,-0.0418730808815,-0.212680575701,-2.27034322752,-0.692162134712,0.902091478805,-0.560981051192,-2.30624327109,0.538533402776
-0.107229033481,-0.103852706395,0.272294272742,0.558235488178,-1.74914969037,0.684427282866,-1.24035698546,0.127675273082,0.262263760343,-0.0836634887306,1.96109912058
0.685479099854,1.04924427817,-0.342609810095,1.65336417832,-2.03483384714,-2.2580316591,2.1009815079,0.064385609274,-0.325918581144,-2.01605568683,2.86376356995
0.0201455173499,-0.0968580726415,-0.290462830188,-0.355628499521,0.125935235163,0.5593951375,0.972567365891,-0.396443455549,0.185096941813,-0.245682225545,-0.588682454467
-2.09103047159,0.00587559298192,2.05442769875,2.60150785915,-1.64952578936,-4.63205291281,1.21021506903,-0.441816024567,-4.42794815913,-0.0479005075496,-4.36995354985
-0.222928372915,-1.22101406171,1.57766306016,-0.308204939704,0.0276013142945,0.434610560436,-0.230209704969,2.45208722566,1.2834664728,2.14817988883,4.78294236773
0.00672128326274,-0.247051587645,0.084830653943,1.28583076334,-0.166813774316,-0.127928491474,0.1118241732,-0.875593483876,-0.391139051656,-0.697085608392,1.30954851903
-0.808361531853,2.26017620696,1.0141759955,0.259390200147,0.788934174974,-2.716840101,-1.05357069426,-2.30333175593,1.89420667547,-0.827682239296,-3.51160000608
0.377184339862,0.462922144701,0.160244230021,0.00852388177195,-1.34577852566,0.806118410319,-0.753643118525,1.4116121673,-1.29861656278,3.55175735382,1.9591593425
-0.106597067987,0.217445689293,-0.105526182093,0.352695344173,-1.20536743689,-0.501978043207,0.635948931166,-1.05136325911,-0.96220446089,0.888895130954,-0.80018658816
-0.237148155592,-0.143277374635,-0.807034853326,0.533080781437,0.206224453066,0.648355032195,1.7378489666,-1.87364923631,0.267120437901,0.423715975858,-1.12268683076
0.872024433768,1.99496403039,1.62568674058,0.136027503841,-0.776357774975,1.34218996334,0.306579459999,-1.68319460327,1.58704100583,-2.13340911219,5.08387717514
-1.32383339833,0.859450850979,0.848053294652,-1.41359805809,-0.26810703811,-2.14952286383,1.25498721079,-3.07679160142,3.44838315685,-3.81082131858,-6.89986058981
-0.0634967379706,0.171643768035,0.298787469147,0.568965046785,-0.283813702313,0.235665803679,0.740622803787,0.111407247735,0.297080696969,1.34731555569,-0.0121751898534
-0.146763851383,0.378367334703,0.588570981207,-0.0468700352544,0.0458013903571,-1.82328251071,0.584724341774,-0.178179432728,0.58582125172,-1.20639367049,-1.30843672655
-0.655821053874,0.154583843174,-2.02105205993,0.0704791421038,0.737406854728,-2.80305306862,-0.906070588706,0.479024495223,-3.69194197996,-0.606512040207,-6.03859149146
-0.000742212222709,-0.233799324412,-0.145571548547,-0.381849281538,1.03493382048,0.45672475711,0.828988086217,0.460770921114,-0.279106383486,0.502760987509,-0.450641988271
1.30867216307,-0.372013030175,0.904785546612,1.10411236081,-0.839632001811,-2.42940728839,-0.758685690225,1.77607361949,0.375459124949,0.267236180058,7.50656096499
0.0869979555393,0.149113393164,0.746313178649,0.0837354025057,-0.235767422888,-0.624448835118,-0.0909223466587,-1.0621972041,-0.310446840791,-0.0204642587396,0.152864880472
0.0115427135076,-0.351373713294,-0.38869007247,0.26369546955,0.222175441383,0.795662832711,0.905746516898,0.0657109033852,0.26604106609,0.194762926286,0.469136135368
0.390161633095,0.318045499221,0.944327285329,-0.27964858961,-0.553063618062,0.451589570631,-0.988626183692,2.48634483983,-1.66788148508,2.91124661898,1.55026281058
0.328894655203,-0.384824468227,-0.655051057225,1.15914180717,1.30921317809,0.371259408406,2.20911912205,-2.77198987744,-0.921596106416,-1.04278189302,0.491054809176
0.507299411767,0.518564352351,2.18291078467,-0.759751567336,-0.993283186353,-0.955666810561,0.921486912032,-2.33742696632,-0.169768876258,-1.91497162109,1.94241794956
0.479229970111,0.388643332345,-0.965446868297,-0.404793386252,-1.34259210658,-1.40284323553,-0.904080840024,-1.20581653411,6.8412325795,-0.398173719079,0.382956584611
-3.25745589743,0.722867311583,0.952152041396,0.459297991763,-8.49357727086,2.09052328543,2.16102901898,-6.31160160073,1.28856925989,-0.996151669104,-4.78785733829
-0.0529078123653,0.125301688829,-1.18392531052,-0.631061723329,-0.261799455381,0.325791889621,-0.437058650082,-0.414831157416,-1.09354864304,-2.14377386037,-2.38103350093
2.45616652799,-2.75261850773,1.67264192567,2.39793640626,-0.259453292829,1.71962669543,5.50070201923,6.00575084937,2.04345365561,0.780306820798,21.104996287
-0.0645924280483,0.344119076062,0.331726154571,-0.411977027044,-1.08515671791,0.90545052508,0.532536802691,1.11792804857,0.409936622109,0.21786104604,0.0664276255726
0.731935939337,-1.29732123925,0.537661406973,-1.36249624226,0.113820457353,1.18697008169,2.92399653521,1.38909337604,0.817657625914,2.69993867552,6.43016627644
2.08637369286,0.787911952497,0.967877499365,-4.08044085029,0.905205384873,1.41069800517,3.88368503727,3.62583474152,5.07751759838,-1.00239781229,4.46527339761
-0.765998614315,1.31129832134,0.11094952457,1.3828935736,2.09506825968,1.59632058196,-0.485229069956,1.69727867039,2.13426413608,-2.84968896596,-1.58269892878
0.00175647158906,0.30091880003,0.471241636335,-0.189494977028,-0.187784804322,0.123473355284,-0.288322200074,0.277250626961,0.224769298439,0.779002636603,0.169303028422
0.0309947237334,0.291443439409,-0.124248212634,-3.42506793859e-05,-0.329662958318,0.164423286589,0.506477579382,-0.664443892553,0.384622574495,0.0928331710363,-0.062509778832
-0.227772007798,-0.212383688416,-1.33269201631,-0.769578639052,0.328927462028,-0.0816894894674,-0.959115904296,0.0413964512841,-1.86854642966,-1.69393137655,-2.68800555666
0.978961003887,-1.86167397142,0.954141404244,0.953749804248,1.74808341052,-0.71715246535,4.91027185559,0.3474066534,-1.09198585792,3.33046731433,9.56213844577
-0.272893302837,-0.420118511294,-0.691988214115,0.157344866132,-0.399787054446,0.0354203818272,0.193630637435,1.99054818109,-2.35549565837,0.922588389329,-0.475920605813
0.218509625454,0.304358522623,0.598681537677,0.742152117213,-0.202802572913,1.78926301716,-0.693868062817,0.821216498795,-2.26320483176,0.98831545544,2.25182596813
0.0507617910016,-0.135650485796,0.121541117694,-0.180577766085,0.0892425307019,-0.273314528628,-0.382639673746,-0.618933578119,0.877127270494,-0.372155958527,0.380075701123
0.143016490682,-0.208978284328,-0.0855855832748,-1.38945877311,-0.19850612707,-0.347609536677,-0.0338332758866,-0.494784650356,-1.35329916089,0.353893450146,-0.432682665991
-1.43495935027,2.86472369189,-2.19861504059,-1.6578975666,2.55220961533,1.98598048483,3.0894830268,-0.724925872136,-2.03961932114,5.69628402077,-10.688239557
-0.204997901468,0.0114214443089,-0.487872878823,0.0805158249663,-0.153252862136,1.31518765673,1.46890261435,0.36479647886,1.3432059677,1.57167401871,-1.45798068348
-0.943590360018,0.155657255755,0.474191255424,0.275270949282,1.14731852399,1.33153512704,3.88051368117,-0.398505638001,-2.52810429685,-2.21242565195,-4.7612297646
-0.794597057975,-0.160500072425,-1.80421844265,-1.85258320027,0.48598186326,0.158319673497,3.13190530181,-2.941329962,1.71143099187,0.906979411307,-6.54012467446
0.275046724178,-0.670317691276,-0.409135447615,-0.270646310583,0.257214204235,-1.14698288025,0.833919604132,1.59294496994,-3.30431116216,0.388590192759,-0.363496755113
0.634151202722,-0.229280889345,0.991164882816,-0.540318917711,0.700107009123,-0.337299489656,1.60254320551,0.538467528317,-2.08788931293,-2.42054377983,3.55236775743
-0.398954770644,0.0972532282696,1.59473995794,0.512399721843,-0.482296858029,1.18731922769,-2.39055608007,1.1585898665,1.54211669809,1.52479828993,2.7221567114
-0.0755516704858,-0.360266856912,0.381830799005,0.703638986686,-0.233517522219,0.501766840126,-0.482195634859,-0.326523633292,-0.121912552704,0.277166692035,1.81007200653
0.679637500594,-0.0426542149495,0.499686391212,-0.660753938593,-1.82015030453,1.21934563883,0.254194743013,-0.547994072143,-0.717283257835,0.435070113905,4.58988152572
0.940682930252,0.5441494667,-0.450525516078,-1.08720157135,2.41324421951,2.1863035515,-1.58475452222,1.65878146679,-0.779304744529,0.239460649027,2.40331502387
-1.16331299942,-0.134035867382,-0.979353148338,-2.24126740612,4.22692820726,1.36803043857,-2.16590185309,-5.92066527227,-3.97361592928,-2.22664963966,-8.51486586413
0.101170794467,-0.181315447053,1.32568286289,-0.0273291270863,-1.34769580454,-0.610276760286,0.110170821715,-0.210364067286,1.01991240642,-1.87682129144,3.34874599886
0.105699358342,-0.0517748824387,-0.134834546954,-0.241376074722,0.518863713147,0.49901543286,-0.171596429298,1.21931053275,0.323765209201,1.09609284701,0.246456511105
0.218873551695,-0.875381973962,-0.0165301361165,-0.43996958315,-0.289914857602,0.965004228283,1.38718330141,-0.623263155729,-1.08177216558,-0.0939609282532,2.65339365787
0.374472307501,1.32571876375,0.210587174357,-0.564930617251,-0.48309172599,1.06974878101,0.225912270395,0.888968959366,0.788100321949,1.33293448741,0.180056691426
-0.189615106748,-0.0146353780104,0.103892062388,-1.5456780063,-2.0402565507,-1.62321579246,-1.44408612592,0.955515086418,-1.94303397578,-0.261534977599,-0.354457594195
-0.489392644996,0.718220363158,0.478857788885,-0.76297476983,1.28344706426,2.17003381174,-0.669313879916,0.19877819476,-0.192922697287,-2.51703654725,-2.829613501
-0.318379710368,-0.29532306164,1.05394225382,0.613265502444,0.208344336661,-0.265346434348,0.929692244118,-1.05659294703,1.55353533332,-1.29947789037,0.632297021527
0.87081208353,-0.0448922064966,1.72485633303,0.0652256085707,1.27167008568,0.988036825654,2.14083854036,-0.252945445965,2.92002395564,0.504340590151,4.41452620694
0.498073847264,0.384124659664,-0.891997368379,-1.02433004135,-1.12731521118,-1.71382520273,-4.68100086444,0.161277288946,0.292843249444,-3.80143799762,1.31942190399
-0.175737548023,0.711895477129,-0.51714188675,-0.502310463886,1.29283876482,-0.162243890428,1.02128975272,-0.0896558918825,1.36934441499,-1.6874149757,-2.75547153905
0.00402370172459,-0.0892636102769,0.0569609244917,0.189780962407,0.290393879282,-0.0996749242299,0.506843936733,-0.7655069659,0.478210409038,0.151250478747,-0.419576288621
0.0276692097888,-0.357398473561,-0.152317073532,-0.227050906492,-0.135448816485,0.302160182936,0.134852656951,-0.995197202901,0.0938667665635,-0.989124329476,0.566376388433
0.379086785412,1.03284708196,0.688776064575,2.21841608033,-1.34701653131,1.64533994671,-1.55521734907,0.646830245111,-4.36549357184,0.435580860551,3.30874005361
0.0296065106661,-0.045270461372,0.226938025158,-0.305104645955,0.731572796929,0.56552129699,-0.08854704829,0.0414215705787,-0.82960490178,-0.534446752253,0.328522338909
-1.77270652398,0.374604676206,-3.05686425942,2.59787592766,-1.1893512412,-1.25338480331,1.36041440997,-1.30567824552,-3.28642909649,2.66536377353,-7.73247311685
1.29349400959,-0.574877235176,-0.273358379197,1.77568117945,1.29157704565,2.51694791628,1.4850500097,1.46073857655,1.99749170713,3.48843051254,7.54022279314
-0.070700483038,0.422312112167,-0.405513457814,0.689619063023,-1.01914346332,0.587344862374,-0.772483272111,-0.00439226432092,-0.387290617451,-0.641377549779,-0.228103620706
-1.03552585865,-0.933205673844,-2.21944426734,-2.26430377657,1.2785797673,-0.998505454053,-1.27294926906,5.34906991625,-1.32043855157,-0.697137655237,-5.20143907244
-1.87012652669,0.839191292003,-0.760148599987,-3.70799121818,-2.86301169109,2.28403458898,1.38626397517,2.73922969517,3.72195615979,-5.23888934761,-8.09340968863
0.0697807980924,0.158934356909,0.0385052581929,0.275708478404,0.878580034111,-0.602668019616,0.735372012762,-0.311180898583,-0.452004424013,2.03117765666,-0.488907378013
0.0320596987948,0.072528246037,0.372264378482,-0.0400652350931,0.937942507461,-0.230293784936,-0.323611858545,-0.0680245698494,-0.143176322606,-1.1951697173,-0.191566051525
-0.0114950898577,-0.0367520526362,0.617669284436,-0.375804144721,-0.579819689639,0.139067138478,0.0679465634844,0.823925228469,0.104519461825,0.566222144755,0.360725697435
0.023068139874,-0.142688721717,0.017516422778,-0.0228011750906,0.354948315802,-0.353641320069,-1.29452700678,-0.389867146448,1.25926724718,0.440760183346,0.40171911933
-0.371445605209,-0.429247317904,-0.044584870175,-0.627291681118,-0.642125968499,0.145161997424,3.33822453547,-0.47879270045,-2.08675974346,0.93244954207,-1.98121252494
0.0031752396233,-0.359169495885,0.357316549477,-0.468136050444,-0.212551178898,-0.263307425966,-0.472252370294,0.854126778774,0.458094097367,0.564918021776,0.828982453843
-1.68265339894,1.58095559376,-0.0856452110886,-1.47928322215,-1.33499803044,-2.77919326874,-2.618659299,-3.12223383196,1.62935694482,-9.32507866545,-8.28616428406
-0.0617760433502,0.173365112077,0.158489645725,0.515407619261,1.07891428172,-0.13956412266,-0.220181321499,0.839261391296,0.23712462854,-0.142069023538,0.0821798633951
-0.289555772188,-0.119791654238,0.623331541812,0.782425975555,1.98948240225,2.25183875558,2.45197189064,-0.565969402414,1.20493769541,-0.461165717422,-1.01749993702
0.0673560217649,-0.895212464028,-0.0803720652277,0.508756243715,-0.486733305581,-1.77799498566,-0.626058030129,-0.328076505752,0.918289966671,-0.234581252353,2.43152214788
-0.67075310349,0.27234881533,2.1707037673,-0.475650033549,1.10454788902,2.59889291926,0.222614139725,0.991310885698,-1.45222713998,3.42688013163,-0.97300077231
0.953283156488,0.0101599531208,0.349964298472,-1.98350586465,2.87274609188,-2.42935501304,1.24453425551,-5.54352898095,-1.5736790224,-0.688381391801,-0.816566284546
-0.259058016086,-0.124719736642,-0.401223696494,1.40171148791,0.537111257265,-0.581423256759,-0.00968856911966,0.845438751786,1.75788591327,1.87559816184,-0.69139344062
0.357117303071,-0.441565786894,1.70328472521,1.09255016271,1.86897174418,-0.615155172992,-2.13338001153,-3.16322763934,2.25145451829,1.71033614885,4.0151011472
0.69821176304,-0.114587318276,-0.642969662639,-0.193573021743,2.19283085893,-0.192807768453,0.528181625119,3.77262797839,-0.211478064693,2.36368400599,2.36368348083
-2.25661713721,-4.45530530849,-0.977120429678,-0.523498028823,-0.0225840252349,-7.08061377415,4.16093299845,-1.00506626497,3.81346644483,-2.58939136129,0.61389564309
0.0390815382618,-0.254091024369,0.00261496727155,0.961053370058,1.39068850885,-0.572727389127,-0.67050843703,1.86041984384,-0.134597299691,0.93275581027,0.850288775167
0.0166708438642,0.644884898403,-4.20679674319e-05,-1.05703911852,-1.0228071832,-0.123784883329,0.235846757838,0.921424010865,0.370149845356,-0.820359525476,-0.809482343383
-0.356425827607,0.860839603308,0.09059528272,0.813259116292,-1.34953733171,1.14233906885,0.625384842633,0.115353177577,-2.06322691802,-1.76130971854,-1.50146123014
-1.4814107742,0.406770265556,-0.351996348138,-1.26659014924,1.53612690119,-0.148616263807,0.267154613626,4.0298472902,7.68851178711,5.17202437076,-6.01025519048
0.116096898576,-0.0184647484273,0.403870996565,-0.481616073794,0.425013010872,-0.978156662765,1.41704772906,0.25303217161,1.00533620769,-1.67459754115,-0.10897058979
0.39430032184,0.31621475111,-1.07706083731,1.85080796577,0.289477825955,-1.80671505863,-2.64371556314,3.36825980576,0.836478512914,1.5110366948,2.38698622036
0.505392746843,-1.22211267362,-1.24817473427,-1.32323764432,-0.987467471497,-0.229760198316,1.03775571854,1.54221095158,-0.145791030534,-1.11985978937,3.72776994312
0.777608110949,-0.520061191055,-0.117443965718,0.657613699158,1.90147155311,-1.96080411431,1.37390243408,0.249025922106,1.63228096971,2.76734469945,3.37545448946
-2.00384462357,-1.40601979007,-0.266499734887,0.00259295340788,-3.70666225904,1.84683227584,-4.09540796866,0.451702294712,-3.16066815353,2.63537452355,0.436702927479
-0.0102720969858,-0.213877545334,-0.0601574137043,0.734159732008,-0.458309704567,0.286748160861,1.29267372486,1.36226163806,0.40749391551,0.45717481109,1.79025643893
-0.520819825895,-0.300127822711,-0.625141081281,-0.778433494128,1.13837856041,-0.353560790947,1.90312704665,-2.1656670527,-2.81539986586,-0.603650751216,-4.53825422362
-0.55899058069,1.72293375578,0.0504313175684,-1.32776894346,-2.02580615903,-1.00351033729,1.77333392791,-1.12016506531,0.289664494448,-0.441891834444,-3.93135589976
2.20690294746,0.657189513694,-0.43630610332,2.41969008739,0.663195407437,-3.15731477097,0.566800892646,-8.54348560761,2.12203886503,-1.07258239706,3.91701567016
-2.80599407057,0.52545072423,-2.69011536704,3.14087778176,1.91947625631,2.5972531418,0.589269783768,-5.03605658794,2.43638461731,0.0882682319715,-9.79587508484
-0.584397658188,-0.00444694339709,-0.747702661625,0.0896150762764,-0.389636909951,2.84156250432,-1.65659817087,1.05350082427,-1.14851073256,0.425839723388,-0.78494279555
0.170596528666,0.621225333464,-1.10310789902,-1.15439750767,0.0435614091837,0.813591464759,0.00946799478421,-1.52670965567,-0.756510146109,1.55163153492,-1.56704468277
-0.0683385109198,0.294648345081,0.472949556151,0.0642904792276,-0.0673699184123,0.000219473667161,-0.514218805784,-0.959261321358,-1.24193180011,-0.50125788036,-0.287693502347
-0.935645554686,-0.170312614397,-2.36736051954,-1.63068890694,0.491687106421,1.4979840983,-4.10257185431,-2.46507993136,3.68459805715,6.7111655771,-5.77058107541
-0.0548429995356,-0.412046296264,-0.010777066168,-0.195091389124,0.614606097292,-0.860658071042,0.141386149256,0.687734768404,-0.103296904148,-0.764301932516,-0.541440458882
0.026448159234,0.386283746479,0.0370366818146,0.104807434839,-0.59161370507,-0.150808007578,0.175884054525,0.711814122936,-0.345250345923,0.344922571031,-0.43249418977
0.0715408494107,0.121203976789,0.318226860827,0.00442833654375,0.33052550572,0.908998135159,-0.159428228657,-1.25850136139,1.74378907605,0.110631227131,0.211093786029
0.042772748025,0.0510706592283,-0.138401979672,0.780984187789,0.21528252007,-0.345977162799,-0.430767368848,1.16444750529,0.589608037564,2.09316172111,0.335570010361
0.14741113166,0.656338642999,0.738138902074,0.212374559574,0.0547278836056,1.31406697901,0.0255282587268,2.1068298971,-0.182486630319,-0.934408936906,1.78587428992
0.493696649765,-0.815844832305,-0.695824027903,0.58167315403,0.97374057748,-1.65712046936,0.479383008771,1.18326935746,1.04055623671,0.228951502402,2.51301034851
-0.791473174581,0.288539987111,1.33037602859,2.21111254502,0.658781889704,3.05665867854,-0.4705630229,5.63522828162,0.814475299261,1.08659801607,0.546158204778
-0.00236349128701,0.21111599636,0.421606554686,-0.254997723412,-0.284874150826,0.188762272041,-0.959252662578,-0.281714347675,-0.550551561923,-0.365090189332,-0.447048180214
-0.313560277839,-0.663010177656,0.268772825371,1.85663179305,0.386336692064,-0.522093150484,-3.21379202369,0.249860903753,-3.04945094873,-1.48600098188,2.47512104714
-0.482434545916,-0.0669790756945,-1.68846590085,0.706410761128,-0.351645151931,0.389979540555,0.851839601699,-1.39094827123,-0.862673891797,-0.341281583864,-2.61557557297
-0.540278085062,-0.588541824682,-0.137197490306,-0.758305357606,-1.50912140332,0.836580872328,-1.17034600634,1.92360316093,0.863191685577,0.53566793086,0.543568623385
-0.307618551515,0.302076260311,-0.281484404988,0.147969488043,-1.35574004392,-2.18069890426,-1.78323490923,-0.714050907087,-0.363412083816,-1.47217351971,-1.4742326065
1.08405817157,0.23901952322,1.81624464418,-2.26873270607,1.50312030622,1.96348583534,0.330512014321,2.6826785424,-1.24265223341,0.707075608472,4.16998029051
-0.215190348603,0.330857483996,0.36513182752,-0.319835758685,-0.144328414442,0.774161141301,2.53146289602,-0.444758647461,-0.731956815484,0.254715113793,-2.21433676017
-0.157567707927,0.758440215886,-0.164819208988,-0.622196357973,1.4093083807,0.603014112811,1.25254239331,1.07712725644,-0.153978183613,-1.04733303385,-3.41998740828
0.250485236849,-0.279595368269,-0.435995270727,0.365760491063,-1.40902804041,0.394834766285,-1.77365342372,-3.67170079739,0.966262691144,-2.85227269798,1.98263774301
-0.614108371106,-1.48004905957,-1.56464398399,2.53983857982,-1.34907875059,1.11102180065,-1.93932487003,2.03831775115,-0.0635082140786,4.4919221807,2.75614064439
-4.78147194615,0.769990553017,-4.2317417866,3.06102344074,-3.70700395965,-3.52070802558,5.00370522942,0.671044531354,6.5031530591,6.89832269734,-10.141823525
-0.0437744737148,0.240035000556,0.109347657862,0.739519017667,0.821009682744,1.98170677363,-0.00450733049045,0.0870603821631,0.260367269538,0.818603734694,0.0637365130479
-0.00351611976182,-0.0442773917751,-0.00089273035967,-0.464700197578,-0.429716304504,0.556459916988,0.340338202959,-0.699940588017,-0.448853455139,-1.27065570823,-1.02381569202
0.204438508177,0.330693562616,-0.916925281293,0.666445694017,-0.842508597629,-1.10456099805,-1.31876633366,-2.00849681015,4.01814600584,0.760145279334,0.432364988744
0.271267848008,0.957695426473,1.19902104912,0.474047323996,-0.412356043002,-1.6496367743,2.8421300597,-2.85517907338,3.59099151873,1.44158731568,0.382281011017
0.302194239027,0.249825390649,-0.593364701025,-0.969413750608,-0.430396040048,-0.39629275516,-0.808533868712,-0.37773038219,1.15570343631,0.632808776455,-0.195760859138
-2.94431006917,-1.53440556575,-0.729096526429,-0.3849477312,5.27183416302,3.18508107203,-0.620802114169,2.68945172771,2.87294250904,-0.0876719675634,-4.4725509241
0.634441698048,-0.96823692729,-1.47346443468,-0.832722482828,-0.048341656044,-1.57399552208,-0.649566768097,0.885753613386,-0.195309627732,3.74415005994,2.28437770016
0.140457320413,0.156555927631,-0.285946499683,0.580973263554,0.810666210954,-0.256182791948,0.962158431685,0.751058262467,2.61567869963,-0.232242538418,0.649764884683
-1.18613900937,-0.0537609692429,-0.564021357706,-3.1733971552,-0.242190076587,0.629395467913,-0.138321635439,2.7224764383,-3.83228569638,1.72243562219,-6.75796962042
-0.00117468347978,-0.296275363824,0.142432921507,0.144756889749,0.0679519202258,-0.243980364401,0.119190598098,-0.670655739287,-0.296437698208,-1.37667772549,0.689628877627
-0.360320003481,0.677925644073,-0.127753492826,1.33581151263,-2.09933723972,2.43392206769,-1.33664991441,-0.404080504001,1.05707942406,3.48233857579,-0.0748112424191
0.104948029605,0.368781424182,-1.11311719153,-1.36243788184,-0.475869657065,-0.998610003716,-0.500280410654,-0.150670891781,-1.20784403743,-0.287030729109,-2.10919007046
-3.60391630889,-0.590810346476,2.44091068456,0.300484739182,-1.03644389442,0.204789364917,3.57849697678,-2.64859575023,-4.2644573264,0.844052678865,-4.5258534248
-0.159240328223,-0.730275289311,-0.406845678268,0.016703008541,0.411371766623,-0.337447739647,-1.34689330772,-1.14226021478,0.991269204648,-1.22961879419,-0.151575957644
0.336432053074,-0.0577047654652,0.346521505993,-1.82020650562,-0.68718138345,-0.223041003011,-0.303599778335,-1.05099074368,-2.01704836818,-0.886556684023,0.0498216769593
-0.110878711074,-0.419684492117,-0.558157054728,0.0376826267764,0.111603172422,0.767629287946,0.786980679748,1.97746816527,1.71597032457,-2.72501200775,-0.035689535213
-0.962539108874,-0.354041448795,0.97794441285,2.4304105905,0.821461000879,-0.436808112376,-2.44005326807,4.62004769758,-0.511232636082,7.25370219991,0.316899997588
-1.16661699713,0.569589941116,2.20292707237,1.94467454693,-2.22923924261,-0.690176108335,-2.8318897045,-0.889358561403,-1.46213436799,-6.10619514286,-0.275858736009
0.575226133785,-0.538624991321,-0.638702252676,1.40469852639,-1.04552169528,1.06210274571,0.527590716799,-2.09940248607,-0.810887538519,2.72230777539,2.92030924591
0.234544558245,0.642235980964,-0.351405092633,-0.919474529756,-1.40051526117,1.01812689621,-1.49081368379,1.50636504765,1.05906704816,0.90393434052,0.469378933045
0.527469214839,-1.75516369255,1.35903575375,-0.650798769426,1.59157988723,0.62262022909,-1.10085926235,-4.47454324527,3.81652792092,-2.50229122305,8.49534097744
0.55471229326,-0.492032197597,-0.636182991642,-0.262863506003,2.39617472397,0.465841812168,0.589645748477,0.599135911712,3.76034953752,0.142561269382,1.64562302346
-0.359752225319,1.02436552511,-0.754170178451,-0.0935010784905,-0.487268105165,-2.77375683542,1.09911117865,-0.871590492349,2.52049743068,-0.0929987669656,-5.19677633889
-0.283041944477,0.660323119693,1.08913633511,-0.271186447305,-0.386190903038,-1.26815084996,-1.34611996661,0.48425009418,-1.65976509363,-1.12163824169,-1.28370375569
0.315687677074,0.298070229269,-0.436436181002,0.271572179819,2.31525013455,-1.63196504925,-2.40668682848,2.56857779279,0.744584781332,1.43976389806,-0.927420161972
2.41848528254,0.78856116745,-1.91537743708,0.407559513765,-0.962348217589,-0.718572108268,-8.29755090145,4.31661820207,-4.90415267661,-3.86403670138,6.7081976558
0.39852430155,-0.516476678942,0.156048173192,0.697383411029,2.21093498497,0.511204287768,-2.67587130349,-0.0121829770748,2.22328292458,2.60541465966,3.57867781022
0.551529976393,-0.500311555306,0.232651394603,-0.642256813456,0.561899474006,-0.314013675694,-3.02307604824,-1.87033205519,0.528439429768,2.39631397513,2.44898087423
1.33870577686,-0.383230954714,-2.17235621992,3.20055448172,-0.740872637618,-2.18099976049,-4.48237508909,-2.63493644875,5.74552946864,-8.62765574639,6.68544270363
-0.526978707556,-0.227871806068,0.0875630174652,-1.3220271379,-0.934496204205,0.159022430771,2.767044811,1.09867985175,2.80931199825,-0.961194835079,-1.2343229379
-0.0168119019372,0.240298095188,0.477562999275,0.412036350817,-0.283818703625,-0.259259558817,-0.12718676372,0.0348892156402,-0.184206370069,0.832584899881,0.203411734985
0.101050797249,-0.165176675131,-0.789702564915,-0.375318699455,-0.337627973931,-0.53103801807,-0.442664801839,-0.947448845303,-1.91089483127,-0.998662478276,-0.978002157742
0.058178600862,-0.0171712519995,0.0806971010247,0.669011831265,-0.00172373548778,-0.866808398834,-0.211265369115,0.188060855516,0.476783870244,-0.849091664312,0.672960232889
0.124133107823,-0.265817093044,-0.6794763313,1.39903688627,-0.110524251726,-1.16148101584,-1.61029601461,0.134859439862,1.01792996703,-1.08435380292,0.899937600083
0.292116859171,-0.0539622902453,-1.10182403855,-1.44433372043,0.945368496626,-0.0250820812134,3.27060850604,1.47719637162,0.865683820234,0.95232634734,-1.41451408634
-0.285183499067,-0.318676082922,-0.530895206395,-1.58587430119,-0.354452480626,-1.89059191998,0.903296701283,1.84138691831,-0.781879826976,-2.08152438212,-1.90954877418
0.0499563599216,0.290099378484,0.257026569751,0.693948768986,1.00318613089,0.291795199246,1.0540555388,-1.37745727156,1.58128423749,-2.15738752244,0.388505874382
0.0276768678185,-0.299138725804,-0.370295380024,0.0221693601444,0.539271040116,-0.407329180694,0.288007551001,-0.00401161374334,0.523831462612,0.051135979481,0.637114378826
-0.499910776122,-0.730171928455,0.454878218896,0.391747496936,-3.38914224479,-1.11168119538,-0.772793443214,-1.13165153094,3.02139252982,6.62895374434,1.4648127016
-0.461084704552,-0.680554290011,-0.61873790764,1.9528430953,-0.623581457629,0.23979689731,-0.770475821111,0.442787295418,-0.199039345216,-1.23032466688,1.10945460593
-0.44907517506,0.0938572887397,-2.7868250886,1.16363146593,0.139144989199,1.71835699088,-1.59844584401,-0.0781504263549,-1.00100033529,1.19547893871,-3.73726137155
0.422783167975,-0.0115904361954,1.74772174088,0.63300833634,2.11597699654,3.74335074868,0.491318879416,-2.38281713273,2.33948582155,2.98750046419,3.85764032149
-0.0740480334618,0.0277488614706,0.637001833524,-0.656168523878,0.816095780111,-1.40680739733,0.405040735872,-0.900036000555,0.22673581854,1.56544416964,-1.49824516827
1.0837029691,-0.275897362659,-0.184785868011,0.696562612693,2.53101588485,-1.80899432902,0.490235822109,2.61113296379,-0.0648126779935,-3.13435832917,3.85698485961
-2.14346915274,-0.247574842844,0.405217578005,0.0666342354355,-5.53536027254,2.81540098003,-2.22425294119,-1.07846680826,4.90753483949,3.47464310799,-1.78209404663
0.196576800499,-0.504722158785,-0.420050376982,-0.321075935561,-0.845633973674,2.2969200272,-0.27197334056,-0.4659738272,-0.0648411071158,-0.507533777579,2.93221653037
-0.0859723534782,-0.380740341759,-0.618000742297,0.231180478533,0.814721622526,-1.30136929205,0.498275390511,-1.50230648608,0.0818827331815,-1.65983434983,-1.32021906385
-0.588856866843,-0.375290168488,1.26154737103,-1.92684502947,2.23881454168,-0.344623623584,-2.1937804215,-1.36311236318,0.668708485826,-4.95931861378,-2.17006141282
0.185357435694,-0.00792146163562,-1.00115167242,2.10284384142,-1.04807881304,-1.31105831271,-1.89327501483,-0.544666682374,-0.410289028287,-2.1336149308,2.10819593863
0.0119390031671,-0.236957468761,0.129706645286,0.188877446485,0.685748051868,-0.481049250822,-0.751914754249,0.411172727386,0.161919457092,0.474482419395,-0.375025481996
0.00621023935441,0.0516791904067,-0.636568226199,-0.0929062821008,0.698401531644,0.434760905484,-0.768868399227,0.976621245171,-0.0226387051565,0.414326675614,-0.495581722823
0.482703728666,0.205840429099,1.04586592073,-0.379485255194,0.284576783363,-0.758684062023,-0.107048669109,0.309688236917,-0.0208052212376,-4.38644705569,2.24067372836
-0.107506374244,0.037793820883,-0.885778868954,0.0141057500041,0.427129493478,0.103686236823,0.906312916486,1.26346154932,-1.02749089464,1.32115383542,-2.45377023821
-0.450545842461,-0.0936785128409,2.29536040604,0.172123365694,-1.1316323766,-0.877777833843,1.55565527244,1.2982775727,0.730749916707,4.18489876173,0.306199415425
1.74649927314,-1.47289701362,1.8618304047,-0.489900519998,3.12648380876,-0.61540623158,-2.76260346128,3.18695069296,0.573292677034,2.81822335886,10.3544990628
0.975209135769,1.27114535764,-0.0884673962708,-0.0377889733545,1.96775277239,0.728923706358,-1.30426853351,1.79268420268,-0.459327811862,-5.83611176343,2.61672935202
-0.124688266765,1.06623121715,0.659374279629,-0.782332922949,-1.12849167445,-2.28988866108,-0.616530653092,-0.446346347026,1.66187399047,1.1312237366,-1.50956740568
0.294058026988,-0.10077311286,0.452357358895,-0.490476730056,2.23082430564,0.413927437643,0.403265437111,-0.994126353793,-1.04872021042,0.939033280031,0.0028495510441
-0.995013049478,-1.2719652554,1.0513296686,-1.09188392838,-0.681608702564,2.90370661192,-3.19856354582,2.71028700126,-0.0571200476291,4.43806820597,1.92801001991
-3.64765655704,0.526254356748,-0.997686646345,-3.40667265364,8.68379329676,-0.853882636182,7.53837661367,3.9931186078,1.61479391409,-5.72801643573,-14.8589717118
-0.107018210585,0.0853138529912,0.353952369503,0.352179980147,0.510599839876,0.529612423491,-0.19157316978,-0.942148904362,1.80670105864,-0.169330899705,-0.167785282343
-0.32474167495,-0.0615750077773,-0.497951960965,0.394141017697,-1.3024646397,-0.472291438987,-1.00529009545,-2.14300927006,1.48416647072,-2.31089213689,0.404833112331
-0.786312724198,0.296083254044,-0.898416254953,2.65290520619,-0.724394419652,-4.81144697033,1.00758287094,0.532981995624,0.235327802595,1.4840668918,-5.04189331692
-2.51626954687,1.76202165755,-0.505746237188,-5.27492402003,-1.29685802203,-1.20743646277,2.87532446736,-5.05961534625,0.400107819547,-11.9498301183,-13.1112852832
-0.199919593524,-0.54551229042,-0.252782687733,0.846286961415,1.03595673932,-1.60249713359,1.88689399062,0.300934793311,-0.322506430074,-2.82344357238,-0.475150049765
-0.169169314449,-0.105618870589,-0.40506276165,-0.795100817628,-0.044110506418,-0.494143217601,0.395987134956,-0.443527868575,-0.738022418883,-2.34564400155,-1.55250062547
-0.0182559656167,0.2447441762,-0.229583375926,-0.332574851859,0.711601946398,-0.450776291237,0.594263137978,-0.376929866645,0.365359798599,0.784666912156,-1.06716631144
0.56051405051,0.164560845383,-0.59850645198,1.14329915079,-1.28969076296,-1.33451925126,1.08683404239,2.38886917577,-4.24875937267,-1.16967244561,2.38887824744
0.00462525716576,-0.211386613509,-0.0609394544145,0.417322018738,0.187796548328,-0.641189984481,-0.0691145368503,-0.406457495552,-0.40264410039,1.17286775788,1.10845189309
-0.703120171009,0.175583390943,-1.22444735437,2.18976479381,-0.465831571051,1.00019330631,1.87564023554,-3.59047599859,-0.271613920836,3.31424946004,-2.2955042342
-0.0292447591117,-0.102482095122,0.955765137678,-0.592159262255,-0.498643495326,-0.415144465988,0.181397179512,0.2592306971,0.666352761729,-0.241161612508,0.771191555385
-0.6012508069,-0.707398132378,-0.680087614884,0.0481612832873,2.38874241641,-0.933557778555,-2.99388695669,2.92352931073,-3.19272998817,2.94161878869,-1.88756317883
-0.389002992759,0.0173652074246,-0.129127267955,1.99660862365,1.98058341883,0.0443553985841,-0.314085334748,-0.686997590561,1.07129805228,4.36518270498,-0.657258492932
-0.346411293273,-1.52072736231,0.00943143773209,0.303947925313,0.742007329317,0.382631678209,2.43447605272,1.2034618267,-0.675823971221,0.136201663134,3.11646760292
-0.282078268809,0.0666087635148,-1.15289617844,0.387915428182,0.710640230006,0.613007471212,0.104669790477,-0.200519050988,-0.00944780876876,-2.83234960307,-1.94868806473
-1.52376204003,-0.768011656339,-1.35259833682,-0.770908485112,2.02241824344,3.00956743483,-2.69657392004,-0.874238467259,-3.81525264043,-0.460410342911,-5.09614707663
0.041872150871,0.415480100172,0.197121981116,0.242061293053,-0.422991333253,-1.03085986439,0.558781587972,1.14483574445,0.172674809849,0.315528583337,-0.384795078264
0.442172309077,-0.609479053919,-1.90495001429,-0.607473048621,-0.278587897388,-0.269024168385,1.29889911551,-2.34339722796,-1.74014884019,-0.732354977635,-0.0606923026569
-0.530130165236,0.855661291286,-1.15664014677,-0.693161680919,0.557984724493,-0.245171772719,3.19146801954,-1.15510122817,-3.36337393723,-0.0875913044682,-6.41489105593
-0.00788609233348,-0.0905574524169,-0.214157859889,-0.287881351313,-0.401938858787,0.450291393432,0.304478803672,0.463627956926,0.425737583671,0.447581772507,0.330867193582
0.421241173547,-0.175269196475,0.118296566403,0.200134508268,-0.0627380742888,-1.57327306467,1.1040239002,0.207604896511,0.830525112196,-0.428632172645,1.47536270252
0.701059848741,-1.57341070031,-0.868935453818,-1.28515527715,2.33400860433,0.419346704495,1.11492424324,2.07220989106,-1.93749973607,1.98868806653,4.67418167403
-0.336423095393,-0.636505096291,0.60708049613,0.581844397291,2.89328345054,-0.739117741387,0.289036234277,0.31799736444,-1.44029893511,2.07936929185,0.0440938660683
-0.135074525286,0.080547671274,-1.44208948385,-1.02538927885,-0.459949393666,-0.684649630467,1.26664514949,-1.13905161596,0.669213111414,0.398223307581,-3.81441805729
0.452401563182,-0.00961632667484,-0.336204521986,-1.03637498934,0.637431783771,-0.514133986382,3.67517034969,-1.00464789218,3.62716484152,0.32164489223,0.55705871368
0.0731901266117,0.42375716018,-0.0628181547575,0.39209170884,0.0653548653905,-0.901699175469,2.22757482326,0.990821506705,1.35690727727,-1.84648375928,-0.691730767818
0.702296030142,0.215439377862,1.38002464053,1.51717053396,-0.404252981004,-2.52854536447,-3.6397885817,4.84831606609,2.7090977067,2.79719004753,5.81391244792
-0.919689419965,-1.57205088961,-0.447578236119,-0.309094395128,-1.79067677787,0.651433412697,-4.41879032885,-3.05536905136,2.02112033657,2.58384736679,1.3874285275
0.00548928782037,-0.154763393569,-0.16427204646,0.065258095705,0.328984541829,0.419778918259,-0.735725222922,0.104429998085,1.01571758377,-0.729140819501,0.39281113255
-0.351527257858,-0.0420595615504,1.39929673136,-0.894754591069,0.27173406208,2.22601867507,-3.21665791258,2.82141996151,1.67584471684,-1.10060952825,1.84590639355
-0.073072107603,0.66088832846,0.401310684295,-0.405067406353,0.250615958657,0.229894229672,-0.721466858094,-1.17482037493,0.0694498268631,-1.06139487562,-0.974674650907
0.341618688526,-0.813503616394,0.382387317922,0.522753488713,0.161585304753,2.45129063707,-0.772616301739,0.123959127241,-1.79805605965,3.94118581238,4.77897067865
-1.00980075608,0.369036301337,0.242419260257,-2.95398202206,-1.39678084784,-0.811797293964,0.58713830607,0.3262747328,1.17986027108,-0.488071430758,-5.56219869655
-0.150187557077,0.236162839023,-1.26112310172,0.375781362259,0.572375124368,-0.31918476416,-0.0617748421529,-0.590377271326,-1.22925563816,0.600708987863,-2.56665742539
-1.47915910885,0.0825147188004,-0.824700558887,-0.701969614816,-0.388469432949,0.039264788418,-1.24456841804,-4.77856342651,3.38968880173,-3.15900169645,-6.26348272649
0.123205472142,0.528365837984,-0.126063555608,-1.29410503255,0.120477766461,0.421117062376,1.22963971891,1.10442425657,0.963472938902,1.44744995589,-0.648866030499
0.000994935545136,-0.0394220978426,0.0803040438383,0.0840939974164,0.0310851363715,0.885425397582,0.260984575238,-0.132823581628,1.5727152411,2.171844615,1.16540172794
-0.541168957605,-0.235488325677,-0.932864869329,2.46827311696,0.755714948221,-0.282228989311,0.711607762626,0.536467467672,-1.70388291586,0.997452254376,-0.610067733696
-0.144318893352,0.520240731083,0.78823457635,-0.251769891313,-0.217218719424,1.06357212184,0.101201187661,-1.30635009544,-0.353622121559,-1.0272387257,-0.980040781123
0.44464017986,1.36294522627,0.227331368889,-0.419148193518,2.36014828411,-0.502934024534,1.46291693581,3.17256244729,-0.293840591948,-2.65926692317,-1.22784477657
-0.455611608068,0.146793226892,-0.28725985908,0.972015405958,1.89751734949,0.442685985082,1.63055401463,2.58815904999,-1.46434187586,1.20429964555,-2.04757027672
0.31644622738,-0.434097534411,0.395699057285,0.134188144985,-0.429564023055,-1.54453111732,0.0119122093016,0.243538833864,0.771473466335,2.297858274,2.59971482563
1.02882323405,-2.5753777727,0.359966402324,1.64464450995,-0.603107469132,-0.249393249023,2.64691729136,-0.047479664946,-2.83209745677,3.15947022417,13.2397865874
-0.129751524054,-0.1881860787,-0.768583302195,-0.604464232228,-1.17003053139,-0.361791446151,1.83264747614,-0.200890429379,1.36462827569,-1.17215594994,-1.99078745724
0.243664721635,-1.4694820752,0.441067973174,0.839013278373,-1.05486918456,0.587614907373,-0.590715169259,0.845501598742,-0.482640482051,-1.08016734568,7.24863642127
-0.0990421861549,-0.34554462298,0.545645656144,-0.300404287056,-0.516990010438,0.600566119498,-1.32037785873,0.583452108819,0.226071273448,0.0450469700422,2.5744143746
0.160249109511,0.386681084592,0.100466452609,0.085661224934,0.448837059307,-1.06037694991,0.695078227288,0.130496425883,-0.071880084688,1.3019495978,-0.639904835055
0.066596860428,-0.257675057987,-0.0146100305143,0.886814476417,-0.4621140742,-0.588578633317,-0.326455871191,1.29481300233,-0.375695337324,0.301304799685,1.31035402172
-0.365607866171,-2.37345101498,-0.639923775864,1.29792100583,-1.04267184749,-1.17843507854,2.59038058648,1.22149155278,2.37249615995,3.334516577,7.03740686924
0.231153714167,1.00728830703,-0.326780064217,-0.695335253034,2.27337641473,2.50220073489,0.865403961476,-1.18001349689,0.707308484746,-0.651248247261,-1.27609361652
0.152299063111,0.658690742013,-1.31464956527,-0.112583533606,0.0715799596165,0.726386906186,-0.474992421406,0.0778216430059,1.16177832274,-3.07604003171,-0.764900035235
-1.1390027394,0.431808392311,0.998903532911,-0.187172314925,-1.76170474706,-1.88744656078,1.1867854517,-1.26804521372,-3.97863170415,3.30929232974,-5.23911839322
1.88568474653,-0.981505374792,0.296635291073,0.874566073105,0.159940474309,5.23972683638,5.54789610088,2.3324526556,-0.241433508207,-4.0535992164,11.0050864146
1.00548515029,-1.79464635285,-0.423685797262,-2.30942867559,-0.554881667807,-1.08763693069,1.57651410157,-1.25284988226,-2.63653238502,-1.0212874063,5.97695325921
0.00105406987422,0.119289764662,0.401598180025,0.0227922124157,0.50023287823,-0.250401656996,0.631763248536,-1.03015968955,-0.26718435823,-0.323000885335,-0.74725824749
3.70212435542,2.58396313904,0.559868750525,-2.0742819477,0.00642213644286,-0.209499845575,-0.737708065952,2.81737502646,2.0012826238,6.06200294556,5.91332535977
0.0155342463569,-0.171639216993,0.209247249834,-0.509619858421,-0.0467398410681,0.166650765607,0.776456258356,-0.515563756013,0.0273992923405,-0.152368010843,-0.229982077303
1.22780671614,-0.589742045489,-0.494191089502,-1.96834715377,-0.742225976687,0.869771701425,3.13001886665,-4.49786663343,-1.59459191126,1.76123229754,2.61259501836
-0.191358083077,-0.00974330644083,0.883984537175,-0.444325331387,-0.00619043816142,0.139090808722,-3.10846624197,-0.859520101463,-1.79804024796,-1.17821616928,0.864063719149
0.242607141855,0.426093746271,1.65875377639,-0.0409114740431,-2.04068518979,0.364895259262,2.95935333597,2.6810537356,-2.17733303873,1.8210954886,2.51536582841
0.296203477867,-0.973139298786,1.22408919028,0.634826548025,1.35438369331,-0.116291853379,1.42542353828,-1.32421902531,3.0471641323,-0.0603013364624,5.29263106752
1.77288389491,2.19020221114,0.0129172280318,-0.503475807395,-1.82673483143,-4.39550410278,-3.5429457172,2.04534346712,2.32184678091,-4.54106144715,6.52025583323
1.55150470678,1.51111828104,-0.702147807954,-2.40450933908,1.28754938608,-3.36782027579,1.1668711332,-2.41362465833,-2.5729816306,0.666839713727,0.475904029646
-0.136419939993,-0.169309818003,-0.538734691368,-0.0262737518437,-1.00287044081,0.124113923392,-0.674926981844,0.485320598508,-2.58560639582,-0.907969118061,-0.581527951382
0.0123990682571,-0.155037808419,0.37373649492,0.215898279246,-0.627010130511,-0.7727790479,-1.37970782575,-0.23749248954,0.677681148487,-0.999151473906,1.45910375558
-0.00147191717842,-0.0709011752096,-0.134391940989,-0.14912929018,-0.0811821740181,-0.618900931949,-1.08358657914,-0.903304407794,-0.386548643776,-0.523220539011,-0.266573418406
0.252280081468,0.186169277253,0.767964122823,-0.486518642912,-1.02780068898,-2.5967351076,-0.229075094179,0.347076274554,-0.85220960499,1.36298599884,1.3730938847
0.898254491939,2.4941053145,-2.48848223699,-0.716163602703,-0.824644669639,-1.16565379989,-3.73078006203,2.46899439292,-3.66881567673,-7.57290075238,0.316026505557
0.102452647934,-0.0415783808236,0.609116083758,-0.302393835084,1.24852098323,-0.625116032693,1.01716389116,-0.321237021085,2.11434539377,-0.510693597033,-0.372981955297
0.067054629293,0.15141024367,0.169362358863,0.568641222833,-0.646736561085,-0.0587309465018,-0.732768898925,0.867897866776,0.182816998154,-2.18476095771,1.11130149656
1.10812830952,0.288735613393,-1.16686141127,-2.025727339,-0.577449237864,2.6387164381,0.933487182786,-1.32121855198,-3.75475210135,-7.25224819042,2.4792757112
-0.163115287827,-0.789062601749,-0.767861516463,-0.85508158045,0.0903673143909,0.0495838839508,-0.439748668168,-0.434996850217,-1.50187278154,1.23987362428,-0.637553356982
-0.303292218064,-1.05284786205,0.188049405481,1.89521079964,-1.28349750213,-2.5158425475,-0.434011208403,0.328112794099,0.834101573712,0.836568301611,2.96432338726
-0.0129484716696,1.07996985756,-0.656482382236,-0.65028722493,-0.407596398027,-0.180220959612,-1.29651720917,-0.240016818167,-0.00172951828954,-0.401533058101,-2.07030157435
-0.0210671980698,0.0991972988035,0.105464487169,-0.065500068721,-0.166462139667,-0.397004914067,0.838557428043,-0.650801587583,-0.399815930657,-0.201446599697,-0.73188479738
0.832348152648,0.603734589455,-0.634090718767,0.534920602779,-0.232359663416,-1.7934444448,0.452349624886,4.58097255413,-0.203348981816,2.52697049732,1.61593240996
0.104040134754,-0.418650173937,-0.587485686405,0.994165966551,0.527718379195,0.390256777382,-1.05530617001,0.704678441489,2.40817691981,-3.13198320882,2.62290455461
0.101058016251,1.05212278233,-0.63361450624,-0.729844327967,-0.207750532141,-0.0364431658712,0.257939605258,-0.443772006839,-1.41893419628,-1.04773085303,-2.12816789676
0.109236381051,-0.681490378495,0.855261940471,-0.667771067116,-0.190313323487,0.412568147488,0.942051044679,-2.10918902937,-0.890833455184,-0.0546301813099,2.24567764371
-0.079435679135,-0.324677795745,-0.174676892505,0.0518859956131,0.421397915907,0.347977556875,-0.0718153857337,0.293592220901,1.08500902351,0.791980306018,0.986712101674
-0.563276287758,-0.350870144617,0.929689877659,0.771647723121,-0.0369935354539,-0.391364648017,-4.37916937928,-0.200582850923,0.512515013041,3.10117328023,-0.911148453123
-0.0555017323004,0.3093464139,-0.182058033048,0.136646562085,-0.0329328019306,-0.0988679599829,-0.471370065753,0.297587577533,-0.231295845455,-1.06206053386,-1.06529537957
0.26783590196,0.283812096963,-0.655225851266,-1.980241889,-1.03334946807,0.758768322522,0.110648742027,-0.603176664882,0.0184225329461,-1.6712096132,-0.506012212842
-0.0388736652955,-0.106727267447,-0.0516497974784,0.452315490299,0.521115710208,0.300812854717,-0.766179395985,-0.353897958716,-1.40731588685,0.209807660847,0.284202475253
2.33721839266,2.1405031179,2.91102135978,1.97701427406,-1.6048504181,-3.92863428359,4.38462130019,-1.23556837886,2.57649960992,-3.06543137534,8.55166390663
-0.435084457387,0.496691504897,0.696951835647,-1.35263266383,-1.51725121366,-0.894204877321,-1.74576980691,1.83590983047,-2.03795900928,0.734736563055,-1.84338219996
2.44866249416,0.632931630129,-2.03497637811,-0.60984537665,10.5140189127,-4.41652031736,-4.9639223756,-0.993099219286,-0.855109261731,0.419714712717,0.340269778163
0.0906948057406,0.569335984915,0.125287588968,-0.15711766229,-0.756332215442,-0.64595656772,0.023058797958,1.85788817862,0.105576240948,0.03517860612,-0.631495595256
-0.229309781643,0.249129709131,-0.528480602695,-0.078593213393,1.05830816876,0.659974382036,2.40726848857,2.4905081384,-0.569420271749,-1.10815823138,-3.42706988779
-0.290850926842,-0.166535197218,0.714264451032,0.23625938782,0.547366228094,2.05592640955,0.519231756782,3.04742034261,0.878092474779,3.61528533837,0.790598091365
-0.190574686174,-0.440451772987,0.97733282968,-0.353831541366,-0.036412314101,-0.193858265453,-0.838608083844,0.414119352975,-2.22304905447,-0.022568797617,0.355540721667
0.00516879050138,-0.406575565417,0.13558095467,-0.233272928186,0.00121937499676,0.814188834873,0.108608215735,0.132796242866,1.10283662723,0.355737478634,0.563137309718
0.372721981486,-0.136843326656,0.542741390483,-0.237045309325,0.352835039554,0.408879494026,0.128112926419,-0.6002353835,-0.59398611591,-0.881693116705,2.56934956507
2.23856317933,-0.784881367833,-1.9866624353,-1.97396338849,-0.332042820859,-0.624427248012,-0.903239837569,-3.24804866619,11.3064571882,-5.73598276023,5.82487929125
-0.088469567509,-0.971141782485,-0.265655684438,0.675733304526,0.522717699935,-0.816426008547,-1.1675751376,0.330153760879,2.11087467388,-1.18942300829,2.51345128938
-0.105111348217,0.00242441371833,0.491277303416,-0.61431870271,-0.185318932935,-2.71851811393,-0.586542156951,0.680159416634,-0.330629025706,1.71397129184,-1.40105630491
-2.68269930846,3.6053876625,0.348107880443,5.87472945853,9.58541224784,1.35784647487,5.02138117236,2.15687427704,-8.38413586119,6.85989319146,-8.30435170451
0.269326114662,0.44421703941,0.818086185428,0.633919235037,-0.701086909149,-0.431275065446,-1.03527213855,-1.11583307117,1.52689446407,0.999602130227,2.51004163885
-0.303205225787,0.40288867589,-0.0660736877366,0.37294536334,-1.56116214856,-1.14097578002,-1.45858156322,0.739247639555,-0.105376445212,-0.424964262451,-0.921540021068
-0.515840876044,0.676951778064,0.522096348263,0.00688017044984,0.0938772604042,-1.35420689698,-2.37779285925,-0.914796773982,-1.87200915472,-0.591554639254,-2.34933825453
0.0941265145193,-0.429557846587,-0.261857789639,0.983380902277,1.02320232155,1.32071343087,2.59889429155,-0.205840485577,0.0401403926479,0.415669142351,1.06295856562
0.057853923399,-0.151575819116,0.367160404662,0.854513707375,-0.818902117541,0.0925200860476,-1.05564198884,-0.471062830782,0.809504982002,0.373442913575,1.08608563685
0.00616148566089,0.247405004402,0.196177180589,0.102210678113,0.121361992467,1.15820918959,-0.0136749231842,-0.138060261934,-0.418546295144,-0.18619811422,0.711274178373
-0.652113908615,-0.72385518954,1.67586142204,1.86815784066,-0.509811032783,1.83896046893,-2.46030955353,0.0378014651093,1.45905575781,-5.32121572585,4.75437001207
0.158765568314,0.36360966328,0.681313693812,2.34825758118,0.364262018473,-0.597642466023,0.512748747268,-0.720597674235,3.90631325135,-3.36125052887,2.26917219536
0.0766526088834,0.223663947105,0.593253770971,0.596816204699,0.725402093006,0.564049773407,0.436649854398,0.12951677472,-0.960361582059,-0.461384432431,0.865627828816
0.957026785661,-0.538312217984,0.28261662912,-0.567990311319,1.55325851471,1.47732437695,0.421290385906,1.81004321133,3.99916505697,4.98313128382,5.41875890985
-0.4753292613,0.325140263275,0.0632958752376,-1.32115130267,-0.991827026777,-0.538460789223,0.897884378648,-0.0564315939246,0.00945587165496,-1.23667196018,-3.68572968293
0.208091963886,-0.760901396555,-1.13702178578,0.0481467351082,-0.621369226591,-1.05726119683,0.216640735148,0.933961071403,-0.850508765543,-3.91086475387,1.63377093472
0.984064419793,0.184408667256,1.23616281893,-2.91569673823,0.152616660476,1.48372974605,1.04229510776,3.88317558621,-1.52115538286,1.46777721958,2.94644133221
0.529649107726,-0.638445510932,0.0164278754813,0.593633939535,-0.165196741,1.14668525948,1.95699903586,-0.889148074099,0.65075587175,-2.51331451444,4.30046109445
0.716527766223,-0.170683782549,2.19671915226,0.481719398002,1.49713850301,-2.20542608538,0.77912972879,0.727005442344,-3.15092625656,0.127903668575,3.6648795847
0.56185276175,2.35019329424,-1.36253980861,1.06817453608,0.0214091244013,-0.59723948017,0.620755202004,-0.942716716694,-0.605130402102,-1.12961296526,-0.259411634112
0.205274609142,-0.484866191888,1.32177617706,0.539919691107,-0.617530822748,0.130162841538,-1.64285883855,1.5425732321,-0.710506570491,-4.47019339351,4.39295604184
3.23143125949e-05,0.227897508804,0.504488039001,-0.130728894702,0.696143499308,0.250168394082,-0.619059312478,-0.763846353199,-0.438771101871,-0.572507495519,-0.486160994468
-3.72708506563,-2.66218829163,4.62645456056,-2.8974066183,2.12965128661,-1.9356551087,1.74901143481,-1.53497941921,3.71585788912,-1.55166310794,2.1712496053
-0.473586840207,1.70582572553,-1.31189408398,1.55418014515,1.22245294115,-1.41424314681,-0.547446942497,-2.47202114526,2.07905687955,0.366488468334,-4.60095322599
0.568052943172,0.513781053283,2.03202223435,0.103461559109,-2.88085883418,0.892324326693,1.45440674455,2.43474324013,0.704502873888,-0.694950105429,5.38484190677
0.0394704677432,-0.335379246207,-0.096890591844,-0.341076702792,-0.492574452936,-0.225187008226,-0.836390515325,-0.610967430031,-1.3767218757,-1.68756916451,0.610155337498
0.0188732372937,0.0303726410547,-0.0462583174104,0.158846836176,0.43285701281,0.815578537566,0.764072204391,0.194178581122,0.972233815101,-0.613512565308,0.0269971244185
-0.230681506227,-0.174317736298,-0.77930354798,0.808223061136,0.738804957195,0.84184184913,-0.428681588479,-0.851569017832,-0.547146126606,-1.35391789035,-0.0365834936465
-0.241806884337,-0.0850385587002,0.682777517575,1.06090319958,0.37385954687,-0.472704628409,0.0813773302682,-1.30600134521,-1.90289059378,1.11218498082,0.165997205255
0.0622873271135,0.437070271119,0.218298163534,0.525203811857,0.19602055883,0.163986174969,-0.236616938339,0.166225688347,-0.111608757993,-0.442044129854,0.0582442262023
0.0544192577916,-0.323257116675,-0.286736709502,0.0408130930809,-0.117274743485,0.948602714438,0.407499764108,-1.11656441276,0.225173531896,2.32673390736,0.157043321096
0.165965965705,0.169546339672,-0.709542258486,-1.11053217019,0.161065641375,-0.392957986573,-1.42247153987,-1.02221642372,-2.73447169362,1.706131507,-1.28847557404
-0.256305476488,0.156458556663,-0.0489490500275,-0.430375359886,1.33109816932,0.671440800799,-2.02470120994,-0.149153786067,0.63786466734,-0.651300925486,-1.36164876018
-0.248166313351,-0.588453344396,1.22289892111,1.05819227471,1.02589802399,-1.50251821644,-2.4249901761,1.36111300927,-0.018158900762,0.245558246605,1.82791657003
-0.559017321114,-0.0389451970894,2.45252275786,-0.625922752755,-0.0874690174463,0.581327738108,1.3335103203,1.07125214778,-0.867226793396,4.9595979874,-0.106396200351
-0.0680623019871,-0.58625158554,0.556806722734,-0.455248158753,-0.630960664667,-0.123678574856,-1.30113631684,-0.106159301007,-0.148699054314,0.727700021858,2.34920083461
-0.718832850432,-0.0206017764286,-1.55864306246,0.380194339191,-2.73109351495,-0.0804872606723,3.70989836142,0.806827042398,3.53575212158,0.99682669423,-3.47754021924
-0.316784623079,1.00568632492,1.48127247042,-1.3865054221,-2.04368737933,-3.40991986556,-0.236259207972,-0.0943696778086,-3.42851133358,1.13139971592,-2.84932946351
1.47250330567,-1.42940388334,0.307013752713,0.257875092484,-0.156680085596,1.17829844304,-3.11460862128,-3.20157141278,1.55963819552,-4.48202302254,10.8146561642
1.00460411104,0.551830580961,-0.517277884902,-0.882677220491,0.985597677712,-2.61720409545,3.06226572827,-1.3960546431,5.2214263321,-7.47229117765,0.507336559628
-0.0415910990579,-0.362209539654,-0.233973429173,0.34630345982,1.21731327095,0.381984947468,-0.438421235838,-0.780445025403,-0.252505850872,0.250588412469,-0.820864908785
-1.09532570269,1.09791502957,0.433026936706,0.558449383729,-2.37701470854,0.841099982464,-3.28624703772,5.15946020287,3.26139022667,-0.567775170005,-0.546524315618
0.011882781685,0.0359891931006,-0.28440381526,0.122055997261,-0.283839681671,1.04741993631,-0.0912821630645,0.575510119987,0.214839968481,-1.5170411401,0.856330542479
0.0735117055982,-0.0913235653362,0.577951153358,-0.61126042387,0.0533102256088,0.687786064792,1.45022998851,0.170560160706,-1.06156204005,-0.315316799513,0.666305674737
0.954872531893,-0.637861762053,1.71436346744,0.768962117455,-0.795790642926,-2.52619403949,0.0501717944614,0.822771024085,0.30523736301,-0.988755218097,6.90974419016
0.0213337044682,0.0589476905876,0.824812102983,-0.653193780402,0.64690277722,-0.782578014807,0.0829187641933,-0.942858481865,0.500675606197,-1.13464795985,0.0517493537828
-3.52652612086,-0.0350899931695,-0.126433178959,-0.181157994544,-5.64254401038,0.819652188884,-4.08571553512,-4.49413934077,1.64501181539,8.69515549405,-5.04156721464
0.562789952755,-0.652925681767,0.757989537728,-1.43184704322,-0.757821802597,-2.097152613,1.97599513693,1.47641379949,-3.05258480423,2.42001907174,3.02951326488
0.0186810792196,-0.0143493485691,-0.460057373358,-1.22698379667,1.36606532869,0.357415795318,-0.781221817498,0.217410998393,-0.112313824383,0.383366481016,-1.81512333257
-0.297464359938,0.672154821551,0.891805330487,0.805230425006,-0.551710400308,-0.0217032631701,2.17040694628,-0.834317952761,2.37215937715,2.4726756536,-0.366532168275
0.126342375303,-0.0937326126705,0.232451977317,0.66372439804,-0.68834087263,-2.13286407279,0.443955881426,-1.57253880013,0.534959770443,0.560230422032,0.734999765431
-0.503057989223,-1.09615645949,-0.873876042608,2.53042971129,1.76394234245,0.053113784067,-0.328163680074,1.64812413657,-4.40213305883,-1.13345032476,1.37057411153
1.63559475723,-2.72857667569,0.430539549975,1.91663043527,3.75638650497,0.327634972617,-4.6210169149,-0.550157360828,-2.03319583627,-2.67915506663,16.1928142252
0.165541514124,-0.647539804703,0.496466533517,-0.384913604101,0.920857757581,0.150240401902,-0.244680723536,0.876413422932,2.50793938069,-0.37658755371,2.75004764052
0.621056746277,-0.138079973001,0.796516233877,1.41757688761,-1.43351005371,-2.0820972396,0.682732400456,0.295870359706,1.16020001775,3.47461795189,4.39495976803
-0.09564192224,-0.0416920087446,0.424172784008,0.527206561557,-0.0697065487096,0.794207576374,0.066365324611,-3.01039949191,-0.035613764339,0.576834635035,0.331385191112
-0.138178901888,1.25312447121,-0.508954380681,0.587190425729,0.795968569728,0.6992576822,0.117253575541,0.470682004819,-1.11687284001,-0.281468728871,-2.71847609469
-0.659365505084,0.692817129193,-0.920453913511,1.18925369678,0.839632620154,0.0466645703405,-0.0233774317795,3.96467772775,3.93001736789,4.91247638242,-4.36636932964
2.68255001945,-1.71638404913,-3.72559157,-0.274737112264,4.04916277818,1.62816531776,0.333706954962,3.40220366845,-5.90988632079,-5.19272647626,7.60104353526
-0.179552543266,0.608293370891,-0.431045308749,0.237992466183,-0.334110162809,1.32599898412,0.459805099667,0.329830976012,-0.75256095825,2.32914199691,-1.3546637572
0.039267840996,-0.616598088988,-0.00373615894563,0.155383727717,-0.380530215579,0.0328370642445,0.609680780474,0.425587442377,-0.0574033362845,0.219910588796,1.08280520812
-0.0854312257554,-0.014059408454,-1.0143359291,-0.560993460398,0.142599403707,0.458844285433,0.951345582413,-1.00763492798,0.610425590257,-0.75947487429,-1.55640120236
-1.38750552702,-0.862013529589,2.10017619319,-0.41879076351,2.87675333164,2.6184109769,-1.41814326826,7.67347812989,2.38708808952,0.928837636488,0.372460166082
0.0388206446892,0.866812286565,0.307094608617,0.169851089685,-0.0373983654386,0.661121536818,-0.541964182714,-0.115112818755,-0.846060868862,-0.513517681789,0.126527403416
0.00877454410802,-0.0373505737814,-0.495608807956,-0.175073532069,-0.0854135508889,0.366215144402,-0.963574683706,0.333015953786,-0.958481134151,0.426284135272,-0.503283352987
1.03831641505,1.3832832191,1.33994439796,-0.816444515647,-0.781875591751,0.840175628266,5.17302646039,0.360237083997,1.96439902304,8.84300454797,3.05970482602
-0.0815656763809,0.0566797410295,0.179401276915,0.3767237958,1.74937588028,-1.49621553845,-0.169635842528,1.40870190796,-0.441489162696,1.28421205896,-1.36811333971
-0.214368286295,0.167006244555,0.0239886375953,-0.489339105404,-0.306671258774,1.29423548597,0.790340078339,0.729376344023,0.934425602234,4.00816435439,-0.974776104006
-0.900473271415,-1.34331631231,-0.519162188972,-0.792687087488,0.128850300625,-0.231676932342,0.854877346978,5.04413621355,2.07303881137,-0.638898471335,-0.342923906765
-0.359635065771,0.898715838156,0.530401052837,-0.376917264093,-1.65080967378,1.04243021225,0.265397570995,2.71801426769,-0.0152478360896,0.224085028881,-1.12774785972
0.868935348626,1.01508167401,0.942915563461,-2.43306708971,1.17546910214,-1.57694597939,1.31611068057,-1.07909629739,2.81842906954,0.437085804281,0.626430181132
0.584492434833,-0.432278247686,-0.446760282559,-2.03345636522,2.36603396781,-0.933377707205,0.950275827322,-2.91570017829,1.93596761543,2.28052135136,-1.02710586858
0.0255644844021,0.0788358737603,-0.0409103938779,-0.228111623988,0.175653393256,0.627099554097,-0.286422826814,0.358352007557,-0.513196240059,-0.121583025075,0.160652633008
-3.54737613602,-2.10433085709,1.55889112726,0.623491589059,2.05462074555,-1.64760866175,-4.16376827191,-4.11543379122,-6.96404031061,7.20995739739,-1.04624462249
-0.0633371573971,0.0429884564079,-0.603069115891,0.224776622594,0.471821919459,-0.56977795971,0.28329410866,0.515280659724,-2.13803864031,0.249052552783,-1.6812895079
-1.01876450596,-0.638483544406,0.680063019989,-4.55297502965,-2.72612463609,0.844458350369,1.51604785261,-2.75640023184,-7.96740803138,1.30586069822,-5.03804217213
0.120625422116,-0.593321940965,-0.6627328007,0.563562916027,-0.288970689481,0.0391122940504,0.818363497102,1.97669071619,-0.124833334927,2.12883619852,2.05303103657
0.798066989467,-1.24351446541,0.353464155857,-0.74375708385,1.798572111,-1.60389997179,-1.73022875466,-0.130829179455,-0.425407625965,-1.85276926611,5.67210975913
-0.80043160089,-0.605247749221,-2.84044825257,-0.25798278784,-0.129465900387,-3.56636731874,-3.39297482302,-2.63090550382,0.72357302725,-4.00108643064,-5.78090698491
0.28524158952,0.325476147151,-0.712315375297,-2.32417687632,-0.462547942899,-0.918703715523,-0.15031184371,-3.19478913001,0.33992894557,2.69049346798,-2.75784021285
0.0716493086279,0.534910769446,-0.32462340804,-0.399091911176,0.771514150087,0.620157386524,-0.0776315533557,-0.716646454493,-1.14058988124,2.48811539819,-0.984847999116
0.0136325024517,0.269609821328,-0.0941385863561,-0.150415189887,0.312223490873,0.487884488509,0.310478096521,-0.404678811116,0.935855245508,0.391051725057,-0.475030401593
-2.31856553339,-0.793195955134,0.755493158486,1.07859339615,0.388563947626,-1.09192060062,3.43624866119,6.55666603526,-1.3227406755,-9.22698090506,-2.63807013406
0.127001106086,0.0876533848708,-0.902581911839,-0.903800037423,0.927729218545,1.08146660418,-0.549022653141,-1.22214963753,0.839420045986,1.11361938176,-0.191934048832
-0.415873288136,-0.479169392518,0.0208022582673,1.28013570056,0.264210332549,0.988197489823,2.1700790871,1.71354696038,1.27683489954,-3.058649926,0.359884969512
-0.23748439757,0.661793344398,-0.89188638775,-0.571131771581,2.64744236671,-2.00177597071,-0.47339169354,0.326056728424,-1.48907660013,1.55015999916,-5.38517172895
-0.337440799873,1.15929017332,-1.01456316595,-2.09038211353,0.493420130395,0.982614928088,-2.36330906817,-1.73829820386,0.645480459496,0.538792473328,-5.31580841873
-2.61398733108,-2.61367260812,2.66207667082,-2.01965972502,-2.63690162057,2.79387055083,2.1040728891,-1.03484140307,-2.16494825745,-1.35966819462,5.06824165146
0.00778595377681,-0.244869243268,0.785235459229,0.251236434598,0.0858474500172,0.511407114237,0.624365378012,0.497488399417,-1.01326273886,0.494641344896,1.88717111984
-1.83583475248,-0.85865267889,-0.917003785094,-2.57822720694,-0.392334917837,1.45597235125,-0.49336621978,-0.922122035908,-1.87296663996,1.19412203136,-5.51445233775
-1.52910866728,-0.869023204435,0.561302491982,1.54981793492,-1.39510422315,1.98907312105,1.03716644988,1.4788220755,6.22572873856,-3.98833801838,0.793984084167
-0.596680539323,0.183639416789,1.89437050162,1.09339375623,0.864141572315,-0.63592491613,-1.36174964051,1.62965253804,-0.647585531433,-1.51421319284,0.247864979557
-0.643582575995,0.124152805484,-0.743025686708,-0.889666847795,-2.04699454613,1.43404991626,2.62086136942,-0.6731077866,1.56060698163,-3.1713657791,-4.0076359091
-0.128039373942,-0.629714225485,0.0766299050126,-0.754177643596,1.32991960478,-0.740636601498,-0.411820630973,0.71793688684,-0.594499407755,-0.995098920657,-0.76609337442
1.08836464794,2.73580669587,1.31266278214,0.038582155832,-1.50976281653,1.54188907142,-1.97555115888,0.339583521959,-0.466312097483,-1.22682012613,6.64470163058
-0.127858522318,-0.111615742241,0.222923293646,0.380880964086,1.0392170376,-0.131677694497,-3.76242608881,0.806088578334,-1.14285936653,1.9478562216,0.533972082328
-0.721546298267,-0.386297660491,0.726091152012,-1.60419226542,1.92468959909,1.30493169812,1.04460296408,-1.18406600872,-2.01430320416,-2.17875995297,-2.83420274032
1.74940998368,-1.45472835124,2.10894598269,-0.561209126072,-0.499069792794,3.77619706934,-2.99432921633,-4.57149574295,0.229683039482,2.47790530248,12.3700885378
0.831277024828,-0.666462323848,0.190727673908,-0.752519577297,-2.02213402607,-0.574215785551,0.817592696011,1.46407697361,1.69620139463,2.14577290867,6.18411152333
-1.06624278621,1.32224712322,-0.450343151674,-0.29016314453,-0.215413690225,-1.91544565312,3.0756796198,4.53080421762,-1.23819829188,1.57562426754,-6.29256592215
-1.41627806336,-0.93220477071,-0.765026605619,0.698500440372,0.171874780381,-9.58117133492,-1.45965706213,5.26791056205,-1.74993348266,3.00851270671,-4.42288558628
-0.705623878602,1.79760053511,0.422948746916,2.0051147664,-2.09335346231,-2.55210921899,2.27301713434,-3.01718855278,2.83710330316,-3.76407164065,-2.18088931533
-0.115201759817,1.23699231204,-0.805259325143,-0.143758841944,0.967285729197,-0.383818005022,0.426936566711,0.257137613841,0.328990886236,-0.982855720627,-4.227075643
-0.926214324226,-0.0375422869481,0.0028721807389,-0.894354765507,-0.691412036097,-2.18313424757,5.30417733002,2.43528108135,0.216545569937,6.51935799055,-5.81762042591
-0.014081691905,-0.344045844726,-0.0307481842365,-0.0594897507019,0.20417754283,0.0859874318304,0.18232106321,1.57586922788,-0.42625289001,-0.271725740866,0.344975938473
-0.737710848719,0.1277514249,-0.926154505911,-0.195986630158,0.96716804914,0.116909875847,0.845826012195,-0.945503889632,2.90045845336,-3.83234435108,-3.25476312644
-1.11556507886,-0.575427842044,-0.378876046422,-0.641181577494,-1.02950034303,0.604608724963,-0.356648229325,-1.86671715058,-1.19463920047,4.81474323808,-4.76641154932
-0.101788717528,0.84090910799,0.176174983619,-0.129789498647,0.195573448956,-0.44103703242,-2.67652368728,0.034637952009,0.565697196585,0.630796417471,-1.04568410041
-1.84078721645,-0.510146892482,-0.190342843073,-1.76437775781,1.39575069377,-0.101830261986,-4.46229319389,6.73705399871,-3.94834777412,2.40305830876,-5.4535806495
-0.0564507752079,-0.0655018898848,0.0957323236522,-0.581386212786,-0.243547085079,0.310646131331,0.725102671647,1.03721758431,0.833023702835,0.0487022403693,-0.286297354847
0.020783039459,-0.30651201445,-0.305170768567,-0.00366464402614,-0.72962778229,-0.430569590618,-0.277775588893,1.16940904685,1.29806258227,-0.115949697945,0.905039577386
0.538978161302,0.515914164443,-1.66917944328,1.07114154585,-1.29067606697,-0.00039124036279,1.82166619364,-4.05309046186,-1.19927174039,1.09798996846,-0.849547413972
-0.716871760439,-0.0942102064091,-1.78191218261,1.66136500461,2.94648743088,-1.93317082269,0.744391424922,0.143976414457,-0.102831660086,2.25177911827,-6.14909435448
0.0132787390951,0.156650823388,-0.31049685571,-0.700251574223,0.458391786757,-0.501267982821,0.787837935433,-1.07203867667,-1.32462617858,1.006869049,-1.62784057736
0.01924346248,0.00982537812075,0.106781416123,0.321750007715,0.413537176687,-0.301831413111,-0.452852380271,-1.5856748749,-0.331876887153,1.88442456982,-0.538535566925
0.0527509840225,0.0516633783286,0.145220110436,-0.531679835015,-0.00900236621504,-1.51983628192,0.760192914318,-0.536430132355,-1.57494009989,-0.64404974018,-1.51206890222
1.2915601954,-0.0416512833486,0.525267169692,1.5462693425,2.65131510696,2.94785098127,-2.62799002534,-0.438388526969,1.58655036654,-0.253377948957,6.26322662355
0.926957861631,0.513586221134,0.660597833248,-1.47131516886,0.611164360428,-0.655906974209,1.75735642752,-2.06947018366,-1.99412030621,-1.92760857883,0.913459762815
-1.22347959843,-1.13549002281,-2.06527111833,-0.792550346744,-1.44052806652,-2.02412590879,2.61219099259,-3.76864246027,4.11791383121,-6.789456731,-4.67665987741
-0.143296904767,0.0906676270691,0.117183944897,0.935016573343,-0.543746321417,1.33574471391,0.55444360197,0.782903512122,1.12756765128,-2.02999679352,1.10389933124
-1.39017826561,-0.566634762774,0.680924508476,-0.614873026539,-2.38523775046,3.75521801626,1.65061714364,-2.46435549265,-1.58128611396,2.23398763733,-1.76059184422
-0.520314331029,0.231356670082,2.08369092622,-1.53016419175,-1.53836110784,3.10492626742,-1.07261632243,-5.56708875716,2.68828616326,-1.83692879029,0.260939322493
-0.95923782026,-0.392879845794,1.81577760275,2.5194188971,2.34841808727,3.35465332868,0.506215138506,-3.75749480509,-0.0915995052272,-2.59163421008,-0.0557162616012
-0.517422050613,-0.429067688059,-0.577686147422,-0.910978879922,1.29242776602,-0.24540858906,-0.695404092431,1.01619757216,1.85840932115,1.86418840453,-3.09149880523
0.208458931297,0.00694451179147,0.117741629528,0.506774988537,-0.885626966131,-0.438934756774,-0.65221134328,-0.310970934641,-0.847077644182,3.92342235466,1.30563457225
-0.0182739320106,-0.146131871133,-0.216843268079,-0.0630821020893,-0.133127496238,-0.240845554067,0.492959658636,0.0856668826956,-1.18214403626,-0.617839696499,0.0961556680943
0.00284920642992,0.0605544976813,0.30542197416,-0.561321281713,0.542395259257,0.560031409499,0.209049881489,-1.77880871132,-0.586543573679,-0.299318395537,-0.0479318380324
-0.00713349930975,-0.0205194209726,0.378764133011,-0.535693151239,0.332279563889,-0.376613037666,0.0402497172382,-0.491706403519,-0.318530965237,0.351253686435,-0.253518362963
-0.991863296443,-1.08295445077,0.100329938353,-2.99054216015,1.27058210896,-0.141905112965,-1.74579886183,-2.53734713544,8.24043853789,2.04717845268,-3.48546503705
-1.90355222227,3.83957731774,3.11664170216,-3.94772052263,1.91253900904,-4.477855994,5.98769874044,-0.551660931577,-0.864985400934,1.9423957559,-8.62610875279
-0.569009312768,-0.272877988813,-0.201295181311,-0.714932075447,-0.327048580613,-1.97594268281,-0.361031923198,2.30569508135,1.20093317404,-0.87639174192,-2.62321597137
2.26146504389,-0.0249921499996,0.568409569923,0.244577200191,0.0373398182157,-1.17140504763,-4.87083940634,-5.29743601293,0.0199878187465,-2.26430057193,7.10057574858
-0.847452424532,-2.23827678819,0.106830070195,0.885176778483,-0.539479250285,1.89836604146,2.48877461175,-0.752417491945,0.889400546203,-1.68624635958,5.80012843032
-0.577392667529,-0.819547091673,1.62949079947,1.79549159946,0.052396432704,-2.085183423,-0.987781869571,3.69895854072,1.42789488792,-2.33246586761,3.2734211684
-0.178716076494,0.707183051866,0.790564186458,0.0969393102342,-2.18039499015,-0.850115508517,-1.87426333867,-1.44590048926,-1.91029642327,-4.0145267547,-0.00795244894471
0.470620567719,-0.609794728359,-0.160412494357,1.7826750824,-1.50572840609,1.5949507035,-1.47731513585,4.43057446265,0.446772944409,2.12811697998,6.21328859974
-0.382464514198,-0.140262347944,1.14292106028,0.478483525158,-0.561337446935,0.746693885841,-0.565598331558,-1.52972030195,1.8626715763,0.966182887881,1.07200155924
-0.051654795077,0.0705030652236,-0.364518750167,-0.283640683659,-0.0871937217363,-0.0406351765478,0.403567448087,0.779585888839,-0.933906204945,-0.165104550548,-0.820958368553
0.768947643552,0.339606867637,-0.719554585288,-1.39364063359,-2.17462739121,0.136511966796,3.7383167035,2.59307971611,-0.769932536456,1.15905331266,1.91236365843
1.33329753348,1.20450626037,-1.19230124081,-1.66382148176,-0.751154453714,-6.10631537904,1.43644036674,0.404760622311,4.47386452596,-2.47934390395,0.405656811859
-0.752912923123,0.197225794817,0.675368606332,0.274515389287,-0.960577334101,-1.33362372502,-4.37505956148,2.2811215542,-1.59977436181,-0.745564368911,-1.53737450338
-0.106916837243,-0.0920880075378,-0.337747294421,-0.744841658723,0.0575241702587,-1.55663880239,-1.74699515296,0.763569685393,-0.602123911486,1.14567377715,-1.61596289268
-1.00446246165,-0.352607039453,-0.343419534334,2.09803629512,0.173064205404,-0.0151513670913,0.134547521519,-3.06629670774,-4.85259956758,-0.3307497389,-3.20599654862
0.623423060496,-0.693706651236,0.250305762167,-1.25260525912,1.87994054313,-2.31737235025,-2.41635610719,0.961066841458,4.57868523025,-5.24720397574,3.05500584197
0.0591045198119,0.679317448638,0.328986267936,0.938287177814,-1.10808059733,0.959783560137,0.827976325248,0.244609820506,0.210105789416,0.409350060358,1.00604465155
0.0150067498331,0.37480513122,-0.375586242748,-0.213714601384,0.366324139098,-0.383931472321,1.42567762799,-0.40982629499,-0.56275218421,0.026389281951,-1.56175304828
-0.863761378373,0.229474946633,2.41899137916,-2.39774141997,1.74258767925,-1.342896728,-3.81221615193,-5.8721738466,0.0276095079612,-3.79181125202,-3.40803898596
0.471739227778,0.517185396825,-1.14178728442,-1.51575474247,0.979045535874,-1.97854053515,-1.39260250229,0.479427647318,1.79438096957,0.468475431072,-1.51417186273
-3.52233408707,0.158430564687,4.65902562019,1.09943808865,-2.6717825803,0.891483483332,-3.29826545923,3.20553123882,-5.13650374516,3.4127890066,-1.67465424947
-0.278574661255,0.522191410067,-0.223774686628,-1.4011442001,-1.60907990259,-2.2396546865,0.574859560927,-0.798646097738,-1.88436583426,0.0909383031228,-3.55371317842
0.0624753883877,0.682611381846,0.79260703291,0.532713407538,-0.312144175639,0.6316399445,0.765133592437,-0.189906432601,0.905759642725,2.96002975873,0.497004859774
0.167035999648,-0.351837454005,1.40384028254,-0.501050054813,-0.0450067545977,-0.00255040592653,-0.21347978247,-0.849853398253,-1.35400084957,-0.141145184558,2.98904317469
0.43517234209,0.164597734542,1.24109127893,-0.226243389506,-0.803919447798,-0.37365857638,4.34963331963,-0.616319890048,1.15225960378,-5.67394166756,3.01566538817
-0.428763813938,0.43917966363,0.573621500859,0.937235836917,-0.157105315966,0.650737981019,-1.19511599623,0.937111580331,-1.51286390966,0.825021341972,-0.0765988740075
0.70527119445,-0.344628960524,0.307545522223,-2.73882220263,-0.541812605361,-2.44751753487,-0.460703566122,1.03489622771,1.16608547674,2.70711991561,2.09458164632
0.0473463339432,-0.360609579114,0.452888056353,0.83277309571,0.397013220764,-0.59243617293,0.221113482288,0.348708640659,-1.69873858954,2.06485941416,1.1808379193
0.445390714364,-0.972846004664,0.470275975859,-2.84415072467,-0.595605864799,0.00123952367659,1.55812418126,0.284954046963,-0.0275224618103,-1.72840733362,3.39111470592
0.555117224964,-0.238338680248,-0.883678725768,-0.563042133931,-3.60403688184,-0.663213471812,0.69714289815,0.875971130438,-1.56971827198,0.667127676649,2.32955891555
0.7468453796,-0.63601900361,-0.606298322823,1.76973441322,-1.0226971518,-2.30105094581,-0.796319911609,3.31695637614,0.87187302662,1.23829816256,5.46526023144
-0.0137048033588,-0.108273817533,-0.322147977935,0.273543016367,0.217410192948,0.368908785197,-0.0845966389519,-0.806006662514,0.238507299938,-0.61693697274,-0.311626171517
-0.361415112184,-0.248702183604,0.728571750245,-0.165217832594,-0.37547438984,-2.36690521388,4.27422910043,-1.68593536268,1.6786458091,-0.324402164039,-1.78870977993
-0.797498526294,1.32400462895,0.269254673721,-1.0436140183,-2.61729903995,-0.603522634185,2.55964509028,-0.331448414891,0.228341795331,2.4441371725,-4.38513478501
0.128482259885,0.718849872562,-0.361898003023,-0.127676109572,1.12553150677,-0.650036801422,1.19072805126,2.38169560168,0.822723914027,-0.740900487478,-1.92120406692
-0.0567420503213,0.293353171565,-0.00107360220112,-0.425868410975,-0.293681817368,0.630786659476,-1.56074456563,0.11078532578,-1.06458091129,-0.557586354757,-0.173233033362
1.21280638864,-0.756407325091,-2.03233330303,-0.343513168822,0.801000927435,1.61997979585,-0.480211221529,0.67109002754,-1.95341378586,3.97633829779,3.56501403348
-0.227292054186,0.162505032707,-0.142817404469,-0.689540274926,0.611101127956,-0.240165079491,1.57069386688,1.24183933599,-2.35051035502,-0.100115695088,-2.57051265699
0.289326635859,0.299355169078,0.733710251861,-0.228837788483,-2.17978495023,1.43458828036,0.297521281391,1.06501797838,0.394642203453,0.753262112864,2.65271794878
0.511026827474,-1.60289275951,3.02467992796,-2.17156936041,-0.877670083612,1.7797363889,-0.339573031387,-0.0461912409746,2.30287509385,0.143023352176,9.20103498767
1.23391670813,1.61871239576,0.51730562934,-0.667926625168,0.527473821941,-4.07327291265,1.96003136957,6.55744837939,0.015686907545,-3.85684326468,1.77957404623
-0.578185422397,0.273095421869,0.509657449494,1.41669009808,0.286069748808,0.681943812368,-1.66161244596,0.946771704931,-1.7442232927,2.12421617729,-1.48196041385
1.26985240496,-1.28953684655,0.86170246002,2.73126787077,0.120037880713,-0.534631451052,6.53234283766,0.850134561647,4.0291411936,1.03146492029,8.71928936638
0.168447632302,0.255058264161,0.212559862221,-1.65841791467,-1.67598669151,-0.109692868617,-0.493494987583,0.204436750477,0.318807443637,0.642786630509,0.0989269089418
0.804163233337,0.837699571895,-0.582471747739,0.0872551417935,1.09179226857,-1.61417862439,-2.63403045589,4.95744578065,-2.80428613083,2.07314383429,1.33510509945
-0.260627394151,0.0560613885965,0.689224445231,0.871121117872,-0.911865981812,0.556751175103,-0.980273948146,-0.994827306579,3.59397366285,2.67767950144,0.775048387156
0.332854836667,0.515002760574,-0.961845246022,0.471858268917,-1.79454348693,3.79325821015,-0.24005736983,-2.44853481325,-3.6522523776,-0.16649288723,2.20967049056
