x1,x2,x3,x4,x5,x6,x7,x8,x9,x10,target
1.29927334986,1.8079892427,4.3009251899,1.1928899254,0.178579476308,1.59454881892,0.893219108563,0.728569085416,0.434093992831,0.336361498671,2.33597531393
1.28656604838,10.544616293,2.73759213373,1.64193406744,1.51201321435,0.572199310088,2.16497489021,0.928418278801,0.341270036573,0.940866500144,1.23003311898
0.477918833294,4.43559672405,2.17580570974,0.316854062551,0.260248145129,2.72727759568,6.0050759047,2.19608974008,0.359281317978,0.394750846476,-2.21949826321
0.883694207823,0.406420688805,0.310418771252,6.3470642665,1.93776909004,1.599007949,0.270560320782,1.03574435968,0.867824215886,0.703780729872,3.00448920294
0.195623421246,0.378053191826,0.590785238193,2.97791116595,1.00575995697,1.83632332629,1.85755895512,0.181115596692,1.74334796716,3.82962610109,-0.226378489823
0.783945593449,1.21417242534,0.2537781883,0.282397215678,3.18051572936,0.178526752699,19.6659580901,2.63567723457,3.78591763159,1.12006408037,-3.72551640881
0.833961287737,0.2921161888,2.00529229596,2.60509917283,0.940358580089,0.663445086581,0.143650443486,0.59213874535,5.19270395227,0.444368079711,2.82402225186
1.69910340153,1.10444490153,0.288657639659,1.23907336327,1.87862448725,0.482477799447,0.683856183242,0.257715768252,0.872115289459,0.339206378616,-0.739641248037
0.499817046349,7.52099587207,3.21320156888,1.25230219911,2.09686055185,2.05310620134,2.4802294048,3.32213082949,0.163966441097,1.09411716988,0.293754932414
0.728751080513,0.324227228741,1.19542375453,1.41564225753,14.4576360568,0.796627205113,6.3708429001,1.04127781788,4.64201628393,0.718766796119,-3.07297248699
0.924465666358,1.13048673164,0.703955947744,0.56820061309,0.424112490905,2.77237877222,0.236223108463,0.397196250097,0.746143520895,2.24344299924,0.865600237877
0.482837360782,1.53019642838,0.696809157967,0.906405773152,0.581928021724,3.66831024968,0.414583876575,2.70699370112,1.32746513617,7.50462677052,-0.310425512197
0.863574940753,1.31004942169,1.29842612236,3.13567181808,1.80629741181,1.34994061802,4.95544487855,1.18815943664,0.858206259885,1.51908198785,-0.340838768816
1.06943906605,0.666042001274,2.62210393669,1.41773094403,0.367944232221,1.15291158483,1.53669209713,0.949329041537,0.394356571313,2.36435786471,1.97989761206
0.442894760621,0.643022485234,1.67154691327,2.10960742821,1.76371380179,0.578114320774,0.582311674008,0.550784900229,0.863152527747,1.85762399538,0.772553831639
0.394601903237,0.433143895065,1.08768284265,0.561794510079,1.30737794344,0.499226978909,4.4378888976,0.481895870693,1.04821632083,0.88025756731,-1.33042585784
0.153059251435,0.628467270688,2.15881690489,1.85359570995,0.218274855295,4.79907700164,0.707582777047,0.597852269325,2.97790958757,0.662838227371,2.45159445855
1.81597959125,2.23314081348,0.932306825559,1.1975593178,0.45477347696,1.1579437608,1.18564000623,1.29617653958,0.786208212825,0.734619496813,0.322898811054
0.798183549832,0.0493753130975,0.852804202452,0.526819772395,0.284810120359,0.345908653818,0.981450132695,0.246518100222,0.93740745437,1.17579963471,-0.0412399457819
0.808133381666,0.36906794143,2.89536469254,1.00661592902,1.37811852507,0.369444089402,0.723293362435,2.00792988641,4.04589370672,0.174756422792,1.36309302507
1.43508005224,1.33161595458,1.95229793694,1.20305593565,1.71025376625,6.54557885494,0.147649436256,0.376252401185,0.989893316753,0.409247456731,3.08934184913
2.27203178175,0.940707952982,1.83986849269,0.120832652789,0.993498365998,0.138394743243,0.618278259976,5.68954244841,2.77633489083,0.785115958679,3.47527853916
0.194822456808,0.0844681162018,2.78323351433,0.914744066281,2.5521852127,0.597314185506,1.00285936127,1.3402441791,1.8023037718,4.10605886922,-0.327618438039
0.974585359155,1.61990777314,2.96792623966,1.59694426783,2.05881199251,0.166116450055,0.916742956275,2.3350507511,1.26914239605,0.314842223129,-0.000828896217504
1.49643852847,0.62047599593,0.333974964825,6.90014762984,1.01002769088,1.23900834758,4.07531306814,1.34403130504,1.10534774784,1.02698758491,2.88369673179
2.28590531065,2.99165262579,0.91435844264,1.30688942426,3.84904516804,0.855826060675,0.990971379029,1.17404319085,0.939207431687,0.833464053878,0.701489555942
0.3043364799,2.67191203053,3.16080153863,0.941687807036,0.944833361264,0.211355356113,0.387577139707,0.721925860602,1.27484070296,1.10743597766,-1.36996789908
0.781352572301,3.84481088611,0.609104550078,1.16288436166,3.27183519352,0.477213398075,6.43626722521,0.150148359864,0.373555186225,1.58831301521,-4.70256911327
0.234062796897,0.884603191705,1.26113059616,1.91061909985,0.759383563096,0.779499758385,0.627275414724,2.64735865306,2.31608414751,1.37648550716,-0.49586528993
0.288873507088,0.526222916381,0.780528517299,4.58592612884,4.10551606781,0.574513348141,3.43110129697,0.247045820627,1.73840384816,0.314927029876,-0.56546598717
0.423728715579,1.17073041164,2.16714500666,0.646662138936,3.68104737777,0.3632881671,0.65382280739,0.310012483372,0.567661707082,0.719117072067,-2.35582399778
1.93269993051,4.26332193739,1.58277026112,2.58242318229,1.17596430454,1.52610296573,0.343651741207,4.26201326885,0.233005697649,0.247613129814,3.41449327489
2.13995837138,1.96487372235,0.592166574899,0.90224929107,1.1555137325,1.92433733541,0.735796553709,2.57865052524,0.350179396836,0.940413998194,2.05812311492
1.11328173842,1.44044165684,1.67137370444,0.98336441362,0.352046745158,0.854500691005,8.02905671048,4.83808936281,7.33595319362,3.00961815594,1.13387159663
6.84176771755,2.03595791053,0.614806198602,0.365824972063,0.599267669996,0.827147797228,0.2913041594,2.58370186328,0.175032417555,0.270642200932,6.54534440538
3.37841701798,1.02552710455,0.0876700641255,0.200940134945,0.30226282813,0.0924224881754,7.07207358789,0.18115271493,0.335041306231,3.31108246225,-0.0583091910291
0.547009546359,0.722838673316,0.745331879732,0.145131985889,3.30093204546,1.95634095236,0.892513441902,2.8293685309,0.121259557357,1.65155582655,-1.9346784647
0.719838943941,1.22940271968,1.57230726557,0.531671978489,0.491030153106,1.3057324218,2.52719042407,0.687575145116,0.514938501324,1.0338260378,-0.506257714141
3.20074884166,1.17360148707,0.414840011945,0.384979607298,0.78103871511,0.273260760358,0.319677388453,0.626416985283,18.0162706182,0.872224393011,2.89273874494
0.294722040607,3.15278991301,0.308468445891,0.878005783472,0.396008339872,0.476093361854,0.423376560386,0.64375497678,16.7923990422,0.68587741165,-2.2292582685
0.552552193867,1.27490721682,0.202575150107,0.311066295382,0.731564357467,1.51923076576,2.80660701572,0.672683103263,0.640859718806,0.224526354048,-2.15063502264
0.234094622065,1.57685675342,1.76976313065,0.855105018158,1.72452991399,4.09618237119,20.5429559217,0.0633354986506,0.433366517754,0.381018202171,-2.42626838477
1.55604717281,1.45338933777,2.11505814365,2.11276317636,0.805270238789,0.598885115176,0.107940647903,0.361133058659,4.07064137668,5.32105599036,2.91636243797
1.0642966944,0.95200669534,1.76638798094,0.533248220843,0.760386761976,0.315621073386,3.37319466006,0.218894751766,0.881191077712,1.01850127298,-0.510271516714
0.533170050416,0.496505075959,0.110659364017,0.136400618558,0.167710296327,2.64017297177,1.21086078793,0.219791085104,6.36183825181,4.62586538107,0.320265210423
0.0625950428082,0.124716566589,0.734590396447,0.643882113062,0.99517669098,1.58669393175,5.51519656167,0.785004464296,1.80906189237,2.02645397957,-1.83071478622
1.98424824048,1.24177528639,0.215827836107,1.32040776365,0.952503685288,0.577445754355,8.83146004743,0.152135884392,1.79380642856,0.143117070251,-1.58297307482
1.74238156281,0.752772190471,0.263385020537,0.308114542291,2.44830492913,1.07564985915,4.18525480365,1.74529900182,2.40630258114,0.955672660694,-0.845619921732
0.389521504082,1.54708132733,2.52901914916,0.347392090756,1.92115309776,0.102260004118,0.393404036509,6.68536244747,3.98021079636,1.42535865945,1.04597317551
5.19946094742,1.05251632843,0.261616221407,0.423184011598,0.156517210962,0.480480603511,6.09315045839,0.879286677014,1.39121389157,1.60909370259,2.83644938653
0.826597582841,8.42301528854,1.6396524396,1.37311201465,2.66262350817,0.199038697738,1.67668582191,0.145741010333,0.126017214945,1.73472811038,-1.13031831783
0.381273505394,0.625898864559,0.258459382463,1.58734243696,1.13723326619,1.10189300658,1.90252815173,1.7138099928,1.16017531431,1.98399521877,-0.166146245186
1.40773293599,0.557788032836,0.403100096457,7.17518189685,0.843024027848,1.27924008277,1.60878133742,2.16880195145,0.667154679657,0.255103534749,4.0056235502
2.08173802335,0.824935402427,0.351575729015,1.36473904351,1.27822465103,1.28060022189,2.75306672311,0.21610755257,0.911840616723,4.1386558018,0.433072375757
2.45620865341,0.241611384019,3.01433205104,0.277410736261,1.08578924375,0.214161085125,0.837342614043,0.565533935734,0.935774408196,0.324405215841,3.35732221214
1.09597075832,0.585161211765,0.945795993516,2.86652403408,0.518806588854,2.44388761927,0.47565754032,1.01151829495,1.54315866239,0.345988479018,3.07467313804
3.99076658724,0.759266898762,1.04077795057,1.09402588006,0.173853600608,1.05766476304,2.48727926963,0.681801507423,1.25400599653,1.84672161178,5.04647871894
1.09801464671,0.517117020057,4.08722607956,0.169656538828,1.77256265781,0.678002594952,0.642324353813,1.52322063411,0.305384195839,1.3487367446,2.60742233915
5.35894602756,0.725571577456,0.916282827646,2.18911450323,1.57446055411,0.575439518535,0.144470204982,2.23791695697,0.354092336211,5.81258693932,6.11393228174
1.56288855077,1.56431974267,3.97705655462,0.770173220034,1.86256448342,0.595053468265,0.614465173072,2.32816259759,1.02896788558,1.09508406258,2.1718796145
3.31789690144,0.744313936477,3.88813378791,0.518071584541,0.928001145319,3.13364843495,0.0455067947754,0.447169116625,6.87423328808,1.7271386762,7.20143675454
3.93336072292,1.1946689843,0.700976395629,1.11753303799,1.06235799942,1.25362154212,1.08587751374,1.35945385695,1.10232463333,1.31462398867,4.09837421028
0.728277213473,0.964473220418,0.802082238175,0.386244127393,0.245950887364,1.87210961073,0.215343369683,3.45600215709,3.35119604821,0.827877393899,1.12866398931
0.156022807092,0.272275783912,1.04611539628,5.69070781989,1.41405679574,0.420838712069,1.41854488931,0.909072305756,2.96929387234,0.724633148717,1.18825809072
0.439322857891,0.386563446084,2.18138030073,3.89495154468,0.531356640978,1.34021977998,2.79393612669,0.845081134376,0.891422529219,0.751641892763,2.5115873786
0.504245630384,2.51139134052,1.42433995347,0.379244634941,3.32353493788,0.434187557212,0.675962061128,1.21397933827,2.22259729107,0.476356655454,-2.5629371201
0.809687115369,4.09512987663,1.70440426122,0.596251981583,0.360136766057,1.33079269447,5.41591087361,0.234890427802,0.54844848572,1.38814419241,-2.24198896585
3.06607440823,1.11943783161,5.0200291296,0.337082335329,17.2173206418,12.2700294983,0.856313369358,0.516352388838,0.169392087444,4.790301907,4.37686792552
1.35638747104,0.818462059835,0.113565917603,1.37262019917,0.418165204148,1.33835770374,0.674933031193,8.9065495026,1.11053909761,0.94425383783,2.20889335967
0.8161632664,0.444768432768,1.28556136742,2.48210888852,1.46389028926,1.05278068754,1.28930578646,0.606792418619,6.2662196298,1.03549436767,2.38287485214
0.338912971853,0.578553248563,2.54453504374,2.16565939759,0.129797210279,2.56819220896,1.99031317168,0.129301309295,5.93225055966,2.54978246966,2.19953015583
0.56148400708,0.407614815106,7.73580749901,0.483382953696,0.138192109385,2.6399435685,3.17578971598,0.673699127391,0.656139720625,1.72654213465,4.49733832145
2.57349843981,0.540294729016,0.637849273618,5.385752705,1.028377378,0.588469108448,0.481861930472,20.235799609,0.528362899429,4.41508229738,6.37340955421
6.64566134132,0.190705235523,1.43993886655,0.891588393891,2.44971496583,10.7619932163,0.929845559855,1.88589542795,1.88883618444,0.821021370183,9.34425235486
0.764288907897,0.188138187573,0.684892249501,4.6179441614,0.473413931967,3.92440015204,0.643700216415,1.27628723692,0.857283414155,0.915518196365,3.58977929265
0.720158011128,2.4691225991,1.18825642404,3.14713576161,0.529605458551,2.06576289208,0.140812215028,1.75519845298,0.746365011083,4.76173653459,0.253398746262
2.897025847,0.535194861717,1.76163181091,0.955723973101,5.56738933834,0.603271547364,0.925269915253,0.469353185441,0.419923351569,1.37862816608,1.45255763165
0.539639316579,2.33318351392,1.36022229043,0.218314480661,1.11911704509,0.497529169326,1.29504423269,0.350122072076,0.743744279268,0.926331082833,-2.74198056704
1.0504617972,0.487788705684,0.194745098354,1.1414697927,2.17569822315,0.519185635056,0.902635580921,0.950156361913,0.753392866854,1.54129373691,-0.151428649515
0.793078743779,8.93414714695,0.217242956805,5.74125696566,9.42487434476,1.35593115008,3.7453109543,0.838687094535,0.543981884976,0.359473403626,-1.02316062341
1.68220826307,0.941901918201,0.583374898708,0.490556464114,0.680938522501,0.736653326737,0.302726635723,8.04586040324,1.06122654238,2.00813011578,2.6558024429
2.38818855303,0.472834331104,2.08989653708,0.212880775294,0.205774086162,1.28212838969,1.38319752694,6.29643159413,3.36067889966,1.26938895194,5.48495272728
1.89004063568,0.10271021545,0.919080386741,2.80826860743,0.742644685971,0.547969129894,0.171956058981,2.26519160569,1.14396027591,1.9907721272,4.07150855955
0.513792608041,2.5906934963,0.677371032761,3.71397663278,5.69072944005,0.80775977665,1.02131506448,4.48175929778,0.946891696224,1.13941696922,-0.896627465269
0.885365639255,0.94529196173,0.364008708704,0.421839803169,0.540223904736,0.519372858623,0.875142954317,2.11357883631,2.95884548242,0.199785982769,0.365963294054
3.53030780533,1.02975068817,5.4200428448,0.190853468682,1.20032541111,1.14556332947,2.67936398182,2.28778364234,0.639156002495,0.395739596195,6.26964682811
4.871075046,1.68089582758,0.383833209831,3.11691247601,0.557660544708,0.472678109183,0.321769060493,3.54820536526,0.408463480619,1.08185912296,6.85587391426
2.75014086299,2.92357856355,0.415054564533,0.534242384722,0.70344123247,0.294823791063,8.74793932967,0.536958053311,23.5984024844,3.06998262864,-0.428530575831
2.93043888606,0.234959887303,0.719176228535,0.19322354406,1.5811432538,3.56730885384,0.284771189246,0.795608613305,2.06186148405,1.25705365087,4.6055953817
6.58919397151,1.23418523192,0.681501182434,1.14694414111,1.39055097064,2.83157829878,3.8293017022,1.08888386347,0.24431334684,3.61403446262,5.87747404165
0.51183019124,2.50794030601,0.145688887081,3.26993506798,0.337811230707,7.06046893372,2.7564056848,0.961031011352,3.35101275259,5.0736398254,0.500954820791
0.468406382279,0.410812336051,3.18196624042,0.781594837523,1.85319226133,1.23097137499,4.67578423435,1.15618894407,0.368528047513,0.554242739475,-0.858343385617
1.33373359834,0.840428399646,0.782871400083,1.08345843946,2.99470237401,1.15581732281,0.356603876906,0.484637387406,0.47982278355,0.996188098433,-0.299862990737
1.75508276767,4.37361694295,1.49546827352,3.17135010577,0.88584352598,0.450213026869,1.43554065657,5.80539432794,3.39934686396,5.86284393245,1.8269684542
0.854753093913,6.15586453981,0.440771269468,0.379985856745,0.531510926724,1.04203392285,0.627960363393,0.747407550312,0.945589735783,0.505113081808,-2.13485927831
0.625437445826,3.27215404411,1.93426330201,2.03571407626,1.02698589091,0.511730064434,3.45946351091,0.48507279887,1.22479866321,1.00682401724,-2.03872960522
0.372155745318,2.43388694253,0.602521171206,10.813224022,0.300418747575,1.3056627195,0.520325585135,0.246696685857,0.161640243582,0.392683798747,1.48148669699
0.822887236644,0.530687272227,0.439615111018,0.41664073418,7.49393793847,0.223247869052,0.977350120951,2.71847653095,3.01567767632,0.5263982163,-2.91348330376
0.0945706787496,0.52962397583,0.730069929399,0.29698874055,0.70656022881,0.462873617082,1.37253117802,0.784513619461,0.0409279935901,6.4928434915,-2.11733238009
1.56986316957,1.8286250623,0.535969154857,0.738074734404,0.516099395909,7.08035953687,0.292198565467,1.50871597329,0.0874673274437,10.6254481239,2.33968379475
0.5529537774,0.0762004029699,6.58777741479,0.277219135843,0.567371242249,0.796485458237,0.320604646972,0.177008742177,1.70079931286,3.32195144105,3.54731261705
0.112544472684,0.283571857432,0.371928099466,1.17333303519,0.63562753901,0.556914745181,4.92368337936,0.583881698762,0.660456628665,0.751404843422,-2.80558536613
0.963123206356,3.98664692231,1.65350122667,1.98119412516,4.05267075925,0.517916247693,0.0955274049323,1.23786473316,0.210450616534,2.29595281957,-2.04587890365
1.51793656539,0.664294976652,1.66547428092,0.890437526179,4.92016519573,0.276886824809,0.557690879749,0.36004129761,0.854999327545,0.267774245319,-0.225680752634
0.441450612865,0.764570990347,3.07249141452,0.693751102044,0.730945814585,1.43802132119,0.485068130157,2.28399553455,1.07328458553,2.17518531475,1.07135161204
8.63821881637,0.11317204619,1.05329740406,0.543625430299,1.66706131327,0.272906599004,0.805443945927,2.26561016647,0.702680165551,2.88652035879,8.59113591769
3.77608762369,1.51590269681,0.520923373749,0.124029379208,0.214181405737,2.76554594769,0.13048558844,0.265938739429,0.553639900623,0.400934346572,4.69626293909
5.56500129347,1.67731986455,3.47420618283,0.552164255566,0.828714309918,1.09556633548,0.247463691046,1.08543532741,2.19008520815,0.321067632834,8.31248069323
4.24070939621,3.34903524959,8.64346707797,0.51179962666,2.28368248282,4.71833836483,2.4942932467,0.446278203797,1.70892062945,0.234833470106,8.26040044824
1.34301665679,3.46230182237,0.912746573023,2.79830886671,0.892788301402,0.184033988522,0.934480038112,0.206620194221,0.384116775764,0.767440409013,-1.54502376226
1.69506126741,0.735203352408,0.204714882975,0.554696623036,1.55539931001,4.82622823387,2.8226399479,0.575122758474,5.01044540585,1.59359560344,2.19050699727
0.850353524644,2.37430800492,0.76394013309,0.0887508322806,0.777952712771,0.570066830888,2.77305741737,2.5288484193,3.42341037776,1.44693443294,-1.19087142652
1.27177692619,0.990464774653,2.399869724,3.30766115707,0.362143402224,1.46367525742,0.56194362806,0.288762734381,0.829581105894,3.31707417902,3.25454785893
5.89285489995,0.640449377455,5.05970856397,4.89790394185,1.64096057516,2.72299451551,1.3187889865,0.519318607602,0.190209457121,0.915158224056,11.2679888704
0.294759495317,3.24265996176,0.214486029487,1.24919874876,0.674705631965,0.851634887052,0.894256713097,2.47505192437,0.461050797385,0.141231474625,-2.8599255462
6.65681042711,0.75375086125,0.793111769387,0.613651585197,2.37260863291,1.94905679381,0.163543661239,0.0370579061255,0.156108625999,0.59595519223,6.15730946265
0.360252841826,1.65627391611,0.211941579823,5.9339368244,1.2414069459,0.965116813621,0.733623477634,0.556541658452,0.739404579413,6.64783431168,0.660659381503
0.516820874233,0.480762622636,0.341194996403,0.916140195851,0.613106574386,0.836028148259,0.648667999464,0.438017659137,0.980396441234,3.2239506666,-0.929332446065
1.57581144187,0.494309478267,0.570238605533,0.082931460812,6.13539687574,0.369252344713,0.198977106212,0.782841412688,0.296278431867,0.668500270083,-1.97317125619
0.838038303009,0.0993871992357,0.272727348543,7.0292990268,1.32497716317,0.628760416615,1.59907043004,0.282153671345,0.134842158317,1.2704959044,2.91105807413
3.05707592106,0.898811263477,8.02746587593,1.71049771078,1.50841510416,1.5631576861,0.293977182492,0.311143156415,0.399704542185,1.07112765061,7.76145313618
1.21710444032,2.42223587698,2.89874691571,1.44284032864,1.11461343662,1.0197667047,0.220691910704,1.1111050384,1.21876366464,4.33101120772,0.287527385446
0.623474836456,3.43857362553,0.278306054609,11.4553159384,2.23425710161,1.49542498929,7.63866029126,0.923124837033,0.514633520585,1.79539957438,-1.58586794771
1.95514206411,0.340928224502,3.93091886076,1.79634962782,0.444408760037,1.86291552182,5.87829738844,0.314209209852,0.849384907288,1.20067804088,3.31511970042
0.0653039785587,2.07976425808,3.41261396684,1.41183163231,1.15796092116,2.07636083777,0.478282826591,0.557986239684,3.29814136872,1.21049162053,0.142104946863
0.80114059159,0.283196879594,3.0725723421,1.13603587558,2.21694795378,0.525993473466,5.53040753494,1.21755992046,1.34137389871,0.418929508152,-0.0139374772209
2.14341311225,0.32970543548,0.672908182125,4.66504670393,0.694391747512,0.161211551362,0.605196786488,1.12052842947,0.1668015768,3.25162089114,3.73269115658
0.875398511244,3.61431656833,0.334991995062,1.56345207477,0.448280933989,2.73960523745,1.16299582894,6.97449267015,0.476532364688,3.26842311261,1.05729901143
0.771902117153,0.644748587967,3.10364424848,5.84586950631,2.50841592178,0.749387894673,0.375359093599,0.134048817059,9.35915381896,0.077163838695,4.63410912076
0.878133176884,0.476956971964,0.219562612945,0.579202767619,0.558597890135,1.44657332254,2.63550759184,3.68861795252,0.532796381709,0.453086408368,-0.134634713888
1.28471393714,0.166473690493,0.634304978826,1.13352926171,1.47618843463,0.707290863991,0.606474442488,0.635063266033,1.08791837138,0.473784117023,1.24963569715
0.907954395927,1.79861012041,0.118590720715,0.95341373283,0.882812908051,1.46023605137,1.0709979297,0.118346901031,0.560321447543,0.117301347998,-1.53803290791
0.207051464905,2.12363470381,0.223602927381,0.463379890477,0.674883966666,0.317296935882,0.298981258789,1.06778931712,0.530077831391,1.24752599024,-2.92394946876
24.486357177,11.8475690459,0.896828972328,3.12214366965,0.369181710979,2.01627048884,1.22912204093,1.18738749912,1.64793511219,5.93062818754,9.49667301794
0.124301101216,0.960294102518,0.412865130261,0.410580929392,1.25962090184,0.661637251218,1.08337881004,0.418620969985,0.56723345321,1.04874554655,-2.99396812895
0.364290053727,4.01888049217,2.09204560755,0.194994453069,0.501334467202,0.715192631001,0.591725570794,0.148818163397,0.484019044551,1.39097307839,-2.86577662118
3.22395343324,0.246998552372,5.70268964358,5.1972211697,0.224287851299,1.00618255749,0.371532938168,0.270842799341,1.54284642333,1.51457833532,10.0821068892
0.667015666523,0.666178586859,4.75214946828,0.124261801004,0.725607706534,0.4745158539,1.28918969073,1.96809529429,1.47587565043,0.415057700072,1.7076651629
0.112040077394,0.131615805797,4.95655051295,0.0975524970026,1.23648506413,1.3722308538,0.480384606441,0.735386392765,0.751836329084,2.63860812026,1.4348505437
0.374913619508,5.11993836096,1.53998292401,0.106956983436,7.24919951872,0.686201075662,0.29936051837,1.49049926315,0.911939414895,0.417387087511,-4.1725705999
1.32001103087,0.371486870443,1.35046694814,1.36251105508,0.476933610805,1.37470189628,0.745662733006,1.86585106451,1.40148128664,0.510154049668,2.07927447304
0.580280803481,2.6231612142,0.395647162852,0.0758430258864,0.503535435159,0.965291645376,0.453000528645,0.849597534616,0.374674493319,0.146913224463,-2.67546746144
2.0151933317,0.732120002585,1.41446802753,0.27371762501,0.366464084953,1.00415618329,2.52695719063,0.554725945156,0.2851441148,2.88420421958,1.70512889058
0.626962583183,0.768461546894,0.918887021977,1.1370529168,0.714317298477,0.317259344614,0.264952422493,0.627087871981,2.56085671394,1.24756128979,-0.0329552121427
2.91332823748,0.608573822382,0.809316356069,0.654269497773,0.501669073313,1.67185004647,0.653372208569,0.315082683019,0.156318235759,2.1203150377,3.3422859743
1.92824027015,1.96140215178,0.322356395851,3.07641921897,7.69397950595,2.67218646797,1.43816198716,1.74437708312,0.282185615002,9.54104289376,-1.05095233635
0.15035835024,1.69002570235,0.961746281245,1.55355633639,0.217346719807,0.247461250012,0.248374760913,1.27534991143,0.534939332178,0.0223504945177,-1.16374806395
1.35810823553,2.11633710081,6.43800620852,2.23381243866,2.23021581701,5.69915385573,0.650295272003,8.63055488426,0.438954016301,2.63268913237,6.62405299559
0.740284851296,0.436163996331,0.0893625435282,1.1312433691,1.33288313924,0.334560094642,3.96965890375,0.777589980074,0.074590111208,0.428242278163,-1.81183080739
4.05446733388,0.325286915374,0.380674662715,0.880850798979,1.74447566239,0.373378178408,0.229151362636,0.388652308207,0.382287708828,1.89900444065,4.83687300485
3.14990028869,1.85534854037,1.86181024195,0.982297036043,2.45592888205,0.366341087197,1.28085347356,0.672631822562,2.16682593964,0.631126432885,2.86282702925
0.347268611015,0.494638727892,1.91773184594,0.102432703605,2.33310453556,1.00679024132,0.363887114946,0.692483207802,0.248265282046,0.501682167028,-2.02592599589
4.03356938464,0.272974962192,0.741856425695,0.846466226592,0.887330146352,0.763636490701,0.633213072059,0.439398015898,2.34958856771,0.99370381513,4.63857341349
0.499835437113,5.13475408225,3.82913274011,1.78147404156,0.141625333426,0.475263896662,0.256308392058,0.334611476997,0.382538673779,1.7112527252,0.0625822605885
5.2931934955,0.818017085764,2.25062392044,1.72154591623,0.875435500255,3.88569263606,0.521213700501,0.365179769865,0.326372569528,0.11584603591,7.91972404269
11.228663835,0.40181773086,3.02001017069,1.27063412242,2.62832764262,0.79353131925,0.676928780906,2.71300392622,2.82112389646,2.93947657469,8.61606979049
15.5344292848,4.20079507476,0.793830302809,0.317515772196,1.90706157269,0.400221237802,0.487880645826,8.39059845195,1.99816167044,7.0867738242,6.0798321948
0.155806548224,0.218911944525,0.323338111951,0.0252361187263,0.726075322371,1.65455786648,1.2288706593,0.670051823655,0.209782728661,0.703051404235,-1.90661364978
0.322678982541,0.259130088196,0.274057763113,0.134433589491,0.311601950909,3.47138881925,0.242335847006,0.52852024176,1.1471656833,0.500923033914,0.133897470319
2.05929699608,1.46490300896,0.801029995172,0.534570992863,0.380808930679,0.373518247304,0.550071586948,0.908194448243,1.2578016682,0.272846666133,1.5785572832
1.96173462556,2.13713944994,1.07214561836,0.339421125047,0.599266356111,0.59398572408,0.652172185794,0.591657259434,3.27674647911,1.07105415611,0.531605615864
1.52051694529,3.80249477979,0.786600291738,1.10884934952,0.575634258925,0.703662639151,1.20252459102,0.748877020128,0.643900112679,1.03295367518,-0.405878459225
0.334797260624,0.361307754259,3.16893125721,0.393859129527,0.947432671264,0.217899236524,0.772056186695,3.52010045246,0.379957800482,2.38163844916,-0.488961230305
0.69466746802,0.752658131647,1.51298802393,3.01412229174,0.409465819042,0.32855773731,1.28374695124,1.62232902797,0.43744215721,2.96810621707,1.48811110575
2.74399926442,0.456102131264,0.859369054166,0.870245918539,4.67368081288,0.34712609437,0.74306074917,1.89383659994,1.17855420732,0.675557239055,0.534438325782
0.278116137593,1.31427770838,0.841692280582,0.704157444677,1.84541839504,2.38970941079,0.212213048413,0.206430277747,1.84866019175,0.333465013745,-1.27586628155
1.4792659646,1.56256430177,5.25409056594,1.62728514146,0.569429624146,1.3296841556,3.51152755305,3.08401349221,13.2735005719,0.712817129777,4.12993103677
2.36470019627,1.06344295769,0.193368942877,0.979536461343,1.93871055947,3.52580880661,0.395590754222,1.27084659318,0.838205626309,1.75662824908,2.00421962756
0.759003509923,0.787698058333,0.268542969383,1.20351133411,0.220015190697,4.3806366384,0.728354754756,2.1954383728,0.428149168625,1.18113922393,0.779089045313
0.641948913797,4.7672327611,2.20157264926,0.597343662194,0.162762551985,0.525786055729,3.20696277413,1.64844814677,1.35191130473,0.729796360165,-1.78791550498
0.0676922481129,0.342118335632,1.38009275315,0.807979816792,0.934471480701,1.39531037885,0.100332165867,0.736806516821,0.770898017935,1.62404126788,0.657108411203
2.15455590655,1.48948319127,0.545023073162,0.525890803973,2.34949191717,1.32428079382,1.17006957887,0.608275695313,1.62212205346,0.382077694577,0.355020346257
0.474007420267,1.3175978912,0.732268443231,7.22333193949,0.758249984931,0.440293689269,0.404506772811,0.285081015428,0.593162195952,1.91774302098,1.42760821339
0.701178331257,1.47714879744,0.303281628505,0.173228319066,2.50944615939,0.791821380844,0.647527035973,1.18561033061,0.301302432098,0.431219484465,-2.06356285486
0.697045909834,1.85865472468,0.895885875998,5.94031259533,0.521938195471,1.54530925884,0.677763016182,1.07254826256,0.275879188248,0.647972128292,2.34762821229
3.50714548631,0.78758006544,1.29184640583,0.611742386375,2.93647085558,0.548299973804,0.313939934373,0.433676568043,1.01376637463,0.700916138845,3.18398749782
2.42050275742,0.243819357439,1.5201083125,0.153018501053,1.5842369826,0.50982446613,5.32697385281,0.898758409913,4.95627104804,1.84622278152,3.02033726254
3.44976442468,0.340994624196,1.78123558799,0.658096954408,1.28835758828,1.11298641457,1.78891647666,0.201953868008,0.309422417637,1.51996256625,4.91661338654
1.26148277102,0.528130036568,0.83617237677,0.123929489872,0.682658377155,1.2595383978,3.64112204527,0.108459941926,0.239837923739,1.11672682395,-0.197794858096
0.30659140545,2.15895261767,0.101777945516,1.82969597214,4.14625251705,2.6011196928,2.55767818364,3.63751037724,1.53519788081,0.89806969852,-2.85592511512
1.61106232484,6.34549432828,2.0868984,0.357067327042,3.54836303332,0.621563045589,8.94271420073,0.0806886364996,0.199298251371,1.92884056161,-2.22288189656
0.675100584809,1.03911585032,6.51201623369,2.23745273448,4.11611765045,1.69079921117,0.34821850934,0.824445012771,0.204706612901,0.526065496477,2.59674496629
0.975568950796,0.63715819564,0.351984258928,0.913436066782,18.8391256695,1.09199341416,0.279332178662,1.43704233451,3.06358764293,0.718860292521,-2.41606215321
0.351630585153,1.46604622448,4.04215869749,0.940830201515,0.155592316046,0.444115370902,1.34158394645,0.279388439297,2.20300623656,1.7836522322,1.69802938857
2.12074277557,1.8643302171,0.784906667691,2.15742454478,0.541366135316,2.69615722678,7.68874409074,3.83318534052,5.78885037982,0.874092721943,2.44721411699
1.12105621574,0.227506173554,0.115464841013,0.418098903666,0.617542411113,0.112173485716,0.333376756497,0.499052618185,1.10516896545,1.80527288139,-0.587308440845
0.705162816958,0.912680549603,0.75792883591,10.1886134476,2.45434489139,2.59061340402,0.37240663898,2.02003835018,1.20449806869,0.291386617583,3.2725942727
2.08171052586,0.813154816172,0.197668172094,1.0204916141,1.83513914865,2.23199018618,1.3643605642,1.20912687842,0.648360040821,0.138977070778,1.28407068095
2.83352339448,1.22679325627,0.19780842425,0.577169574337,1.37589789597,1.547535356,0.183452221829,0.233982272034,8.01381910338,0.481309453813,3.54999290538
0.225563192337,0.931227223222,0.866696279026,1.45427319979,5.23195139789,1.89177581332,0.803319240175,0.978501039326,1.57636619312,0.248831367274,-3.10846002523
0.16866491237,0.269646783076,0.420280823987,7.82844850589,1.33047218651,0.833711016995,1.13280011273,0.536352561362,1.2693037302,2.17694102886,1.84698196142
2.85182337747,0.397959185796,1.42172484332,5.2926191002,0.505612897594,1.2658981533,0.856988500021,0.249072757651,2.39104863011,1.19719888549,6.48371805037
0.201581416571,0.539744250761,0.355014678358,6.325007796,1.48697793895,0.793237868982,3.65894646331,0.739550712945,3.40679272517,0.59337011928,0.886644091881
1.08441324887,0.456887820243,1.80449518971,9.74477963213,3.18788402823,1.42065326156,1.31379617138,1.05261729521,0.714568637983,3.63944913466,3.45068908152
0.627800016171,0.349058266421,0.966096600847,0.318788556045,0.79512740408,0.472870968103,0.344406694302,0.0799118010482,1.25859937233,1.46819728079,-0.363234159915
0.211703269159,0.138560102777,0.617108176802,0.221217564469,0.345672622892,0.183697633225,0.699897027904,0.595812625226,0.668629996965,0.302030887061,-1.59072157778
0.587748752896,1.7841018147,0.273766360569,0.386970062669,0.379519541065,0.49890505457,0.566680596707,6.68364392537,5.75724397695,0.292091581683,0.522722466096
2.35533731897,0.707752509454,0.902103861678,0.906452647097,0.997953933604,1.75700587311,0.277118595297,2.16511954025,2.27113787832,1.78818499003,2.75223091594
1.49755669506,0.864484794825,1.33196150555,0.379059828855,0.773393251528,1.86369898486,1.11908513203,0.107290860425,0.890535701236,0.525345476723,0.660734997044
0.582010748906,0.208094650397,0.125808692011,0.354178657851,4.81169021358,1.20398179286,0.584951416421,0.0449684261094,5.77150219062,2.3661658423,-1.91663224259
2.31898395366,0.930670659316,5.88691752703,1.72928673474,1.73790209296,2.13421699503,0.999487452738,0.490682584273,0.945152559782,2.33602888864,5.35047219214
0.201459170405,0.493102014966,0.871124619831,0.737456100042,0.158941158288,1.38781382673,1.23807069825,1.59047542643,0.117415412103,0.322190792877,-0.459415598084
0.812394822678,1.43613738641,2.257674427,0.793284397764,2.28664517393,0.255936926844,2.79424688837,0.68719863501,0.199460194825,0.318994135633,-1.57539746929
0.519882492626,0.499046840394,0.571073575147,0.615506614397,0.162820814029,1.01727130033,0.541359736667,2.55813263082,2.5593712492,2.58218857512,-0.347669365514
2.26982858783,1.93083371305,7.34177986153,1.89828951495,1.05453101575,0.0995336281865,0.706323665263,0.306554029238,0.654425170277,0.167595460973,6.46934901602
0.944611469518,4.07485103066,3.06487041409,3.26478345558,2.69685999892,0.630392464009,1.76739742332,4.78993872962,1.60729944659,0.558376600289,0.898778179246
0.357829078705,0.827598738016,0.893668851482,1.00044213501,1.38633844059,0.265637401868,0.708585347409,0.792210590276,0.22310728211,0.744435141237,-1.36204687692
1.66679523473,1.73405023296,1.25649670177,0.939409547414,0.181610556666,2.00286714938,1.59159709625,1.3684695588,0.294534403748,2.17632866694,0.114925048251
0.515986301687,0.920696525585,0.682002656355,0.604680385307,1.6677512114,2.06253913737,0.841335355647,3.97805237847,0.114661568916,4.13709635155,-1.32953483051
1.08263568528,1.78884827579,0.954852898369,11.0885879683,0.683272419695,2.03529751812,0.0650637224964,0.765460244625,3.95957934714,0.939314926029,4.61564577305
3.25405947822,2.22944432039,1.11338619336,1.06018446035,0.898895795539,3.58410154101,2.3029755973,0.60470659818,1.08861299848,0.231416984812,3.42382694639
3.34134959993,1.02380161551,1.0870113812,0.994158718016,1.50257620456,0.537692035203,0.940823672237,1.0237573168,1.70430569348,4.73835643836,3.72720424444
3.36731308174,0.390152050667,1.76258130333,1.27625107283,0.181250710812,3.1293448211,2.01008271416,1.91755706991,1.31525613179,2.77942076737,5.29681554351
3.03885759913,1.81065629686,2.57345810884,0.0982097334697,0.716804456421,7.0909039971,2.08810246983,1.45505847175,0.825917176429,1.51672221066,4.51950481255
2.50994995448,0.468684594581,0.321844096756,1.9071436387,0.310320877474,11.5848387684,2.47592472022,0.175691791548,1.24318322904,0.857791472388,5.89738714667
1.28865662282,0.497978994118,2.06805793085,4.52637367256,0.679781532118,1.74473676217,0.288750592931,0.863158573392,1.02459760989,0.232783379627,3.61640657932
2.70787707839,2.07500854695,1.23001271967,3.08072564216,6.87988458309,0.517250743712,0.948394601704,0.288311434404,0.414810006462,2.6719348961,1.02305985998
1.23495155121,0.250930551456,0.488973826044,0.539494717767,0.789627340269,2.44739071486,0.232230470764,0.900596816985,0.196427567853,1.01912299282,1.27380701661
0.704844752474,0.504433251831,0.296249653494,1.97405585218,0.298840988218,0.467316180741,1.41417519735,1.50500316794,0.441085780376,1.17860299941,-0.189011677578
0.88824504048,2.39426765891,2.31239717155,0.633854677887,0.740847928678,1.31085442635,0.750209304959,0.975172887467,0.593524017156,0.693929600758,-0.178274842387
0.289663185631,6.16229236474,3.36339556676,1.03683577671,0.708361119406,2.60456734104,0.314672914344,0.769426003524,0.486989724485,1.85252292743,-0.585748753238
1.31835729119,0.60130778192,1.78051039923,1.36952958352,0.279738905687,0.314572091431,2.15043078807,2.09178534691,4.60962391215,0.51383886395,2.13690406323
1.11217707068,0.735822188239,1.14710039788,6.38249114925,1.12400843347,0.195059664459,1.36798260504,1.68202238256,6.15374769317,2.28615195077,5.15820713846
0.0341036536324,0.50225780226,6.73639187598,9.9446813752,1.79907072911,0.679845537415,1.43545354814,6.46382744235,0.574239423454,6.72279613402,5.19193502483
1.00385361441,1.61261826031,0.0357461469274,0.206625059798,1.48006552432,0.114425384693,1.19970093682,0.177911476037,3.61064411461,0.485137337528,-2.230028617
6.27392383451,4.97984909294,0.298579316918,1.48632541977,2.92945831459,0.249254481078,2.16192487084,1.18022661537,3.10303737595,0.124385773524,4.02700900857
2.10042102036,12.7220413284,0.455287903045,0.757048699547,0.596185657744,0.23435468399,1.87229000467,1.77130586603,0.804515750252,0.812406235303,0.972309672227
1.75332089511,0.527554570865,1.21460127854,7.12435202562,10.8955334949,1.34511413191,0.61997371369,0.593079233914,1.065539535,0.573895278609,2.68463666542
0.403998145653,2.90834182267,2.65362232184,1.52064716033,1.38274318853,0.559934274615,0.635711896987,27.1484713573,10.2165355703,0.582458218088,1.13973466786
3.76861042242,1.2727075191,0.498195811467,1.09202262265,1.88208838094,1.39135381079,0.171284748495,5.90510248275,1.25765663196,0.729970468092,4.35184753607
0.333431127395,18.1696733248,0.411884798501,0.395235284989,0.0821135899398,3.0241131092,2.41360878819,1.50410782473,1.03668268718,0.954184182266,-0.702006713768
0.442351060534,0.0993038759231,0.172939649272,0.823736946845,0.418847287931,1.1255033159,2.20291301654,0.15524762823,0.653091276065,0.446549948465,-1.82100109424
0.293213484255,0.755013780465,0.938524733802,0.784194891383,0.972435874173,0.483166948728,0.212577137818,0.637078489698,0.620460950785,1.13638409988,-1.59483706774
1.38169958025,0.440514288416,2.37974573987,0.334084868138,0.854439315076,3.15176668207,0.135149618071,0.359819544338,1.64909476775,5.16426695585,1.11228767228
0.820991736945,0.827917712675,2.54646601689,3.2204601151,0.467463231022,0.413189020104,0.25450294113,0.308228915954,1.30243252136,0.706919064505,2.44719386625
1.27173446529,0.737622361463,1.61467934583,0.61398072681,3.31287549448,0.251743598433,0.849302360413,0.0925482598303,0.418518123444,0.717120747287,-0.454627560003
1.49805475488,3.29014541087,0.903679748673,0.721874113266,0.378799968473,4.03487339298,0.511771645837,0.417956560011,0.294562428587,12.8714260222,-0.216623748772
0.619467689953,1.67371753385,3.01184603343,1.96992786675,3.55996878423,11.4761697319,1.18396720347,0.228629287512,0.944986950046,2.73291354521,1.27601545024
1.49139382023,0.818824238061,4.96154855566,2.71108871462,0.422016363185,0.305590404563,0.190391352091,0.448376225466,1.34010692306,0.414037571605,4.62946593113
0.211829736135,0.951952805895,0.209974720185,2.96361478006,0.913251759385,11.726053925,1.61533669795,0.683220949396,2.30623214502,0.924867641066,1.50258810248
2.43386193602,0.24817602994,2.49756951489,1.13544822142,2.50298722789,5.74102087983,1.11020862395,1.75365760652,0.726154555479,0.480680072419,5.90548571332
1.37952875739,1.83475784234,0.817043500845,0.792476292731,0.552171302881,1.30364306939,3.00211315614,0.872815087598,0.462692453079,0.424021800404,-0.330101102907
5.87278373951,1.16284377275,3.02166448143,16.2571185143,0.954686027614,5.83307750369,2.57973318633,1.38917976629,0.235963534033,0.711921640473,12.1258825015
0.639178564089,0.974689976308,2.99554079098,0.308195444552,1.05540106343,0.643834074344,2.33589540394,1.27937567452,3.24468225411,1.53674470872,0.980776324831
1.60579268073,6.29080830939,0.690665373106,2.16954182568,0.976484016356,0.598473258436,0.633245518078,0.418943474828,0.690085164146,0.910277289293,0.377768857766
0.217183733938,1.54846428368,1.07542286628,0.505306995729,0.7465418897,0.154447789558,2.03824699667,0.279255491668,1.5062802614,1.70333718336,-2.61366257232
0.886674310093,0.929587904894,0.639203975458,0.105948831142,5.16394649432,0.752709325343,2.37067723229,2.8472867866,0.892063296946,0.291217213333,-2.12811470426
0.524166070898,2.56616884139,0.595833991111,1.8837939506,1.72648367641,0.315273948343,0.863928725653,0.893061202899,0.106630638355,0.640467943845,-0.580378446413
3.61266488569,0.628707879294,0.457340710009,0.876787615935,1.5247325346,1.25605494297,0.517096369642,0.314044133114,1.03261825521,1.35422293121,3.53058328657
3.11306578666,0.486402087564,2.35450705232,3.58722648773,2.65035830411,4.17223117846,0.660833619165,2.25644507115,1.63813177648,1.51795786588,8.6820312875
1.25672241603,3.83575640821,1.85199855225,1.05729848189,5.7541003919,1.95011435732,0.392551745608,0.469321001643,0.396057755724,0.110863743888,-2.46318373427
0.379946020553,0.153086756648,0.562798186978,0.688430630314,3.59342940712,0.715766815499,1.27382897789,0.501086701165,0.176551476001,4.43570074303,-3.15090626265
2.48821418235,6.21254708201,3.11491117826,0.786048913292,2.52007206401,0.337299851329,1.35434511315,0.245825071932,3.27246825686,1.75459661508,1.64928139112
4.67514173965,1.23384878088,1.30959958532,0.316584664868,0.617026164718,0.132313132882,1.4196389339,1.00747601197,0.603198104033,0.704641806993,4.83322294595
0.447755019827,0.571825498594,4.75212358412,0.620487942546,0.682848565716,0.865965990285,2.41179525161,0.466452661945,0.891211292175,1.08982435132,1.13199322962
2.61586618429,0.958317172724,0.798926725418,0.315677565107,0.983475794731,0.087831124088,0.0873474052448,0.591575071144,0.663021697415,2.52646622711,1.56829319391
1.63962271305,0.266780152034,1.06127731556,0.752274586616,3.81797922901,0.410531901482,0.526689312317,4.07667903043,1.85995516881,0.681640095528,1.46865470696
3.32597182098,2.42903748758,2.29680670902,2.63271606952,1.3106930904,2.39868970548,1.95422085603,2.38450777714,4.36835395644,0.384915693826,5.21805313887
12.3188360339,0.212990463086,0.61497461809,4.86530877333,1.86006146218,0.583387048192,0.246450681228,8.36470311144,12.0857047118,0.602179034143,11.7211964577
2.13603269583,6.47468452284,1.64434971587,0.371208182106,1.28563666736,2.26131429812,1.23325543768,0.387888779865,0.780468648853,3.95567777182,1.11026949315
0.282552180578,0.912967569942,0.680448979981,0.252988057358,3.43211356523,0.562334825935,1.55785212163,0.270277074004,0.194230691323,0.143522801363,-3.01694732013
0.290400286617,6.0668688988,1.62959219696,1.99706052341,0.576035793255,0.369472356361,0.608911057473,0.360047434526,1.83189603267,0.293813955678,-0.495925592654
0.468765610696,0.979946834446,2.20171906843,0.49887511186,8.88711233921,0.184725760064,0.10578026514,4.37084889186,4.01296174297,0.213562154125,-1.84522810028
0.438263431194,0.490493387295,3.97456450498,0.30755939643,1.36540595989,1.63957084487,0.830481263514,0.384169377262,1.46946990421,2.27795742897,1.09294140881
1.62569290276,0.393474405969,0.0809741162318,0.246870409334,2.53034519356,0.668150262344,1.06581984713,1.38182988847,1.59268595261,0.346907709525,0.655227463894
2.28479399079,0.22475067326,0.22511790647,1.15376426978,0.290825889626,1.79787749103,0.916453910528,0.847783250922,1.74001195041,0.121795606784,3.13910589313
1.48209555741,1.48527631088,1.49983707467,1.28046360507,0.155825277296,1.11134309379,5.72153746556,0.634496817042,2.65771143817,1.25708745205,-0.418330947851
0.158582620766,0.638847803345,0.52472173398,1.13911971382,0.0824261766656,0.931225614574,19.4203136862,0.263092424037,1.66738445572,0.278437836326,-2.93724945929
1.02140546581,0.40576288727,0.545636651873,1.25444941958,0.0257290370988,9.46837526343,4.2308048387,0.277521223892,0.440084658708,0.972481152608,1.9267763122
1.57578522993,0.281536093812,1.32085248476,0.941781827834,2.45453380062,7.46100722589,0.336490399555,0.493790459322,2.2907019896,0.623602045225,4.29443855813
0.627668603512,2.1319176736,2.55769631538,2.4876680347,0.752102050451,0.651215087943,2.27789109012,0.465877802458,1.72674029067,0.629352835831,-0.844900559283
1.23507643042,1.22418068859,1.09836750162,0.878564723971,2.78152680609,0.824273682098,2.68961778545,2.55742077529,1.98239628485,0.979788653813,-0.132586099876
1.65649893351,1.49636438069,0.593985012934,2.05961032031,1.94633983659,0.327022373215,2.5590481742,0.536441263103,9.88570124643,0.18439492561,1.03926899657
1.03030629983,0.447829378594,1.21669204618,0.857771616604,1.27258559665,0.931018174733,0.552887398059,0.203526448189,2.47354093179,1.35981721613,0.533911228903
4.51091802854,0.215229269059,0.714947406198,1.8529560123,0.890752598173,0.625984801728,1.6442225425,3.10320235456,0.368826524567,0.485919564378,5.52590585476
6.39419220957,0.453481778069,0.369661232742,2.45438100598,1.76547008542,0.468376801078,2.70792743685,0.148050949342,1.63783808396,0.402933060999,6.97951887313
0.739101538469,7.77310544828,0.0338965599437,1.85794242077,0.942806976047,0.217416998016,0.625550171819,0.282963556306,1.71041517432,0.663634524506,-0.636955236785
0.414591398326,0.333043729845,4.76343749851,1.62466343224,2.18395732495,0.241750915017,0.959791211686,0.955283005725,1.42075848179,0.928759110403,1.47973391687
0.465161604987,1.8329769689,0.412653985984,0.48631766668,1.07357847618,1.43054908825,1.19295094249,1.04281278036,1.30751651445,2.44101691084,-2.34409043405
0.667625096498,2.5779748358,1.10054310493,1.30232318374,2.83452671608,0.1801818718,1.25972821554,0.776581954987,0.932606149134,1.5206601969,-2.58371069468
0.989460739218,6.09903483258,0.505439333088,0.449399190045,0.636778298611,1.29283427439,4.05029293963,1.61398139605,0.658171875551,0.711007853347,-2.53505113392
0.109806350732,0.837474152087,3.14503217521,3.84067193022,1.23866533333,3.96520141694,0.332612302487,0.614085999875,3.75226594228,3.21600024227,3.14239174688
1.3771113422,0.317037687438,5.37351903679,1.95324386845,1.31090306257,4.96307508216,0.563553769339,0.615111361031,1.03793820911,0.382735046791,6.89321609782
1.92163136057,1.80415786445,0.876585066039,0.268746590551,0.34797278466,5.36538127411,0.413117550129,0.43405059229,3.00168957265,0.124857303268,2.52916024146
3.58714209186,0.430954653944,1.29533357635,0.827442682907,0.485071265566,1.12541202159,0.513750672829,1.38221497768,1.69225671089,9.09572299943,4.57184990549
0.411081732859,3.64898365916,0.483183111074,1.58540946292,4.72655216505,0.85637233049,2.36641612506,0.732621817305,1.16688215098,1.11310978732,-4.46569022688
0.12247922007,2.77315713857,0.899466667205,0.809906380814,0.90873369292,1.23433852056,2.41551430081,2.57196519355,1.26452702429,0.595288336312,-2.63177658185
0.103312279478,3.75169950287,16.7837421662,2.65181058215,0.678628324371,4.1929262472,1.49552225076,1.08573403643,0.26616619566,0.433502423102,3.85078760835
0.156665524703,0.185056685088,0.661499513371,1.0027251731,5.03404669794,11.1235690943,0.730583192498,0.943228787619,0.59300412733,0.692409159968,-0.809139925784
1.30433382607,0.824102302829,0.268209777677,0.661775371505,2.80352769582,0.467333637767,0.492613373945,0.519515279466,1.73991249281,0.193216769889,-0.489917237423
2.04087352659,0.554420140997,3.06150152808,1.8791696977,0.470710994997,2.38206089059,2.43358982298,0.267102910105,1.04470522131,1.82534757829,3.42696890864
1.25213072941,4.91551387142,1.60088917714,1.48201226327,0.798104802394,0.8279359054,0.815844635496,0.289513923422,2.18784277962,0.655974480259,-0.343146905985
0.739711607097,0.106428990722,0.375357697084,0.333884929364,0.128439554231,1.2887704967,1.2948952079,5.78910554907,2.78290848892,0.623549652111,1.98566423755
0.864520987202,0.989086058291,1.93748439785,1.49113412145,1.72848487019,0.87730353696,2.02049967778,1.54001369179,0.657996792277,3.0408076522,0.0461429338761
0.378545433279,0.77348249107,2.58409166554,0.487994698414,6.58221798136,0.542779268128,0.544217976993,0.838439030492,0.757769270688,0.184770692987,-2.20400924114
2.90027698991,1.04301366492,1.60556993922,0.312107391201,1.61527953928,0.919517572078,1.11058452916,1.30763453274,1.91564689574,0.493621831454,3.06665492685
4.63857542667,0.192011316403,0.824860805108,3.20312810784,3.26832197404,0.289041906212,0.135099492191,0.168421987,0.249464267157,0.820668286165,5.26873050599
3.82028517561,1.20005490585,3.12105639017,3.62120294777,0.418685114668,0.707606923524,5.48755117364,0.176521267279,5.11587638453,0.100755699116,6.21902441418
2.72294558617,2.39591973529,0.160462561077,0.115645031992,1.39634337838,1.07742210404,0.72216840446,1.20348220987,0.4858705367,1.36966960866,-0.266073259501
0.467754849331,0.0275665684006,0.836170237807,0.426578850465,0.795758769282,2.8731332563,0.907641532201,0.412721830083,0.0973209370149,4.06098265393,-0.120003180248
0.335692652212,0.780692845753,0.520841550612,3.14788766474,0.686972050343,0.502878745554,27.1439814337,1.24848156856,0.859797047022,6.8884388504,-2.64773490892
1.10231001095,1.26637169673,0.176502922726,0.884752473007,0.455870906275,18.3275417966,0.436546981878,1.11322906122,0.624915422044,1.651609265,2.23228846122
1.85190171512,0.84505513603,1.28862361919,0.550181321771,1.2242535315,0.201181252554,1.34365156074,1.04444156558,0.803908427149,1.99545705822,-0.218778568876
2.3395045987,0.0882201929548,2.3862786562,0.417505843008,4.48166565021,0.589764068757,1.33510817794,2.05923271401,0.739267873565,1.92295545835,2.29750191167
0.238033243169,1.48171081875,0.869866792586,0.508943448355,0.872287439171,0.627395398808,1.62050631215,0.378460742453,0.469374111591,0.509769200006,-2.00253228802
1.26101393315,3.52952774382,0.698025725868,0.657785579387,1.04066075887,1.20654354508,1.38228731,0.476230638488,3.04134422838,0.3509764122,-0.516233410256
1.19259845938,0.135286539747,2.40726305227,0.0982693849087,1.22204358721,1.15924399537,0.34157803318,4.17976960944,0.333663144833,0.974583126944,2.77926759841
0.155334903162,1.29561174617,2.61293867383,1.2055461002,0.537097756392,0.19241142994,0.76614571344,5.30546521199,0.306571133601,0.246844629771,0.0723596480368
0.180254719388,2.98180318645,0.31357462829,0.615325523389,3.13467904446,0.711801635241,0.517489764185,3.06976789414,1.45853918951,1.68402429085,-2.82230860622
0.594557964162,1.62837469403,9.92789590038,3.109345101,0.533489358826,2.52428643182,0.526612181495,0.694315214529,0.947876992559,0.457090553289,5.36551196611
0.330119159672,3.54703270609,0.367453485368,1.7115980919,0.616307198275,0.230228353615,1.47824301863,0.875033009395,0.6765331676,1.01290563973,-3.403665118
0.977608615366,0.943024908597,1.13783446249,0.581060582926,0.485695717606,0.183115859237,0.0883329700008,2.22522234852,2.88506700544,1.4153282396,-0.113542774707
0.451600814887,1.48471996233,0.97855174358,1.47080657104,0.534303113611,0.403139559143,0.254381597464,1.92406404404,0.49233352103,1.93378435984,-0.4593794614
0.150703057574,0.735127165934,0.129543966618,0.301392126084,1.00250411626,1.42062989876,0.646505505041,0.954663151672,1.21079957609,0.311511087735,-1.58217294774
0.304855490826,2.46708444323,1.1619874088,0.188066998491,0.346732959418,1.1585098803,2.31041003298,1.39111024896,0.32708762006,8.01565665183,-4.68274897616
1.85187748332,0.104850844465,0.374968533886,0.242966966516,3.84874211805,2.17301772733,1.96001755196,1.66569872211,13.5653973064,0.641389598686,1.48074229388
0.409458134974,6.2020817559,0.563228617718,2.91139772853,1.1079324274,0.416783668724,1.56103370364,1.72338302368,0.67114187068,0.18033282341,-0.97808567769
0.996680451362,0.55739420638,0.963962629286,0.371301207943,4.10372159825,0.132359669638,0.306463188253,0.517752104353,0.926791389097,2.09159210247,-1.93879346436
1.12226683303,0.830280467655,8.43439734684,1.04196768807,3.00327912375,2.23386033231,3.83331169314,0.826524715716,1.96429728384,0.279899276045,4.74709920662
0.878987690125,0.662585139727,0.181407688304,0.130053699367,0.482527294019,0.688194986763,5.04567170098,1.05469193004,0.281516423104,0.31339530348,-2.4311860068
1.57628879554,2.59524840224,0.448589690558,1.02503522281,1.34055486856,1.44127308615,0.733396921962,1.53770372866,2.65265345129,0.812634186794,0.452520802458
0.590207044218,0.903072991151,0.836893966186,0.196320757907,0.265362231975,1.19442418056,0.9562303615,0.518849228884,0.779040244688,0.0720290481428,-1.00916712136
1.7624114586,0.349264138572,0.75941300455,2.82087147263,1.44155276128,1.6443713041,1.11689009952,0.474680420992,0.439445380945,4.42923146187,1.95445264699
0.16492594241,1.41528420164,1.31205484065,2.32748811548,0.564010050711,0.662466381378,1.70932904019,0.39024753344,0.144208998112,1.55095570665,-0.85520961657
1.29880673386,0.944229351744,0.529478729421,0.683548037969,0.724107839525,9.29784666275,0.50702255872,0.1642584052,0.78758517893,1.6183316698,2.19419221084
0.422772084251,2.32911303771,0.701537322885,5.47067067865,0.263686893739,1.09686292354,2.49507264672,1.99039613014,1.28596492366,0.40864015265,-0.127394056465
0.316698115661,0.0952812980722,2.15988317459,0.822099713088,2.74290090411,0.387623602526,1.62600777979,0.395154967702,0.196655062852,0.395755764028,-0.934759969072
2.84026567915,0.8852605977,1.31434082366,0.68671276407,3.83014807363,0.07634904024,0.08422810297,2.06540045217,13.8130524262,1.11283555757,3.06798967126
0.745838519997,2.9950841135,2.44488151933,0.487384752856,2.59413380494,0.78367253758,3.48535885137,0.597161546504,0.475280944332,0.622300324713,-2.11861018128
0.328361824147,1.3741710343,0.405048000616,0.292169672951,0.117856427447,0.107106101627,0.549456041115,0.971549319439,5.30923262512,0.691461951879,-1.13001500048
1.05234431021,0.17332037899,0.310500869017,0.947783249885,2.34268009865,1.63353002107,4.30587821031,0.815425616942,3.57444911443,0.405055022106,-0.761734326658
2.24515199577,1.14836150395,0.38078882145,0.26608254899,0.533188741997,0.727016139592,0.717813607017,3.65494017598,5.56244546399,0.23780579301,2.40680606973
1.53127309237,1.10750971039,5.02550473697,8.78232633628,2.55544871451,0.577405430966,0.846839105648,1.84833282033,1.84737858381,0.604304035193,6.64652298309
8.30599909621,0.579045317155,0.880535553992,5.49151763443,0.661800013757,2.40421429987,1.79459829636,1.0381295738,0.630242362786,0.0875181083345,11.7013903812
0.571713754682,0.196735495505,2.28930078545,0.364589434489,0.0498853248188,0.101849014862,0.472974334771,1.72074098633,3.9640903534,2.71019252525,1.22384644492
0.495917933805,0.251238962733,1.12379373746,36.4220895071,4.37310108056,0.410159698084,0.232930400644,1.32287448354,0.378757201452,0.703892943929,2.81810025239
0.0571943185819,3.32393653362,0.768043907468,0.615866656708,1.98749051698,2.00075881497,0.345501463036,0.984920718495,2.31907892161,1.12498714473,-3.02641510705
0.132077360499,1.16858518653,1.17145589856,1.29720369592,1.61610531963,1.2991154403,0.438950665188,0.687047355767,0.162860471282,7.71899436812,-2.68050791264
0.135817319912,0.181394491468,3.41576217187,1.06027240992,0.291821138945,0.77672881241,1.28817511537,1.06459120702,0.894555796073,0.595746979395,1.22656366478
0.699775602986,1.03848698962,4.61342113299,0.136843850457,1.31190294617,0.405493410668,1.7422365755,2.18644093791,1.50403185112,0.431868231377,0.393002406756
1.18020936309,3.82873315765,1.2169616288,2.65495319193,0.981548118518,0.718636169792,0.397565523989,1.01895740669,3.01037778414,4.37155546689,0.0669637099953
1.61313216113,1.01976606386,0.6816467043,1.29969977301,0.760756264068,1.81145401654,0.169700946834,2.01406774261,0.730920065383,1.82692338802,1.52054523208
2.08469638226,5.6347096799,0.261565559969,1.2312767408,1.14856282809,3.52945334677,9.66860446291,0.252541906985,2.29147575087,1.71749182479,-1.40318780657
0.556745721079,0.386064079324,3.84587484649,5.20649274042,1.32047693212,0.375795406844,0.442642405133,0.452873491503,0.953716712904,0.972318271863,4.58182505419
0.997044263188,1.55290746612,1.55085809531,0.786789275766,0.265918173185,0.847964463711,1.73749397761,1.4116689961,1.66518193407,0.384034206698,-0.062243771817
2.17212970299,0.605091284532,0.95891715671,0.486751452869,1.11725319406,2.36748245601,0.666118933955,1.08360552414,1.2417351431,5.36562469037,2.68469817167
0.665198378721,4.22752321453,4.56909027281,2.76615222735,7.77051340918,0.262732759593,2.37870270005,5.63915529587,0.780695634411,1.90234218242,-1.2555699829
5.81454204368,0.796942590236,0.710028555572,0.973178613435,4.81278343713,1.93106980198,2.25982612478,1.13672417851,2.41635093836,1.42542580407,4.64721707012
1.32626378891,1.27348854062,0.863190936518,0.325631958955,5.39890639646,2.53846659267,0.261646271236,2.28967434232,2.02048315878,3.07272423638,-1.06504942276
9.32824928115,0.605854292485,3.38311827919,0.507311742069,3.7428446464,1.95794608465,1.31765530056,0.622943258039,0.840779123251,0.277418575703,8.41368315143
0.730982504008,1.58434949356,4.18047364067,4.53734571007,0.432265358765,3.23592633136,1.08404915274,0.595134074134,2.68159050825,0.984242182382,5.0588728568
0.229517159467,0.456043051581,0.444312625925,4.48786202539,0.611766087282,0.268591284979,3.90438454175,0.792350330421,0.825393610289,0.149006458424,0.234423688676
1.19972230256,0.328069705215,0.490635327273,1.05412477617,3.03373762786,12.9576702269,4.39481113513,2.58924625841,1.31041412186,0.512519869435,1.70888413465
2.85150358204,0.402213456254,0.841737237637,7.72310704758,0.154670520537,0.587940903161,0.605472510818,3.35662694977,0.839137017439,0.243968261175,7.78246619845
0.706969544395,0.178037010886,0.722036479212,2.13489640487,0.446503205705,0.56819325369,4.88204668388,0.377333083338,2.32842251892,0.206825674462,-0.300007212897
1.77748289104,0.228656495296,0.148194443715,2.33601036626,1.23516573611,0.23525310867,1.67318054303,1.23529912403,3.14652348332,0.250209716761,2.25756616662
0.945701660963,1.10466622046,1.42289290955,20.6067574427,6.44734985115,2.09865565323,1.20752589786,0.824610485997,1.67449458314,1.24380337728,2.33731550347
2.42356752509,5.79804796682,0.897138343685,1.20572556195,0.251884677489,1.6758338605,1.05170942388,0.554247259162,0.144489786849,0.401830410732,2.85346999081
2.95553077962,1.61358614631,3.33908369571,2.00310501417,0.438469181133,0.302850704279,1.60760454444,0.669761082828,0.110411474356,0.278571042439,4.60589962699
0.540008184504,0.375120476926,16.1997786636,1.09175201424,1.68405570859,0.544359469955,0.349955153149,0.912647119283,3.5278652644,1.25519714546,4.92844554719
0.484414561002,0.891728404202,0.415138403777,0.305035771686,0.495204751818,0.965829501431,0.665144853881,0.974358192626,1.17074992445,1.74087368649,-1.65176734119
0.389221040164,0.367244326458,1.21085748733,0.691769351335,3.4541274228,1.2693324601,0.621854547785,0.0584926195473,1.36102622525,0.530786851972,-1.92083118423
1.46124921773,1.60751266534,0.933051842299,1.18242427665,1.76082169852,0.463500216545,1.35721826863,0.221349575087,1.15574128905,11.0195216501,-1.58340892279
0.185252539256,0.780189196087,1.3144686091,0.863691614771,0.0820309683756,1.58157979246,0.514840380265,1.01128399865,0.181466978191,1.65530749417,-0.520959819114
1.94977407579,0.383409941542,0.621492963238,0.519115593159,2.05654608017,0.691967796973,0.614582557968,1.73562794083,5.43450495435,1.28773137411,2.50046469759
11.9169065041,1.22487439794,0.320612896129,3.42085283283,1.88477069103,3.04025237413,0.313493814589,1.23641290093,3.45626890829,0.906623679576,9.41931454266
0.37285428327,1.6833417254,1.57813063941,1.01104878612,0.670559274077,0.843099610246,0.937890700268,7.78204106175,0.771252092026,0.40232502324,0.411682743998
0.781079441808,0.910516157237,0.11291416566,0.374769787611,4.61736086593,0.198169558857,7.21182413399,0.548235452193,0.437537327892,0.84345957774,-4.95871792744
0.527596696978,0.494462175045,0.148831024997,0.553291284712,0.156567128685,1.75129168598,7.58394086927,1.66234685938,0.30917628231,0.16842100353,-2.13067502256
1.295138455,1.2650996351,1.11934292269,0.305022672035,3.27786587599,2.69435354164,0.534539926608,0.607706029387,2.23639140727,0.616961655751,0.066420753092
0.680194467138,1.85712942032,0.120195599054,2.89466996206,1.74506272955,0.28892454142,2.649697211,0.621199983753,0.859157761078,2.76306784997,-1.81493282442
0.303039147704,0.984666188407,0.613368617336,1.62787404075,0.0840720040616,0.389916795288,0.56850723467,49.9254903804,0.487071014504,1.05659553603,0.00634405401752
0.334831364599,0.228857747844,2.30225313573,0.177882972741,0.338093530346,0.752974471133,2.81518027118,0.454820134178,0.720584151253,0.152893347371,-0.869908531124
0.508137826622,0.467246898067,3.66175389743,0.814503379221,0.636998478859,1.26780600959,5.54688364414,2.05791360969,6.93925417876,1.33716777312,1.84841321583
5.96619233213,0.299694134201,1.83402383767,0.474734396051,1.66814284729,0.475823709055,2.20981523721,0.666557751549,0.381905693019,0.414206646403,6.60731991191
0.35173552666,0.691836539883,4.10208597755,0.178733710667,3.53176973454,2.12104323538,0.946684816609,5.12801902832,4.50954123428,1.94966766843,1.26326336136
0.274628862205,0.359060541774,3.02199198667,0.529567552663,2.70379518338,2.00287548885,0.807345583585,0.83965108423,0.9689404422,0.384823297887,0.410451044292
3.3204140798,1.51473024814,0.496600499787,0.473641840358,0.0911618800338,5.63070290957,1.87838988283,1.05668110643,1.47600150066,1.04439014806,5.35437698552
0.739712430461,1.06443183182,3.48020480514,0.712234301465,4.41571253231,3.16524393089,0.671975853029,0.572205169711,0.92147358704,2.41856382131,0.28246495214
2.77295416512,5.5313524639,0.174256447777,0.310837304468,4.92175858407,2.01530050299,2.75140835467,2.14952989301,6.40366188572,2.17374828775,-0.577503295997
0.24564015987,0.18576888077,2.51639928472,0.481597670053,1.53817334179,0.357981924432,0.303543763868,0.283574518614,0.943528155708,1.56561799901,-0.913011131979
2.86592978208,0.483608961527,1.01630101807,0.968271971122,0.471047351841,0.259885205689,1.11406909399,4.47169166814,0.135269385766,1.3384333637,4.76550660853
0.387181922572,0.389853215022,2.51394268983,1.03639283731,0.340434891755,0.287821746631,2.84672369765,2.64328494104,0.552654889051,0.856748548138,0.616524178745
0.334444065921,0.797976327775,2.35901599553,3.07105212676,0.763364960126,2.68356537563,1.01702796598,2.42951589072,1.07135794098,0.310018284807,2.85766478331
0.627485186739,1.056571652,2.38757236755,0.508386754938,2.73598154695,1.70014233526,0.813465393573,0.0419035128863,1.18155524479,0.539669999534,-0.791700105455
3.10070380092,2.06029060812,2.00479118622,10.792667169,2.39870602446,1.02764245014,0.371233944907,0.455185783668,1.89161223754,0.250772391057,6.12382941556
0.953972822673,8.26238907676,0.465389061673,0.364894313202,0.989969100327,0.304700405557,2.15594687171,1.43551538655,1.58802039126,0.197087584607,-1.24821143258
0.600968602083,1.76690582901,1.37303982937,0.988490224547,2.61194595845,0.785117549876,0.516893634919,7.4231585391,1.38484450471,0.0698064133018,0.514722529852
1.2396389335,1.33221147891,2.62837084488,2.19467686888,0.879838411889,1.5133924168,2.23022984687,2.47640327885,0.459502684278,4.76546810144,1.02226532926
3.10132240415,0.238670330878,0.998950363086,0.825248471071,0.73352455311,11.3982019316,3.31508430305,2.06494191155,0.231419468689,0.993479458951,5.73155246746
2.31939437918,1.87694536227,1.38045494979,2.74107077565,0.171592575397,0.914752164753,0.925211447496,1.85138121979,4.53681639197,1.02248848315,3.80153835157
0.276503480544,0.737084112779,0.427607349997,1.73911376836,0.154834520506,1.04359647523,0.914575278199,0.274130963863,0.885643668722,1.0608345271,-1.12090259987
3.68302978249,0.396085446967,0.221231738551,0.491748327124,0.604240502675,0.779149762161,1.86800306988,0.452879071515,1.05549654183,0.660991573064,3.58567418235
3.3292488392,1.40551519058,0.953851500235,7.08740461496,0.405255418961,1.01359193982,1.65011537374,0.656387384887,0.529651475806,1.48078682586,6.74460283423
1.4478084767,0.693846431056,0.731989326846,5.34264267796,1.00398692316,3.19310722438,5.4480069153,5.64320672593,3.51696044537,0.162640777672,4.63842314322
0.484140291638,3.38783510609,0.888688973454,1.66954985623,0.524106224781,0.424231813259,0.231351478137,0.353850065354,3.43248629118,9.31509156535,-1.61439715256
9.32362170836,1.641489154,0.368843491837,0.724462771315,0.25238212844,5.28391891954,0.497989852572,0.501552062131,0.43603257063,0.165728895202,7.77840430883
0.819031408432,3.34283590979,0.153452649202,2.31431873087,0.422715769714,13.5272205757,0.672758490235,2.39195718605,0.502742074344,0.719629063591,0.99947183045
0.913040205489,0.573828687124,2.00448587552,0.691875419802,0.224882716796,0.0837510475248,0.243962753755,1.45380284128,0.19908684058,0.224551798353,0.919704625715
0.0347465958647,0.914558079675,0.572793984283,0.153372382162,0.257445392229,2.70197913753,0.242897553991,2.99948705128,1.0346078927,1.39360516137,-0.892521901992
1.42114414183,0.756553649174,1.02499460261,0.636077736015,0.210424403823,0.444208201609,0.328252783077,0.35744647249,7.58813537576,1.81325990204,1.73441187767
1.20462481457,0.642504948394,0.498354112861,3.52494967825,1.37281279837,0.297578741128,0.737135695086,3.06374735587,0.974664405569,2.46871611074,3.36788559994
0.086035580582,2.13473067479,3.14947151414,0.861863952251,2.79226158564,2.65098997839,0.90696972991,1.52935304491,1.21167483104,2.23242835834,-0.333924065306
0.195830050727,1.09502574037,0.886989740333,0.0398391155803,4.19385801643,0.937865717087,0.501762609792,0.471203226749,0.558914975947,1.78823695009,-2.87882970113
0.371080465927,0.260634596528,0.757558787796,0.551125164768,1.09359391767,2.67688124205,6.093528917,0.426954315828,4.18412114055,0.317979056892,-0.632199043488
1.01572509157,1.98957235783,2.2676310549,0.829893518864,0.247123475561,1.56890896714,1.88621561647,3.18839692615,1.35524327207,0.290523852735,1.13288652306
2.80414946049,0.687100115059,1.40709848102,0.146487108774,4.51332244446,1.53902064311,1.81405265158,0.72109753119,0.0530895104084,1.21381406646,1.96924277536
1.19973934709,0.200349358961,1.50919083947,3.89498071189,0.266222052159,2.62313010377,2.19277957443,0.922339189907,0.877487042849,0.240720679302,4.38090310929
0.207652642848,2.66766539231,1.21321309638,4.26378821886,0.500647741489,0.51897046826,0.871598906193,2.17642484896,1.10880210203,0.216783847568,0.252522411632
0.231296444005,0.510375984635,2.83303086232,1.40472383309,1.37534641203,1.32779280442,0.732065065542,1.73006819368,2.61343076108,2.51519371893,1.33996582566
0.832468338948,2.28693785356,0.839569378832,0.800228699557,0.846496443009,1.00300322901,0.654962337333,3.46769796739,2.66623309274,0.498201497834,-0.827951836624
0.350257415162,2.19850169403,4.59257522034,0.441953877751,0.483028714512,8.73036943551,5.20937994168,0.940150809652,1.49655135654,1.00140406092,1.40139469918
0.856019375321,0.182797434918,0.445948687233,1.74650362818,0.239817327456,0.266019890754,0.80199210638,1.45018098569,1.04388474286,0.755696228064,1.03706306417
1.15508780868,0.776677958458,0.150150754071,1.62636970079,1.52902410863,1.48788501515,0.659668447622,3.81388942252,0.418600163246,0.205596944417,0.219425749089
2.3964960526,14.7354200553,0.84680066156,3.65323272675,1.90863657752,0.287169909383,3.89452345883,1.67775639956,0.07446612328,2.39057632401,2.85431451411
1.70014159805,1.14552365301,2.51785803913,2.02703770257,0.388594577534,0.980594828027,0.851706059579,1.36678084379,2.55370375762,0.783518148585,3.24002582019
6.06280822063,0.373196470836,0.721895112371,0.298204846196,0.574017518226,0.839099334719,2.04301329582,4.84201094494,0.751801125286,0.303852587751,7.54720755536
0.964811057365,2.98876210985,3.98216223045,12.5593281566,1.63700599,0.127334093208,0.619014435999,0.340362223221,1.00419212938,2.65440016202,3.05758172023
1.90136851613,0.503078115983,1.31427171661,0.725822295443,0.863877468523,0.389229746179,2.30401185098,0.273373634136,0.734532614343,1.51954625806,1.37366677015
1.69964401181,0.744657113871,2.58411625575,0.701672678043,0.637079729659,1.12651873158,4.31179444622,1.93953301217,0.535378498815,2.17382603946,0.644077148036
0.275886011709,0.930811869364,1.16869926277,0.452359256194,0.593736735512,4.15735932391,0.395637571022,1.58092987506,1.65294954534,0.137702037293,1.2181704003
1.42103303962,0.194138397689,3.19583468761,0.476720673125,0.623429380789,1.49096288003,0.192812038182,3.93401700948,1.01690992842,1.09194631321,4.01410861877
2.09917016273,1.04094773267,1.44068713382,0.858461572033,3.21712415842,1.50439121797,5.74412282937,0.901157419431,6.51234809972,1.00932155701,0.821613995914
0.380458598519,2.28356192693,4.30770479909,0.289866958753,2.01628424083,0.592375461612,3.65812344932,0.449810581624,0.41682141213,0.29388842286,-1.51752265717
0.965944255864,0.85670137414,2.30185347861,4.28135791373,0.0941531562182,0.814261723477,4.91712792684,0.280437501758,0.653415267931,2.71795371992,1.53504449728
0.551471713796,0.677129989723,2.68071525053,1.31811009108,0.418298077199,1.14763822847,1.15265049744,2.03998596801,0.962098190009,1.31594537983,1.04915703321
2.11490648545,0.703493769656,0.167542783941,1.5776491856,3.05995973587,1.97381827726,0.376560146144,0.57726565569,0.652596189463,0.686469919585,1.4685512096
1.00801586787,0.277301751451,2.14545007343,0.553134232134,0.935126049854,2.54480048384,0.286789957393,2.36201205707,1.76983255692,2.95388440894,1.75753307008
0.415735762152,7.61799491897,0.445601982896,7.13655537873,3.76937587281,0.43204961893,1.39232147065,2.00510720815,2.49405898975,0.197418528172,1.33034950504
0.983586211263,1.1711236632,0.717018905862,0.644019866737,0.537461567081,0.328018321494,0.353706266637,0.375517832132,0.440832758072,2.30440691491,-0.970774097276
1.16980358023,2.67281567097,0.531734985946,0.99687821057,1.19826286487,0.242633976838,2.06153887756,0.173597354154,6.04593280727,4.09491408722,-1.56937444189
1.26806481885,1.62939746406,7.22195441748,0.982935061907,1.08905495321,1.11992268132,1.22883543902,0.0836448154092,6.73909449759,4.55262060608,5.06001567936
0.961420918897,0.236632935542,0.562088343286,1.56017226315,0.611288340124,1.16478758951,1.13362565391,0.229527041197,0.872672988117,0.175275855353,0.961137186296
1.00248946209,0.97317808438,1.45727574704,0.345377361768,7.28535124669,0.810117553153,0.361096015527,2.09190151442,1.77518727725,1.16092540504,-1.80574094207
13.1970462559,0.745211609424,3.9960225332,1.38565764342,0.991738349543,1.66544570285,0.884898285182,2.89824811838,3.52824849574,0.488190266676,11.3496357585
0.242008716208,0.20892034615,0.319498302916,2.06493241539,1.22085696027,1.09831428918,0.920542531946,0.807089568183,0.546876860784,0.374432951386,0.0916734060885
2.30627235259,2.91404732768,0.275553138038,0.280383746348,0.808256189998,0.418592366158,4.64187071634,0.479504793245,0.343116186764,1.54964333077,-1.51808761442
2.49087346788,1.3563753937,2.24595102312,2.52788738515,0.286890494596,1.43857852054,0.915750673569,0.666534339582,3.95568316734,0.441042088927,5.68248489123
3.55331807998,4.59313235059,3.7389037444,1.0279318367,1.449429073,0.562894193492,1.17344411748,1.70299839354,0.303507287474,2.10383511925,4.58083391991
3.72769958164,1.0721761968,1.17006371148,1.1193042608,2.09224538328,2.01864372865,2.34344169378,0.765306555119,0.922556456581,0.513331203981,4.71497887633
1.62348621576,1.29853230182,1.05356679961,0.614417493471,1.35769567897,0.79506070093,6.80309051998,1.36455464663,0.790261781343,1.00641105139,-0.727968598976
0.712076126222,0.739001829698,0.341789532059,0.607658456426,0.287573128334,2.03879568922,1.11187356008,3.34304249566,2.04059276658,9.54048677766,0.521458516042
1.35363744329,0.531971300827,2.01851652377,0.215415836243,0.635946365507,0.343640819213,0.54352232946,2.96475781669,0.150908414948,2.10641816789,2.39621588969
0.556665194165,0.611799987617,2.2106299944,0.689849256159,6.32096429581,0.558151246226,3.90599046332,0.81339023302,2.27629301351,9.74218905101,-3.3794820654
1.99498511103,3.64444786446,2.55996522229,2.98688208989,1.97522911004,0.285787959155,0.658366630503,0.186572104824,3.50229439714,0.0997709052488,2.15220807242
0.858015405184,5.53599512648,3.11134216482,0.335274527229,1.68663478146,0.170985071849,0.156920968252,0.130771628562,0.219752091708,0.23416649162,-1.13766388604
3.88879237385,1.47849262096,1.56411063791,1.92529017683,0.591266736356,2.40061950925,5.53074426714,1.31400671894,0.679837738244,0.473589672398,3.76709231649
0.226701076339,0.788255241391,0.661109796478,7.31960044618,0.12404273385,0.049505564783,0.169432230515,0.850742487394,1.01254962828,1.9005578641,1.66787077751
2.22961510991,0.0907360968938,0.585842547798,0.200236363389,2.64628867347,3.36158477428,0.25074400878,1.36649332403,3.06735432197,2.28804229784,3.95679666016
0.877186350409,0.285300039182,8.51635500546,2.10565278535,0.510434650126,0.779779843935,1.88556842268,1.54105639588,1.0325265794,1.56337934016,5.57253708541
1.23688927498,0.287093172268,0.919206020215,0.227138873847,0.674620994621,0.320473153498,4.14912891254,0.40939474959,0.477525078041,0.926514282559,-0.513025763071
0.206180957118,1.60271358117,0.236827393105,1.96690779122,2.90707436855,0.564943487808,1.50892063489,0.208854739448,0.960661646969,0.725487808827,-3.18108498969
2.46254699681,1.45585258661,0.246238917904,1.0757586055,0.56520531716,1.35220117387,2.15342165734,1.6882126503,0.266904579488,1.46229003611,2.05749367686
0.495548994811,0.873377243899,0.179910547936,1.44051533,3.79565433361,1.43022346366,0.111968241421,2.46683293446,0.255705826734,2.26592562815,-1.53131319971
0.459153341735,0.374910239889,1.06655642015,0.455481450268,1.54546988288,0.363325508475,0.16625365334,5.15971145947,1.14578221151,0.742771546106,-0.0114568104203
0.310854553083,0.772126892861,0.391327666359,5.96926098401,0.597949144325,2.1161274623,0.324392075389,0.915660734577,23.8148585699,1.03330533715,2.9199774011
2.66218734116,10.5231188892,0.697053022888,0.622705695884,1.72268590298,0.339286972775,6.79266732662,0.915682611787,0.0931110162221,2.6359226216,-0.70083464206
0.0742780929334,0.235968462289,1.41404619472,0.703498598993,1.02511566281,0.958736039182,1.45037481638,3.09422924074,2.13254750528,0.387474173757,0.0630621435585
1.27912197707,0.957418957556,0.702976549366,0.324377430461,0.913151493958,1.29765949242,0.752297064817,0.186826446795,0.350847536838,0.974274855136,-0.224372708883
0.814469493751,1.47268871365,6.75832227389,0.733670145277,0.251140760836,0.526496400821,1.65468116988,0.141267095465,2.96962245199,0.120401739115,3.47298515175
0.962382835416,1.28610536563,0.433644232787,0.203812792125,3.57168897874,0.247765386428,4.95580735457,13.7825170013,5.37628980961,1.3415515856,-2.1180728427
4.99749448492,0.279902457092,0.177728328096,0.12047869401,5.73752520959,0.820864870309,8.6233109538,0.0963377068131,1.37220795336,2.54780082812,1.77891783957
0.266725131122,4.06501470746,2.76694052023,0.118035789214,2.19332489687,1.38929887654,0.825231298221,3.50490625284,1.41125884785,0.450432523682,-1.79853478002
0.635962543265,5.39799366067,2.3135953021,4.2025838747,3.96485492916,0.122627153168,1.44642822305,3.53476522132,5.65156867917,1.44366603352,0.854304607279
2.44025466076,3.10089150397,0.247559035714,0.742609167079,0.233240109331,0.852356351837,0.980460684959,1.33202403107,0.34522812176,0.916405451131,1.32637091971
0.320636509553,0.138861761203,2.70698365297,1.355860972,0.0291685427594,0.860220274277,5.03143445615,2.58818961729,2.74490247596,4.40348403537,-0.916241417417
0.231760125446,0.326238370378,0.514454244664,0.91519962257,0.101916721233,1.42522209573,0.423571748867,0.171321072201,0.54410928368,0.732845821994,-0.662116066886
0.0597669290911,2.66116875466,1.03000090262,0.325957011718,0.728674465191,3.31935652042,0.608836173766,0.306360385777,1.85741258643,0.882680175181,-1.68488291209
2.98480382591,0.42981709845,2.01203548442,0.67410547508,7.68353753902,3.05687122093,2.02139887134,0.954700182987,0.601091995093,7.35189409949,1.97914894557
2.08857615352,0.568921760576,0.655736726645,1.21672701741,1.85263191933,0.227308636014,0.111940267463,1.09865885768,1.26516141229,1.45419547113,2.04719559623
0.560072448034,0.988699935803,0.338140510963,1.61540607111,14.6989227103,0.652885105506,1.48256663735,2.14403947171,1.24889958063,0.931461658501,-2.71216208365
0.0556047907382,0.31725936364,3.38819011844,3.81859626399,1.20496976135,0.653138141333,1.48717064311,0.967896818487,12.2820233827,1.73167995255,2.5665163987
0.740956086485,1.39657981781,1.86352479569,1.11794733866,1.86085606902,0.828425886506,2.19806044921,3.89898447651,2.8794930632,1.93769364792,0.134553502576
0.558850286823,1.13397469371,0.993506063068,1.00398314094,1.12653052275,1.74183398637,7.9122602291,1.06250529163,1.30625258808,1.30466436829,-2.96617773474
0.276502595865,0.854681942177,1.12703353304,0.118596748297,2.12387275577,0.766803269602,0.247850131307,0.389364134071,0.598314101822,0.603424620422,-2.68646034843
1.08337401347,0.947200595959,2.18560894934,1.16961384031,0.553840508394,1.03372284684,0.634080593331,4.81664172976,1.15943102723,2.77364517785,2.39500693534
0.777466116148,1.09386777891,0.0381553179108,1.3412318003,0.674508019426,5.27085180471,0.383581656757,4.50250990877,2.09379559902,1.82007937069,2.19855888029
0.182854012958,3.37392662381,1.13855053933,1.12739495293,0.133184598409,1.72121959439,1.77954160193,5.33887781746,1.3283355725,1.17187488464,-1.07102767441
0.886157399745,2.33264557606,1.78061704203,0.648430786584,3.65878921064,0.704609441534,1.18592981854,1.17238702737,1.37196086748,0.6403063856,-1.61937454474
3.62284725862,0.998754151222,12.4530166086,0.288994856715,0.74756317267,0.43013722098,0.730467201004,1.68817252808,1.65849973662,0.640862107331,8.55309379159
6.9916948733,0.575342129734,0.463823739153,0.15231864767,1.8827898203,1.75630860036,4.72013910483,4.55471827607,3.33157070897,2.18388944774,6.65773501733
1.05077063111,0.13744764257,1.00034401348,0.459446347548,2.71885336223,1.71538307133,1.84432680344,1.67990921248,0.757246831377,0.512946295896,0.314286675957
1.48352728016,0.572658694879,0.782128242765,0.490827454658,1.3050726026,0.378663274627,0.990357865839,0.289170445514,0.325611927527,0.29781061672,0.648149585132
2.73046553367,0.653749774799,0.404297406735,0.583503626132,0.836515017145,12.0134815894,0.588211862037,2.28368029124,0.579081497383,2.23983233096,4.91555883273
0.420676335446,1.05308419803,3.33282083455,1.24234872695,0.363332905182,2.48651358379,0.908241017564,1.17933879426,0.336641240193,3.1131540217,1.66129605595
1.98085839588,0.545477757178,4.15481276549,4.54805643863,0.586988217609,1.74005247469,0.83974263401,1.93309236041,0.135674997895,1.52413565112,6.56387342492
0.418855236697,1.21259481887,0.431876402401,0.722339102465,0.752805508925,0.995880942816,0.0822472491236,0.297012942056,0.271460757674,0.180812036825,-1.46761398318
4.24308046408,0.682498423957,2.16971454653,8.16749299401,0.280647529304,0.428841367565,0.119263473493,1.38903209737,3.07799833906,1.95982526341,10.3588306849
3.42408770012,3.05749651889,10.2405809403,1.33855678482,0.366469803537,2.64534174136,2.80188128435,2.4468702357,1.80000736602,0.561002059064,8.38755092927
2.83327216226,1.16310371945,1.39880754931,0.632276252427,1.08242086623,0.417629953067,2.33897913577,2.05010510731,1.0478931685,0.254231207159,2.53067330454
1.91879612664,3.26898766871,0.831950157939,0.769313606551,0.229745316157,0.683654522831,1.28330497107,1.70456277174,0.539506903648,0.177991348854,0.691170004014
1.8231532553,1.48349152866,0.383588416038,1.00571765769,1.25190558998,2.76795038961,0.193195600758,0.611711050995,2.07761259067,0.186381376025,1.07476181641
0.695540286419,0.524321329034,0.605089932544,0.547303905618,1.18636101229,1.81917605522,1.70959402068,0.116234797028,0.326599447364,0.551038819894,-0.30051315792
0.945142498625,2.77875941766,0.805605518427,0.583467047737,2.16228469249,0.934825360371,0.653350104215,1.83072396942,1.03281932449,4.03400825686,-1.04589652712
1.27065575759,3.53211967196,0.306977643519,7.36261629383,2.57924749762,0.249565086595,1.55032053254,7.75969633433,0.407884569571,0.591409622894,2.42405818544
2.52037798812,0.458710435608,0.574676875832,0.417774495149,0.973409813089,1.37054233458,0.896380246451,0.328337251616,4.91730647156,0.74425118093,3.57989543886
16.6137849364,0.299864556013,1.01358758419,3.42387199537,0.833758660842,0.505921753383,2.19708391955,2.00288340711,1.63592813151,2.05611049725,9.84845773943
0.369553446034,0.138023428638,1.69135062528,1.11689698119,0.278821064235,5.67576078645,1.54394924751,1.74930862492,1.57763540883,0.50990063039,3.37050196447
1.81808671282,0.3376760202,1.13591011869,0.808484926374,1.4881150193,1.58422792515,0.110501327335,0.389329043753,0.652004795661,5.15235741171,1.30959260123
1.62744054826,1.06459645133,0.111535177962,0.745875069939,1.38396509336,3.58310138329,3.91239877305,0.725263598884,0.898784109737,0.962175366487,0.296138181403
2.147884019,0.675795640127,2.00487257042,0.733165035752,1.11723672479,1.07982227446,2.38847626441,6.86789437842,0.33629427301,3.79794605827,3.47538771676
2.05587628139,1.90573941494,1.74555494928,0.55255398566,6.10801840508,0.419469996455,0.695761475643,0.321834817634,4.51323858951,2.09242610555,-0.154408885438
1.64489004853,1.09435847319,0.221471182635,1.12092286137,0.498183094678,0.869004291174,2.25221812224,0.641912181932,0.199754776004,0.446137303321,0.594059384246
1.33777174211,0.871231666915,0.562878651215,0.357918827851,1.03811106668,1.88965679707,1.05409360036,0.559889373887,0.773887262545,3.39196102798,0.567142767887
1.95443058058,2.37026654409,0.600654245532,0.806208809059,0.20637924176,0.521820183421,0.627286601221,1.57364807432,0.464518798772,3.63567078513,1.18031325281
0.175755313423,0.559617944006,3.67017220441,1.04637523624,0.640834926948,1.17311435097,13.3196026477,3.24989593519,1.32783152712,13.4621807956,-1.13493255338
0.83805418257,1.22348597821,0.198945261256,0.504390609679,0.312507450125,0.545347926319,3.85719685412,0.175730167934,5.81166706037,0.440989312679,-1.19140718304
0.635481540353,0.896429676598,0.946567409084,1.63945528728,0.568338790888,0.586877197887,1.12076698338,0.629456247959,0.451781989472,0.348874176558,-0.784820937766
5.86701808213,2.72691783194,2.20036982863,2.12686393137,0.378173047148,1.80869138189,0.338709589302,0.573683489999,6.65048880845,0.187019159166,8.0447932856
1.41661747538,3.52822547894,2.57083537055,2.86211134302,0.170526193254,1.33020752129,1.08536146783,0.623736749862,1.88674581553,1.06322736705,1.88693276998
0.362970643088,0.146415380902,0.141743431521,0.927700480342,0.42841132605,1.8628016708,2.24802078391,0.0997202426791,0.702338017744,2.09354772695,-1.44818116274
2.07277003805,0.0470725529398,3.52923744074,1.97151594642,0.761280274041,1.43233444553,0.499669633748,0.614720867549,0.779650464036,1.31112525553,5.10256235882
0.0640818987173,0.684065808321,2.385359877,0.950671207338,2.3010289857,9.61905186566,1.6763999487,4.12990390948,0.337046859697,0.753367519958,1.85859429705
3.93011012641,0.322585791345,5.81369237754,0.646898442518,0.634862834791,0.673837414903,2.50820759114,4.00046689902,11.6630241879,1.43056017757,8.84637546361
2.14939530906,0.365948131873,1.15046229587,0.105867686901,0.471875087163,1.0235138635,0.398116072941,1.80843533095,1.26726669324,1.17612716494,2.61168945448
0.50182271092,2.2123035523,0.0944194908294,0.149604919157,0.449398116476,2.21586747192,0.650681554022,0.270284188687,0.924943181841,0.579111897394,-2.22596688066
1.50885645052,0.861789808887,2.39508319567,0.990355731624,1.21899828636,4.5239378815,0.385981075231,0.827468462149,2.90829090916,3.43336208936,3.37496993902
0.0712338394228,4.24827670255,1.02188533737,1.71906735052,0.64984587479,0.243064167253,1.37131331326,3.8081596774,1.14499862876,1.07502026813,-1.19618830062
0.113123923863,4.04607093081,1.53628428001,1.6772787124,3.29351153709,2.46066391032,0.411305023828,2.91142420515,1.7144034888,1.93412982771,-1.43242796088
0.643524920869,0.728556043671,0.298658165411,2.74707174257,1.3792692505,0.362551862261,1.75634629445,0.277539414898,0.175826519468,0.83096693339,-1.45195321327
1.58359386236,1.70995443874,0.155679506621,1.53124420492,0.476329286178,0.459721957937,0.156430872099,0.811788660159,5.15990562807,11.5859677421,1.40487245407
0.0915607752074,2.19789854354,0.232053936644,0.268212922927,0.783025689818,0.391357405456,1.04998947526,0.376187275959,1.56290862731,0.21748334533,-2.97936784503
1.05049990925,11.0359667154,0.31817340342,0.514857468832,4.26841955189,0.386247622628,0.696165847346,3.22177063957,3.60077373222,0.97509801609,-1.59847118277
2.50206675757,3.57530180169,5.41525547702,0.650427311298,0.276072778416,1.69973442321,0.238113543312,0.583692265233,9.0583538855,0.485271746314,6.30022106564
1.30975046859,3.29669615881,3.00985670463,1.14269453301,3.83261570361,0.307717835164,1.26023472918,8.30178261747,16.0601144522,0.668123116014,1.82316338478
0.121332267455,0.817296166382,2.70567876995,0.154187707166,1.43972175194,0.813885657541,8.10290739622,0.295266046373,0.917368081813,4.01155137463,-3.07726180268
1.06230105042,0.444798630877,0.403551174088,0.818950044998,0.969192721747,2.21299182476,0.971795326885,1.30647236515,0.685937999504,0.312527851638,0.563310893378
4.00775373334,3.62449431043,0.0376302932658,1.9885935437,3.28913195254,0.645124378588,0.52086115135,1.5695426008,1.44790160339,1.71325444761,1.59457785891
0.832968566435,2.97013745235,0.383377102253,0.295762124023,0.642385826255,4.62188406338,3.25724424394,0.31134561805,0.128334250081,4.28960650501,-2.11824856674
1.41540222168,2.37789081263,4.36316058563,0.258057950007,10.090974311,2.706136286,0.194988194175,0.290768097217,0.478732785184,2.2958168551,-0.77108374599
0.336387185832,0.656770236373,0.435176055369,0.287769663223,0.637917795806,0.488941469074,1.83859214942,1.42100895552,0.376685236029,10.2376495049,-2.304572312
0.598416576277,3.4616624373,0.537983708783,0.898557252009,0.322945571584,0.795280714665,0.651727792331,0.868889313145,0.383922987836,0.550826246198,-2.92282303666
0.123492985271,2.28848173328,0.801666742832,1.20709875711,0.600072551149,0.31286579679,0.44351866344,0.155963087982,0.602134003715,2.81815546691,-3.02435065109
0.771003016674,5.81412977275,1.00834147183,0.231574506143,0.238660938547,0.706927331869,0.651212513419,0.374786600684,0.942428981328,1.52116537522,-1.52473110468
0.333227587862,5.19445116063,3.11226286673,0.60292167327,0.661264970224,0.335334724967,2.01537744312,0.390233565762,0.478426812091,0.503229389282,-1.79242862877
0.96015074669,1.55868821272,0.421742652914,0.797622150177,0.38044897457,0.445455213228,0.791943198881,0.160359204254,1.27024667821,0.965779882621,-0.278009836424
18.3315450112,0.11146829509,1.97040083692,1.50222276157,12.3032034071,2.66742314526,0.190630252942,0.636797788117,1.04329991093,1.34531597522,7.41971260928
0.556444291728,2.18093603876,0.662485678702,0.62286301605,30.4450658376,3.84747314818,0.541056696749,4.42474595061,0.610749913634,0.487857631321,-2.1163093241
0.426609661902,0.888544338373,4.90363852696,0.702428891318,0.425033680517,0.939710152861,1.88055965895,0.716074703061,1.4488415292,1.34039203995,0.795737770407
0.142552032296,0.244661253954,0.885648557293,3.16543323979,0.437208742768,0.224153019421,1.13450764541,3.04987966115,0.882565643058,0.992130076367,0.771498813516
1.45859221211,1.52472266709,0.161770393975,1.02048112433,14.5294567348,8.72188677431,1.91693576944,1.56970868675,0.428227689491,0.464010574016,-0.848851081785
2.90987653709,0.247422256648,7.0696756252,0.958494068222,0.531107039799,0.47404629305,0.888139136579,7.00259866304,0.591139584916,0.0790071971849,8.87250172389
0.374048100057,1.00318938826,0.931471780933,0.699390570551,0.616972387508,0.540890544731,1.96340439294,3.87036053494,5.9600546816,0.223700319679,0.209297163447
0.693932833506,2.56860968177,2.7129253142,0.472045158148,0.232901014034,1.50971955372,0.0961275360421,4.25870808972,1.00410347186,0.633619638996,1.22004711181
0.988187554473,1.83705351512,2.77931465964,1.02734924436,1.37980525441,0.449220088721,1.27179725018,1.55568936931,1.06853254784,0.362195017402,1.02178576044
0.819993693378,0.447808652641,1.97034357485,1.32234082681,1.10373848016,0.175209562512,0.989691987601,0.190786460916,0.794724936005,1.44536509969,0.986736004656
2.36287246404,0.25714821723,0.455926574317,1.83146098771,2.34050628592,1.06658208165,0.198839061168,11.8415335276,0.224864447144,2.31761436332,3.60021513036
0.118811864296,0.295762884117,2.03854729112,1.50749286076,0.740595513672,5.48041922909,0.349120759442,8.32506363614,0.431889130689,0.887791228161,3.23586077486
1.21494845457,0.918059114051,2.31815879347,4.36992683583,2.56552319144,0.800745533866,0.289948007821,0.682980646638,3.73417205208,1.74685684976,3.43423301273
2.06865964405,1.55238934714,0.171782905064,2.1101050253,2.51034941389,0.616816835751,0.43189802503,2.38951424568,0.0563959912877,0.809797640607,1.27613217576
1.68141788791,0.297092435633,4.10889754536,0.766392155435,3.63558402014,0.0713707244494,0.91575573965,1.72846034957,1.50198424336,0.087298484135,2.65864889036
0.114187646928,0.100845829869,4.91960878196,1.35778964724,0.475254288797,0.491064660832,0.757487938625,0.684170446793,2.62610382764,0.409795960051,2.64658093376
1.09813329462,2.54836357872,0.769621496896,3.4010696056,0.799825017299,0.083151795132,0.167377235115,1.78260633552,1.94005493938,4.22139746703,0.748512540617
6.36125995642,0.36078360564,2.17869382759,1.35683593605,1.08699198413,0.366135223021,0.530481650992,1.20106718965,0.471239576322,0.995012057481,8.05340923403
1.56925233752,0.932710939667,0.159894906775,0.714678255208,1.0646248708,0.452828273508,4.14969267097,3.61367580027,0.709817846204,0.286409663291,-0.18372235779
0.925659123619,2.54888528684,0.514327589175,1.11233754198,0.241605256111,0.121900946635,2.86711522158,1.18223736014,0.707491511722,0.382313003835,-1.4242835595
0.82216978333,0.34534237564,1.57229701137,0.396810284465,0.618003088215,1.45847711753,0.929919227131,1.21113300667,1.17100394801,1.94922800688,0.559653435125
7.64085114099,3.04114399749,4.65093075322,0.286925733984,3.33712175278,0.118493474513,0.492324262252,5.52477883747,1.13101995742,0.392759761687,8.23578344468
2.50759543841,3.09609681959,1.2955325507,3.05295956572,0.651762599913,0.0987858126612,1.92229760563,3.40300731665,0.854639796654,0.0718011284859,3.13746249206
1.06071933158,13.5722039649,1.66819855641,4.36896713221,1.30405655353,3.7925517118,0.480082621971,0.963082672545,0.378764967676,1.38865205602,2.94682189539
1.46624143043,1.73342048848,1.05523963024,1.70987629313,0.924716131918,0.321570159874,0.838658997149,0.497769079238,0.762946346935,1.75260851932,-0.406299182057
4.18050086604,3.92073862497,0.51895445014,0.438290637896,0.627783910821,1.77254905926,1.28386625371,1.22323229891,0.745070705772,3.24654309105,1.91843341112
6.06120337204,0.0243849684116,0.320968757562,1.52756037914,4.41216248038,0.456587250053,0.203483223454,1.81410192316,2.73557097849,0.479758481065,5.93333421622
0.763371185129,1.09721713282,0.577807926736,0.8348732372,0.176487509358,0.62806647081,0.852491717985,1.20925611679,1.33336126997,0.76383517737,-0.465133965485
0.793305052809,1.75797122979,1.18301667682,1.35009016291,1.73658171051,2.30718499347,0.376241307845,0.136254417251,2.25639106946,0.341276238141,-0.468500538475
1.02178528745,1.02087541732,10.590349475,0.418144422146,2.84306463954,0.725859276395,2.11247365754,0.982997268237,1.09109681109,0.446707586569,2.65250527982
2.47836087974,3.65263081477,1.76813487446,0.369586470329,3.16153591764,4.74595895191,0.535320646681,1.39477235729,0.358203176147,0.821229028062,1.81789432107
3.2829446188,0.508795400176,2.08492524105,0.0763430340776,2.83692575129,0.30483328195,4.62562347602,1.32616063285,1.02575269833,0.152542844268,2.2007030014
1.01944694294,0.550568403747,1.24534761649,1.17639797531,0.454779492836,1.94422276318,1.163421102,4.59609732416,1.55995834392,1.0018769758,2.58659184649
0.49129124014,2.16868195068,1.52527901412,0.597175374711,2.18350667701,0.0359990795504,2.66130204391,0.961878380171,0.664685754626,1.00272100983,-2.98635976617
0.0747625777341,0.469902248292,0.593200351032,3.31159933347,0.539927262574,1.08549217281,0.907710492486,3.21429382402,3.22731546924,0.596118725939,1.12024160559
2.95255713062,2.99535937347,0.362128798036,0.0914058871384,0.511656530021,0.682236946428,0.69367292751,1.30348931653,0.466098565317,0.797419022903,1.48277984137
0.0523442149506,0.514656848057,0.450664081998,3.29104550566,1.03654530691,0.900746021904,0.614183400574,1.55210563167,0.552102801592,5.62060103086,-0.582118478948
1.20096074073,0.131819121934,3.17769530944,0.0752171976245,6.05467149437,0.374983328492,3.40970103432,0.924008269192,0.0778674475289,4.6446247273,-0.612236286818
0.231219469926,0.492824619062,0.651512019674,0.781986383488,0.97488136047,1.46381895799,0.315123412438,3.90808813242,0.0744539357064,1.1627239924,-0.879503600949
0.602478369303,0.78453748487,3.77821370314,0.788441248341,1.26616388039,0.312096642346,7.07299443184,0.817700257738,0.822670057538,1.46718634883,-0.658886801934
1.15982616271,1.31347169591,1.78083960333,4.72345389457,0.334395027092,4.71752593933,5.43729758134,1.3578483057,0.520121053539,1.14923545861,2.02944288521
0.728628539459,0.726693668831,0.507000151738,0.27713828651,1.24119124957,0.20511788406,1.79607779115,0.238780918483,7.73470490151,3.09619985232,-0.785984805849
2.48671968496,0.764442961432,0.211629634166,1.01423903378,0.926586576531,2.50259813707,1.74994009646,1.06797294838,0.353542884773,1.19460401145,2.73160481601
0.776996114277,1.32464393916,0.24806651021,1.36059984078,0.292493127905,0.953796288059,4.20171182993,0.528708672034,5.91542803702,5.00314500867,-1.33607519826
1.43860311872,0.355500375233,0.230266218241,5.54962990539,0.83341601165,1.33754506984,0.457999693453,2.32883711071,0.77418628333,0.783981998935,3.83427382956
0.312754300249,0.273290298749,0.283813681869,1.47462178326,0.641392094073,1.39791729159,4.02742762002,4.01712457227,0.764813688741,3.58919918472,-0.445742301925
0.184449282315,2.65517487352,3.73980992964,1.1776300685,0.403317866733,3.57966772243,1.05344722221,1.29112475953,0.886785075837,4.54342382381,0.0988995838991
0.212597921872,1.1276238531,1.57160271804,1.68084695257,0.379996301836,0.17876325745,0.937865208629,1.46438119092,0.191062431358,1.91515564252,-0.320223537484
1.40654787951,0.23023769693,2.51100718737,8.41207523277,2.25250367829,0.29383835517,0.833031426399,0.857349406295,0.691678572875,2.10241226318,5.88277130239
2.2309007833,0.730737070049,2.83702745835,0.669135385462,1.08917990587,0.407272947785,0.283302297581,0.948265700086,0.389093127843,1.0876260729,3.41680596242
0.342747521881,0.375272720533,3.04323353506,0.376770196677,1.2415841526,4.46517149033,0.289079565549,1.17569560291,1.42188895086,0.458623619122,1.79120954476
0.781140937656,4.20935015155,12.8797955273,3.89270045484,1.43691212188,0.266438645444,1.08295351652,1.11311004974,4.99785657887,1.84852776702,3.99456210583
0.740498540602,0.531879648972,0.711034276427,1.20233185794,0.364142177352,0.107098092621,1.78415852183,5.80959783226,0.460418419442,1.25967887563,-0.164339238756
1.08123539992,0.750254142378,4.48004426695,11.1528581273,1.66806358412,4.56131690589,0.808148075505,0.356776149621,1.00996562364,3.09741439279,6.60042855452
0.57730698214,1.21455994244,0.673348000434,0.2760686641,3.01289952011,0.626047424552,0.489850034225,2.92420169477,0.504159597911,0.267501078836,-2.26999409474
1.24010618965,0.563691554748,0.930123111467,0.66782909111,0.432349633458,0.379573177969,0.191978445917,2.68027998057,0.706944028394,0.33680723146,1.67352436189
1.8198876876,1.54478052575,0.693888853357,4.33837501258,5.8796488512,2.94321665932,7.24063259972,0.357087821045,0.481274597876,1.29019467195,0.422461512052
0.407390424497,1.50049789558,3.68328833129,0.447768124282,0.791293669476,0.444906753047,0.932050666965,0.27999701029,0.616604622035,2.69087615505,-0.719029077858
0.79286317396,2.06467005448,0.303880455159,2.57326712778,1.26046691376,1.01060380215,0.569790587302,1.20281130493,2.79492562067,2.27957416086,-0.154120985609
0.771353825095,0.735214822741,1.29427079455,1.62993988625,0.753939370662,1.5866715265,0.716613288803,1.13319238682,2.71265093948,0.27301193435,0.85843762563
0.776969298388,0.534049045881,2.82041122731,1.17665817249,0.229314516563,25.2816973434,1.69751911898,0.998050979459,3.26698360229,0.192364085868,4.13190624501
1.1970301266,0.584383034601,0.889877673242,3.56714862349,0.164005270637,4.11975361538,1.159444953,0.737762319804,5.51779113873,0.386817324614,4.33891672643
0.910777999001,2.31010368437,1.39522347528,6.51358073851,0.885534720933,1.80684672672,1.90287451097,0.642285587934,0.801843389473,1.53401208581,2.30672755796
0.33544171697,0.51849507247,1.9574341645,0.28497770092,2.9089959691,0.338284623835,0.547403306213,5.92001017192,0.341690086663,0.195396828193,-0.207669914123
0.137637508152,0.277342791842,2.34598610862,1.12845036186,1.93779489039,2.05865631977,0.181646525128,0.984399947459,2.54350525316,0.394016406034,1.62311672648
1.48671416036,4.37392003671,0.243950278182,3.59015140227,2.58363178214,3.82907690398,2.81813301958,0.559499772381,1.16803072962,0.710546140881,0.0114766949023
3.29112577427,5.75381150112,3.50204267478,0.576288918304,0.69786195141,0.206491015416,1.37973757493,0.548374010067,0.312678747287,0.197294861801,3.90872062532
0.379061292936,0.246692871381,0.339203918811,1.1806928123,0.367778423749,0.757665628042,3.11902561208,4.9765520712,0.611465515964,0.374839009562,0.325428446072
5.05813705709,0.390598569074,12.8148851803,1.88731662003,1.11064769654,12.7061284461,0.17048813149,0.741432194954,0.849338805268,11.7946920114,13.1682404763
0.674534255193,10.3511276918,0.516094628611,0.564054109173,2.68779932497,0.39094066674,6.19028589555,0.411752179409,0.409127723809,0.387070042652,-3.79995487534
0.496592114986,0.239897860861,0.0834569143155,7.27187375698,0.477522463683,3.250254763,0.433718032685,2.83246018718,1.17198841344,0.806752883804,4.29614004991
0.718437118073,0.312083215876,0.699513136658,0.585915424339,0.549359106824,1.34349872736,1.26046941447,0.0832828863416,0.756131201725,3.08594369553,-0.225174894722
0.380366105508,9.11600041241,1.98677801913,1.87701541147,0.402698687232,3.01588555367,1.70523995784,1.96716910464,3.71806230168,0.0626548291349,1.07301381615
1.28164525848,6.88733175584,0.933282280306,0.876809893127,2.26558527033,2.09722309262,0.845487081315,8.94979536179,0.356710031691,1.81494590231,0.973791988207
0.418668857658,0.266631492359,4.27681897175,4.71484688032,1.40288291007,23.7183310689,1.0701742727,0.124537970439,0.645058365538,1.21212831423,5.86100737566
1.50660682485,3.80027905154,0.435225869256,2.02454349049,1.10284930055,1.85474224735,5.2578436298,1.70842523678,2.54462462914,0.986538812687,-1.00681179325
5.33264046037,4.18806875431,1.68315562606,1.84805955913,1.92204894791,0.130854225957,0.798330954276,0.22106278797,9.5443865532,0.117427677581,6.08133229871
1.7737217607,2.39221943325,1.58585841862,1.77490739752,3.1006321283,5.31881696226,6.62581489315,0.743124282003,0.422845711111,1.63206263431,0.768941255763
0.597576180199,0.695366352136,1.6641642856,1.10555619807,0.153688134032,0.461227232915,0.542916831473,1.2078252578,2.52147792521,1.41355567556,0.331913643747
0.525624021702,1.23424215707,0.415116593927,0.0622295948234,5.71389220141,1.3870721261,5.46041606185,1.50034846273,0.705212173274,0.13014774502,-3.87146350198
2.351784576,0.726703390728,3.82774330661,0.22349021536,2.15473596759,0.707029608946,2.76767124084,0.559254534284,0.330364204537,0.324672063936,3.11051116851
2.21718630254,2.5380709836,1.2318983348,3.47942917021,0.916053029843,1.83645975692,0.141319130608,2.20936727247,0.366835862447,0.791388284897,4.69005021384
2.58897177497,1.32603202947,0.199136940637,5.71215268757,1.36103455489,0.738814992034,8.90292047171,0.55513430513,4.32097132292,1.77043137808,3.1129809518
0.893158802952,1.63039175799,2.51421581295,0.393437126845,0.174765499899,0.846052441677,5.50993085689,2.1768863159,0.415851537305,1.58312915036,-1.24304060037
0.217798932632,0.0890681587865,1.30827648101,18.5664306855,3.24223352404,3.73632990295,0.152178437953,1.76326736787,2.46985292555,0.753794330945,2.99867475073
3.36771439007,0.571432303712,0.757045464272,2.64739540902,0.410697267159,0.597719047417,0.981837364688,0.468864808455,0.754131285295,1.8717577201,4.66091407628
2.63184332493,1.57457119361,1.96986569865,2.18661741642,1.65341616212,1.0876521573,0.84984159759,0.890417026578,2.3321086282,5.50462416554,3.88645814728
1.68263270242,8.06553471892,0.942979339705,1.75066657179,0.371695599567,4.43463967067,0.429779090918,6.92460586592,0.517950901937,2.978300093,4.61427020734
6.95426719874,0.595257080049,0.0815345785471,0.822601473591,1.77541281098,0.229964322425,0.967022618809,0.381422322618,0.521255458076,12.3253334833,5.69646765585
3.77896826218,0.775499896313,0.459153583332,0.435637113234,0.50348818264,0.454748294171,0.410387087818,0.659819655092,1.07306606365,0.538411589893,3.65293950873
1.77316684028,0.794894246381,2.33417027746,1.05013682107,0.736558439171,1.57866398596,0.226033425659,0.917262929693,2.02404392423,1.24862886082,3.999072181
1.09000757158,1.15864671605,1.6181450208,1.08280826487,0.416136656271,0.281831248562,2.19278064127,1.55348526546,2.22977386372,0.14084438841,0.751989414539
4.77408812697,2.63838925112,0.644723523555,0.249564042177,5.10115653308,0.69024852969,1.02958035448,0.556331464009,0.779512655923,0.889631811771,1.48892905725
5.07771586443,0.207853524581,0.375680314666,1.55177865664,1.02208682397,2.50063595091,0.681863530131,0.801581517485,2.32243174213,0.186684881969,6.18608393776
4.10575968181,2.32355646616,1.26119354255,2.70610712457,0.137526588302,2.01603976261,0.885919449732,2.34584289783,0.51774015712,1.84843061829,5.68728989507
0.58517593511,0.231099543835,1.06058460812,0.852353749757,3.4804439127,0.579390071728,3.08240309828,0.910449661348,0.71745457022,0.115823663404,-1.92730934058
2.04878182068,2.23043708919,0.63664469496,0.599375583103,0.296828965494,1.89265994071,1.90457530625,1.45491704409,0.909155486105,18.0924502982,0.832776281656
0.528181613728,8.39439495192,0.248343786573,0.339853723624,3.76120815471,0.239261193608,0.872369450329,0.868741036862,0.28041307005,0.729880577163,-2.78803002873
3.12065061441,2.64556750359,1.39386018449,14.7548262013,0.512651853569,0.0758395355879,0.361558852385,0.696985710566,0.266172604154,1.26613370934,5.6384507578
0.199795694307,0.514932721421,1.38178280377,0.972074352354,1.01133268,1.22437115588,1.20636735563,1.22779836845,1.20491750606,0.04573672602,0.0493808757909
5.54639585092,0.228887779145,1.24582626481,0.375421704581,1.59973075276,0.792662203818,1.58697111674,2.03601071435,0.584383084065,2.12299546556,6.26195456892
3.13126594568,1.13358057411,3.93902653098,0.489921630192,0.475862816788,2.70375837456,1.15083991596,0.836300848788,4.6934836693,0.0639247010704,6.27066370277
0.29418825988,0.96028027058,4.23319842762,0.457219830846,2.29551754329,0.91069486753,8.01123612897,3.47952731937,3.39406316345,0.526267692462,-0.402013998096
4.21092108796,0.310101274648,1.24962620235,1.13804668084,0.719616615061,1.75044709987,11.1862612577,0.344676388432,1.46428003583,1.68051291046,3.87368043056
3.23578913094,1.07349371837,4.67218148666,1.12630268346,0.500185476314,1.12981501352,2.05655531666,0.186154541505,4.94283388806,1.16411985697,7.3083391501
0.44542454002,2.64423916103,1.32205546308,6.02330172628,0.826455450868,5.89706951495,1.45138813087,1.16668587232,5.54795926114,1.70401678796,4.21489098325
1.31081649657,0.268691364161,1.36619950644,2.88459413555,2.74276431133,0.162813930243,0.16631520184,1.19539779356,2.05932930963,10.2560874273,1.48139166408
0.197719436358,1.15109974187,0.128408738264,0.542907813355,6.45522275593,0.44631209971,5.90797154952,0.771935822664,0.267221445921,3.15408672946,-6.92576004766
0.603579114717,2.17510929832,0.325485284317,3.88498035122,6.55890628509,0.665943083285,1.12004560408,0.485466967459,0.406370670879,0.589216450211,-3.49420501759
0.29384375873,1.10508328302,1.80832372391,1.17020532303,0.57404916427,0.811130301612,3.53131883041,0.933812248823,0.762304933497,0.270268469726,-0.602527555121
0.570170476194,0.413950994023,0.564408124278,0.328455491665,0.59219204957,0.275604230349,0.292486078763,0.883753009176,2.40171564824,0.732827205341,-0.685374751125
0.101911541193,0.600962008619,2.37583410219,0.551831770135,0.451609267497,0.963269943394,1.2680554517,1.25671581019,0.351026397918,1.1210894945,-0.680826851369
0.510768998054,0.848961806325,1.5546918671,0.456464979983,0.599962601023,0.4381838681,0.304225402661,5.12346970261,0.996379792275,5.82243666196,-0.132608064443
0.952827009774,0.268658887155,5.44093341681,0.679579055614,4.04797290476,0.348467069644,0.883248787287,2.54434074442,0.513622550052,0.532785633936,2.40920540524
0.851189562997,1.05026869406,2.02014456864,0.113707168116,0.73338888163,0.0312055275509,0.487920182991,0.286650213005,11.6766958611,0.787480408675,0.628971900815
0.135699188851,0.246575068572,7.88894844778,0.105122756046,1.31724443124,0.587522644262,3.46330293103,0.313965721255,0.599844887063,1.22451809059,2.23958727745
0.946259883164,1.74063781722,1.10146259692,0.503189322595,0.475920675078,0.868373785098,0.791051207891,6.60365335796,0.790327642162,7.84422388652,-0.311464851503
4.69947239796,3.18636765135,2.99692075436,1.26667923547,0.473519754353,0.164460158257,0.931197882417,0.524692424923,1.26439604037,0.805452760776,5.83557409623
1.7249668645,0.331031930373,1.38878084778,0.784499195826,0.443387374603,0.574808595204,4.41050053259,3.26984865706,2.27739762067,0.949694018263,1.6081307591
5.81081580287,2.7575453011,0.575456880151,4.16891327546,0.188057791772,4.08232240367,1.20322521258,1.56582493205,0.826424818272,0.0741135092905,8.30377295838
0.610008972548,2.43951602234,0.675834763954,0.807603646398,0.328781893937,0.875891820925,0.744478145804,2.41060574459,1.76784761575,1.34367296626,-1.04782954128
1.84201412477,2.11968152899,2.07981639613,0.500971140203,5.05672836894,8.83801741554,1.41371041914,0.769659022403,2.43169875724,0.337327162623,2.08797016549
0.293986954492,0.828388366995,1.00612220038,0.362833158208,12.1351064616,0.886813274487,0.82807693341,0.56022589668,0.930079635718,6.13754965892,-4.55550926825
1.22323443411,5.86788614802,2.98018934338,0.568168778189,0.279626957895,0.927667346555,0.691985857178,0.615954378542,1.1027154404,0.491458253054,0.832538826157
1.46608333337,2.56678043231,0.372279725457,3.11515513421,2.43013373604,1.91638864914,0.625797271262,0.510202574941,0.346837649194,2.48661284656,-0.39824729026
0.86844639282,0.879179930179,2.17277771909,0.457119848945,0.227179086585,3.40467806021,0.518834331989,9.60220352808,6.59718776922,0.408914990452,4.1330584773
0.840066360411,0.73071631218,1.74155178245,0.589149244711,1.42835662316,1.07664354421,1.79190815206,0.295480522863,1.95371895984,1.06257105811,-0.529641391032
2.98294334153,0.934177427829,0.145990114203,0.055946199372,1.1384913401,5.85027875055,0.329450010882,2.32517808245,0.411546339786,1.07792207057,4.02651531297
0.750558023491,1.09685503593,1.29144054426,1.0417917384,0.203125425148,0.179701354851,7.89416563743,4.28236453307,0.639350370689,1.29997969024,-1.787947579
0.107019375408,3.0967799762,1.07791523138,0.6669523366,5.99747598221,0.877693622847,0.405277981229,0.843781299924,0.624781932993,0.155173693988,-5.19787294631
0.504809571814,1.16887696218,0.855426766605,3.44701467692,1.94799441753,1.18354664049,1.58787725307,1.57728359308,0.890860300602,0.653042055218,-0.269394929073
0.448517879854,1.35278087035,1.17423072649,4.67460469592,0.0450960645829,0.164839974785,0.467161234045,1.04322845422,1.58933830417,4.90781050681,0.990671364987
1.19328636123,2.18114302838,1.89618658906,0.385992594854,0.57563009415,1.34753623153,0.654802843374,7.55922018148,1.22919781689,0.80632032649,1.1508498725
1.63025896655,0.12851605869,1.06744875852,0.361805168986,0.46456140024,0.132561872818,0.15536905055,0.933321929544,0.900276824223,3.44853128865,2.4980699289
3.4831010231,0.440967316245,3.76290142616,1.46040466929,0.971606121393,0.656595253724,0.574383426324,8.75954392777,6.38289895056,0.587456408407,9.39897977026
0.238953236015,2.17333877149,1.10443288983,1.46808569451,0.666091961839,0.957711477749,0.19356027748,0.755520494594,1.57904010582,0.733765549392,-1.71593449199
0.972110907054,3.68134561635,0.220374440689,0.662269741132,2.10784082274,0.596878443484,0.593522504708,0.868263801473,2.44151957412,0.680998387251,-2.89792559013
0.0914020888302,1.07222824727,1.26190344985,2.2796221132,0.530685955381,0.208330289399,2.06234492051,0.274632924764,0.908905598558,0.888271855422,-1.76025629084
0.543525122888,0.576256726017,1.1547748426,0.519735395093,17.2203084331,1.16360523783,0.295643748893,0.839332185099,2.03231528953,0.136216240907,-3.07657493011
5.74535601084,0.534092607989,1.48133082886,0.966431913686,4.86108914333,1.00999595405,11.4542239398,2.44716344163,0.223945481255,0.505079296506,3.12916412328
0.572089063881,0.247816265681,0.998061286774,0.352388850934,2.21211806929,3.17593549809,1.91297160659,3.26865726162,0.186956020752,0.73235218381,-0.0739555872355
1.48712040706,1.18711851346,7.50785596005,1.10352430915,6.85396761072,3.41118783906,0.714706977609,1.34590833449,1.30033648477,0.321014698462,3.6849863454
0.200239289686,0.334581197662,0.609068559378,1.10957773467,1.94153220922,5.09661159156,3.63759829282,0.110015430041,1.37550507844,0.145195626968,-0.582726892374
1.79009672941,1.11139679874,1.32417844003,8.87477838825,0.298699777319,0.0661432476558,1.29251777732,1.10980719153,11.7378834842,3.60816690402,5.58000108101
0.259860398985,1.63744968961,0.735847638418,3.02875621483,1.77240933887,0.3487026223,2.91233010843,0.746055596805,2.65194791221,0.655132566104,-0.722924068976
0.80480983598,0.293566558575,0.528012270639,0.393791975474,3.34584903399,3.41687787958,0.396645221729,1.48474908576,2.3191971824,0.929134848974,0.10926836138
1.18275999696,0.172474203026,0.195888779084,3.98055274945,1.4671818981,9.7964301803,0.920096534658,0.556133958322,1.76752048039,1.10262236086,4.32633591981
0.975112259646,0.783203856092,2.37084986796,0.163019007913,0.314927402243,3.37650859529,2.02332962447,0.222864110335,0.198553021293,0.456919532456,0.972936444094
2.91409908404,0.515158024117,2.03218873196,0.453744110283,2.12424525292,0.699136434223,1.65496882441,0.788363190417,0.718934521158,0.645818497443,2.9458906763
0.184100090994,3.43244592838,1.22013041025,1.01269985365,0.551973164443,0.0910253998519,0.275933639811,3.06237819103,2.56719493152,4.19146693714,-2.73710663722
0.566278791419,0.389114779734,0.527686177065,0.366462354318,0.877931925525,3.91979845449,0.388469504352,0.496394342994,0.182362188668,3.26169594616,-0.0329863181376
0.753117150309,3.06339541543,0.6120753834,1.09458895031,1.72778617599,0.825896809026,2.043495453,0.932173363209,2.01688078411,1.25812960755,-1.41506605305
0.481362472348,2.82329719196,0.391585913521,1.18568362497,1.0938395444,5.31940842087,0.701553724573,5.85058155252,2.08158834694,8.65628908437,0.510450754602
2.76124283801,0.799797790419,5.97979883281,3.15499456981,0.668822082724,5.59697819044,0.714744354583,6.54641099045,9.4443857258,2.05817333179,11.9381813151
2.67805896728,0.486685222187,1.78913242224,0.541489612573,2.7856074488,2.72141821057,2.51827792524,2.11619763408,0.259280384783,0.810667519571,3.30351643665
0.557186214448,1.75238487663,0.61219564456,3.85738559622,0.344373764574,0.720885463426,0.171137785614,0.451553857631,0.181333332412,2.81503378,-0.367471401147
0.97076427169,1.37068823061,0.530515117138,1.53339786278,1.53165062533,0.606338788642,0.126311233636,1.52401009013,0.297292658436,0.610927861982,-0.612679148058
0.421096207795,1.50123809916,1.36397838596,0.252892806319,0.52571948054,0.54503603501,0.394817191203,0.857038318895,0.337818599564,2.40518487968,-1.30898437584
1.02571271159,6.17739427553,0.284440704946,2.62687289989,2.88547630346,0.551944530318,3.9122094843,0.811649240436,0.498831547326,15.0069509525,-3.10573516784
1.2746135067,0.24662361723,0.412997608395,0.623816540365,3.59488031019,0.489466580224,0.0542197555509,0.94337437306,4.27750894871,1.08702503444,0.347221211287
1.09641764404,0.616637490074,0.808521525247,1.4442552654,2.08654032844,2.94595652786,2.46118798823,1.72033725774,0.385312272338,0.710932069215,0.524248950293
0.593015552521,2.46218763357,0.567588223151,0.400089609626,1.09395062051,4.9762192358,1.31557660427,4.37091732756,1.59996567424,6.61081148723,-0.424162658633
0.512155150306,0.574866945633,0.479590095139,6.21970570339,0.418054641453,0.69318446516,0.6239019549,8.54358559284,0.633952285794,0.453860772044,3.84270959053
2.46761689234,2.14383969515,0.583103507232,8.35152079624,2.63016314513,1.97025414036,0.285106806485,0.648020314475,0.676970941494,1.06969294732,4.77587015075
0.515673674504,1.75920075173,0.296303262231,1.43492223385,1.51499717081,0.89195615715,3.77744292873,2.10913528476,0.266818600805,0.388963543117,-2.70193411231
3.16635508679,3.57768757201,0.439221490452,1.34437496379,0.572193240892,0.262771508692,0.134720811506,4.1154243579,3.90210339028,1.08234780013,3.42386003584
0.716561506287,0.524386638142,2.09227440079,1.01277231371,0.0794604340739,1.03980192092,3.59019784087,0.654270272968,0.255527381899,1.3249803711,0.163058163742
2.87735009126,6.17844940372,0.313226140165,1.37057835286,0.490367286915,0.223287490014,3.08830304243,0.597031206233,0.282822892115,1.50583182817,0.459491585159
0.262221606269,0.308000537134,1.54544127765,2.91961150873,0.435955998905,0.880259150084,0.378837067786,0.145167349285,0.467042221015,0.95223239462,0.721786894412
1.72123061059,0.434798149912,0.208043215296,0.223087266575,0.305246877778,0.635628038365,0.351107549258,0.704354589265,20.53580026,2.24122559438,2.46130757823
5.53823252144,0.28465995821,0.753773033749,6.17302104024,0.703550403209,0.08297098079,0.957022466754,0.729460343917,3.07005122145,1.31281274457,9.76561883889
0.743228912372,0.953786720971,0.741621943105,0.487876620233,1.44865240677,1.93321177233,0.150676270963,3.76289944147,0.24798202555,0.472782457254,0.544146595222
2.21189248281,2.1537684379,0.0791692397886,0.516274779844,1.33127969257,1.12293814826,0.0806235623791,1.23640192314,1.74869945456,0.916001752962,0.572344961664
1.20020267831,0.291750520688,0.696259389262,1.67009823344,10.921988045,1.00598476121,0.849042082754,1.82855249854,0.399288345411,0.878414962685,-1.36705633953
0.375460256828,0.211950488971,0.748048685764,4.08464412328,9.15954498982,0.384610900044,0.449135323547,0.301192098174,0.629833961412,1.10629357196,-1.51172122854
1.92980806373,10.7831644278,0.208285873125,0.197867341584,1.75572276423,9.65463687267,1.99557417197,0.450169633528,0.479490842795,1.13863868586,1.96234101686
1.23302204822,2.96407646453,0.541849068809,2.23561337083,1.27446176003,2.1514224613,0.376014775118,0.827034680619,4.48078929258,5.28796294275,1.2849616577
2.29277961752,0.949617744914,1.72774824107,0.252954293282,11.0504331991,6.7572479354,1.57339062631,1.18996412331,1.10996916404,1.50179104936,1.99030397368
0.283216115055,1.25761780621,1.13554422753,1.22064767393,4.24021166522,0.428425731482,2.57511746575,0.353257849972,0.24784233556,2.42759369662,-3.29954489093
0.864882117279,0.663899444056,0.265692635014,3.33067450224,1.99048530232,1.30102622116,2.49418522294,0.224630098214,1.40535223386,0.611909747978,-1.01042849222
0.973663451406,5.40304404956,0.218938662414,1.19094402031,1.9140785761,0.694520273036,0.217991613005,0.92651287719,0.205390439605,2.01407635125,-1.86685605515
3.27214841335,1.07400135091,0.77433068802,1.05323460964,2.12182341056,0.383152986884,2.1784234437,1.92849075976,2.22307212068,0.441240741953,2.64630415243
1.90857647505,2.81479629429,1.90415355602,0.176179540834,0.153110031243,0.636075315623,1.98988982075,0.399499592608,0.43948216104,0.257417437575,0.401875638111
0.812909278879,3.51293520408,1.14488864766,1.45741427107,0.637802562451,4.5089495736,0.562504846377,0.161659161897,3.52064901903,0.193569996644,1.0894157588
0.6808829198,0.245416324146,4.27289246851,0.256132992379,0.259942559424,0.673505517792,0.109695640175,2.24190554055,0.816603306232,0.781737478613,2.7983960543
0.441556187662,2.27757494979,1.07235188138,1.72174894823,1.33075950695,0.261331151507,2.38749891604,0.841373746456,0.20546999455,0.866524423851,-2.0100968432
0.868717069967,4.27642215523,4.89323096906,1.13547859044,2.40538734986,1.00386306315,1.84026860684,3.18694924646,1.00663141384,0.953651176142,0.786889961301
3.47721150287,0.139246117278,0.842946492355,0.928240056354,0.112952277602,0.781644363806,7.96645211009,0.779155769172,1.91978961698,0.711084096276,2.95373564116
4.3526929489,3.22419705078,0.666636572295,1.86537467991,0.356489952523,7.7803543587,1.1080549658,1.27143468776,0.56395304599,1.10422828164,6.43284846212
0.697971453685,8.50552117337,0.849236249528,2.23288092399,0.472165581505,0.274239299907,2.46868924835,0.29784744514,1.70114520958,0.881810660985,-0.42557745919
0.952577182728,4.06315954259,1.95430915431,1.9539286473,2.22278241967,0.682754677836,0.456324618455,0.31149979686,0.20361171707,4.4928772295,-0.803472715824
0.359278530392,2.62683302339,0.470508409268,1.24710919397,0.245300607879,0.785170015746,4.28323591036,1.32428825501,6.31605135659,0.235095767769,-1.90506372495
0.346740188435,0.484958060186,1.18667505511,1.20774343479,0.416652988247,0.61782313057,0.322682232132,0.386232583845,0.693231712735,2.60417871571,-0.177168758546
22.3663392705,12.3113276625,0.122661398055,1.1357477309,1.67316085076,0.665385421456,1.00594634786,1.03340540832,2.28311507332,0.717903587035,6.79107812033
5.98554658256,0.807973433078,0.244259546285,0.418986077213,3.60507972551,1.3800722767,0.256829569006,0.212217422902,1.86493235999,0.929514384564,5.24124019032
3.85164917052,0.695851687967,0.73966235835,3.70219724003,1.09529887165,1.02982786796,6.45070702437,1.82028119893,1.20653128061,1.48786034885,4.53505361942
0.751328976569,1.98541787697,3.68137289102,0.928839667724,2.07921111924,0.942013156114,0.366210034423,0.924648232982,5.24246901327,1.73459839053,1.20739046502
0.0913415599318,0.489738555878,0.760556897232,5.47739312254,2.7727200257,3.85240274757,0.703831510411,0.314601106369,0.735879994988,1.91627156749,0.818940449903
0.741132835407,1.45188737495,1.85881989772,1.6998190488,1.17859265613,0.557650708008,3.78548519647,2.31475326068,0.0884809506683,0.372326042504,-0.551789943192
0.612356711209,0.509679558364,3.26281790572,1.89018646537,1.88356420578,0.504333504743,2.98845194822,0.591889993568,1.45497372182,0.144318591385,0.634902843878
0.530328038138,0.926132837494,6.54140753883,1.39706125486,3.23007282225,0.444744244469,0.345677945235,1.35471309686,2.06413796449,0.890279055532,2.08526634545
0.335604492699,1.11644308047,1.31691427048,5.49403405883,0.558546122054,0.565266480144,0.935368786745,0.955496392023,0.598170624528,0.23187969618,1.56910718778
0.354940543634,1.38431904997,5.95329618711,2.22187124515,2.90036848732,17.822909615,1.5703731677,1.29129569558,0.737957730816,0.388478977529,4.3269895066
1.20921140219,0.835813234618,0.11212738357,0.412010992676,1.64358217563,1.01312396324,0.591953503193,0.96959010739,4.4646240816,1.68783741862,0.447930776047
0.247748426663,8.16193439638,0.438168816971,1.86801975665,10.4856801268,3.76798434505,3.58606611588,5.78751835833,3.91119218662,0.307365642421,-1.52070264519
1.56699630748,4.78894517329,0.212979105368,0.919338169194,0.47774590678,0.714251271259,1.64058353394,0.199557471417,3.09544211982,0.775383562799,-0.10603452295
0.149561758689,1.32446432132,1.46016516443,9.02640788316,2.07225448687,0.40508227,0.176511336968,0.597211835004,5.64840719509,2.0761747208,1.72100644973
0.625332476655,0.564109785249,0.486447452449,1.51841954836,1.29189377684,0.169045626767,1.48776861464,0.862607670742,0.217245088741,0.688960297608,-0.857098581277
2.035564847,1.36452985057,7.88436281226,0.852587992452,0.324749558845,5.31034769228,1.31785960835,0.779382137335,2.03303152511,1.42475440905,6.98196298221
0.979143659104,4.54289158022,2.35144742993,0.645040289527,1.23816072954,1.02349236677,0.879077068926,1.17471473404,0.129999842002,0.177510123879,-1.51598192017
2.48357178171,0.321941727935,1.34332697596,1.82633688996,2.63914640467,0.456450462559,2.15391170965,1.15400290387,1.12690221686,0.402086558214,3.28740336714
0.658641141552,0.798839194979,7.56194671126,0.289631768701,0.487374038203,5.23044480346,0.330009463994,0.0772863956437,1.21580625875,3.38882953826,4.62631985268
6.51749713484,2.90361983463,1.70982909958,0.99550454936,0.318803512089,1.50924843418,4.53436121748,4.69950994985,1.63689223013,1.2236817189,6.19990797624
0.386338282061,1.91228434821,0.393640893056,1.11779566094,0.44442863003,0.847194074855,0.326598070437,1.2504631046,0.63231681123,0.421100574326,-1.47173496216
0.898288663657,1.11623609671,0.781308513692,2.09877178334,0.973091040298,0.402639451967,2.16936572595,2.35296961515,1.90917392883,1.24277252906,0.366223079405
2.7129246648,0.617376482651,1.93960996875,1.18430551082,0.165258986583,1.58604241539,1.23233821339,0.662468676827,3.00379358457,1.57027608568,4.22400640659
1.22152794993,0.523372189078,0.705636134905,0.570784216839,1.48801540821,0.930346948633,1.09509207893,0.334108048542,0.454465869382,0.766598928249,0.401156430149
4.36677364264,0.469051955768,1.89442742845,0.0894777116683,0.460933334589,1.4069598382,0.93512129028,0.4756313452,0.223236363902,0.0443774547005,5.51298164851
0.358040455417,3.69256170918,0.337010724215,1.46797857372,1.97273196723,0.0993293215373,1.13786438868,0.26968820366,0.885644696121,0.650578440506,-3.99790769223
0.464242962982,0.497516002877,1.51512407086,1.9313196837,3.34512391715,0.847282588735,2.68351605585,0.844995872247,1.34722283511,1.20977044776,-1.21411385929
0.636404994999,1.22023469955,15.7425814053,3.58566819263,1.94643497578,0.733338336331,0.131850380293,0.324570043316,1.19614964168,1.2353378453,3.83431334975
4.52286595389,1.2783484728,3.55438633867,0.59391799959,1.6616730629,0.622521092965,0.736098558409,7.90153004307,2.18463474868,2.25731440445,8.16575886703
2.78653357998,1.82794361175,0.510562655066,0.0842141456649,3.8232133274,1.3289610164,1.59827075681,0.365848039986,0.761942869022,0.13467289979,0.0780367023769
1.78693583128,2.14416599903,1.97844084736,0.396003526075,0.730520961672,3.16173425191,0.339030241611,1.13647968791,2.00606594326,1.80712702595,1.71420769407
0.677820943072,1.23920388451,0.147414331477,1.01180168764,2.546187852,0.255307965531,8.97904986899,3.67717588156,0.610435044998,0.326863651543,-3.69024543796
0.865048380348,3.56289704209,4.38821368852,0.550881009472,0.747604308653,0.982782065348,1.13017148596,2.45276822421,0.36128934308,0.531078150146,0.782499243391
2.51813410761,1.19480597191,2.442049285,0.954165241279,0.687576508155,1.20150595313,1.1556884325,0.428487281269,1.75188333303,0.401756332852,3.68611984055
4.42275138924,0.984812010751,3.61132259359,8.07307680294,2.15739929063,1.35547941112,0.793625590428,1.88485306118,1.75776479776,3.75817872709,9.92349545919
0.693218687213,0.604291986287,0.57844715154,0.107756244301,1.61907864279,2.6231881805,0.192185053013,3.39746118547,0.680775012953,5.39859012838,-0.371763161367
1.06475521863,0.655143911912,1.03716176376,0.777243584778,0.689568951366,0.319163682879,0.672024381222,0.371003907561,0.237192766402,1.69956837148,0.493668120394
0.30042310042,0.886336596052,1.85801168427,1.21266734498,0.942774460348,1.69687529942,2.01809670044,0.463133440906,0.409588527645,2.77641633266,-0.159085685745
0.441697813614,1.55016583859,0.664459930487,0.381755502383,0.524032844747,0.677594894677,2.35224911123,1.53810652773,1.9269329432,0.905769558972,-2.77728844996
0.600051957409,0.639435466075,2.9055094787,1.48410263252,0.901936905432,1.16625773318,1.84296279106,2.47427397192,1.31163933453,0.618883713994,1.58406135949
7.36825589393,0.356263564082,0.346086986019,0.728006558133,0.310796466785,2.06507661855,0.584975305102,5.42524464938,1.4210453826,0.238675535214,9.26505756343
11.4116720555,2.08383898915,0.677778791655,3.18731756708,0.155642508361,2.65709296594,0.25488393531,3.40940321637,11.0432774536,0.10220166324,10.2314331788
0.7762710759,1.19047621309,0.139701842704,1.1476771043,1.94082753204,0.695942813293,0.859484848987,0.858856526626,2.02259144816,0.747604415378,-0.809640930973
0.490786617046,0.569081716759,1.74256602255,0.692594002673,1.95455844341,1.34091717422,1.13397108609,0.873814881557,0.50416640981,3.18647891355,-0.662070883404
0.266781058091,1.47540526376,4.68234325773,0.956425061912,2.86677893114,0.823071545012,0.618030134871,0.700777592934,0.0656182541307,1.72995512645,-0.231002252741
1.162189512,1.18980586372,0.404369916864,0.635952994034,0.80556243455,0.335815787966,0.586753018933,3.02675374513,0.722049696455,0.715834273881,-0.942069082199
0.555665582806,1.59400836783,0.372438887947,1.29879153396,0.478744797584,0.759444217277,0.996734007454,0.283953183702,2.0573219605,1.86154932188,-1.46892555776
1.17957577898,0.363345829945,0.464035515778,0.443270466723,1.43564908405,0.152958192976,1.33115021402,0.375730077005,0.497174068657,1.02714705006,-1.07121723508
1.24015697815,0.24461088973,1.32148263597,0.236948458043,3.87757348552,1.10646814059,4.35246643516,3.81954605112,0.770309308809,0.0781624621246,-0.323268799963
10.9378038291,0.255235813768,0.160726387222,2.23612135229,1.03421293077,2.19305901578,10.9036878306,1.46286611456,0.305932469499,0.385761357399,6.66567005052
3.01902439444,0.59880428094,0.979180614344,1.11361435373,0.144850399042,1.54862008263,0.395317669947,4.4719676175,2.53360007242,0.560659737642,5.43058191714
1.11211360774,4.16490931466,1.32858187733,0.19212353044,3.76634549523,0.283909799932,0.492332544959,6.87630357086,0.540538190582,3.21854794867,-1.22506840689
2.32766227059,2.94042149744,2.15699931154,1.58263551592,1.31466137303,1.85031163257,0.0996586272482,1.13785585903,1.17785100501,0.942045706616,2.88661122491
0.210567994754,3.26766729183,0.644168326347,1.44820970955,1.23092588687,2.27669669107,0.55072225198,7.44288728446,0.704376193468,3.07641627503,-1.13612341934
0.633781617936,6.06038536693,3.20725377797,0.937149825853,3.86164919516,1.40183444937,2.49588530232,5.53632944129,5.32012120413,0.712175537386,0.928062938234
0.0975304615641,0.761794196406,3.30282455649,0.285154871627,0.17728426794,2.62714561164,2.39496068853,0.761069675315,2.49841165694,0.867537059519,0.735801785845
0.428098466176,6.03132557424,0.270429860876,0.432978463907,1.25476553753,0.622318600977,0.443067379892,2.70940615902,0.673453349644,0.412424712861,-3.08875714134
3.29722897445,0.722167130155,1.00471813473,1.24015617549,1.11397323058,0.243677016168,0.0930839496408,3.17976139643,0.263896756444,0.482058068686,4.47235301859
0.19325918794,0.475647397448,0.370258773278,0.489324079362,4.269164108,1.64042020071,0.349725225672,0.347975811476,1.46098177716,0.599537928306,-3.18484727022
3.74756772329,1.29073203507,1.9367740879,1.74311354708,1.22419303952,0.227147289789,0.268458283809,0.550627240854,0.451117620173,0.936585192059,4.33659136251
0.108237390598,0.377697786142,1.83076194206,2.05019660092,3.023613103,0.618206996401,0.680110353,0.379465652627,1.42823988845,1.19304413884,-1.34412458225
0.937042634855,1.05391086653,0.616789104416,0.671949406758,2.44526422996,0.20078717918,2.26170893567,0.902466797825,1.33343368619,2.54403063687,-1.49103922072
0.860532317347,2.83969503141,1.57841140637,0.655204432822,1.43862992451,1.30690715428,2.30899791672,1.07338468733,0.424835651624,2.52086406389,-2.13055102514
4.83792768574,0.574602412372,1.44228832381,1.38924364254,0.607970854754,3.14315009432,1.00465312641,1.16251796377,0.725478752646,2.86502595488,6.97668168691
2.27865330154,1.50962837023,0.478572218502,0.622208235137,0.982181280654,1.7722674976,2.09737181076,0.400123123495,1.12084614569,1.17325357103,0.575341249602
1.56125620437,1.35181146621,1.11061222184,0.594669438979,4.50331415697,1.15346985074,4.11294239908,3.03030272161,0.832626751263,1.54939514801,-0.731440076021
1.09725985986,2.86200611878,0.111984626501,0.0791795997032,0.431073176574,1.23146123542,0.788171503898,6.76263246427,0.760144161953,0.0912038045703,0.0528660951543
1.35543518386,2.64652708504,0.957497587484,1.59524875825,1.97298729869,0.149002444326,1.82940293982,2.01800695442,0.178526405884,1.45939227358,-1.21008681252
0.418703466311,0.322000438592,0.358264650399,0.939012926851,70.5862071692,0.610520689927,0.117667734024,2.39066275214,0.584058514402,2.79157005698,-2.69413390942
1.74018512594,1.5904872914,2.73361713496,0.846600324164,0.142902196168,0.656729807438,0.945289613748,2.26937230147,1.04009978511,1.78579274873,2.41698622995
0.310521725937,2.01467656504,1.68993474816,0.749623063578,2.35212373431,4.34876733819,2.47579137892,0.911333855234,0.254343409382,2.79852119913,-1.46101555809
