x1,x2,x3,x4,x5,x6,x7,x8,x9,x10,target
-0.514245295112,2.89696441585,0.417985847836,1.27034030607,0.655899675107,0.893612334253,0.982423572867,0.296936129948,-2.57716457339,1.2517559384,-0.797688585422
0.2338873458,2.05715782141,0.766745184046,0.614566007928,1.91517243243,-0.751048121584,1.04002790334,0.624829331355,0.382779822466,2.55158536522,-0.0617866919341
1.35640016573,1.85144230207,4.28361650478,-0.0135073740977,0.970837357694,1.00670622692,3.55775193271,-1.06566687541,-1.40048522789,1.94794723069,4.42252071769
-0.415998468608,0.178916025668,-0.0907602891878,2.52233543452,1.09755236849,0.691953510209,1.68594066535,0.234158226014,1.46276605878,1.59042797841,2.19848304914
-1.75921759742,0.63699819452,0.391979920432,3.26197968547,1.03908062918,-0.29759944148,0.424170443419,0.375976805413,0.583727437314,0.623728179968,-0.335974613443
0.511828634864,2.2677393072,0.586655383041,2.36538732219,0.436177720893,0.506238395114,2.45893910901,-1.21442655526,-1.00086106763,1.4047542756,1.30904244874
0.314686095418,5.86977284429,-0.358603839128,-0.769198309445,0.979251898688,-0.0678485560656,0.4694061957,-1.2059580447,-0.654696154794,2.08530068925,-0.341359678443
-0.517046168535,1.50590114317,-0.555102184417,1.64691482348,0.967576084118,0.0873702006243,1.10456190067,0.14331549261,2.12127066025,1.75081741816,-0.103588044633
-0.912447913599,0.392421849592,0.216935651222,1.63730647868,0.637779768265,-1.83087496694,0.494435474252,0.742649075276,-1.17128138301,2.58159562103,0.253744067312
1.04146312897,0.317479176554,-1.50384122428,-2.00701359076,0.692666297453,1.0782499329,1.57776419045,0.652730282098,-0.654233826093,0.265430808738,1.16523083142
-1.70110474235,1.18552562311,0.533688597272,-0.143723481872,0.600614802101,1.69765565525,0.855144224238,0.948459858758,-0.140433060182,1.69816379913,-1.53867378793
2.17104946657,1.25861176927,0.0297850788013,-0.0611964786558,1.61195311666,0.555810303214,2.60111950934,-0.664098413632,0.125056342097,1.15766267664,3.04200376845
-0.214127695618,0.888208771838,3.77298919929,0.752750052673,1.25810630544,-1.66443894083,0.307172706831,-1.07758056781,0.706152495349,0.3255391001,2.01030665107
1.55653620653,0.886355705363,2.3516861471,-0.091101643055,2.18905306139,-0.286507120854,1.10940627829,-1.56751171117,-1.4063158003,1.12307832984,3.80260891228
1.30929253151,1.0321187506,0.224278490505,1.28824304383,0.644447013765,0.586924725877,1.32328780848,-0.326678259707,-1.90263910928,0.103933930068,3.98968244961
0.913135112052,1.6588285327,1.84079062836,0.351775122251,1.25322622448,-1.30645719804,2.66715580918,-1.21771361581,-6.3074081659,1.40867021766,-0.269276967113
1.89890436008,0.42805767594,-1.44273920932,-1.03109639721,2.23513121694,-0.583117525358,0.584668661955,-1.15295404817,1.63333742564,1.26235222351,2.06727956696
-0.739325519556,0.455204512789,1.58359346661,-0.759925542249,2.09135411139,-1.35501909493,1.33115383074,-1.88903609117,-0.149632199489,2.30419026683,-2.55758215242
-0.443658222739,0.458108392648,1.47194605063,0.120406479597,1.21293954956,0.250411422277,3.95587471415,1.30664473869,0.894195875167,0.123277585386,0.738930105759
0.198602028604,1.2869277044,-0.256740183098,0.104360732915,3.42250404136,-2.00333061447,1.49430638822,-0.00583404392366,-0.0770419025788,2.86885086032,-2.47393892434
0.786911163352,1.15491263077,-0.78583839646,0.37802673525,2.43274272716,-1.44140491144,0.377162154975,-1.18726797319,-1.52959177095,1.79743822469,-0.836793867692
1.40606031658,1.66608615303,2.37518970602,0.364489376801,0.482519150163,-0.701756385208,1.39492571757,3.36743758889,0.698860550438,0.520650914257,4.43016146225
-0.577681977897,0.639412451118,0.721899359309,2.21812359985,1.21905390514,0.658107271331,0.17653976751,-0.665391941044,0.843036942689,0.683514788256,1.48325357692
1.04769795047,0.430522342292,-0.794333851107,0.151470947397,0.707598495787,-0.504368259895,1.76371781179,0.154472259765,0.597850597117,0.960382106017,2.24912491336
0.471447250036,2.11017051254,1.43871090252,0.627515015116,1.19767505384,0.00761575222651,0.744006927016,-0.266947724398,-0.125829572187,1.05846845865,1.5110314129
1.24426120048,0.488243607888,-0.783354197574,2.06535107108,1.44131752491,-0.606753012158,0.485898502331,-1.27082461747,-0.828050508665,0.949312980754,3.71319164105
-0.778928124582,1.34304194679,0.565506462918,0.70555560804,0.9464331134,-0.358797268668,0.295652353028,-0.381585044529,1.72753753588,2.68275177024,-1.93162952945
0.00929180991738,0.997875033197,4.50872584563,0.289033351719,0.41552175776,-0.811415705067,3.77127831258,-2.02461705337,-1.58623449015,0.966696346749,1.15194979855
-1.05155636908,3.86303014887,1.00943647375,0.166292812782,1.02142151821,1.01304330908,3.32600035256,1.57295863691,0.0570647246133,2.09157189405,-2.8175823102
-0.696608892999,0.674665895236,2.39060914184,-0.220706048748,1.52435648165,-0.0561824602563,0.412390649141,-2.48149045613,1.05530204665,1.49587430225,0.0136967389743
1.43620277918,1.75274778513,0.145711143613,-0.0542732286602,1.08023578699,0.144995013754,1.98551141991,0.525169570123,-0.305582038431,0.507342022213,2.76247236374
-0.156947993972,0.679683195523,0.716428227058,-0.285356587153,0.441726049282,-1.06182133528,1.47660570191,0.233885424924,-4.23229051901,0.557541125313,-0.371789922906
0.43322531619,0.446310632201,0.0863546219932,0.256509042067,2.99116207634,-0.304757145332,0.56134020387,-2.21292330282,2.66081651981,1.13513744062,1.18229606718
0.912591038611,1.89819090596,-0.473748518342,0.778051423665,2.92399013967,-0.345400047521,1.37896698768,1.08335986941,-1.28521667787,1.81963871743,-1.11616373651
-0.234247789877,1.51194696679,-1.08173089747,-0.236643500337,2.48656330221,2.90089950833,2.88772032473,0.0263082564539,-3.76527196936,1.07274117841,-2.45821865475
-0.269770728806,0.352007013583,-2.12142897958,-1.25758121455,1.10762675307,2.45148207825,0.218870805625,-0.283047753178,-0.979955800754,1.04347720916,-1.2291129953
1.41226445698,2.85972971061,-0.294866864397,0.426831158113,1.96624387493,1.16248303203,0.542313480167,-0.417222678809,0.59457641996,1.46597951314,1.51787334375
0.423364392803,2.00520949372,-1.75202467461,3.75928257287,1.93912155805,-1.20568749924,0.48879163055,0.0866621566334,-0.0603136365525,1.39202107847,-0.487266476749
1.42465697176,2.5734034729,0.105307452096,0.239227487564,2.85903421793,-0.841511337195,0.652097079777,-1.04342365763,0.663443162412,3.44713586124,-0.0819864625447
-0.259101513056,1.90855637342,0.449252833763,0.301772267989,1.1477143286,1.46674248048,2.32984080422,0.291915957115,-0.443655060881,0.602292792178,-1.12895298768
-1.11052591933,1.27665635836,0.0280123414486,-1.63559296244,0.728127768258,2.53828324667,1.47025090394,1.62520524159,1.44061847462,1.47011435206,-1.48348196354
0.226247802235,0.501704853933,-1.49413600361,0.113774052382,0.978687303999,-0.581879772056,3.34049248701,0.95530113336,-0.900741937529,0.766036578618,-0.841539090123
-0.908210272634,2.464508692,1.45098493174,-1.05186238708,2.07639082199,-2.0014934836,0.290234304457,0.663289158832,1.19943278776,2.22434230337,-3.486511881
-0.360555536233,0.0822822007057,-1.37028045602,-0.38584235301,1.63767472748,-0.056974753048,1.25402804652,0.874726104806,-0.188678115969,1.72651651306,-1.72175725431
-0.572440748138,0.653736769231,1.42295575344,1.54518895211,0.889892582663,-1.49758941287,0.725039993304,-1.40744933249,0.853921119155,1.60413216468,0.925934285326
1.54438746372,2.23225978999,-0.188777234939,-0.493924102031,1.14377083051,-0.156249847986,1.9771766144,1.97036984738,4.26844052282,1.56525008533,3.24118178064
-0.101301588723,1.68820305889,-0.603192484905,2.26225437066,0.695455216787,-0.378907331325,6.64208978764,-1.07356602378,3.39981135515,1.40574059789,-0.929008353755
1.65107333628,1.9471951431,-0.731201416443,-1.77024764704,0.0118074802328,-0.167744394703,0.426819242062,0.479533700402,-1.46159706125,0.386931874193,2.65230574966
0.834665891188,0.396324833143,-0.286512976518,-2.53586475536,0.996808710281,0.541914929852,0.837898713802,0.152990731208,-0.327056746393,0.931751246801,0.751120592769
0.0316772389256,0.642566206855,1.04816426434,-0.387198221919,1.47223122571,-1.80398257727,0.865248550973,-1.67937811725,1.35315187671,2.92192406036,-0.169391506992
0.91944536855,0.965273009088,-0.363132662105,0.230838930596,0.301513381735,-0.00760189743338,3.57452866921,0.226856294178,0.275460073055,0.989578735501,1.79637707071
1.5743263531,0.853485665988,-1.29713031773,-0.329855199591,1.34460901606,-1.9364474491,4.13681069938,1.43512190242,-3.03114272671,1.65577719545,0.140157314654
1.43103254261,1.74858510298,0.786881577795,-0.367207378439,0.851140669936,0.383535418721,1.19688425742,-0.630222409158,1.13871082325,1.17007796226,2.64421254711
0.00358397998418,0.590379357625,-0.321675802564,-0.050100071746,2.16257371835,0.447371412431,0.675372941844,0.232721468929,-4.92008762763,1.30789011474,-0.766519691808
-0.481187409291,0.719745240366,0.0311313890327,-0.371998743141,1.6377137434,-1.97557623163,1.06399253702,1.01012630719,-0.82868274403,3.23618109252,-2.55074943459
-1.17416997098,0.679794164487,0.459206887459,1.03089676548,0.983669817209,1.27784493436,4.07994776926,0.667557344023,0.753742198882,0.496835383282,-1.61986011712
-1.49235497557,0.773550623338,0.827423956326,0.672363980122,0.669614366725,1.4439331709,0.282252990671,0.505259770911,-1.75358911984,0.857288772194,-1.0467448547
0.987676899257,0.846603086595,0.62809709145,2.01831754936,0.680213394452,-1.19071296928,3.26347166206,0.451363033537,-0.185695524133,0.794948276917,4.05971851589
-0.171093864685,0.233468274316,0.625433853693,-1.13792930547,1.84331246598,-0.380240084309,0.127735756982,-0.987742817497,-0.341528767609,0.685552126512,-0.49091827106
-1.27730396522,2.71425084007,0.149936987938,-0.0965480253744,0.757880002775,0.963229248124,0.399484750372,0.780715096782,-0.298475509983,1.23655150566,-2.30972740394
1.73767129014,0.583604668085,3.82585817393,-0.96414223307,1.92934904886,1.00813784155,0.289367868495,-1.14565489209,-1.73128267844,0.63227483739,5.91907145158
0.172830638798,1.26424815745,-0.339397233234,-0.455558677382,0.996905115557,0.397327590032,3.03293085132,-0.317462438296,0.0620282358795,1.37782780189,-1.19714143493
-1.94233017313,6.12063841516,0.23573351344,-2.15773694379,1.07318007955,0.0894191673872,1.64559340872,0.899956395936,0.130634056443,2.39609930168,-4.46545625785
-0.0431361993112,1.46286257036,1.83109335946,0.229079053454,0.418124203307,-1.33672682492,1.05026469751,-2.28520712982,-0.433571813761,2.15091583963,-0.356413854609
0.475072875498,0.494429387071,-0.840447908302,1.83704059024,1.03021060905,-1.76261820829,1.20546227404,-1.00474025448,0.54551782592,0.689344827407,1.4112695198
-1.72561891294,1.24724713977,-0.107199867741,0.901937978071,1.90633264041,1.54912146385,2.33499769482,0.599948745736,0.420984455267,1.79015670806,-2.99931579755
-0.560360702128,2.12990108968,-1.22334764718,-1.09329552198,1.71661708878,0.0449465584832,0.638712257345,0.369503648634,-0.515781294314,0.373372315368,-3.63482307556
1.03634368587,2.5772459314,-1.75542517008,-0.119787305091,2.1258319081,0.182409170005,4.90340314659,0.520606106358,-0.442730706924,0.996635495271,-1.20538084365
0.519361352005,0.596234316105,0.0435438302598,-1.96597667717,1.17197933271,-0.618075612248,3.99069265879,0.129847085219,0.0312425675319,1.38296995294,-0.827505298467
-1.00576194231,0.926485974368,0.35979919199,2.07777476918,1.25892190862,1.19518392962,2.72407575687,-2.33208280959,0.181945516516,0.993260392152,-1.17324610389
0.752546040222,1.04757056579,-2.9851639126,0.0258360594752,1.11708997834,0.335345704264,0.519903028738,-0.883805548975,0.123494615892,1.88328474228,-1.64099507501
-1.98619279794,0.89952243669,3.47805010268,1.11911575713,1.8723795684,-0.765226321649,7.48305245773,0.877038225827,-0.536858744743,0.758185667757,-3.23173103125
0.507782049061,0.8549329123,1.14307197301,-0.580999514315,1.12637976393,1.15848193,2.28924104514,0.928108704679,0.00834086239097,1.58586015482,1.70013975856
1.53455862654,2.5954616665,-0.67604554534,-2.75420775617,2.59349617045,-2.52335625738,0.660367001574,-2.91835080696,-0.461955183054,1.04720342797,-2.17365200066
-0.440280373855,0.778898571446,-3.16377552039,2.85074003864,2.16013612607,-1.35391584584,0.417464968481,0.712937697048,-0.526798429103,2.80952137325,-2.6420945632
0.828320675558,1.8042699806,-0.0691150124686,0.199945308273,1.71396243107,0.711886396701,1.95992998309,-1.61285527819,0.80542317505,1.21378017614,0.301073003387
-0.981910012119,0.463792925441,-1.78779872799,0.833388749801,2.00906770337,0.420555701458,0.4280564201,4.74171945938,0.0240714838845,0.917363104956,-1.6173772987
-0.478406666751,0.477317354606,-0.395350308569,1.19824473139,2.16883004524,-0.870496317952,2.89917378776,-0.179234935796,2.18451795438,1.73002011803,-1.67099696985
-1.34436753849,1.15878743414,0.403599334867,0.246254771385,1.15432246298,-1.74323326694,1.71810729633,-0.0148860526264,-0.0898314484589,0.718723191596,-3.63615412772
0.970960560997,6.38292679859,0.261837099286,-0.816853124737,1.27147736872,0.012709051917,0.773531629064,-0.597076502437,-0.860308058553,1.11344417979,0.806643831509
0.628698951087,0.328421432414,1.26249683564,-0.0917741304642,0.692845080971,-1.08796253522,0.258506624176,-1.70035789969,0.458961660761,1.25506995308,2.87485771146
3.42727686453,3.50331302254,-1.09608446191,-2.88635361475,0.984434762022,0.104496197904,1.16486781989,0.596733020284,-0.242425335255,0.864124792136,2.17907945857
-1.31759762046,0.302059345473,-2.10800542695,-1.32743718633,1.84481210293,-1.0328153825,0.450465599954,6.01725648184,0.411526483935,1.48427497135,-4.02780335168
0.124972271488,4.57289693342,-1.92214506711,-2.1626999087,1.86168822393,-0.321596077815,0.333008679172,0.532686042148,-1.46308816446,1.52514499955,-3.36164091155
-0.28659824696,1.11900444271,0.985380111479,0.642766760164,1.81118975744,0.504346803963,2.22385092857,2.58442026019,0.00864594674541,1.81731333349,0.130878046634
0.550005387189,2.46069005671,-0.729175735562,-1.87286911251,1.44584456297,-0.859974440823,1.52229459147,-1.10645228073,-0.323558506107,1.52014926083,-2.95113815903
-1.67689157618,0.648333954231,1.07978267614,1.63460347121,0.457181757601,1.70075275274,2.3321015542,0.11316587412,-0.0416789995984,1.97693884713,-0.864116355383
-0.712125628182,0.772231743093,0.283578378985,-0.0374149206295,0.78757762769,0.685012437821,0.438307489095,1.07078575208,-0.116956021495,1.05698445005,-0.275597946473
-1.34134552696,0.869919971885,0.586533914849,-0.172825380198,1.43267457509,0.175551117465,1.18414094903,-0.589468268137,0.252014442614,1.05931943589,-2.03166698446
-2.46181598781,0.451853876999,-0.048009313347,-0.128251250233,1.46580046261,-2.31063494849,7.24353397199,0.726420449218,-0.52366554391,1.72836825519,-6.50374252492
-1.20867468158,1.20825271693,-0.388532413116,1.25296287529,2.79958635298,-0.229226935283,3.55731755586,-3.02348397983,-0.653894481939,0.608477219565,-5.02198103635
-1.07833285565,0.73013744276,0.827085819994,0.255138968245,2.81488580064,1.12353557179,0.484525533584,-1.11620636803,-0.0831029209016,0.359663297198,-2.14146606946
-1.48152905548,0.802870639408,1.19336214738,-0.777254524911,1.61003207293,0.00450024958174,0.74217883423,0.531112233372,1.36077457316,1.57859842011,-2.61754369537
-0.331512543981,2.19253678032,0.232105941064,0.0918814769989,0.437324817209,1.36455283725,1.71123420069,0.258171030087,1.65469208667,1.34688748546,-0.586236654272
0.19228849545,0.743017667213,0.489412904374,-0.365254608871,1.16713764759,0.444978083561,0.350804404925,0.733826098054,-1.45090221175,1.48692715182,1.31395162775
1.69221740746,0.673038544735,1.29292299202,-0.788985465073,0.725772448228,-0.951847634755,2.70248197407,-0.548328064922,2.66021682676,2.59912421084,3.71328888614
1.20743378818,0.833877118929,-0.270875911452,-2.22199639585,1.21047472504,1.03480470869,1.52749616682,0.93196742063,0.999505876369,1.73616849811,1.81392137619
-1.4614167391,0.580530662357,-1.12819111789,1.02455587664,1.89691661569,0.764010469143,0.512202937778,0.238544659462,-0.596956993783,1.03266989176,-2.12285203675
-0.361026084425,0.962939379404,1.1044138327,1.64293693896,1.13567603792,-0.66484132249,1.90601030492,-1.05210729948,-2.77343689248,1.41551016661,-1.22888638285
-0.924498815524,1.07426944452,-0.460700289129,-0.536470748053,1.76560524764,-1.64994003897,0.453889983906,0.516847135452,-0.0456798571724,1.22940760913,-2.79807317034
0.278933840179,4.19399060893,-0.102459115747,-0.68507156353,0.779842071483,1.14799135443,3.14290918947,-0.620577949665,-0.160128273416,1.48881091871,-0.78357218026
0.188961938721,0.796716093962,1.27173815396,-0.696469703147,1.66306991591,-1.52613141146,0.231021787114,-0.973723545936,-2.75357402058,2.16554953684,-0.64680793809
-1.91012485171,0.399473041516,-1.68336252846,-0.180600137326,1.44082753423,0.749125943551,1.56058102836,-0.617518839929,-1.0031911823,2.93689402869,-5.37970664153
-0.107755202225,0.366602135722,-2.35387503421,-1.6420389477,0.60109788228,0.933428785451,0.66057960834,-1.11571871565,0.736936706975,0.481452516444,-1.32767805533
-1.72915985172,0.397698056318,-0.836533346851,0.646364998137,2.21079812701,0.824424462826,0.176704778916,0.793738466279,0.362700336712,0.990882592738,-1.89337327327
-0.0109907681862,0.931864893473,0.523989816166,-0.343420270853,1.49755940297,-2.61623194653,0.914857228398,0.0147239168125,-0.26202758142,2.03451542666,-1.18194751203
1.44349523043,0.249744996246,-0.969212891128,0.400013755653,0.203903400386,1.1967056811,0.878252352233,0.150634608954,0.408179389863,0.646229189823,4.05424433559
0.885416420828,1.02864277447,0.717436834109,1.72731562869,1.8791191383,-2.29699470287,1.20722127684,0.375766590054,-0.722360820349,1.41505866457,1.32486270835
0.131850390484,1.78075070371,-1.58606130925,-1.56637141318,1.1365625948,1.04858745179,1.05274488261,1.01926144928,0.189827338318,2.34962837096,-1.31557435959
0.417141051179,0.519936164385,-1.00161438345,0.825887037764,0.534845009436,0.109036493749,1.29209171962,0.264641097036,0.135509171018,0.692729298815,1.44279466192
0.930108490463,0.254288612258,-0.289203306769,-0.943688747525,2.23762753367,-0.270565428178,2.88440478129,-0.987810094303,-1.78927824763,0.348961993038,0.424065923615
-0.759275094562,2.15463128668,0.746245199041,1.39909356397,0.785250648042,-0.462423918444,0.373859732377,-1.80512881585,0.365035283021,1.20105817108,-2.02107703856
0.844709099293,0.451080362976,0.529047430714,2.4860893738,1.15418228631,0.954296520265,0.676202012709,0.923670877222,2.17989991688,0.439516217086,6.01284781424
-0.133748937792,0.365041061975,0.558295591429,0.824235627404,0.605710864318,-0.126117026599,1.99578903285,-0.262093943577,0.280871787093,3.5938482759,0.461969037801
0.263638246328,0.903950207044,0.646551961089,-0.446122419109,1.89948791545,1.01865478644,1.13226749554,-5.47401482236,-0.168164778737,2.35935160582,-0.257532726635
-0.2295546245,3.08953572281,-2.05612066153,-0.241268577779,1.52174035761,0.0846911135418,0.366306745086,0.47524555258,1.22630842138,0.617669846743,-2.23988779279
-1.25039851003,4.84925464521,-0.412301192021,0.000603408819443,0.731057544327,-0.0569016413014,0.806365767374,-0.102302051103,2.39768797381,2.94589964652,-3.52107145641
-0.0324265464517,1.00339956683,0.307382606434,2.6355510957,1.6739436793,0.144628788682,0.335509457377,-1.14531282654,6.42821633651,1.53342541796,2.53106998379
-0.530011949892,0.608879201146,1.07768677676,-0.0536840613529,3.91096033616,-0.853906726221,1.04083987442,0.388570979863,-0.228246219313,0.497516485796,-2.04668816046
-0.473775069529,1.77928838631,-3.8754433061,2.38368937505,0.360516915361,0.132974110158,0.380223880528,0.00176955991532,-0.138153153813,1.75889947736,-2.17313349324
2.19965870055,0.524087577372,-0.221416031625,-0.183565707334,2.19844859513,0.62035597376,1.5778460094,-1.32322282851,-0.279369185977,0.955856500992,3.13583652732
0.255802536077,0.548701319597,-0.805726074067,-0.77270094327,1.09181402895,0.403135019162,1.16340199388,0.72310374627,2.80299074462,2.6584624591,-0.176577403008
-1.58390053939,0.736926609362,1.95523946485,0.0892278386168,2.22754814004,0.00516922174685,0.374085735312,-0.414329989622,0.47344016077,2.17073697441,-2.2013767847
0.41808345551,1.03898628612,-4.45076594634,-2.7137208436,0.979020305541,-0.0589538931691,1.05162480171,2.41874394031,1.85745161369,0.301013487702,-3.64661622707
-1.40381312249,2.23794595934,-0.60743846519,-0.126027817502,0.566211902974,0.867911589652,5.43640275239,-0.260114603295,-0.199609607129,1.43264940483,-5.42438789395
-0.526122018525,1.1903718514,-0.433678985984,-4.57661052666,3.1128735808,-0.265856563963,6.39103739701,-0.296722737261,-2.06718995511,0.281625420701,-8.13550691072
-0.717975431807,2.78015073912,0.380232721728,-0.225426195445,1.78855606767,-1.2385176389,0.777629743496,0.0658488171391,-3.9239923777,2.87160153431,-4.30835687418
1.3976778922,0.864931071895,-1.92113507409,0.459032733381,0.994696958863,1.07738876835,0.729032832022,-0.989599867941,-0.646890411123,0.705359307049,1.49652537197
0.501659255026,0.998352345232,1.02614994334,0.227512748452,1.84334651818,0.901824171868,1.19583938844,0.0464247124679,0.0322211877825,0.713061029444,1.7039470532
0.289380108286,2.64411156038,0.373423035605,-1.05117291345,2.03619571548,-0.385868373775,2.17129661851,3.21308823769,0.533052445701,2.31862330713,-1.77894721542
0.179696502625,0.75510991556,-5.49430829822,0.315869656747,0.619422773582,-0.570451165656,1.1380929866,-0.938140412289,0.64274376135,0.97874617148,-2.80392306045
0.815658987827,0.649927464392,-1.47438238192,0.672117032045,2.29989433745,-0.610586642841,0.873162820082,-1.68487934977,1.2824797722,0.873588552085,0.814233040822
0.288637930134,0.995606447248,-0.991560030503,0.302942127806,2.36510161612,1.16428122922,1.66698218258,-2.22476201,0.299755669766,1.66254582301,-1.07427911154
-0.147284413837,2.18318997253,0.862463252973,-0.322304687907,2.48207892381,1.69913302012,2.73146297303,-0.27611266613,0.671334081245,0.220984791855,-0.657119034948
-0.495725149486,2.0114950266,1.08217852346,-1.79650577771,0.925573596489,-0.146430763953,0.711692481163,-0.275726211162,0.0601210131495,0.965699024596,-2.39740447854
0.517485918074,0.372913033509,0.896489589891,-1.20247297052,1.35580888459,-0.109002774222,0.842306050966,-0.0585393822552,-0.160480299144,1.17661954731,1.73434711151
0.791542323479,0.354701815414,-0.0689049604075,0.160580357719,1.32480707505,-0.674188408362,1.18048686232,0.795903672414,-0.300700919721,1.16518218691,1.85129944841
-1.63742856836,0.551024963823,-0.415108190799,0.0737450287269,1.60985262916,0.845554588705,0.467461775107,-0.955364472668,0.105483806191,3.17761068138,-3.4819689746
-0.401231231294,1.34813848381,-0.631714407341,-0.502031962572,2.01962211547,0.562678168746,1.81618433525,1.45261726412,0.0604694484334,2.00181453638,-1.89352185385
0.0503293662845,1.88935747481,0.170809607769,2.10252163459,1.56122651095,0.892888738536,1.18872808971,0.56589261455,-0.364827757509,2.94878963693,0.49450401361
-0.105691599722,0.575969058288,2.11153040112,-2.4324163814,0.288196531491,-0.453920706803,0.650717476099,1.15791997167,-2.35478790242,3.5081924258,-0.396500578706
-1.0480362057,0.824184647382,0.157196424939,1.03416319939,1.10112798167,-0.482304680926,1.68980727798,-0.0753219864835,0.145905640403,0.637459085746,-1.31168240902
0.92330208875,0.209685238645,-1.23456712539,2.31478396461,0.970026972996,0.774897548081,0.792921995055,0.287341948502,0.00382124374734,0.534203070129,4.56523241062
1.81015175324,0.17187622715,-1.46480398043,3.47824439517,2.06891167621,-0.702428321079,1.91760292386,0.713152589365,2.53691046428,2.14889936929,5.42941454775
-0.518813018053,2.74954172245,-0.995927653976,-1.87142328867,0.373298032609,0.31483130443,0.661365239035,0.113113328062,-0.111429007518,0.905032380026,-3.44787925238
1.13905215415,0.800265058409,0.763308903115,3.03022250951,0.851026420648,-0.317206991966,2.82631672184,0.160497178172,-1.42038263479,0.700338830224,3.3962961991
1.27620322522,2.61372913865,0.527971753673,3.06578318165,0.924511903797,1.34102081602,0.883508727173,1.1026495119,-3.669840102,0.805289213716,4.06606381392
-0.0813093146144,0.137061769699,-1.66601598003,-1.82524297723,1.73241141297,-0.800377314764,1.25277732372,0.678296841599,-0.300594835385,0.772496050191,-0.794434069108
0.441504881465,0.189635234842,4.73533756876,-0.0397589904839,2.08441469168,-0.617213255613,0.432212939645,-0.78273481484,0.277573753527,1.64351475314,4.00445892955
0.378912012952,1.3184177552,0.682014784507,-0.704346338257,2.32820406617,1.78772292117,2.14792288157,-1.6562312566,-0.123903328104,0.896849323351,0.139620300816
2.15209699402,2.71306086305,0.182683844965,-1.04918410041,1.12749973698,-1.91766809682,0.718175459972,-2.869895026,0.120395353524,2.94029871787,0.886684112167
-1.46474935056,1.37054609335,-0.987599454435,-1.34448144909,1.8409908549,-1.14308928945,1.20050804424,-0.881750916367,0.497665222428,0.912093157394,-4.77893984014
-0.121490230307,0.550797805393,-1.58107694047,0.0120767455274,2.40652853913,-1.20201282439,2.09295238165,-0.350818565038,0.147524905019,0.433801296532,-2.4589394952
-0.996656282433,0.457487573008,-1.46982747013,-1.25484274254,3.06530519751,0.0395038911474,0.347734482666,-7.09630227612,0.943822549672,0.268958452246,-5.53847278195
0.848757407403,1.69490879358,-0.101791017223,0.215699868214,0.714829409404,0.94591794278,0.515879861988,1.23595839971,0.0706930305798,2.38548279751,1.27257269885
0.331502975769,0.588153816688,0.016615508234,-2.96934923399,0.520490817803,-0.621057430843,1.20691415731,-1.25359806361,1.20541941159,0.783782771334,-0.3385716927
-0.09241103729,3.45389284328,0.617581933561,2.5043805809,0.986676149845,-0.199438905173,0.648652490029,2.77638274689,-0.490417814488,0.776370110746,0.216267380449
1.27933222106,1.65268458782,-1.27666308013,0.0728189729595,2.04321072307,0.199686850612,1.8166683454,-0.91250368822,-0.0904599006693,1.39032101033,-0.276763113199
0.406547191695,1.17056697494,-0.750558390555,0.0632525291781,1.71769870006,0.0161771334793,1.38917595185,-0.806039775829,0.595849550059,2.0405018262,-0.0454778354893
2.16388622546,20.9222823385,-1.86855299638,-1.2709197276,0.505795803539,-0.472949617766,1.2522230117,0.308558465363,-0.568952526194,0.548620306614,2.34430961539
0.61095404042,4.3091001794,-0.485971246671,-1.26921537071,0.827376114696,0.710702330148,0.488064097461,-0.69270414725,0.117540469522,1.83111486642,0.0733084559438
-0.119645270297,0.209986799323,-0.131947471657,0.157342951731,1.22739565698,-0.545208643838,0.13529336138,-0.21314903331,0.0425442312002,3.08551918112,0.604446421954
-0.0435941795744,0.610748393272,-0.319729332494,0.115670055959,3.0877781152,1.70864755318,0.814507966568,0.102964937598,-2.88148615896,1.60193145363,-0.751439635077
-0.447764487406,0.366932094422,-0.506050856832,0.350821739233,2.66835452598,-0.494097942152,0.88325485906,3.66562530864,-0.39124251824,1.58307213355,-0.502651659549
0.522389531208,0.268125818729,-0.396917208247,-1.14133144731,1.1516973232,0.0393521838622,1.2831155133,0.625583071047,0.186623311283,1.23979519294,2.00510950312
-0.82706818481,2.0508302986,-6.56551483344,-1.66602835132,1.70184371806,-0.453001919209,0.0683865904544,0.713487206778,-1.47475783598,1.03261063751,-7.62156842144
0.553258776669,0.563650077128,-2.13392537115,0.729434861522,0.844100023899,-0.404924167853,0.534350039909,1.14916090221,0.06471901518,1.16381240795,0.406810029683
0.199009958508,3.64261530563,0.97020730755,-0.604157092803,2.64879954535,-0.834047468962,0.592570977649,1.20565036234,1.79311987943,0.870620172089,-1.46420689663
1.79836420577,0.403265047693,1.11321969521,1.26375967141,0.83741888164,0.535046810598,0.376666880129,-2.75232245035,-0.692800044772,1.76639076158,5.11786954764
0.421495107209,0.726796517009,-0.280523773767,1.48815253977,0.63978248202,-0.356584183363,0.402131103716,-0.137543360109,1.68430729154,2.39924491233,1.96588550654
0.119905936605,1.51210646901,-1.27155725625,-0.767481324946,0.938860630124,1.00591976417,0.531147314774,-1.40955873052,1.8324446958,1.55799122403,-0.638722576346
0.439582397598,0.802721129181,0.109720248941,1.99578534892,2.47359298662,-2.28849116767,1.32893825294,1.0048710254,-0.0242061559747,1.89064376047,0.518910969306
-0.72828194799,0.931523219039,-0.160057282148,-1.42266210314,1.91164085876,-0.331205124053,1.01414756965,-0.406004256438,-0.237688991166,1.27800122909,-2.66269355634
0.00096185674096,4.58083019772,0.897294767614,-5.44689113902,0.411320993919,-0.0616373206274,0.674370332392,-1.78026582954,-0.220427768123,2.13001982205,-4.12177431334
0.686880153264,0.425374301461,0.953987617316,0.983660097117,1.24178456582,-0.799959229341,0.217414429786,-0.120003035723,-0.418756631649,1.31208296848,3.5067054505
-0.484293507781,1.51630909486,-0.478168788377,-0.546865318682,1.39981580106,0.00774936715084,0.225197976013,2.50195348101,-1.78205961036,0.443181316803,-2.00837591805
1.04376003372,1.42337024027,1.52447682946,2.70593754045,0.636507778848,0.22430524956,0.213314645706,1.3421321343,-0.873962334834,2.096161162,4.44324779304
0.907496556798,2.48146309303,0.140282577457,1.19119083531,3.00530854907,-1.01395648802,1.44276783319,0.409876620329,-0.374611571843,1.86926927594,-0.824034792152
1.32877161915,1.61116526852,0.155943455699,-0.59880838371,0.576033112034,1.38892817322,1.12178063021,0.124246772731,-0.596980445312,0.551491890707,1.99251078267
-0.753906322292,0.76823328379,-0.887926203632,-0.600901682186,1.35421237308,1.24822266024,0.675793663405,-10.2408677441,0.219208499495,0.551968040811,-3.20224884574
0.600003555596,0.645066783446,2.19600517812,-0.845479147984,2.82135102559,0.635788102045,0.249330033908,-0.128487308172,-0.874015689752,1.22701314177,2.36272354444
0.486292023297,0.79725182693,-1.98684565477,-0.34128635726,1.94332460166,0.0042398008759,0.907998716837,0.0676961983595,-0.542169161042,0.653152453073,-0.435196501245
0.560155739459,0.345245325877,-1.55444639688,4.53960366246,0.182980816523,0.0517027450773,0.291587191974,1.58829792729,0.808410083259,0.998537761815,4.43573020447
-0.50489965916,0.765904646965,-2.03235290341,1.78242010569,1.08509355631,-2.16805586956,0.788348829241,-1.48846567462,0.735600536425,2.78962306455,-3.18453062296
1.12610726259,0.917924453174,-5.51769604132,0.454206852576,0.242636705168,-1.3104168919,1.55395054373,1.34424975605,0.707035252831,1.06902204687,-0.938835932766
-1.03039601836,0.969445453929,1.19154660929,0.195713086343,1.2122776292,-0.940647027685,0.839291328931,-0.652559037252,1.76770297174,1.59868533082,-1.62886739746
0.345737522287,7.1615437509,-0.501660917247,-2.08404702881,1.56800086101,-1.90423057701,0.497143151153,0.938501162731,-0.600143053657,2.43295927352,-1.36634008661
1.16369039591,1.7468062753,-0.419187585762,-1.10837418957,1.12704363686,-0.0344115176784,0.320118078289,-1.04905891714,-1.2001753645,2.28199450804,-0.241710134266
-0.227041341646,0.598048914386,0.596546039377,-0.899768075358,2.41859275784,-1.37881140391,0.906135416643,0.10008559102,0.769633230116,1.38021341387,-1.1893843437
1.05446618633,0.632223853324,0.503098167428,-0.903134170361,0.814643698614,1.15646679199,0.133404379759,-5.01580576388,-1.40337457461,3.19230977436,1.93870719723
-0.18542241813,1.92516913498,-0.645350211549,0.657671379977,0.606130641076,0.0911462058952,5.36450314913,-0.687898217264,-0.35844807578,0.673888421072,-2.4888438213
-0.969722798069,0.376371902832,-3.22830134638,0.418008410918,2.6114926409,-0.927854315482,0.582728743193,0.035916728014,-1.01070109504,0.973776524057,-4.72847303779
-0.453027753916,4.48633752201,0.0225485974573,-0.230125902547,1.05714086651,1.90094619778,0.382661033853,0.482324447372,-0.789142892748,1.38010226878,-1.23370661363
-0.496408888009,0.66497353631,3.86136480641,0.058571525586,1.45331702883,0.0421213557318,1.23764345503,-0.394869354922,0.73406431112,2.555351827,1.1794151583
0.262736807795,1.66524452972,-3.0845567745,0.0840247768793,0.660487996804,0.709000208492,1.37477622722,0.659161843502,-0.00160503489192,2.74513344553,-1.801432396
-1.8862916208,0.154512976512,0.0742051119593,-0.551736310812,1.39303344325,0.218263588709,1.28109950636,3.08386025905,-0.180046890353,2.3489140095,-2.37843905183
1.00983399233,2.77333290908,3.17423480596,3.43386032288,0.301289983316,1.47036781563,0.466869192857,0.619555972978,-1.88517622118,0.970600687329,5.7023686698
-0.164854481236,0.784606009051,2.32827916553,-0.555990775585,0.864978369658,-0.768877351967,1.77623800403,0.324361211766,-0.242325383707,2.27773827919,0.324790110195
-0.0726854751049,1.23465914726,0.470004016564,-0.884495778017,0.936846274343,-0.725577587482,2.08433916235,-1.61575382187,0.755441513759,0.739200058014,-1.06844933154
-0.89982008655,0.646952115986,0.346123606895,0.385023608846,1.59994373511,-1.56844990325,1.06933642535,0.360169685458,1.18725589148,1.98244406092,-1.78635632209
0.747997409272,0.255665959527,0.182039369579,-0.326288354421,1.88066363695,0.632856523261,2.76224893871,0.0645752390448,-1.86401390349,1.39099835345,1.2563125921
0.996330511065,0.295763542301,-2.54760421401,-1.23264218589,0.563757481162,1.23820046623,1.17670860258,-1.13964271741,-0.0606593634724,2.58561210999,0.210808462496
0.462821343258,1.39748001265,-0.293029380113,-0.107290402499,1.92997397298,-0.336841227581,0.710296124098,-1.49645935008,1.67811837246,2.47543264602,0.054338596945
-0.844537231785,0.153317128579,3.39892700884,-0.913156078943,2.34847912379,0.837748381171,0.664914062434,0.0127010615684,0.0921543151658,2.03230228034,0.481611850607
0.895625476893,0.399240761619,-3.36643457125,-0.420794402815,0.435459848557,0.275704473292,0.858878662779,0.234955904711,-0.545604613897,1.29661585948,0.972146794806
-0.811075242951,1.20068498287,-0.344630834422,0.36346194431,0.307009159805,0.744652334558,1.86020516447,-0.360171047517,0.911259245757,2.2327088115,-1.42295319601
0.422231298639,2.06246248177,-0.450839105751,-0.301857678546,1.54947933628,0.65764733343,0.175566630619,2.88269437685,-0.380046179732,1.52226346146,0.509588552434
-0.761216331537,0.798982802632,-3.2862586131,-0.0537972855305,2.43646470078,-0.26948137353,1.68213575132,-4.26298883208,2.18791413258,0.229597198066,-5.39093340651
-0.974364382139,5.99045905323,0.0959028344612,5.5783303062,0.678375736167,-1.72431818974,1.12814452921,0.310249701854,1.80365538011,1.06149236061,0.468222875852
-0.180609412654,0.469623427436,0.536438168735,0.710622514854,1.53084179727,0.5171764112,1.47495069231,0.338208949091,2.54846863338,2.7151444603,1.10983090618
-0.0304313435843,0.268739973011,0.988639218454,4.4081049776,1.44469345935,0.561442895973,2.01740869009,1.84215723585,-0.557695114168,1.38274091904,4.3959377604
1.16456672546,0.493999199344,-0.604911052712,1.63032561704,0.709141874842,0.916306784409,0.557687319424,-1.0459761392,-0.28831593373,1.62713726816,4.96199838251
0.353834343537,0.565199224911,6.73757680217,0.0792992304997,2.59276369604,1.37958052635,2.87609171258,0.435912390629,0.873729024365,0.27736686359,4.68127575
0.0577541722653,1.03457030849,0.80046702678,-0.904521682035,2.11722234089,0.0546008425703,1.97577981691,0.64826785342,-0.452344683049,2.41117008536,-0.201312760559
-0.122259387614,0.709805786854,-0.155936447328,-0.671966162368,2.000089857,-1.39839912794,1.14419519338,-0.0681145665593,1.58426355889,1.42731918242,-0.548311889023
-0.0417201532183,0.497503905308,0.584133616588,-0.160831104759,0.765606263541,-0.547580932823,0.18987838036,0.692733601321,0.272687105511,1.83100130535,1.24262751689
0.622561244345,0.453031221775,-0.27805729141,-0.658805549689,0.681994530125,0.00478248196758,1.82675333245,-0.177610769849,1.30949452717,0.544727022813,1.94780545509
-0.0146581405095,2.56738403915,0.275169188411,1.81561200747,0.323051786144,-0.268421721491,0.847425949648,0.0380391033673,0.358128496223,2.60423977102,0.714468607042
0.0404019668622,0.430934024043,0.368999001268,0.146550174797,0.883631499495,0.788200979988,1.4692596598,-0.11268372024,-0.359889539248,2.21400857678,0.68091835814
0.150264674393,0.816302861413,-0.785517857974,-0.977771699734,1.69026920656,0.34197331319,2.07239557866,-0.473165497657,2.2553053771,0.872145271543,-0.376031145614
0.739233348944,0.918233909845,-1.24797287383,-0.646001208855,2.21386373753,0.0350899366413,1.63698525139,-1.82372610687,0.354862782751,1.15770590915,-0.632562216345
-1.45159935266,0.673181317355,0.0285941668674,0.546950090635,0.866574321361,0.277288732669,0.515458472053,-1.18075049364,-1.12269706655,0.58568277631,-2.07795940691
0.674252948001,1.47861489038,-0.796963377444,-0.254963372577,0.858502610762,-0.553943498375,0.862538509415,1.66307789785,0.183901628549,0.235087694447,0.586142527873
-0.287288826054,0.875512891533,-3.32731225689,-0.0661514849532,0.784539744337,-0.69311622817,2.46638349534,-0.606601520076,1.33012781269,0.363719397337,-3.63929922041
-1.42349934911,0.947964540978,1.52586939254,0.705031762475,0.772379532122,-0.149518333239,0.483861998099,-1.0781285953,3.01285242571,1.33233588426,-0.801574101722
-0.965951327009,1.02526249661,0.480925681091,0.0513892168045,2.56696632133,-0.524859565585,2.33290027166,-3.11477966904,-1.75218608503,1.74096220442,-4.19399467717
0.454927606913,0.563175632021,1.86560044468,-0.321826674489,1.36217285943,0.353161522522,0.82165957662,1.97998496052,0.8388373605,0.500682794697,3.08844955451
-1.39449874971,0.299915831578,-1.54696469125,-0.117444063047,2.6770395041,-0.902153165701,1.34902977704,-0.911931569933,0.970101697786,0.87243391174,-4.51887327852
0.0464573711367,0.780407414506,0.408990528167,1.75083663214,0.678025921666,-1.09359624973,0.663535379632,1.05638804241,-1.59047322486,1.69266364766,0.949681290513
-2.32748468549,0.728043414435,-0.279214376861,0.385766928218,1.6649191731,1.24119905665,0.433393425914,1.45551230699,-0.815657479957,2.37627715133,-3.76912531524
-1.35274314003,0.225359477301,-0.422288106043,0.821163431408,1.90847273678,-1.17900251112,1.8588603097,-0.746409526151,1.03425514688,0.839603682377,-3.10555192413
-0.991256705955,2.20679817856,1.1615762917,0.427508817291,0.013821481948,0.723483257595,0.439219245309,-0.329873236557,0.404972666057,0.624677824233,-0.537385240861
1.23239181957,1.76719619692,2.69288284828,2.00049692661,0.646218269169,0.566180219308,1.18809975798,-0.708916719835,2.0103256049,2.89485222796,5.30955768103
-1.07557115356,0.237930313345,-4.07628483778,0.182080351056,0.362438582858,0.0819218564096,0.421131127816,0.366468823678,0.820855337623,0.885890093985,-3.03612508854
0.892562796978,1.94829075135,-1.2629487693,-0.566164713348,0.503131541411,0.011129565112,1.36812923967,0.0942755598984,0.294454881921,0.873008575858,0.314582505473
1.26142012656,1.24939982875,-0.323497813026,0.16314727476,1.34879208545,0.545551727449,1.20239795588,0.915587914614,-2.57924492697,1.67078215114,2.30204637907
-2.23926885434,1.87841081555,-1.01419819596,-0.340641356631,0.378102873081,-0.209219200539,0.989616519415,0.469669313306,1.91032557452,0.712676737731,-4.91217197671
-0.621101883147,0.553285148881,0.0450209651542,-0.616641028027,2.14066947639,-1.36209358176,0.938824024365,1.25245381459,-1.18870918508,2.09596696157,-1.72675723873
0.275471049819,0.136227447182,1.54579401469,2.67420259485,3.52120181751,0.186883916947,0.659112869921,0.551919283134,2.17761171508,0.413674502738,3.66112628183
-0.179211852236,0.683055068348,-2.18395852146,-1.65653219631,0.523170696581,0.215932599252,0.547926666924,0.0827402379086,-1.30544004333,2.03810379541,-1.92692629511
0.607468152888,1.52728047471,-0.994808504925,1.50837493669,1.66993766164,0.49899613581,3.13500612953,-0.27424492969,-0.203447603441,1.47723360062,0.527030049305
0.874065038259,1.14400457297,-2.82510030259,2.11000586791,0.629623068063,1.17670063205,4.90272707535,-0.654774805978,-0.558835084085,0.215781997415,0.432692099012
0.609383950271,0.995733906247,0.532549759042,2.05144374032,1.94597338759,-1.56587639021,0.320142974967,-0.942484606427,0.394821150021,3.11178882761,1.08406225692
-2.09003800177,1.66965340565,-0.433210111294,1.31331381017,0.280501430858,0.628019603664,0.498376814249,0.73174593349,0.658359953655,1.71105981737,-2.8897297758
0.0481039445283,0.307642021292,-0.215314582077,-1.89206719467,1.3133603346,-0.52621680329,3.45970671616,-0.586926573741,0.429861618579,0.736243424233,-2.07083729823
0.852102608105,2.58080867207,-1.26289934301,0.973570618117,2.52950675837,-0.0936171428399,1.13854594992,0.200423484493,-0.664318832114,0.810548261732,-1.49558781573
0.418410897265,0.815432970835,0.362393146221,-0.388504378465,3.36114150177,0.19721753727,2.43591517973,-2.01069829234,-0.0335771202741,1.03523097374,-0.902360717985
-0.434102083424,1.17589959508,1.15629179447,-0.35964804081,1.73112181314,-0.121782395261,2.18896773082,1.3428111524,-0.119725128552,0.229363364385,-0.547860042206
-0.793425288523,0.425657420371,-0.332295439758,1.15323526217,0.522815022709,-1.03944625158,0.643691485202,-1.62230230325,-0.720454067188,1.02845688003,-0.944426585291
-0.939153484651,5.27567389891,1.49233736501,-0.195826351329,0.77937348369,-0.908353716837,0.676731712574,-0.548122997689,0.723585615099,3.73814025216,-1.72912097362
0.233137669786,1.67163482335,0.0963846095776,-1.61624243681,1.31688687902,0.143122531772,0.597476847481,-0.715856030745,0.317409332089,2.5343394066,-1.30998586479
-0.750265331317,0.477733736417,-0.587395934823,-0.12202005334,1.07791329527,1.39799139817,1.14402228848,-0.630367918799,1.91762682834,2.54330170492,-0.487878701209
-1.72354569343,2.37258549153,-0.846060991147,0.745837958662,2.02782292512,1.78512375786,3.06506101221,0.572979733627,1.24785198955,0.243445350194,-4.32487512629
0.938625111007,0.52710590164,-0.437152043711,-0.923168593644,1.49370723975,-1.61121817405,0.629513666633,-2.44628739462,-2.25190082204,1.18448217944,-0.722409226639
-1.66720848764,0.817364663223,-0.664598599605,-1.76813023523,1.58553611068,-1.06215856705,0.813701400788,-0.0995962583263,1.32223410853,1.8120502678,-5.33575186587
0.765478328102,0.507308207104,-0.480217785272,-0.176487125496,2.73832260305,0.00849559317942,0.617563029826,0.525257169962,-2.57657598299,2.01592860339,0.694549699073
0.0151813687024,0.82827448066,0.838627608536,0.288407696785,2.32414084961,-1.0551047889,0.586956674661,1.31684557958,3.39995905341,2.62211248459,0.810313636789
1.189671504,1.59466263149,0.578979849328,0.387570585785,0.835395281134,0.794948435496,1.59127482364,-0.265613084819,-0.578657859085,1.11326095489,3.6209182986
0.388700376514,0.810336304383,3.2479253208,-1.48192548968,0.92196284331,-0.175280307054,0.250275855463,-0.685546603874,-0.401099856901,2.06930913095,2.8457546422
1.35218733932,0.274117819239,-1.74134048204,-0.662423640371,0.343286943212,0.171307777322,0.40177080733,0.30411078734,-0.207614803405,1.67426732704,2.42357952668
0.0127142298969,0.563404657965,-2.4234098275,-1.98563517466,0.611815497951,0.939996078733,1.7150912468,0.204894386068,2.41593009564,1.02613327893,-1.4413771133
1.9018703699,2.04338449579,-0.444870449649,0.0242429984296,2.12493914179,-0.878272908617,4.19215098667,-0.576299965752,2.37453466844,0.594986668709,0.894753870777
1.10957341843,0.429414000424,2.21122041363,-1.27312837097,2.13520985887,-0.820110063408,3.09821731054,-0.114370973383,-0.42584183233,1.57946790373,3.09864822169
0.149845484416,1.89828039982,-0.790105590838,2.88531764111,1.76220086791,0.557324564108,1.45626310114,-0.873277270835,-0.0297128625005,1.01890572074,0.19984790398
0.282389657231,3.5352582437,0.185279603559,-0.894080632661,1.52088847194,0.520716242867,1.12998894351,-0.770449761748,-0.324788666797,0.682698991975,-1.06055463873
0.0334219145745,2.03460593736,0.314085698932,-0.434879832744,0.697219668791,-0.343575097889,1.75921540683,0.281081530687,-0.484676933466,2.03212365677,-1.9446021033
0.334602564055,0.253050409009,1.96358702153,0.343106702511,1.45562001706,1.21444912804,1.03849502868,-0.664800403298,-0.412015650624,0.1622017525,3.47944721061
0.926010927301,0.826764896491,1.87113630841,0.0437923702924,0.819853936735,0.838640131411,2.86342929879,-1.17843259363,2.35087949045,1.49528602469,4.04730748496
-0.376000592294,1.51913663735,0.420118481323,0.443793455695,1.2987050322,-1.86489608258,0.232414310365,-2.41870579996,3.73964810816,3.33829101749,-1.33326653463
-0.306765375963,1.1004227248,-0.513375797886,-0.28282289461,0.146278282776,2.07567550858,0.371297828174,-0.215027082584,-0.375770122813,0.206486971622,0.328370613122
0.0488946189604,0.516149935944,-1.75645034053,0.852906078302,0.986091618656,-0.687147031982,4.81571818516,1.48028404886,-1.9579163379,2.03259446359,-2.12726041351
0.29076761594,0.935068924324,1.87848225809,0.195289194909,1.01046263387,-2.11522901016,0.802279606872,0.253886464556,0.1513607547,0.405892742469,1.65969773415
0.0525777738403,2.64597273855,0.89851665538,0.394713022166,0.284375359628,2.38734549172,2.25061898161,-1.76878951339,-0.230356139135,0.546639926419,0.678084645371
-0.424835666399,1.42362900575,-1.00549762116,0.979658989224,0.744679529887,0.147302508302,3.03523040356,0.220712017085,-0.131129874955,1.72734262188,-1.67916748647
-1.59451781571,0.876313046504,0.250698851429,-1.44003309501,2.65301729487,1.27560291037,0.586893898354,0.752856527036,0.493071888647,1.07052180855,-2.21037748736
-0.988007118525,0.45059817674,-0.775934756825,0.00737771400821,0.086535207244,-0.86655893148,0.744594802159,0.969819334568,0.344685830522,2.40928754854,-1.0950923773
-0.753746029226,1.79586716329,0.112381562693,0.00370128677834,0.99851056514,0.603116361343,0.818310155635,-0.720725265951,0.343903032517,1.68617972117,-2.32932095051
0.998617591079,6.26998474042,4.3840488615,-1.30500602406,2.28747573398,1.44399439864,0.94653442234,0.779597611359,1.91890269304,0.921774629184,4.91880766583
-1.76069144284,1.31833951625,-3.49877932071,0.0919976737605,1.3183161892,0.389878613832,0.718363218241,-3.26899873663,0.0300651664808,1.0676180621,-6.76230207624
-1.63840326696,0.25970028749,3.83905119385,-1.03236745808,2.51313480667,-0.975746848175,0.52252849323,-1.84669015504,2.76133889975,1.97603849811,-1.04557614253
-0.485390213103,0.496427618472,1.05329106639,2.69614984019,1.55172792347,0.120405344183,1.6010843696,-2.18155177805,0.213190993222,0.817872387632,0.701896131647
0.606459767795,0.486258977471,-0.0320100993552,0.179243561482,0.212854362105,1.27750361355,2.70382327701,-0.762237786442,-1.61564333506,2.03949600974,1.9960058331
-0.727378324016,0.984688918814,6.43903453204,1.20291288003,3.53102063695,-1.09987521932,5.22548427187,-0.237882898707,-0.435137364402,1.83052375311,0.0727071489756
0.252746237679,2.20737892888,1.33610631594,-1.81386204575,3.18667139339,1.04959993482,0.295481431286,1.24582838542,0.0464140076876,0.223826135718,-0.647413385329
0.559967153888,2.54105073314,0.935842288366,0.552335916061,1.89646985252,0.679102234197,1.5646790726,0.219998601835,0.111203065273,0.213286012885,0.790320561612
0.396831140605,0.914053152043,-0.861118168078,0.164210965467,3.38472341787,-0.869911711165,0.627659241398,0.876794960309,-0.0817883624427,1.09204060493,-1.25325448195
-1.1209985828,0.565079592569,-0.770570317876,0.330829303553,1.85723123341,0.970919484606,1.00051377367,-0.0110509649744,-0.432205462093,1.11280567821,-2.75193204866
-0.735853455861,3.6468379018,-0.101383122658,-1.38512529622,2.81294245909,0.998876358186,0.833642768069,0.19031359966,1.49105389312,0.460186339863,-4.06087639484
-0.338540221233,1.43983997271,-0.594224275716,2.63173308133,0.334323801061,-0.257846681238,0.233641963432,0.573712405897,0.451252654542,3.24703845756,0.625049236951
-0.258753902905,0.659630843747,1.59235921943,0.117616603609,1.91488246871,-0.0875834761685,1.3035392411,0.802942359281,-0.338847316841,0.624567480913,0.0664411490196
-0.855310732009,1.06663658213,0.381475352902,-3.70794852172,0.163318536012,0.26611257607,0.931278032228,1.11962815203,0.0764335999067,0.710439459924,-2.83842823409
0.0678769626469,2.26286430115,-0.0904782858456,-0.537021503643,2.7789444102,0.742985691716,1.1496447593,-1.37049376,2.14302489124,0.995768453991,-1.27083323614
-1.25338269771,1.36873182497,0.385480696439,-4.4934389341,1.06401421999,0.223982393743,2.54782013622,-0.0857542288426,-0.252321608339,2.83029574465,-5.84855073355
-0.0535572091535,0.630731033795,-0.943823087613,-2.07327113982,0.915385484241,-0.573324968882,3.39389579875,-0.402223843423,-0.642538355753,0.893443998459,-2.09462904762
0.248165812597,2.00616102284,1.86233317409,-1.57966915945,2.20086084541,-0.24024183544,7.50072361937,2.89833316761,-1.78745305033,0.735107925991,-1.69806857543
0.44671425568,0.0881909858337,-2.35523313017,-1.23025860186,0.412498195562,1.60168159251,0.195740479608,0.0866808076848,-0.182464738149,0.671100057879,0.713246309399
-1.32802560261,1.20952823603,0.290226120441,0.0518811987743,1.00200640148,-1.0201755152,0.70232431698,0.016783801963,-0.409387562773,0.862460670575,-2.86717405105
-0.549491240994,1.46205295197,-0.392997634821,-0.371822648321,0.719774927984,-0.39276139984,4.58575767791,-0.126966429638,-0.324113124668,1.50210528882,-3.62750071288
0.0954396353451,5.49557900771,0.334701691755,1.88223779095,1.52440911093,2.08659594488,0.412621185143,-1.26257358177,2.74613843901,1.71441513448,0.930896365788
0.187543031073,0.215633581099,0.215701562962,1.33612067572,2.01870326031,-1.46620200685,1.31791018259,0.169100127966,0.510868875673,1.18067910652,0.643724969239
0.98504076168,0.797248421964,3.60656449209,0.142806524538,0.40714109695,-0.466378762537,3.27656863255,-0.133254072165,0.458412779341,1.0269867143,4.06909354542
0.573678118375,1.67950049988,1.15434970251,1.03754734586,1.1275040648,1.31481116621,1.05411081816,4.67425451478,0.0790495434507,0.280077954754,3.9741250211
-0.73052470416,2.31540857229,-2.54454475028,-0.2920546018,0.935704937603,0.251764933244,0.386554660729,1.19091238714,0.471068353099,1.73035039362,-3.14407820968
0.662686966197,1.41127044505,-1.17961070301,-1.22798411433,0.399322305298,-0.892738514723,4.22359843305,1.04869525693,-1.69064419209,0.746282606364,-2.25374668396
-1.89777297909,0.322618038059,-1.31068544822,2.16252685255,1.49190086157,-0.366756544231,2.59282475637,0.259598381534,-0.696361394425,1.02968749023,-3.01697680624
3.18999586638,0.969368419449,0.796045035504,0.0916750958989,0.528290888638,0.0962887877767,2.00148151846,-0.509949515135,2.18667190269,1.41661853497,6.82961349267
0.600680368427,0.172322271095,-0.997612619242,-1.36969922708,1.42686016105,0.156260128568,0.107423211418,1.05994139408,-1.25177215909,0.710774975649,1.41842226195
0.0574323723968,0.129259741902,-0.157116751471,-0.762901729204,1.96045211635,-0.073674522728,3.67605575991,-1.36722597009,-0.524780486108,1.13018611342,-1.46048026992
-0.260721753745,4.61992503161,0.458476208933,-4.37358917053,1.64574248233,0.0554016446948,0.260180436698,-0.221218781958,0.184774165471,1.23409203137,-3.7734843592
0.0347109322035,2.4857819235,0.247582042903,-0.464013125442,0.628424811059,-2.06110134248,0.7887158879,1.379833459,-0.904471470584,0.856448883304,-0.425262611493
1.02038408216,0.609087291477,0.839440625033,-0.536650603139,1.30702334139,0.806285855001,5.64481023326,4.04674985324,0.534260141939,1.14600815631,2.31355648116
-1.31077496712,0.675588289355,0.735752830281,-1.41960445385,0.492795156056,2.01722998027,2.0730976002,0.30300690526,0.116319381475,0.64753021876,-1.57245048066
0.429058225829,1.51675849972,-0.602047620016,0.518205585196,0.801364124168,-0.0350318529531,0.432572613835,2.85602384881,-2.8741031967,0.64827339195,0.608827710706
-0.58075807395,1.62102632087,-1.26556336876,-1.34457713995,2.7386124231,-1.00461423122,2.30232430353,-4.09188359157,1.34461596231,0.480526622432,-6.45747888342
-0.109339522832,2.07822560942,0.53648646088,0.752096486158,1.65581211446,0.524674948181,0.228555932139,0.0475248328657,1.17914275928,2.77707932557,-0.0224950763937
0.127464558306,2.45781962955,0.107911104653,0.943282654586,0.732628349928,0.727206389426,1.6303901827,0.716584298686,-0.705318347406,0.246115104449,0.400777838349
-0.399544796733,1.09163406942,-0.189112388873,0.879915817724,0.988689023103,-0.203648088311,0.898905675605,1.03625405162,0.448887760823,1.54652118304,0.66850349483
-1.77682387932,0.718816822283,0.174944749325,0.194099224908,3.01649526887,0.20474645658,0.47706245639,0.205445041118,-1.14248499976,1.88499896063,-3.90445775093
-1.90936597941,1.70503601609,0.424768614184,-1.87826387072,1.59255305983,0.47007151125,0.650923769721,1.0941063626,-0.546281916442,1.4205717452,-5.02608876694
-0.121978884403,1.65958610093,0.101814354406,1.0128729365,1.82272254788,0.222328846988,1.22753635025,-0.188407591504,0.368290227098,1.29672921877,-0.322467314749
-1.00419097353,0.945873608584,-6.18537976413,-2.95459736024,0.581342884423,0.472397062306,1.50275499824,0.74913298713,-0.666173039755,2.60130019066,-7.53964640558
-1.82982436393,2.64108638976,0.381766755906,-4.21673441062,1.1542657286,-0.177187901845,0.113628431065,0.19530357745,0.410014255229,3.34771052806,-7.05993093044
0.267257506016,2.66952633422,0.259718639291,-0.0452643205316,1.05212827436,-1.13973812355,0.850426719225,0.132576947012,0.051828187346,0.971700676655,-1.06335947446
-0.637697094869,0.376329986001,-1.13578338117,-0.81718962656,1.70858327069,-0.347724425321,1.45500528107,1.06524671127,0.0613851849347,2.47297914128,-2.62459683373
-1.40322545329,4.15119240649,-1.3998046852,-0.52646285204,0.835746315834,-0.229389234628,0.595185113232,-0.860063647262,-1.63879822935,3.92758985746,-5.73364703307
0.272419211688,0.60460157171,0.0166590254476,0.582756709983,0.732716675125,-1.69895723626,0.953307634671,-1.84923175462,1.69730161155,1.41145469955,1.31380256571
-0.665003588067,0.356476629902,-0.128212261222,0.59008371593,2.4890599746,-1.32065079759,1.09750926699,-0.45228248257,0.633779029221,2.91129347318,-1.96776108043
-0.0201493324374,0.689552646553,-0.485539270526,3.14046900987,1.54791980994,-0.329562124842,3.43690999973,2.94925903286,0.770422157154,1.45479286745,1.32772966137
1.23591723962,1.31153698284,-0.861522770042,1.08414788627,0.867035734879,1.60920281036,1.17084704299,-1.01886720633,1.53698909963,1.49129749346,2.44575440912
-0.277700411024,0.390206085084,0.804177645775,1.38383481846,1.93386121297,-0.325561199158,1.23292883849,-3.01054712598,-1.01638871971,1.3686810817,-0.058831846348
-0.883655056628,1.2069459731,1.44074402957,0.735938066428,1.39096207209,1.35164190061,0.361289217777,-0.341108802925,1.0113102607,0.38702852676,0.206057205174
2.25816168994,5.34916020123,-2.32432637367,-1.7380881945,2.70996420189,1.46920911249,0.402181054701,-1.60577504142,1.02070536784,1.96491013697,1.02976327793
0.0267060920029,0.438027653927,6.70925893357,-1.08989222073,1.40943381703,0.36423495205,0.969130936172,1.55418104104,-0.632373776894,0.66732576596,5.26824819447
-1.29955120814,1.1183281247,-1.81129710211,1.51178057522,1.19836711292,0.988588748961,0.549241343119,2.1461849116,0.629512644198,0.857374386332,-2.09451032214
0.0619441119927,0.546854851417,0.15977970414,1.80277738953,0.523259607049,0.0674244373516,1.37537912576,0.104634680746,3.87257097375,0.426168729688,2.5166738356
-2.04666049578,1.56111149454,2.30761042364,-2.05012188619,2.35335903477,-0.62558338192,0.205775662897,-0.728517763729,0.813120379924,1.37730116521,-5.26218081291
-1.75145561821,0.207593737942,1.88882972045,0.406980473671,0.736803040624,-0.527858443385,0.935308642704,-0.550389619954,3.00614944609,0.0781127358858,0.505844504766
1.26863318056,0.347211918214,-0.375920374175,-0.560983921962,1.42057380155,0.834795345568,0.567192013218,0.250279298298,1.29192804505,1.66155355262,3.07129826732
2.18577637166,1.23716306526,-0.0570270530546,0.290670578782,2.3867188794,-0.866356072353,1.61954299677,4.0187156771,-0.182940964358,1.26780424155,3.63664975458
-1.44028441298,5.05801293807,0.820152212333,-1.54236194798,1.58284225763,1.1447669761,0.961234741032,0.524403442155,-4.05826252788,1.11568820914,-3.9262832617
0.934830274923,1.63497357047,-0.131394608352,0.372765277505,1.77847567826,-2.41654530092,0.308203048304,0.317435601486,2.50610531544,1.58090470828,0.300197985715
0.390515476554,0.82163635244,0.552790093223,0.391010424988,1.47189983711,-1.61028217466,0.746123810611,-1.16322970184,0.148466581112,1.94334851929,0.858467563224
1.10838743844,1.02067462834,-2.57330780858,0.781962800551,1.60110055099,1.01723041734,0.641005801986,0.0737664351955,1.08991707077,1.11726271589,0.876014181098
-1.56070078015,5.40962669174,-0.454216530674,-1.16750157317,1.93065292698,-0.157766929296,2.23901355582,1.31292688767,-4.38612861918,1.69487455976,-6.65302961003
-0.281181365405,0.761958477901,0.0519327505718,-1.20736693373,2.31157833362,0.478707872512,0.433102451008,1.45069339471,0.872833597752,0.0457291935033,-0.646740585803
1.26214118119,0.442627522907,0.0426385080654,0.726688566505,2.64833595519,0.239562387908,3.79887033788,-0.133053324973,-0.532169747628,1.05748898826,2.59253626216
1.22454243873,0.681656379258,-2.44819735254,-0.216194411699,2.10925266707,1.97541229175,0.854471738767,-0.577784200423,0.429301788221,0.0298411812155,1.66659120022
0.103061519047,0.281038635785,-0.454878292148,0.7451518662,0.507044472893,1.84722916029,0.886814820686,0.127284899997,0.158075866123,0.957889583904,2.68646242964
-0.84349649738,0.507843166543,-0.873437290727,-1.50271340994,0.709766441969,-0.65448580424,2.17080324653,-0.0955453736505,-0.177127333491,2.47423528043,-2.10069201625
1.62049283568,3.38066851434,-0.135396633138,2.29789167425,0.641479865168,-1.56589146222,1.05816154066,1.61741816409,-0.118447492381,0.130960491025,3.13690648369
0.330034407649,0.792414229871,1.48189114767,-2.54219755326,0.442092363629,1.50669238931,1.1090424343,-0.37813342513,8.97426308264,1.0416938129,1.87167556261
0.442058459588,1.56149040474,-0.138706425925,1.5773490434,1.26588852567,-0.0709844562003,0.212575600906,-0.785594680865,0.772506054535,0.869070244729,1.6433931497
1.55258257308,0.9999577021,-0.385805742091,0.612183720802,1.90358339797,0.522910260479,1.29422843404,0.93698580734,0.631325558502,2.33760555633,2.95168360817
1.0400196458,5.85016048116,2.48858125521,-1.65139718126,0.879982749695,1.17712228418,1.17175270142,-2.8805387626,-0.241932805674,1.4317463315,2.34606346603
0.415125457646,2.01239251295,0.689330923344,-0.133456236502,0.903998650779,-0.416605419468,0.341586961317,0.915931957189,1.76274955624,0.600890449323,1.38496482754
1.66690677802,0.693535989853,-0.192485463034,-0.493252639665,0.980325257817,0.136019904775,4.22653665831,-0.193195110347,0.264093757269,1.87035228632,1.86095936114
1.28616852612,0.752802696837,-0.229584824071,3.58814933077,1.87180884183,-0.617697405177,1.03173321561,-0.998944264912,-0.0159776138262,1.60779657536,4.7462896519
0.250360610048,0.660028187579,1.7856621174,-0.0385053105993,1.00512652153,-1.05832235717,0.515743807044,-0.613206694025,-1.32078668504,1.09087769336,0.880967923576
-0.7258487848,2.14079507401,3.97075943654,-0.108624255625,1.97610985471,1.13176244809,1.73345187331,-0.0512097248692,-0.440494148696,2.45793900415,-0.33262741057
0.241003512079,2.41924142656,-1.26295247152,1.20911802093,0.848044568112,0.850380481922,0.53623178303,-0.49635673898,0.0217627086989,0.226265755124,-0.736831790477
-1.11356353381,0.376484447887,0.197713794399,-0.411270417177,0.0871688939699,0.620027347102,3.67481377946,0.531969586568,-0.874982889764,0.668590264893,-1.03235237854
0.577493070743,0.823786621613,-0.871669866173,1.38269624205,0.89176275014,-0.0293385139867,1.97087930031,-1.73329331004,0.345820352118,2.33123870046,0.666719543903
-0.0451679995736,1.32860703023,0.481352074175,0.500515522394,1.77559701784,-0.420698968172,2.10531446611,-0.786951404655,2.02543268364,0.510370616219,-0.785933328113
0.4026809525,0.641310109801,-1.0069848868,1.98376578819,0.619616517846,0.552155101863,0.421819410518,0.484772416547,0.240851472491,2.0061072224,2.63170982624
-1.64568452561,0.546802176234,0.86238277176,-2.50793642193,0.834415392533,-1.49807675571,2.78968859041,1.41605877969,-0.106544736468,2.38688975497,-4.32118097366
1.03083111915,2.4428197022,0.843902490533,-1.96335163723,0.59102448803,0.601647455539,2.08198159511,-1.18534187363,0.62502631065,1.21654673742,0.63567737528
1.69923304645,5.63786612518,-0.951833986325,-1.92764438531,2.87970060278,0.0487900564595,0.418238311366,2.11342725141,0.239135860044,3.22165975814,-0.138008043355
0.178266992662,2.44639489794,1.35955875576,-1.28161774545,0.491305722871,0.530382589371,1.47373930253,0.268503391818,1.69140768769,1.52288949943,-0.0849675635927
-0.122292223395,1.41971951188,-0.92266356911,-0.625414870691,2.92810438948,-2.07184939968,1.47158625667,-0.1593942468,-0.131584061244,1.16173966229,-4.24637076019
0.367678449123,1.40112484214,1.49763365103,1.11617646382,0.170306915552,0.68344959343,1.39798793575,-1.93054279254,-0.735065208907,2.14421064482,2.23656015999
-0.565703258075,0.685517792351,1.98228538828,1.31157403292,0.579502663479,0.115969030787,0.627107840085,0.848868476045,3.26754180993,1.69017606023,1.76069134075
1.14444870081,4.22739610059,0.413152619848,-0.343393512897,0.433517028361,-0.291523270528,5.80452802211,-1.02808039483,-0.0391174435182,0.707474604496,-1.3819677165
-0.548290766431,5.88813383556,1.63345458184,0.295092947033,2.66165463765,0.414614251213,0.324735744432,3.73908884057,-1.45152516134,1.47023064874,-0.454462083619
-0.487300183399,1.24873850353,-0.787913575365,1.59469854136,0.795199248436,-0.477428937642,0.517274452401,-1.37984788734,0.945050953687,1.29078422078,-1.00380989536
-0.971193860293,1.6591138618,1.78081356455,-0.363804644802,2.28392256398,0.138038492085,0.887423231732,-0.130757905576,0.173687689791,0.432316903756,-1.79584771263
-0.851689935556,0.181470497116,-2.25317788832,-0.028624052677,2.55175203946,0.421220822243,1.98845781662,-1.60631415265,-0.212264858755,1.85024543409,-3.66803038377
1.00986382239,3.33206578474,-1.29213209076,0.0590148067292,0.667496889105,0.415277883452,3.17909996999,0.0485094014215,-0.929291188339,1.01117762734,-0.305777941582
0.92915527108,0.769754602844,-0.0517857197781,-5.74173143045,3.96746154894,-0.679832980766,0.402121830981,0.477261383869,2.42934663232,0.955215348006,-1.85443130813
-0.19267397064,0.380365523877,-0.664842063954,0.532515770379,0.664001496257,-0.110014004582,2.14521918407,-0.645375396542,0.369912732145,0.0892338558132,0.146079393233
-0.205347089132,1.13605929187,-2.68591216802,-0.0815911000383,1.79290022118,0.836092779238,2.18770787831,1.0026180852,1.23400625166,1.71030863022,-2.37545433371
0.654951795657,0.544632573063,0.426326470568,3.49908658975,3.19172125252,0.775294411,0.978443066245,1.35524933164,0.618675977268,0.625822333951,3.58992002112
1.48351351449,3.41998710008,0.751788730823,-1.14726033746,1.47896538739,-0.676594157399,2.54254906726,0.0212425826806,-0.607576404011,0.495341079704,0.416726079646
0.10847466549,0.445857280956,-1.26909077682,2.51492473277,0.307592892797,0.606007308449,0.110630643373,-0.975094153876,0.108491012501,0.236133576816,1.6434106552
0.953184352073,0.093787016421,0.862931714613,1.44311739569,1.38891134577,-0.500925956897,0.553644515538,0.621143427641,0.322178394459,0.728417841562,4.7322498991
-0.38911362682,1.46656149243,2.57945648892,-0.208310143773,0.764163706878,-0.45228473474,0.820931797521,-0.693745976791,-0.422182849843,0.385133956443,-0.150722492463
-0.0732725559605,0.932673832472,-1.59103567434,-2.14142352584,1.67749256301,0.990740733382,0.631087309734,0.828297298842,0.977737463734,1.72895329125,-2.04904305058
2.10356440703,0.449104748088,0.454599015248,0.384531006301,1.87652507013,1.38544995999,2.56678825114,0.721339466619,-0.446492340939,0.903245425736,5.60685565907
1.36110280036,0.235216149714,-0.48845593537,-0.903022589288,1.29980942453,-3.03447423191,2.49514453091,1.19345981834,-0.857266986546,1.85852100956,1.39140796823
-0.57372091726,4.56499847553,2.94072631046,-1.01019079684,2.38628187968,1.36490224705,0.562167867568,-1.97797596969,1.89624467767,1.10287870602,-0.530651303307
-1.20850244364,2.44218260034,0.757833694505,-0.61085853901,1.32921994671,-0.924529453315,1.79470973556,-0.297916171921,-0.38094295878,0.969253121328,-4.13861845385
-0.287062978503,0.276058514816,-0.350914736074,0.213330658297,1.4694592402,-0.136356230435,3.47555483188,1.09832362393,2.05673553473,1.78995859635,0.143920546834
0.502209416663,0.516373848334,-1.06911514299,1.30797867484,1.62683166557,0.415034280942,0.675888067619,-0.424336743288,-1.51029161437,0.553171498602,1.36537435956
-0.791783149716,0.798043799702,0.132774795452,2.00185666127,0.761890024349,1.16355983433,1.5213524714,-0.440149772601,1.26896995173,2.11724026972,-0.0945334099406
0.0916760446789,0.588240753196,-0.0254779259962,0.380734482956,1.42491147199,0.51357912113,2.70029431836,2.03688128427,0.923346965624,1.43639324448,1.45330092267
-0.464257863761,0.893630176813,-0.194320126405,0.567546270906,0.357085879449,-2.63136545432,0.789349342829,-0.631441610414,0.434810207045,0.864612035561,-1.51510388412
-0.394604846057,0.694403118196,-2.23794344223,-0.102057167013,1.31904301736,-1.22376157964,2.3639560125,0.536991362807,-0.100640746071,1.82854570384,-2.47417901799
0.381111686078,0.475853519462,-0.316559931749,0.897318336319,0.864156843496,-0.772588083038,0.241613944697,1.09745962067,1.44282708856,2.70331609702,2.51619284267
0.11116301515,1.90791086528,0.390599168352,-0.498393276265,0.837146887658,0.357847348172,8.17168590245,1.4361611973,-4.00010706136,1.92680065873,-2.45805977284
1.24261165963,2.51182920242,0.770008266093,-0.647031375852,1.68939117738,1.1915126417,1.17921024657,1.01919433309,1.03746933163,1.1368493114,2.26164974793
2.10973303327,1.36603381384,-2.20996927453,0.8979244315,0.370496028676,1.36908281355,0.38656832423,-5.14318648598,-2.4289877386,1.55079864847,2.10747507761
-0.0757760079443,2.41671018608,-0.244277181504,1.25697139643,0.525861441015,-0.857090717319,0.502086901221,-0.922989112946,0.949805678508,1.4441728393,-1.15390269964
0.298129517698,2.21218167242,-1.89724304926,1.9202616704,2.65658049193,-0.0181800927388,0.477577474121,0.532288651588,0.450913811524,2.69106588692,-0.653124140761
0.070384796567,0.206473858194,1.39308993511,-0.78856329483,1.88165603947,1.45019932195,0.238246974108,0.114920992203,1.00705583276,0.172357050565,1.83177330665
0.690821610296,3.54011395562,-1.877271098,-0.680649677331,1.69194870676,-0.0687543390698,4.6655115385,0.359882675568,-0.103913063165,0.534926600729,-3.22053691691
-0.582632153048,1.78512397671,-0.951668064176,-0.2396078119,1.08983667154,0.17753522065,1.51369646513,0.98271598325,0.172223597718,1.17039016778,-2.50160172133
1.31450718105,0.448180213227,-0.310190576255,0.517114309098,0.811494167185,-0.133486484967,0.308788759468,-0.500465273766,0.742965159463,0.401205764198,3.78522133894
-0.596776285167,1.3921886242,-0.0369631298324,3.9035685761,1.64224459157,0.37904104922,4.34293379569,0.530424463909,-0.41385482391,0.535020860549,0.509156786725
0.298552252745,0.494737548705,0.926711458796,-1.60361659729,1.0677210482,0.839875300424,0.844135459551,2.65672457093,-0.569260822223,0.611687042374,2.81460199914
-0.354070574236,0.291682147993,0.111709060739,-1.52707038316,2.28477112137,-2.37568937321,2.95971178902,0.117088340109,4.16075830544,1.6301015113,-2.31356423864
0.723659026315,0.486251457196,-0.309581202936,-0.601484499233,2.39386017449,0.999097118306,0.52139890876,-3.51415666288,-1.56746726467,1.16180415478,1.07919071784
0.682404829544,1.04304036465,-4.17090723826,-0.763634463367,1.25866647825,-0.90468945934,2.91910481688,-0.408116947707,-2.33043919853,1.6308098446,-3.88658946125
0.140779398412,0.518689084993,0.944999958854,1.25506972911,1.51373081996,-0.413958735398,0.404554480898,0.15509995065,0.51958690445,1.05609242918,1.09029560541
-0.737433778865,0.587122087745,0.420692757405,-0.241420860195,2.135839878,1.56500589041,0.7711901024,0.814993358972,-2.63109613317,2.06165309179,-1.00880464251
1.91922867638,0.171154313543,0.692759734509,-0.314080637456,0.204719590897,2.15440145503,4.15620556961,-1.46334201575,-0.257937840115,1.99804853994,4.84223196716
-0.000104873478758,2.88050005319,-0.178521612638,0.0228537168496,0.497800558069,0.752903594981,2.66349358557,-1.16333270623,-0.115849079798,1.70533988489,-1.01308887762
0.102103184961,0.535151811433,-0.366711460991,-1.14002153055,1.1734492511,-0.646224488684,0.552704562369,0.325404371472,-0.516044919312,1.02285763782,0.308479468519
-1.13019638689,1.65356831059,-0.235540934634,-0.536217329051,1.06919362874,2.14477004713,7.30563037229,-0.397028768536,-0.141315406627,2.28155052589,-4.78578273963
0.523286225047,2.88630817456,-1.8847973805,0.197791081965,0.562232496941,0.480122290707,1.31534240384,-0.865672781064,-1.15581706444,1.27720801119,-2.09790150409
0.177362518968,1.89015967043,1.85663320659,-1.33005346018,2.13530378656,1.44136965124,2.62985931507,0.345285175514,-1.11251202426,1.41090625343,-0.128718007647
3.02932063861,3.93716563809,-0.427119342618,-0.972270780073,0.671400081196,-0.0623352420803,0.54456986758,-0.226971144336,0.701917970292,0.774888313801,3.22139840925
-0.608523796495,0.589093041796,-0.853385381112,-0.503812037133,1.77458740827,-0.949779617778,0.173845563003,-0.558896693646,-0.332929145621,2.27794686919,-3.19425949467
1.2725363307,1.53049119139,-0.845168588577,-1.36777452325,0.69689260356,0.460654658044,0.295863989763,-2.18431623486,1.68050777488,2.8130050776,1.64391607153
-1.06328186026,0.857702790157,-0.123233585997,-1.02826249796,0.814198506071,0.249097861376,2.57678353519,0.218445850581,-1.42679293547,0.342210679347,-2.70498893165
0.0165953648235,0.640994458651,-0.302408256791,-1.45625446235,2.77565350144,0.0840750232747,2.43834485197,0.307924944041,-1.17712695965,1.6189455549,-2.5035427452
0.883050924936,1.7731297924,1.10107313582,-1.41355173411,2.61886096702,-0.348065621529,0.0922617302589,1.9155717955,2.13802386436,2.3808415114,1.61675802089
0.704109737448,0.594482429156,1.71817994195,0.266312536048,1.50867858962,-0.0346391849541,0.295728505552,0.427850849376,0.0555480944574,0.0301458536944,3.16581038675
-1.44284865716,1.31373111924,2.81683275114,0.985374439649,2.14061589268,0.438980351523,0.417653837863,-1.20857549567,-0.0240471602544,1.54277324791,-0.571113189855
0.884052604833,1.50214280455,1.91959383479,0.756454239093,0.472540332638,1.22325397525,1.31858671606,0.168789807479,0.75153818426,0.522291090865,4.62780385047
-0.0748636383432,1.71002873686,0.111631085666,-0.403603204515,1.50480853361,-0.0716639414794,0.38331197263,-0.441643416387,-0.0237509878452,2.02866863849,-1.54604281333
-1.09071297568,1.05482992828,1.84241660592,-1.0420298509,1.97238569506,-0.789059921608,1.89088691811,1.25711338625,0.469245587524,1.41779104771,-1.70897087214
0.356154036947,0.342825582001,0.489476627342,1.19968147304,0.83327693189,1.74442655055,5.51662784406,-1.68533015002,-0.581128096657,1.55373624257,1.17551356489
0.402817653163,1.36353823299,0.232396803252,-0.0559912549152,3.89033393295,0.362638263487,0.320917585613,0.60254435084,0.267887440948,0.895726594783,-0.197184284778
-1.50137115424,0.836032344253,1.4436074497,0.913210529694,1.71462242671,-0.658808817805,1.01922837058,-0.434492480421,-2.20912269999,0.274357742069,-2.77754846255
-0.162005750701,0.274623498281,-0.446501651993,-1.66828939995,0.410370634411,0.164628796955,3.78797203238,0.0138912834941,0.802094795998,1.32436255741,-1.24492470426
1.70517732633,0.290418934001,-1.13355740723,0.123331042027,1.14771018684,-0.240139105266,1.83995393869,-2.04168748726,2.02788238735,1.15287994088,3.02105158458
-0.508816772136,1.27397115682,0.870413769097,3.87030137932,2.59779355078,0.485789934526,0.977625475722,-0.391264905307,-0.397029266308,0.146167919433,1.06248341915
0.97787621856,3.31889969491,1.11181906182,0.566935977816,2.27163310818,-1.179989705,0.9199439348,0.290545714166,0.582990799211,0.452453808849,0.785070272537
0.0396183921817,0.440630055373,-0.118259346609,-0.395034340565,1.19815660137,-1.1505857808,0.948476515587,-0.114204048263,-0.696468880824,2.16744059034,-0.802266858185
-1.4489188065,2.95576705342,-0.0507213683512,0.174680920032,0.304136059518,0.210939788533,0.58101415077,0.0482402498356,-0.835809625082,1.26899942145,-2.84034041987
1.75841792837,2.80040940224,0.113485222741,0.482260022343,2.17286335219,0.256961043547,0.187136539656,0.867565473606,-0.0574099150391,1.06300442165,1.7104734364
-0.370433287611,1.89783481923,2.03005708939,-1.70854830926,0.872634066623,-2.4346286884,0.099487195365,0.293596086697,0.550661383222,0.338346818063,-1.73712877574
-1.73555398389,0.231028282872,-0.177947156512,-4.21124274551,2.44033164829,-0.914540275243,0.500468185238,0.763261613732,2.79457345926,1.8587149042,-5.56417075095
-1.14779315186,0.934490236396,0.669608383886,0.169282631444,0.824315918539,0.959777729407,2.12618916397,3.11858092394,0.152916074194,1.65920582723,-0.606497906348
0.326693006854,1.61676593388,-0.0294357982571,-0.498644235616,0.442262544635,0.700054368147,0.540897063907,0.119424239697,-0.0773633941085,3.30991510535,0.694319340237
-0.0960512742707,2.66965143852,0.41425683409,-0.890951927276,2.97445518216,0.540244341352,0.755048628404,2.54693921122,2.39416616615,0.999986378737,-0.641162873417
0.279283447812,0.251296684256,-1.31554584325,1.32491731656,2.29126520488,-0.147161716465,2.64561543742,-0.694596809926,-0.380310283188,1.64476936995,-0.373677473293
-1.47385028596,1.69406459834,0.25889840666,-0.440148003905,1.37502057523,1.85784501285,1.81398758339,-2.16987850788,0.745450732343,2.20631242184,-3.12759188188
0.752060149703,2.8862672142,0.283243462507,-2.38530984061,1.79686295308,1.79092728825,0.503959904527,1.23834657884,-0.0467237084515,1.69249358938,-0.0985537515574
-0.504947530049,0.866564256972,0.102115913265,0.856058358588,1.57329406817,-0.43839714462,0.705180639706,0.490985554246,-1.85045987268,0.972782793732,-0.67611202132
0.653543843516,4.95573629224,0.444916158769,-0.580708927082,2.29145599776,-0.132975807729,0.738305554969,0.635427094143,0.822225577616,2.09909351626,0.0609161090478
0.378311718334,1.506414099,0.457698298548,0.328046699829,0.880992443476,0.334160968951,2.54284373731,-1.12810137064,0.637880560403,0.286655925243,0.86038855892
1.5203058686,0.305263031165,-0.204477801948,0.0711607084915,1.10145467448,0.136456212269,1.38440796092,1.70478536376,0.588291763888,0.462628141011,4.25403180865
1.17980455504,0.970733406541,-0.467989261632,-0.171077799043,0.745504098617,-0.691044294628,1.22709041043,0.920988002612,0.167938827739,1.68190551316,1.29904626054
-0.314217978216,1.79992114829,-0.835609076629,0.0247326413835,1.52408620198,0.384177255605,1.604065071,2.25071875309,0.0241049730906,1.03847325667,-1.65851252109
-1.24175690961,1.52775245922,1.79772475786,-0.602840857141,0.937972504096,1.7718150831,0.364907451574,1.94449188831,-0.468813242802,1.70692438886,-0.597168982072
0.342329459706,2.06096151167,-0.711098109789,-1.95921282287,0.847176223275,-1.56600683961,0.436112250162,-0.0549481471576,-0.563474868329,0.458932851539,-2.14034115394
-1.87213096254,0.163663249416,-1.19976094796,0.451103488682,1.74144548601,-0.743908833099,0.993891170859,0.835291767229,1.85931450162,1.63331563425,-3.19088324215
1.67443449757,0.458554476429,-0.422647493051,0.198454052796,1.47718072461,2.19662429891,0.234284659746,1.67543165992,-0.331905321651,2.37669680709,5.97031800827
-1.83527799752,0.772222710162,-1.03527986949,0.109005460711,2.63783454178,-0.847174472414,0.884272324159,-0.352366148605,-0.459277918364,0.226324664273,-5.09222395851
0.279821141082,0.552897266357,0.998848498541,-0.156567797954,2.07123476256,0.392291109113,1.69475501103,-0.169854737187,-1.01511134164,1.61749958543,0.978409357856
1.23380108056,1.23505560971,-1.59195446651,-1.02370970568,0.121041616742,-0.320505898289,1.26091760528,1.40494452514,0.377949296154,0.647423509052,0.820540633585
0.756034987005,0.317736371161,1.22095816364,-0.411483199303,2.17448624577,0.973652576704,0.754881206427,-0.428387534535,1.06998782921,2.15274445658,2.90747686027
-0.727265679022,12.6662343271,1.43630286844,-0.0320565546549,1.21094818732,0.468737574556,20.0523551067,-0.407618417332,-1.31037310087,1.4724549039,-3.37667618229
-0.857225778685,0.66455699165,-1.15813925227,0.0861727337129,2.80242055598,0.474138383603,0.247745141674,2.50935936113,-0.14732513518,1.42256555543,-1.96829846593
0.966338181837,3.38431613004,-0.179024856982,1.63450758345,0.851696575596,1.21318784202,0.969591251238,-2.32522791383,0.630987386298,1.83533584309,1.76994536357
0.0816174296584,4.85312093791,-0.667301346171,-0.961989743769,0.240562706767,0.279167149769,1.15776593211,-0.245358585931,-0.187689059758,0.12324982619,-1.14003452124
1.39203540043,0.732624919312,0.104086133436,-0.789543449412,1.65729140524,-0.166321824456,3.27712201886,0.0951366637889,0.129293458263,0.707756436669,2.00109741919
-0.420334369815,0.981393718581,-0.354377078668,-0.470630381969,1.57238784142,0.172677290549,2.12043181782,-0.197496026992,0.897687806936,1.6242526157,-2.03679083777
-0.135987153779,1.0616555771,2.10599327546,0.908274305359,1.03340385198,-1.36563023534,0.167468536309,0.565259149846,-0.0617537838635,1.14660006788,0.526073699434
0.804305109175,1.45579173242,0.364476972157,-0.161985558165,1.29298245798,0.293279955309,2.8345001633,0.537824832093,0.375383232621,2.94852508555,0.488785348037
-0.0294616641931,0.582549722642,2.06387235156,-0.616992502123,1.43552196574,-0.10565659459,0.988406910219,-1.74726091865,0.712211968551,0.956730205779,0.56418814148
-1.73030453403,5.11861637687,-0.582954747751,-0.351172319038,1.84131243014,-1.21886391328,7.99831986104,0.248652772425,1.73242901255,2.27996936286,-7.22118904594
-0.874013155844,1.08118050635,0.967496851877,0.640718745896,1.73174711835,0.13725109401,0.742353036263,1.08428224262,3.32239584688,1.46465334181,-0.0116919875559
-1.09635585489,0.243852525596,0.515433242984,-3.3004990159,1.48558257004,-0.253943588178,0.274240402748,-1.09710115558,-1.73942535623,3.24876434899,-3.6747607871
0.181289183072,1.21203738506,-1.28661057473,-1.91667502018,1.76025654329,0.990329279282,1.54929769591,-0.0183173256695,-0.850759065349,0.202409181091,-1.67494537575
-1.07481790307,0.530698539992,0.537461714557,-0.0373026106563,1.60530198833,0.372183575662,1.43639131008,-0.0394170629819,-2.19744915947,1.74455160162,-2.17870531317
0.163621636944,0.456928014555,1.41079720443,2.35567019609,2.01186974721,-2.0778311951,3.14147222407,-0.457055885526,-0.304969871494,1.9883552352,0.696742268763
1.42190388899,0.267599038152,0.527735509033,1.99525730064,2.4663946187,0.721086238445,1.32447560477,-1.19420293114,0.0233550740799,0.159677569212,4.78248153203
-1.31972109875,0.435929079091,0.877625570408,2.55682252001,2.2397255333,-0.0605080614717,8.11233265358,-0.677644164001,-0.404325866349,2.35549425074,-2.16924599485
0.894443178033,0.542623532192,-0.0678489740577,1.14216617965,1.67603433495,0.566589425555,0.157003939445,-1.55128345729,0.240033138868,0.936276135534,3.08174180106
0.920689333908,2.32823477098,-0.829223818353,0.327805878044,1.73075518248,-0.0759269557261,4.20270298194,0.833913819619,-0.0528264200848,3.34202746958,0.522442575982
0.191584977229,0.926465696283,-1.27759180068,0.672690733314,1.71394215403,0.585452108952,2.54650262744,1.81443616896,-0.711898989424,1.31300650639,-0.540241765467
-0.193293890953,0.303264782374,1.05666114875,0.984082009653,0.839049409953,-1.33386763454,1.88071607821,3.12429763148,-0.294588263207,1.5971224558,1.93618145891
-0.370311712459,0.689841729419,1.72167122699,0.109539429305,1.40886083212,0.237756587167,0.336550321097,0.493789205179,-3.49210283351,0.508647172233,0.687991411964
-0.603937391297,3.77277650584,-0.278010451147,0.588381040706,1.40867569291,0.321771009299,0.448962120222,0.916877374485,-1.10626753246,3.06143124579,-1.96750871136
-1.25110722708,3.40919302864,0.499693859459,-1.81246961075,1.48801770222,-0.388812215138,0.226549569551,0.254941318575,-0.578192091629,0.930570390847,-4.47422910995
-0.604515889265,1.60987271833,0.484381350605,0.547110907697,0.934999311855,0.719852142448,6.37111374638,0.917154798921,1.57251455529,1.57091478203,-1.82532346786
-0.117620724759,1.20142575774,-0.612307720093,1.97612640733,1.44774720183,-0.136060758458,1.15419361549,0.851226525594,0.475814167297,0.407769598224,0.729273095195
-1.10213559197,0.343247284986,-1.74369849253,0.35012116743,1.91931941006,0.111941500401,1.44996555741,-1.80390083616,0.168302397092,2.32120418724,-4.0977701661
0.269304463829,0.899844410114,-0.661208757869,1.75510605976,3.31332555032,-0.518363892805,1.21764009151,0.766554030883,1.36510672531,1.73314899402,0.291178775519
0.274516781324,1.74397174625,0.531817095748,0.607749777365,2.4165254808,-1.37595357375,2.98602837169,-0.359458347623,-1.45030097747,1.78089664362,-1.0466816849
-2.17569674581,4.20530948164,0.898479300593,0.70412423497,2.20338287117,0.0757548162054,0.631291506502,1.18245301808,-0.399962750974,1.23618956019,-4.59591150755
-1.84948944322,1.53144895434,-0.0247755851252,-0.165257551128,1.12061893033,-0.918048002065,2.44195012222,-0.0186934454049,-0.692366241946,2.49652115946,-4.86386888244
-0.0933876469816,1.04500160971,1.04077970627,-1.80399291072,2.00437561072,-0.638310343344,0.626450284061,0.501228003372,-0.0181246792909,1.23333362151,-1.16140346227
-0.124112033649,0.652712354174,2.31775155708,0.759313839987,1.7204683138,2.69380035619,0.270056787739,2.32011401916,1.01794875712,1.55295565127,3.90324966391
-0.244405707184,1.34806873915,1.41059510468,-0.0792734871963,1.61262460752,0.921463903695,1.09780330165,-0.944528027008,-1.25531678722,2.54485975831,-0.801509173657
-1.00838306773,0.59209877023,1.11822163995,0.0581348942022,0.712482500624,-0.566600342423,2.91694311133,-0.165077579924,1.00426677814,0.983913600517,-0.93082177611
0.831204842389,0.694858689971,0.772814064254,-0.075903131777,1.222399415,-0.122044370562,0.471858898102,-1.05734350813,0.631396568036,1.16286586164,3.02943329074
-2.14946901244,0.37892319578,-0.399513098913,-0.27947001233,1.37430985333,-0.180243944754,0.337634421568,0.764877806065,-1.59878568492,1.23558098152,-4.1658980172
-1.06204945123,1.77044143449,-2.02071871412,2.16440846803,0.281607836934,-1.11478895465,1.3752279214,-0.0536161291678,0.267610353537,2.2602140159,-3.60825087794
0.614488012497,0.85935688559,-0.330705127276,1.21868513309,2.4460246951,-1.46950895937,0.480313914799,-0.800280454436,-1.75581708982,0.781676536214,0.0532331648769
0.701060735699,0.919545331084,-1.86457051701,-1.02626544518,2.60013529517,-0.412413955899,0.553791488892,1.4626578312,0.28842860525,3.66359230584,-1.28491279101
-0.229116172434,2.00025432639,0.560000075284,-0.0276156199698,2.0674703455,-0.233754810153,0.613441597915,-1.2939378604,0.968602882275,0.721464354507,-1.15728435044
1.45400893219,2.09855376188,1.84594695007,0.0590697015987,2.05817974783,1.77334025164,1.17956997267,0.537305308501,-1.45821075693,0.965449471525,3.79554053318
-1.2057402508,4.82309229108,-0.302638336964,-3.96515254549,0.769981342837,-0.389225467699,0.30774133091,0.729987519561,0.442850706729,1.76189468043,-4.9966736219
0.578600858137,5.86451655832,5.57577977195,0.147167061498,1.23401999188,-0.123946742062,0.183010289417,0.638642354505,1.5742475767,0.528453123282,5.12052611141
-1.15750299454,2.01988464652,0.864475254522,-0.636211924593,2.13290693598,0.266289348219,0.497990258399,1.20347087829,-1.58692844641,0.962928708078,-3.11684189483
-0.436496722601,0.65911998165,-0.898922488059,-0.906796617919,0.786121679826,0.417361681898,0.755276742336,0.528045254014,2.05227079565,1.35624592408,-0.0770690144862
1.26143774252,5.810739633,-0.756545840449,-0.443623995807,0.921939157585,0.251873257368,0.24761601313,0.558929678075,-1.65982847022,2.04489449067,1.84438920235
0.689097968872,0.374713404641,-1.04840114371,0.0862758587408,1.39526385208,0.44979498646,0.891621321006,-0.783771132035,-1.07819770001,3.07794012939,1.60191435928
0.957316198815,0.407674219075,1.14836107906,0.180090517981,2.07384558338,-0.700635629136,1.78661580025,-0.759725681483,0.379252933774,0.197135263101,2.28485138945
-0.185074654053,0.596872618247,2.15208881557,-0.622021033358,1.33675679127,1.06699588203,0.997428937037,-0.778061554015,2.47476173047,0.980435463144,1.13852929136
0.0577373147019,0.47875088185,-1.36493327471,-1.13859407351,1.92230525131,-0.872931183187,1.87322200379,-0.183670744877,-3.87234136817,1.15171936133,-3.20303729746
-1.64921972632,0.416285477328,4.41328083764,-0.675717573978,1.00781814989,-0.236871405117,5.16152886463,-0.919398112637,-3.81101565736,3.28722877725,-2.6952461951
0.533476294016,0.717958441705,-1.96680807697,-0.0453817990648,0.163059705364,-1.35148329349,0.473257046665,0.0356604513968,0.584932914514,0.321353170951,0.592983945585
1.44163453949,0.349024817497,2.6829813271,-0.569196062991,1.9784040146,-1.2203451199,1.3995797121,-0.951692355343,0.0632480015976,1.48169368322,3.64813430992
0.182828083322,1.23532484785,-0.588275148024,-1.66292347426,0.377437534442,-0.428502615459,1.38593449071,-0.987178896385,0.58746040597,2.38704897561,-1.50400331375
-1.08235480725,6.19290364597,0.405236512226,1.20683906012,2.01562107835,-0.00384697503065,2.48105837342,-0.119369835475,-2.62508917437,1.79311848609,-2.55929243652
0.798474723892,0.233935506717,-0.780987883351,-0.0766125717364,0.577081463278,0.592730925351,0.390241026116,0.464860515048,-4.72653728086,2.0684145342,1.42502498568
-1.04443449859,0.684078480677,0.59396442835,-0.660774075036,1.61018976616,0.658420565828,0.102700011239,0.944560593859,-1.11867022037,0.141762875875,-0.990236394803
-0.91493029728,4.0120466817,-1.18240356829,3.44051115604,0.804974901626,-1.01843123809,1.50088104496,1.26066002323,-1.96090933565,0.753969834666,-2.17701544095
-0.189802335361,1.65768403199,-1.08207573571,0.190596123545,0.158592178197,-0.408122535608,0.330884465897,3.39119891732,0.562717269475,1.89116122314,-0.641553409911
0.0645493540774,0.375002141583,-2.33299203749,-0.96469229691,0.554280654875,0.293107843926,0.73241840623,0.856388118223,-0.116373542548,1.53969569726,-0.74646615511
0.65166976776,0.809693796779,0.374795134525,1.59134455262,0.775914771926,-0.881124741107,0.360111375455,0.564827174569,0.462968784223,0.699611007423,2.82098730263
0.790394349804,1.58512766385,3.44885545078,0.805863183352,0.56337856296,-2.0345826798,1.39441159965,2.14097275579,0.849636036111,1.7235041781,4.1074499167
0.733160954322,3.01757042425,-0.493923364918,1.24940990858,1.22664103886,-0.491200820229,0.958944249068,-0.385388304836,0.44164054778,2.00417733456,1.14744640756
-0.761362781236,1.04449906702,1.12189631166,1.11969813329,1.16969492765,0.798433855264,1.76026507181,0.765631757616,-0.248967568433,1.54955773727,0.575249840564
0.795145097553,0.206395931537,1.86222599054,-0.375993410745,0.536901363438,0.136804512603,1.73787749975,0.602622469721,-0.191269736561,1.55114398282,3.49647061626
-0.609622973469,1.94939747194,1.91877270299,-0.963527118517,1.40357758528,0.734537833961,3.95714100672,-0.42643642998,0.441824495169,0.913491811738,-1.72982200053
-0.665643719471,0.582594963158,-0.601648833065,-1.41121571506,0.246509235911,1.80206325751,3.39130568533,-0.847866388862,0.628581096746,1.86511161113,-2.02674022423
1.35634028987,2.12363057427,-0.407402487455,1.92587059961,3.27033330038,0.898366368811,0.98137257757,-0.207017736861,-0.0967804371943,0.31721414955,1.27981477537
1.48767280396,0.179349027639,1.78160058142,-1.07570155112,1.48024169836,0.26086115578,1.93354351786,-0.266852435906,-0.171345887394,2.13901515616,4.68859887525
-1.72310673357,1.16168726239,1.94788457229,3.20504057719,2.26598019467,-0.851014214126,2.1305304411,0.572255466622,0.125087185482,0.533274861468,-0.989631984277
-0.603758850641,0.248981266951,0.0283435112716,1.20549745368,0.345083547069,0.200960274545,0.288965853451,-1.23466984572,0.477795673472,2.2200411864,0.0425953063414
0.761746351868,3.71921231788,-0.466965837358,0.537040427423,1.77737061262,-0.672205765067,1.60738712158,-0.798346808808,-2.1316042492,0.251197387611,-1.16129902182
1.14251141831,4.60480580682,0.581642557714,-0.10921001722,1.03150023024,-0.752716846215,0.307850134794,-0.0463358251127,0.248253937027,2.90106718785,1.72454436435
-0.768417762219,0.348226818492,-0.226109004636,-2.25122632067,1.6709289298,-0.859855946898,2.45377679909,1.18167482517,-0.719387363966,0.49161805976,-3.15921577204
-1.51773665188,1.04163774355,-1.02461257441,-0.107617311716,1.15831795242,0.0807281724699,1.15858757456,0.866030652744,-0.743674448361,1.82387859663,-3.55101201028
0.613878000331,0.492911288824,1.54703518007,0.280113041384,0.378178373371,-0.721461654418,0.832275381254,-1.47037891241,-0.994626084501,1.90740274559,2.57702473301
0.574322555486,1.56464581989,-4.02765633638,-0.205530319529,0.235337494078,0.926831576118,0.475769147921,2.40061067742,0.123986449916,0.867415573072,-1.02209690516
-0.670498174811,0.233950930065,-0.476544140089,0.912979510709,0.931339003819,0.223463922267,2.2631992433,-0.281181773251,-1.07409492472,2.00408757108,-1.06152867119
0.871588607655,0.447823542376,-0.199596083719,0.502257941632,0.652616696491,1.57996402097,2.21460964048,-0.0636587344804,-0.179317105883,1.46347161753,3.09659961148
0.927075354237,0.858900558765,-0.423144984426,0.147729007431,2.12288839897,0.280773775458,0.35585229045,0.47946272182,-0.804300688146,2.14601062458,1.17387083035
0.83879855727,0.262463435084,0.00719222147948,1.95073850847,2.90299163756,-0.593266312085,0.216451347255,1.91788619121,-0.047137336094,0.726744111613,3.14521314684
-0.856705437725,2.95978687981,1.31880951538,1.82523079911,2.0002329206,-0.823103763027,0.812479059429,-0.0739981315908,-2.03262554372,1.04218650674,-3.03439417583
0.511654205114,0.688786607437,0.991780921527,0.217311728207,0.699558059639,0.751727181332,0.873293216671,0.43577636545,-2.79796694952,0.799275816481,1.9395260556
0.872019026986,1.60617151849,0.0329373099059,4.19227151093,1.40461162556,1.03526564354,0.719205073156,0.44991800649,0.874914251788,2.47974796763,3.95949103896
1.07691430517,0.894111344132,-0.284821977671,-0.683091313187,0.906621789616,-0.108703314766,2.91132126913,-1.05636556092,0.800123056015,0.628894414717,0.822491958811
-0.27533043127,0.159683654253,-1.90054469981,-0.877284962059,1.87554467884,0.3701395949,0.677689848482,4.63523091922,-0.246236416099,0.739452580769,-0.22768029263
0.583826979264,1.14151887553,-1.25567326172,-2.44273818131,2.14650170898,-1.67834020001,0.620891201795,-2.57521013609,0.143362934556,0.85272668709,-3.65315899522
-0.632264594418,0.975922926071,-0.412040352852,-0.968601365139,1.57369842256,-0.87230301907,1.12210843785,-0.587547048268,2.01398996277,1.42271376552,-3.01854443721
-0.938516278995,0.1440205017,1.10243236729,0.202977677928,0.375169392492,-0.0447121943431,0.609948060576,1.0113909714,-0.0684932963944,2.61393434028,0.644876308957
-0.391616699223,3.09448538863,1.23332028933,-0.11764787953,1.26218312074,-0.140345746365,2.60851731115,-1.1225215207,-0.388339626993,0.812266257547,-2.44646339496
1.36431007242,0.583023656245,-0.72848133163,0.236744773172,3.09194498411,0.516524461977,1.61272611415,0.0513753495993,0.187451885798,2.26247040033,1.31509977537
-0.289972060008,3.60331827816,-0.948708747454,0.803610289183,0.665377845513,0.130662542941,2.53637028633,3.09921471381,0.643048247011,1.00573852886,-0.763643719247
0.0655126329386,2.75683619444,0.844798932973,0.532568354984,0.929988860552,0.103146263815,0.458018899042,-0.494889317384,0.627656420888,1.29557246842,0.168450296643
1.07180625737,2.51520895086,1.90176031208,-1.0054897921,0.573209650545,-2.17650268976,0.986981594301,-0.610465911957,1.12529762799,1.98839298956,0.17588264819
-0.806407817627,1.56916693106,-3.27814114111,-2.24898611005,2.10135273485,0.434210711759,3.03304270991,0.0379851311481,0.0473389811333,1.70074903879,-6.96634457766
0.471755005166,0.53197547795,0.194036702004,0.0175290715344,1.14460595635,-0.221696191469,0.563564004712,3.26223281334,-1.99337742978,1.7035282386,2.06420424706
0.048101412376,0.591914665403,0.448435123173,-0.519089000951,1.16802903993,-0.0244658010914,0.481946405405,0.723238489549,1.1850928461,2.72966869107,1.15029775855
1.23582939748,0.295933360353,-0.0113062317553,-0.195019193025,0.986350371005,0.674679004054,1.16512980106,0.512949865424,0.203482254145,1.6726468585,3.19739706454
0.786577358326,0.623588785206,6.7764579097,-0.420162648779,0.336588875779,-1.03689213657,5.35960368652,1.4802798107,1.76129948673,1.95244007655,5.63353537275
0.839002247508,1.97717085965,-1.22813672161,0.259515289847,2.74851561911,-1.18045440442,4.83731187612,0.501051051677,0.140882328274,1.68489320973,-2.46649972654
0.0897211213414,10.5638964392,-0.55874260809,1.81213677571,0.826513570043,0.914342093924,0.441062163927,-2.73482544041,2.73088314677,0.930034248712,1.65910080569
0.0845786219206,0.469297351427,0.0402836404894,1.88721713732,0.0783733992642,1.01319920058,1.20876169443,-1.09571284403,1.37866494169,2.46041863393,2.35988620569
1.42752531554,0.430697134446,0.1533208125,-0.259779796437,1.5041132246,-2.14311864656,1.96136033373,0.435070688833,-0.721284291701,0.957648967172,1.60696966068
0.670881343878,0.580486266215,-0.584224096972,2.38900790059,0.884177828262,0.619737839165,0.434681499485,0.778255984286,1.53210382823,1.76970730607,4.60894807127
-0.772012355579,0.914964031214,0.320713116895,0.187870698226,2.01145140112,-0.195498395448,2.48480283853,0.555915704057,-1.78217989016,0.808119288119,-1.91215862401
0.422243186751,1.19549983224,0.713988607607,0.561867113982,1.81160967208,-0.382824586438,0.825148949737,1.12626291393,-0.370362327047,1.34597297004,0.327012146138
-0.940590401052,1.04613721006,-1.22246246548,3.01365876429,0.593640858798,0.394812828078,0.3092388268,0.762471899089,0.860490540283,0.45673035224,-0.572689969075
0.983975315026,1.42856526807,0.0261776987712,2.52407252147,0.743244777019,-0.435945918775,0.760359392909,-4.15368122889,-0.203698549671,2.54748897435,2.49180420819
1.49815767907,2.7894025585,-1.33322442497,1.84422764533,1.58050272588,0.547836275394,1.26685681597,0.830144345197,0.217245058708,1.52009801108,1.9706697043
-1.32625135483,0.686178154794,1.2477919189,0.304312493246,1.45265356271,-0.10869982083,1.85845688367,2.4177771228,-0.651964988731,2.96459809883,-2.44388224238
-0.542344374986,0.398416402867,-14.750716036,-2.88968659384,1.89122746207,0.0541446062796,0.667271657574,0.160375115781,-0.158595106627,0.849837890391,-6.2796247712
1.07138485417,0.676574393213,0.0506870956903,-0.136158022226,1.25422620475,-0.857382096073,0.544164911009,1.57055556726,-0.155027983917,3.40679298323,2.04651297771
0.360816006481,0.295345318362,-1.24420701649,-1.5944542194,1.70146134442,-1.44808618135,0.257959560549,0.0882274836072,0.57516653332,1.01657089997,-0.190172944195
-0.386468768381,0.283025332591,0.926342282618,0.547271869337,2.00993585391,-1.45871663738,1.03657381069,0.20331208457,1.42069863945,0.531101656979,1.28682942965
-0.00991690734684,8.93646499471,0.133506365471,0.133584239523,1.45527577504,-0.783114332696,0.699148736398,0.973288804017,0.677925617294,1.76898981777,-0.362555006626
0.164558527738,0.24731665912,-3.74099539677,0.920622508823,0.781564840938,2.1185418996,1.80235830018,-0.535265171006,-0.81030939113,0.529452005064,-0.0701953517646
-0.147809107243,0.94982800451,6.74962288752,-0.0139440002659,2.64282817187,-0.127046243763,1.56114353478,-0.891402987494,0.165698316788,0.66452173316,3.29994785733
-0.447923151688,2.57473433669,-0.626814819917,0.112743669528,2.17352436817,-1.22530352529,1.48788938784,-5.31381886972,0.107651862094,1.94805417696,-5.43014149146
0.796591495852,2.30464094939,-0.34337707413,-0.917427739547,1.19622516857,0.0614370117878,0.562085629218,1.63494764779,0.225180398042,1.18615308591,0.0891828522021
1.03664626195,0.863106294678,-0.60576213302,-0.269157824035,0.250877888692,-1.40858991429,2.2662541481,-2.15501522569,-0.174578523774,1.29171526337,0.17820946297
0.0198079391576,1.58643420896,-0.89739285729,0.545426229852,1.17608019303,0.356018023683,2.02298328188,-2.18137526963,-0.617732755599,0.580137005606,-1.06857614492
0.128762338074,0.55189351534,-0.267609263201,-2.66989907402,1.23048242896,-0.232515138989,0.97049189901,-0.0488726108226,0.149614382034,0.703656906783,-0.105048163276
1.51497134229,0.891025073561,0.726579842034,0.125849527675,1.48413556202,-0.478108636562,0.372214559579,-0.397321155943,2.43643542934,1.74909208042,4.22546884666
0.326204045079,0.156725388448,-1.18500397706,1.35520330138,2.0630240876,-1.96047833328,0.157210785236,1.8915690889,0.610036237638,1.58180905684,0.441681006143
-0.805186582052,1.60832545724,-0.337000156736,1.43166999849,0.17391379959,0.641856847174,2.08859870797,0.403880306925,0.094747604164,1.32487298747,-1.47555774542
-0.216732958852,0.672583077735,0.857821122477,1.30706517096,2.60831268206,-0.492750340872,2.35407802029,-1.94829704492,0.857163361838,0.991664655333,0.0800763699126
0.872744986482,0.820570239384,-1.15930704882,-1.13560396528,0.654539629522,1.98263124216,0.521175814627,-1.40654021777,-0.678642959621,1.86087578693,1.69392311979
-0.440426390004,1.42262040719,-0.414875489558,-0.977644344225,0.350403789638,-0.109092765924,1.71115872717,0.315806702023,-0.716954810628,0.526654983254,-1.94571523268
-0.407188705221,2.88903227666,-1.72156580843,-0.0307733580825,0.488462599307,-1.53151329463,0.306329218073,-0.964550451156,-0.944123748369,1.40032659263,-3.79226500608
0.679760592003,2.16889047933,5.08834449353,-1.2673861863,0.263812970353,-1.00187657793,0.24122019711,0.808438092902,-0.0609245967754,1.4733204105,4.13567044418
-1.70010785589,0.296488587654,-0.273036106884,-0.373982818817,0.954181691072,0.949745031828,0.46973813456,0.754037620294,0.355569875331,1.45503003546,-1.64130548547
-0.387777954706,3.94904775327,0.0587270695338,3.42320623048,0.570574775193,-0.805416879361,1.91921858643,0.992162592358,0.340082060963,0.53520282082,0.0426977667894
1.00732224584,0.177603774689,0.969763255573,0.0148604933465,1.92486218804,-0.0747354963236,1.06640662957,-0.26392668684,-0.0631581268722,1.77438849786,2.86329723149
1.55725767258,0.812044404394,1.79542676722,1.5790033263,3.11812903231,-0.472757740657,2.5808182106,1.15434591148,0.146858264781,1.26055933409,3.92294218457
0.114007280493,0.628805723994,0.245253074333,-1.33371741465,1.16277929921,-0.30754371567,0.780768205753,0.0579462797755,-1.38517661288,3.07186704858,0.274517916838
-1.9672026148,0.447744283574,0.133956774942,3.81027974121,0.635586965587,-0.0640757052459,0.5723656003,2.77253398294,1.9620183532,0.974189393267,0.748214872888
-0.540521849312,1.01947627184,2.69329400658,-0.180318315791,0.846098476855,1.2318323029,2.10970037748,1.21999303216,0.633646577649,2.4003480203,1.87644866078
1.21992385984,0.801517019433,0.21113579609,1.46373254266,0.620852191533,0.264597198839,1.57682359327,-0.876823527676,1.15141077811,0.842496616431,4.17844425293
-0.223126692783,0.446428049628,0.742309790835,0.885152038776,2.31784683226,0.806725168089,1.9822890692,5.86658885336,0.398110024532,1.31704272013,2.1688212976
-1.7399045708,3.58601032317,-0.641774111632,-1.95155926598,1.36268567219,0.000845516948157,0.647182796921,1.46618166319,0.517647624686,1.562304537,-5.58370476933
0.527021165568,2.43998120281,0.975390665957,1.16347712244,0.185795468239,1.05469941756,0.632167934476,0.425060930408,0.0642776310159,2.33768406426,2.07843758649
-1.50915063868,0.953181680767,-0.67589202598,-0.190300727855,1.34631872433,-0.577593238913,1.96122859419,-2.17835568283,-0.745361692388,0.525021129109,-3.76987741095
-0.0791498757914,0.96782219853,-1.07677745574,-0.324512664824,3.20971783743,-1.33323148789,0.165196336563,0.148786551826,-0.390392090544,0.843998710226,-2.63645941092
1.44135599221,0.73585397521,-1.23047464926,-0.560188345956,0.635018075753,0.40967232569,0.709070495433,0.671283803622,1.12383077127,1.72838243173,3.65882632516
-0.450940995157,0.546110777423,0.166380029144,-1.16109955445,0.0874324572025,1.37900179743,0.775511705491,-0.868186643828,0.34542894991,1.43729022903,0.937399060481
-0.430246697872,1.31911025314,0.856884212208,-0.0463819827725,1.50846061153,0.965429865301,0.82406487904,0.556791932484,0.114451103383,2.75614374112,-0.329686357763
1.32971115131,2.72925409441,-0.553986055007,1.5174765958,1.37306037603,0.762268622601,0.286134962375,-2.22273624848,0.32267715592,2.93539059268,1.45120416735
-0.532353918901,0.440762272836,-0.197048474809,0.253366182442,2.51259307767,-0.390775646256,1.43604981417,-0.0638743686388,0.800526585443,0.345403873526,-1.04742047405
-0.909597930076,0.467475508321,-0.846288477304,0.219885633127,2.1529660589,-2.33233638297,2.11681784096,-0.182937471344,1.11112232542,1.64486504954,-3.92212226593
1.10343332785,0.317732558452,0.885563405433,-1.65335512706,0.493391180974,0.454078558463,1.70890127065,-4.96761951075,0.286786962351,1.46090444475,1.9747230682
-1.69419721363,0.849456790727,0.121678370948,0.853127073753,2.99629722085,0.374050911618,1.07309191848,-3.91696706809,0.374751459996,1.2259230635,-3.35536192565
2.01368928846,0.886818108301,-1.40365911447,-1.18680115837,1.5437150822,-2.39282852951,0.568800123026,1.95542183854,0.745459745289,0.810764887327,1.9914913858
-0.272087402105,0.121087666291,-0.0515176882405,-1.04003940116,0.918948119848,0.45359654222,0.453296349091,1.48695110753,0.339128293386,2.19723767416,0.23549562348
0.835366804364,0.308282303173,-1.48336551088,-0.326459190578,2.00028441056,0.762003624881,0.501214128683,0.51989190043,0.262308342929,0.808673684154,1.83468309888
1.05734644412,4.39121207776,0.398504195914,-1.80681673168,3.67688868617,-1.55756829743,0.468036321087,-0.975894111082,-0.850710448056,0.5530945614,-2.272079743
0.622336059136,0.243890403795,-0.385173538685,-0.967941354319,1.32945825356,-0.668502699505,0.781183808618,-1.49132890026,-0.362119970465,1.67895716589,0.300855488255
-0.907375387113,0.965994131341,-1.28203044928,-0.102557090652,1.63671040955,-0.148731393618,3.14603614356,-0.87557425921,1.15545105317,1.77704630449,-4.12451664304
0.45451748331,0.805888569985,5.67606295143,0.289442698898,0.265875912067,-0.0160178430219,1.47970213777,-0.843473216665,1.25886140251,1.89119556722,6.22334345033
0.374496710419,1.02272574522,0.570327695538,1.53743096171,0.761328047807,0.419287167715,0.924148029582,-1.09784786684,2.79499271875,0.407167145038,2.80166429574
0.519528566633,2.82723825144,0.885362049738,-0.428568588601,0.651351811926,0.9242543237,1.71188282161,1.36352248254,1.17327245596,1.56262803557,1.40848981566
0.0178005721447,0.149616939855,-1.61461816037,0.0241875406647,1.59608170179,0.414344760614,0.448873260513,-0.0545407963554,0.463742855501,1.71385130741,-0.101899129783
-0.227127397507,1.18069781696,0.320142274064,-0.851977300038,2.59341396559,0.683612950272,1.4650214729,-1.44746537886,1.17126219976,1.54022642754,-1.59861624313
-0.147513607612,0.57154766837,0.294841347763,0.214332272153,0.780597040372,1.40324870036,1.66894659115,0.676652212833,0.18465981344,1.32625858655,1.60823555767
1.69727525352,3.12959795458,0.00151274418111,0.993159645314,1.67498635514,1.04807264521,0.952101585259,0.473318489504,2.34427369938,1.91010598438,3.24967645049
-0.058398546441,1.29651082512,3.76879043693,-0.764659886827,0.543874847385,-1.09560462834,1.05169782937,2.53627720989,-0.132181176226,1.06437863882,3.38509392326
-0.921248759078,2.12554890129,0.616446906599,-1.97440402395,3.18948455438,1.82038208204,0.249025196855,1.04363389751,0.197164174564,1.93879734185,-3.57009643438
1.01588950728,0.625040487405,-1.56890878744,-0.553405739754,3.64698216096,-0.4259662908,0.626044151449,0.520611024834,0.957641353584,2.18577860241,-0.258969789151
0.943115272341,0.146401319656,-0.628887240629,-0.936353864126,0.890729174038,-1.09798978059,0.304084203948,-3.29488279122,1.36504901526,1.27778180642,2.18542232982
-0.314436643225,0.983529619003,-0.741113230571,-0.380626120958,1.2185642192,0.237716922146,2.45550920162,0.53116917693,0.690998027263,0.530891210349,-0.495940537778
-0.621703756814,0.796197573005,1.15232816298,0.151794911545,1.56964615012,0.58865749635,2.03560013409,0.0744905737053,0.289134452236,0.497689786424,-0.248143432863
-0.119620759886,1.48257353684,-0.4731814493,0.0479678919117,2.4072559487,-2.11756332939,2.7467146161,-0.684525022397,2.03111323299,2.00689300602,-2.76178247544
-1.18046873769,3.88453079526,1.38784509615,1.26301210224,3.13127437417,-0.928929381089,2.78917908764,-0.499655066297,0.538032875374,2.55781635535,-3.6664511549
0.513782561576,0.579978803961,0.558811913758,-1.02836580987,1.49078753406,-0.533170991992,1.57807789452,1.06339144167,5.47881931643,1.24124576171,1.31020694558
1.79709698468,1.97950726822,0.136821084799,-0.447662373582,3.13973291529,1.45379803102,0.321634869223,-0.704605875265,-0.702034504007,0.37501770808,1.96089425541
1.24971213299,1.35889525112,-0.0976757089569,-1.99347196382,1.24911654369,0.296768002596,0.245253625679,-0.687638039788,1.02528359384,0.660214903375,2.01183544954
0.526933898007,0.38211173593,-0.278681642715,0.84242613692,1.91979221281,0.0938504583796,0.14894256468,0.304410849912,-2.68950608006,1.06957214144,1.15258983513
-0.587903450153,1.10274805211,0.101669528837,1.56646156881,0.466249152739,-0.296189912449,0.391720251354,1.24221691156,1.57895712932,1.47830660671,0.267098659807
-1.13042449874,0.41540435679,0.711420583013,0.791006780839,0.230771051003,-1.39625782322,2.00657020594,-1.09214235077,1.60244113207,0.274384726307,-0.759067996718
-0.557272649103,0.908690880803,2.32438283142,-0.396988454108,1.11916902877,0.00461390260502,0.148148997461,1.07902417536,-0.489408867496,1.33291390475,0.656545624309
0.607449677917,0.293500076239,2.00145692317,1.64065141558,0.225809803357,-1.27825946167,1.57046681343,2.52008146108,-3.16192138268,0.385382257832,4.77680284039
-0.605325839975,0.725026813036,0.35780948105,-2.05331228298,1.95609831816,-0.215635389148,0.868070039074,1.32065918885,-0.235879654825,2.24045688571,-2.35620190958
-0.843730309956,0.489194236592,-3.68798059601,0.546957812475,0.37440282979,-0.499872860572,0.151473322116,1.08245410355,0.516841952189,1.44605729518,-3.10794224637
-0.204619757719,0.268609926246,0.272610036753,-2.56254690241,1.09075485444,0.753227496072,2.84971056893,-0.770693140725,0.159633848059,1.64352932585,-0.964913260579
0.405692576527,0.209598790734,-0.175445103121,-0.392657083929,1.09178747581,0.947311590722,0.36714537622,1.44640046933,1.3037916405,1.18708518705,2.52095498527
-0.201404613986,2.71543071546,-2.20008478733,-5.9683715541,1.21063258078,-1.0175204967,0.537402470931,-0.502708308733,-0.124996492631,0.852325450697,-6.20586738194
1.21716513496,1.21526471461,-0.965057677762,-1.75246713012,1.95368626699,-1.73444243361,0.957425128508,-0.458850534473,0.0768661590359,0.927688332566,-0.799236799196
1.41982294227,0.0797284000694,-0.218734249154,-0.73761985868,2.41298394733,0.625546986304,2.1275236141,0.132735005878,-0.334037701076,2.2516196062,2.12809217147
0.143648088643,0.50116063346,-0.416588297075,0.450090268094,1.28554424433,-0.653406466748,1.91171854691,-2.22456415422,-0.598998501215,0.300333237988,-1.06206962456
0.500684213568,1.30308783528,-0.0638866896932,-1.16570425511,0.480374725426,-1.60346590911,1.31214555482,2.16616210391,1.52495587858,1.26660217622,0.741696495973
-1.29702872027,0.648046451879,1.00762979078,0.311200036729,1.47284087162,-0.0336836364413,2.7885462148,-1.10089010145,0.128855252647,0.280347569439,-1.85255468199
3.06094127628,5.37636617374,-1.43244861571,-1.86709553456,0.463683290599,1.37880562148,0.482926288764,-0.257035790317,-0.90033399574,0.310772775447,2.94114757404
-0.460411111983,1.8753734631,-0.491666200748,1.59729186541,0.96017786147,-1.10208095287,1.34938205073,-1.30886897022,2.44960638987,1.98115305452,-1.60912526792
-0.348556091978,0.492743269214,1.6911463824,-0.919955315426,2.40802242858,0.0257122611288,0.773126067143,0.626107321455,-0.237713505274,2.35348844529,-0.209960178189
-0.0598784406445,1.24615501632,0.473001202249,0.820030956607,1.30702840251,0.40371563512,0.960690205534,-2.18818931656,0.0703297280077,1.17952669718,-0.174822988008
0.989420901133,2.38623311909,0.338159130108,2.09728964112,1.21179321277,-0.57652736374,0.579945926639,-5.52590516804,-3.2662892971,1.31090128282,1.00085839836
-0.709534390708,2.13016392576,-1.17482482384,0.745380795845,0.906104733484,-1.14188184636,2.96730770065,-0.781978358999,0.271058186868,3.18075378059,-3.60638579629
0.542925980766,0.458087562939,0.846096383967,-0.110444536906,2.65516327977,1.62786413151,1.18190801344,2.17644884614,2.18662080441,0.868927416621,2.79215534662
-1.59281805555,1.02593240727,2.47025440492,-0.678224707343,1.28751808645,-0.22188982105,0.823142083461,2.69532250216,-2.83753259886,0.302672926734,-1.79142486221
1.55984873448,1.26305083944,1.99363372585,-0.276401764812,2.37408682086,-0.316175745753,0.3014862465,0.827935949767,-3.57027558341,1.13184064795,3.22814177333
0.578499936806,4.1538726787,3.00750089142,1.27653504275,3.20707767596,0.401589680109,1.20193451069,-0.713606594971,-2.14167623692,1.38055555197,1.5975587678
0.574538135118,0.188024944929,-0.212575211401,-4.18972796292,2.69792122722,1.0769378482,1.84805864407,-0.18234569397,-0.942094593278,0.200315091189,-0.545933690173
-0.833096912389,2.24942123024,-0.102271498472,0.974880035425,0.654986160596,-1.69629351003,1.10406321768,0.465852331924,-0.814483224257,2.90147989621,-2.59555035248
0.529761860958,0.173899460181,0.232471967863,0.253239736887,1.36288438345,1.35141047826,1.04643930428,2.08243906865,0.601077159671,0.421518697035,3.84255501051
-0.04896386857,1.94264839972,0.275952755935,-0.17804362509,1.56329409779,-1.59527586991,0.332634386809,-0.660529329337,0.0746704257881,0.849122532843,-1.92814983188
0.0823496574305,0.820938590864,1.73949806494,-0.627525219386,1.73902532497,0.224993238178,0.555479607785,-2.08177625408,1.78850058657,1.21312344314,0.780880846275
-1.0479355159,0.144817026358,-2.5063955735,1.31545203898,1.8996749041,-0.749364323265,0.317498726943,0.85351657759,1.44771783659,1.96577454071,-2.80178545915
-0.582461297573,0.255966491432,1.83781785262,0.253702404425,0.223507073272,-1.36509258565,0.411744394276,-0.0750198467831,1.04613157986,1.31347912442,0.860666070458
-2.36312067697,1.77291378263,-0.0788451513722,0.530599397646,0.24364601343,-0.052268532408,1.04695182716,1.50648686947,-0.954016140437,2.71141040166,-4.96338127721
-0.23663663406,0.366948070091,-0.656827506623,0.769175975064,1.72128061617,-1.29819661205,0.690914871869,-0.670301121039,0.935708283728,0.759514522772,-0.179192041924
-0.506710301847,3.24176226285,-1.98210057411,-0.415746406779,0.740092243647,0.871023640162,4.74760591735,2.07517276016,1.30888237628,1.97428479728,-3.74859158878
1.1606945583,2.7443798235,-0.825038679451,-0.945912333845,1.4260584787,0.554893383775,1.39778684202,0.539670386511,-1.20372319418,2.63792771696,0.210443810549
1.33687140012,0.224461954829,-1.47371728899,0.270508480363,2.87704145885,-0.248598896016,1.05130697327,-1.01050804907,-1.52526200192,0.31906228228,0.585049296874
2.31934653352,1.44284688327,-0.471244220678,-0.0239300811473,0.753503917723,0.240676370694,2.51738128275,0.932263155585,0.0212640350892,0.290567437177,3.47712933758
0.474326771966,2.76396863489,0.750716553768,-2.80918900502,1.22638139471,-1.13621291122,0.369154777542,0.922194212388,-0.60582655991,0.537773411577,-1.32874677977
1.45979203388,0.457601002281,-0.981951896125,-0.44878581336,2.85573264732,-1.66480977697,0.337519701793,2.00913247937,-0.843236258836,2.99998075246,1.45639779997
-0.239413071168,0.398084602364,-1.8358441563,0.874251391527,2.28319198173,0.0360633610875,0.416604246027,-1.11690979645,1.11879919874,1.4185522482,-1.35626617381
0.856445928227,0.417531310132,0.00201270593981,0.391298934817,0.600445372896,0.577625746121,1.8585036143,-1.78506153793,0.252801651931,1.34861621963,2.45603692416
0.655802842589,0.524831962981,-0.232102825271,0.832614095073,0.467790485589,0.671431286322,3.57799681891,-0.0829172326984,-0.166062796829,0.851479924206,1.88148257641
1.06566059645,1.38960555958,0.770931977556,0.494206889006,1.08718676931,-0.0707791566186,1.99398994113,0.931483088932,0.181676969369,3.35025449461,1.62347240757
1.00399580943,0.80978978298,-0.324403855529,-0.61248102599,1.82408839089,-0.304547630372,1.82992731851,-1.18037670622,-0.726117575713,1.51106257215,0.521018418385
1.13688703348,0.434173134049,2.29584600417,-1.1535593787,1.43974160039,-0.0496450416915,1.6749393469,-0.553966957812,0.188223253103,0.22654553034,3.20138155179
0.155111033304,3.46178691318,0.443565744923,-1.45059777188,2.38721162698,-0.33639431182,0.68008132668,-3.4571803126,1.58422918729,2.21057634089,-3.29097623821
-0.942570314136,2.01208301978,-0.250166465066,-0.714432338525,2.23534295462,-0.556776009656,1.50929539483,0.0690917832496,-0.973218494069,1.50216995636,-4.34819326663
-0.00399213558553,5.28463051627,0.384063191237,-0.164695527073,0.969941782602,0.39164541756,0.733301228947,-0.343717082472,2.28448893513,3.56887029353,-0.814295154578
-0.032338394361,1.3488007405,-0.787154065573,-1.99885249547,2.40881125914,-1.59446940548,0.737386185758,0.207348250231,0.657522467382,1.8434244802,-3.01351312142
0.787400654162,2.01123812802,0.408164771385,-0.61369572251,2.25406922804,0.205876677796,1.91458481306,-0.347870605711,-3.74659919915,0.836453949555,-1.0194794506
0.00802442241698,1.54048790847,0.375392054809,-0.175578029152,2.15299889894,-0.304099585413,2.31597615281,-0.617612122639,-0.682645720975,0.800737510215,-1.39828448125
-2.68407785004,1.0351533902,0.189680815371,-0.517265493344,2.43389523763,1.77207304494,0.419204833354,1.07205378738,1.27522269706,2.32331171344,-4.38998515274
-0.117043793618,0.735865324288,-0.575907679379,1.10868122974,1.50698831558,0.740705050487,0.0994774486792,-0.0594701595927,-0.982996263191,1.1802356248,0.367007027596
-0.843645880363,1.375106392,-0.223326696497,-0.251522975166,2.03444095487,-1.4169446626,0.288808732109,0.191591772148,2.73145932239,1.28744231208,-3.05132150045
-0.485619807363,0.25876462811,6.25854318212,2.12829069945,1.23885974965,-0.803803409631,1.24350296686,1.65641160965,0.28739500024,0.505155982108,4.89620441283
0.936274341611,1.82448207445,0.351923438816,-1.64128743646,2.89290967887,0.198278665831,1.98427561241,-1.42291420177,-0.804450780499,2.0120152553,-1.30731364143
1.40201337776,0.373985076534,1.1944960035,0.372262872153,0.698720651757,-1.38899940258,1.62086898595,0.207908087435,-1.46770056154,0.638158469688,4.01194484302
0.665985890496,0.274382094831,-0.546940438869,-0.417835740185,1.21478732593,0.641346428481,0.300385802439,-0.345963544109,-0.362505297695,1.70518082958,1.79109439132
-0.23197930524,2.68064052802,-3.22885249626,-0.257859703984,1.02893601099,1.79820889177,0.753574143689,3.64340043228,-0.353292080926,3.89722677244,-2.65791618742
0.694834907801,1.71320108532,0.736304000945,0.327727018426,1.64439501964,0.381501846431,2.31197906412,0.0929251770533,-1.02037608235,2.25332562331,0.176700506494
0.776162788527,18.904573411,-0.17302182619,-0.63445485348,2.28852770658,-0.202183535663,2.17029621116,-0.492532203753,-0.64028865972,0.694914242171,0.111166955461
-0.286121286173,0.449491361322,0.945503958778,0.313253100288,0.130540811225,-0.538625398067,3.0492595227,3.38398209631,0.0992276974262,2.30412138284,1.20529862362
-0.319671538513,1.6787233533,2.81054876906,-0.563259076733,2.60870842502,-0.62114246483,0.20484802301,-1.5420663573,-0.706414409104,2.02186306914,-1.25418384544
-1.57648460319,1.04387231244,-0.146766436104,-0.198380100415,0.421890512895,0.155793471756,0.390084124713,0.642491235155,-0.273698071162,1.36478054798,-2.40244959263
1.0916583938,1.56260303675,-0.329717402201,0.38076287896,1.47361151353,-1.38038166528,0.968929745741,-1.16573392145,-0.533262026071,1.64664488902,0.854263138849
0.386815985647,4.48783719681,-0.865448922661,0.821748270447,1.35471212549,0.530536510861,1.03160146148,-1.01888055348,-0.767533376184,1.1421779991,-0.67268548493
1.78969796615,0.46174813384,-0.171035278541,-0.350783546564,0.965910481255,1.15618314141,0.910389449012,-2.76649169301,-0.0162034409922,2.70442538088,3.83362738421
-1.34868624165,0.580049632363,3.03274322708,-0.893447703261,0.874713788594,-0.573213021895,0.339130492964,0.180390959589,0.362308766984,0.354194832231,-0.330099559815
-0.408367215161,0.247191361276,0.168829803054,-1.70505188783,2.13580551254,0.396652125669,1.21814428758,1.17286925146,-1.70542449791,0.243143805547,-2.0507364429
-0.107987410171,1.09556790875,13.7906742544,0.666978367807,1.3763442829,0.0716775952363,5.13095401289,-0.00281330308862,-1.5059518706,0.460348391855,2.4041667876
1.06147879032,0.852540714533,-1.52196854672,1.27005724759,1.25111932373,1.23758918771,1.37447275525,-0.622354341719,0.257342871767,1.61623127307,2.35498809676
-0.130361143595,2.28187401051,0.622773817628,1.51254220631,2.18085357181,-0.975239714953,0.734874634425,0.655347610833,-0.433390331007,1.45139529721,-2.08730974466
0.344646156947,3.03018984354,2.14400873762,1.22711147727,0.754694019824,-0.774838899684,0.724474989443,-1.19270850341,-1.701721564,1.54738597927,1.08614772482
-0.538552320278,3.31575049623,-1.36300770335,0.962836192746,1.27609063314,-1.02178044852,1.42415637896,-0.527770548579,-0.264742049349,0.499177199677,-4.54642074624
-2.82091109808,0.742867102836,1.33316157009,0.586642087431,1.8855696044,-1.71268849741,0.470708515408,0.182829836579,1.63947629806,1.5200277052,-4.46543026694
0.148958631714,0.44846959749,-0.416655231904,-0.517208041912,1.79394203176,0.0760872921544,0.407360792069,-1.19982899323,-0.877295993682,1.81198236141,-1.11573948061
1.05967761325,4.57494595517,-0.79817382561,-0.599527831104,0.968169634828,-1.27254763855,1.19807962166,0.284858247173,0.729066615502,1.30317322945,0.417176842767
0.529680159646,5.69999749304,-2.30119206103,-1.053959043,2.1690298341,0.297353518077,3.44021645447,-1.00881136316,0.488145265909,3.04527254282,-3.4681092146
-2.99735630802,1.52647270886,5.30940319148,-0.922676388038,0.752820150581,0.987035979622,0.251086867687,0.474642704645,0.158043317503,1.74663163097,-1.21009876241
-0.375742605733,2.76967497786,0.634671720784,-1.10652240066,0.331676321838,-0.446085433349,1.31852102551,-0.595155816162,-1.66225310524,1.35025085031,-2.78080287433
-0.488309546233,1.42238624446,2.52392193515,0.050291454504,1.9906435861,-0.134704965302,2.5652082934,-0.866961511259,-0.0103898888357,1.91029082209,-1.04672254722
0.553521330107,1.21818109778,-0.0689049251493,0.437137299039,2.5472719255,-0.382860787998,1.38218639717,-0.583557709932,1.77404273034,1.19139983046,0.669076383012
-0.362875209824,1.12285021618,-1.7396905089,0.797894692425,1.31338840152,0.736341390667,5.03996117634,2.08721602988,4.01194615179,3.23747515309,-2.87965231827
-0.448033689019,3.13767604102,0.151818662007,2.45115400958,1.06255330629,0.0534950852008,0.766716127754,3.80510863423,-0.277072650733,2.04250060761,0.643838630307
1.10504960914,3.25575340588,1.10487203775,-0.524367820811,0.770432497453,-0.478739982602,0.452527036176,1.0244627352,0.0278949402786,3.08324422317,1.62160616592
-0.371031999939,2.55616263695,0.0653535976369,1.80480572155,1.87465986861,-0.166404639179,1.01153507104,-1.34212656405,1.70458332789,1.01218160152,-0.999490188152
1.5215227467,0.791271333159,-3.00377474447,-0.950580002171,1.65228324637,-0.889191197918,0.576824496932,0.0418940476284,0.388814224924,1.34170664004,-0.339331962566
1.28072214235,1.88293098068,0.573356145708,-0.735426093897,3.26389291435,-1.10039661177,0.934995916818,0.583780901156,-1.54616016434,1.3080516134,0.0308918107826
-0.428080151431,2.1334834154,0.17873027051,-1.36660925595,0.795704378801,-2.85224479456,1.54185663287,1.59175095667,0.34659325143,0.659934923454,-3.56716249964
0.131509400659,1.05495597775,-0.0931765800382,0.216233566429,2.26970341294,-0.991762240491,0.17334815712,-0.0361496215915,0.0441328512266,3.01053019916,-1.08175937446
-0.619636092404,0.38943728142,-0.0387418832818,-2.92709585921,2.4625256407,0.910212387268,2.27898027459,0.153292850043,0.421187004408,1.72687059077,-3.45166584437
-0.039750736225,3.66207170716,0.529339907902,0.532918870447,1.13138794737,-1.76479293402,0.59724523033,0.0495362671686,0.362387496559,1.3921006915,-1.26889252016
-0.181590066498,3.41029492582,1.74941076165,2.14315511628,1.69830494978,-0.418555260929,4.31874797496,-0.0154448888569,-3.38597978936,1.00326120995,-1.28141841552
0.181567659469,1.72767712502,0.901290068763,-0.596719910848,1.16844471368,0.494708977152,3.04416177995,0.653961474448,-0.561795166521,0.167296236895,0.456556815125
0.755997350181,0.513235029388,-14.3095209596,-0.315392203342,0.995431825464,-0.135305570381,0.55912119735,-0.333241158396,-2.14231241096,3.39720406573,-3.79051718254
-0.239340686101,0.611743702198,-1.99094182922,-1.01809516766,1.75633171739,0.654204010886,1.64770762373,-2.5168235868,-0.965769201554,0.724388982297,-2.69063801544
-0.420066394409,3.02538087333,0.478828190257,-0.327447185292,2.24043949826,0.597799630756,4.23059647589,-8.5181347007,-0.336772381844,0.612428687293,-5.04876364611
-0.648689844247,1.52200253322,-0.0251485888044,1.71668591945,2.07458312552,-1.08793334653,0.830281976582,-0.634464533618,-1.96505079492,1.06963582071,-2.65985033067
-1.31572231272,0.609643706564,0.895553907065,1.38036350589,0.849566571876,-0.604551444124,1.68588099406,-0.510875045863,0.413528414626,0.647074994626,-1.05751831818
0.399571106272,1.93357994226,-1.09556902253,-1.56536851272,1.25437162764,-0.489515453326,2.12247640417,-0.927750373171,-0.0700332540213,0.784749569296,-2.62351462055
-0.827985709937,3.60944993487,-0.0417152972259,0.656070732211,0.778535738101,0.109909859521,0.220863284493,-2.02979653887,-2.32466421968,1.29728571508,-3.6244931303
-1.01621963892,4.53527321367,0.57095583064,0.617293902464,2.29967344664,-0.152714825268,1.41054865053,-0.129813266712,2.97060152455,2.1923832947,-3.28538656562
0.83589581631,0.776836076552,1.81329684809,-3.1465236889,3.91772881953,-0.751460885524,2.4678386818,0.1322589702,-1.29923278669,0.00825537612372,-1.2345527491
-0.806769477397,1.35658714661,0.648080856058,0.222273955497,0.0765572494955,-1.86002539628,0.618640976545,-1.06986068376,0.00945360644857,1.18047552524,-1.78652614937
-1.08741337655,2.11162551124,-0.312359006584,-0.036487562788,1.70822971093,0.85791456459,3.81321489143,-0.132484339199,-1.62987937218,1.4000816182,-4.61621407773
0.41641670034,1.42150098279,-0.951447360727,-0.202988389788,0.560900141317,-0.569380094419,0.446811362502,1.67266059947,0.0522810195764,0.988685445107,0.17842660807
0.885996793767,0.76034995056,-1.77737825265,-2.01835933969,1.0792431506,-1.19173584361,0.764649902988,-0.95395954718,1.55795889781,2.37378501822,0.187884147702
-0.23394684616,0.172752330519,-0.688166321196,0.712356329284,0.381571736813,0.598515886014,0.944683341722,0.979862082605,1.38303445991,0.960597173512,1.80761534387
-0.56201401488,0.183871861002,0.254400020181,-2.0228172974,0.810597987399,-1.06143537391,0.789523219241,-0.770711633004,0.362968809073,0.228090632717,-1.72513072401
0.64827892033,0.787589601854,0.373401153926,-1.66479006572,2.33241025684,-0.307974607358,0.376108079259,-0.00715596507613,-0.0941567477216,1.84261548342,0.477668661224
-0.941827837253,0.888595076718,-0.141148329392,0.022632424516,2.139460116,-0.440551646417,1.39335659494,-2.33869509795,0.113441645249,3.95319911823,-3.45063797968
0.0663555130176,0.227009177337,0.505782356574,-2.37654468239,0.834625782648,-0.117541525953,0.426602254561,0.400832857398,-0.0608752584875,1.40114135057,0.988234836741
0.521186653126,0.115934605189,-1.13808772709,0.366339887944,1.08351144784,1.52769099665,0.339349276046,1.21854371506,-2.4765918967,1.7806377953,1.26694814169
0.730695588142,0.261355382492,2.40253221047,-0.643603494792,1.3208334697,-1.05877206439,0.871873540583,-0.623516574524,-0.944407142399,0.38528503605,2.59850902871
-0.838624727474,2.23546308492,-0.25229970433,-0.470410745634,1.25709399852,0.336522622112,1.89049953503,-0.366514227542,0.0557630517753,0.793026745205,-4.15382429899
0.106919783483,1.29791894463,-0.148310022987,0.176854957071,2.1043192205,-1.64963428656,1.41839356042,0.794813359432,-1.27947345237,2.36213264971,-1.5136189879
-2.06980601159,2.93274521353,1.16328934606,-0.00389827127227,2.07537885669,-0.0269238334929,0.48169663864,-0.603626769371,0.0773783887649,1.26628030279,-4.2449561966
-0.0998178572703,2.24656924544,-1.46588061314,-0.242087957145,2.06364888869,-0.714500690295,1.4124453643,-0.552620053357,0.228219323575,2.23945485132,-3.35981856839
0.480937317447,4.00642582065,0.753527530646,-0.14367010602,0.82913358431,-0.271544612808,1.94653620164,0.512505480966,-1.2778299244,0.895989794699,-0.0788063301219
0.688310687409,0.528401804604,-1.17353696022,0.223109406036,2.26570326799,-0.242793250548,0.338116543082,-1.19857741064,-0.646101090264,1.8046283615,0.482090484532
0.470100604748,1.39099972195,0.139263732604,0.264830751269,0.321822917167,-0.203850435214,0.644612873591,-0.0634888223177,-0.10847832263,1.81642335739,1.70547777451
-0.769132719108,0.702402369633,-0.564981103623,0.103794776493,1.66169296474,1.83428094881,0.0759540135939,2.05683863048,-2.12071739149,0.458127520638,-0.473342465689
-0.375974933652,1.12537731268,-0.387039403391,3.18491113349,0.910483741472,-1.34695235098,8.47515513912,-1.24724575428,-0.0807378553015,3.37064933505,-1.4163131929
-0.20442173654,1.2049880158,-0.0533286732897,-0.117113304688,2.01083137452,-0.463331394869,2.02469781359,-0.169362688412,0.152760614869,1.8595218365,-2.37420010729
0.451066010161,0.10349832098,-1.67168625559,0.0990426110167,1.29352597532,-0.811808109589,0.328783903816,0.516106427822,2.04752268147,0.538179386231,2.46731045378
0.0447201349577,1.81352359774,0.593454810353,-0.817634160749,1.93008914917,-2.07932981144,0.208374614376,-1.34989403817,-0.00486312525155,0.969370024988,-1.72152849968
-0.93983358829,0.888627818038,-0.841756990299,0.438045362551,1.41383058601,0.60722887708,0.94729042632,-0.193504484805,0.415495334026,1.76633835231,-2.26366979161
1.39166651457,0.409707570336,0.0915329173406,-0.170652215698,0.344969043425,0.726609307931,2.17105527086,0.820656150012,-0.726931535592,0.325032306659,3.72541913176
-1.07971120827,0.813829838813,-3.34702555637,-0.712924250289,0.489842930715,0.0181512379939,1.79088065654,0.155108347891,2.51728453733,1.15801387698,-3.80124602502
1.19179011297,0.766098639745,-2.34825746996,0.482647933303,0.920486744756,-0.079038318041,0.395919158802,-1.57022385857,1.63474719519,3.12164093803,0.825329121986
1.84228253622,0.82177931446,-0.449331601866,-1.3017735554,2.66221747295,-0.368801924196,1.74438172584,0.499802060061,2.51225747195,3.69282139828,2.0071851731
-0.666762436314,2.42096286514,-0.399608588154,-0.807662085273,0.605964227058,0.991441717143,1.05652981417,-1.57181350771,0.492220755918,0.930060165618,-2.68704891287
0.581304133426,1.10483671347,-0.871317921412,0.0552814700864,2.18094438095,0.637107281855,0.249416988133,1.01085864835,0.733322243753,0.613607810574,0.815870255538
1.09974153097,0.221727873322,1.72860506955,-0.958403804257,0.148001773497,0.447995646289,0.374159837438,2.69217724835,0.474535006175,0.920961934704,5.57567259267
0.474801590065,0.907283032078,-0.751819910189,-2.16683246974,2.27013023332,-0.855758134616,1.75986867449,1.97775579826,-0.424071234296,0.495186363777,-1.06859248132
-0.750683354668,0.239645891851,-1.26809852999,1.54765221037,1.80034244034,-0.837697909637,1.81744898337,-0.842111930923,0.479330109556,0.530372126288,-2.25945549354
-0.850269420408,0.460415321574,1.16461831169,0.60821528965,0.334357491749,-0.464684396839,1.26712731454,1.54841493451,-2.30135617105,1.17053350301,-0.122718692983
0.303652921831,1.25255561096,0.593698978981,-1.64753831769,0.823376557288,-2.18426594554,2.24759729211,-0.123518163413,0.505452716635,1.47499487977,-1.21185830745
0.311355322094,2.94707472184,-2.00612447178,-0.287075159618,2.92061334314,1.08010968873,0.276269366608,-0.583819376723,-0.743150158242,1.61987789607,-2.27065182592
1.17903936396,2.06133815264,0.165978968356,6.48230419379,1.88175492717,-0.45131390617,1.47692142143,-0.689247090318,-1.51627344859,0.680232781076,3.51018855154
0.374267695556,0.754134991533,0.0384585988535,-0.140954378108,1.48381921567,-1.103606076,0.201546861119,1.09599821197,-1.08586977551,2.5315323266,0.332495226488
-1.58566292255,9.71342544893,-3.58884005991,-0.701144975337,0.419143538366,-1.85071343662,0.864144980445,-0.940062827229,0.144433473929,0.958907655856,-6.91057077386
-0.763961222644,0.446699320799,-1.53033329847,-0.822138558141,1.43334888755,-1.2164477755,1.48786399132,2.9257343831,0.549171005153,2.56942532618,-3.35472397802
1.06499257289,0.48734626561,-1.23074404682,0.935414755698,0.241171246098,-0.40683993588,1.44946804018,-2.04187191835,0.746814092334,0.836965082703,2.31040577989
-0.806283855078,7.68469079695,-1.0496637484,-0.121366042747,0.313285240142,-1.04829346557,6.06250328415,-0.0569684462778,-0.229934026436,1.35856861661,-4.32951686125
0.707483497101,2.41072516367,0.644064025293,-1.6050103528,0.277379844471,-0.311755375009,0.311543761465,-1.65485571541,-1.35127195958,1.10326716441,-0.0510058790848
-0.421666485992,1.04787915594,0.107974436552,-0.399835409366,0.415148971208,0.55242280661,0.713762785216,-0.783791535878,1.17486699086,1.43610326581,-0.409001411678
0.0382150141951,0.0845244975101,1.280087285,3.46114438238,1.15309129102,-0.661999720984,0.759231256809,-0.102138152656,0.0411379617608,2.0785740977,3.43098580226
-0.0326510432464,5.05993875863,-1.2998733997,2.07530316375,0.115242443693,-0.18667514021,0.822627388691,0.161145295704,-2.60540483469,1.76872673836,-0.202893765224
-0.819147481634,1.56966843547,-0.277689300069,-0.355523108352,1.13700100153,-0.451112795731,0.182542367803,0.406984396373,1.42492914039,0.932971804308,-2.13534995912
2.42334045235,1.03897534273,2.3203709415,-0.43073713859,1.46639421431,-0.158655000721,1.5535518844,2.5098238147,0.644155803368,2.37868414162,6.22915859903
-2.1688915338,1.58945031796,-0.925214046868,-0.477460261025,0.304276822776,-1.15264375463,23.1933977469,2.76815024679,-1.24016172262,1.18003089708,-7.15391456036
-0.266802408055,3.42747221527,2.09497303205,3.79040194084,0.915767275836,-1.26823515289,1.31545830381,-0.995616806419,-0.423220751402,0.544939607436,1.30319946766
-1.68421634943,0.815744557919,-0.799976842743,-1.82941353826,1.65131998705,0.473836222576,0.369170820196,-0.944411243698,3.81447692242,0.222798311459,-3.93183540108
-2.16166032757,0.277890116759,-1.41244446069,-0.366523869081,0.564664093584,-1.00295627932,0.875917304059,0.656613838637,-0.0671240845514,0.788037021641,-5.2311561526
-1.10417780479,1.819579042,-0.223525822266,-1.39056852338,0.314903037133,-0.500419500496,0.668657659424,-0.184314229094,0.305160970563,0.968196600266,-2.90264868461
-3.45043733854,1.11771312679,0.768673665813,0.876737484152,1.23970254895,-0.738145656473,0.608689150566,-3.70445474834,-1.35791851406,2.21309869502,-6.87636966646
-0.839804918558,1.36876315852,-1.50973618947,-0.078460470876,0.743433101088,-0.358425228895,0.820816060553,0.494918417672,1.03817814516,1.29126158617,-2.41630446785
-0.210152761828,0.443127292084,2.179277813,-0.51003626837,1.19392525397,1.26720409197,1.0104553236,0.0744399893188,-0.332668376247,0.427575343995,1.31224072447
-0.637058334703,0.342650507256,0.862398600116,0.257075588935,1.15269868942,-0.301129924936,0.278550287933,0.311027352496,1.65347261095,0.454282275314,1.34147560565
-0.814540656107,1.70048437261,1.04664833327,0.229780212106,1.39554980747,-1.93350670522,0.269346334991,0.480361116106,5.34798287008,0.824889474574,-0.647233089474
