x1,x2,x3,x4,x5,x6,x7,x8,x9,x10,target
-0.0317189751965,-0.215066093326,0.734542828371,0.82746310178,-0.736630559135,-0.787254279069,-1.13120070207,-0.256010610389,-0.3912715514,-0.522670591695,0.772395682015
1.56383707453,1.32834646273,0.359623815997,1.03918472519,2.02286175111,1.55421956904,1.31884012579,1.1433086949,0.796352978046,0.125264576613,2.64768066183
0.359035997037,0.639876117239,1.41679382168,1.37821933565,0.525331072607,1.36898958634,1.55450655459,0.406751025844,0.902951798892,0.467625723346,2.2127532105
0.58356368409,-1.44825073954,0.11272371917,0.289750104313,0.594236250868,0.421018201171,0.729422383084,0.854719828822,-0.768365526433,1.10462383138,2.40937239478
0.701821612269,-0.0483464092959,-1.18152909248,-1.6343371637,-0.560456668178,-0.381542730916,-0.776748863917,0.623560780248,-1.88979716198,-1.14199743812,0.237829195982
0.337651441434,0.887815176554,0.52385983183,1.5680326885,1.31847660063,1.18762441867,1.75254405668,0.317811199607,0.140857961779,0.871072226123,-0.231189800535
1.52600779857,0.544998509561,1.49244684227,0.868787411222,-0.246352859077,0.0404559216297,-0.404974612252,-0.992574041428,0.695193370593,0.181987725723,4.45866260509
-0.560117246516,-0.705343118762,0.00337851501799,-0.32456380634,0.735365470483,1.0238972721,1.08443525395,1.22329183188,0.948789151465,0.701046643236,-0.694266720357
0.424144232052,1.26874361209,0.444432461492,1.23351005516,0.678840034573,1.21271041853,-0.086452431721,0.31268603415,-1.41762509041,-1.69263102605,0.563971048725
1.06327882765,1.4530008377,1.15670005406,1.50774076733,1.70716113131,-0.0315888849466,0.748226180004,1.12455841543,1.30900755103,0.624934675748,1.70302260264
-0.85096172306,0.566135476135,1.35785180721,1.33611205702,1.83867412863,0.196187205896,0.6068284413,1.50180035089,0.560490405273,0.682130475075,-0.82503850671
0.987296182293,1.02162435364,0.0169324839111,-0.526167734163,-0.268075876664,-1.10712596305,-1.82311652205,-1.46520734788,-1.31265074864,-1.27332802026,-0.0873852757937
0.97485210896,0.663262011691,-1.05850245883,-1.02600014987,-1.4717283791,-1.9667379681,-1.66097581725,0.0676580287787,-0.928589547464,-0.50242804564,0.0562338145662
0.107094361923,-0.719653045816,-0.476742125121,-0.418757527362,-0.368131672768,-0.937728985302,-1.63996480178,-1.5212321397,-0.143686198753,0.344334922457,0.0786089412082
-1.28223658277,-1.76438305076,-1.12047986958,-0.44181732007,0.667774098061,0.811459905018,1.53763994072,1.31737491683,0.857736414958,1.30743055444,-0.896335722318
-0.653475499592,-0.632126973149,0.543915389083,1.02471026374,-0.251796039389,1.09073657412,0.520078829041,0.411054584092,0.0527895179492,0.566771399117,0.493142941923
-0.143063332767,-0.0987701899432,-0.710246112873,-0.65593488514,-0.455486063735,-2.167683548,-0.228711021807,0.260072030862,1.00911611549,0.802371599312,-1.66005543037
-1.22946885755,-0.453439111296,0.546847509657,-0.246212786125,-0.0270851997851,-0.0499251672578,0.180461612212,-0.170880721428,-1.42608552401,-1.25400319394,-2.28365529807
-1.32324887356,-0.60569912806,-0.159588195328,0.451730302147,1.05374835095,1.84131229843,1.8025908843,1.8461883823,1.56224860303,2.26781509422,-2.06637756171
-1.23667261186,-1.58683855375,0.307525442238,-0.721611734434,0.590339321257,0.239015999561,0.625515829428,0.4227178642,-0.676219388157,-0.567265396154,-1.18356203026
-0.258006793198,0.109418022446,-0.481370077019,-0.243227927603,0.109361977616,-1.21241159465,-0.745066834958,-0.475276570079,-0.491727702365,-0.092641313451,-1.31428503735
-1.37052621868,-1.58809288677,-1.62617963056,-1.56023065616,-0.500433668137,-0.436930119866,0.0107195089488,-0.520321932588,0.377252377371,1.89370348571,-2.7038768873
-0.85307497131,-0.688902559348,-0.010444221948,0.800300128223,1.69988112427,1.91087747041,0.875407509324,1.5304980142,1.44783508534,2.70107564751,0.096895488522
-1.08948931128,-1.53284122215,-0.307691743767,0.863562431232,1.79823818784,1.08104864245,0.554887938717,-0.202153029976,0.86448167519,0.531350727034,-0.544356772936
0.0108936159874,-0.0346413557015,1.59427787909,1.0142592258,-0.21690882199,-0.172450378101,-0.396369098454,-1.14574906073,-1.69973914831,-0.84496286029,1.36250247445
-1.62761403784,-1.18601338488,-1.29047168958,-2.31834087982,-1.07269550513,-0.373952523629,-0.595576686953,-1.01150095825,-0.228429696469,0.564509041296,-3.96643026193
0.353771981851,1.00513153077,0.54361070843,0.00422179155029,0.209614237585,0.49748124312,0.740224137027,0.506033184343,-1.29746477715,-0.0476710437561,-0.126125672343
0.659791967562,-0.166984853597,-1.01465518195,-0.777392926522,-1.06273100409,-0.743120902761,-0.719902635902,-0.45458147279,-0.978193779919,-0.715958317989,0.52608720118
1.26014479414,1.14485043799,0.99841161973,0.516249158394,1.66904991179,0.907724845875,-0.38284980353,-0.0419543886504,0.0195918083821,0.284542918632,2.03432520447
0.601580778752,-0.736658359828,-0.74018220846,-1.54294622236,-0.854497860451,-0.613346128275,-2.17229625362,-0.963088997157,-0.171615805334,-1.02931241005,0.374492256275
0.894359273871,0.906524905135,1.04974375701,-0.683177608593,0.00140760012502,0.442231196945,0.111994768734,0.495962915637,0.622213617711,1.40226400107,1.46769029688
-0.766799633463,-0.584022367992,-0.611355817127,0.0144812828565,-0.00363103100647,0.398139524894,-0.195338242253,0.0465758296752,0.0651829948998,0.134959926392,-1.15074460505
0.0758858695227,-0.0661230836863,-0.328025594144,-0.305239015824,0.329755518371,-0.15138253109,-0.640377907546,0.799032551303,0.954576698164,0.736584423385,-0.749704260306
0.57887980389,-0.445502900776,0.359955298131,0.401977723429,0.890749855346,0.645376253941,0.231717374715,1.08864209741,0.808733221531,0.837588969311,2.58781890962
0.122933739588,0.136677639359,0.660611696851,-0.323619167818,0.506521634186,0.394927641909,-0.723105823976,-0.765583126766,0.531423648025,-0.400552870334,0.163270297014
1.08138068692,1.49248264039,0.702153089684,-0.0918908367005,0.887936166828,0.323783270742,0.108049863627,0.697659354691,0.864257368941,-0.486700651824,1.35341911284
0.443503490154,0.220708285701,0.961655337737,0.681383939217,0.413583700331,1.15113849011,0.0165573670239,-0.345919033843,0.27542135446,1.931130445,2.00708858362
-0.380433012935,-1.40792538483,-0.565369112211,0.59405087196,1.40026276528,0.800389985952,1.75343931596,0.612691333773,0.438690966042,0.525270297142,0.132872282198
0.806111154804,0.93866230904,1.0801546486,1.26320516996,0.73401398587,0.975875055227,1.94271748592,0.555541713421,0.194655854812,-0.19640187631,1.59894486344
-0.235506815048,0.182040848364,-0.32005788381,-0.0498088800259,0.523737904792,0.0404807743184,-0.272784090333,-0.702033008547,-0.118583187437,-0.310247210887,-1.85378331873
-1.69675655734,-0.295645619818,-0.180978737705,-1.10706689414,-0.341013635652,0.367169144185,0.613384383451,-0.0903332131099,-1.32795995226,-1.34308943412,-3.49656944459
1.56646009748,0.801896083236,1.19001836485,1.16952521504,-0.00412571305169,-0.631029502126,0.709669994146,0.635792582258,0.799932625879,0.976232637295,3.30882171794
0.172656614111,0.173077553036,0.09004019298,-0.000559954242503,0.213000381995,0.383107524623,-0.311847784961,1.20965223919,1.54378252408,0.230928908335,0.41435051538
-0.556669006527,-0.315691839774,-0.615915247662,-0.134112647885,-1.30496161348,-0.723752959211,-1.28062111541,-2.13977746653,-2.23901892046,-1.77391603304,-1.31390322128
2.40205629663,2.08869491979,1.26169786525,1.24807016557,1.55623367366,-0.258204454868,-0.660589180691,-0.328479775979,-0.913063921209,-0.745228986661,4.57308711145
-1.31559596778,-1.77449729928,-1.65884070885,-1.01431280415,0.0279305111408,0.708062302129,0.327624774314,0.70977312253,0.0552161701017,-0.778227018262,-1.78124119637
1.05793968637,0.746125739438,1.53126183367,1.87693198655,0.985194785482,0.838240853943,0.802940053122,0.82949077461,0.381289342396,-1.13731192288,4.28561669308
-0.356609067661,-1.24769526481,-0.828319937854,0.0812990059615,0.477264102263,2.16013523358,1.53867557451,1.61348327819,0.352937679113,0.615947571949,0.677358575813
-0.550174609703,-1.1688047427,-0.166461528304,-0.592721157152,-0.173294235149,0.949229003225,0.883636516088,0.233402997695,-0.592652099505,-0.395810405392,-0.217945017476
1.66917935809,1.10554567025,0.648957024455,0.685266468013,-0.0961947830702,-0.98949203945,-1.38440689164,-1.02157758529,-1.10388079073,-0.773055378282,2.84463363579
1.40037833551,0.672101537863,-0.0323978449324,-1.19999014537,-1.12514566376,0.0857800758959,0.115602606501,0.713759726969,1.5060383589,0.622258961843,1.31546510932
-0.915246404242,-1.36972156013,-1.19448756105,-1.30360555819,0.382016821935,0.588104034604,0.571018045809,0.521853697576,-0.029426410545,0.274845959241,-2.18642849116
-1.01925171317,-0.874232575435,-1.25870031341,0.0472887409663,0.359330883706,0.0831750015571,-0.351758389524,-0.896442696054,-1.03222536102,-0.351124168795,-2.90558321769
0.432720355822,0.962126016317,1.19039007747,0.762485668802,1.20432652767,-0.547694049474,0.0637649600705,-0.282995001803,-0.136432459115,-1.53317042099,0.648537395265
-2.37615330922,-1.36772531489,-1.67639934925,-1.07192006865,-0.656993107176,-0.271541729475,-1.01038478658,-1.1506241873,0.60784996273,-0.292024582119,-5.01562979076
0.156197424643,-0.728986487727,-0.139305646281,0.407019298294,1.25023485539,0.505637035108,0.0864137244695,-0.513087594518,-1.29557460464,-1.04843486985,0.145618770372
-0.126741366415,0.177522868903,-0.170708286218,-0.502236042734,-1.18165462461,-1.27109137642,-1.38720117376,-0.212884325373,0.60591543419,-0.556139499027,-0.949326238813
0.840771876004,-0.373103439622,-0.0765568281572,0.854222823782,0.753181267109,0.732907241455,-0.120593847139,0.488604869472,0.638176382421,0.0595313210617,2.55734470791
-2.25646579209,-1.43000687072,-0.167883457934,-0.660206152854,0.273632183657,-0.0446110908187,-0.959142126706,-0.592745188986,-1.20032538147,-0.287208507149,-2.59024168568
0.910914699628,0.896082283482,0.737117056384,0.647632047541,-0.0459846346338,-0.207248039756,-1.37418603335,-1.32151298018,0.165684647236,0.30019654866,1.91088020932
-0.405784884043,0.326120202728,0.568001552099,-1.15997208469,-1.36857136273,-1.6019755475,-1.17664399138,0.249796112534,0.396291056859,0.533333795828,-1.00498945019
0.0776997097421,0.742791581443,0.724996062386,1.01148129613,0.716681280849,-0.134775194123,0.592761876125,1.84427463759,0.0517867417645,0.194682882892,0.508652695839
-1.25552775261,-0.591086906181,-0.328873616901,-0.502469780455,-0.831770625828,-0.58627771919,0.0813089468193,0.636520717057,1.43038277762,1.10579267701,-2.5819822668
-0.626074408118,0.029107050202,1.23023507622,0.686414201351,0.453659226426,-0.542549695299,-0.288823681517,0.126207105289,0.386759044696,0.431935603119,-1.15303456959
0.897898159312,0.105709004543,1.05968790677,-0.305483805802,-0.452175736676,-0.176201009285,-0.64742394294,-1.11563376695,-0.172501975664,-0.285005668779,3.28133577575
-0.718138478994,-0.481632022733,-0.938975892893,-1.37964351627,-0.819039795953,-1.02729890267,-0.534670457984,0.201896062119,-0.58290034295,0.268359123298,-2.43133959888
-1.02038240601,-0.186750293074,0.548186939546,1.06679684897,0.848740734115,-0.0983191790515,-0.872982359606,-0.304964534566,0.0946471099587,-0.462798350879,-1.0467543258
-0.806392845577,-1.52553400297,-1.43297993712,-2.48175797581,-2.08467424319,-1.7378850799,-2.44993722718,-1.06319971526,-1.22159266056,-0.625668936201,-1.85694683346
-0.265009976396,0.0828446581598,1.20777498402,1.14848402833,2.05883603143,2.57386880412,1.99691008165,0.968659718873,1.95613076948,2.12944163887,0.450242414154
-0.113913154688,-0.488112913405,1.04378952081,1.48027969007,0.818188748411,0.103680242203,-0.309551342968,-0.906944190382,-0.211111029769,0.844255121321,0.84641398069
0.00548042818464,0.349281195923,0.982821330692,0.485202218723,0.269064689292,-1.28490757177,-0.728360367176,-0.93366826945,-0.850560198915,-1.28208141451,-0.924587186494
0.176495429052,0.434038124528,-0.656650918658,-0.12862846861,-0.603973066304,-0.452992338944,-0.0363929228143,0.268799169663,0.2091797436,0.526162190847,-0.829168820923
-0.939768017032,-0.134926324908,-0.606621126119,-1.06263641585,-1.23897801871,-0.827512726637,-0.473789650267,1.41061904487,1.66303990573,1.02288774793,-1.81922069104
-0.508947982211,-1.28544583689,0.66240867686,-0.242412306739,-0.214075747746,-0.162513592289,-0.413276334974,-1.09697372671,-0.991881135019,-1.84177468435,1.43579187541
0.856609155728,0.191985588137,-0.762028251819,-0.175102259487,-0.939317286658,-1.03215563802,-1.36359743752,-0.454202008817,-0.517624713985,-0.381044642568,0.14642658389
0.192079914557,-0.772647180686,-0.258449135489,-0.361767664313,-0.545398784401,-1.63613779786,-2.14682779723,-2.25230014201,-1.94639740484,-1.17623640377,0.121717565132
-1.76995543835,-2.37787052396,-1.61394466019,-0.727288860326,0.160380112396,-0.752224902576,-1.31256427315,-1.58305018455,-0.726651959838,0.285752274641,-1.50282808608
0.104907915542,-0.0483192428218,-0.125988384496,0.179359269031,0.348623202296,-0.0296762626971,-1.07273893054,-1.01247770272,-0.208407407088,-0.925063223208,-0.740534900264
-0.995302904683,-0.405804946657,-0.254987547396,-0.0929997145962,0.647337660813,0.764182941112,0.506632762468,0.54966615029,-0.148524048538,-0.971880510515,-2.18706930898
-1.42167760022,-0.172829145705,-0.763272595338,1.31834154251,0.688828951693,1.18564315231,1.46088019811,0.969085112488,0.727050109572,0.503306106161,-1.85184852142
0.813094919071,0.779320088261,-0.275717885504,-0.112452622352,-0.184137670827,-0.186838555049,0.0322617948911,0.354596547007,1.00866771534,0.522869635015,-0.354521184382
2.30951758108,0.585824089454,0.182304361992,-0.49438622935,-0.152660977567,0.929240494421,-0.228313927533,-0.0746922459305,0.851460666126,2.48766399358,3.37178573554
0.383545868774,0.730717180958,0.110495384684,0.941786100471,0.72649599703,1.49882879127,2.67122597803,1.24562180747,0.252929748491,0.965943167991,-0.32437764795
0.338052593779,-0.0365704233866,-0.0882427851973,1.642885009,1.48013250009,0.100969943955,0.458448338958,-0.442637769077,0.0536299770265,-1.10023794124,0.472502259268
2.43045059435,0.255704592485,-0.806675252906,-0.0631453418072,-0.94584209629,-0.145273556458,0.793687250039,0.652411603174,1.168595499,1.86407577935,3.48568872958
1.1056925267,0.636859356087,0.425963950919,0.671485046643,-0.0994189220219,-0.954111888768,-0.655579399115,-0.576020029532,0.211901797118,0.929101036212,2.16811627933
-2.00738773447,-2.2009838275,-1.35499888656,-0.831975531595,0.159811961998,-0.746842178937,0.187556126543,-1.25364844725,-1.25327864355,-2.23637026985,-3.1779333171
1.05307149014,2.24301315802,1.88038960248,2.05778177504,2.97084645717,1.6611898467,0.178232139592,-1.00496196361,-0.175439498367,-0.367914630848,2.43922520818
2.40129295066,2.11634845656,0.866063097628,1.92838073579,1.4037717365,0.208194797024,0.60209209449,1.28428519422,0.91396021859,0.735510925759,4.70173130647
-1.36017230758,-0.191330206359,-0.036726234215,-0.741354431683,0.175633813867,-1.36301465743,-0.719918165188,-0.778424250094,-0.49377557116,0.561712242013,-4.39282754768
0.912125823431,0.468696070985,0.261893727012,0.066212867216,-1.08472874573,-0.327581554543,0.215154397922,-0.237201212553,-0.931012180446,-0.655125319794,1.21043531499
0.370775146099,0.284678882658,-0.244255726039,0.507204185289,-0.100016030633,-0.451065557148,0.328790942046,0.632589003663,-0.0914294962945,0.291028594293,-0.426003793013
0.93796019651,-0.101917705567,1.18011699752,0.879366757021,0.730405403553,1.04333182848,0.431803191074,-0.112936468254,0.48436738676,-1.28091249945,4.25314750778
-0.762871788643,-1.42074319111,-1.6741456771,-0.156216414122,0.725965786592,-0.650654537263,-1.31625910802,-1.85932191766,-1.85370313538,-1.4531122013,-2.26079143075
0.679007516451,0.114784392907,-0.367095388973,0.335617247697,-0.185397363213,-1.03770956676,-1.57971457384,-0.881506803946,-0.228361843931,-0.408859447361,0.557874841704
1.19479367179,-0.293664068082,0.274931690678,-0.0322157353985,-0.687240035048,0.426810076879,-0.220974145803,-1.5496178426,-1.90687796621,-1.69702400747,2.76706586699
-0.00228173218154,1.10997296272,-0.923657488729,-1.33340272716,-0.218383006772,-0.160190362347,-0.378222838879,0.0747535815375,-0.295521252531,-1.20916643933,-1.52315301432
-0.872862469083,-0.445243460832,-0.974544859152,-1.16589584579,-2.34173800341,-1.75934261954,-1.25766013691,-0.990240002714,-0.830768773586,-1.4948273277,-1.88703521496
-0.146258572807,-0.354972849619,0.825520545759,1.47080621926,0.437806059607,-1.10221997751,-1.59273299302,-1.8344581386,-0.754050065893,-0.177651348388,1.12207637488
1.46118542956,1.12198916776,0.919030768036,1.0960228825,-0.15451559193,1.04395891477,0.560845057148,0.87884902754,0.909565373362,1.01772904801,4.08989745227
-1.756774127,-0.1995758301,0.886508479613,-0.0227238585207,1.50119053162,1.6715885759,1.07128320937,1.20676272865,1.06321895372,0.577659967741,-1.92698347709
-0.527565497035,-0.880701244125,0.0600800041814,1.08694455661,0.483152824592,0.516696466428,-0.509411908169,-0.824112995165,-1.11931226533,-1.91038878437,0.109702410116
-0.50381005594,-0.348235398678,-0.762929218368,-1.5983144359,-0.739336738319,-0.0145150244761,-0.346297324217,-0.439261265366,-0.169115545926,-1.0512815937,-2.34739319878
-0.492817494955,0.676572194375,1.50363254466,1.00615040788,0.795084117758,1.55052183348,1.78862977615,1.6017257217,1.21072290553,1.68698990534,0.760714934956
-0.463701694684,-0.641971192009,0.695959702863,0.844616362141,0.0167024949442,-0.897057937306,-0.0465260717555,0.481870644727,0.97614088097,0.448378997411,0.522589533734
0.514997978833,-0.714416212048,-1.39511540486,-0.800013526423,-0.715787096825,-0.894642281677,-1.06339564571,-1.56206909896,-1.07481797177,-0.645626234576,0.425609728833
0.684911527743,1.1629133855,0.234534507075,0.311681845795,-1.03740082938,0.696315665941,-0.458559581379,-0.281344070159,0.894010535208,1.3648159677,1.28348835439
0.691254721653,1.172091022,1.2518293726,0.150790109584,-1.30818069104,-0.511966577044,1.28595630911,0.799798059556,-0.921922621233,-1.17960331436,0.757753549564
0.764017630419,-0.64132296379,-1.61804146602,-1.05347206127,-0.902577690966,-1.27660611104,-1.69383520281,-0.481957433129,0.397673802978,0.3661223485,0.913196323264
1.19296555002,1.15995278483,-1.13873999101,-1.93020081867,-1.33018908313,-1.37513696561,-1.85156866036,-1.14167012823,-0.0267501189196,-1.34628929652,-0.274144294298
-1.50743660698,-1.86959245608,-1.34441742577,-0.610183132621,-0.860567171337,-0.609347900605,0.617684040288,0.850590815649,0.454506350577,-0.063876910054,-1.27345194249
-2.21660252294,-1.90935142876,-1.80248326949,-0.73206878945,-0.189277547319,1.43728604423,0.90530791529,0.512647267722,0.517023197302,0.116815180692,-2.1770676659
1.51604573711,0.163263486673,-0.109420899762,0.450198622843,0.52426753236,0.387903784327,0.26888083187,-0.973439767121,-1.04116734074,-1.03128782063,2.13463792009
0.785264341541,-0.648702858062,-0.76146682663,-0.531959939338,-0.421113537981,-0.532761956999,-0.727076580818,-0.211117638168,0.239104687259,0.764588185201,1.17374744588
-0.994795520314,-0.990210736273,-1.30598962829,-1.1310163581,-0.518106997412,-1.68264496968,-2.4899009482,-1.48369137303,-2.33626780502,-1.87244293482,-3.34159186994
-1.79617889558,-2.43802491467,-1.269325816,-0.990284498197,-0.704465573024,-0.23385502941,0.117643308438,-0.213619674712,-0.260953224712,-0.165163931572,-1.78283552972
-0.358133821495,-0.479211389855,-0.231779247415,-0.132884748593,-0.470416807059,0.616220534323,0.0310583733415,-0.64233070991,-0.0198377546961,-0.417542828499,-0.877925557052
-1.54031346168,-1.35080140603,-1.92585842408,-0.4816606634,1.12382228194,1.05111992547,-0.535688186106,0.643828542697,0.289565758406,0.545302777139,-2.65762629159
2.1884549724,3.17402119949,1.92528002526,1.94601262889,1.78874616682,1.47271161841,1.39558393874,0.77932657105,-0.0665396123645,0.266204995487,5.08525562776
1.0064638621,1.60653776967,0.845512927213,1.17368205662,1.73428834577,1.59178521053,1.74734252527,1.3717781769,0.780636924951,0.25688167445,0.959385742633
-0.533255567971,0.139604273061,-0.786144910115,-1.06419171548,-0.274477387458,-0.214085600598,-0.872161342093,-1.09562402423,-1.82344988915,-2.99953696308,-2.63941817566
-1.49721538635,-1.73876023707,-1.69047443409,-1.74335082863,-2.73466053774,-1.97516313833,-1.00341876484,0.0944980703103,0.0306877772747,-1.16869332485,-2.08442757116
-0.405315173697,0.589769721976,-0.378593683887,0.605610446345,-0.115204612972,-0.260628694361,-0.0703099891392,0.432567533712,-0.191104425552,-0.0812841404202,-0.708619610342
0.630792363667,0.337147493216,-0.359104630703,-0.679762369124,-0.354007939533,-0.320779725893,-0.572490174593,-1.706240701,-1.71604195319,-1.49836005861,-0.237261082594
0.169699556762,0.0599298660025,0.674722868614,-0.438832614934,-0.00934758382901,-0.403772526745,-0.889395419865,-0.719106239514,-0.12535626545,-0.720522722732,0.968230839136
0.738064084093,0.464047646109,0.491463376106,0.221744849852,1.12055303749,0.256810433951,-0.0894166327053,-0.56109297656,-0.384103517207,0.325390899736,0.750866333659
0.195431460464,0.634296728666,-0.113478340324,0.0160347679522,-0.762682607277,0.359518676523,0.615710698672,0.308128537073,-0.915990993696,-0.242216717998,-0.260816758449
0.831056716803,0.65259923874,0.252735656602,0.41636004403,-0.260544914801,0.756986672906,0.473608863364,1.23296660504,0.774782689095,0.164820492594,2.28171582002
1.39928325426,1.08363324793,1.08880368406,1.56229974952,1.6370550433,1.92720960439,1.82121402122,1.83355962822,0.493587331419,-0.505832378075,3.41265130397
1.79717623818,1.1537976001,1.86515066816,2.11171512745,2.07662167403,1.1940433021,0.085767460604,0.595635968213,0.765362026204,0.195901121564,4.68310198309
-1.65149067574,-1.22074583241,-2.50853608735,-0.561958503494,-0.702411599556,0.481416992199,0.603302297399,0.0572454461487,0.0697689861753,1.089743585,-4.152975869
1.39743199763,0.749958049805,1.6418591274,1.72137149758,1.12779941013,1.20753468822,0.767593234963,0.696377251764,0.0517530550586,-0.0308828120341,3.90030032095
4.19332801085,3.2023171374,1.94902003622,1.77453539325,1.97135215159,2.58259086514,1.11891911591,1.21474599498,-0.235550129501,-1.07200105416,7.72147425387
-1.32828203759,-0.991357944967,-0.676424819367,0.386208193199,0.514023524329,0.349317006448,-0.269789900421,0.147773645766,1.30735844502,0.986769233706,-1.72624111868
-1.47393807673,-0.901147502016,-0.294315907593,0.28242811268,0.932387308167,1.75863547243,1.1887957183,0.371476744335,1.96641033449,2.36446090821,-1.51441225994
0.540337469371,0.330570763959,0.146066158377,0.573701154166,-0.00371926332342,-1.5711346183,-2.57292817613,-1.37018334724,-0.807635113802,-0.945929377572,0.593704645815
0.417125350822,1.1319227877,0.890448636603,1.56695873797,1.77141754152,0.84217130796,0.622744140348,-0.271640364972,0.0508112843414,-1.87853886309,1.082561243
-1.36840281722,-2.31035717773,-1.80565023377,-2.61371152481,-1.74050025897,-1.37862486643,-0.861938035016,-0.669561443602,-1.48024643595,-1.89863500695,-2.61990775327
1.50461114874,-0.411689024701,0.00697711384232,-0.921917220712,-0.229989027108,-0.0514666643672,0.661769756871,0.547860701006,-0.783050024896,0.193384214001,2.6776922799
-2.49083811001,-3.1184768085,-3.60360355783,-2.55640996685,-1.52627233249,-0.456847978876,-2.10951440894,-2.5037419049,-1.51664344288,-1.88803548554,-3.69243822653
-0.54235338996,-1.7573148504,-2.99969825887,-2.43165999816,-1.93852538333,-2.54785549027,-1.99349372588,-3.4679255869,-1.80327727342,-1.42608605536,-3.46811889284
-0.760163144527,-1.06012496277,-2.47662013983,-2.60330602294,-1.8888304291,0.189965895902,-0.215842725266,0.186507445,-0.0951248116413,0.75160985263,-2.26747898431
-0.396191196613,0.0146177291231,0.337379465374,1.58366782731,1.90379611867,0.581900648092,0.629925733994,-0.354003361806,-0.617122463948,-0.28466253276,-0.611508926598
0.917279339236,0.73868835156,-0.0409208996791,-1.38461846827,-1.85902031557,-1.93226974589,-1.29713209769,-0.169565392201,-1.32909690924,0.0928239708991,1.50911936501
2.02853466871,2.61689167019,1.64477500143,0.922069409674,0.0952650628846,-0.598337907145,-0.837662159338,0.101192128988,-0.0502616447004,-0.396720463193,3.38811132265
-1.84108713639,-2.06635593544,-1.6320763976,-1.83480478016,-2.12324201531,-1.56276816994,0.711180122916,0.308057696076,0.797684876137,0.837762585719,-3.17842103253
0.582510853602,0.978730878911,0.552577651983,1.03966753358,0.00594088591021,-1.47762796654,-1.02117398253,-0.343086928636,-0.284348222113,-0.208805679602,0.738517711567
0.855218426559,1.27011101438,0.506376516111,-0.702781749893,-0.614175418938,0.0730761471352,0.285048798476,1.18419493155,0.328005172464,0.00520544935536,0.790139538467
0.711474363013,0.742664241107,0.0138063085587,0.455051183098,0.750754033899,-0.359139854616,-1.12682921826,-1.02396690607,-0.547804566304,-1.83289858414,0.50373539286
0.320389086041,0.81938912347,0.977405975596,-0.309985006788,-1.37850048683,-0.341722616532,0.187271764207,-0.142140648932,-0.769355541207,0.577659626299,0.0973954492441
-0.904487566171,-1.00397439212,-0.0328217464543,-1.14804271381,-1.06099909906,-0.414198493213,-0.571101328597,0.49842898241,0.131397352818,-0.254028787976,-0.952734436585
0.759777449315,-0.700618937439,-0.189853264304,-0.457257357533,-0.787478862881,0.100911305481,-0.0337759787162,-0.561641430811,-0.649718741745,-0.196847571172,2.33937385805
-0.596530737817,0.694645268801,0.230074078571,0.167678072135,0.943503017414,0.18861713134,-0.427343631863,-0.437326889359,0.361885755437,-0.941075455723,-1.35070755495
0.560783901331,1.1607709538,1.54833002167,0.719760177895,0.868823731623,1.93294640979,1.46364554664,2.04694918127,1.94019674963,2.5687389213,1.68222047412
-0.352992488297,-0.466908825033,-0.15647197304,0.500542868478,1.01318475026,0.61738599496,0.368242067681,0.143083138656,1.29901169298,0.482357026396,-0.733092187665
-1.84640759894,-1.96132106237,-1.76915221994,-1.04688862396,-0.577976830367,-0.644649820143,-1.03381693345,-1.72626707944,-0.958284095267,-0.909750383513,-3.03258426307
0.483456864977,2.05375539116,1.52793437701,1.68058791218,1.15191485369,1.16208318357,0.826030716735,1.53793780866,1.17551703184,0.239284827377,1.77719235222
-0.677383878253,-1.33311281833,0.117683984081,0.0879763843065,-0.220397759965,-0.740192551629,-0.0760842631946,-0.997697673758,0.93102068058,0.541860224782,0.520869426016
-1.71434347344,-1.74408108733,-2.29108089717,-2.49807614487,-1.34522310494,-1.91260224418,-1.14398630623,-1.28464329949,-1.33392288283,-0.575047615512,-5.06818018013
0.683064885644,-0.11614950952,0.401670890665,0.321839218066,-0.286525610384,-0.0443847874775,-1.02782694806,0.249743020993,-0.0744576982037,1.27390337835,2.03226607334
3.48105702499,1.11372558435,0.357107972919,0.450181694309,0.715192820323,0.789819567732,-1.27289279771,-0.878362797003,-1.29757614295,-2.43951407734,5.08296402609
1.54317965648,0.743869640428,0.861974934273,0.120457793631,0.561096101496,0.97716526204,1.37139196402,1.00722333339,0.43846683833,-0.503915125917,2.50653441803
0.493232078225,-1.25578136394,-0.754429963479,-1.37634695964,-1.40942345273,-0.876055271753,0.205831993271,-0.227232031754,-0.325793605073,0.190894763904,1.6152025208
-0.311840792449,0.196040375217,-0.339596302413,-0.0899666046198,-0.0587045724349,0.136498801446,0.515642713541,0.15495937341,0.938666379635,0.477045837212,-2.29963689506
-0.186794385392,-0.00834988667674,-0.700662350233,-0.615908864616,-0.0555302694851,0.00786981863387,0.306107218095,-1.44998458565,-0.840517474114,-0.399274712666,-1.99524513332
0.0916934121124,0.536594636631,0.0284710212387,0.472779719217,0.731015706576,0.474667339892,0.222640509882,1.28823204936,0.889966955918,-0.773458709751,-0.0863026214516
1.06310502586,0.147031900745,1.81388868897,0.401962071644,0.432183792372,-0.330217258452,0.753755991763,0.294105974008,0.889020081676,1.11273280303,3.19984667931
-0.955194385622,-0.250904164673,-0.841996412668,0.602802953126,0.00915099483532,1.02800820857,0.767286819086,0.922325823986,0.11589110315,0.642972779125,-2.1868446847
-0.22087520301,0.559423186248,0.518944849656,0.848890145074,-0.0479919109827,-0.0659722075377,0.294317310003,-0.531721924625,-0.332594264904,0.0456176918831,-1.07406512238
-0.635834590257,-0.504834471549,-0.251714749818,0.42167106385,0.314113668079,0.17211034627,-0.709265197975,-1.19683170101,-0.64887306553,0.113561581853,-1.6853377374
0.574036839556,-0.327787639335,-0.0252574410272,-0.129610962095,0.1268060648,1.46459393853,1.2281555366,0.039139500922,-0.45463337864,-0.607942398061,1.63499245425
0.219284125552,-0.245973350244,-0.54773452482,-0.422017081091,-0.82505350469,0.0322801557523,-0.764169061438,-1.16568639225,-0.323995578225,-0.366172848205,-0.0490221716133
0.341128745118,-0.425058894957,0.29039355449,-0.701095529647,-0.827817052886,-1.11412349236,-0.958461144792,-0.769633658115,-0.901155387956,-1.06874180789,0.97790070412
-0.351163337398,0.593943538439,0.691599026015,0.0991953846599,-0.472511528605,0.208529879485,0.318726265897,0.503883206223,0.951487862458,-1.3278112003,-0.914530787858
0.408946475029,0.934993693963,-0.125084955726,-0.559899164863,-0.590621098752,-1.0310466768,-0.624920120932,-0.55733614021,-1.19091335444,-0.815147076439,-1.26710450092
0.520701963603,-0.85577780241,-1.03714550265,-1.70610620143,-2.0266198923,-1.84095487194,-1.81999197333,-1.43636863938,-0.769454003473,-1.31992689496,-0.0275184879785
-1.43020362216,-0.98878760077,-0.585185532719,-0.31608953276,0.317213030201,0.457034848156,0.585874264803,1.4624055287,1.48443677557,1.23313843116,-1.94081116719
0.353384230636,-0.190810158737,0.745772939762,-0.0197028943208,0.510543014486,-0.137084287614,-0.223343784885,-0.754421888929,0.0592498832314,0.258770199597,1.62310422771
-0.371354890262,0.373310362632,-0.250696751791,0.320934645534,-0.182688758573,0.154541810679,-1.01005055012,-0.973050632117,0.0881459761708,-0.174622718759,-1.49342305912
0.97763135187,-0.881037586725,-1.31594458183,-1.87528674242,-1.13409716339,-0.776290276484,-0.272465124915,0.730058671529,1.94181666965,0.861189580029,0.945273700941
-0.0788904954436,0.405019521773,-0.0552016417936,0.748853006052,0.465872858026,0.389680843774,1.83213286366,1.20349289956,1.59326724819,0.210039456445,-0.181107227462
-0.182852789524,-0.835381221127,0.208772406528,-1.08925204028,-0.81369971366,0.678768701024,0.318486364092,-0.472999187982,-0.407880275065,-2.05690887762,0.185905206964
-1.68731114526,-0.351336604057,0.432882138617,-0.236061603484,-0.12151283848,0.798380462081,-0.40041232543,0.630633620308,0.162846439876,-1.19063084939,-1.7411786926
-0.534377360309,0.284963272979,0.709273988899,1.4352752833,1.26323872067,0.689485423391,-0.0418882692499,0.119314767191,-0.660721660542,-0.203115073422,-1.11189054879
0.127066281595,-0.852315159872,-0.285111460297,1.07023028485,-0.641339595049,0.45219949159,1.18555918341,0.820309822883,1.15088402954,0.803583786574,0.950960479513
0.0947837758794,-0.498346044682,-0.283980407544,-0.129217029876,0.827432632784,1.8573555373,1.10813812693,0.802598508373,1.29579466862,-0.20768655295,1.22072597283
-0.740966624546,-1.83731962821,-1.47730850491,-1.5105634791,-1.71243116701,-0.447404544143,-0.0298576870813,-0.886022885532,-0.7429084813,-0.720938794591,-0.442107042718
0.267338658309,-0.854590880189,-0.555517330699,-0.103032621095,0.737399905008,0.558038299099,-0.874320400931,-0.191119793033,0.833669137906,0.690298103744,1.02107364281
-0.0683747386962,-1.02298107677,-0.789858656965,-2.41266533629,-1.23955793596,-1.57646527026,-1.6325704956,-1.72422268721,-1.47338889247,-1.07947181879,-0.993970427252
-0.991591510745,-1.38085018453,-0.149050892981,-0.0533104842799,-1.32330330906,-0.234608017334,0.602515042462,0.0800205225641,-0.144544685374,-1.13787862557,-0.798592813747
2.09074033086,2.4645660262,1.07975199842,2.32736801909,1.8639656261,1.58909119414,2.23342820408,0.916370674769,-0.475471471476,0.272153401251,3.32456216389
-0.23644687814,-0.904279502081,0.287052136089,0.311197517539,-0.00361628902818,0.149796132822,1.04673192893,1.31149902384,1.09613483413,0.375318108284,1.16837008952
0.408935874053,0.0366734907973,-0.190520881857,-0.947918743297,-0.182638404273,0.584403837849,1.20157012602,0.787388439215,0.468053973709,0.677207234138,-0.320801862354
-0.368795303522,0.76994339851,2.05708012768,0.749441671448,1.84104071575,2.65916717679,2.69224728608,1.45570243449,1.5306737494,0.342782874033,0.124131393529
0.862439578468,0.444040432488,0.260925935777,-0.572942184728,-0.840398343326,-0.125808575163,-0.436380099955,-0.793419646129,-0.405526026201,-0.447403668602,1.70321070548
0.243598713967,0.176500367062,-1.01241422552,-0.552112352713,0.155827752861,0.183179129501,1.08679101773,1.32174981188,0.0615229145599,0.300807326651,-0.545173680048
0.875320210071,1.92640302493,2.09802025543,1.62200411189,1.18907453634,0.809952581146,0.974488636918,0.985291121884,0.022702335875,-0.326991615555,2.46495069564
0.323880292954,1.53774066196,1.3903509484,1.57296823807,0.602217463401,1.05401455054,0.98382889382,1.37336527617,0.978547688017,0.581866133234,1.91427430384
-0.93806013641,-1.47662583128,-0.317019179876,0.715363786183,-0.795369545204,-0.851584347397,0.776113439536,1.33229750955,1.52680649266,0.620891990099,0.342545127131
0.112186288569,0.716363565051,0.377540824469,-0.305048892968,0.452584197127,-0.901301115459,-0.836963283558,0.47618277173,-0.323197397838,-0.825683279423,-0.304462738247
0.506261434625,1.05746685751,0.440216400036,-0.383221395002,-0.798130383911,0.197847921609,-0.263228616537,0.75040759043,0.0140728360711,1.84236579178,0.710948686292
1.39295421554,0.649166861695,0.686099517922,1.3429332637,1.0435958896,0.818526599288,0.51102511798,0.168444017637,0.299688306774,1.36206116786,2.76277971042
-0.451952944672,-0.0993846259497,0.101142056676,0.301029485978,0.689142129933,1.70818731248,0.711993340746,-0.364355139996,-0.086537499202,-0.587917406692,-1.32068941937
-0.918111637236,0.157556072535,-2.02874129883,-0.457416193511,-0.475774872508,-0.403372878673,-0.490780486087,-1.04449012865,-2.1583061191,-1.28930139008,-4.20257644937
-0.822462140107,-0.761619567774,0.31603294568,-0.591385691878,-0.793798904164,-0.445349985963,-1.23012042727,-1.49556544852,-0.831384598553,-0.281737119817,-0.911466142059
-0.847528363651,0.637374073659,-0.496357584743,-0.938389914127,-1.2474148064,-0.580168257862,-0.549192751525,0.0528932815964,-0.488062530937,-0.580044248736,-3.10757968601
-0.860844241718,-0.0264055309955,-0.53730603508,-1.64100722577,-1.18487792148,-0.487630940437,0.321326903569,0.474088272196,1.62301941557,0.830416255723,-2.52690717349
0.409115906499,0.309195214081,-0.265850111018,0.0293025663829,0.14696032768,-0.236905112857,-0.55323028093,-1.93527402348,-1.51962781267,-1.63393019392,-0.553228148716
0.462016672713,1.11898058113,0.171667533729,0.541203496168,0.0320921976486,0.121503544582,-0.632503961781,-0.12509990698,0.542272789033,0.557051739525,-0.305993799407
-0.956042007785,-0.587748981005,-1.23234333146,-0.209453416202,-0.115076316311,0.231417250001,0.262090121203,-1.04115015079,-1.68265152009,-0.744928896293,-2.21102908062
-1.72931715766,-2.26684782534,-2.00306752867,-1.26005650193,-0.321019659379,0.0721936388133,0.263545923465,-0.13683972446,-0.877886981294,-0.521924274187,-2.11769009935
-1.61292843015,-2.24990648037,-2.25572464639,-1.2863925657,-1.49075267986,-1.44397816588,-1.39443435479,-1.00780816727,-0.956399344003,0.117736546006,-2.06776492681
-0.141176801794,-0.101583853924,-0.555395712887,-0.311293970037,-0.199264431255,-0.153577335323,-0.0255057665121,-0.251653687896,-0.871791505609,0.318405108281,-1.57300710783
0.197930610323,0.247223599726,0.291616221901,1.23245844245,-0.0700329562629,0.346082062814,0.203161339971,-0.0387445953557,0.19559378923,0.980328259475,1.13472058479
-0.890318039367,-0.825151762254,-0.0879786872056,1.25371933579,-0.0992179951956,0.288899028132,1.19760951496,1.05364727748,1.02729229848,0.486969284668,-0.468639142986
-1.10967807269,-0.76318222498,-1.22850518826,-0.27652319475,-0.359906191546,0.502412191085,-0.23228195993,-1.58199242685,-2.25556251373,-0.969756907829,-2.03880843602
0.227666380754,0.303376457519,0.630010952332,1.11299315102,0.763679332675,0.168433910468,0.862805878861,0.650555261961,0.863785260548,1.29338667711,0.152367326581
0.199223903429,0.94892477135,1.96285556243,2.41742173523,1.09303448667,0.970116625658,1.65483710747,1.16047930118,0.542383307417,0.889505757346,1.87663403317
0.452087028544,-0.323697284874,-0.753547850252,-0.281990211089,-0.478327184373,0.340771209314,0.36779867096,-0.0358589584917,1.06960281015,0.585348271275,0.699143088734
-0.0533852983588,-0.487577896288,-1.06104152684,-1.27834114646,-1.8940709988,-1.4624769521,-0.576092086843,-0.618548612559,-0.546261282254,-0.780462029272,-0.564025583722
0.785952917486,1.88225823341,1.32197853798,0.12890053966,0.0135658269075,0.342547067268,1.386168409,1.21648415779,1.71034807576,1.66343277578,1.64011907426
0.281394572465,-0.47103898481,-1.0399924018,-2.02789241125,-1.44276547025,-2.49785120982,-1.25527253799,-0.509132233942,-0.209710550833,0.133397325875,-1.07953200007
-0.452822791813,-1.46603143721,-0.464733921318,-0.335980344296,-0.107923989332,-1.10489141256,-1.12559788382,-1.01357166151,-0.0636178425995,-0.211209656452,-0.635181605047
1.16919067619,1.63612369137,1.04602413768,0.177606862296,-0.562419748787,0.627685666151,-0.270952087513,0.785865499613,1.5502875403,1.48037115055,2.64000006623
-1.22950369906,0.0730202513262,-0.2766288299,0.849393901276,1.21612919862,0.595544031516,0.304597092859,-0.0928186800618,0.00321166164877,0.311378126404,-2.60115186565
-0.203586737744,0.621390025111,2.0474665136,2.17728937633,1.94747512104,3.1813219305,2.43764479897,1.06120356494,0.482247581312,1.41034796342,1.79338306102
-0.320033167159,-1.09706989648,-1.4794563561,-1.49530977672,-0.972809546435,-0.945082732321,-1.25723980062,-1.97769135611,-1.12277032128,-0.930807985084,-2.01951093604
-0.304665344497,0.752672912711,-0.03858614089,0.649650394534,0.46255873693,0.496978420327,0.56636249521,0.84803699392,1.12074612347,0.37949431963,-1.43913984255
0.745029212089,1.06490754422,0.714692520001,1.0430285877,0.240485046195,0.646444094009,1.13025733329,0.745899545064,1.50735858076,1.56864686434,1.33839090426
1.69239655593,1.96848410531,1.44580393246,1.68960060672,0.574035741084,0.492614237599,0.25352422182,0.926582927998,1.11036927823,1.27350684047,4.502876625
0.422343853798,-0.474866792841,0.621878841489,1.3449806836,1.10687845889,1.13127288279,0.463372365251,0.621171328133,-0.63229262083,-0.470183527225,2.89195302831
-1.3849219824,-0.528421135046,-0.366469712436,-1.22148971859,-0.891410499356,-0.781901569956,-0.594175997354,-0.469876702583,-0.501706798837,-0.160355651431,-2.35874701846
-1.13493901899,-0.273517262325,0.670789378003,0.519386402077,0.697194228489,-0.608821489015,-0.82880341571,-1.15263806516,0.631242550491,1.4776860489,-1.77615817417
1.92594629981,1.54892421832,0.708792447166,0.50434016513,0.643428831583,1.13307333767,0.767589052772,-1.23809786076,-1.28811740959,-1.72479406531,3.38623834814
-0.946523386755,-0.559714842332,-1.34020251938,-0.874904318252,-0.890315682104,-1.53283119095,-1.30234917577,-1.81510277806,-0.954125798246,0.0738291887913,-3.42064601806
-0.00943516200148,-1.45350549634,-1.48727323811,-1.621799243,0.690051260485,-0.498040061056,0.561479984421,1.41328809519,0.742399543402,-0.302903379383,-1.2579815836
1.04188243633,-0.588310910661,-1.11072986352,-0.945690751626,-1.94561487137,-2.38673413038,-1.53209767423,-1.58605677355,-0.919189913597,-0.545308541145,0.841153201916
1.17045439837,0.430272582558,-0.00459885090062,-0.348190721712,0.520280707232,1.61694766253,0.0912017695485,-0.537804044478,-0.486610213763,0.809983208778,1.80701024195
0.192495232594,-1.10803830587,-1.12546496461,-1.16287363196,-0.788787368569,-1.43180770708,-1.28905072587,-2.23139150838,-2.0592899543,-1.78842935562,-0.458984806116
-0.483079420481,-1.30551935065,0.390162390693,1.13681179757,0.88576240512,0.24344609854,0.241604855017,0.405578385028,1.24065471077,0.256625148311,2.0414041498
-0.198864991594,-1.14302862803,-0.507166792441,-0.021093506126,0.35484984369,-0.139462029783,-0.322700662419,0.255106643795,-0.0284052385089,-0.288646798734,0.734983451725
-1.06941492125,-0.667699496896,-0.642231338945,-0.703608277708,-0.858064903227,-0.15893493382,1.03097747876,0.925028244946,0.28397590936,0.580915744566,-1.44570925064
0.772613896246,1.38347545786,1.92043138275,1.47117212978,0.637714969516,-0.452366203744,0.534351998828,-0.470780415687,-0.0754859104161,0.407092611994,1.58614107255
-0.160226902681,0.524335911321,1.26251612241,2.12630011105,1.23062013965,0.251035638258,-0.779849639499,-0.0872667513077,0.329632332489,0.73786097878,0.996275509855
-1.84870017084,-2.7056955306,-2.7659139639,-1.30248343466,-1.06513260145,0.796652264823,-1.03902782196,-1.33431166575,-0.687573090704,0.314657560846,-1.66704372104
1.69633508398,1.46188219642,1.69650672099,2.04915296311,1.06004262634,0.755209394263,1.06314945192,0.595211824642,-0.80049213848,0.0232162286803,4.10543842679
0.59023724252,1.06360358742,0.620635914231,1.20090677393,0.450665647326,0.404831125373,-0.01050583293,-0.323253203667,0.544802035747,-0.466368876021,1.08288508287
0.645241585554,-0.155200356071,-0.906464728691,-0.339817966002,0.0177186014588,-0.171514570309,-0.784958256856,0.441869383716,0.579442601815,-0.0643857394492,0.62322522459
-0.301751873139,-1.78432002652,-1.83666523175,-0.249456444307,0.578024210065,-0.455828333562,-0.0687358159697,-0.566297563693,-1.69368981936,-0.55635671944,-0.771054735428
0.095237767491,-0.242370529832,-0.373986569861,-0.854670295688,-0.874366537232,-0.469630494008,-0.217665352323,-0.202252159439,0.149846150548,0.352943193014,0.0329323159335
-0.509255355413,-2.08262383615,-2.02184235577,-1.04041463169,-1.51416458036,-0.845370139514,-1.07551622756,-0.837108579074,-0.819014227597,-0.947251412969,-0.712152018227
0.119030811004,0.142351843566,-0.450137547598,-0.663042128825,-1.38057998568,-1.25400611926,-1.41486778277,-0.909011130086,-0.304684539032,-0.245606188207,-0.291635477498
1.54300885093,0.504928852226,-0.0558761292536,-0.820920890457,-1.04190700682,-0.922993428889,-0.24717355334,-0.469763262459,-0.888703666111,-0.98225415228,1.90408459315
-1.49451467815,-1.35751586588,0.0449843171262,-0.896679465526,-0.378096931622,-0.960491942015,-0.361432413478,0.0103803007737,0.142336455716,-1.17651067928,-1.93470971223
-0.10482939658,-0.750698416755,-1.04072360809,0.234630543964,0.552755950367,1.56022452786,1.98812418425,0.985409281746,0.70768065268,-0.257721051668,0.0878132558923
0.138830983198,-0.418811738657,-0.888192005026,-0.432524722889,0.110546270544,-0.173470774707,-0.00246908739102,-0.524646183503,-0.962122997589,-1.81697921881,0.0537167299838
-0.572935304813,-0.420589426745,-0.708757293547,-1.6062081504,-0.554162368166,-0.581468580178,-0.845125601892,-0.6011641626,-1.57307401774,-1.07117534874,-2.41920032445
0.960586199802,0.245735119329,0.268233389389,-0.0425432171421,-0.362767846873,-0.29193690292,-0.15464098879,0.648683182303,0.452145822741,-0.563851933405,1.8757247242
-0.578869277859,-0.349816467428,0.253934188894,-0.0091645531288,-1.21315523631,-0.576606584404,-1.28379451888,-0.748303166989,-1.21726060495,-0.588969126407,0.00870696993672
-0.506883027961,0.0513929756289,-0.541216465144,-0.41428568993,-1.04364720495,-0.63244317162,-0.415039079072,-0.336146605138,-0.962765762778,-1.57910605629,-1.53855367412
0.862259261626,0.30616919708,0.533481303614,1.00952648637,0.76133724526,-0.190868740485,-0.427304233244,-0.307544733042,0.058447575539,0.163021497861,2.56935540378
0.770399180636,-0.217740112342,0.308052281153,0.189153832165,0.516489035846,0.719903558315,0.0502550062206,0.0618029512435,0.272372498686,-0.901298115473,2.25008420258
-0.270643436299,-0.946568953125,-1.55706871231,-1.14780956263,-1.07256435572,-1.38049343986,-2.34858638484,-2.48882848424,-0.806343435545,-0.816028005934,-1.33890503041
-1.19507650958,-1.95392673894,-1.09889784939,0.284744861415,0.599253041431,0.951650672516,0.417821338148,-0.766586278745,-1.0691487251,-0.811521904269,-1.37834890298
0.32234020465,-0.821747198566,-0.632891905754,-0.0173443360108,0.372910148043,0.259044915076,-0.289516511049,0.488646592446,0.298645382213,0.0510828440894,1.37108358068
0.410171561369,-0.498395696793,-1.69681613806,-1.12147715094,-0.361847978795,0.0238044896404,-0.257727094623,0.00705558181716,0.032893469209,-1.04939493514,-0.224274961056
0.47090587947,0.334001006686,0.0804366401183,0.5672029662,0.011125977255,0.931531434707,0.461306372106,-0.980678514902,-1.10091174391,-1.35104762877,1.22355996221
0.565947440758,0.509944449695,1.75092158922,1.73529744079,1.30130431097,-0.0379330947685,-0.594474328649,-1.26329011063,-0.765148680325,-0.534043920758,2.18201394992
-0.272187548496,-0.217513793841,0.236250504956,0.990341416825,0.185029274382,-0.659995903351,-0.346301017337,-0.470387730871,-0.708396945222,-1.42095123659,0.799285544661
-0.0752691788439,0.0780482560503,0.85770559178,0.602260335193,0.776022703931,1.15046734446,-1.03649533286,0.0191778514235,0.300538353308,0.174763651835,0.216148369522
1.67303338478,1.46700148886,1.28161056517,0.92345842971,0.838733690213,0.738117757107,0.624653027682,-0.0941649245863,0.28805093004,0.389325965562,2.26502628602
-1.86831461646,-2.98710959837,-1.38315278251,-0.826747732795,-1.14952346308,-0.204256772305,-1.31415536269,-0.977504455766,0.337407786631,-0.442082112076,-0.308611579795
0.520284704343,-0.327206945467,-1.06822144884,-1.47457458724,-0.601141648399,-0.859776319442,-0.267481619096,-0.306367257757,-0.716973697258,-0.850583160464,-0.42521879714
-0.170897885354,-0.612530679606,-0.861334785196,-0.344051682634,-0.531063605748,0.579979276359,0.593702563072,-1.11192438696,-1.70409560122,-0.366370872709,-0.907210101957
-1.13106759632,-0.371645148502,0.250137473708,-0.397609869205,-0.0672831567931,-0.736108351724,0.309564627681,0.760030979993,-0.132107568898,-0.614843440556,-2.7719513975
1.21014095827,1.2278606125,1.2915448545,2.32452885463,1.75377241348,1.10032728681,0.816680213114,0.614519636441,2.14274636331,1.67891230499,3.27283490962
0.0994945922591,-0.966932144254,-1.33073161522,-1.21148789607,-0.690079729347,0.695560478396,0.405097660572,0.827550725562,0.254698421371,-0.439289738699,0.184688060537
-1.17431633491,0.0172278965403,0.668629853188,0.561404297157,1.24950084336,0.637936097337,0.049368587909,0.360142161954,-0.583070123565,-1.94044745193,-1.91552513721
0.126075989939,0.0348643018688,1.04953537796,1.30757612049,0.496658849964,0.329476476192,1.55873900293,1.420573024,0.605650957585,-0.305293510026,2.13136320753
-0.420672845157,0.617036444552,-0.171376998701,-0.0106244764091,0.69152780708,-0.115963200672,-0.619300963876,-0.191718813705,-0.902894023102,0.255504864411,-1.78349816274
0.593372803389,0.381092138334,-0.568697500543,0.735355376623,0.712731355049,0.334491194535,-0.521927486502,-1.73645708274,-0.73806051296,-0.498420316886,-0.827958134744
0.347810440542,0.260793986711,0.187595726836,0.434330898779,1.02054527038,0.505449050344,1.14860147968,1.5910330732,0.152549225638,-0.529483322037,0.707729140892
-1.04543023142,-1.62045945436,-2.13543586356,-2.35970728523,-2.13526491015,-0.101051478565,0.0694418720733,1.36509774271,0.614387782694,1.01522871228,-1.64333968248
-0.565825031561,0.0851319350518,-0.847904450254,-0.30790849925,0.143551346315,0.53557690227,1.22562513167,0.467242650419,1.63637653343,0.216690869296,-2.20350436657
0.626070956423,1.11705364262,0.370560704937,0.689597944778,0.132832426192,-0.968587981895,0.0726769593912,0.220441985628,-0.208313350928,-1.21806165572,-0.118873990346
-0.0845531106315,1.12979601037,1.48709697189,2.01364150317,1.18634953626,0.258263336895,-0.173829094386,-0.512928721409,0.586418428075,0.909749751474,1.1601151659
-1.63769364099,0.0528901802339,-1.83390621384,-1.12642636016,-1.33836904908,-0.991357585824,-0.319742203455,-0.722828753882,-0.301797422298,-0.713626787363,-6.19189627489
-0.78424744279,-0.410449995856,0.16803300231,-0.71000750746,-0.642023378663,-0.506063789645,0.735783409111,1.81359445825,0.561020933782,-0.195536383969,-1.79060453577
1.08967204558,1.155313954,0.888408000094,1.62744938769,1.02462697711,0.74824862647,0.499449026324,1.16846718701,0.326222959955,1.01982828378,1.76177669239
0.641380487087,1.63375177289,0.251229876805,-0.0292587486465,-0.116541015668,0.644141040347,0.898790342675,0.139465328593,0.772474556018,0.430692968132,0.315772541003
-0.0885154472771,-0.485108423102,-0.807978172183,-0.503773405572,-0.0751661500982,-0.300213608318,-1.19234158649,-0.145932157483,0.259100943421,0.315400863623,-0.546559344554
0.352924500701,0.762914865852,0.294717763574,0.663731784243,0.46614807378,-0.274865972674,0.0723799767941,0.785742493894,1.59461778579,-0.0566614453567,0.445415313761
0.152378879941,-0.0019013964204,-0.550054136957,0.318254666687,0.89426871825,0.849111984014,0.0922217214629,1.2697668234,-0.394956470635,0.618393321303,-0.331695714617
-0.176709330372,-0.227557106901,0.107591041358,0.225096643769,1.12732380476,0.260652158818,0.713469002232,1.82910336439,1.00815197871,0.696020348284,-0.360937074142
0.326009565877,0.276545153276,-0.739460609038,-0.266262837394,-0.387317948207,0.714178355669,1.77063947189,-0.384511639458,-1.51441225259,-1.31257060011,-1.31926339159
2.55168507102,1.71578500558,1.81903609779,2.47872194436,1.46185753792,1.41039215245,1.19781696265,0.938807673542,1.01127921688,0.604914581474,5.92159315955
0.437560826634,-0.0207847821491,1.07246086564,1.6035028922,0.399334577205,2.25696592437,1.33507654151,-0.253306178139,-0.152783779237,0.83844688662,2.81871571974
2.74302617615,0.653688622209,0.794282786667,0.502302044063,0.881900627649,-1.15122883412,-0.58569064707,0.876561555354,0.947665304935,1.573727851,4.349086122
-1.06927642047,-0.597597386116,-1.08966382705,-1.33219601296,-1.13425684481,-1.75423061484,-1.72578209044,-0.25822213279,-0.0738155784361,-0.656126933399,-3.45413914701
-0.194784918819,-0.284206582543,1.12029894426,1.70813987893,1.78111319687,0.925535051199,-0.672225497059,-0.90675712647,-0.278924271324,-0.0114708467899,0.922605115914
-1.90419764952,-0.860320619705,0.0842040738002,-0.598415258177,-0.800602757176,-1.00613935623,-0.309748301846,0.0563250651474,-0.534353825225,0.00185535479908,-2.67167771459
-0.853015259964,-0.28012382929,0.347289528364,0.920797426909,0.096753312673,-0.443184971009,-0.596029976203,-0.56497367391,-0.13765231542,-0.298502423539,-1.269877683
-0.202420930833,0.521344612897,1.25364103332,0.368783176345,0.261056573746,-0.172463091305,-0.730622984699,-0.592079410532,0.549017368968,1.1260571765,-0.653184013691
0.028082720477,0.265012778172,1.03080568611,1.4234800956,1.32793658955,0.714274104159,0.022104957012,0.307451145966,0.423059267725,0.833034293497,1.37834216572
-0.237422893899,-0.220251419099,-0.836475961778,0.344585156463,-0.832918864768,-1.26038612907,-1.25700951133,-1.46227765664,-0.472015071859,-0.344785699517,-1.50538586529
-2.27267848498,-1.67359118442,-1.07394891712,-0.957238192286,-0.541696715281,0.34177437125,0.319133990749,0.507599769063,-1.26454390401,-1.10950867698,-3.57083248426
0.263098450381,0.0709197444271,-0.327105600132,0.211062289985,0.456095164882,1.54055897399,0.738702767297,0.764159588977,0.817686094808,2.26578959142,0.330999874761
3.14731775022,1.93027803908,2.38547533111,1.96312656203,2.01185321193,-0.0944233795302,-0.966479953295,-1.18473843542,-0.0510198632797,1.69032875203,5.71456142535
-0.805773346884,-0.723483597165,-0.925883113166,-1.3269596165,-1.62731059507,-0.56225556562,0.629279607822,-0.168992910718,-0.992187951895,-0.896484518633,-1.4944048529
-2.06802561955,-2.3079211247,-0.791359357691,0.203205204616,0.445109244195,-0.0656683206206,0.505379766568,0.748277977901,0.772954876445,0.989296036448,-1.5032755961
-0.651074884821,-0.455508874469,-1.14345090362,-0.277940596754,-0.296519485023,-0.588853988707,0.0712080419629,0.469710440816,-0.558264420927,-1.2697718155,-2.62659750775
0.766685479434,1.36093770082,1.14770397937,2.3342888555,2.56960730359,2.84255365289,1.277859555,2.02445760936,2.2820716022,2.60812465359,3.25187610844
-0.0928790836277,0.575778661043,-0.10005176058,0.903868867289,0.793380708979,0.599013410088,0.688579961823,0.341197892597,-0.663465669089,-0.392183943598,-1.05497693931
-0.382750804754,-0.783841320828,-1.3128040885,-1.5477183043,-1.65115772218,-0.677709617603,0.0105602010892,-0.285297966106,0.0111445072825,0.805970129328,-0.545623822604
0.15897608796,-0.192447632991,0.0182429348137,-0.251770812127,0.540848896558,-0.183806327562,0.101393105251,1.14162627841,1.77116298592,1.19833038814,0.116113721734
-0.603656478515,0.327592647809,-0.66074151508,-0.172977337496,-1.33284376161,-0.919725052545,-0.387940343891,-0.781383910411,-0.888882562508,-0.507240223253,-1.31009464667
1.30630746241,0.0615395804602,0.520802855293,2.2085522314,2.49653535,2.40062083328,1.69406249185,1.8804891098,1.10739087193,1.79081418777,3.78752422735
1.54241882881,1.75163395486,0.914405254705,0.107930674393,0.230216704254,0.123148398894,0.281046347156,-0.8492855935,0.0937688345756,0.418791818412,2.14294837644
0.0337897222422,-0.172090917484,0.263890939888,0.86644716997,-0.143831049485,-0.382717114799,-0.789711976965,0.0944687671953,0.438104154754,0.0836343150232,1.05318972182
-0.799765087307,-1.34018742674,-0.546339479135,-0.337495322762,-0.458750939038,-0.278107770844,-0.546792781678,0.360207487168,-0.253610693507,-0.691701124041,-0.370580673549
-1.2725209147,-0.991224450661,-1.6859765578,-0.6948485674,0.193131610584,1.46919190932,-0.683080980584,-0.18822759748,0.18076561394,-0.138114042762,-2.24127553364
-0.0436995083208,0.771024176145,0.454482897259,0.730625882671,-0.0296579912908,-1.91803877698,-1.56468173429,0.163488789298,0.609393828626,-0.137368257988,-0.681433938763
-0.299944381645,0.355880524538,-0.0939478645609,-0.0265801397381,0.90640162236,2.03775239962,0.743759106492,1.37712740597,1.57898948973,1.52092978064,-0.551733191361
-0.521387799546,-0.00606539837283,0.641381234542,0.307020210084,-0.510943890313,0.053075028791,-0.958303477428,-1.34586995315,0.432353578289,1.59181010252,0.356040689202
-0.514662773661,0.201174425269,-0.748356771833,-1.23921889048,-0.364180192066,0.634030710739,-0.233522072495,0.122420527205,1.48902459494,0.321199762264,-2.80472827058
-0.776696208402,-1.60959559284,-1.29813428246,-1.01182139408,0.940576778814,0.555344270864,0.454621911938,-0.1389633872,-0.575372459342,-1.80796303004,-1.77255014477
0.200694461175,0.332871892777,0.0107621820515,-0.75843323233,-0.814777494559,-0.4422315951,-0.456557453328,-0.718335002576,-0.830973129631,0.0739551285884,-0.466115779282
0.0215298218862,0.0840728784039,-1.24749941044,-1.39444897895,-1.54736286568,-1.14625592825,-1.70055294186,0.570069593434,0.0472236229764,0.23036904142,-1.50408952772
0.0603099528217,1.20869101641,2.60276205327,1.44130701492,1.88424030655,1.40449037075,2.07880832568,1.3524942249,0.208257699151,1.14527899661,0.766520068647
0.105058758014,0.498953264961,0.0814419776692,0.400749944821,-0.0894125562833,-0.604490677034,-0.436794662872,-1.06953267,-0.7302957575,0.226249422774,0.15224672915
-0.964623166569,0.12567286597,1.13771870371,-0.812714566811,-1.37812706649,-0.136686849264,0.253838659362,-0.852395602533,-1.38392808754,-1.16854729255,-2.05833180709
-0.719680093153,-0.655570684297,-1.79480990167,-0.738419134176,-0.345814372079,-1.29925879637,-0.857966860586,-0.949636908879,-0.48520225885,-0.268083125315,-3.04597725694
0.557694312783,1.25400202851,0.857244396754,1.42148564564,0.0657511917124,-0.451807356492,0.389364355902,-0.46325744332,-0.787733198136,0.235528365253,0.596768916782
-0.16084632152,-0.688405123121,-0.67295656598,-0.0901440899888,0.480552403003,0.691646878085,-0.619286633031,-0.381294492839,-0.835844717989,-0.356363458333,-0.47283888687
-1.41960820479,0.403753792978,-0.0593895708496,-0.12753527947,-0.200875098224,0.49246227918,0.922029921643,0.544731933221,1.56091158752,1.46331773066,-3.71000544699
-1.05492465122,-1.25566667688,-1.83578553292,-1.59516297695,0.258612660951,-0.0184397018059,-0.257117627164,-1.06324821475,1.47282149319,0.684329178016,-2.69577495423
-0.148117698553,-0.110138996429,-0.588567820167,-0.459439441629,-1.28206254291,-1.7969099328,-2.02041346025,-1.26384506187,-2.04687975052,-1.82238756994,-0.954950758317
-1.75727478993,-0.911831548352,-0.462761954786,-0.00341352959676,-0.911677804173,-0.628756259215,1.54122121371,-0.110056955098,-0.978404683465,-0.47134260056,-4.09019409939
0.636599065518,1.29551161653,1.13804183105,1.51096536155,2.42202589267,1.71772970087,2.15862334291,1.35688846801,0.592458845785,1.19919558509,1.05959694095
0.705100633499,0.899027851676,0.034935472097,0.592259217647,0.823505560786,1.04558196745,0.220295965072,-0.746989968552,-1.04424709942,-0.2106338008,1.23961872067
-1.40027820523,-0.103075470302,0.370224806408,0.243011602056,1.46359915125,2.25191174585,1.16366465372,0.455157522182,0.692247337073,0.682391516909,-1.69194052112
0.293691340204,0.139713180638,0.323579202543,0.00572286643235,-0.257211342094,0.0282109811629,0.882854283329,0.802479926674,0.517555355532,0.636962789023,0.874318336114
1.01311195114,-0.629555342575,0.401104574347,0.420297386257,-0.577209363321,-1.2184073361,-0.452690430238,-0.968825698453,-1.23551042231,-1.7236814022,3.18235138756
0.193989029175,0.490664787398,0.0929826839058,0.842290586907,-0.424511435572,-0.522674685611,0.434918090906,1.00238168013,-0.0972552055081,0.452057982379,-0.028922029041
-1.73856492785,-1.0434409333,-1.47215595868,-1.46100967908,-2.45401514626,-2.73459808344,-1.59786448285,-0.954043235024,-0.621123559665,-0.836148250315,-3.54073355829
-1.20007730868,-1.32927756336,-0.0232788719413,-0.353212962773,1.22498646807,0.767261286334,0.66028109323,0.904209489311,1.18883881766,-0.316293822052,-0.0504587702199
-1.5240415262,-1.59647673125,-0.832513283202,0.712391664572,0.974068612115,1.552001539,0.666467559231,1.05769822462,0.151014500118,0.70544693616,-1.30904126706
-1.34668727214,-1.30498010795,-1.42000494825,-0.993553915634,-2.08957546027,-1.40158958434,-0.253783808542,-0.10344684151,0.0465332255174,0.325190169879,-2.63239271919
-1.90746810243,-1.90603564653,-2.13292500608,-0.893849850896,-0.237156754974,-0.784737715633,-1.09293978005,0.382924136294,-0.14333602429,-1.10617023415,-3.37657294241
-0.296873012842,-0.508437263561,0.424518620376,0.421386087427,0.659294863731,1.30607064772,2.56850985385,1.19286014273,1.10991719445,0.70708145695,-1.0558167294
0.685631317585,-0.135223356063,-1.37281525488,-0.894841115813,-0.314007646695,-1.084021055,-1.86422362839,-0.19794113671,0.986627882639,-0.601808063939,0.413446668253
0.792309389156,0.970527823661,1.13210867288,0.392233840527,-0.417651348178,-1.08115920379,-0.858348249784,-0.981746060649,-1.42410245493,-0.641557411027,1.52058270238
-0.7686689208,-1.17749865993,-0.742178233383,-0.121237053948,-0.129196932971,-0.654005901323,-0.543688497602,-0.701778820326,-0.87149817171,0.109834482081,-1.23105642749
1.21100971366,1.17654937111,-0.00475969496568,-0.0502495708245,-1.17910111875,0.00656095392457,-0.263945130344,-0.12249417878,0.622488179522,-0.0190294745122,1.53653964232
0.513861554837,-0.0379423482684,-0.167815359543,-0.430236521307,-0.0566465633818,1.6494755505,0.719362019532,0.751895199327,-0.24154708542,-0.415154962775,0.48664582174
1.06939355081,0.0731304048315,-0.312594744814,0.984488094032,1.29617250309,0.536813379217,0.762960789748,0.669545622796,1.56177952657,0.643872477385,1.97589131425
-0.710536840891,-1.61821817121,-1.491148341,0.301851382888,1.20102527196,0.315036595079,-1.05848445136,-0.153642527898,-0.0699847228461,0.273435687071,-0.72855332279
0.575531961641,0.262435401223,0.946527748593,0.0526148283377,-1.06285271424,-0.39697785981,0.472880754464,0.594246774271,0.528021520018,-0.256304055182,2.13859362369
0.0164279477327,1.40772792869,1.5156963254,2.0787314737,2.31782507376,1.85836799746,0.45517686582,0.0715298166373,-0.0963364555299,0.906932810466,0.188428290242
0.585382607727,0.655826951249,0.491759505629,1.0076890843,1.35990022964,0.0817369652188,0.309743278062,-0.955455829907,0.178855174301,0.73762461881,-0.118446818883
0.0749840568533,-1.96688460155,-0.430280434922,-0.502930207844,-1.16346505818,-0.271750320064,0.2110869212,-0.722200174916,1.18924876147,0.598259226005,2.66766580776
1.24674821815,0.0936298739893,0.573867011158,0.424840564512,1.04935221786,0.278047124733,1.07212501155,-0.0903073961498,-0.220994101812,-0.606150002918,1.38216112617
-0.594169296644,0.737286234814,1.18307135877,0.0956982722976,-0.278612261835,-1.27878188686,-0.286771113902,-0.86824637121,-0.782889469619,0.691252268122,-1.64863433681
0.158342385134,0.519017052893,0.455712448249,0.035696941898,-0.570795413533,0.202214350739,0.514987783919,-0.79196259382,-0.915511513437,-0.641216551411,0.00423663546491
2.28890237845,2.47123194306,0.294526883231,-0.595340932008,-0.0164911945578,0.167697760597,-0.994013590991,-0.437103605615,0.164582135632,0.221054177803,2.28464878476
-1.74181045136,-1.31610130269,-0.398401630307,0.393907294811,1.29368306162,0.465548105077,0.56386341985,1.6133592976,1.63375195597,0.186174911659,-2.13086749403
0.465108793085,-0.0577361643168,0.157095530099,0.275241423366,-0.510239487249,-0.833579312791,-0.727674225277,-1.13160743697,-1.50848980565,-0.750834872154,1.46629028206
-1.09582998525,-1.54268649928,-1.9392143501,-2.19289743101,-1.13199739867,-1.08381104418,0.751658436144,-0.371909037364,0.704581049127,-0.612764791135,-3.27900284654
-0.424849390186,-0.809854378253,-1.55602586137,-0.832869522893,-0.73534198911,-1.11664512128,-1.9353915541,-1.15989461412,-0.433002104062,-0.301410236371,-2.27377135932
2.14581123488,1.65648713429,1.53024733834,1.77926838723,1.23463566394,0.641051541633,0.382483418958,-1.15743082139,-1.39688035019,0.582116085538,3.60923623145
1.79835126067,0.449183812521,0.128918506756,0.4910000904,-0.753854225086,-0.0725382627867,-1.62625403779,-1.76586567144,-1.74045126709,-0.750964590284,4.37646222784
-0.516226733884,-0.565515191086,0.456876095047,0.880909493622,0.461156164207,0.591158246133,-0.0519924460358,-0.217747915227,0.573134511571,1.40620335896,-0.66196556629
0.780512929217,1.53606008326,1.29298326793,0.952104947887,0.672533917501,-0.498671445462,-1.75521669912,-1.96096280328,-1.20907392607,-1.39339240637,1.56970290512
1.12163675749,1.21639621434,1.05435681564,1.00313766061,1.04232072899,-0.145399343047,-1.30874178749,0.242167838967,0.372292163485,0.773513795704,2.0085023467
0.971389783646,0.201728907798,-0.425053326198,-0.468718849984,-0.450639838826,-0.463359460375,-1.25746671611,-1.20669575304,-1.46677984093,-2.38802384742,0.66831069749
1.20017932242,0.863767801116,1.0594723312,1.08388609987,1.33079296277,-0.0801918849646,0.650252928707,0.492379133486,0.201325848681,0.459353906421,2.2767829851
0.0996790057861,1.13248411624,0.941952913092,-0.122128006051,-1.67949572097,-1.66571387517,-0.788464073478,-0.456013002118,-0.875294937286,-1.10944995071,0.368339623413
0.210867561737,0.308875390029,-0.100041488113,0.281960375776,0.46893377704,1.21193874428,1.46072171988,0.830758124205,1.32706711905,1.36827899479,-0.24571816524
-0.253385323928,0.835918459575,0.896240204693,1.26206899556,0.413133775352,1.28014556809,0.471743526427,-0.60553770094,-0.390504736814,0.648646882679,-0.148495724888
-1.35615723142,0.354435004899,0.286551350243,1.02820110914,0.0346200648842,-0.0138144979704,0.861994760203,-0.631510045953,-2.08549834326,-0.868184025087,-2.94662810334
0.602373989029,-1.46540641317,-0.250555172871,0.302256848417,0.859043091922,0.894998648254,0.406365007121,0.574086809661,0.488064880005,0.837556982914,2.89575228011
1.02960173764,1.52495402987,0.428291281268,-0.0234944055726,-0.36579709121,0.11530864304,0.802707742634,0.392308858349,1.02589434134,1.46310523825,0.879455847424
0.561060140856,0.250625516731,0.782147919024,0.542474388223,0.119328157819,1.41660871479,-0.0197531416597,-0.024125398915,-0.71549056763,0.580585459991,1.6892268569
-1.22636523558,-0.229019040162,-1.62561014861,-0.0530748819435,0.8296552021,1.18962109639,0.819195265468,-0.221714335505,0.239535384526,-0.153034069444,-3.58277609712
-0.772738009835,-0.178609174219,0.719612527719,0.776259070991,0.47134421793,-0.322957442367,-0.558560830378,-1.56966445913,-0.889397204421,-0.982321425491,-1.15832914935
-1.06224346863,-0.50820969832,0.0850692792222,0.156290538708,0.0917502139316,0.383519589837,1.03567582646,-0.0174640147844,0.931211189261,0.353386970694,-0.697035111655
0.728106755272,0.679419646026,0.269625522233,-1.66941599086,-1.48515302081,-1.39065600421,-0.618586441463,-0.927654564234,-0.0445362238686,0.462927230196,-0.686833916993
0.702054500214,2.23045119125,0.0475488241467,0.141476815803,0.266502298483,-0.358317643443,-1.49225054229,-0.849083841111,0.150362896037,-0.61176841022,0.358912418881
-0.375612883193,1.45325636091,2.42259333244,2.5733554812,1.68653089429,0.884563851837,0.301422411454,-1.15073220581,0.419220790564,-0.276094645999,0.498664739703
-0.719540839964,-0.96330913801,-0.661009882637,-1.06668569013,-0.853320284531,0.569446789854,0.521196429239,0.116488174972,-0.737981040385,-2.10251342479,-1.558511343
-0.880479232728,-0.544275554557,-0.787440729756,-1.26091239748,-0.746152154489,0.119350142314,0.338791318277,0.637853652608,0.23625536628,-1.0655831132,-2.0979077849
0.322878529642,0.645807716783,0.656989664305,1.16952093223,-0.223473492379,-0.137131353214,0.164687740835,1.10668698543,0.73150901545,2.02966206907,0.604957314052
-0.887350819458,-0.610225170887,0.0548121324693,0.184651213776,0.273062321846,0.886187717213,-0.575605267733,0.613472048427,-0.0233060769105,0.114961409384,0.217847058645
-1.20279997264,-0.467899692797,0.89792354434,0.320901336076,-0.141175543403,-0.860077338424,-0.189567913183,-0.0653432091391,0.440663421958,-1.08451788159,-1.02493745678
0.10585926972,0.583774295197,0.563843210032,0.0880289975456,-0.275861304527,-0.977364232122,-0.892560555619,0.994516091454,-0.0114211592126,-1.87536395698,0.870421730519
0.197112003721,-0.775532413886,-0.707120966128,-0.00223485013063,-0.457068704239,0.344387807462,0.72097336372,-0.329441801317,1.44579370554,0.815952167494,0.381614750318
-1.16690892078,-0.337131089245,-1.38717557082,-1.83678890057,-0.463478316823,0.215001446751,1.22256809422,0.945561511179,0.325888365406,0.109056329221,-4.93063957239
-0.0628330263777,0.209522672488,-0.139281707269,0.578041127139,2.08601472459,2.63730299475,1.44650442949,0.68440368807,1.21453121455,1.87373389676,-0.116379789653
-2.62980654618,-1.4328259888,-2.06666002735,-1.4938850242,-0.629019391757,-0.424475358951,0.334088238588,-0.0967709930416,-0.602137178597,-0.71558734371,-5.95548198881
2.2720791546,1.59545098248,0.792793332637,0.966401952483,1.47915736616,2.05847491005,1.74893732917,0.61702812103,0.339165825006,0.760678197,3.58382643154
0.192169899254,0.638012503004,1.40966222957,1.51514859024,2.42476949949,1.84505928951,0.493496377925,0.196554099201,-0.629054650027,0.833284504626,1.05781453712
-0.700822761739,-0.458904222003,-0.937795097453,0.750835874845,-0.627627803187,-0.964631357448,0.165075253734,0.310978710795,-0.243715959604,-0.220211864423,-1.67525349725
-0.0656980714926,0.372747325302,0.655101985856,1.76942001704,0.587854702454,-0.154280596133,0.0709481847423,-0.913276495632,0.946959616884,1.56503107215,-0.288531457408
-1.48508896559,-0.0965881963988,-0.889982152516,0.155138732478,0.710773659687,0.730441029358,-1.0969984504,-0.292481359654,-0.73787680475,-1.14501631629,-2.68271725666
-0.640247644157,-1.30772009786,-1.32152094437,-1.71753421958,-0.428124485821,-0.384376120453,-0.311338543904,-0.118421557463,0.11440746433,-0.767206112605,-0.840842459416
-0.43370663709,-0.784708150236,-0.4798846746,-0.126184044258,0.51104249088,0.139211773563,-0.710015895691,-0.116575777046,-0.980180690512,0.255476381879,-1.30475258771
-0.109688368649,-0.129387965479,0.864908077501,-0.229914562192,0.0363966656166,-0.147652563004,0.233147688889,1.28672917152,0.994622778975,0.566414104928,0.243914252038
0.042045193053,1.25055502086,0.921315560188,1.57749902374,1.28754981806,-0.0829622166436,-0.641633527678,0.422139015359,1.33869181191,-0.292164103505,0.805740801249
-2.54384112869,-1.64743555268,-0.522033436261,-0.315647291788,-0.23301275438,0.951680466155,0.136177843431,0.133093259682,-0.100369307794,0.787939783031,-2.25253444647
0.115418299006,-0.987965156697,-0.00993331534579,-0.719928717592,-0.680891802883,-0.555676108851,-0.637691173317,0.213962624837,0.809617709406,1.09448272901,1.82982299091
0.126675546289,1.11472404962,0.714300331745,1.32047985672,1.91799176161,1.09230699076,0.934412844921,1.24504230185,0.185192769471,0.111277371146,0.162848610412
0.408891903148,-0.584392135571,0.441293464928,-0.987613430219,-2.17042279558,-1.51079013451,0.146212829971,0.250614538451,1.59466461765,3.18484570388,1.05284390317
0.946573099932,0.583446897761,0.175297916303,0.2025245388,-0.0992906667507,-0.300482174568,-0.692451121632,-0.72046669997,0.935591731483,0.367668334286,2.05842329249
0.77559644451,0.882565226801,0.383054071427,0.589500421255,-0.156270218697,-0.716339739977,-1.30568323524,-1.36686730134,-1.07739634296,-0.796922930618,1.01789720966
-1.3101697896,-0.944094323419,-0.755157647868,-0.154469979318,-1.47739335936,-1.39461009716,-0.0550573117973,0.0462002153119,-0.0271202193818,-0.0407011115494,-2.28633453759
0.0537710810703,0.748291388054,1.58486590824,1.10430067577,1.63459711525,0.402068478531,0.755101242359,-0.0340594699077,0.55856071212,0.172502158215,0.0870687341039
0.617402212546,0.152651599986,1.06241022588,-0.14609755796,-0.413203867433,0.17787523239,0.582939061533,-0.0349372185705,0.292563933005,1.69178790466,1.71798047235
-0.103150620512,-1.16402410128,-2.1563439737,-2.72183126193,-2.14095746257,-1.80268798042,-2.61812662353,-3.00854448872,-2.02365955852,-1.61487227882,-2.04862916935
0.429778416883,0.110229754549,-1.1577705835,-0.577401375542,-1.40278067024,-1.05822824797,-1.01606036891,-0.475184279154,-1.16491733314,-2.405189106,-0.257241605534
0.872354277602,1.36490016717,1.61500784038,0.90624902188,1.53384650208,1.32994220016,0.141562693639,-0.717356339339,0.160010766593,0.954924531403,1.54900066705
1.40772185492,1.16160902088,-0.587156322046,-1.09455878498,-0.147386587123,-0.544046353871,-1.44611389084,-0.335873439555,-0.848733664321,0.508945863477,1.21984222569
-0.457052829449,0.181804382546,0.210010945243,-0.582049359636,-0.275793377054,-1.12726513462,-0.478445021476,-0.421941942108,-0.716322334723,-1.04897297672,-2.02479150185
-0.501356802126,-0.460297756808,-0.631135964024,-0.422397877024,-0.787705329075,-1.20997600312,-0.867090058258,-0.606489804552,0.107732969088,0.565320214199,-1.5215966898
-1.70295352439,-1.06374933547,-1.03415487641,-1.38129036758,-1.76390380647,-1.11852431367,-1.27837340528,-1.03107312136,-0.928490148983,-0.021669706191,-3.98783139479
-1.67582637943,-0.739899967878,0.112367111604,1.48911690763,0.435552876582,-0.499580408181,0.183626342034,0.961839535239,0.714717545525,0.838771549032,-1.49279208789
-0.629566494238,-0.185069196392,-0.27182892569,-0.260571087066,-0.52386345251,0.213208391655,1.49243303184,1.26029105259,1.17249082906,1.70599292865,-1.14199817734
0.310816944481,-0.439100528055,-0.151627855835,0.23734029096,0.423099631482,1.30489205258,0.866593446753,0.865497500071,1.10451511939,0.845096782333,1.6027330091
-1.16335524365,0.0173766246611,1.33078157869,0.788426688636,0.351590498071,0.634964655204,0.964593495683,-0.184220701863,-0.321576053759,0.284903869699,-1.45720393429
-1.35147275317,-1.71936892206,-1.02128594548,-1.47290732778,-1.03031331044,-0.314789758851,-0.456270164301,-0.924317939912,-1.0616962102,-1.52107390089,-0.484789681494
0.333538637714,-1.09573442573,-1.41215870556,0.256078347579,1.26717386165,0.809072199183,0.0517192933503,-0.590930404617,-0.415942299293,-1.64539774691,0.20998814039
0.248163569209,0.0203885257782,0.444095877142,1.1077862757,0.142245733188,0.114835901208,-0.339822356784,-0.11369236236,-0.226567841403,0.411878441589,1.23420979826
0.0560282596113,-0.468934864798,-0.772894979482,0.242443000318,1.04272274827,1.16015644474,0.905841239041,0.401057963208,-0.128384160447,0.421570458879,0.00457044462165
0.670028472122,1.85844285723,1.61659748199,1.93289700865,0.89824833165,1.1563767031,1.35168061868,3.537430866,2.48933961337,1.7034859496,3.38122450687
-0.83533753702,-0.431769850578,-1.98892582211,-1.64616454671,-1.29537919554,-1.47120346674,-1.56023349169,-1.07579931547,-1.14198989233,-0.379296421831,-3.83614100006
-1.21397646967,-0.551788252688,0.0161128374634,-1.2194354081,-0.978049919565,-0.587453135272,-0.671040298114,-0.327663263979,-0.0280378176965,-0.139199034239,-1.47594906805
-0.864938951701,0.767416913564,0.0491811003168,-0.0346794547704,0.786968833028,0.844034924657,1.15620705114,1.06679799262,1.48239557543,2.23248442501,-2.15070654502
-1.00260548232,-0.0321374096663,-0.642005816098,-0.531768998599,0.207885686954,-0.816031240586,-0.447042124888,0.48298374797,1.15680817995,0.583028514148,-3.64592161631
-1.95088885058,-2.02489515059,0.000166165410177,0.959268062543,0.761070744982,0.0286971104179,1.06775375262,1.44665764469,1.11249925103,1.67861873073,-0.756770644873
-0.140700122576,1.19247678121,-0.122061952126,-1.21999709665,-0.494514833728,-1.06506413427,-0.250263520184,-0.478875222055,0.570384687697,1.39528359711,-2.39822329612
-0.325747104216,0.130918634135,-0.400977860534,-0.292826358533,-0.17882817147,0.288272549045,-0.1260924575,0.490919019827,1.34157098314,2.04370188292,-0.844625629627
0.691565046208,0.793559262728,1.52931155709,1.34377543869,0.68740606705,0.226042709267,0.830002714143,1.60122880564,0.975838208313,1.26538023422,3.37363500435
0.473505116022,0.0179209574875,0.360000300543,0.935051079434,-0.244735378286,-0.309587160792,0.126769354623,-0.71600388692,-1.17572168809,-0.312936329428,1.24630844945
0.271738573529,0.140794305827,-1.46105326446,-1.2828979645,-2.52248012441,-1.58177076082,-1.19713555929,-0.318911707437,-0.884670781692,-1.42593981443,-1.2976152838
0.536893506235,1.65176183583,-0.128647520958,-0.293416617129,-1.00458729859,-1.49952245841,-0.292015592196,-0.197243852286,-0.937449495635,-1.18226188542,-0.343696305736
1.4915760775,1.21968888013,-0.256442061491,-1.14625833307,-0.0297381059884,-0.70905163831,0.587550294853,0.314242947682,0.225505590507,0.687196677009,0.155536812817
0.0871367465851,0.842473690794,1.92919266541,1.73713235997,0.850648216905,0.533222423748,1.07092794507,0.68731280441,0.568042257927,0.317445959902,0.732560620427
-0.678773045024,-0.167013878077,-1.62456590858,-1.32369674716,-0.126125811098,-0.13539383916,0.34579487423,-0.0883200766249,-1.01482830499,-1.46105392627,-3.15431155276
0.70525522565,0.85203783583,1.78829899246,1.55339592952,1.36825641444,0.628605768755,-0.396273940039,-0.101937173506,0.291739774525,0.405140703378,3.08727983271
-0.156446028979,0.188876495342,-0.175797223962,0.5052094869,0.442269662571,0.445584989408,0.512626311849,-0.358855661162,0.805688865464,0.679963104292,-1.61902340159
1.59943363406,2.20398711112,0.842797205859,0.882835925003,1.27630723623,2.01195576231,1.22807104441,1.31029574317,-1.29440564153,0.0596508677467,3.00257733802
-1.23790961782,-1.9877254352,-1.9852471759,-2.07777658349,-1.90435298542,-0.760952713436,0.565873744108,1.74305871917,-0.809117795792,-1.57447158683,-1.47511397989
-0.279427441255,1.16406882986,0.941345927493,0.751296041046,1.48809112296,0.930920584746,0.538582971478,0.934512703868,1.25539030498,1.18751795224,0.351400175981
0.095720912569,0.0314349748819,1.06419220971,0.912372719505,1.69074448512,0.848613150846,1.7658074974,1.30665655807,1.87155124946,1.51360425641,0.807129226012
0.624016092731,0.63635595671,-0.489198344714,-0.575810170043,-0.440830100403,-1.36383542291,-1.16889142061,0.340461566217,0.0741468094274,0.241168364428,-0.378261682597
0.220432181776,1.10723968591,-0.578106268185,-0.0290441117836,0.241961772304,0.36333073125,-0.813756483298,0.439797488269,-0.0609097490479,-0.834367008056,-0.612075199454
-0.885273255848,-1.50582988966,-1.09402955999,-0.335302569061,-0.722626951976,0.00974568890473,-0.470892485513,-0.377873158743,-0.483527152652,-0.998954502913,-0.337193952206
-0.477526043565,0.647584754425,1.3895647037,0.321683365135,-1.09191146041,-0.876831115531,-0.291146278705,0.533245793782,-0.584921376367,0.545205638132,-0.00799154762467
1.95008920604,1.61842544966,1.1788146549,1.17045269406,1.22074836788,-0.349908730147,0.434853735144,1.21411425145,1.87974437747,2.60712438113,3.51368860537
0.5069853711,0.458623403091,0.53877847297,-0.102065608743,-0.0788760254128,0.397773452071,0.155259733018,1.38700658485,0.960866633563,0.285024886866,1.79877091796
1.31978576861,0.684407511479,-0.580383955215,-0.459108153342,0.627548392835,-0.684973444448,0.0440794171188,0.410517708934,0.55630781139,0.783035855058,0.684424165524
0.0144646129324,-0.0777549996815,-0.62471651239,-0.554140060088,-0.982647246621,-0.632314616676,-0.671453155384,0.0861850084648,-0.173490242819,0.879918072745,-0.974658285493
-0.8596287694,-0.39036943806,-0.828250437231,-0.172580827084,0.604662111686,-0.0501546513352,-0.299501484178,-0.223759877853,-2.05220525413,-2.16187333908,-2.57635707198
1.71876682672,1.35721666193,0.983716487987,1.2361958908,0.767040619448,1.61280727995,0.0318825983729,-0.225541720225,0.938656706825,0.449482908829,3.48221850639
-0.296409710604,0.478019804438,1.03683933642,0.706389797615,-0.590386658721,-0.874830758684,-1.63931016222,-2.13895232241,-3.38650938529,-1.4005356533,0.314047027557
1.0796967892,0.411543173314,0.125397918869,0.351052225512,-0.884340991609,-2.72084090419,-0.860403925682,0.116316128345,0.782072774141,0.411597396482,1.96616703744
0.487424690746,-0.23955208438,-0.804828593159,-0.404614115901,-0.00382108846251,-0.94931444312,0.331738002525,0.482958753762,-0.24608192317,0.174100656616,-1.07899350291
0.00664070666571,-0.140709638892,-0.550791408097,0.54845071714,0.824445403641,0.666267229666,0.643031217969,0.18704412326,0.375614791232,-0.054897273876,-0.395529322091
1.21365283218,-0.000112336118862,1.13085464643,0.240190491487,1.13648990003,1.18894786245,1.63064983193,-0.205229072677,-1.12982617647,-1.19673239378,2.52395348876
0.599479313545,1.02286719898,0.752114193347,1.8560147138,0.145394147223,-0.462758681512,-1.05638448204,0.272672953529,-0.695802910584,-0.668825022871,2.17662883088
-0.000240739051472,0.756794451944,0.389861030061,0.913072955248,0.395430757728,1.09896929147,0.339645320881,-0.555697814544,0.0723945037173,-0.352706975924,0.250998357762
0.450718684191,1.1461331729,-0.029447381618,-0.0713005853716,-0.999983353589,-0.600380641564,-1.204918099,-0.955650063996,-0.935259841369,-0.427985885089,0.00253975011295
-2.36936697188,-1.41427545959,-1.47612487407,-0.850951663179,0.00160600701776,-0.600950969509,0.656777593752,0.298496454739,0.595628841258,0.561800790471,-4.48726002829
-0.476311063843,0.373539706197,-0.338161355454,-0.947909020255,-1.24617707629,-0.809754952322,-1.06950132865,-0.20751546563,1.03509709927,0.575840219314,-1.95441086419
0.634148154097,-0.40566149855,-1.11626023199,-1.45055840174,-0.914555770524,0.576463206057,2.11318853693,0.700102243533,-0.0225381912044,-1.09848996672,0.0235165759969
-1.00144330175,-1.09658038493,-2.00526823498,-1.9181882115,-1.17709051322,-0.458200635688,-0.584750952193,-0.496878076854,-0.693190785781,-0.818110613226,-3.16277013899
0.298491249753,0.0390688564145,-0.1321030412,-0.310628945546,-0.390428641925,-0.701029386674,-0.0646259040048,0.539535238606,1.85423400607,1.32712492819,0.29529331149
-0.301374855065,-0.1330565346,0.439297625198,1.26440789261,0.901923060173,-0.0482259101722,-0.560619791907,0.114564332255,0.615791166303,0.257069599741,0.357479158448
-0.748682534833,-0.733210154713,-0.389352320592,-0.674332651674,-0.0930851595541,-0.665419324159,-1.49625265531,-0.616837895317,-0.789553797634,-1.42716583281,-1.21514528043
-0.0128499125104,-0.229024814816,-1.22210187467,-1.36079060392,-2.30649471385,-2.10680077651,-1.26645802134,-1.13705312913,-0.122335760129,0.439138945864,-1.99096807592
0.474714267913,-0.222230348986,-0.55212130868,0.282375423875,0.0598028365741,-0.0451477116214,-0.391330511445,0.611683900504,0.267554107387,-0.383243037163,0.484471334214
-0.843537245539,0.154423417227,1.02101768182,1.42244799302,0.0833973936522,-0.725351243714,0.127727536354,0.789350591397,-1.42145670874,-0.98991605088,-0.0690831098209
-0.0373601074235,-0.789624026367,0.248208218302,-1.08573282819,-0.75906753953,-1.73462711218,-0.963604661053,-0.402345369937,-0.0130454088642,-0.909044355606,0.288513482013
0.582490724877,1.51691700439,0.762423749313,1.5246248964,1.87439008019,1.95241820417,1.31085866613,-0.0436748509892,-0.130950317627,-0.436200585069,0.78232558302
-0.107716882296,0.55538701844,-0.244624913023,1.16238262479,0.225280153182,0.0458669207892,-0.0148662948766,-0.0299558377278,0.339008185799,0.300551522182,0.0708968860083
-0.258156145374,0.998155982427,0.218889609691,-1.48235629502,-0.556835703054,-0.919850079148,-0.273524633394,-1.64944275484,-1.91899843837,-1.88965542124,-2.9807759555
0.154158854505,0.172988334186,0.513711254438,1.19151679502,1.23073859486,1.90666266148,0.98066357012,-0.139690138944,-1.23811033998,-1.57923732652,1.3868340276
1.42568227862,0.98772913263,1.18454280774,0.137587673065,-0.0559553948909,-0.619496028127,-0.496556423004,-0.269010188214,-2.15437518442,-2.23699135461,2.98495532379
-1.39003108634,-0.967962527743,-0.243490938797,-0.213736009794,0.686689338572,0.467473865441,-0.39196669752,-1.01551056369,-2.06314036697,-0.0252971407824,-2.75453326099
0.241085844114,0.606089531342,0.0597818284408,1.18192335414,1.43389486726,1.46972003584,2.15332806256,-0.317258439554,0.0989316509406,0.703771218732,0.204060428882
0.588159341856,1.55523766848,1.74069256566,0.387035125947,1.25492518113,1.10192199575,0.416675303585,-0.665717049116,-0.859609817039,-0.414915614192,0.938796034206
-0.103213207126,-0.270725903397,1.06388606475,0.320222482217,0.714981616335,-0.340597063863,0.262548097428,0.109354241781,1.06175864229,1.13674856195,0.0772647628462
0.907658274213,2.41875714666,1.35447573089,-0.0325982803629,-0.861414412146,-1.63588469044,-2.4605231027,-2.59561115155,-1.39462295988,-1.11462790234,0.983429271915
1.05523595323,0.811950189346,0.405688065026,2.06296851604,1.71885803661,1.2046928551,0.951014113838,1.05710790398,0.718572774475,2.14245913661,3.11924630616
-0.655004376352,0.129885769055,0.722464295134,1.16789855696,1.47487557292,0.0180671292569,0.106623467726,0.0239085761765,1.62045552336,0.528057510896,-1.56348999358
0.245128277172,-0.949323043785,-0.547113681993,0.470048485758,0.56927408093,0.260098451767,1.05916938362,0.308219132455,-0.665271890182,-0.645325572387,-0.300008050068
0.112795422501,0.192401207002,0.463207959257,0.218202349024,-0.995331830773,-0.474731260278,-0.412711899494,0.46501479721,1.21146565569,1.1075093388,1.30208888518
0.638490166089,1.09603839113,2.2744840204,0.226919978676,-0.0189423666931,-0.850010776076,-0.468058840386,-1.62947990107,-2.8221556859,-2.68137729252,1.33099470189
1.96518014906,0.505251581032,0.343668069387,0.582294289938,-0.430741652026,-0.343013612928,0.615103124616,-0.289585552947,0.209327161682,0.787838368422,4.28861849854
0.23456405364,0.297630143475,1.2325561738,1.48691789415,1.58492335148,1.85580775481,1.06258769912,1.13185312259,0.538500085726,1.7556980525,2.22010930261
1.26809862371,1.22120669008,1.26225600614,-0.0865393662944,0.863751280127,-0.303699526937,0.387974496473,0.344140307482,1.50121628224,0.976246793059,2.31447105223
-0.53879948765,-0.385853131185,0.53517051609,-0.427848358167,1.80785395153,1.77173303581,1.98183518863,1.46268432075,1.70981802527,0.781015440942,-1.41683493721
-0.801475432389,-0.36962220078,-0.66144570065,-0.577401064276,0.0758100106092,-1.25843390843,-1.3421161164,0.991692323393,1.36826297595,-0.128612632644,-1.82526372097
0.537229890148,-0.0124667699844,0.560038259348,0.120533965492,0.236120195244,-0.41609776624,-0.346940517879,-0.0878906643374,-0.432049539474,-0.195862292877,1.46500231788
-0.847973927325,-0.753634371177,0.0982447177095,-1.09343677436,-0.668026121102,-1.18255181891,-0.806527251874,-1.13603746252,0.00189665193022,-0.208351062753,-1.04787669597
0.147041027855,0.521411831211,0.709790434782,0.201241863702,-1.27805709102,-1.32069260209,-1.28921963907,-0.278712053649,-1.14571485706,-1.21508691639,0.575367404054
-0.727533739049,-0.476506484676,-0.0265889853185,-1.00978573934,-0.688257101037,-0.139636063227,0.164094787071,-0.275872787801,-1.67386848581,-0.685750211542,-1.20363689863
0.718995524083,0.486556690008,0.882110133341,0.75310718839,2.44558843415,1.11159135771,0.720201921515,-1.06452309283,-0.477887946299,-0.849640590393,1.09604693705
0.108993217415,0.847216274307,0.498517413759,-0.230404696898,-1.48409912236,-0.454384990819,0.243386325486,1.36489387802,0.464090157014,-0.0928749560239,-0.108939753244
0.416414330186,-0.0187471992951,-0.60273232659,0.637058799783,0.564018626342,-0.89389547581,-0.979556739589,0.159803387498,1.60915608548,1.73250238272,-0.1574744193
-0.365557666449,-1.11942563413,0.0765272167416,0.684352473409,-0.32512731387,0.715190987345,-0.0117123316778,0.258010345847,-0.208812210002,-0.0404282064667,1.33547917703
0.995967613147,0.540687902286,0.563868248675,-0.580662931385,-0.603837118815,1.22078591985,1.85103287521,1.05574176153,0.553082867878,0.367575965978,2.52173146861
1.67458650293,0.000932336973506,0.470962992205,-0.309763349762,0.997000012804,0.0909669486539,-0.568060891658,-0.575836339845,0.0220371779041,0.0707573200573,3.21871626016
0.208865610224,0.124007453761,-0.116544490811,0.713830717385,0.868061449341,0.214850751763,1.01517778908,1.06706647357,2.19497028753,0.58815867344,-0.197903810657
0.655641435031,0.486699540946,0.686823776587,0.201402715361,0.562203759305,0.593825841847,0.91728910589,1.04925722832,-0.117253736888,-0.853095238801,1.88276622941
-0.442955561694,-0.372934520559,-0.40457118709,-0.10718051522,-0.0775599967391,-2.43199536755,-0.329627503803,-1.29059193699,-0.847556727306,-1.01737748744,-1.44500729124
1.84543543554,0.478092948876,0.623295041968,0.892936736038,0.905048499371,-0.637601409645,-0.730460383768,-0.702504033481,0.444172712844,-0.238158708199,3.52701905315
-0.766197341866,-0.767257439484,-1.15733103892,-0.551130582589,-1.68492563185,-1.64481627321,-1.36779708169,-0.728740682444,-0.45149188689,-0.035272605458,-1.92240433104
-0.964336033015,0.20896726833,-0.280594518642,-0.51386917277,-0.403151134149,0.619059925488,-1.80794078615,-0.975476333303,-0.379662339578,-0.622323244884,-2.38494626508
-0.989464226673,-2.53973612429,-2.01139527319,-1.48834797972,-1.13696934286,-2.19592605966,-2.04768081194,-0.565314645333,-1.1043609307,-0.367151461893,-0.112706064144
0.730653388854,0.772325857012,0.921996904127,1.02100084371,1.75886371603,0.924441712522,0.468908031591,0.612153856038,-0.783214881525,-1.49461774069,2.26031210881
-1.28956263817,-0.372581912406,-0.0566563657584,0.421943172635,2.22901672168,2.3644508296,1.67669642199,0.846790099028,1.36123716788,1.11170416299,-2.47512735961
-0.737499201843,-0.407116603073,-0.253757723726,-0.430803265368,0.424076924735,1.18091866848,0.332944311724,0.605608020234,1.05584858781,1.12256215022,-1.43070219687
0.436621307709,-0.0041213260311,0.320642677403,2.7033911129,0.889481618471,0.669443697354,1.51514224187,0.12731127032,-0.278972987106,0.393549930093,1.29740125294
1.07010634393,2.55638797987,2.02172698198,1.48622849376,1.3549901539,1.159680097,1.10343377577,-0.485463950286,-1.04787337861,-1.44289516488,1.83413347623
0.421919702956,0.220353009496,0.107098686377,-0.922457005706,-1.32656312979,-1.60709844524,-1.58318716477,-3.08889093906,-1.45813535235,-1.40688973487,-0.225249093987
1.67010338589,1.02521851167,0.0809933731658,-0.131676097168,-0.643943312576,-0.731846465273,-0.578049875304,-0.452948028158,0.143788523242,0.445887155158,3.12189401088
1.64006812001,2.88801264917,2.24593687912,2.22807969941,1.26299595137,0.80081346861,1.50615302001,1.63650688697,0.921792112201,0.147889957319,5.28058995265
-0.621418466164,0.182064583068,-0.783593296793,-0.447970948383,-0.728815298012,-1.05938320312,-0.639539188852,-0.244967048865,-0.0784787119015,-0.180883695135,-2.34908771267
-0.854307532588,-0.32255503266,0.211295441486,0.250769346177,1.74338370294,0.63450107482,1.0234788335,0.250788102847,0.292135154217,-0.277182317604,-1.15979928847
1.20805561147,0.309612377379,0.237847085402,1.22788268404,1.54796792133,0.0606253358261,-0.0247696399621,0.781075266134,0.967886127696,1.99589021232,1.83698804978
1.36398276889,0.896426718251,1.67990118131,0.0248640405663,0.969788822985,-0.0772190501843,1.21310926657,0.673862015342,1.09298251184,0.493777701696,2.27851044826
-1.07591167994,-0.627001156567,-1.24308065617,-1.17952669355,-0.931919432242,0.830012587746,0.392159583216,0.0189431101717,-1.80214116155,-0.905065973857,-3.172179353
-0.349650109757,0.127694349465,0.266466764978,0.58914380957,0.125802109946,-1.19375469247,-2.03700718797,-0.163399389284,0.860308899045,0.823302033999,-0.916589403529
-1.73044321091,-2.28224306899,-0.921610739198,0.0340984167152,1.49652010426,1.20747218745,0.911611020871,0.108559877474,-0.0867433658994,0.932509873216,-1.33099213552
0.235110402007,0.84952335824,1.40979765792,0.306837491412,-0.204440356365,1.25049586649,1.73004855055,1.54059468449,1.36930866481,0.207751753667,1.77306674119
-0.470912975726,-1.84282229342,-0.754565165578,-1.65121718504,-0.236781272991,0.49753431654,0.94001334156,-0.382670212398,0.655613814813,-0.709493321999,0.516006030382
0.545924737172,-0.085615563322,-0.129556157441,-1.17881261171,-1.23700609258,-0.550512006803,-0.363701587955,0.36390737365,0.146029039988,0.0641111847134,0.481976252065
0.62218712834,-0.0704863437403,0.404131733599,0.19469752401,0.496141023795,1.21080365049,1.15369981893,1.83213616697,0.0369014246902,-0.142293414003,1.68835532199
2.28631841678,1.67823468309,1.27476826881,0.646446508127,0.412035717695,0.747025617251,1.03974824421,0.504093445941,1.11567756504,0.089003951587,4.21120811633
-0.803190285011,-0.617901773554,0.686975878241,1.18599649876,0.287944805206,0.694160468298,2.00124141144,1.28556218905,0.220496736267,0.174649116663,0.0180376820755
-0.903464469921,-0.583068392511,0.376190900431,0.335778838771,0.709021191443,-0.162247538532,0.577545674164,0.530799143658,0.70693536834,0.184483793116,-2.40735730734
1.47951043895,-0.943318014835,-0.612824126487,-0.849359547679,0.362934954409,0.950189868972,0.361512222401,0.150599267561,0.291803461286,0.366388096613,3.62716869984
-0.128935273252,-0.198768131196,-0.347065796824,-0.119390978069,0.501489675069,-0.793317553883,0.161294983349,-0.531283769854,0.0551016862136,0.902239486429,-1.21407331644
0.418807308178,1.65341516151,0.138047045996,0.47995873773,0.920907461301,0.673420593116,1.569384475,-0.321233800177,-0.467215488447,-1.2957880771,-1.48496898314
0.987762988165,-0.641335196057,-0.947060887161,-0.642300589347,-1.02992896855,-0.810986359356,-1.43764579376,-1.35121926049,-1.53695035738,-0.614977042511,1.92481327698
-2.19848992383,-0.71171100701,0.832661908139,-0.230591988424,0.0988505489319,-0.0017852794066,0.294151666934,-0.115911980409,-0.512937722254,-0.652762401138,-3.43276183113
-1.54204247987,-0.689405345943,-1.00739408909,-1.41742566592,-0.445709539043,-0.984275200512,-0.436559175766,-1.66932473519,-1.07889585567,0.300548778887,-4.62388266663
-0.858032588024,-1.68492033748,-2.13998802067,-0.710259241709,-1.29189759705,-1.12456576057,0.199530621205,-0.117828669015,0.0842606094353,-1.2923415406,-1.38658688702
0.147968061984,-0.00757974558547,-0.55711343607,-0.871822280425,-0.594045286394,0.06913275488,0.688162149712,2.3540535354,2.01773315098,2.07669618901,0.33482701294
-0.86215764076,-1.80890628997,-0.788379489775,0.354899500274,0.569672865124,1.90743719387,0.578580134404,0.338398655301,0.0807185204264,1.28489488354,0.342881693546
-1.23545512148,-0.92076455837,-1.67072652867,0.144183603184,-0.723332164267,-0.535211816561,-0.87437113461,0.22422890886,1.06121415699,2.05469389605,-2.52323024491
0.309296148418,0.278231371854,0.624112669558,0.132906349841,-0.00710572234673,-0.260083807134,0.0451417623755,0.468140011936,0.80495702667,2.13523652179,0.127538948705
2.58047453646,1.23172761535,0.739505129807,2.34674552853,1.85165842575,1.30221283492,1.3994576725,-0.366131299799,0.709266133837,1.35627024318,4.36869617836
0.0121598637146,-0.636412331022,-2.22136231139,-2.55903410381,-1.66068245081,-0.319612702435,-0.431626396189,-0.180259021273,-0.932536744828,-0.742689954921,-2.21551947346
-1.29931515916,-0.704269017883,-0.416151953786,-0.507090180809,-0.866764475625,-1.87610223489,-0.359801505715,-0.509850858257,-0.84696327893,-0.41759156878,-3.58427040728
-0.208222609045,-0.314502128751,-0.30696809637,-0.45420558446,-0.492549343727,0.500517716916,1.0560463247,0.0506229225349,0.81816556128,1.39751314945,-1.3162305061
-0.593167579736,-0.0735066777483,0.0834094100623,0.813558886677,-0.425863789774,-0.891445813719,0.757333791478,0.164326891176,-0.311552203605,0.353663598026,-1.46506024642
-0.505146270752,-0.537923807413,0.118029650456,0.562764840853,1.59616680635,1.5719894786,0.569861014889,0.461739307148,-0.969130599603,-1.583139625,-0.282717193385
-0.0368371238253,-0.289168827007,-0.768666138139,-0.262531881595,-1.86841796842,-0.135725584831,-0.381836848499,1.30732000916,0.662248931746,0.845819119747,0.445276180735
-0.791399883171,-0.0373626463984,1.15616674952,1.03758241114,1.67142892056,0.971765666456,-0.160376197671,0.813306482031,-0.883283042094,-0.673090124966,-1.41802557474
0.363146864088,0.848328551342,0.701624540432,0.543482605604,0.177336859656,-0.422508127153,-0.610922162892,0.269928765395,-0.385930268127,-1.70795980058,2.0003272946
-0.812413099134,-1.86853752448,-2.31879783463,-2.17891139618,-2.22361836216,-0.914337303522,0.587928445295,0.515720335524,-0.377942334498,0.427313527907,-1.48503413662
-0.521953632818,-2.39755420354,-1.8670913301,-1.55498966663,-0.345911082177,-0.15976428331,0.866647847111,-0.128708783914,-0.42282086012,0.0416194296036,-0.543462044934
-0.313212083581,0.42907453424,-0.382697583675,-0.550690011791,0.0490573146743,1.51442236522,1.06733883315,1.14831845295,0.190590291383,0.981401706959,-1.56645877471
-0.764931356125,-1.30217265198,-0.500532705083,-1.80706848918,-1.13109662679,-1.47763105535,-1.21822902045,-0.197878173221,-0.263782635655,-0.65534180579,-1.69190842874
-0.0807682745296,1.48983026996,0.572664204524,0.144201304414,0.42666342387,0.996221278945,0.742759777224,0.759578630772,-0.805023028744,-0.540912739177,-0.620599777714
-0.0105768701264,0.213759548379,1.04502856887,0.525174919667,0.06641402065,-0.807848212835,-0.768272466292,0.0435945634328,-0.566654068762,0.812115716083,0.485593308164
1.09506512141,1.90774164781,0.185281950416,1.23605731821,1.2825003784,0.0491913214194,-0.119919677209,0.31249094727,0.825174765723,0.952840747436,1.08038488449
-1.81949179449,-1.11230125378,-1.09112618338,-0.631010678118,-2.28227785336,-1.59767274847,-0.896959399954,0.922121803392,1.07928748956,0.00163504069284,-2.47772451507
-0.509843628205,-0.503786183299,-0.933768819256,-1.19945196222,-1.54983672321,-2.75817375488,-2.47871109842,-1.40689864674,-0.00444111513712,1.70861872363,-1.74170246859
-0.422655526619,-0.936702514573,-0.907317728175,-0.389824140243,-0.73028545259,-0.49659909953,-1.38641541637,-1.12957300534,-0.723222067458,-0.632987602964,-0.482865301478
0.9456743861,0.542254827103,1.37985744681,0.73878904918,0.310223368483,0.502753491818,0.193274704677,-0.608100156214,-0.830333410285,-0.687173762258,2.88979536224
1.58876277326,1.47768877285,1.15476865431,0.737553227785,1.0080726671,1.53468045139,0.953236130246,1.07498174269,0.823961828668,1.66605417764,4.0274993788
1.41468620695,0.999913418865,0.783778384501,0.628349098351,0.0995993811899,0.121333344596,1.74000781758,1.38310906853,1.50987651472,1.48123180781,2.32902977237
-1.1249894067,0.455900017694,-0.00235518971476,1.08942262006,-0.756004388413,0.536666260441,1.29749223946,1.27999564152,1.5935709003,1.40686820145,-1.05991976418
0.173150793568,0.73605279992,0.0761752461502,-0.0910520564166,-0.245149916989,0.677907954114,0.313501424688,0.672387897413,-0.448276984734,0.164643393665,-0.363792885362
1.50583468869,1.91022596415,1.75922236212,2.57872748574,1.6560442329,1.62671186422,0.749174754171,0.136455564827,0.367059106348,-0.698294838961,3.44664881738
1.00714272653,0.732002640299,1.39659707055,1.5568859709,0.739525524327,0.970421574257,0.388599364761,-0.257877932155,-1.50013330778,-1.59455207015,3.31669200256
1.22254550006,2.20159472985,1.67001095959,1.45737475704,1.99804532567,0.621947869983,0.355160905261,0.31777281961,1.14909170447,1.26739102896,2.42745225629
1.35754298488,0.511434708277,0.927529299249,-0.363639650046,1.06310370108,1.24242832058,1.20084097473,0.13132465794,0.491507078121,0.23762577093,3.0677685195
0.135318843268,-0.340257414059,-1.35872166205,-0.761978985237,-0.538498655054,0.957942608726,0.152420712719,-0.178551791864,0.224111376993,-0.495169176529,0.0330089570867
-0.365916155916,0.621655159704,-0.279817263424,-0.450025289977,-0.226754830251,0.451165569591,0.299154843292,1.32406352898,1.79331483863,0.969427194348,-1.27162161368
0.663579428228,0.481460342916,1.10944651333,0.358279230387,0.170118990031,-0.00505930548685,-0.323302003308,-0.475301464598,0.937911965768,0.0466621174816,1.8463151893
1.2132585952,-0.0736695042922,-0.291404174869,0.785976056007,0.753074918972,0.267672924728,-0.417650345073,-0.763154183162,-1.62180626121,-0.439735745175,1.24635226636
-0.693721544675,0.146307103232,-0.131213729029,-0.713133468687,-1.11512422786,-1.91012972871,-1.70965160898,-2.97315833226,-3.11021153407,-2.13897701295,-2.7650531693
0.146628288794,-0.874908510221,-0.270937061738,-1.27020380069,-0.595865912317,-0.758776382824,-0.0600476687661,0.49047707949,0.167247855312,1.62884564828,0.673462787923
-1.01858096364,-0.583100381372,-0.69329062764,-1.22367015469,-0.33362050973,-0.765487291637,-0.0216453923033,-0.00731636475867,1.15328452647,1.35998808745,-3.24946941204
1.01869793969,-0.316687769759,-0.468507066107,-0.492877545554,-0.892463886834,-0.0468560066907,0.924349278754,0.535377051241,-0.366106006957,-1.26528823367,2.51676342108
0.950852066752,0.87337925772,0.17263691197,-0.806909238207,-0.0379357869796,1.14665879494,0.587973792558,-0.400623481872,-0.521145820312,-1.05892827013,0.233317917376
0.3558333063,-0.30638289738,0.0363474661668,0.485297770857,0.286909040914,0.418611298814,-0.982112542883,-0.948908686474,-0.59313943905,-0.107897202329,1.2422352264
-0.530432055421,-0.00521948055733,-0.268554007166,0.280867011098,0.11511930063,-0.0833782009933,0.773903343101,1.25321295529,0.639849237668,0.428823641368,-1.63461336008
0.209278046617,-1.17773328471,-1.35914451197,-0.0859825804487,0.709279896487,0.0849181242102,1.78197769087,1.90535678846,1.43955494815,1.62593867698,0.374154607691
1.29570627087,1.41093197186,-0.410071574876,-1.45153331825,-0.928691130995,-0.558355858852,-0.637375307495,-1.09991134482,-0.159318558736,-1.04195350352,-0.416760812293
-0.0122545334626,-0.450472575071,-0.608779863076,-0.245170411018,0.264781441062,0.742352386653,0.914892172193,0.171187977187,0.167582871244,0.481788410985,-0.922540536579
0.293102996207,-0.694706973426,-1.44905087658,-1.2325807765,-1.48747800892,-0.921948155709,-0.781848624562,-0.696785456531,-1.0206293674,-0.170664689687,1.07577796269
0.905734549015,0.0204050094399,-0.0402001767203,-0.0826059397841,0.412096826238,0.92321655409,0.362500011132,0.190979266942,-0.732543741734,-0.192459724571,1.23850910145
1.85877303931,1.45718716025,0.914232810736,-0.362480077002,0.36050646731,0.339499630577,-0.578839866117,1.01700475065,0.849320376664,0.917087553004,3.25391593816
0.605547879371,-0.137919377127,0.083361853319,-0.056071191136,-0.230629115965,-0.726935918335,0.174189796499,0.0816773526985,0.501690581766,0.344546142325,1.74944500056
-0.892290105554,-0.648449759536,-0.525563687134,-0.799808362519,0.78594125151,1.61629366815,0.458414867666,-0.233341922943,-0.88844414811,-1.28093919744,-1.99096563768
-0.735266851069,-0.779845341719,0.204298664051,-0.262686756948,-1.09221547424,-0.946523802484,-1.32626020722,-0.49111318815,-1.45249055149,-1.46688621207,-0.107770449287
0.210167040267,1.00702895667,0.359928191891,-0.304052137742,0.51417919782,0.517094689085,0.63253016095,-0.58053431472,-0.67617612412,-0.581012033948,-0.702427055988
0.594350032642,1.0506138475,0.786206547207,1.27716491031,1.00955734155,1.56977266546,0.569120968995,0.144175406263,-0.47071035052,-0.0499385454856,1.41835441826
0.936161733538,0.683846208753,0.843727864412,0.644735065115,0.000313799295592,0.539692037375,-0.494458220385,-0.706472573891,-0.607736044961,0.162110630821,2.39149919031
-3.03576792071,-3.12738310321,-2.05834884035,-1.35869052083,-2.16879518635,-1.47460473011,-1.71367462566,-1.03147354435,0.0254830796756,-1.23897971628,-1.24699382153
1.63160385272,0.876768974781,0.334540845309,-0.546952792018,-1.4902622537,-1.02904231649,-0.400948434775,-0.790745454978,-0.349245478633,-0.431107811288,2.0816533726
0.653748942204,0.741273118641,0.341890843102,-0.585528718244,0.000519426030592,-0.750763098671,-1.37841152832,-0.210108677331,1.1477720089,0.245943375947,0.657654131159
-0.0698726070891,-1.76152411876,-0.986741830633,-0.135319234615,-1.58337761095,-0.724524899744,-0.310569169621,-1.25268049236,-0.258105264895,-0.248357474415,2.04452406218
1.19203050287,0.602062930115,0.660847054698,0.735806450073,1.53336832201,0.714235973022,0.483294640362,-0.0495913663039,-0.300616991772,0.0681255158398,2.27038548046
-0.780832824745,-0.769631100605,-0.259339485488,0.45991203384,1.69734249444,0.772797799757,1.60266841223,1.60385362577,1.61218949328,1.01150619542,-1.27131646496
-0.247980821165,0.571281984143,-1.11742717738,-2.00159442919,-1.93860794232,-0.925094899952,-1.22958731714,-0.107261968862,0.199937810479,-0.590235704508,-2.10815658528
-2.32044817277,-2.17034545656,-1.84300787749,-0.932573650426,-0.598520984525,-1.51487365864,-1.61941073504,-1.56466823489,-0.840584351722,-0.0374283078062,-4.08539946619
2.20520391242,1.88510371388,0.583158999457,-0.287707581738,0.399620906773,0.0466965368874,-0.848679221823,0.20766222389,0.13950892471,0.726600831592,3.14264770432
0.928414287006,0.88924789852,0.800502010712,0.50588141917,-0.613043597354,0.393665760668,0.181481831555,-0.0978067623904,0.0696581314717,0.654765064255,2.23404059475
0.814951062376,0.413911901347,-1.41818756275,-2.15616635972,-1.23161327081,-0.771081646993,-0.287934315393,-0.190206202665,0.360210854345,-0.380376366322,-0.389137322454
1.53338992564,-0.0114176828319,-0.256076337999,0.326164172928,-0.602337370583,-0.374502358029,-0.271015815468,-0.149967079223,1.57898051944,1.13658252735,2.37653477397
1.08316648179,0.39725648166,0.941170402277,0.549896234061,-0.683865141713,-0.210012214242,0.43662887265,-0.659329620815,0.785294660676,-0.94321687466,2.9529470668
0.272732466515,0.950585946938,0.491653128573,0.374801937111,-0.501490587924,-0.717028189605,-0.824626834459,-0.0846198915196,-0.389943477389,-1.48454090481,0.61780059487
0.989407688412,1.12544869892,1.87912499638,1.72670773042,0.862572800882,2.40815117664,1.79520223429,1.56715773948,1.11130739188,1.6121534373,4.62846568949
-0.260003563137,0.348723068513,1.1124088835,1.12054297876,1.55505348489,2.35230843799,2.08487501931,1.15990387747,0.710968919345,0.814674655728,0.484028978058
0.0691642953415,0.0472710046597,-0.147753854694,1.0335037627,1.83904743736,1.93159270907,1.24972526725,0.53848749599,-0.423305290549,0.222520141885,0.50556728556
-0.354274761292,-0.0873823812835,-0.0789394327712,-1.8581567215,-1.06017773724,0.0140231425878,1.03955465917,0.810009574062,0.796934711393,1.55421617087,-2.46276560489
-1.41692509903,-0.983935920325,-1.5327240952,-1.99935316575,-1.80216070292,-0.174571395134,0.718784332459,0.184364137402,-0.382765064802,0.294891591522,-2.96072966888
1.64777910276,1.45293779653,2.28210770411,2.13803974184,1.28879755117,0.935673155637,1.66789662397,1.90768244431,0.123903649206,-0.148095503485,4.2072917048
0.755081123594,0.0696478608981,-0.826943508663,-1.08423543879,0.541326982857,1.62321150088,2.12126531336,1.01038802905,1.92103430058,0.56991889569,0.385755285574
-1.24719972529,0.136210519791,1.08149664589,0.523611309123,1.40065609463,0.981188486504,1.78323951938,2.11924034414,1.51451498393,2.12631922737,-1.30543356498
0.855234242218,0.178981559705,0.764048235527,0.244209895922,0.146050032362,0.80904414828,1.38753459671,0.991454645703,1.46547707131,1.01035196121,2.29281666853
1.04318249264,1.57732374903,0.668592528495,0.469302483013,-0.065963987424,1.12573814489,0.916568679824,0.479650908288,0.836616588053,0.121327714796,1.54815632593
-0.325405373015,0.0174303991235,-1.25832675653,-0.177933195048,-0.015424398806,-0.0302976291893,0.518003667225,1.05232363362,1.78971075172,0.925747579339,-1.45349561864
-0.394189955163,0.245680398594,0.292448268256,0.551088678682,-0.805232799553,-0.386986429841,0.302448601466,0.641280756761,0.555109497638,-0.181539086602,-0.461466155054
0.85864240316,0.729860181552,0.529820467694,0.206377507496,-1.45863386961,-0.831563608793,-1.18951048343,-1.67557173843,-0.692021481616,-0.0876410775046,2.06198685257
-0.388309473576,-0.911307623431,-1.19643873216,-2.06494809955,-1.82553899361,-0.566440192006,0.98260893503,0.938165377718,-0.417665342806,-0.963858407035,-1.95475148825
1.38277489086,1.67304026358,2.25125931676,0.963814853673,0.625260611362,-0.535882830819,-0.641701031059,-0.571935481938,-0.507357094911,-1.48607977135,3.52674476025
1.14637010806,1.81181951572,0.875822081185,0.662678396021,0.0180861482348,0.778197587601,0.705585343459,2.03857312568,0.383362618244,0.206959303788,2.31984362223
-1.97547555953,-1.65267017216,-1.23863100952,-0.662679235322,-0.540699307333,-0.629983494422,0.189851992835,-1.50618925964,-1.15944768532,-2.13428016893,-3.5286457309
-1.15809789136,-0.846698142069,-2.06543395643,-0.531892076229,0.150029905546,0.215308303047,0.3103632324,-0.338697075902,1.2576098713,1.3235070092,-3.55849939239
0.251381025491,-0.238333352832,0.0571679616955,-1.4500986737,-1.80819300104,0.5651217939,-0.947131754863,-1.17646747183,-0.889086393746,-0.0147262740105,0.604657698243
1.57327827073,1.35762145411,1.04363789621,0.950671093651,1.73635017569,1.85546744311,1.8792127677,0.936397841313,1.62870581425,2.74024843176,2.59434899276
0.392363756787,-0.302748493457,-0.383419360729,-0.217759532774,-0.288403484536,-0.107036990207,-0.1307728571,0.119863262983,0.337088407862,-0.399019092571,0.270870944918
-0.590779982878,-0.484912534908,0.180587815163,0.948910968685,-0.383908856743,-1.41046721608,-0.825929952348,-1.19652590376,-1.66646125938,-0.100314456678,-0.950404836695
1.08558341603,-0.140402031338,-0.803745851666,1.17451637761,-0.281658164297,-1.4472107936,0.213926541828,-0.0325449509988,-0.929353476289,-2.7002502114,1.06774598158
-0.770716462323,-1.85454810717,-2.47161588752,-1.058450498,-0.435123355074,0.0593903906291,0.0988601846558,0.712459499097,0.506967008515,1.4904695947,-1.071404475
0.414298191294,0.638003491212,0.0476281574301,0.341796936311,0.508000884879,-0.36591417052,0.105119832672,0.65736850081,0.638547701782,0.661989376858,0.527635914433
-0.0836024389558,-0.152068590004,0.579818066933,0.20966201147,-0.803824163508,-0.253716571592,-0.489370998527,-0.238937799784,-0.41001094199,-0.483813298896,1.33930266434
-0.398497451919,0.345729044869,0.296798503677,0.180872335569,0.00136500252805,-0.0334763740892,-0.931932640649,-2.33970248727,-2.4149013223,-1.7274207011,-0.927275981233
0.717306397384,0.531691664782,0.403855234012,0.982973322741,1.41648837183,1.65601564553,1.19235817756,0.906725098208,-0.731200269218,0.0296098544098,1.2676143961
-0.232662494264,-0.103662361233,-0.474724149792,0.463099118895,0.827305491195,0.219964841107,-1.1214298066,-0.115239714719,-0.374592711663,-0.164847342065,-0.614301208631
-0.350169704768,-0.515593939302,0.714740389412,0.768501084116,0.177391812968,0.265122446182,0.402017363023,0.59317568727,0.00261726610196,-0.515026678267,0.730584881114
-0.683222280331,-0.0459343746578,0.250903753776,0.51612153431,0.240811284836,-0.111218767115,0.384609165324,0.883423623799,1.13352362161,-0.317347911422,-0.405651645204
-0.453868154041,1.02585945658,1.34691394178,1.13775772464,0.655221578389,0.64909036211,-0.332001895991,-1.72021477402,-0.836459354834,-1.03408200787,0.108834064937
-0.59621400023,-1.55810696822,-0.50578233191,0.411059575857,0.0888997053052,-0.511972453037,-1.13951593508,-1.92745593796,-1.13784527098,-0.640356276623,-0.0575808118431
-0.342354788539,-0.777007808848,-1.18724969089,-0.846782705001,-0.690809629028,-0.451309196127,-1.12510110196,-1.34916148115,-1.69295410403,-0.980175199108,-2.07092556216
-0.127504495736,-0.517928105584,-1.67772681326,-0.754912390923,-0.580742527926,-0.781298368914,-0.765501135857,-0.677465377963,-0.966815204512,-0.641043766276,-2.12215903784
-1.36301948339,-1.30716439046,-0.952256208418,-0.57281438839,-0.528753262507,0.0542542138161,-0.206514524217,0.744738001555,1.12373067721,0.338904403313,-2.31066702981
-0.329000696351,-0.540259466327,0.375416646307,-0.348712667355,-0.358611650539,-0.886886570522,-1.05109796012,-0.637815977557,0.518231828315,0.0451592594075,-0.469235551143
0.522864893532,0.45903821134,0.538568000357,1.8314893833,2.32064659143,1.67682739798,1.15984276539,1.38041214167,1.4413483888,0.750711122987,2.22172779151
-1.09845444582,-0.0368757826056,-0.965189803768,-0.291732851734,-1.53768095763,-2.05582014664,-1.24656395006,-1.72411544799,-0.722887497939,-0.000189914677097,-3.9132201757
0.690788690256,0.780752022025,-0.170017262361,-1.27618454418,-0.558234813343,0.0337619677122,0.199674965281,-0.43423038403,-0.878663707579,-1.1096052406,-0.151461786782
1.90226485677,1.1409154124,0.826277382907,-0.632437060978,-0.272407093126,-0.692896005823,-0.112067911967,1.37369747541,1.53328123137,0.576022380954,3.32126876924
0.0640566816195,-0.179945334565,0.481111743884,-0.374288156927,-0.742470748492,-1.82812156423,-2.01786779302,-0.608720797911,-1.14608820468,-1.11461945886,0.474711421441
1.39800880268,1.09246277087,0.483660144417,0.717511338562,0.692378473264,-0.156245294668,0.967026404416,1.57424601632,1.63427666913,2.42054050485,2.26278034922
-0.803758499449,-0.738489037704,0.323790019527,-0.470532973612,-0.958091363237,-0.355471960404,0.418815215577,0.520507480779,0.402153821417,0.83247264478,0.0531605960202
-0.316183289287,1.53363297113,1.31976751349,1.55423868646,1.12367837692,0.308204237369,0.643296405618,0.0135013466684,0.0442734289035,0.733735717205,0.191118714896
1.48248463421,1.92511043007,1.52330770531,0.459568474192,-0.0961499167588,-0.644143026422,-0.378031123426,-0.024853991208,0.943801000168,-0.903136207362,2.4713367886
-1.79665089282,-0.112420042056,-0.0182189247294,0.90138082663,1.22789330442,0.547794605082,0.802588716006,1.15840761704,0.0615099724621,-0.573363326984,-3.20306906762
1.92053046702,-0.025971217854,1.67588625205,1.88790394763,1.35826883108,0.495171909058,1.22104483712,0.980505276071,0.416976848222,-0.957193878065,5.5048473169
-2.20272859448,-2.66114843093,-1.95677559965,-1.83344489623,-2.33517008373,-1.17996692143,-0.958281834172,-0.128597427144,-0.545875643324,-1.33652186608,-2.12895039702
0.0325641933799,-0.736601761528,0.43950860884,0.4740918112,0.372549151939,-0.407902213941,0.413886725105,-1.26420117897,-0.665993817397,-0.523257773838,0.867326451811
0.751933081318,-0.782897720847,-0.110098827263,-1.01450966613,-1.48728444274,-2.09214936788,-1.40964856715,-0.790376037648,-0.936528663822,0.0646662872336,1.81877294694
-0.239671861651,-0.0428749551394,0.335373460512,0.573301054328,-0.0585011895799,0.578734798653,-0.599773673395,-0.854099434057,-1.15513284003,0.422403057872,0.448941061831
-0.367065098228,-0.786964905095,-0.210475668179,-0.250906176528,0.610397126855,0.693708373152,0.0467528752091,-0.437223861186,0.296051389466,0.969711127867,0.220086554434
0.243941286249,0.0611857999009,0.280940088039,-0.390642849716,0.436531222491,0.494019140065,-0.19664288022,0.908831103125,1.28523037125,1.10751948552,1.50382500338
1.01317869776,0.873340542945,-0.489051834586,-2.55870451337,-3.19337018821,-0.961832017789,0.516123697117,0.515671453058,-0.112710049184,0.0587320572152,-0.4797995531
1.70595448019,0.411101155233,1.08102035301,0.76008265102,-0.681645486967,-0.393764319227,-0.5485596928,-1.05182545113,-1.81775452764,-0.499548160067,4.47705897693
0.10648714526,0.254526777658,0.36708954068,0.320476783388,0.229512954549,-1.24151707348,-0.14038762156,-0.539474956003,0.121210154893,0.537604210347,-0.261718483836
0.863930124802,0.292896870994,-0.648542873142,-0.801626565113,0.323739276788,0.0546004803236,0.734693645143,-0.94689661906,-2.11468776286,-1.97953957744,-0.539715767667
-1.51530909214,-0.601114275861,-0.414091465084,-1.23623440512,-0.304124102646,-0.256157966606,1.32872981542,0.624325588521,0.946122284914,0.841087714888,-4.143565
-1.15806150999,-0.0322521179315,0.242612562227,-0.134849696764,0.153025267764,0.799230803367,1.16247810918,0.214215145221,0.563258196662,0.379192486935,-2.58108098016
-0.213580557188,-0.805654203035,-0.834933267684,-0.308400664784,0.715501985928,-0.486397141862,0.0489444124944,-0.0370052427811,0.109365190262,-0.066758775222,-0.411031697164
0.329129224709,0.819636388436,1.06860324972,1.00260110419,0.354916426564,-0.524911141407,-0.0688744922527,-0.284741750546,0.570660196073,0.276571713526,0.592597439103
0.0541363924531,0.833533523443,-0.483903688652,-0.952101830499,-1.11361630571,-1.81951830728,-0.910253629585,-0.320405687546,-0.126159822856,-0.877255017174,-1.91194666535
-2.64230228839,-1.57257774581,-2.07615421325,-1.56366019971,-1.89801485624,-1.26420241274,-0.129488073211,-0.805909959048,0.310017848995,-1.51368357497,-4.81179943469
-0.154731123292,0.300342317064,-0.0218596419023,0.230285902506,0.361449141716,-0.873918332474,-1.86054254625,-1.94132485081,-1.49267067635,-1.28224096505,-0.38775686425
0.404423371709,-1.07498463751,-0.87368183522,-0.83824825531,-1.32576433048,-0.245397515819,-2.0168021555,-1.26752282472,-0.840356590501,-1.31969395423,1.48959674945
-0.0264727212645,-0.671638278813,0.631773158526,1.08148058459,0.780423347104,0.0412184390302,-0.936021983489,-1.98401114009,-1.83308138861,-0.967658930328,0.776155547878
-0.334830754793,0.0352531391104,0.251651849508,0.687988534058,0.493532464693,0.702544849314,0.394219063623,0.677356133205,-0.893504688086,-1.588151683,0.121736581421
0.887962640698,0.164131233238,-0.499449976845,-0.614430900931,-0.526013583301,-0.153065317445,0.481510281695,-0.991165812562,-0.84702035108,-1.38762300231,0.0598595459684
1.24281563901,0.802380794249,0.575137005145,1.16366600637,1.21984572555,0.82020463963,0.393495397129,-0.827832973586,0.238397038276,0.582176335134,1.13374650937
-0.849670073618,-1.01796315309,0.140466859876,0.303486302801,0.467188242919,-0.559682279005,-1.47852811818,-0.709695179062,0.530696163594,0.633392698445,-0.18078172217
0.0967665839631,0.0902620625025,0.314607379709,0.632336773738,1.65248797904,0.549380433062,0.220370793457,0.334014166336,0.756906811013,-0.345518623488,0.191409263811
0.587937518621,1.42755721294,0.346323100621,0.290736374611,0.852723771047,1.59149415587,1.97228189615,1.25507446958,0.930889283538,-0.327781071641,1.01908346091
1.26853442947,1.05863615507,1.1967529722,0.792098082233,-0.0449522594491,0.0577277116944,-0.273292767512,-0.224939347726,0.0440050020067,-0.323093210541,2.99623534442
1.01719164559,1.93415671009,1.44709271299,1.11661332819,-0.185798704702,-0.579763496988,-0.65284443612,-0.724758853479,-0.325674472603,-0.208605062438,2.80762581567
0.709340086444,1.15089270447,2.1574784372,0.3748755728,0.0336089738364,-1.39273172688,-1.22473446381,0.362710034418,-0.269912017087,-0.706826813988,1.99394510186
-1.23041455342,-1.49510698413,-0.964179090462,-0.740713219619,-1.44242209276,-0.318708092112,-0.725953268919,0.158732203145,0.738551550378,0.440882261707,-0.875769529728
1.25089741556,0.352435260438,-0.764656921571,0.286284608639,-0.578185447549,-0.770193668922,-1.03609890212,-1.16776602904,-2.81806824948,-1.70811166201,1.44630797783
0.173867323133,0.408491637628,0.384782466973,0.376006221015,0.582576337181,0.995702332816,2.67956666348,2.26155786162,1.54199422468,1.0948220348,-0.410492823972
-1.05766340944,-3.1441281737,-2.01379652805,-0.959459296346,-1.2661048535,-0.309733255574,-0.0973139302361,-0.149276357433,0.0464638894472,-0.490564015111,2.37670268351
-0.414204601654,1.76474801049,1.02572823066,1.11460776166,0.429041314415,-1.44260492987,-0.87556542744,-0.502631615922,-1.23010163748,-0.436553089716,-1.45586776976
-1.4926419103,-0.985622114758,0.136348039386,0.537889191389,-0.828517671594,0.494492725123,0.679340925278,0.108657449956,0.722139749731,0.351699070577,-1.09555904998
0.242286382819,-0.0417321385945,0.631242635449,1.80858459505,0.81855074728,0.193019241845,-0.331183490147,-0.96533974542,-0.00635312852961,-0.323132200726,1.35291435729
1.10168703039,-0.558672397032,-1.05802049286,-1.79580054309,-1.14643376609,-1.24632231613,-1.64556923545,-0.137448342832,0.498706172072,0.444031019827,1.4790025938
-0.334609568736,0.651978756192,0.43836823836,0.371650626238,-0.770446726363,-0.289304721221,-0.613936123947,0.517383952554,-0.29786387341,-0.696187262221,-0.304685534181
-0.349596592128,-1.17887802389,-0.564736758716,-0.650778572722,0.21463093776,-0.268890217266,-0.768644953983,-0.414083729451,-0.0368707641884,-0.0107615023331,-0.673729346681
1.03478521837,2.37879798857,1.13135341435,0.708631344227,0.649471267616,1.25899327484,0.988102656505,0.682726990167,1.34450810752,1.52245366184,2.27353041108
0.479085597669,-0.699756892372,-0.034259983301,-1.63235966515,-1.14250333065,-1.12783710653,-0.82669048994,-1.51567410253,-0.294116025669,-1.37953134018,0.812545037691
-0.861804330116,-1.27233829412,-0.613888909846,0.61097079765,1.14372256163,1.08301140316,-0.0707094953575,0.551667755767,0.969640993406,1.04393512902,-0.127295365306
1.38084403207,-0.0599178422861,-0.127225211549,-0.635181646178,0.0102735865156,0.42590446609,0.0473567338902,0.135584978062,0.048183929341,-0.73500402736,2.72163063881
-0.135857375641,0.236266651082,0.655432717308,0.0229814076415,0.457847610658,0.363344442064,1.15922674621,0.245680430558,-0.0372745030609,-0.156187442026,-0.32709447569
-0.873718463027,0.826761409781,-0.23795068183,-0.899186220074,-1.21483409693,-1.12665909437,-0.463202362912,-0.727556052727,-0.432787943616,-0.83849621627,-3.09854742493
1.67549853258,0.745508131855,-0.328182377369,-0.395319456509,-1.26267232464,-1.83531638097,-2.77239944621,-2.395598757,-2.23605915075,-2.08503649175,2.14244762551
1.10917326165,1.00322388555,0.0697587420026,-1.00367806589,-1.46076730433,0.240758523608,-0.251510264008,0.532082893813,0.284084213008,0.686920268675,2.20457246731
-0.0495401805201,-0.471960093137,-0.866019706526,-0.542942177806,-0.173199390786,-1.41156703944,-1.69382648131,-1.5689963886,-1.47319809228,-1.54941606887,-1.829173635
0.127897411525,-0.623151813389,0.544880431264,0.775210309634,1.4344956191,0.793391074216,0.816235995007,2.03174261853,0.748707071021,2.10050493082,2.23551872144
-0.348115182609,0.434183486424,0.099242299834,-0.372283766692,-1.02395703887,-0.707858228799,-0.75388045078,-0.74691422661,-0.20024253668,0.497398426839,-1.5992019634
1.55825806106,0.202906663999,0.986682194985,1.51845739405,0.661484167765,0.215011271258,0.397408615887,1.13745481339,1.864427017,-0.183652788741,4.75959208367
0.462265603284,0.124679426926,0.439931953974,0.750004599065,1.78915477068,2.07274086097,2.03003653615,1.71965594824,1.10018413241,0.0543671204337,0.935430019884
2.02081979262,2.05134050283,3.29460633427,1.85381851278,0.949927046343,-0.831191117498,-1.66394646751,-2.73029578411,-2.25149234937,-2.28518227475,6.10957819683
-0.225645032733,-1.98928392583,-1.40033902642,-0.872545615895,0.739254535434,0.175081057855,0.337636554112,-0.142674484147,-0.408469038314,-1.16190040819,0.356624611684
-0.468891647046,-1.31947469122,-1.04427586645,0.149975018721,-0.379578754256,-0.442886470438,0.810817453716,0.501697135892,-0.115750173877,-0.301839290733,-0.235128466603
2.69797315802,2.4030717712,1.99613877472,0.522646240082,-0.177529586534,0.174336448534,0.709577850723,-0.521938623593,0.0395667221324,-0.221819531587,4.71908250443
0.393056389599,-1.17424296421,-0.851134945261,-1.82020487822,-1.632298111,-1.12204947457,-1.36529545619,-1.81099078354,-1.07449807665,-1.2079988431,0.806105844918
-0.868450025197,-1.85577988552,-1.78153110767,-0.08141952992,-0.742145269098,-1.11520825489,0.531989397199,-0.630174819963,-0.0115661910539,0.325095739199,-0.737487266471
-0.658291735242,0.393903376849,1.03548809753,0.872627298374,0.698992030612,1.33768757157,0.688897127522,1.65636864877,0.916924028689,0.440137213167,-0.29717813143
0.659962567235,0.932321112219,-0.4000975629,-0.801249933678,-0.219752127336,-0.8046292296,-0.255890362413,-0.362452422114,-0.609332597191,-0.404773445004,-0.190967026849
0.456635285335,-0.84414497138,-1.31157530407,0.10937490636,0.734437071223,1.05088379294,-0.340962337994,-0.345197556688,-0.44523487147,-0.479893419394,1.34063778807
1.1367719029,1.05698449557,0.0811864840604,-0.640122435225,-0.659922383034,-0.858616137819,-0.599705801757,-0.516065344126,-0.554245572944,-0.857718252282,0.522827316671
-0.189862849638,-0.494253629319,-0.646185986925,-0.130178644993,-0.733241668611,-0.26873700982,-0.797744684592,0.14837136539,-1.16101647208,0.140631829329,0.296431393907
-0.37442167222,1.38419802165,0.817505162091,0.00485013388718,0.211747682696,-0.47338130389,-0.982769356791,-2.04375590534,-1.54773494858,-1.33605418389,-2.0875681628
-0.920514907833,0.313225935935,0.245507376602,0.948626515186,0.586623246944,0.30190004491,-0.4496339901,0.863430300353,2.0117650431,2.69383028715,-1.01779713965
-0.487678271937,0.768163983745,0.428103969525,1.01821554337,0.569218807937,0.244465023107,-0.749952776623,-1.29715668341,-0.941464803548,-0.833902571491,-0.643252445169
0.790391236923,0.940761509331,0.413521430475,0.0596673938827,-0.0291985353669,0.405536184337,0.591542866067,0.228987868783,0.755636674009,0.29155657095,0.910740889837
1.12757583297,0.707271053193,-0.0137496666338,-0.600104014266,0.21604891231,-0.67736825517,-0.821518331908,0.0695310385886,1.06124694158,1.20338071924,0.458398275123
0.207623097249,-1.11329184046,-0.536401282682,0.205879165396,0.462900947001,-0.816210922806,0.394438813561,0.557732516006,-0.255992519413,0.512166889882,0.487621022231
0.692152994756,0.919900189648,0.61727183735,0.769437823802,0.902117589898,0.168537442618,2.23060167419,2.36725629136,1.41341983448,1.03787823543,1.33045199176
-0.157378180773,-1.26012585009,-0.474298728276,0.0413534659078,-0.30003938514,-0.0595249191269,-1.09759777663,-1.98635222283,-2.2789166864,-1.53833210635,0.511920871592
0.976847192835,-0.224321068509,-0.370435175275,-0.831548455209,-0.246822689573,0.403058849592,-0.0709332600422,-0.815923741106,-0.543118257883,-0.939364705682,1.69787368828
0.697490083013,0.381932225298,0.535146333075,0.42695663421,0.725665729781,0.885879710961,2.56161311513,1.79211370004,1.66536944016,1.27565577494,1.97211802523
3.22720487617,3.08124428442,2.94418076515,2.33721745152,2.20977070367,2.1375062916,1.61856206382,1.24599568563,1.29805736054,0.856760732136,7.61747495784
0.232574039786,0.561889483363,0.286174837227,0.0921510706002,0.244573150634,-0.495429300716,-0.71832971567,-2.11482136473,-0.922722222861,-1.24017981307,-0.350555610206
-0.852919040346,-1.62007081866,-1.56442388112,-1.60174530814,-0.818799279045,-0.652546699812,-0.322316636062,0.315660742643,-0.68374648374,-0.5875166666,-1.96192066743
-0.842767668137,-0.454388498307,-2.07907738444,-1.22101795467,-0.772122092165,0.306024358043,0.102861999436,0.775246460045,0.13047074367,-0.759981997396,-3.41440813884
0.216206076616,0.218205231888,0.247874344643,0.203598331277,0.880016027735,1.02929363637,2.43247147874,1.65245967303,0.835354411682,0.90071281896,-0.462509711024
-0.614917166431,0.704276586926,0.194751552681,0.0842935468229,0.424354925255,-0.147286744049,1.20146833283,1.20183494817,0.507006590657,0.2519707494,-2.38713807388
0.0766936073044,0.483483192955,-0.315657074419,-1.04452545871,-1.00686837181,-0.628232022166,-0.502552485388,0.465182888044,0.373465131983,0.609155108725,-1.07631171226
-1.10755034719,-0.695151566143,-1.20653541261,-0.268635712728,-0.657329701198,-0.20473195967,-0.108652220259,-0.338040241921,-0.815736719785,-1.49786902198,-2.71081868664
0.0858929897108,0.440931556606,1.1353089957,1.50328926991,1.24094266093,0.423705704,1.43252230655,1.86147864557,2.13182065823,1.17171022301,1.47336084461
-1.11147463113,0.195176578581,0.269029682281,1.08107491216,0.584485957527,0.141648179389,0.242468511432,1.05506343635,0.1193255046,1.31414426489,-1.15978261258
1.0736424059,0.239200602476,0.448130981128,-0.612680023716,-0.121194126442,0.202182188022,1.48565473587,0.876390177402,1.26371394479,-0.0586573429157,1.90148513554
1.62017781384,1.13006714443,1.83189378999,1.34432577404,1.27522273698,0.0144445800167,0.337536338877,1.04557506039,-0.822053756708,0.0311512505137,4.11225451288
0.089279164324,-0.298054210541,-1.34197094217,-0.40254487054,0.00852637584562,-0.529764017794,-1.03622441804,-0.356594360325,-0.892123575528,-0.0218218847925,-1.15959035268
-0.498113087776,-0.112699935576,-1.4617524563,-0.468003512642,0.597135474219,0.93872471156,0.684948296926,1.18190569744,0.555391526725,0.767814981151,-1.83151804606
-0.179397176769,-0.698480271813,-0.332499861914,-0.668791383623,0.17143157026,0.0747437370731,1.37468255101,1.39044511198,0.324514792262,0.8390322057,-0.0640309128958
0.371745850522,-0.0813263950158,0.675873206941,0.709718565136,0.905521519523,0.141138252841,0.859562165722,0.140344650358,1.48598518203,0.75190000889,1.62331140758
0.013589869893,-0.0107833383199,-1.4751359007,-0.401643332203,0.123314945462,-0.0952127721809,-0.0265269646687,0.218523439885,0.676507916148,0.676382950212,-2.0414480608
0.402141579322,-0.271623557319,1.27086573341,0.727002759374,0.782020837296,-0.919556132049,0.0538784490717,0.540682181469,0.0170722048013,-0.181437206016,2.19348796951
-0.262479632278,-0.829307268698,-0.645158065904,-1.27575710822,-0.819225730299,-1.00040133192,0.162963733428,0.811591865606,-0.167262130548,0.208846441746,-0.742523614434
-0.0454233091839,-0.215045561453,-1.12622457515,0.803762014541,0.54516474902,-0.437776838485,-0.657912444186,-1.21931401874,-1.79578537138,-0.991800011229,-0.415808826777
-1.60680048194,-1.64620338711,-0.781523569032,-0.51563786915,0.468083648117,0.955842268169,1.77125352131,0.0312293565188,-0.436417561187,0.311213194047,-2.26695549253
1.34195501137,1.1539041473,1.45331490176,0.365987036568,-0.12925342199,-0.136721265277,-0.00171580554777,-0.0178434830743,-1.03241019967,-0.808144798788,2.8867147461
1.97067141165,0.664824150863,1.24560125778,-0.818474216994,0.0284412990354,-0.258915935606,0.526528972921,0.936706106888,0.703899774481,1.71909859482,3.89230969499
-2.2499501882,-1.74448808395,-1.33273611943,-1.23084847777,-0.741846000147,0.0643989843136,0.0380219788681,-0.337791452,0.928848179916,0.760292667791,-4.36791841344
-1.30486342602,0.255679619726,0.259930639707,-0.0837656471269,0.491739226495,0.855544604081,1.32709471329,1.89707015641,2.09601856842,1.31921180474,-2.63428033962
-0.602158301279,-0.376147876161,0.327811790775,0.407784634134,-0.361492674914,-0.633118497436,-0.675953374854,-0.748557328417,-0.392534908921,-0.874798895175,-0.555731677634
-0.591162416065,0.677511878517,0.209974513199,0.722479296493,0.83938284312,0.523693869718,1.09964433904,1.28593403292,0.428660134391,-0.644624470934,-1.3243450864
-0.473955655436,0.0697458187952,0.073752020659,0.0371742775452,1.1916561724,0.790958114165,0.438737359758,0.634481621146,1.46018444446,0.733371699686,-1.06851496324
0.899443841028,-0.531378802665,-0.980978605999,-0.0513432412111,-1.05619785772,-0.736159331557,-0.37413499929,-0.75147968362,1.092904338,0.541632748101,1.36147465432
0.0788963069051,0.0657544535024,-0.714953448656,-0.818845674119,-0.4508197215,-1.01597288614,-1.18408300136,-0.958415264816,-0.264730958525,-1.13254800102,-1.83996051256
1.50827437588,1.0935833798,0.90051054845,1.48289576325,0.491381617406,1.23460523809,1.11165929011,1.72028272039,0.982775909588,0.556706309668,3.63877013836
-0.842677168987,-1.09491620268,-1.180058747,-0.973072211433,-1.25539696322,0.399539505184,-0.264179029085,-0.786990733639,-0.153824790789,0.148462564892,-1.57771706101
0.577656155706,-0.281499897276,-1.28343953751,-2.53209622197,-1.34919997679,-1.43238109417,-0.885943287612,0.0683785665892,-0.229827251562,0.0356491431505,-0.940064130235
0.457956623382,-0.470347252334,-0.764875948506,-2.04115111912,-1.77753925502,-1.40837421708,-1.24682719258,-0.287915275899,-0.124515674677,0.219414184774,-0.228747133508
1.48786639025,1.14379913715,1.36350256564,1.54333984197,0.997136607245,1.43089913923,0.49245059298,-0.658739728701,0.501760242709,1.73038692631,2.71515317974
1.49164618685,0.256331490073,0.0831151166743,0.486954372096,0.960928170435,1.28095849107,0.0658191018258,-0.671627944985,0.461510696194,-1.02405590803,2.87872221466
-1.7699978972,-0.718234015495,-0.63483797022,-0.595485851505,1.45591990898,1.37969192002,0.55416907528,0.865652752864,1.26832703821,0.531783984296,-4.18838272213
-0.585203838025,-0.850977953119,-1.32651045937,-1.92665573966,-1.90731303871,-2.5872914926,-3.07091971467,-1.04603133561,-0.291835616624,-0.350051696987,-2.32458320339
0.495355606283,-0.793948469099,-0.704677943168,0.371608241591,1.25577586006,0.304251665736,-0.610329261691,0.644867687534,0.542792751485,1.03981829092,0.642234015924
-1.7475444242,-1.39287398737,-1.70007283304,-1.5786262173,-0.608864849221,0.0288862851521,-0.463445267811,-1.25947269117,-0.867053242597,-0.262559034047,-3.80023944923
0.0350431860573,0.232379225972,-0.262399705559,-0.056034176312,0.307544476256,0.267514855393,-0.196035196951,-0.450608106468,-0.0766998900677,0.0701110641189,-1.32479072662
0.604430692828,0.2653043565,0.214674185867,-0.0303043672636,1.25874351511,1.56224097188,0.529032474931,0.292241370577,-0.172796381937,-0.280930474717,0.444976691263
-1.14054233674,-1.85949464175,-1.41506092996,-0.308270884645,-0.0371412318607,-0.654678843287,-2.38636649742,-2.03274530548,-1.16859882871,-1.24414270756,-1.75590262185
0.374330717908,-0.464864514822,0.762108368319,-0.0343236531691,-0.00574263882327,0.123843672277,-0.118966600152,-0.142062889109,-0.41489500576,-1.30034455036,2.21059974846
0.665568890295,-1.28782402523,-0.69773665388,0.254441318636,-0.642653848906,-0.576978687033,-1.26045115691,-0.0825927034542,0.538454147615,0.34735038469,3.92678508537
0.734285090447,0.892725691948,1.56729945492,2.99263143076,1.4796494887,0.39678278102,-0.122278488772,-0.176051120845,0.214169084768,0.127859370793,2.51056053939
0.259815567009,-0.24612860926,-0.405473575258,-0.169295264756,0.465416482747,-0.446412428872,-0.125098148996,-0.80911327576,-1.05675636745,-1.03932449424,-0.500898145086
-0.147528259806,0.0534394140753,0.131397559651,-0.0982102552763,0.737560273936,0.642028737703,0.308829739861,-0.849934731704,-1.00095372641,-1.77259692862,0.0323698029334
1.50461105698,1.68653523882,0.722965729434,-0.428966064142,0.979956839936,0.624308623066,0.525593182269,1.72178279733,0.965562631544,-0.069870933777,1.80527003896
-1.43211257066,-0.831692157007,0.0512178439009,-0.815265353601,-0.552062579022,0.883513763741,1.0050970031,1.8670043193,1.6481191925,2.07618315662,-1.10176220937
0.358714316138,0.287007495801,-0.462875726553,0.318259036939,0.751346124377,1.41365045961,1.44576841751,0.954393280676,0.24116410558,-0.692547369356,-0.470377330152
0.619770739403,1.35846047221,0.517885188881,0.679427786368,0.286592301135,-0.868503446868,-0.557073681158,1.49444560813,0.683418933126,-0.291520411656,0.94804344137
0.421391949832,-0.0957223597437,0.938323131927,0.908843493432,0.939303141138,0.20256812037,-0.46077197019,0.265383220333,1.00281577618,0.552957502961,1.2193811562
-0.318846275638,-0.287057360738,-0.830180459433,-0.794534655716,-0.407634992511,0.188617675853,-0.309204028632,0.169734371478,-0.142771311113,0.80666871019,-0.610425786951
-0.24328049053,0.489271430008,-0.725849234308,-0.0750493309439,0.40043934914,0.405299052433,1.32250839742,0.636951091103,1.57987934046,2.70165361019,-2.06734001572
0.947148305718,0.291428732403,0.805694312414,0.541388077038,0.334630466093,0.798470667099,0.758612106899,1.29537694104,1.02887513259,0.0398957345221,3.83399568294
-0.474017238125,-1.44738924568,-1.71375651197,-1.39624970713,-1.98672628059,-1.38578854807,-1.31358991177,-2.21817041088,-2.46739017752,-1.6885545886,-1.00635263192
-0.11592149387,0.886768946102,0.464405803115,1.30110671174,0.791058104478,0.381853414536,0.159202793988,0.406172373121,0.376900006937,0.294000805292,-0.168281675744
0.398101052685,0.656397754052,0.588126416323,0.802993060332,0.700318595013,1.11990463213,1.5942338338,0.383193407442,-0.0937118531329,0.581039365178,0.63567802728
-0.759463512523,-0.190280118424,0.573000940999,0.923656684618,1.0187658901,0.567052189039,0.647860054875,0.183975868091,-0.722666642446,-0.775371604392,-0.852717204723
-0.613039873113,0.700671774903,0.418844618383,1.35401843139,0.769144504517,-0.1419206534,0.265935661509,0.248044794362,0.582311626941,-0.703362238036,-1.53160961608
0.224106696334,-0.0162100296562,0.472421830105,-0.926113801613,0.234737739112,0.0417615322004,-0.0619972605491,0.274717289476,0.696463593643,-0.332996384611,0.459172926475
1.04875355045,1.95695165332,1.09420082072,0.519334718396,0.468098555117,0.42327708921,1.44775956657,0.976010969714,0.750602767166,0.73924463326,1.75789351321
