x1,x2,x3,x4,x5,x6,x7,x8,x9,x10,target
-1.92371828132,-1.89889085397,0.642327419027,-1.07027040762,1.40225626209,1.63418294733,0.756839058017,-0.813294891715,-0.787684198335,-0.83080356792,-1.73636588181
0.647820448398,-1.76304535545,-0.32883681192,-1.12380167227,0.872928390186,0.720324549548,0.264431608136,0.640973378392,-0.833844638038,0.690624461076,1.85522498241
0.727387981701,-1.0477994441,0.684658600253,-1.2199811572,-1.27576206061,-0.000676909838905,-1.30354177801,4.65371898624,0.512009518561,-0.686324102632,4.39577284514
-1.65702265987,4.30126350092,-0.595798678128,-0.35335645444,0.336849613567,-1.75192180239,-0.669890121789,-0.337235404427,-1.2104470763,1.5930353325,-5.87464843353
-0.25808908902,2.75647542161,0.0306993728029,-1.56667332308,-0.0254676801836,-1.41062826005,1.09511895635,-1.71522005408,-0.468066113621,0.719094968317,-3.61160607581
0.488876288856,1.18543977846,-0.242629519642,0.0656815641247,-0.994805127826,-1.57457097218,-1.20210128712,-0.0432923813456,-0.5368258282,-0.0268433126396,-0.510316994393
0.655782387461,-0.123803523568,-0.261149408975,0.114074584984,1.53607832811,0.187392625621,-0.613278127556,-0.765068599747,-1.17361172814,-0.0416737301258,0.168267254454
2.34014828397,0.288273594012,-1.05727047123,0.992982972752,-1.67117471807,-0.125428789381,2.63098274696,-0.369543886024,-0.514591562393,-0.372206241182,1.75993948554
0.317322453174,3.158312972,3.5696998415,1.77457330156,-0.771651871285,1.38875730869,2.19962486792,-1.00236311887,0.102375645225,0.664772597848,1.90411870771
1.97059011598,-0.927581630483,3.01021665021,-0.229981351751,-0.827610451997,1.56071251512,-0.671572295205,-1.19820169925,0.410839803124,1.15365229318,5.97654173551
0.797327993282,0.82958053062,-1.02737550448,1.40243521847,0.00556469232251,2.09781022934,-1.22166172349,-0.133801949486,1.30746542771,0.604178929751,1.62991955994
2.60455102527,0.850446144892,1.2377643245,1.12341100649,1.26593902115,2.47035601846,-0.877995392368,-1.70347014275,0.537250389563,-0.248970398604,4.58953544988
1.27232805661,3.60188154929,2.23488963082,1.44795335172,0.302165996287,-1.54679119201,2.33269548786,2.77967617099,-1.05096152158,0.722478832289,2.04637621012
-1.96760405176,0.8660313842,0.195857136127,-0.350536361886,1.79853420957,-0.631849955624,0.461523522791,-1.51575863509,-1.56005762627,-1.81006980779,-4.86109849469
1.76417905625,0.0218974217379,1.28347604133,-0.108228591372,-0.460323942544,4.53383358777,-1.5827102599,-1.35291518405,0.416180961182,0.124295577218,5.22491854045
0.69348799929,2.59625488474,-0.0651721149913,-0.765895043133,0.364032065965,-0.454878382991,1.18697640449,-1.31183053983,2.6569796342,-0.525085953565,-1.97449144932
2.14951812107,-0.575896775158,0.823556812566,0.494783828914,0.473050898996,1.36291500453,-0.531748410183,-1.16609580695,1.32004165786,-1.66286350394,4.53170446837
0.841825763905,1.36283004169,-0.952068571844,-0.986865995086,-0.721401424297,0.999047906071,2.54882243001,2.88076454358,0.444846930242,0.612905776221,0.24315631652
2.01575249722,0.477239991551,-0.1821412718,-0.291985764103,0.92989879521,0.168788400737,-0.997270601357,-1.19589899377,3.19297960175,0.983396276011,2.29665941398
-0.343102805083,1.58893531052,-0.867521815674,-0.111840754721,0.0180631095995,0.487142073299,0.0126629043955,-0.350297377892,0.962615517514,0.463292603955,-1.81471606297
0.999632163525,-1.11345176704,1.47214353828,1.504735957,-0.901500266516,-1.3806775639,-1.53049783448,-0.826499519495,-1.20888074878,-1.45870002516,3.83137439891
1.65137965412,-0.880941954846,-0.740099954691,-0.139708335061,0.0190030179283,-0.398620549829,1.20528070411,-0.0733864467737,0.765048646814,-0.119154587622,1.70718095622
-0.972256196908,0.465094070594,-1.75209608764,-0.663036751578,-0.386896767911,-0.893023977765,0.167066382742,-0.820272695974,0.546318322584,-0.810447053377,-3.22997312699
-0.820617226121,1.17040494634,-0.847172229978,-0.0436813447285,0.40209599475,1.42811201842,0.85000722405,-0.0770970270025,-0.367501154694,0.912562766573,-3.80078814655
1.54035259908,0.828236454983,-1.12757088822,0.619055448983,-0.33391146507,0.860496917037,0.352769349433,-0.667500554594,-0.860809633928,2.61291018197,1.10314963242
-1.05189985175,0.0466058023124,-1.72704094448,-1.28165487283,0.294676268611,-0.306771871862,-0.327724144753,0.228327300445,0.47504549402,3.2958407765,-3.0993405243
-0.0898904242275,-1.29053540873,0.617312141449,0.276891807451,1.23379245578,0.848271193895,0.114477325959,1.36591699874,0.950629684652,-1.92871442488,1.24732126078
2.90539727207,-0.43469425163,-1.22496373289,2.03148137807,2.72144604403,0.674744084078,-0.962033513911,0.789103361928,0.688368208212,-0.736568056205,3.18275227221
0.219520944579,1.75320814316,2.24165094726,-0.348888425488,-0.464276210293,0.298145455654,-0.74382301973,0.503913218526,-1.69604556848,1.77141867992,0.313674572045
-1.4264296859,-0.794392532146,1.10887964637,-0.0081122616194,2.49501501296,-0.480620023475,-0.298034111198,0.469439033544,2.74883943759,-0.270425762789,-1.59721936017
2.10915855703,-0.717451364041,-0.554856559835,-0.314770046554,2.56219184123,0.315556915164,-1.55699106277,-1.0839561489,-1.63583283989,2.79213304188,1.95737124881
-1.50452015665,-0.324266333537,2.53530364064,-0.68008898248,1.84212495261,1.37895492836,1.08683433919,2.51823952324,0.38076720929,0.0850908709909,-1.51227016336
-0.39208608326,-0.524284920974,-1.11614057948,1.69006332682,1.19040483321,0.589227584173,0.89805065719,-0.835026069205,0.712304211167,-0.303304323194,-0.558414153106
-1.28621265618,2.23951988539,-1.55046899633,2.22905003284,-0.668056327127,1.31694448739,-0.02569132847,-1.17380002061,-0.294188504183,0.415738221958,-2.21333897963
-0.601940775898,2.26050742112,0.638197598131,-0.239178936126,1.49615466123,2.03375369093,-0.113949238445,-0.387502279368,0.759722744594,0.946277419477,-2.08543288947
-0.295366720521,-1.32098719345,-1.3625990446,2.01522232308,0.774722238412,2.87251886109,1.25134476573,0.55013884524,-1.39621329593,3.22536944693,0.195643308134
-0.483597827953,0.713070626747,1.94226192579,-0.197896233631,1.31909272161,0.713896261893,0.1337539754,1.40314242291,0.203248175532,-0.852587526991,-0.431480443486
0.522644791562,-1.61759028551,0.0250620179168,-0.404935978201,-1.24665899953,-1.45257224596,-1.81552438348,-0.850883280593,1.24307789743,-0.415927524927,2.63507526501
-0.158701095215,1.87776276028,-0.785484294665,0.322583131517,-0.57713401469,-0.349599290273,0.69840071123,0.158851283046,-1.19394346234,-1.13756508902,-1.92909612485
0.026094648728,0.948147248179,1.67742066405,-0.0196583973586,-0.765784882065,1.11615115306,-0.350040204579,1.22785736057,1.15033718163,-1.02629200548,1.10708009225
0.630771602321,-1.34062212329,-1.06025448887,-0.162017224945,0.242815121684,2.67640336819,1.09172544891,1.16369428032,2.3089850528,-0.422035871546,1.97291006458
1.08902282912,-0.584465730832,-1.51249461841,0.554688995044,0.386477159963,1.77239886886,2.69259130847,-0.886869162801,1.5706183167,0.970319298704,1.65594159104
1.39000364657,-1.86103190296,2.68503558915,-1.33217380236,-0.74292017724,-0.581875437854,-1.71686219738,-0.577492491077,1.86811701428,2.30338188807,4.63387043102
2.15399194033,1.9782702319,-1.33807877472,-1.11636006765,1.45250239933,1.39333850237,3.14231269385,-0.977279204781,2.3581984558,-1.66515780741,-0.42038182676
-0.577553012538,0.732654582895,0.842368620027,-1.78509360299,-0.134964520451,-1.1364418705,0.357646320891,1.41533151964,-0.861322732274,1.27213750049,-2.27529556122
2.5256186924,-0.475694524545,0.311327641468,-0.601774191854,-0.928609292649,-0.473771484667,-0.0752283323563,0.317761525368,-0.488818914905,1.35030732192,4.1662403875
-0.0699823452833,2.50938278608,2.99994960345,0.917483875538,1.58195463325,-0.125394594875,3.42254704156,1.03398410691,-1.40312992574,-0.0810463337744,-1.00972655439
0.375184999705,-1.01179098759,-0.784094126286,-0.081565319888,1.90062398863,-0.346970570714,0.934564906641,-0.012714225007,0.169786224961,2.11103108176,0.199953260517
1.03117230922,1.88820555559,1.35070795206,-1.84126773864,0.330747906457,-0.196646720231,1.12279848765,0.248473385955,0.701838270804,-1.02913654933,-0.878113581532
-0.718996638396,1.69699994321,0.694557612182,0.0287464753867,-0.826196368154,2.30550055965,2.26837670283,-0.793632879281,2.08772215197,-0.693355248922,-1.97963505803
-0.530498591799,-0.336755370684,0.442051508084,-0.895451451961,1.02795821198,-0.832078778871,0.827344019075,-1.45798068938,-0.179047757121,0.0133046196504,-1.69957119106
-0.884994488176,0.562817135122,-0.190138671833,0.730603182438,1.52510968159,-1.14172167956,0.359873358953,-0.913448825561,-0.602833811319,-1.70383442222,-2.77028420104
1.20292410374,-0.159116163851,-0.553161498489,1.62353798608,2.52200659524,0.932680400716,-1.51530521621,-1.28001065288,1.05375709809,0.673423959195,1.7213934438
0.462504870192,0.573505230661,-0.503548220438,3.82099012036,0.54510515283,2.29352696626,0.0375196049706,0.865536830654,2.05397490848,-0.835702109014,2.77793700352
2.15659484073,2.69468943616,1.23585262262,-0.17472091573,-0.86059977258,2.15708472637,1.08483442655,-1.45760229068,-1.47039854415,0.538206671121,1.65243499063
1.82440020126,2.1531139617,-1.367996612,-1.50165111808,-0.827078691523,-0.412385031561,1.49695040222,-0.551678747235,0.613405351197,0.733092248792,-0.175989618784
-1.93053036695,2.16881912493,-1.64154937267,0.708243327271,-1.41595779852,0.349135615364,-0.51560114238,-1.6779319472,0.384745869875,1.65881338239,-3.88827935648
2.82261184725,-1.76495472713,-0.530548027777,-0.889386179588,1.12428191118,-1.12903758967,-0.183716303635,-1.22475433632,2.43594898213,3.59882729987,4.23180871019
-0.802291698403,-0.89159030548,-1.75709601787,0.538770746333,1.77457374308,-1.06642623128,-0.29271074457,0.0187131173547,-0.310143532316,2.06607275487,-2.75839417054
-0.881218590632,2.92214807956,-0.847819409909,0.2689923938,-0.104035312704,-0.275733963006,0.372076140653,2.39585651146,-0.232446035354,1.16009791605,-3.76021939249
0.350396746572,1.96148398505,-1.08999341021,1.12139567417,3.21688084838,-0.446141112485,-0.217911187682,4.54062716233,-0.300071953182,1.82975483979,-1.2575980389
0.455312089125,0.511563540447,2.03200616255,1.16704746241,-1.53002058202,1.6842253664,1.64732827756,0.0387610157326,2.40618929137,-0.357121115733,2.82791009824
0.543509448147,2.51415743374,1.04803900998,-1.13301688628,-0.703835506984,0.905515410869,0.355041994301,-1.08107405255,-0.366143399392,0.954647010443,0.365906062009
0.559584723969,0.0802124178166,0.24635778095,0.0785412761119,-0.718729038466,0.87847823405,-0.383403901878,1.65362444387,-0.151504316241,0.000317250666754,1.90227464644
-0.580384805596,-0.735050756081,-0.606653602602,1.05532377204,1.00617736151,0.204814947197,-0.263937931607,1.15716405973,-1.19729202049,0.16295369431,-1.21019718559
-0.284294024136,0.75803736999,-1.15616109394,-0.0831568368893,0.579202643118,-0.67846943577,0.543769453108,-1.36492214993,0.458140058549,0.229410202726,-2.57859187878
-0.924392009559,0.318825774951,1.30421671563,-0.646529250985,0.0152844105044,1.60552420937,-0.186439636768,1.6869453286,0.828318654098,-0.637918086441,-0.242428778254
-1.00508278781,-0.519187049375,-1.58263236281,-0.947641072111,-0.617988870974,-0.523412658824,1.30260190513,1.11498239788,-0.272114420979,-1.30147416489,-3.43089819704
1.44296438626,1.24127631813,3.47822782842,-0.965365718113,-0.46182802841,0.611894607581,-1.20410109654,-0.100766425869,0.442532435851,2.27366591247,3.4846524993
-0.412753112648,-0.708476876824,0.1406493503,0.369675335935,0.851400465385,-0.853928378685,-0.993503543349,0.991414882306,0.611559594328,0.0219333228554,-0.280304307591
0.83781576288,0.59402105463,1.40800778579,0.279492996065,2.85402364335,-0.792180128541,1.29562476547,0.621678619254,0.53528222728,-1.30844073509,0.691010648755
0.842138387695,1.50719585473,-0.255994186721,0.827254673579,0.893566344303,1.21635452505,0.0597574143082,-0.972414904301,2.42269440638,0.577060126217,-0.780002637176
0.292032068027,-0.880398387491,0.122048347124,-0.413820173282,-1.08917411914,0.427452277992,1.80983402113,-0.723415368842,1.04184397627,-0.398766214621,1.46833175876
-0.760772677236,0.703613890732,1.25144281364,-0.70168123773,-0.88273436848,-0.258713321338,2.71444456808,0.166550373129,1.01921193325,2.11559106846,-2.33049845224
-0.705454032082,0.90330012273,0.196156621912,-1.3143051793,-0.949861182065,1.33977719502,-1.75885243557,-1.54963535772,-0.389889489852,-0.308662622906,-2.01694867999
-1.40463380745,1.56444092275,-0.00648528987464,-0.251210365158,0.367619915228,3.29450107789,-0.19327824479,0.291167112769,-1.00480669289,-0.00768685401537,-2.24835674498
0.691636144124,0.973975306885,2.96590743949,-1.20723390778,-1.01995383113,1.32623951365,-1.02428356028,0.549870421612,-0.852355157781,1.01588016408,3.18825289758
-0.107461480256,0.567576233003,-0.598198211889,-1.01977598608,-1.68358964657,1.65287058017,-0.965975720316,-0.473671840193,-0.98730193758,2.65846271821,-0.680426424683
1.87657836338,-0.181815860802,2.01270995842,3.64147323771,-0.136962674683,0.281877715519,0.285348647391,2.6894190807,-0.366544763844,-0.53755291715,5.9805381393
-1.11548852505,0.174906110329,-0.657053788062,0.139057131697,-0.129395219032,-0.407498363516,0.205037166453,3.5397613686,0.0210022516252,0.710546785343,-1.64239602778
-0.843055567637,0.853355983844,-0.0357301407357,1.519775723,1.61510360346,1.29073190263,1.20707719124,2.0882694763,-0.651953563632,0.663408724953,-2.25825093275
-0.124322657644,-0.372221061527,0.87816836109,-0.0346319602382,2.85214536177,-0.190722979701,0.246712059649,1.84167206535,2.64469276021,0.613522851984,-0.080862199802
-0.381071688611,1.48814856958,-0.216955961137,-0.847124108904,2.02049789061,-1.2301222549,-0.552601829123,-0.846004523682,0.688775423525,-0.663583006483,-3.43682150497
1.24204107507,3.53100652794,-0.515679648907,-1.69797424288,0.53129904872,-0.369092982336,-1.56106801335,2.31673252651,0.649375300514,-0.774253363552,-0.234664878699
-0.681133886213,2.65221147585,2.91182643623,1.4623358213,-0.753081941866,-1.5123786681,0.342336762833,1.34570335406,-0.976389721703,-1.28037402224,-0.332214793513
-0.530944006723,-0.922969280571,-0.930285713725,0.332255446274,2.11200259849,-1.27751590686,-0.755438544181,0.674332012363,0.704840693262,1.4523347256,-1.25452731337
3.06295161373,-0.287310254389,-0.335076648975,-0.458171189248,1.05692175746,-0.663378242019,-1.19550289851,2.59719886749,-0.98389876954,0.884693224015,3.60483117441
2.04309510704,1.3522853694,-1.37325525172,1.21047058309,1.3555451222,-0.166501823316,-0.866819158421,-0.892370966484,-1.89686407796,-0.176156555079,0.715358318052
-0.798426576031,-0.902772487926,0.99335309303,-0.270482131233,2.16967750636,0.97606475125,-1.7639664436,1.13605242237,-1.01805875323,-0.503072284052,0.684898134807
3.06374104851,-1.43871607998,-0.524600332765,-1.7820563821,-0.851200473629,0.246097101279,-0.318559765022,2.2794331451,-1.03000389401,-1.45717039837,5.23990141307
1.08344205095,-0.682617848968,0.296601142028,-0.362399459568,2.03220218632,-0.753803162291,0.675925660616,-1.47216564312,0.0871291291328,-1.23026100875,0.748108513714
2.07705533317,-0.693715525626,1.55480662449,0.680529393728,0.575310158033,-0.225939783203,-1.14482092277,-0.442325293367,1.09039826478,-0.229520402883,4.44820389054
1.53398273943,1.06527445066,-0.970011877995,3.4406692356,-0.113379698157,1.8891239716,0.553595478403,-0.933811903316,0.635676746754,-1.6403467388,3.21789726053
1.24999735379,0.313610621818,0.740585962614,-1.02118946056,-1.23972051957,-1.73805722882,-0.834448787254,-0.198760301417,1.85574678633,2.28088845152,2.01152996674
-1.31716496309,2.98908723392,0.396926382748,-0.465367092632,0.949936426282,-0.740118869724,-0.537537651299,2.34183640897,-0.654920333236,-1.50560024599,-3.68866049559
-0.363584936955,-1.07749013533,1.15805112757,-0.515012605164,0.905733778485,-1.11694257258,-1.32581609794,-0.41368056612,-0.165885168665,-0.525332174747,-0.227260734592
2.65381926306,-1.50269913347,1.40098508636,-0.0486535319229,0.56193949404,-0.892231292216,0.358849808258,0.0607823649233,2.0255839576,0.229908114451,5.99039990783
-1.79163049151,-1.06700551285,-0.173506756923,-0.328917842453,-0.826239187512,2.42583863123,2.95168575695,1.46800043861,0.938476889048,-1.21072273774,-1.70909751765
-0.782947001706,-1.34380050413,-0.494578193983,-0.937377755985,1.05176807712,-0.00904105583642,-1.75867918719,-1.00648278469,0.214480232495,0.310109292191,-0.432481531959
-0.382287234299,0.314390171004,-0.578862752422,3.53832139726,2.19005312921,1.42001631869,0.608047381232,-1.65524660558,2.91250192979,1.72868370007,-0.839003361225
0.522624626102,0.0134757831808,1.46347885778,1.07374116934,0.71734006656,0.878375511784,-0.0255780754417,-0.797081301095,0.611351209073,1.2800174701,1.35193795541
0.184026645384,-0.458251699291,3.45692902721,0.393173319476,1.12689993166,-1.1782862569,2.68177794215,-1.58410187544,-0.777726827015,-0.615392018366,1.33560620533
-0.745785012396,0.125767561677,-0.885890453283,0.180920565359,0.770394524828,-1.13202087661,0.0930613645889,0.335387410601,-0.57320837609,0.0272868775014,-2.90313859738
2.09633844052,1.88869578905,-1.61517621061,0.690837157954,0.645528003865,3.00763780496,-0.328013943205,-1.04204721148,-1.6911021845,1.52183063598,0.425988981926
1.81878304296,-0.0643310372221,0.192080923009,1.60475431493,-0.0728213371417,-1.34295421241,2.85761306161,2.17616534476,0.630933679831,1.11551098598,3.39406376948
-1.31228874792,2.26648839908,-0.120868962747,-1.39624695803,3.27385830937,-1.21137364298,2.55920568411,2.38458746045,-1.24593436773,-0.393390102826,-5.71872451071
-0.340906082157,1.20286810696,-0.431551198735,-0.69447447375,-0.661252326108,-0.279866080032,-1.12378291982,-0.393534082658,1.13619796958,0.425323242759,-1.70522288408
-0.183112325501,0.0997432318436,-0.873764430078,-0.99996446678,-0.339903735376,-1.48624894736,-1.38493824311,-1.08731855481,0.863459234745,3.64692856469,-2.85321685566
0.359216743958,0.894254297074,2.69642469587,-0.409525489373,2.08670682255,2.51128190507,-0.953296524386,-0.47557413889,0.787080388881,0.362250358963,1.76282827795
0.0461904466175,-1.33710516266,0.00542079115518,1.61275620636,-1.18602294325,0.398361253428,-1.57217994423,0.0843305607028,-1.42517903238,1.79207956155,2.63458925072
0.680583420231,-0.637828174065,-0.0943657165885,1.73437442915,-0.101613433018,-1.4546341133,0.283907805699,0.675878511015,-0.264922786652,-1.23066979708,2.19448701601
0.6823676698,-0.639827467687,0.464149277711,-1.32073126362,2.88466574389,1.51159629785,-1.01554656857,-0.165814887075,0.502233931356,-0.980519672349,0.910736038613
2.3921325943,0.412354817536,1.45719604861,1.52726190919,-0.922968837121,-0.66377878644,1.41770466621,-0.0696118853199,1.08099599159,-0.0967249728134,4.44624261292
-1.41819413394,-1.76362745318,-1.60041416552,-1.40263537947,0.241607774845,0.103566895597,-1.63908300591,1.85317078876,0.0188788978065,-1.02296229417,-1.45514299334
-0.313910247155,-1.11634099772,-0.758830867719,0.323392161203,-0.139344131868,-0.0952175234757,3.57940092825,1.05199881757,-0.551249487496,1.28954862162,-0.959286663578
0.311177843429,1.03625872632,2.33009912438,-1.21600533748,-0.952188895721,1.52876688619,-0.707675639125,-0.459774393243,-1.25434899206,1.32985982533,0.901105784491
-0.0434036580066,-0.0523090166517,-1.62280233012,-0.588313572235,0.594557789189,0.799422595236,0.928019067474,-1.26353029603,-0.0924275822388,-1.04129020582,-2.64485869071
-0.838769203838,0.458508888512,-1.59233350336,-0.10294299372,-0.937772014105,1.36050092597,-0.467585105659,-1.24624999958,1.43050957255,-0.70191995355,-1.14724219261
2.45041684619,-0.447332324171,-0.391182839748,-1.78039018104,-1.1592633448,0.834161053888,-0.794402169668,-1.74895035784,-1.00899898907,0.735359831254,3.0063774683
0.227374178608,-0.217354866479,-0.933587032434,0.286858092246,1.5914644216,-1.08896644146,-0.229286288896,-0.752491151142,2.60477855997,0.859500785326,-0.0493575796112
0.654261802566,-0.647968646818,-1.13624027038,-1.31068693973,-1.34489080715,3.84564559915,1.40531294749,0.0616234949619,1.55398939008,1.4185524674,1.82308913315
0.264407847011,0.748380460739,-0.541543051874,-0.336836036819,-1.17047023703,0.462657626624,0.600812105313,1.26151056763,0.936255065112,1.50810094866,-1.41981748423
-1.21165776562,-1.27648351501,-0.425461304266,0.442678671947,2.34503013971,-1.17623795832,-0.145299746755,2.42147068773,1.5374616799,-0.00333441606138,-1.89118315217
0.959371751565,-1.63372168687,-0.244784056428,-0.252713968493,-0.918628849158,-0.579069049125,2.7067766472,0.0782452812893,-0.25141612958,-1.61010914917,2.44652686866
0.58839012781,-1.50807138588,-0.977708839927,-0.138608616311,-0.984957118859,0.651897578187,-0.475343641482,-0.55487424992,-1.0867606941,3.14073664638,1.667144987
0.622904912882,-0.399074590766,-1.10169120379,2.33207315367,0.543642713153,1.00034354779,-1.08818599982,1.68108404168,0.647905983554,1.0652914426,1.85111868994
0.957161994764,0.810432758477,0.165890578517,-1.91051891355,-0.476887868348,-1.49869240783,-0.0787176527957,-0.867555260815,0.0475484392384,2.33543186754,-0.0377783865542
-0.950680753535,-0.458737613808,-1.34919231924,-0.660800498928,-0.795779021407,-0.432730736365,-0.336188940537,1.81462560488,1.5029362935,0.304436464177,-1.56894145767
2.68330626526,-0.121611366691,0.366618611521,-0.0181768729438,-0.976156522054,-0.383927189861,0.994575771129,0.985097260282,1.58875383226,-0.755265453246,3.59554153849
-0.304232107483,0.2664890838,-0.339605525569,1.45816454239,0.799665073018,-0.383029879177,-0.0934185431405,-0.774468062608,-1.00545351617,-0.544448142835,-0.144040577223
1.75430547254,-0.952576212668,0.29297219747,1.64549959249,-0.0428181482675,-0.413135404416,-1.6486432557,0.194035492389,-0.931981554411,1.14084947047,4.28540727677
4.07273929863,-0.397098299389,-1.37104737875,-1.66995894153,-0.564071845641,0.452524347118,0.77784788677,0.174059879176,-0.598456225012,-1.15381938695,4.20143504206
1.56549563928,0.843546344965,-0.0831335626043,0.802517259454,-1.01762216238,0.359282223584,1.86301527735,0.665620899253,-0.983171828655,2.22564377018,1.9806296638
1.54193566629,0.84344702363,-1.44150532732,1.3496225044,0.0893060433695,0.580065672602,1.03135136922,2.27700912124,-0.287738557075,-0.692477634816,1.88656692264
1.9452778011,0.439502463995,-1.10636185362,-0.210768067515,-0.871496263572,0.336767114062,1.59405767677,0.565870743583,0.856411358963,-1.72884973936,2.47158554977
0.552496051218,2.70114238499,3.82101128139,-0.587760932984,1.39207408394,-0.494733328425,-1.307952708,0.466252531773,1.45361484298,0.303693564022,1.71890930072
-0.501827026929,-0.0319942541383,2.02402932371,-1.93029143954,2.52728452825,0.52914508441,-0.658183573207,-1.72336860117,-1.59692804452,0.80981295608,-1.55015799287
0.249899646005,-0.927712052205,-0.5382869624,0.194904504974,0.667549607234,0.190326111266,0.480808820299,-0.519329829145,-0.874940683649,1.17251737808,-0.442405384505
1.66287301264,-1.42598475031,2.60397846119,3.79130170565,-0.19888432127,-1.89903831682,1.90695531454,0.713703201736,-1.92473474826,-1.02962136545,6.34101921472
0.6859421872,1.21669984514,-1.26718169549,-0.695268131647,0.168924941325,-0.438780823014,-0.369231283102,-0.280478606896,3.0726868246,0.620720411738,-0.915188340069
2.14356881531,-0.729665725239,-1.19296150768,0.518763132795,-1.83712026061,1.87510483889,0.879444843104,0.77886920084,-0.0229995143066,0.667358409156,4.13668196783
1.40586010575,0.605855199297,-0.70621178461,-0.842250822258,0.109002146385,2.49691059762,-1.68742372691,-0.842830276045,0.199333510807,3.38121005406,1.71472167366
-0.990013703468,-1.33482219212,-0.489019301354,-1.60592894159,1.75537547699,-0.797649336604,-0.387381480645,-0.315643872926,-1.57851521682,-0.597304597618,-2.51604245947
-0.124278083266,0.696465492622,-0.214504110903,0.2262990473,-0.611594961746,-0.463397517184,-1.29764396704,-0.810027888026,1.70055355557,2.74384498672,-1.36119580801
1.74868503415,2.48587912623,1.63365718386,-1.00441654425,0.392175797613,2.60118696427,0.739938079154,1.37718645839,-0.21970544176,-1.6088533802,2.54453142748
-1.72859453843,0.959235883231,0.893470477031,1.19725909681,0.248975723351,0.28677704857,-1.14185356392,0.581837341513,0.45380531127,-0.95673875573,-1.714729545
1.76128923307,0.907777294388,0.574242561801,2.24679631542,-1.56564554281,-0.332680407286,-0.796655149099,0.0280497249938,0.61739637036,-1.09423448696,4.44006907244
0.13272043042,-0.168915379868,-0.682433135063,-0.663669493386,-1.42497022497,-1.18770046103,-0.42408414863,0.713456619928,0.807649349532,0.0135137053366,-0.137859552806
2.70285417937,1.18196773576,-0.792023151641,0.530465037651,0.60021352089,0.79749827201,1.42356382462,-0.555487461001,-0.152658287502,0.0271238275814,2.17649358161
2.22370513637,0.0207460327844,0.688861671274,-1.07098954856,-0.475549245245,0.457704244835,0.313105385633,-1.68850416324,0.458803677587,-0.987961487505,2.9441288296
-0.585111713216,0.791272077684,-0.347867810549,-0.849940573659,-1.88105385892,-0.732743639454,-1.74309462365,0.847333001427,-1.50876684646,0.593343314577,-0.486008199024
1.71212651803,-0.00839168136031,0.255466318707,0.988303947465,-0.647459073723,2.08610529996,3.34518531635,-0.204761242364,1.03359666182,-0.990474443444,3.35062050709
0.281208671376,2.13026710703,-1.51532301413,-1.08701186659,1.60077269322,2.0339856695,-0.846996362922,0.0815642766145,1.02056384268,1.84005428708,-2.39764102369
-0.368021855402,1.43271727434,0.30216784401,-0.534065520121,-0.0251004727888,-1.95046359164,-0.963567560349,2.34739241845,2.48930099676,-1.04546325119,-0.941411925508
0.502997588062,2.93231750987,-1.05894585298,0.21590621015,-0.245754589407,-1.35075777082,3.71377144437,0.656823136802,0.702799056124,-1.50129140845,-2.7975121773
0.498179133763,3.25877035617,0.462538088965,-1.05741104896,-1.52915991653,-0.772867616387,-0.0774224520479,-0.98118113942,2.43112828132,1.31964894764,-0.289985888151
0.47084570291,0.27800738861,-0.909402691298,0.789229697318,2.81239527806,0.0222284018179,-1.33902045939,-0.326480315378,1.39391990533,-0.805328590535,-0.231383957268
0.0810468610526,-1.06451400962,-1.68012417396,3.54732488094,-0.260068027575,0.037619228004,1.20037804738,-0.119707405607,0.0659057773882,-0.209911275125,1.29730920902
0.505712028765,1.45017336646,-0.177346575078,1.93257129256,0.950375330108,-0.355644720913,-1.03314373442,0.169320388993,1.66341405094,-1.12865552066,0.79318219686
0.733785659939,1.55029342856,0.153691317659,0.834577526735,1.18400457048,1.17616505166,1.89156834239,1.66562211799,0.619341120173,2.40358975989,-0.440709580181
1.47797224299,0.247506125865,-1.32566281291,0.119462531522,-1.86183840497,-0.853796532141,0.18892972751,0.53438075576,-0.795582653444,0.879097137377,1.39072812014
-0.802540786329,-0.826752843085,-0.556505601695,2.66879575805,3.46979126842,-0.555609470535,-1.16051420488,-0.0111110795837,1.43261690272,-0.565297356451,0.174650463199
-0.4744856587,1.89286999783,0.947756867473,2.95179378854,2.06700291517,-1.52865791859,1.57333030654,-1.45394151938,-0.179594671894,1.50294950692,-1.97976744796
0.793609868052,-1.26951132197,-0.37842648497,-0.884189782652,-0.792737118038,2.25514588398,0.751750111816,1.30107569922,-0.777321876798,0.0739891592649,2.16819443776
-0.646335805169,-1.7136332497,2.76757027759,-0.631065343644,1.93664505092,-1.71379664525,-1.22635777444,0.550422558888,-0.711092207204,0.92141286942,1.39892836181
1.85877349189,3.30057272712,-0.178787629988,0.715417026385,0.646676760567,-0.566497482799,2.31324878208,2.4819558509,0.0668552155772,0.0690057229747,1.24228129673
-0.195563751149,-0.272461813434,0.525496848505,0.765135737892,-1.17155727153,-0.238256517287,0.0809415025175,0.444098705165,0.406280457217,0.623854629682,0.214250310765
0.0902697640521,-1.18160265659,1.60954718002,1.59079931586,0.00509185331049,-0.240006350417,0.812939619628,0.159742262427,0.801313880399,1.47428375197,2.38746041444
-0.216908289001,-0.879852179898,-0.846962105384,-1.75483526078,2.04807642384,0.274240736053,-1.26291143503,-1.89158214674,-0.49593901607,1.79071282777,-1.28870126305
0.954136959955,0.225059206993,-0.224789644471,-0.608769288657,0.277926094507,0.828000503135,1.75528469537,-1.24934303484,-0.748023873477,1.18665342011,-0.683817607097
2.8493169424,0.788527339337,-0.509937536197,2.43240766495,1.8023938068,1.20962536123,-1.80872938238,1.36528735702,-1.4158313818,-0.471508953235,4.56568889182
0.96205282986,1.77095061753,-0.446666380939,2.90361022331,0.695465461574,1.54864620838,1.06646894618,0.807759080986,0.990666095525,-1.46058173318,1.69061114222
2.73138318814,0.305953295106,0.722653266076,1.06409401182,1.10515745668,0.500455977342,0.710140496805,-1.02752308291,-1.93484964707,1.09160855892,3.47426126011
0.922467102047,3.11760604427,0.297354990014,-0.982455135676,-0.991351282006,0.997877129623,2.39280645808,0.66818212092,0.246849041732,1.7119861764,-0.679778481304
0.356106115008,0.563377183533,-0.983420498674,4.28634371288,-0.848939550969,-1.43382201613,3.77847218081,-0.596671450007,0.978381271889,0.0501295096176,-0.255135570398
0.548708598387,1.52220943051,3.86038701777,-1.36188824189,-1.09842123798,-1.02472386133,-0.514766479721,-1.144066725,-0.226593883185,0.521327119338,1.56272748666
3.00758912148,-0.724917704216,-0.874585141631,0.544747755911,0.387213144647,-1.03525303342,0.405055603426,1.1042541929,0.57400856831,0.714195623112,4.07044012947
-1.03282767218,-1.20266625288,-0.174071677188,2.08362052017,-0.673407615331,2.42978737223,-0.0235770869457,0.324488801482,-0.163134469958,-0.915749353641,1.75240180904
-0.457893380316,0.109176583461,2.27174145061,0.590946516726,-0.689387170546,0.890984897027,1.34885564108,-1.40239217309,-1.05478964134,0.00162748178652,0.727006796328
-1.26107604641,-1.35221277743,-0.880820548376,-0.375315719204,0.186112416211,-0.923507964037,0.803709533859,-0.83256028794,-1.49088870103,1.11030190104,-2.45283467431
-0.13253217523,-1.30302758405,0.669062208115,0.0331652286875,0.0885563547853,0.418432894231,0.121910490953,-1.01037485899,0.194590477566,-0.687926431667,1.67972453753
1.20293695113,-1.01461745005,-0.446386440636,1.83560800249,1.15541107356,-1.84036041434,-1.63444137379,2.99490461868,-0.697429119085,-0.946758985608,2.93579879385
1.68005559925,-0.0187805322938,0.374794937216,1.81438175405,-0.712221963318,-0.621067639577,-1.15619512913,0.401754424152,0.512838261529,1.44754899851,4.31137435619
-1.85464664487,0.703003930709,1.99959574937,1.27438304163,-0.0358518132223,3.52001435276,-0.772281695174,0.838446909696,2.9773016602,0.233807420312,-0.443059455204
-0.0449415961663,1.89857869868,-0.392784792946,0.495873347558,-0.870673960309,-1.32430464226,1.321119078,-0.91767695125,1.87351460306,0.79424811751,-2.03691574314
0.0773673528201,1.49441092899,2.0915978055,-1.44469432295,2.23334153126,-0.954066476552,1.40133279411,1.13554930734,0.221599446748,2.20262025831,-2.38922958459
1.38779125129,-0.225670104001,-0.157846671416,2.97658693536,-1.59935591548,0.288956998191,0.583595549743,0.803368449811,-0.101095017936,-0.146444352381,3.82819051263
-1.28410122188,-0.34238310301,1.65735349334,0.90038689981,-0.41983946576,0.255918322078,-0.55272193874,0.330957079526,2.41103049572,-1.27355989701,0.60620031952
-1.65027792762,0.0211175727138,2.5313362919,-0.0404159899336,0.621256033561,-1.44510364054,-1.47365112529,-0.135860884879,0.230454902414,-0.250299712473,-0.477639436981
0.595065071428,0.402422927417,-0.0391663269724,1.33427921597,0.871096770746,-0.226709539405,-1.39189516828,-1.12505972428,2.88096402802,3.07580112611,1.25969272009
-0.0749743687703,1.62196494701,0.325022601841,1.40996409938,-1.73332658896,1.21700214555,-1.13860116752,-1.19460650545,-0.706428847682,-1.64656861953,0.265885289681
0.754144147433,0.738332945118,0.637215815085,-0.928344881527,0.135414864309,-1.194243678,-1.15038280004,1.00150875862,3.6376067061,-1.41497684935,1.83786120597
-0.686003331543,-0.774323701358,0.903206471046,-1.64659407655,-0.49853763863,0.47446697243,1.07302566897,-1.44145322172,-1.80783378238,-1.87087925902,-1.30807568269
-1.43297321858,-0.0729511010401,-0.440668576361,0.701946100664,0.5538478932,0.982832306618,0.416769848905,-0.714908070203,-0.249243009168,-1.5571468291,-2.23819542009
-0.0980566617009,-1.19551977593,4.06080468584,-1.38402827099,1.13911983665,3.25176175592,0.197258128767,0.39458769076,0.2268997657,-1.76027564225,3.29001875193
0.177983303171,-0.753901130383,-1.30416952707,2.63512742785,1.39240652985,-0.422997827979,-0.216490372569,3.32601010031,0.0707249717101,-0.461091140231,1.08404686336
3.06178005557,-0.112686738899,3.2613829587,-0.573706423598,0.681786787417,-1.23005324508,-0.296451577377,-0.173645740002,-0.00116173457286,2.95848104449,5.05180076854
1.1676457091,0.529679559206,-1.8985023854,0.915605656723,2.1725540001,-1.6778068981,-1.46763441113,2.15409676115,0.96554846831,0.0429029587909,-0.0535386070073
1.93542768692,-0.353787713458,1.58944827822,-0.876914510416,0.105415168369,-1.04181846981,-0.164652041179,0.8485767646,0.533916316387,-0.240496296253,4.0599509609
-1.37756281736,1.75804098171,0.578919674506,-1.09476561262,3.05008723667,0.0315604779741,-0.556920791237,1.36912276206,-1.5927784376,0.313341277524,-3.10744948283
0.197321980966,1.46038057019,0.924929626921,1.14505737424,0.277621244595,-1.9028441135,1.21057909906,2.33058449262,-0.824480621175,0.0886806536388,-0.502246017327
-0.858382744316,0.82291906675,3.24149443964,-0.310076771989,0.342532924273,1.61471751413,0.324404894505,-0.874056660566,1.63384446612,3.29392962958,-0.199272732222
0.952590197755,0.91164541488,4.16841917983,1.06695335272,0.201388156465,-0.290264715362,-0.178682509912,-1.06284879602,-0.74504326971,-1.37985818278,3.16046679696
2.242282316,1.15072962627,1.32833612064,0.641270972277,-0.224884235133,0.971867541673,-1.61436459564,0.403128635079,-1.6286224598,0.187630660723,4.45490049003
2.41254187617,1.4750909363,-0.998174764052,1.46055515906,-1.75865904287,0.268982453088,1.65496917349,1.51985747245,-1.55069672324,0.510644678745,2.71135692884
2.69470976905,0.896405002142,-0.781165008408,2.37014323879,0.580981920477,3.3116948263,0.316132846084,-0.259096035387,-1.75024973707,0.766044479558,4.17817291236
-1.2016888646,-0.810045691965,-0.455150271883,1.23569982247,-0.565825902264,0.956975080303,-1.17005412157,-0.136075312481,0.750775797441,-0.120185785063,0.280272487721
-1.07108564806,1.29384601022,2.25879274027,1.05198286474,1.33646111031,1.23582486725,-0.414973949552,1.52213760584,0.884740972022,0.711780524549,-0.224598820623
1.73762982387,0.203738365536,0.575317009577,0.57114801582,-0.252429053607,-0.172901649352,2.20040025388,1.25382273215,-0.76754334029,-1.02782712037,3.11321954073
1.01956705196,-0.472310221613,0.366179406807,-0.382887304896,0.487431434542,-0.989591944734,2.01979941326,-0.0444064348589,1.51946432988,-0.229147073758,1.35158082018
0.345494825252,-1.11050366319,-1.06219750609,1.08405179422,-1.41740822339,-0.917922738146,0.397698624463,-0.202288405462,1.64205330295,-0.888270943318,1.25423916569
-0.449348133865,-1.4820068193,1.26575584587,-1.08730885319,-0.91649429374,0.813523891338,0.579866813921,-1.0581340039,-1.02080558447,-1.05448530671,1.21498397638
-1.24719031439,-0.0747692078616,3.02553755294,0.0988543762145,-1.23763760575,-0.716103425415,1.18808407968,-0.47653650211,1.03750858593,0.850078694322,-0.36465071744
0.85005295604,-0.691288908038,-0.935930157916,-0.173660277728,-0.651542743422,0.42858202548,-1.14622802705,-0.300694454542,-0.91384709016,-0.35356871072,1.40865483
-0.799039603063,1.0737997452,-0.259585380842,-1.0602106612,-0.927745618844,2.11536098829,-1.23621793127,1.15195462397,-1.8894484276,-1.25740729129,-2.14704454285
-1.19150731178,1.07254081978,1.9038979921,0.835759090434,-1.24189398436,1.04658547925,3.60100201041,-1.62488231244,1.91332096471,-0.517905403257,-1.11495903568
1.95242535077,-1.38593375521,0.0567259215959,0.158216181108,1.87782311804,-1.04463216113,1.43817096361,-1.00788833479,0.60701156196,-0.233992191846,2.71435921028
-1.23901414251,1.16874067453,0.635899639721,-0.334150251931,-1.49824364253,-0.271757845761,-1.04341518121,0.168907053203,2.50449507988,0.414381643903,-0.962833535301
1.11332354516,1.40130270976,0.548210611406,-0.708638733635,1.06756270532,-1.06795757294,1.151101925,-0.208068993369,-0.221016438291,1.74781758359,-0.303772782789
-1.23006996309,0.847635944758,3.35600702706,0.172655866407,-0.699883356403,-0.900072290403,2.99028127937,0.963129227175,-1.25362717241,0.0983107239552,-0.798867948032
1.79966349355,-0.876169521621,-0.433868579305,0.267158200501,0.179051850187,-0.33762008424,2.25765734289,1.0244550002,0.119100304037,-1.37865513719,2.94841283919
-1.24030548731,-1.05713052545,0.97207142248,-0.701091314856,-0.195914923987,-0.701487014146,-1.42528489663,1.98803517395,0.485628664429,-0.544818431488,-0.470337187438
-1.32015385159,-0.383158868038,1.13575942729,-0.807406333397,-1.04456401607,1.3738522668,1.61342928183,4.21263513314,-0.14925262472,-1.25338315821,-0.737331236761
-0.803668855827,1.84432636852,3.45901045301,0.73008059677,0.00776276893763,0.0397040722984,-1.06419799266,1.83834782394,-0.835333336386,1.63013830073,0.575163525408
0.833640769837,2.30264458218,1.95773327187,-0.631076302417,-1.29054349031,-0.807686604311,-0.85136844159,-0.122387930594,0.989902054226,-1.12295733786,1.25178276082
0.192002850809,0.0679483129722,0.92298289042,-0.790593329983,-0.345453576039,0.0976085109633,0.844927851652,0.494996056786,-1.7266238863,0.0641201947025,-0.390560851686
3.31649142136,-0.188913097896,0.701601506601,-0.641824785231,-1.0571776672,-0.468820338135,-0.200213557282,0.655373071153,-1.37940590745,-0.293935789685,5.22881705108
-0.0639876568452,-1.02620633308,0.260849454815,0.888781504181,-0.839975371274,-0.986742366195,-0.30719074703,-0.756596802603,-1.18099746322,1.39948819884,1.63227167975
0.869291342086,-0.454673802287,-0.697787483554,1.24134103234,1.46457937049,-1.62288688405,0.22676908626,2.05539832847,2.11371829429,1.49840044599,0.549206126695
-0.744471957619,0.375916116539,0.22177494157,0.0443039944896,1.31177357457,1.51971375962,-0.205362574492,-0.584133446475,1.48110479253,-1.93282164255,-1.15947563498
-0.437271175137,-0.528136057894,2.28225688261,-0.396853086525,1.42943560391,-1.35023734045,0.601735278813,-0.174132506563,1.43523724581,-0.82621004785,0.390243728498
0.36267680545,0.534821978926,-0.777748261778,0.615444674872,0.0143155795293,-1.15735362986,1.41335385639,-0.574755223548,0.0310863807283,-0.530918220543,-1.64801613386
-0.0040569627619,-1.76129170057,2.41272742172,-0.246060118079,3.56280760111,0.197673493285,-0.241620585137,0.182949531961,2.94584946484,-0.440413353488,1.92038719644
-0.695091077733,0.674633109236,0.121440503955,0.35460612315,-1.083678172,1.12716588378,-1.3294974906,0.503260247406,-1.90214101007,1.29952074514,-0.152636859596
-1.1186232205,0.437103715837,-1.42360850684,-0.121600963004,0.484895798292,-1.35418790809,-1.22966311829,2.42695544104,0.894868387982,-0.797676739839,-3.71767769473
0.618731397637,3.99063637398,-0.983427038692,-0.662154102882,-0.354773500303,1.80541992604,-0.810934983074,-0.371657240494,2.54676300828,-1.17139523514,-0.640117675838
-0.585640281436,1.3503537042,0.720934219291,0.289603633663,-0.90033083176,-0.470596465531,0.310519296989,0.96877073916,3.05830768183,0.815264281398,-1.5447527577
-0.102836783851,0.248907015741,-0.0265117362095,0.0721833464874,-1.34684066495,3.18171327962,2.08437564485,2.50032586496,0.304674620931,1.57347099039,0.534307618158
-0.432652355879,0.355528989234,0.919683338796,0.262195899403,2.19949508852,-0.762888839657,1.57887155104,1.1821006008,-0.871537916708,-1.04220873016,-2.00725162611
-1.1566169257,2.17195041278,1.33488385082,-0.875159317518,1.00067660286,3.04645688642,-0.415354230504,0.555045080271,1.95883522839,-0.0982726035807,-1.60700057357
-0.887668927309,-0.600883213145,-0.177668837321,2.1484559569,-0.595094739748,0.313481263324,0.822450181429,-0.356339800414,1.61303095514,-0.95380178561,-0.640910151588
0.352954597422,-1.22498753772,-0.606676815514,1.37461878184,-1.31382997693,-0.0198243516544,0.321349957809,-0.120810124953,1.35732945109,-0.951298482485,1.55683957632
2.1745654994,0.551918621017,1.57492723951,0.728297826436,1.27840129844,-0.289789984868,-0.25896169411,0.229404240472,1.03774662229,-0.218748925439,3.7160739307
-0.730877832461,2.70695986522,1.63402467067,-0.918179087101,-1.4341885126,1.37163658797,-0.78826776281,-0.118985097867,-0.491899624395,-0.33386163022,-1.25256934596
0.620512270484,-0.716288340007,-1.38080469617,-0.465295522904,-1.41847921397,0.793304925801,1.54335253623,0.140639575321,-1.7518480099,0.646326110292,-0.424889423674
-0.979600404902,-0.834852691571,-0.254184782748,-0.482710724336,1.2434564842,0.607415292135,0.661434866764,-0.498899114851,-1.40940329178,0.871902805415,-2.68889872958
-1.5125727708,1.56482123218,0.966466760837,-0.683782805923,3.49295425159,2.52244310479,1.05747591583,-1.71038280886,0.0491266914454,0.726577673787,-3.80723062486
1.14909396567,0.461914729809,3.40591843972,-1.38749198901,1.3282336133,1.4344970543,-1.1324694591,-0.196275248964,2.19273338879,-0.862245570003,3.11397538425
1.88572101099,0.243636402301,-0.412084916815,-0.232189849183,1.15757890173,0.369536385441,0.280673808036,0.827725871747,0.989161917542,-0.611586527221,1.45843542292
-1.09845189164,0.226176777413,-1.09225982774,-0.50885142805,0.791510091891,-0.140869119478,-0.980199388436,0.150810448769,0.16417612165,-1.0443380039,-3.1781498181
-1.43453275016,2.05845915938,-0.0878247861494,-1.30926750581,0.409705066155,0.138887873743,1.16658450114,2.94537167223,0.282079094765,-0.690349713585,-3.85371547428
1.18132959871,0.0702811038919,-1.0772783928,1.98833710995,0.151151322991,-1.32405040335,-0.145892935362,-1.61173296262,0.904607681431,-0.169631515557,0.341982909965
2.47591167251,-0.039571815933,-0.949867792987,3.81847493096,-1.40033143665,-0.0344868826828,0.392558298464,-1.37439466576,-0.269147662256,0.393103811304,4.08313308284
2.37687173776,2.78415442365,-0.734698527794,3.01093841369,0.690681130053,0.461209964289,0.0206305285556,-0.181225065504,-1.47873689038,-0.59972854526,1.80312099186
-1.65376585342,0.151103621724,-1.10355198863,-0.98859938261,1.77037879235,1.15433797251,-1.44642903576,-0.810887108667,1.51319609993,-0.707952139427,-3.41744309331
0.550649805583,0.843825807954,-0.156454547063,-1.33518920093,0.220271602914,2.94753808723,0.690249559555,0.595360501613,4.62831560138,-0.178291483004,0.283489414639
-0.0122714470554,2.7213578595,0.876501277068,2.41312254629,2.0270870507,-0.967536302336,0.274446870279,0.0222513526095,-1.66031378042,0.219873730911,-1.68942137192
0.973253045544,-0.397522029491,0.174119808804,0.483393394698,0.994492345437,0.628186515839,0.0671876847233,-0.566027731776,3.27732643675,3.47746621484,2.4012912361
3.3999258327,-1.65956230745,-0.726041496573,-1.34722559357,0.475126619798,-1.33281293471,3.59749663271,0.642052546484,-0.991040039408,-1.45167448736,3.28781257331
0.762680892256,0.810957694241,-0.77310853169,-0.0236940963744,0.875268682516,-0.940077036154,-1.32558476654,0.369695542095,-1.41512003091,-0.0428940951854,0.00530593621763
0.00971320300455,3.35594343348,-0.738577553809,1.09153231768,0.72667500469,-1.33755145471,-1.23338797259,-0.464434569157,2.95338855817,0.930392584186,-1.6338343179
-0.109617443613,2.21827711971,-0.931516567736,-0.465571048681,0.846534635045,0.651777318492,-0.3842266274,1.62785119466,-0.587740072038,1.27075646118,-2.4220310709
-0.311186172509,1.15776628443,0.912291906509,0.884786048144,-0.681833843033,-1.47938691117,2.44755392951,0.261759853343,1.55101852026,-0.638697037402,-0.769092154167
0.640715612946,1.07549993805,0.781442415268,2.81871146004,0.486938736317,0.023826391726,-1.08064564177,0.237643236505,-1.71975470233,-1.82240994024,1.69180025549
0.696622239205,-1.0318842897,1.12692554672,-0.504567849989,-1.45553275763,0.0326712542038,-0.830008247542,-1.59274058204,1.42818422669,0.0157405817389,2.051797777
-0.116077189742,-1.25261556451,1.67586921147,-0.220051559143,1.82016968984,-0.220689232247,1.60645897853,0.489410358769,1.53281745943,0.071612225191,1.35493143271
-1.77762129301,0.514747021117,1.4770556453,-1.79570651251,0.532677182681,0.749911594755,-0.6092788149,0.732171434888,1.08006399164,-0.726251119161,-2.30217991803
1.03012173036,2.80304246485,-0.906241277421,-0.246176561245,1.37161260136,-0.987387582003,1.47745933428,1.99524355699,0.651810194978,0.849503387646,-1.43813170116
-0.399114564311,0.130505970515,2.01645028149,-1.82625018806,0.040941479159,0.902009069944,-1.13285262292,2.31956877794,0.266619990733,1.52984849456,0.871290456655
-0.625264128406,0.418875636935,-0.652003176645,1.03884896772,1.05858529872,-0.883924609842,-0.954520543043,0.0956366243574,2.58818447518,1.31670086304,-1.8993000014
0.534152873109,-0.138797990243,-1.16422850875,0.701343923638,1.2730861605,-0.770622438185,-0.79925131354,1.91095546945,2.53630492767,1.38186770849,0.424677022116
1.78203265747,-0.642398157189,1.58612795968,-0.422316734577,-1.05146096176,-0.657937131364,3.76771628217,0.611738693506,-1.2551461728,-0.877401776442,2.87858591569
-1.26035468571,-0.456294241439,0.979308223018,2.67486256424,-0.294359022275,1.92067733939,2.21465932913,1.38573213124,-0.224983998205,-0.0480375316721,0.564392757922
0.477478042649,-0.525326239372,1.35457670192,0.202574512724,1.01822551854,-1.21271628809,0.559229135998,-0.90819266376,1.45975535197,-0.961662613794,2.03270285256
1.83265346184,-0.49302443046,-1.18786873465,-0.205543148895,1.23190750715,0.979754222836,-0.351099103961,-0.829910793217,-0.855215918782,-0.508511313088,0.958744016051
-0.181955853504,-1.0497275425,-0.762100339426,1.16865772388,-1.46179894852,1.45737104957,-0.0488547184406,-1.42835717373,0.187796552711,-1.05023717975,2.08870546862
-1.84052151925,2.37308525635,-0.684876070958,-0.276678578386,3.28210795534,0.387695404167,-0.701151472905,-1.71711520866,1.76950721144,0.328768081788,-6.94324247807
2.73633388839,-1.43167947522,-0.489680593947,-1.33874306803,-0.775341286375,2.03349753893,-1.44596139146,-0.285345573688,2.08972743449,0.26351786336,5.66160500654
0.939304210651,1.58876045129,0.198845858803,0.675155416847,-0.914676452999,-0.0104013925266,-0.552364599905,1.39352817784,-0.0852355341329,-0.0817416365363,1.58842125569
-1.23891331573,0.0387049041509,0.0554019570508,2.08000516803,-1.31343498556,2.95752812251,-0.453355380984,-0.149680199176,-0.944313835346,1.14754124773,-0.280643212982
-0.142497022313,-1.21242645411,1.02493296552,-0.729635599057,0.129566256957,-0.107871991379,-0.260265802899,-0.0848521800675,-1.25097733921,-0.697145417854,0.750442817121
-0.377846077107,-0.0307360582208,0.556515730626,-1.2479002567,-1.01434854405,-0.909862470419,-1.31364937389,-0.831927097637,-1.50650507485,-1.58306282246,-1.55896545565
-0.673869294507,0.490074749919,-0.797224969124,-0.402826112975,-0.290103699762,-0.243235373686,-0.758321852167,0.338931086687,0.197361182587,0.507696669863,-1.71258698169
0.107724091234,-1.77578124719,-1.10578247021,1.82391771394,-0.336917889003,-0.298988641402,0.839139510445,0.453170747503,0.45625467993,-0.904684384235,1.58042858133
-0.0325852369629,-0.27004389134,-1.19936815547,0.122644124005,0.165030206561,-1.2069186428,3.22898924327,-1.41974816389,0.415024420598,0.504893339384,-2.20045314176
0.618262861836,2.14042014585,-0.937275189846,2.66456994131,-0.0375575858477,-1.49436273066,1.49603562952,1.4353528404,-0.0320278081835,-1.10426400507,-0.242095071519
2.88606102427,1.5756418344,-0.368371875705,0.0383404675464,-0.242321366453,-0.474696643925,0.44906645859,0.287516790568,0.589317643434,0.0666415159772,3.01802981737
-0.449326877675,-0.185427311099,-1.74700452547,-0.548446345322,-0.262416738336,-0.903308034402,-1.72315004249,0.00663380861647,3.74447663459,0.593328497933,-0.759734426569
0.487171772859,0.553413878669,0.386333426137,0.028478613727,-0.527498074191,-1.21117178783,-1.04068213575,1.06102751552,-1.41408684882,-1.54647869368,0.343375591224
-1.10290758338,0.656453634937,-0.785763884005,1.30205766076,0.92356142289,-0.0197289208057,-0.0936840106647,0.0258043425312,1.11731883512,-1.59221292474,-2.09840857051
-0.641303840029,-0.452491669399,-0.564111189591,0.0411368946269,-1.32289452197,-0.61874274061,-1.85749115936,-0.57253022274,-1.61370738606,1.57067733824,0.247403985339
-0.745582974269,0.510696798347,-0.289796554958,-1.24982555096,2.69569179864,-0.710265089816,-0.774844795148,0.150890001906,-0.804082260476,-0.851076363065,-3.30680120725
0.0977222147546,-0.14163905788,0.134867131629,0.432724400981,-0.462449666505,-0.542636213743,-0.290244234857,0.660211230314,1.06833831625,2.08191829373,0.820623943185
1.10831953472,-1.65687110087,-0.839941506745,0.674525391133,-0.978783738711,-0.427249072516,0.80784601242,0.358107827086,-0.0641719602349,1.2342999121,2.19659000723
-0.190759611301,2.17581623985,-1.05373254269,-0.530108114511,2.34861628991,-1.16623907904,-1.34163948423,-0.158445201801,0.805712535881,1.64692387676,-4.42616750446
-1.18547335118,0.394241714178,-1.35896562354,-1.50332411531,-1.95492770593,-0.254613523173,-1.70691339771,1.5280822279,-0.105586698698,0.884276945145,-2.71284967717
-1.44529996261,1.73294629347,0.25459597151,-1.04184749235,-1.59272800527,1.77201021535,-1.16232134663,-0.965621773806,3.09326326132,-1.4898146768,-1.3215033956
-1.73374785356,1.27471648258,0.794738480967,-0.615023823823,0.830187334344,0.767993784871,3.92826020739,0.973431785846,2.06388297633,0.133149477313,-4.16515601773
0.223111964552,-0.914387482573,0.0435464540606,-1.35525650305,0.842980752824,0.510518964077,-0.0662051383765,3.61221284521,-1.11844751334,-1.84433809074,0.789113273536
-0.941033738368,1.02254874305,-0.20310249404,-0.199214607901,0.629851322198,1.36098914481,1.45490972871,2.24183213709,-0.945187154199,1.12028895231,-2.60127187566
-0.207615674311,-1.60072919768,0.558012372848,0.213548082971,0.415162301081,0.041536655877,-1.26411733965,-0.385709817438,0.713704287778,1.2070936681,1.25577757601
1.27858161086,2.14877889906,0.354200938141,-0.757429610847,0.62417114913,0.160794655614,-1.01610230777,0.259477369044,0.417829816376,-1.57350121628,0.983800043542
-1.02849708765,-0.982263945871,-0.50529459869,0.192882813724,-0.519882380526,2.0426058787,1.25348829311,0.581493895761,0.590806675229,0.722534574429,-0.76228763657
0.385378536845,-0.216488194788,-1.97367032254,0.222001790095,1.10263248224,2.89123587824,1.72024897309,-0.271635865614,-0.631721904956,-0.537863942636,-0.729767413166
1.64720829114,0.167263094866,0.00978437498487,1.00759679673,0.0320138110937,-0.508204338782,-0.983366904914,-0.622156723269,-0.157437466699,-0.0644494755288,3.04374871591
-1.21430977384,-0.205829494523,0.1481727208,1.46149831012,0.326060490122,-0.43998763074,-0.863584028789,1.42978104531,0.842524796267,-0.368539444797,-0.553389261759
1.25605561557,2.43236959895,-0.78899234474,0.10202910969,2.48793566049,-1.3419183583,-0.341702724936,1.30720037933,0.816031244636,0.961109464366,-0.577935166354
-0.0855388243133,0.142934937372,-0.715756748629,0.379879864723,2.44992726903,0.468539632086,0.996884440388,0.698912474211,0.770062387503,0.0342792856629,-1.39806680269
1.42722859648,0.113748491919,-0.660762728719,-0.765620325625,1.7367014038,2.74641226057,-0.268275605137,0.983479355738,-0.186117216919,1.02390343476,1.3578268022
0.986470502395,-0.102640270569,-1.30841320152,-1.12208080771,-1.36680696898,-1.7132357968,-1.27074538363,-0.860625654689,1.0077581854,1.67102186635,0.116270720642
0.36664700554,0.408254671241,2.88517667825,-1.82407585231,0.243812769851,3.35953644717,0.586034641406,1.00459251344,2.44181519603,-0.369682388286,2.85072615893
-0.362050312694,3.19384082663,-1.19976754725,0.208627372649,-1.65198620752,-0.495012107251,1.34060951395,0.835339941173,-1.00699431467,1.15993394426,-2.59250316067
-1.06976497268,3.30824250034,-0.59351125508,0.851067527977,-1.04712803251,2.56048739475,2.03450969606,-0.241469695044,-1.8953204827,-1.455565147,-2.66726893319
1.79097503167,0.401886707419,-0.320822340525,-1.21285147764,4.50676088757,-0.85552544011,-0.36038925483,-0.699250841562,0.397152257734,1.12865153596,-1.46256882574
-0.448688236159,0.992661111876,-0.78880812529,-0.964433048924,-0.588566942601,0.324741598514,0.093387319086,-1.18700907726,-0.551021274202,-1.14432377236,-1.81625764869
-0.154980273587,-1.65028994254,-1.64519028119,-0.905353003774,0.611164887514,-0.268032774458,2.71795138219,0.818755934596,-0.804951171085,2.59024668933,-1.08419226356
-0.223569421236,-1.20185569185,-0.800210449686,1.61821303408,0.426622921077,0.904115306471,-0.61373358484,-0.699000433383,-0.678967128386,0.0668301624401,0.296537956439
1.48517715,1.03285490102,-0.753708233262,1.05478594091,0.0352449542502,1.01493357383,1.21432426661,-0.810552481089,0.021655751876,-0.149827700842,1.39662840978
1.17057233604,-1.50401522417,1.01064219351,2.82590248944,-1.5305054426,-1.57847866477,0.0492540437676,-0.442318992728,-1.53969253677,1.15258972297,4.20362032904
0.995228537468,-0.756047638396,-0.876525022793,1.8025947904,-0.857512569862,0.214625960018,-1.11417632987,1.64366490827,1.5033267805,2.7848793661,2.74798477107
3.42249152387,0.303324564826,-1.74608387383,0.596818899604,-0.319570411403,-0.530070591328,2.70182136549,-1.39760499175,-0.356091951095,0.301771097926,2.21305261726
0.32548602508,-0.717563696865,2.09855341871,0.794701942969,-0.192783593711,0.25728460417,1.69374987863,-1.42132845103,-0.123355123164,-1.214326218,2.13543422633
2.49288791175,1.22852660426,-1.14946627348,0.938141980127,-1.35686867133,2.23376546602,-0.371577452355,-0.203968034197,2.05920093094,-1.52322104756,4.40020938263
1.84816516822,0.626224167972,-1.52942054133,0.292562910174,1.14492127056,0.947028845292,-0.608383175573,-0.36114448388,-0.94457989065,-0.331173503013,1.28846521662
1.714766474,-0.96710283739,2.21637544068,-1.64786759372,-1.66073925415,-0.312126965973,-0.52938576944,-1.51130847676,-0.0404619030536,0.666288731985,3.89034251278
1.58875169287,0.0124778222208,-1.05370814935,2.50596613663,-1.47257569508,1.98012685464,2.73366698248,0.461610617178,2.14787169885,0.109598438632,3.75416455575
-0.555118051379,-0.9766937537,0.357739433627,2.6535701397,1.70626040822,-0.115132611816,-1.05165671353,-0.177243683272,-1.05806194564,-1.68862048149,-0.595741037078
0.618670120041,0.504332913589,0.0863805730479,0.72145567968,0.809754906613,-0.22210511556,-0.793384236601,0.477604434111,-0.0246783535732,-1.26728881587,0.594845572938
-0.0633267572252,-1.56785994332,0.341784219942,2.04876997954,-0.319287071638,-0.464915726751,2.57529706787,-0.854148881409,2.26031931004,2.05089717021,2.10790415321
-1.08605077325,1.23927717632,3.0918847101,0.804547306846,-1.26375076447,-0.0102192195489,0.244835782333,1.50733059723,1.00235670039,2.2397644819,-0.154705601909
-0.21090480333,0.727461463318,0.634919343367,-0.84162848821,0.171197848679,2.81408626408,0.606262414832,0.326886184327,0.956882477908,2.33829515978,0.305689317152
-0.745147730186,0.554070537118,-1.77201696363,-0.987936019644,-0.78880119784,0.481122393227,0.231916307127,1.33363950021,-0.684578830282,-1.36732347599,-2.14779279665
0.139601847482,1.38949704973,1.65541716869,-0.17963862122,0.338469904894,-1.29780879091,0.811598963536,-1.60195553979,-1.08052909749,0.592111127177,-1.29524356332
0.959366198276,-0.559291084613,-0.112262877676,-0.671491195382,-1.23283356094,-0.00662784042497,-0.493652828596,-0.781226907262,0.990385351933,2.01971603954,1.90980042633
0.0762695714525,-1.04276937293,-1.19914659017,-0.957915056023,-0.879339823123,-0.56172340341,-0.0331609588779,0.178156243824,0.495335010414,0.425744888564,0.0262201420408
0.60805106687,0.390112744238,-0.98984204048,0.601817291559,4.32015886759,-1.24696508747,-0.350777851833,-0.740370528409,0.295651704325,0.698418800249,-2.24758908986
-0.747313111235,1.22020695923,-1.76517209687,-1.67826974066,-0.24529027908,-0.931709314472,2.17091491057,2.94517129109,2.97252621958,2.73971848643,-3.28441964457
1.74507336024,-0.932293058759,0.957496340538,-1.33319634725,-0.0444427255883,-0.542874255728,-1.34564108611,0.795022702092,-0.998446774858,0.464590688066,3.7044231025
-1.10010635671,-0.610609313759,-0.171362302265,-0.220176819902,-1.58727171688,1.75752945608,-0.610131586979,1.75677711027,-0.295841249295,1.7941360244,0.371266993603
-0.379731251273,1.33860200024,0.13291038098,-1.26693886019,-0.35554713557,0.740030837064,-0.759529034796,0.442358977328,1.1171542347,0.955661058544,-1.42266418361
-1.56619435164,4.54738826712,0.292406059685,2.35936102136,-1.75054018617,-1.41729122862,-1.34769396874,0.948847126663,-0.976945804057,1.08140016136,-2.81882530795
0.840404636387,1.77974343074,1.23900275789,0.610937504634,-1.93864113271,2.50681822813,0.15266062334,-0.0442640680038,-0.201983951596,1.78559178602,2.39620632697
0.471327401556,1.0598580251,0.93491098092,-0.0876194467942,-1.71301876713,-1.71838435381,-0.795017408722,-1.39832316524,-0.633188848593,-0.560624273973,0.538934448202
1.40675953274,-1.28421296337,0.513402328345,-1.36314102903,-0.455320209952,1.16962219995,0.484835137032,1.75501876577,-0.673971652163,1.33040005136,3.4980833252
-0.894119856915,-0.0304713444192,-0.0760765210568,3.96593686259,0.400360164032,2.58467815841,3.31173288586,2.53569597154,0.0302854175136,-0.811115816349,0.396081181709
-0.496367090148,0.544683763759,0.0791660517805,0.43224015391,-0.0882410474211,-1.423996952,0.795998782297,1.92277480862,0.0749002812361,-0.344962385255,-1.5428286921
0.473126389358,1.59201624288,-0.135607943399,2.52414307433,-1.31873142967,-0.0294387255213,-0.102766288302,3.26341094524,1.5299907525,2.33450083951,1.80361568292
0.626578172491,0.0951066536603,0.685330046898,0.00645142018348,-0.829777130433,-1.09443631549,1.90787669926,-0.780753768095,2.92630210304,0.0777167706571,0.870274341329
-0.885153700595,-0.548400709844,2.13353508874,0.178081823713,1.53335257631,-1.88815749862,1.1948130751,-0.619682891979,1.63540687949,-1.23796325099,-0.678210480141
0.518507893254,-0.914017929495,1.52029942988,3.75271032286,0.230420350293,0.682906418171,0.162392415173,-0.554510068956,0.00354019148367,3.59192675577,3.99218215175
-1.27199149224,0.0568301315038,-0.656484167488,0.794617199324,0.78656201527,4.47833193847,1.20445567743,-1.08255490298,2.23569227838,0.888341440659,-1.40037230295
0.60853213812,-0.435018573863,2.08234203089,1.00322341882,1.24492091393,2.09699190644,-0.493867457387,-0.561432301294,1.33414859622,0.837504978673,3.38406673766
0.380339816819,1.88096984628,0.581590115326,0.0665121920256,-1.43135356109,0.964514334666,0.623513516101,-0.0551273363601,-0.381297649728,3.23104088493,-0.260328753129
0.615935707019,0.678016056629,0.0601206604119,1.24725891433,2.19127517233,0.519194600461,1.59739678228,-0.20588586542,-1.72258815212,0.670339058939,-0.46736309128
-0.252826782321,1.34853260786,2.53612536622,-0.593339930814,3.03605227741,1.49460868465,-0.238066012925,2.53836784042,-0.0749250072081,0.913117221695,0.0965760232963
0.782897486392,-1.86479001204,0.650552527479,-0.835625200909,-1.34141546877,1.43533840048,-0.44057191679,0.0464567488539,0.753382595904,-0.0586713521743,3.824168284
-1.13951106691,-0.550370311112,-0.293490544755,0.994038570188,0.387491211701,0.217847008178,1.07957484197,0.496285255895,2.87326440225,0.0586713908518,-1.07671800732
0.657509562928,1.72556048124,0.323182445378,0.892101808679,-0.295773034676,1.11906037786,1.01328839982,-0.114918566752,-0.112621221382,-1.48713220576,0.347507438449
0.374783898562,1.71563934268,0.583978459998,2.00612353941,2.19507943989,-1.01049862618,0.905069255531,-0.0362591149899,1.68709630211,0.424690931258,-1.5442907589
-0.272444619238,0.0170429931632,1.32575574554,-0.785461280736,-0.0403907268043,1.26479985043,-1.12254035266,0.809606306052,1.53349233732,-1.50473331854,0.647892349388
0.0392718729525,0.720538248324,2.12831655618,-1.55061689043,0.681965565315,-0.422091071337,0.131972812875,0.933538357023,0.440505426079,1.9912996033,-0.435915042674
-0.82225267403,-1.18572926459,-0.817106377879,-0.17836284858,-0.788906545014,2.17407899462,3.12263693719,-0.922332113445,-0.485321000581,0.740783182811,-1.92353871362
-1.82050695403,-1.24112715632,0.838293071891,4.05990457286,-0.148077157281,2.26867736285,-0.767042517181,-1.62312683777,-0.139247517571,-0.268725205546,1.56772914677
1.30932476802,-1.67760833205,-1.03044770301,1.40680677085,-0.768009192043,0.410447384271,1.82297482089,1.40845282931,0.477646953179,-1.08092198873,3.85917370934
0.650533264922,-0.480298467732,0.368336358709,-0.35063819308,-0.48076592151,-0.115966660416,-0.232526770652,1.00541856921,0.347246183085,0.71851974803,1.55214453394
-1.86397768706,-1.28515495092,3.32562337918,0.565930515215,-1.44038668599,-0.517855001648,2.05807770288,1.012781584,-0.979575548639,1.53110726457,0.33666673288
-1.7258666801,-0.79660166552,-1.79955605705,-0.288644202891,-1.22177584116,-0.0424491580606,0.134065466078,-1.80664786554,-1.33879818278,-0.55262267574,-3.88347644369
-0.766698139263,0.0428866383891,-1.52807159625,-0.673565037365,0.664944851964,-1.28166278389,0.765587605773,-0.216763204109,3.15739366968,-0.405451262576,-2.18098729904
-0.0127291721584,0.64400939411,1.76561333217,-0.610913258291,1.00287675539,2.55046271723,-0.242452886325,-0.868041571117,0.396376889789,-0.335530765467,0.745214054856
-0.574688987931,-0.557495854154,2.14125570391,-0.311422879913,1.23776159026,1.85335003349,1.46641866799,-0.415912748253,1.6096776011,1.67154752891,0.419249987509
-0.571785902937,1.11346443186,-0.646342558776,0.835093194863,2.58848610105,0.470083629978,-1.64158647426,0.927730471716,0.0323919467729,-1.0390588311,-2.35278674115
-0.0186037413661,1.43288479051,1.93227837994,0.0297273027846,0.893979748154,2.52872716959,0.520630252197,-0.359816576054,-0.84769597502,-1.42407681507,-0.182343058653
0.514337651336,-0.740611439671,-1.30999465168,-0.352661639618,-1.08039709354,0.876412955921,-1.47247645696,2.61057250145,0.354195938542,1.05981900667,1.34197634013
0.478805739852,-0.529973655811,2.7570992934,-0.175556914774,0.837337236768,2.5265438813,3.63992317754,-0.473472160347,-1.326623296,-0.953845702727,1.9348782087
-0.759558234372,1.58477758233,0.87081984671,1.04302833614,1.14742493097,0.891674749339,-0.4095276216,1.55884522696,0.15144570885,-0.70115240106,-1.31274798827
2.20934723597,0.426933904422,2.06148624554,2.00582215134,-0.330904422837,0.59550815744,-0.750337951161,0.906582712741,-1.56133888985,-1.17862532112,5.04179423808
0.592606141571,-0.14140017121,-1.08056252343,1.12478452641,-1.08615415448,1.30444445408,-0.354450069782,1.12294180669,-0.386025780174,-0.970690452692,1.88956542243
-0.566110152639,-0.487491433649,-0.736962919024,1.36434798486,-0.65867156324,0.0595092635685,2.55107494346,-0.413616907661,-0.243494938094,-1.54215872449,-1.16746753583
-0.58944137103,-1.66974971767,-1.73805738299,-0.79155513055,1.8848161484,1.06732630159,-0.373053435881,0.469117091576,-1.33090941886,-1.43256712096,-1.87376194037
0.0402292920882,-1.18250358888,1.22665527388,0.243228884624,3.45732610582,1.04770875795,1.51694914904,0.400434527653,2.53141032872,-0.454693897554,0.711790506825
0.67057175787,1.71788410861,-0.29949868064,-1.693662938,-1.2137214537,-0.502627510392,0.354713378226,1.02399751968,0.109323835661,0.290877301968,-0.265125671455
1.08798107072,1.93982937899,-0.815631540461,1.27257803449,1.79364376533,1.40611562055,1.97835809615,0.953406206061,0.211238057111,0.221405518989,0.0223802281718
-0.950988425602,-0.0447079779009,0.673483322564,0.516398359212,-1.95126805472,2.00656521061,3.25201836409,-1.32429528055,0.43531563676,1.95300653802,-1.08332049234
2.55640047921,1.34210223298,2.9242122515,3.91562737029,-0.0431750014246,-0.754944195615,-0.95584493121,-1.50322244694,1.75433206828,-0.855614824139,6.41077713155
0.571775419703,-1.06621351484,-0.849479551753,2.32288896812,1.4472311982,0.850904083225,-1.60872587306,-1.00428552283,-0.553874939299,-0.742055497542,2.10390159774
0.699930997909,-1.133775647,-0.525576548189,-0.377824270414,1.79156593934,1.28554335415,0.456818004116,1.22598438639,0.49307265223,1.20875723169,0.808028371314
2.62274950882,-0.228812182049,1.08627083214,-0.337380417184,-0.373882432467,2.4621182627,-0.740334134117,-1.52811450576,2.0209816082,-1.24691131451,4.40564992801
-1.58579738466,-1.27419949143,2.82078171299,-1.21869369574,0.985631884588,-1.36110907467,-0.646979742237,2.67520954778,-0.0341210587275,1.01643418568,-0.496966508921
1.00577639674,0.404148664065,1.18072155301,-0.745307920361,3.28676190085,1.97718775839,-0.587996061109,0.878883520988,1.27876262914,1.035874951,1.25879302899
3.80570001003,-1.68699050845,-1.28640782832,0.383413429332,2.97857505265,-1.74513879139,0.018964805851,0.00130996570426,1.01904231464,-0.00767500332985,4.61783005807
-0.499541459114,0.806024986738,1.77836932217,-1.57329281466,0.252768235357,1.06561585517,0.552442610448,0.160215420148,0.803914025834,-0.0512278959639,-1.08699298145
2.10882216092,1.89732082785,-0.00497096015728,-0.281041281657,-1.75333930318,0.876200948693,0.060777410269,1.22945001943,-1.26713993785,2.88540800186,3.03145203601
0.918166621655,-1.36651578549,-0.536470838212,-1.94763459998,-1.34277883375,0.410682436088,2.86262918186,1.04466032233,0.740222742036,1.2827719928,1.19554454558
-1.02365717933,-1.09053777486,-1.27512861871,0.362226324242,-0.622633302234,-1.05463951498,-1.62139564387,0.830101761081,-0.245726943623,-1.12548266649,0.081953979382
-1.05954262763,1.57982627677,0.741891654291,-1.35850739147,-1.37782827636,-0.38013688652,-0.722395776167,0.51614036937,1.36899314439,0.0181991959556,-1.84241762373
-0.653107883587,0.22961329351,-1.26392776815,-1.65979793648,0.284797347502,-1.14755161993,1.25060534754,1.55833350734,1.32033505484,0.104265703324,-3.29086558669
1.79435162497,-0.720619890124,-1.22820186378,-1.20120553798,-0.530762872824,-0.0323192617752,-0.839319241471,2.73933407398,-0.833985215731,-1.65554869115,2.86822266967
-0.998879645388,-0.00418928494886,0.765788389599,1.01840161891,1.81744374105,-0.930642475204,0.70811126152,2.55939109916,0.42036884157,1.75985927434,-1.05006402518
-0.500322190022,0.00537733758554,-1.20221676009,-1.19118713222,-0.412776376265,-0.23763328114,-0.696993350018,-1.07190954783,0.769569446089,-1.21608923379,-1.85354386618
-0.47204149974,1.35620194732,-0.296518086526,-0.151928954276,0.268141400887,0.273299015864,0.773168875173,0.340241745454,2.2147864223,-0.750076878247,-1.4691320887
0.349411358411,3.1389182646,1.46829863776,-0.696041001148,0.0359974117999,-0.98230422479,0.610380568066,0.116930199699,-1.63218166886,-1.65480519331,-0.350987315804
0.633107139263,1.81551830358,-0.681680299992,-1.00129771618,0.431194596012,-1.20211406484,1.14395782138,-0.888933888746,-1.24653349294,-0.232587124418,-1.69283640525
0.929901196854,-0.92408052853,-0.255791726906,-0.52535880159,-0.735925867861,0.559054779494,1.03819117526,0.165279383919,-0.871145696302,0.176146072771,1.1816223863
1.38590845858,-1.02020880124,-0.662373644752,4.08095605093,-1.59616016275,1.01111120207,-0.782611937389,1.75562538535,-0.491565001138,-1.05002879666,6.3185717976
-0.00753252175305,-0.242100653007,-0.236213285273,0.784353501342,-0.581030754724,-0.284316102227,-0.272210296213,4.13222861147,1.22849901084,1.82664325922,1.2540242905
-0.104987339758,-0.778172503244,-1.66524517989,0.129604639428,-0.689856393904,1.01513844385,0.918747583431,-1.36178786501,2.82631724695,1.25923914394,-0.317362928032
1.17851104901,0.856367860796,-0.776620166818,2.49828233337,-0.945998028044,1.58859165704,0.327292150528,-0.507766690393,3.55408428239,1.64253137954,2.42356630657
-0.610708097006,-1.66307452661,3.02902434015,-1.36573319508,4.06389867373,-0.962371367115,1.59579087269,2.436934409,0.966187144097,0.416757809905,0.908244848934
0.724601824882,-1.44281726087,1.90155358436,-1.38568109938,1.71583413295,-0.854476962622,-1.74614391322,0.44755286985,0.431131100338,0.818881557754,2.61072718407
0.932971569254,-1.40292445811,-1.62333169617,-1.23255913677,1.41118168774,1.80336740392,-0.832599526856,1.67457690938,0.539286002229,-0.207657308511,1.48223669404
3.05328681157,0.356995499958,0.269632595233,-0.30689139159,2.18484127947,0.527003482852,-1.06174837173,-0.852341893333,-0.0545666704108,-0.22175544698,2.24951628566
1.40539061366,-1.32846568179,0.444558628668,0.179653148473,0.646457147671,-1.51978100442,0.976924474182,-0.00578606480289,-0.745526462389,-0.0119088028022,3.18259262781
1.85613168464,2.08263647376,0.76916770764,-0.053145115275,-0.747607508747,-0.2235032856,-0.1651135716,-0.241737992916,-1.82883712631,0.489499770327,1.4704498035
-0.0679989676838,-1.23647019841,0.350893596246,1.23263034296,0.716093042804,1.05745131643,1.37128924198,-0.870232055126,1.12029649196,1.09170885287,1.08215259819
-0.574489091205,-1.32353454094,1.17166780802,1.79713721325,-1.36843206402,-0.771111298711,-0.144343191652,-0.366391219482,2.35054308605,1.48071673457,2.5050563549
1.13796604857,0.9171049386,1.07149115411,-0.153115146861,1.96320578857,-0.10897363148,-1.08932941495,0.694548636417,-1.34020805122,0.991675843558,1.34367621813
-1.29715577016,0.672347017379,-0.86197794177,0.766510795613,0.11253008131,-0.327843445297,0.245031792964,0.211699725886,-1.74017485647,-0.509857433409,-2.37586858902
-1.41166566724,-0.744190359171,1.49807601747,-0.548388606025,-0.0164054542179,-1.29424710892,1.52300268795,-1.73532032821,0.699379073358,0.647892657427,-2.57414846397
1.4391470536,-0.180520297721,0.0794061607619,-0.422532095905,-0.499585782002,-1.487042659,1.0511037141,0.676856369071,-0.531601418646,0.813115609397,0.902047936026
-0.59610526382,-0.939977078457,-0.123682204667,0.120631640942,1.51763424763,-1.49453911661,-0.275317367196,2.76753761256,-0.141971281062,-1.35906402659,-1.01489358376
-0.405143175351,0.261572475375,0.459783808867,1.16728361361,1.07176635527,-0.411991406755,-0.0915267776727,0.568044433235,1.83225789822,0.704735764678,-1.64148816162
0.466637303072,-0.439475568629,-0.226557902641,0.202534278984,-0.532090352833,1.08286183807,2.41587524179,1.34030680094,-0.957511510789,1.43910612778,0.406093241805
3.22688717696,-0.310117901167,-0.762027140372,0.283411332181,1.66763959013,3.37912452051,-0.328712364314,3.63688410834,3.19850131727,0.917966573392,5.84225198081
-0.052822894105,-1.11728325969,-1.26133527492,-1.04977019274,0.735043012085,1.04702377332,2.14880687284,-1.07235948004,-0.880484610397,-0.410288548501,-2.00399244281
0.916054710642,0.564257649273,1.09639534877,-0.211339109046,3.37351175786,0.506303348295,-1.48508553707,-0.799155920931,-0.374840987564,-0.447344440558,0.302806305224
-1.53904651619,0.917303582754,-0.94198631994,0.956734965379,1.31674655759,2.92134208663,-0.616776557213,-1.36571791524,1.01191399422,1.986676407,-3.37726769134
1.61226419699,-0.840967033765,-0.87836545141,1.03399808515,-0.151360714586,0.133358481601,-1.56899658018,-0.369848721705,-0.701867718926,1.86325795027,2.34245100912
0.128560599772,2.12135873089,2.31277234926,1.25576475652,2.22279951505,3.20876419099,0.380344160275,-1.30630096597,0.495291912547,0.607719791723,0.145882787208
-0.804222166356,-0.791792348839,1.52752181181,-1.87621282779,0.358735065779,-0.592111252462,0.839144551784,-1.01418856872,-1.10168290446,-0.983762610148,-1.00758585527
1.55862410936,1.20059527635,2.83080856927,1.40087729163,0.564945495592,-0.570622921926,-1.00550330308,1.68221481351,-0.0356452902871,-0.510727472875,5.20644915842
2.15531151946,-0.184001812359,-0.669288806641,1.39568840309,1.0346564274,-1.17400322879,0.251080592412,-1.6038914272,0.804818750992,-1.19201423941,2.96084158484
-0.498970966769,-0.938599688412,-0.349786688986,2.47295903986,-1.91727683437,-1.82744049153,-0.9939347355,1.06612807653,3.6466018141,0.627584670917,1.57460939085
-1.27333174398,-1.42294290093,0.207595659224,-0.43521466035,0.936060172536,1.71352599712,0.598071846097,-1.508200365,-1.19924038348,1.4633674946,-1.02688612344
0.0307448196042,1.70715909218,2.24240825812,-0.733425055067,-0.340174057639,1.69235363591,0.189079827083,-0.844135390952,0.227795066146,-0.275795829713,-0.103269029941
0.922450198892,0.375186235645,1.3277586885,-0.664944512272,-0.264159201918,-0.229407859716,-0.673533727331,0.57232800965,0.396961905813,-1.11523699302,2.28564204396
0.582978158239,1.49002203653,-0.0215584292169,0.703283450715,-0.705829183912,0.731265784856,-1.11734574938,1.46138402962,1.19319691469,0.376432996444,1.1362063636
-0.0599105742961,-1.60689749748,-0.0524886994505,-0.603115743754,3.18007775493,0.704616808938,1.51290778412,2.36777415691,-0.130640090289,3.12257237876,0.259148656517
-0.148418373018,1.97882705006,-0.754855573697,-1.68326020022,-1.62429840784,-0.0248107139038,-0.764057074214,1.48246787054,-0.144813816176,-0.392057582363,-1.82881595294
-1.64646231715,-1.46253667235,1.65212604086,0.247906513676,-0.278200637718,-0.933808931882,0.337201722599,2.69360304111,0.48985481835,3.50361045193,-0.0513510496311
0.451777711644,-0.763503855663,-0.527249931851,-0.987826936551,0.671662251405,-1.92586583022,-1.09758762123,1.65446707167,-1.54969444195,-0.871114642943,0.200370378786
-0.634991909842,0.215397536252,0.8705002961,2.24609560791,-1.41577354997,-0.555781012937,-0.601975540635,0.39823310042,-0.948239035025,3.1297366419,0.191660585061
0.259592333928,-0.527664427607,-0.0943356854056,-0.827926397896,-0.242265840303,2.23833374822,-0.0492565619652,-0.0609586424825,0.411658692128,-0.59934707073,1.22596087272
0.48706415423,-0.482868536448,-0.202467601077,3.53660486661,-0.647393277175,-0.535088529727,0.152284651266,-0.170028170537,2.78729528487,0.0439006129206,3.50901556803
2.73107387363,-0.0383148721972,0.0183332187487,1.52674088892,3.31660804634,-0.270161201711,4.00212644156,-0.306330795586,-0.134888274967,-0.868302082759,2.00684729336
-0.412935795985,0.480653280415,-1.5407286403,-1.10612850277,0.416253369376,-0.264505715557,2.06446232264,-0.589957994255,-1.07058630914,1.20642724815,-4.06096917794
1.44585394058,1.38817251024,-0.0208273410843,0.651369640726,1.40221866249,-0.754217847451,0.434725630494,-0.740189142899,-1.30474430761,0.955845611721,0.622895288366
1.74098868774,2.35615478461,-1.16811654696,-0.477712829434,1.91661021362,2.68590129485,0.764903825267,-1.91221013047,-0.337054152093,1.21544735875,-0.722924727335
-1.20485206612,-0.0612505433769,-0.973231874312,-1.29071950438,1.68763535815,0.216226707104,-1.37622408243,-0.83710146378,2.06343710522,-0.672184892571,-3.4942937402
0.598509402573,2.35799578666,0.334000318641,-0.37317940355,-0.779745685617,-0.944966387441,-1.07326546002,-0.359776650935,0.279405193361,0.59727420292,-1.05908160403
-0.19416624976,-0.38430534266,-1.29664929066,2.59903320802,0.649460029736,1.18657217489,2.04273145664,-0.867704789656,-0.652773389484,0.652390345679,-0.921450685058
-0.0878445472906,0.358230628317,2.08811474974,3.08080513782,0.470189007881,0.396654599655,-0.0130526672137,2.7256056589,-0.0979161232967,-0.249974098762,1.90078461673
1.68319645743,1.46500150568,-0.75771182376,2.23615536361,-0.551223877903,1.84198004901,0.880773514852,-1.00338499521,0.388886056912,-0.798855336174,1.46402237359
-1.49317461161,-0.605497782483,-1.38231882434,0.316654898472,2.4484967799,-0.102110921425,-0.0204158883356,-1.03812047793,-0.688359702704,0.883452040272,-3.73089860559
-0.864665228821,-1.57025056887,-1.40225395483,2.16618563697,1.53455114198,-0.942865579287,-0.20943201394,-0.916272761258,-1.17608468266,-1.28165813163,-1.19484354721
-0.747120351945,-0.286522795284,1.52332907213,-0.0218115437028,-0.697215328568,-0.00348847903911,1.71708744632,1.40561601916,-0.561401246806,-1.2564075266,-0.377911509831
2.99012929919,0.871117084604,-0.236200073667,-0.211548828881,-1.67971747302,2.15246446184,0.891841879892,-1.66206811038,3.48837322315,-0.425094838751,4.58654623244
0.985283658746,-0.599623606821,1.08695913197,0.352998791731,0.866299019423,-0.838372272807,1.97918238079,-1.50368507082,1.53176942713,0.799047882681,0.72659763846
-0.327553098594,1.21888258015,1.20794760103,-1.11095271476,-0.654651536718,-0.290493120172,-1.48177848511,-1.47593797111,-1.07044835947,-0.0791306272172,-2.04247197123
3.62484898159,0.116887296946,-0.509313841928,0.99153879753,1.65958013383,3.13883772634,2.23360440271,0.141051111217,0.621154730112,0.0114467977811,4.00751642469
1.223558303,-0.749815899227,-1.30897482339,-0.799673003321,0.542770426726,-1.74777426804,1.29819137499,-1.53297253675,-1.44545355681,-0.180773244645,0.360341068575
-1.23757446818,-0.287078799666,0.27294116674,1.14047436466,2.59900876641,3.01398651963,0.209784459908,0.33159163311,-0.975999295115,-0.483386018727,-1.66631923345
-0.236429073987,1.81784938895,-0.432790831041,-0.062200657684,1.19731153824,1.72093382627,2.0857221335,0.904468036512,-1.66305781258,-0.954266378023,-1.61732780285
-1.00501967632,2.10306450863,2.12611523893,1.89597543989,-1.04874384315,-0.557605220835,0.501896507993,1.89280734505,0.54818426569,-0.387193459531,0.273617887003
-1.08291250334,-0.418101206462,-1.77069689666,1.88137619592,-1.53466849575,-1.55488078584,-0.357389797626,-0.810853091573,-0.972606523062,-1.07674041754,-2.11663389011
1.36460192712,2.48946315091,-0.408243520215,-1.01912108721,1.5112574493,-0.511818284727,-0.922506191779,-0.489806960906,1.2564114884,3.17720889169,-1.51252521077
0.365261818477,0.102604981185,0.412292547711,0.268799303015,-0.148280918048,1.10870128237,-0.182580127675,0.515481102459,-0.793857985932,-1.25047949408,2.97863496944
0.309707884313,-0.323574753064,-0.4121531894,1.46616300045,0.611432767975,-0.706054170852,1.37336270909,-1.09834625078,2.51602294596,0.394741264148,0.793740909648
-0.985391475463,1.94873406741,0.881337573988,-0.802720262043,-0.568659501708,1.62888923641,0.824634799014,1.82139985448,1.35780024792,0.652068399048,-1.44411828577
-0.768564700307,-0.288120213808,-0.686356201675,0.522248812476,-0.989147084833,1.34295793556,-0.155211876039,-0.884462802279,-0.839350183001,-1.06294570053,-0.980208875485
1.07692602339,-0.966919669058,-1.08621185726,0.892152908393,1.63097254962,2.90678072201,2.3934373645,-0.56523020622,3.14003276261,0.715165364227,1.21639778525
-1.13900987568,2.9926968697,1.28033155586,1.01667492979,0.740459183583,1.3188003729,0.15607874063,0.318688339645,-1.36969399253,0.356004337427,-2.19789280597
-1.51966487096,-1.13421948168,-0.0849206814539,0.255700049733,-0.659299479148,0.711301923532,-0.590312539294,2.00966486207,1.72717341659,0.111135166274,0.171955116858
0.896472018654,0.973848109823,0.97859381439,-0.131307870814,1.24617732037,0.979963490782,-1.0834968751,-1.58778010684,2.41077905701,-0.893973707155,2.0342860912
0.982221307493,-1.2100023745,-0.492438941308,0.460776733799,-1.72700332015,0.749128079375,0.417966491571,-0.223202886065,-0.314872502679,-1.41135987754,3.86981153197
-1.27298142479,2.72140917879,2.47720012036,-1.4881945023,-0.628594486236,-1.29755419764,2.96538296274,-1.14831514414,-0.330429785832,-0.777779169029,-3.8698792164
-1.01066939872,0.12711977365,1.07229237838,-0.151481538597,1.96391730175,-0.375690650074,-0.389512815231,0.197866079653,0.666676264586,0.612490883479,-1.49754774698
-1.0390490076,0.548171528386,1.93912661842,1.19911436608,-0.47796463532,-1.52519957415,1.9240149753,0.457395588745,0.0258427394592,3.15937007608,-1.72795489415
-0.0525795865203,2.04810456672,1.14437762039,2.33015441275,0.123504579491,0.537067251807,-0.737271471547,-1.11829338445,0.984469162548,0.149301537074,1.23160854099
-0.349690646753,0.38719399648,-1.50628314261,-0.426668582058,0.556358653256,-0.359808655024,-0.740372816892,-0.356026022201,-0.492736481496,-0.217200662292,-2.49194822456
0.0960558036713,0.545066242448,-1.01192749831,-0.780802102539,1.65914125076,-0.410924556297,3.17869621621,0.574789432606,-0.0655078003781,-0.270921696551,-2.93079094111
-1.44167496275,2.45056360019,1.30103824214,2.58166576809,-0.340644869851,-0.649094116238,-0.894012545454,-1.08032078805,-1.07593797444,0.329876912114,-1.500362359
2.48803348277,1.9589233807,1.29022802266,3.30112625843,2.73243840988,1.16896594844,-1.14266915855,2.51799681416,0.17422651716,-0.88834430531,5.14084395984
1.6896271099,-0.670908094362,1.16448290845,0.265351089493,-0.925818308665,-0.897950694491,0.615323526555,2.8199283277,1.27076535157,0.00609273565739,4.29002302652
-0.0899220144818,1.3964690938,-0.275028697126,0.583731498022,-0.499725996897,2.48692736846,1.39894256029,-0.346013120876,3.26008640907,1.88318144791,0.154154611141
-1.04321118448,1.21340652087,-0.411499139507,-1.69152315584,-0.897335464962,1.57532734302,-0.197290400711,3.1191221846,0.0882604384425,-1.53346641179,-2.2049625112
1.18619669348,1.29563529011,1.59176627863,-1.86761894839,3.06518540476,-0.645250478386,-0.0605425299828,2.15982609178,-0.141609711134,-0.568528367454,0.212099899651
1.06125269002,0.252912767097,2.72194990216,-0.70908819308,-0.0455974339294,-0.410350548121,1.41860025406,-0.0152151706709,3.15985319232,0.763008009127,2.78418686239
1.89808800117,-0.0533678652639,-0.00185333031581,-0.911436717344,-0.88337584985,-1.12730323915,3.13524234486,0.960014453533,1.29644093604,-1.2437712361,2.42803878584
-0.496267329652,-0.647267444112,1.20125043524,-0.904539176704,-1.65997559341,-1.09109441034,0.244302399192,0.0274104382729,-1.05076148568,0.450306809121,-0.250588647184
-1.20171846962,-0.925696848332,-0.962822771614,2.198376731,1.98318586789,0.228978298195,-0.00134546321773,0.577904639286,0.25050891115,-0.967553022042,-1.60470669836
-0.977262824789,0.976329845656,-0.489482508485,-1.15042506813,0.748461422252,-0.741697333193,2.84013723714,-0.0880710638245,-0.797928114823,1.72708728989,-4.52794069714
0.962025473748,0.762397858298,0.49156305609,2.53312268483,2.83708590634,0.257524600952,-0.439079076121,-0.801650371726,0.95215207621,0.182728490831,1.45100991034
-0.0695554128054,1.72803096999,-1.18283982271,0.75190961161,2.05016263925,1.24962670103,3.02906658519,-1.05195763638,-1.01442789415,0.728628732486,-3.36514844204
-0.765602640262,0.991244276632,-0.530928422877,3.55657644339,-0.658170084073,-0.536914964246,1.68219732009,1.14134859875,1.82886871419,2.16467194763,-0.823683545285
-1.2671956608,-0.181400602047,-0.216317999518,0.161247215378,0.527372802704,0.832414704269,-0.623140027949,-1.28916034549,-0.566580408939,0.595400523644,-2.36091852024
-0.0886772597876,-0.768447905752,-1.58960732929,-0.984348647654,-0.236720410709,0.348796214918,-0.681717722111,-0.683309724254,1.54865746772,-0.0760953158294,-0.542703406094
0.261056984323,2.67760641459,0.476253073195,2.97518917075,3.38343565324,-0.736059634845,1.61977793716,2.04136855714,-0.238199417796,1.51170808442,-0.851248885262
0.188223233966,-0.213558521565,-1.34838917249,-1.14087289881,0.427057422743,-0.46581297989,2.71172136422,0.465668777096,0.329727743119,-0.0378788237501,-1.06049733683
1.95655400369,0.984774744586,-1.41434961474,0.738778079717,0.339321481592,-1.30296065093,-0.0506983725288,-1.59299665721,0.900147573969,-1.63019825843,1.3268645276
-1.34126724232,1.26384779647,-1.81416333857,-0.675625968552,-1.1941460137,-0.212054319272,0.475495535201,1.02789632974,0.328121324129,0.495773590319,-3.84116805236
-0.653949025871,1.27038150221,2.83910049352,-1.32019237381,-1.08235668556,-0.558245799307,0.796499077363,1.44883539991,-0.171399346447,1.10822917367,-1.29852155272
0.221355583858,-0.584929477326,-0.591522467133,0.551112158914,-1.81077128627,-0.784250172727,1.78694877809,-0.855565966452,-0.798618468527,2.22037706311,0.308220043322
0.473433870323,0.652421398647,0.0170226419377,0.203572351892,-0.206215980501,-0.279315915712,-1.31201226851,1.29527925261,-1.84696999355,-0.0544201039266,0.696433517677
-0.26157594987,-1.60805535878,0.348669273559,-0.325880387638,-0.44822303257,2.48514136185,-0.656003288928,-0.584228023384,0.914595222306,-0.453712878464,1.53517367755
2.19399093547,2.28446719075,2.92482123887,0.401620224774,1.06954803418,2.59620518325,1.60298573973,-0.26650732859,-0.322528030431,1.72463802239,3.80806017579
0.987739172894,0.440218363078,1.95522705597,-1.27581740688,-0.286282537681,-0.387488062188,-0.842432301913,-0.319673177028,0.775571655378,-1.94850748213,1.95706644015
-0.391930357032,3.1043060171,1.12127160307,-0.769929051522,1.71922900369,-1.21889247082,1.5718441019,2.69528831951,1.30128797924,0.318671611749,-2.18702528435
2.71952244946,0.456806405014,0.965117782912,-1.14169171106,-1.01521127032,-0.49090512042,0.480809437396,1.02037538309,-0.0252820276846,-0.830921994127,3.45008234108
1.8103723693,0.677188655136,0.404678095121,-0.463612517767,1.72269446534,1.45413160639,-1.57736636789,-0.19330044197,0.0465786663164,-1.53851318754,1.6957866494
0.587574117553,-1.46199633544,-1.25324503001,-0.0540521749606,2.93878739432,1.189751198,-0.452783948374,-0.24198103875,-0.803482917256,1.60224068282,0.426474265175
-0.279570481531,-0.262470451474,-0.186487043948,1.29860940857,-0.527459764533,-0.591214710807,-0.550785929186,-0.325682652646,-0.200699672195,-1.26527766695,-0.313692365111
3.20462172961,0.550866831663,-0.934719119569,3.23732448443,-1.10772637636,0.373019103049,-1.30675724387,0.906402553693,1.42182209012,-1.20719783541,6.7954527467
-0.230477547869,-0.517967450506,0.361486060161,-0.755369295605,-0.18659156919,-1.37600006454,0.426975956668,0.138760941843,2.5399556633,1.80137820844,-0.484008076676
-0.125584802192,-0.243398866238,-0.893846879692,-1.61637158607,0.769135195422,1.18730277055,-0.666558774588,-0.764751772913,-1.21325907265,0.142910201218,-2.00428915998
-1.26257573399,0.582900987473,1.40279311773,-0.891507332273,0.980871071091,1.31695785959,-0.0399369414813,0.826453898883,0.0153598044015,0.0445637440836,-2.15516242536
-1.27817837973,-1.52805358679,4.18650599457,-0.49261328542,-0.449375444473,2.11723287754,-1.18428014672,-0.897241800969,-0.0999382533277,-0.427415704006,2.7802653365
0.810049123398,-0.0642934192695,0.266751510776,0.88501259357,-1.76528480775,-1.15732066056,1.93589330563,-1.47780642162,-0.0987612412426,0.410959777743,1.16559049435
-0.0900048444711,0.480692929448,-0.752364335516,1.05202765341,0.876989502021,-0.386938521548,-1.66764597148,-1.79735939365,0.334668262577,-1.09256771174,-0.867181370695
0.499521225887,-0.532729949209,0.295660784289,-0.0312760381438,1.87976913495,-1.20578765498,3.17201407685,0.870516721802,0.581149658855,0.0925661534748,-0.563885158682
1.03888741256,0.899575927646,4.41565933191,0.203470176433,-0.358961067926,1.46397681731,0.460670542895,-0.0231353955775,-0.894227177225,0.419515799144,3.05980956133
0.935743337045,-0.768797243282,0.205765932197,-0.892809294094,-0.499495118186,-0.190674375637,-1.10682219803,0.320811273929,1.08078215907,1.86669422474,2.53879325252
0.558675118058,0.689940275074,0.410036836746,-0.243510707787,0.0449241197261,1.82842310352,-0.454200771568,1.40313345381,1.33621313175,1.49004048582,1.04497169455
0.825602492281,1.35407422034,-0.148934871693,1.57242459049,-0.502686131589,-0.38770904939,0.74192688408,-1.50514455581,0.446829084928,0.623646180052,1.17928969257
-1.12223717163,-0.246354683899,0.682512136127,-1.17048590744,-0.674252231129,3.61209828041,-1.77107066656,1.51767652407,-1.84722694965,-1.55867608133,-0.845681504809
-0.924002132425,2.16368840066,0.521629757787,1.82165878588,-0.496413159445,0.0545758438337,0.12136165051,-0.36209735968,0.48487327957,1.09057959309,-1.63369871847
-1.81511132477,0.657591288032,0.820662348534,-0.674824914979,2.40045992883,-0.494190916946,-0.444099860698,-1.36243771798,-1.10809847379,-1.49053389905,-4.47535564711
1.77344792889,-0.768453806606,0.302513824313,-0.0119551215529,2.56926186006,2.2164435577,0.787186233452,0.235466755618,-1.07268455316,0.317413452448,3.24163403383
0.590197571707,0.578759780401,-0.983876843735,-0.872812393568,-0.617648255142,-1.15665039308,1.05500527994,-0.106158791535,2.67271482725,-0.167783205436,-0.274994597157
-1.41723459726,1.32486440205,-1.75647459663,-1.03907929934,-0.762010452318,3.34784609326,2.25150768428,3.15107274851,2.24966500906,-0.0592333823364,-2.8110753512
1.72234444567,0.470539370138,-0.201934348645,-1.21068288215,-0.733469661053,-1.39854673881,-0.24370846312,-1.04017919904,-1.10303611824,-1.08145343548,0.848889408733
-0.132141805215,-0.273252545406,-0.940655801447,1.35598226204,-0.428304965654,0.797813636902,2.65236404014,-1.10879121045,0.0346080429231,-1.27105302943,-0.00109443763065
1.59216538628,2.79698900191,0.326279946798,-0.575472943187,0.18724247064,0.679170522051,1.49880564089,1.12529001763,-0.744810600169,-0.776250817797,0.829922520434
0.589590463833,0.0682125724154,-0.433363216911,2.95926381551,1.16598386911,2.42013977022,1.73413066853,2.48758634654,0.353910426261,2.00109229365,2.21352043007
-0.329349831421,-0.236330466054,0.868773653162,-0.490904731962,-1.49334713783,0.997122404345,0.10062773854,-0.420357979111,1.76815784147,0.425384457466,0.912757087941
0.035843139362,-1.33467841063,1.3189009605,-1.30847118023,-1.73853741444,-0.311531156847,-0.647669705399,2.00903563165,1.24074435137,-0.645744461198,3.35806905233
1.06010201354,-0.951989826653,-1.36126648968,0.25527945757,-0.165085006653,-0.286149812979,1.29770122791,-0.374639326335,1.9846910596,-1.54844252684,0.287088884
-1.64132480276,0.21204479747,-1.31934759,2.07630131827,0.0318543003329,2.93330084324,4.31660397597,-0.90524284252,1.3488066403,0.208573837223,-2.41427994002
-0.355736387944,-1.34141350954,-0.854593009123,0.112771829169,0.795827264088,0.411277374556,0.0363342473472,0.559770585353,-1.25477697072,-0.794818996809,-0.335504238675
1.37786298042,-1.26555040561,-0.655886300749,-0.496576067716,0.88579660958,0.145580300608,-0.342877415317,3.5894904897,0.650623388582,-0.97041642223,3.87861824943
-0.388678266526,0.0672980830236,3.51924330572,-0.00562292641098,0.979920057365,0.218529281632,-0.0752437113722,-0.489398368094,2.01919458002,2.7324645993,0.625984145658
2.83076411266,-0.0110720310143,3.4592346193,-1.50256185766,1.54143399813,2.39237078266,-0.231417456369,0.140799275319,-0.612944395337,-1.2121817085,5.06040021191
-0.624188392796,-1.26874741473,1.25754300122,-0.209047344515,1.69234944376,-0.213913337135,-0.557038409524,1.21563369354,-1.42764474987,-1.06885582925,-0.254170229603
0.239697583459,-1.01207531777,-1.71295312385,-0.412869126828,-0.649705724155,1.68242800183,-1.33742237527,1.07294207309,0.739979645975,1.3915782368,1.74897884894
0.785269892194,2.34559426815,-0.183611488935,-0.780565734858,-0.595243117823,-0.505735228388,-0.461823035821,1.05993453387,1.78557745082,-1.00445515655,-0.0683522711563
-0.609393738579,0.19623933378,0.664673503225,-1.14194444672,-0.74566811063,-0.392652838285,-0.504224801454,-0.952659552294,0.456860978828,2.56629169398,-1.4567548242
-0.93786976626,-0.00737403477848,0.466428089053,-1.15162703851,-1.2373999017,-0.893607271044,1.89312951872,-0.596754340996,0.622973513033,-1.24832349577,-1.05662412848
-1.40236412135,-0.352096656359,3.0515011365,0.632277753476,0.882364549961,1.45911967848,1.63559190948,-1.19694477711,-0.467911452578,-0.772525444869,-0.115174377845
1.13087332352,1.42495236297,2.64987042749,-0.7942978994,0.413594905216,-0.606473133059,0.954256250078,3.02351493105,2.86146974559,-0.0903169358412,2.61680311885
0.862362671932,-1.12053568228,-1.20457585853,-1.18061075347,0.729711397495,0.401876531256,0.8003973769,1.134034853,-1.06691764684,0.250259003891,0.831780111202
0.729458917792,0.130439868087,-0.33032459908,2.40128593834,2.11185036716,-0.708789644856,0.376784046255,1.52942313961,0.355660130428,-1.02374953617,0.132729265458
-1.77380770421,0.00540642168875,0.14007313228,-0.694694041862,0.763738219291,2.22107651475,0.423264524579,-0.882865687027,-0.226032482049,-0.597869195369,-3.24081969986
2.0577738022,-0.577636953742,0.354500786808,-0.566907015342,-1.07426095964,3.44430655737,0.831023936601,-1.06574230908,-0.978048663815,0.304266821923,4.43400385125
-0.0406078116033,-0.356898978878,0.284707471656,-1.3505106701,3.09053177631,1.47698929548,0.467947748159,-0.543833584434,0.282959428303,1.25824843796,-1.78884529251
-1.71226130627,2.85457723309,3.34873370992,1.41014548927,0.271449352662,0.906170495771,0.00986334785753,1.359128172,0.745779062986,0.674072010915,-0.347396800723
-1.5577666778,1.04101527405,-1.27257349578,1.81935423187,-0.880529010982,1.00375245003,0.563883077066,0.350409606796,1.23438895169,0.817452600938,-2.44332770914
1.53142236217,1.78061975841,0.466583723513,-0.388667049408,0.354017243744,2.19398776976,-0.240060950826,-1.08730760146,-0.542694795799,0.389900123255,1.11481580672
-1.49812952277,-0.529902121292,-1.31698711668,-1.24738863252,-0.596232891727,2.55976163499,-0.611328193769,2.19071670788,-1.52588789021,-0.274008121972,-1.66181436254
0.118776792214,3.65562176335,0.413934754094,1.06418534045,0.792965907421,1.1828611075,-1.1299329922,0.316204232977,-0.489633366459,1.46413595925,-0.456328819087
-0.889993655441,-0.0482105239705,-1.51107411571,1.72853476911,0.983541683967,-1.59089818852,1.02290108616,-0.00602815778875,-1.42666173313,0.615381240637,-2.73012565359
-0.917478694595,0.306149000417,2.10557001316,0.193223422436,-1.79073027872,-0.158793859394,2.05554367034,-0.682744938539,-1.49303600988,-1.23787756067,-1.44119917003
0.0776308475905,-0.483509743681,-1.23355132376,1.30090037316,3.37243669196,1.64039960351,0.363972179241,2.46284025777,3.44060797385,-0.0325108431717,0.418962587735
0.99197306233,0.163580701574,-0.974149091048,0.430720874915,-0.53309522305,-1.70019148083,-1.08534982016,-0.279439227258,-0.462922034046,1.7005880015,-0.490707635692
2.11825267045,0.042678571142,-1.04238580665,0.985649594962,-1.41855894437,0.0397447921948,-1.10831035046,-0.679445528453,-0.901879571147,0.857535676674,4.08093327999
0.887136485834,-1.32226383182,0.77501558081,-0.622013043049,1.45674650833,0.0432929427043,0.753676660153,-0.0358481347099,4.11146535328,-1.52498183562,1.83275456164
-1.32984747938,0.066282349068,0.856213361992,3.3906407099,-0.900336236837,0.440433902397,0.0530575082954,0.134585133328,0.142950356351,1.04223045071,0.437063594846
1.87841358829,-0.265938355655,0.752903456839,0.00255041789886,0.681121483362,2.25700594597,-1.41105902872,0.491616658135,-0.322280827208,-0.897307215195,4.89860804343
-0.703808921605,-0.689054987902,0.379092134977,1.18483126505,0.377911636253,-0.704350464817,0.536234465714,1.55426365328,-0.382350093042,-0.662051722693,-0.0913964436692
-0.0365623198907,0.0781906243579,-0.485443951579,0.834170757253,1.18914547365,2.18651022824,-1.02628826316,1.5584313797,0.924062874392,-0.925442822892,1.55896400098
0.889556365806,0.0489046983514,-1.08839066626,-0.877379769509,2.72550137741,-0.109107395053,0.655561702577,-0.454319876676,3.67988197779,1.95367882683,-0.835004583426
0.511396502098,1.53904347389,1.3186961834,-0.440970478742,1.46834497643,3.9912107638,2.1522229461,-0.29672562102,1.6384048344,1.0529767286,0.280121126769
-0.791687566561,0.9966675826,1.91992318638,0.0503357403258,-1.13612158928,1.39013196957,0.933331575662,-0.391871229149,-0.661902898027,-0.414623594946,0.0849274337186
3.48925927105,1.30361382359,2.27997958619,-1.38017602506,1.2733547753,2.88723146218,-0.248982730412,2.43494328337,0.605411925941,0.20600382479,4.95783839177
1.09746875414,-0.967426667616,0.783871943488,-0.189365775726,2.26946195899,-0.402118300877,0.588127771624,-1.12951049979,-1.50777450194,0.420631064599,1.02618245264
-1.01329630031,-0.280212747909,0.22157326366,-0.437938844891,-0.262006640084,0.806640854721,2.70888316008,1.94264494899,0.600410743862,0.494932984705,-1.54955352486
-0.320879123953,0.487838146162,1.09516046873,0.0494202526451,-0.670253254138,1.10777556792,1.68746760563,0.0131938159055,-1.11970842707,1.58849862456,-0.264485716647
1.02068319175,-1.77130769479,-0.300042564573,-0.683062419019,0.906496378139,-0.288984377444,1.49550662279,-1.72991496027,-0.384448782869,1.55748834691,1.41517834119
-0.665829897274,-1.10197264699,1.54069952599,0.984452883737,0.978477935468,-0.711166725587,0.420506257854,-1.03133520085,-0.675999245099,0.440883386814,0.0267644051052
1.26427742065,1.05209114793,2.03853976505,2.14911583404,0.196153647497,-0.271520872229,-1.42810697501,0.480629055823,1.25760816499,-1.72837601544,4.47417282711
-1.71529862662,-0.994618782861,-0.116608761973,2.65201590961,-0.297608293326,-1.45809123068,-0.0657559193186,0.607676711094,1.97297153338,1.0155852236,-0.464500298255
2.79789250742,0.236243685232,1.93439886546,2.81724130722,2.08020695574,-0.771467890962,0.378815800064,0.476543744961,-0.218795694863,3.19152357536,4.45871991399
0.57492593915,-1.36531891685,0.268044890286,0.811581719767,-0.487217268176,0.725781018234,-1.07374693298,2.3846676369,-0.910112107465,0.617047380912,4.08170192212
0.011368160079,1.06394061249,0.81228918669,1.91368867466,-0.894524553846,2.86470409008,0.199992279233,-1.07395577821,-0.541068874907,0.869131105766,1.25635117326
-1.13519533986,-0.660036835102,1.39476739171,-0.0786277041135,1.17420274717,0.755205080436,-0.223950287362,-1.40207916203,-1.03082839424,1.34813884847,-1.08704518617
1.78640948817,-0.654542698833,0.81891806016,-0.494501948739,-0.313736023498,2.06446334262,-0.889709464976,-0.827560064549,-0.224498466243,0.751866930372,3.68849310442
-1.29500160028,-0.267235194106,-0.430645662617,-0.128975743582,0.796185350032,-1.25057495463,3.73094459586,2.88245541083,0.764873879407,-1.24691776085,-3.62994521315
2.0722443938,4.17540146373,-0.259868320321,1.73882750076,-0.525429724908,-0.737599306006,-0.213261202133,2.10630944711,-0.534486658584,3.70286320515,2.49946582873
-1.60301168532,-0.0212121015781,-1.21189839695,3.83146990091,-0.625450265908,3.04817338593,0.916468476476,-0.420817848555,-0.741658179947,0.98416856339,-0.824021110575
-0.946897726675,-1.15773016414,-0.640251058906,-1.2490446768,-0.656753810001,4.17238501342,-0.587154247162,1.4297937599,0.99393103498,1.91625993284,0.494253629874
-0.718701955539,-1.05407401305,-0.300409963739,3.36157368739,0.460087118601,-0.973272704971,1.61701678346,0.978351703307,0.300079187673,1.37019285706,0.019248649815
0.0615557699154,-0.166289675956,-1.41019888515,0.764501786675,-1.15656207943,3.58281097765,-0.306405387414,0.933464134796,-0.544435663839,-0.736382727449,1.1752643002
1.35881831773,-1.57256952909,1.06818403348,0.696040296026,0.916166934837,-0.844569690576,-0.198218924847,0.263196358714,-0.19693333648,1.52697724007,3.7372827201
0.532370349174,-0.540779386274,1.39662702615,1.77706011553,1.77141582001,2.12453979346,-0.0104365024459,2.28465791531,-1.18912531892,0.881764268475,3.91051541366
-0.172256958574,0.0478911880457,1.34369172391,1.01583717119,2.27463309652,1.38373588491,2.5383089655,-1.27886105838,-0.937969866334,3.04525821161,-1.24186201051
-0.147456962915,2.60658972992,0.389958664162,-0.0615720440709,1.4009127308,1.32852863051,0.30687896952,-0.241603490014,1.39593531082,-1.79728353344,-1.57899589031
3.09246760348,1.1115298883,1.06167031276,-1.68815103574,-0.158797557166,2.71844551093,1.3149015973,-1.14286850138,0.862517852459,0.451149627327,3.95540836403
-0.193267250783,1.2965054551,0.980523011671,-1.31488603003,3.02571867282,-0.996227841977,-0.245654749717,0.105796601861,1.98446958417,-0.419488065533,-2.32311932877
-0.836616607233,4.17049262402,-1.52130413612,-1.61076366954,-0.888378423296,-0.399502109529,1.13936962113,2.7445165323,1.84591834858,1.10266306226,-4.07035533954
2.44947135123,0.332639327959,2.35174616652,0.111670845242,-0.580789202423,-0.875586452903,0.843230753588,-0.0910409671083,0.269735018692,2.36837879535,3.64452103701
0.701451101684,-1.01572640017,1.63244882511,2.0644776651,1.51381195047,1.85136392881,-1.21849866242,-0.275858715873,-0.847660768799,-0.0780360828367,3.89421460493
0.533783757011,0.327136232645,0.701219872838,2.86596659449,0.0275053729186,-1.40002486721,-1.80491720457,0.0229228241549,0.641307258526,-1.29244537656,2.91211249834
4.063286441,3.95930740169,-0.31034714504,-0.327265884011,-0.400181519679,0.388532896418,0.729216451219,-0.0939663006919,2.59465781027,-1.64952437854,3.58507820606
0.102205347927,-1.0725764222,2.86584390693,-0.334456477364,-1.0035374154,-0.436875096434,-0.77539564512,2.06347947449,-0.179471747114,-1.07688302484,3.29053940215
1.15780218142,1.29404772846,-0.936622473249,-0.365995042316,-0.741352468265,-0.666018487111,-0.345375649818,0.908299550646,0.177669215942,-0.895401321582,-0.0213362281206
-1.24382740051,1.8111176669,0.655958946969,1.13062179789,1.32387712443,2.19649721397,-1.64948079181,-0.173946985084,0.0795708260473,0.352969685389,-2.25938528001
1.23170465291,2.31909005209,0.691799440623,0.895391418784,-1.68190556009,-0.923407431105,2.70750088892,3.95129179128,-1.84812089371,-1.26945434534,1.5969266738
4.22475134316,0.220301675992,-0.0397173162652,2.65556494565,-1.77178062626,-0.694904699893,0.224766533105,0.965891997207,-0.46320262077,-0.518688571534,7.1073260872
-0.3536933048,-0.45569279571,2.6588389975,-1.18544677503,0.506902800595,0.595403127735,-1.28927912102,0.356160301761,-1.39416398723,-1.65891367254,1.92688385621
-0.769428573499,1.98107050587,1.86043417238,2.24370161279,0.35268045484,2.33975421498,-0.319329577615,1.14140128182,-0.319678354323,2.24655402283,0.186062267816
0.322315499341,-0.390180979481,0.117441758349,0.407574077459,-0.688238806137,-0.588633019103,0.0186474265631,-0.716382474486,-1.84202842674,-0.00446464767278,0.734388557411
0.785865156727,-1.10734996799,1.32958350816,-1.74485381388,1.17694432191,-0.45606466838,-1.064276395,0.439323604107,-0.837355136433,0.621401292111,1.39057218192
-1.01272670334,-0.208740922787,2.51157576617,0.952056892555,-0.425333831804,-0.654470153563,0.609348292786,0.293285529235,0.589349805015,-1.49177168819,0.676515223447
-0.295179628687,1.63832951875,0.42017427247,0.416587853809,-0.135740484315,-1.79276231681,1.88379849025,-1.215749177,-0.942955845128,1.83955440741,-2.79520890852
-0.676092375714,-0.946659467943,0.768686602728,-0.708259988629,0.671855487619,-0.324191817887,0.475173577801,1.28385660754,-0.712962182726,0.186132556969,-0.930472787751
-1.38782382869,0.880940071059,0.583871022204,4.60816607124,-0.684671461437,-0.75758705872,-0.716286319719,-0.967823440058,2.67599332675,1.9001983715,0.0872214774048
-1.35353630603,1.26908602479,-0.91097435786,2.0047947687,0.68008822484,0.805494822577,-0.200533766773,0.147361811062,-0.30290703267,-0.965096529907,-1.93280736984
-0.453943491427,-0.0260805621322,-0.0953661593929,1.25142186917,-0.325074442366,-0.203248102172,0.725478234379,2.2069580681,0.418075351524,1.12256081107,0.0183763652184
-1.63972492649,-0.848120840886,-0.87500858835,0.367602041945,0.516791120473,-0.921270977869,-0.463198113267,2.63345630684,-1.71946182809,1.19023557103,-2.49169178332
0.439702322553,0.235148027331,1.25137614234,-0.278258386813,-0.0325031513381,1.40054758787,-0.372146812979,1.21538751721,-1.33431305949,0.197941385205,1.02061116599
2.25919399377,2.28320625028,1.94214401887,-0.0283074559991,0.156375611127,-1.76833239414,-0.263665529193,-0.226218063438,0.349544539068,2.39597824323,2.85356920996
0.027162883551,1.00904767888,0.295168758551,2.3989783213,1.89661069168,-0.319602131326,2.28360577209,0.152745364708,-0.290847360001,2.50805317029,-2.16389271681
0.233730432587,-0.827402990312,1.95728173664,0.598723888489,-1.44159193967,-1.17230292323,0.593937469177,1.75281547554,0.997206970412,0.486808651911,2.54206167565
-0.191820376521,3.03770172501,0.550268240738,0.634356032834,0.0524033339865,1.16005101597,1.93264344552,0.633394333883,0.115889307904,-0.599099962728,-2.70418270153
-0.76947325964,2.32035533145,-0.514036703564,0.694744625891,0.210846566307,-1.36016661703,-0.737241425688,0.908189419869,-0.0951088300534,1.28136449988,-2.10802724226
0.0352523730394,-1.12009492388,-0.00599950296442,-1.3149571269,-0.585098893568,0.910702260292,0.0715424091861,0.0633783590539,-1.01369259077,1.30289291894,1.39577523724
-0.595046218796,1.39482392542,0.122576699469,3.02074024951,-0.201669428068,0.0541583110805,-1.2559578287,2.53230899925,0.614335847918,0.0875098902409,0.642876906597
-0.121794299372,1.14700866586,0.281639643057,1.88595283062,-0.91378886978,0.479068415982,-1.27171867537,0.0132759217891,-1.04014172924,-1.01432325078,0.769636634348
-0.388382544252,0.772193555072,0.712719146749,-1.52374638124,1.04219933949,0.362425368544,-1.02281163532,1.27153012665,-0.992452827902,0.0046252409255,-1.28026142762
-0.84517651619,-1.13606879645,0.105088059144,-0.708650596621,-0.65763353819,0.290738512068,0.808152094466,0.521165222649,1.00870601798,1.50194739633,-0.610051436863
-0.0400259333567,2.4054261533,1.49916762842,1.28883345367,1.23896118041,2.56031587766,2.33231241143,1.80022823587,-1.74434185164,-0.943673219556,-0.583185685729
0.0802105095708,1.18023842213,-1.09578085186,-0.576330889787,1.56237332632,0.0871896521847,-0.547853709819,-1.3995002153,-0.668223433355,1.60843076802,-3.0395466423
2.86398365087,0.863452137479,-0.765677309121,1.8328736761,-0.101717104855,-0.967599317767,-0.665329914873,-0.456974269424,2.39545408935,3.86014238541,3.84043815002
1.65491198323,-1.23781630304,1.15115610223,-0.17279609913,0.0742032392623,-0.936707876188,0.051138049137,-0.497754133122,0.753875969517,-0.45661046135,3.65586633254
3.14530849938,-0.00433361513761,0.494870903268,-1.17921336488,-0.0579604796093,-0.454252013953,2.81435754407,0.564885945705,-0.6168964814,0.730845843708,3.3505974893
2.39689750629,0.209713026025,-0.941437102979,0.506664241929,-1.31053647494,-1.64440210991,-0.421221536388,-0.3571695822,-0.715349839112,0.529933037594,2.43456799262
2.81445143526,-0.247594189313,0.590655440999,-0.405564430104,-0.377026034334,0.0703387517006,1.72256833015,0.537181380631,-1.24924221031,-0.10402749346,3.01799530646
-0.582275342047,-0.230526875607,-1.03171432247,1.69757681067,0.376183139461,2.37504612872,0.0720861241604,-0.582601332145,1.72093420253,2.40227911242,-0.397650990433
1.44458683617,1.19208197212,0.177458904979,-0.256235138513,2.42327909042,-0.208292198729,0.791357041541,0.556158470658,-1.27356997895,0.275337643691,-0.00864815982224
-1.27455842374,0.0948154167267,-0.549197995483,0.878508069575,1.04572159781,-1.37173544683,2.4263806104,1.3010780974,-1.12598159695,-0.368586286946,-3.94181204066
0.590055439445,-0.745148792772,0.319921693592,0.803745895409,0.0179149818976,-0.477963324744,-1.87415668351,1.04576608783,1.02352639946,-0.602233468957,2.22235692508
0.928603729019,0.972272179734,-1.04417977923,-0.680251877361,4.00794623518,0.801063121587,2.87930622341,-1.17478337682,-0.580556970379,-0.149016553356,-1.97964253892
0.597842676278,-0.305740792058,-1.19529002962,-0.733118689023,-0.369077702083,-0.219412923907,1.36669903868,-0.220901293551,0.493354324767,-0.609523193454,0.27338542951
-0.451321227745,0.265716988654,0.787841498647,0.326164894231,-1.00517270193,-0.205476076999,-1.02002209341,2.0985283883,-0.247245977948,-0.792480475744,0.774715726983
0.302237979721,1.96069594849,3.53938205215,-1.06134286298,0.554319054705,-1.3488437231,0.152907466342,-1.44492995463,0.450977351956,1.94734471656,-0.254153217312
1.52772204386,-1.8677446643,-0.55295779365,-0.593114635653,-0.620345719316,1.01476957895,0.584298097108,1.03389023953,0.908596829441,-0.0649357385713,4.31969571362
1.61137646382,-0.241556770353,1.27838701005,1.70029535019,1.01542685921,1.25123847654,-0.469187503205,-1.39481769217,0.71519213027,-0.977094932523,4.65647294323
0.736891648279,-0.625168408818,-1.03387171713,-0.607841064349,-1.03882233752,-0.952295134405,0.478540839121,1.07981309893,-1.24203340096,-1.2557705268,1.03196215945
1.02270719032,-1.82675830337,-0.807667329369,-1.54519530702,-0.234692681308,0.127435738783,0.283971864837,1.47976207335,-0.668197619662,0.215289943664,2.93197907966
-1.52085759372,2.44752384981,1.97352189292,-0.98549680817,-0.749845325162,-0.88215991864,0.126504231457,1.83525437261,-0.783145526497,-0.609919718093,-2.61987472888
0.258852972054,0.601732012249,-0.100219175243,-1.31965956528,1.4392009818,-1.67326998736,-1.7279945854,0.673714012665,-0.579745757438,0.400831938148,-1.62705798832
-0.0831541845897,2.1900674939,-0.666028140688,1.96880807873,-0.344202372798,0.156900563855,0.0265498605024,-0.685870131394,2.25423760798,0.650244867293,-0.874240281665
0.238400765379,0.128027241644,0.445821487536,0.0132292323776,0.363049447774,1.50871471195,0.358615290334,0.162007322044,-0.514468843667,-0.50728476383,1.00961435845
0.205229441732,0.507695884032,-0.599958310645,2.24006579519,-0.0527434370584,-1.41341926137,0.262090066153,1.37195583796,0.248983142971,0.260859948688,-0.0350592481945
0.23769223888,0.00930820063746,-1.09567172835,-0.549808948995,2.65267180216,0.926247392706,0.401073145165,2.77646093041,-0.260472577302,0.208748501238,-0.911163669156
-0.728351046559,0.641927184406,1.66003651452,3.25993053871,0.182968517898,-0.831155653459,-0.623919226505,-1.61849878739,-0.730923903733,2.3192930495,-0.0719826283065
-0.792720525602,2.41846560361,0.724495793882,-1.29383889987,1.82733220584,1.2802878287,-0.464267269892,-1.16663763225,1.29204017636,-1.30811742956,-3.31530859981
0.344522621369,0.413301721199,1.06023959249,0.297816443968,1.26333812771,0.689974031791,2.21171830908,1.36701559119,-0.976085391387,-0.703014445168,0.535950575686
2.66718844617,0.338708651464,-1.13362689673,-0.339788908615,-0.593582344358,-0.48951911366,-1.25921067883,-1.23331555399,-0.496029581163,0.616938292611,2.75356406369
-0.952134400619,2.79251741977,-1.46287960494,3.79110124625,0.803981970633,0.348231750791,-1.07137699811,0.818007510138,3.13016934529,0.359380155162,-0.767443620922
1.17226828265,0.872664971991,0.382017727051,0.148094454489,0.418855759115,2.1193693016,0.583810549003,-0.354119867332,-1.492045387,-0.383754800096,1.84086608978
-0.958481081491,-0.30730678222,-0.239626550673,-0.18193860851,-0.408639131087,1.32607830723,-1.52435693335,0.545048492957,1.07927833308,3.34982912979,-0.442493560675
0.890963814808,0.59302111118,0.51726063589,1.25425734066,1.54938541205,-1.64299862085,2.39180573149,1.70905284137,-1.46041435564,0.584026715631,0.74636816661
1.5952602697,1.08202937855,-1.00301546721,-1.41171323267,-0.620226543548,0.100029502657,-0.113340111982,2.39421113809,2.81064209464,-0.849546894829,1.48068689062
0.0309631154749,1.8005633325,0.649697490393,0.751699787441,1.0532185705,-0.591192647489,-1.70794192066,0.0046754945671,2.05409803917,-0.0120741051715,0.0764617570206
0.473803702991,2.1177062605,-1.11385008457,1.04021240209,-1.03620103863,-0.49075036226,0.469926034395,0.519506340279,-0.421941687908,0.663664130204,-0.119487342344
-0.253593708863,-1.12853692791,3.68994607955,2.56301817899,-0.469290410466,-0.123638838111,-0.678770101637,-0.487983190728,-0.575214077825,-0.492096246446,3.85940809617
-0.390786547517,-1.76795198203,-0.97519851103,0.481717440078,3.26112597304,1.87984529312,2.53867737354,1.00278947512,-0.627854568816,0.659282137101,-0.848718479216
0.970787512862,0.929474507319,-0.394095325256,-0.933815547771,0.117950106742,-0.0917824441237,1.1820377179,-0.89284480822,2.03882394455,0.255092865288,0.260393738965
2.11787391185,0.192015442428,-0.112000463384,1.41320338791,1.73888040748,-0.299572606957,-0.637078485846,0.682394492581,1.97122309468,1.988760918,3.30777042387
1.04463121048,-0.772022134776,0.97228273992,2.91418777782,-0.702120751992,-0.581059725942,-0.0366852982492,-0.509146350005,1.27353029313,1.32257097859,4.09488920318
-1.53115675779,-1.03679607822,-0.616064634124,1.53344074599,-0.0767370598098,-1.45187414024,2.47044062824,1.11231988508,-1.3520714251,0.843318441351,-2.64571953058
-0.425157917565,-0.642744218512,2.65234600115,0.124324097794,0.916404916595,1.2834412885,-0.87420994107,0.471369539951,0.752456759609,0.824798270632,1.53167623945
-1.52855599422,-0.832406126608,-0.457223628969,1.76236865031,-0.908017753925,1.25775947373,-0.444354282766,-0.410633440618,1.254842278,-1.62783325008,-0.440899024507
-0.659918407803,1.09407353944,-1.21121837095,1.023372174,2.25713586513,0.604847632574,1.37712887495,-0.0894501854344,-0.916526405132,0.227822869589,-3.15321724062
0.244823101025,-0.903302302793,-0.731234495082,-1.27896690927,-0.447113352057,-1.00858071078,3.12672703059,-1.25347339903,-1.67301108618,0.795080896825,-2.38920149457
0.850754144688,-0.730062538959,0.668773976555,-1.66818835906,-0.314604626329,1.73734585759,-0.133228322062,0.374760554066,0.659824255485,0.3526910884,2.4117775657
3.05510607229,-0.715366811799,1.65987309111,0.0585548210703,-1.24786154517,0.423154069075,1.86384764015,-0.746916086649,0.38698022379,0.417111285169,6.40905515614
2.71243882759,-1.47480455617,-0.642855585859,-0.10723178216,-0.779664663615,2.64695186708,0.270707396408,0.973315180633,2.67529710155,1.1978737345,5.83919851662
1.58318131242,-0.860941432579,1.32200170442,0.14685734168,2.0217883238,-0.909191025571,-1.50243125906,1.1009977995,-1.50195647095,-0.89575013752,3.25685773477
3.61999448813,-1.41888946819,-1.34417980089,2.05064851236,-0.663395627115,1.177263937,-0.82206906583,1.86883664749,0.00929224125781,-0.329606068604,7.04235004229
1.20036351221,-0.840637849141,-1.26931358401,-0.254106629894,1.3104857463,2.59296619466,2.28395023464,0.224240091427,1.25522434851,1.59085133832,1.80653683948
-1.35124414588,0.726210470468,1.18105928208,-1.09140252277,1.18093108517,0.066105822473,-0.42504448386,1.37043955213,1.01561612509,-0.194856179803,-3.21205260636
0.527719108457,2.80264152887,-0.264901473009,1.68892372554,-0.361808578667,0.921615865956,0.137955169017,-0.77759793086,0.0472762333992,0.370159101773,-0.14276813058
0.737227304187,-0.487860424752,-0.925363397125,0.296650351263,0.678388964869,1.69511073707,0.432236233684,-0.392460375434,0.04391609935,2.45181649758,1.46972141284
2.90464112101,0.114912989809,3.12523860205,1.72050275217,0.994331847175,-0.575300768025,-0.0166085072744,-1.06963509086,-0.802538312454,3.03981600804,5.61927362139
2.04440041676,-0.14278834215,-0.331893363644,-0.0907343887005,-1.63767798015,0.201843406935,0.289490677562,-0.13641633277,-1.68336710142,1.42044204409,3.0994907939
0.553073169529,-1.26778947553,0.770721350828,1.33470527998,0.357268983465,0.598705435532,0.660939392219,2.99965747387,0.421365210387,-0.449361108348,3.39901741115
2.40240056691,0.411793982815,-0.864881254734,-0.00629913541509,-0.652881661893,0.424944327096,0.627103273504,-1.40004359993,-0.390868726417,2.99493837078,2.54736623389
-0.170443827811,-1.15315352475,-1.40023442935,-0.694488777173,-0.86530088542,-0.130836666398,-1.39956641066,-1.58026215108,1.66049862755,-0.340435062443,-0.371031483003
4.2330624886,-1.4087342671,1.01238349894,-1.72963829896,-0.146977449614,3.5491753752,0.0223498415529,-0.624754450572,-0.133098611088,2.6802218764,7.51934392848
0.402342025951,-0.469976485806,-1.86147471846,-1.48629148457,0.98010945949,-0.613676995923,-0.227305789677,0.891162408733,1.20025370896,2.24073828499,-2.13761456089
2.5726147078,-0.778177205679,0.329980155562,0.219431295437,0.520956248578,0.471767597169,0.818098872179,0.049764956101,-0.770225196532,3.31910235467,3.35808749055
2.47210314996,0.20575795062,0.640349182578,0.659678514829,-1.2086133095,-1.21006863088,-0.536251657402,0.155693957842,-1.04895534664,0.709785407688,3.39063754302
1.07752844698,-1.30810018368,-0.445274301527,-1.75790821695,-0.604641566916,-0.501420395871,-0.0997719398588,-0.351531967972,-0.905167944266,0.806141947657,1.60802156074
-1.12478660521,3.54622063401,-1.74326527987,2.61895417654,0.85287303734,-1.18992218464,0.616199807647,-0.831051362631,-0.493178085018,0.293915631491,-4.70888643028
0.917148201305,1.46444992287,-0.446586626314,-0.996415517213,-1.1516703266,1.1365612331,0.728626430104,1.08380227134,0.25147316981,-0.273328646191,-0.102883652209
-0.576312619782,1.40158343535,0.48708267373,-0.935168518365,-0.595922082919,-1.05244394235,-0.248090202299,-0.885734422728,-1.07747795686,2.59516856107,-2.57132142837
0.283471778096,-1.54044353268,-0.634664770495,1.10260121469,0.325149220641,-0.283059780181,0.178443624513,-0.193663378666,-0.40386656801,-0.561205335948,0.888622712006
-0.126249829534,0.0263524337442,0.543417469967,0.00418650563449,-1.23561292907,0.76470429984,-1.50773210279,0.191664538838,-0.178538828907,0.135521748085,0.568207247398
-0.446203353242,0.0813543503581,2.67083551707,-0.723889990706,-0.665323168584,0.623648819983,-0.408913788983,0.0145340127353,-1.24487044126,0.230761050105,0.699145781856
-0.981110596831,-0.618889910443,-0.757795077345,1.52309541447,1.24153707138,0.19155680799,0.279070657727,0.989011561983,0.0160791525589,-0.502803556695,-1.63984683534
1.41134012887,0.0113242267311,1.87798031445,-0.852323995317,-0.118583978043,-0.836591218201,-0.0484022109279,-0.637493755198,-0.247859734155,-1.43480006168,2.11155229044
0.610841109664,0.443324485862,1.83675738311,-1.47021921522,-0.332455546477,-1.43100985319,0.857733188286,1.19778291441,0.540161507204,2.14394247085,0.637513279455
3.00493169673,4.13973498333,-1.19446584193,-0.296013931292,-0.488310632858,-1.27510807466,-1.14886114375,-1.10724224027,2.35016783024,-0.915292521899,2.29850633118
-0.359887601995,1.0248690254,2.76905220822,1.17835431819,0.952050981317,0.691743886745,2.3156344192,0.799364387289,0.526468055844,-1.48676992437,-0.068180810157
1.35549305573,0.529938447218,-1.56818281224,1.70768633146,-0.14628889412,3.51878822927,1.91773498712,0.359284309549,0.0222140126424,0.688160688435,2.58006573548
1.70588028599,-1.41980082111,-0.0615149298766,-0.520200862963,-1.45714421721,-0.234316155554,0.0712977167847,-0.734090127649,1.55972996759,1.82914382517,3.63311457594
-0.460565289497,0.304485515932,0.700228313407,-1.37227296152,-0.813252541598,-1.84089359379,-0.605599758903,-0.958848488592,1.05905467783,0.477334951023,-1.78735464214
-1.2933323006,-0.414418012348,0.0879797409082,0.0402056713343,-0.178017674091,0.851491515561,-0.183095589044,1.15377270411,1.17879965104,-0.971854918076,-0.788119750269
-0.875041107206,1.95055173876,1.69630203783,3.01283324246,0.794950370209,-0.555602506974,0.0536140430775,-0.216903421278,-0.399332671562,2.33590135467,-0.746691734203
1.32049845486,-1.06089784995,0.849220957198,0.851206274365,-0.811529630095,-0.574423612739,1.01488690834,2.46629416676,1.65527574039,-1.19945802708,4.17617642635
0.535080513784,-0.0678638542211,0.351337276195,-0.783799702443,1.08062615906,0.947291569613,-1.3522453303,-0.537469444118,1.22375038664,1.19424703085,0.767254516125
2.35025964704,2.76224193738,0.29343172338,-0.95618158391,2.70543923314,-0.44667073608,-1.33305148086,-0.841259316335,1.58233135716,-0.963654194715,0.780484435224
-0.689435354942,1.07829430399,-0.33430772448,-1.43109125575,1.10801460742,-0.785431598778,0.136977262283,-1.26218273224,0.214810059182,-0.581399774165,-3.87631859212
-0.482499137989,1.85082562778,1.54646560048,-1.02982207644,-0.254975213388,-0.460262086718,2.01596269483,-1.58042507534,1.20820971029,0.0610710861819,-2.60400749862
-0.171829492171,-0.690025634558,-1.23087031241,-1.31855625859,-0.104562144307,3.28639099059,-0.78380597895,-1.25617105562,-0.340653670566,0.462532304782,-0.287825256047
-1.82226335294,1.35567254002,1.90266170499,2.8509001674,0.785978251917,-1.21933208455,-0.689484991297,0.244597118612,0.166941619835,-0.458273534065,-2.36861756799
0.429723034498,-0.189837951917,-0.101593651421,0.182463209362,0.573503884966,0.32836586918,-0.741836835365,1.71302689924,-0.900984959174,-0.441179485813,1.35708735774
-0.717737035175,1.15893913995,-0.02190523504,-1.10640216142,-0.684334893408,-0.430253449506,0.460025646455,0.186986432083,-0.534488865896,1.82871061855,-3.68520519477
0.76786509736,1.3343406134,-0.612787970593,-0.903123509698,-0.159476085319,1.38174208554,-0.775652954903,3.60170338095,3.30856511002,0.789273009303,1.42099221873
-1.06503724736,-1.49569984926,-0.291056340887,-1.41982078968,-1.63609951499,-1.48990275381,1.00466501905,1.40560027319,0.521429674158,-1.85251672019,-0.519746787403
2.18170460293,-0.320835750241,0.194328414181,1.10632329674,-0.408663382161,1.5004151196,-0.487839730705,1.67075237235,-0.843527502688,-0.828472664269,4.61791801861
-1.53036608911,0.242796717603,-0.986718157711,0.333909220108,-0.80054687488,0.471997437395,-0.986850106904,1.14326289082,-0.13704456861,-1.2864313949,-1.75632238995
-1.0514313759,1.19460674965,0.667921918618,2.35978567447,0.461315663094,0.703409380954,0.162310353116,0.0949307749686,-0.738570714985,1.44154208958,-1.44827409981
-0.744218387819,-0.96237437713,0.685521859391,-0.240232653516,1.69434047108,1.19354464361,-0.228566107996,-0.981038993021,3.03960574186,-0.741105861425,0.0667726043621
2.37751611134,0.705491928257,-0.432036874938,-0.797432754902,0.537036399013,-1.56963830425,2.40543921768,2.3308894671,0.00988306851342,0.722899364133,1.27859648457
-0.787093018752,-0.456989227101,-0.425619081995,1.10418827917,0.439431022949,0.822534462706,2.78248073531,0.220021810613,1.42355041054,-0.734067947495,-0.669479526973
0.0353030025883,4.3632056226,0.161658844394,0.288092497777,-1.33819269326,-0.789217488932,-0.154139961922,0.975697095401,-1.33637058387,2.23268038901,-2.06494013585
1.27414708182,0.113173817284,0.177529602112,0.690783407991,0.130886731542,-0.563650460473,1.07212268332,-1.26397659501,-1.39314903615,1.98705493479,1.02584795955
-0.635201728915,1.02658337036,-0.514388517925,1.23026971798,0.310628801902,-0.682750214368,1.86441000293,-1.7397873163,1.71453471737,-0.0398352757564,-2.26618705799
-0.699131234839,-0.0888382363221,-0.729892418898,-0.399160957148,3.07602698341,-0.552287011132,0.874584991065,-1.03972402431,-1.17883694495,-0.126004205138,-3.54900278254
-1.48584488445,-1.05692515714,3.9770038919,-1.33047276232,-0.869928633436,-0.289168756848,-0.201771291245,2.40751626383,1.66725091076,4.07223673645,1.81485877717
2.06466118287,0.896522158884,-1.45880582354,0.803507440542,1.83177811517,-0.571770844732,-1.44873679681,-0.812680417828,2.99583400628,-0.765344883325,1.4617272062
1.3931844552,0.563731853004,-0.627982611046,-1.75918225285,-0.122298715228,0.879181258328,-1.40970723704,-0.86084640778,1.34862754944,0.816192072624,1.1291624422
-0.4255371362,0.677980030423,1.08918128868,-0.441992405909,-0.645910628732,2.09112949184,1.41153209744,0.933390856173,-0.66933634239,0.101141633472,-0.0324796473568
-0.495278934413,2.89110712429,-1.32148211334,1.2909280783,0.666296065969,-0.387348820778,-0.733514034768,1.62046638246,-0.254842644098,0.44704706143,-2.16220941082
-1.17193908719,2.89936687654,-0.733634181012,1.02469849939,0.423509144129,-0.410170701901,-0.164102783512,2.23719703318,1.81559326112,-1.93590824743,-2.61394204928
-0.226525651747,1.95808578594,-0.874769312374,3.96379765251,0.200573647294,-0.150729096401,-1.20713372269,-1.35622357691,0.239266262336,0.817734945255,-0.302353564935
-0.17566964871,0.0717487523918,0.0488843661653,0.502355000838,1.02847476195,-1.27470682531,0.512342720178,0.765601280914,0.0325042201766,0.983188228602,-0.664181034366
3.43921891504,0.187662759014,0.717045243738,1.87374180114,-1.04156272381,0.539923586646,-0.301204063507,-0.117047283881,-0.508774785088,-1.10148673231,6.58943439505
1.82860037636,-1.13631601026,1.76055654299,0.253622568713,-1.37046904518,-0.67201711383,2.91666116611,-0.463941703938,-0.0666939044343,-0.580235736425,4.91474715985
0.154999486954,-1.72976561355,0.205736530515,0.566239983302,2.14722694422,-0.0953554111792,3.05441493663,0.622645011473,0.484344463633,0.289713682765,0.739051418657
2.07949768226,0.825636882654,-0.946050277788,1.00623555033,0.548464923945,1.19802640856,1.55462933345,0.687922325074,-1.71654348407,1.07871219202,2.10476364278
1.08385646381,-0.450787084252,-1.40944942759,-0.1248654323,-0.261743215466,3.37451697769,0.382550638517,0.76391736423,-1.07887129613,1.79786315766,1.35705275553
0.73694874357,2.40717699137,0.357132935344,0.54203925522,0.972882962303,2.36747505509,0.913318771613,-0.347054507097,1.32334924667,1.22630555142,0.332109427679
0.0880273768763,-1.67550931481,-0.982520645717,-0.783727347971,-0.381734786801,-0.308068218572,-0.512764168806,0.55756159057,0.367047714237,1.04059856778,1.37667276468
-0.523077834674,1.12998194296,-0.397887418996,1.83108098713,-0.49471062795,-0.547062601285,0.262149092432,-1.53564118239,0.49440751769,1.37001538801,-1.81375386182
0.645504938016,0.118286424971,-0.538215305083,-1.78566481519,1.58167994775,-0.639008078264,0.544607238754,2.90028632481,-0.167065585483,2.37640793585,-0.908832887364
-0.228503822914,2.08976463751,0.0812178163661,-1.26765790336,-0.207528241132,-0.330053990632,-0.100702594948,1.08724413208,0.939186404853,1.9291557239,-2.53579185215
-0.13747729232,-0.0540230222876,0.974131276596,1.25116157787,-1.8475231363,1.8476130688,0.142647344619,1.25644144111,-1.1091388155,0.108127006341,2.37091314468
3.44507754421,-1.03185212282,1.66627947625,0.269327353871,0.573341940757,0.19712177047,0.505478098081,0.709043733372,0.571104204383,-1.5456555824,6.47823915415
-1.65811299628,-1.31469442834,0.0495613579372,-1.84760270435,2.92160280923,-0.627047931502,-0.794816573328,-0.384309915387,-0.289377979289,-1.25771225573,-3.17563193126
1.62616834647,-0.508744303462,0.107789168652,0.858558834932,-1.1984538796,-1.20078091348,0.883273462835,1.81610228758,-0.84413313374,2.60679196584,2.77859682384
3.40226390247,0.619696966841,3.23260572605,0.286274660757,-0.0270778261861,-0.765259633325,-0.543829126156,0.375545430514,-0.954656071052,-0.682597656441,6.02303204143
0.0796366934116,0.407167598611,-0.104924604383,1.15918027714,-0.173595523722,-0.724995381174,1.38779692728,3.66454879996,0.160185401846,-1.22085604691,0.159779451824
0.261933885811,-1.80219792058,1.80728194953,2.20700848819,-0.450812492795,-0.617302475163,-0.000751399634739,0.560532971725,0.778218817126,2.43874341317,3.26082061431
-1.7972015454,-1.62883814826,-0.47830658713,-0.383309837171,-0.632625165207,-0.371235347654,0.093962186746,0.122291088568,0.47791213688,-0.807622946719,-1.15292709485
-1.41299199629,-0.619066280242,0.882339129415,1.24433293543,-1.3623826785,-1.49019523945,-1.3900526281,-0.445940925698,0.0771335266964,-1.1477334033,-0.0620540162152
-0.687580371353,1.54162948583,-1.84180145942,0.584113460274,-0.722093774237,0.244122312646,-0.812123797419,0.560523269195,0.900801915768,-1.29777680945,-3.17327372407
-0.884877693511,0.403785697418,-1.5094824177,2.6414833083,1.4823112806,0.474335898169,1.21426662433,2.30112343839,1.33439210018,2.33810343528,-1.97381515619
-0.599483959796,-0.503553108667,3.58933001899,0.427194441919,-1.09908584505,-1.07148464498,0.776584202664,0.727613594731,0.540358908315,3.18428296435,1.88892360158
1.27035430883,0.118390590708,1.47308456688,1.33371929658,-0.379200013548,0.367098198545,-0.559348875559,3.49349266846,0.0419412290182,-1.15073003014,4.52389344124
-1.35199569252,-0.33195345641,-0.411938583753,1.6212241287,2.43378436297,0.202220524755,-1.19634302695,1.85587557976,0.311682643628,-1.13984930732,-2.13032704711
0.213537329636,0.207513133797,-1.42592348262,-1.83095810546,-1.63438764955,3.09996166747,1.19644673999,-0.596008326539,0.0931906630797,1.73279301097,-0.380471753453
-1.61635242715,0.00254382841167,0.241745330281,-1.48327438192,0.50633565637,-0.818256203422,-0.178712644777,2.35480535368,-0.298145285245,-1.64057109332,-3.58812349436
-0.752876197415,3.36498746145,0.271455665397,0.0312547850178,0.186019468186,-0.958682994617,0.408542557976,0.416211777858,-0.136270818263,-1.00868263408,-3.38230084856
2.59208331696,-0.625830835206,-0.470208731477,0.0891190678396,-0.811420542916,-0.400635316179,3.00846304375,-0.890404010395,0.636947960361,0.122025134736,3.13514531879
3.0533596702,0.367201223986,1.91225897266,-1.22352966772,0.0364369614939,-1.40729464262,-0.994940658995,-0.206458390291,0.81198593231,1.15938312218,3.5751920981
0.0259747395285,0.64121227894,-0.567851006176,0.495966590537,0.22227650526,-0.0959292318769,-0.607755133893,0.325113581781,0.652738817976,-1.74382925218,-0.823840670245
-0.946809688538,2.44009937909,1.8090580039,0.267026648635,-1.76778301492,0.88008044918,-0.117135859432,-0.521713492634,-0.242747490135,4.14285381014,-1.69159119812
-1.39539748568,2.68657952757,-0.019789728806,0.540905555363,-1.02605541652,0.116851672257,-0.598713080284,-0.102225950826,-1.70732874057,2.80341939191,-3.38517825898
1.27675580391,-1.70804088032,1.14411539004,1.67096299075,-1.68216655739,0.715688583459,1.11027438171,1.88394420909,-0.405555124802,0.208849116619,4.65492602576
-1.33040734634,2.13525456833,-0.936711396494,1.17599552898,2.59110909224,0.863137193406,0.203456073717,-1.8460294662,2.21664089825,-0.604614173944,-4.6726574675
-0.514335576289,4.79162752916,-1.18248506731,0.33367155624,-0.861141529877,-1.06333080566,1.07112103719,-0.547625151516,0.0975593762209,2.7777878299,-4.23753035839
0.0147820287527,0.793667234801,-1.48752181384,3.813790904,2.47494823616,-1.48842345198,-0.423180289866,-0.0972745462348,-0.18160920681,0.557861063415,-1.83487885386
1.47750167727,-0.89819905426,4.34949721303,0.993038929237,-0.423690296892,0.636982805833,2.13552073077,0.832143593337,-1.34937857191,-1.16076312813,6.22890022893
-0.847675361689,2.50057157536,-0.396806951343,-0.56989256098,0.273680238226,1.87798908897,-0.917147814319,-0.284101124054,0.428433219159,-0.29098871676,-3.20271228706
1.11052850536,-0.538614301453,1.29552100072,-1.7223373683,1.09453392568,0.822162948311,1.58041860661,-0.42312698921,0.177609339852,0.435827119865,1.50098061174
-0.508224756176,2.27051436603,-0.550047019628,-0.621823951467,0.99240890284,-0.741967819412,-0.927317358895,-0.446668445379,0.87721216264,-1.04240183145,-2.13576049701
-0.467558284416,-1.54341083349,1.2907477977,0.188036881178,3.05831147948,-0.277718332205,0.516632069547,0.015309968624,-0.461038006453,-1.49266057222,-0.757108665301
0.589129137851,0.164039450199,2.81753604786,-1.27743139642,1.86809072027,2.17287242772,0.416808698384,0.437712778864,-0.767416533636,0.418809780548,1.60042120994
3.03952973032,2.29933678617,-1.19740449902,-0.944461789166,-0.816408168747,1.59988998629,0.242972852656,2.41594257288,0.471248624508,1.41270148845,2.61891951444
2.08960070443,-0.339911616716,0.449992353685,-0.500616111359,0.787838057338,-0.321116848586,0.338204405389,0.931062637291,-1.22062033316,0.38848470002,2.54761821121
-0.037330060828,1.76148579272,-0.821714523638,1.24247558379,1.7452384726,1.20037881711,-0.29099303723,-0.972062046028,1.77405083927,0.598469198571,-1.47310915742
-0.495842123811,2.21373530988,-1.13859759426,2.76671516342,-0.821357874971,0.685460072755,0.852923828634,-0.245775617112,-0.215855575481,2.21375149246,-2.28846663331
1.09289302299,-0.351102289031,1.97693151019,1.65937141931,2.74424043854,-0.63067596708,2.3020698747,0.178618407617,3.16765761901,-0.766258961994,2.36831083938
-1.314373664,-1.64061134859,-0.409193485346,4.00115163917,-0.704474316766,2.73252220005,0.292635979481,-1.53111353147,3.08424777223,-1.37861860148,2.22705265242
0.712014281652,2.88671212843,0.20363667933,0.211672034019,0.262105790827,0.255223015812,-1.72178034814,1.2238096566,-0.949000110139,3.09774829451,0.101758870737
1.59326112414,1.23058531905,-0.938726265278,1.0397041887,-0.2465956123,1.15813483895,1.3659637137,-1.90954444595,0.403130077721,1.31349264682,0.345996102038
-1.38613614688,1.90308092526,-0.397896056425,-0.104083012665,-0.227859783675,-0.910887676605,-0.0269895580724,0.577829896334,-0.176017249525,-1.66262591215,-3.02173085803
-0.380248370549,-1.18939112917,-0.795593920405,-0.994513436793,2.57312933781,2.52061624944,1.97138352279,0.503942306421,-1.18548045721,-0.277526831312,-1.40040641398
-1.36429519097,-0.848117854161,-1.23965383169,0.950760797212,-1.13512519288,-0.356116980335,-0.326107501531,3.46263556014,0.695832813403,-0.84833304685,-0.489015408922
0.219268445777,-1.1577476038,0.0345312920992,4.55551021455,-1.49837075874,0.0420387086653,-1.28131304337,1.46299817426,-0.00763760805688,-0.0444396751961,4.63113254847
-1.77267418954,1.03507600739,-0.693760607843,0.415388124321,-0.492510138492,-0.690177709653,0.288253975364,-0.949987190179,-1.46001948999,-0.445922670779,-3.99197257032
0.721271196009,0.230343356425,-0.715254409857,1.73780402889,2.35615252598,1.0445859122,0.80178912822,-0.412815116444,-0.591115505477,-1.4705088845,-0.341188332062
0.736882520934,1.7654371883,-1.16697720606,-1.4507232531,-1.09860224115,-0.563507501261,1.81663578205,-0.503190725878,-0.00901885683763,-1.14682771616,-1.73009905527
0.260533645989,2.9085097457,0.0121967736953,-0.904381259631,3.91743065239,-0.612990887005,-0.696364509687,1.98556230967,1.96002642954,0.534405233903,-2.20470134148
-0.472407178431,-0.0627305839903,-0.157096506558,0.0659898636712,1.56108437921,-1.59086637658,-0.282076785536,1.22807018561,-0.431822493448,-0.975581917782,-2.00815809769
-0.715803251695,-0.317249064494,-0.787478575575,2.58518551419,1.34726748957,-1.49314346194,-0.46513012981,3.68013936837,-0.127656681768,-0.169198294031,-0.434436349579
-0.271075736831,1.11712387961,1.87247271599,0.291377309141,0.266586261727,-1.59836135641,0.350662842843,3.22865495345,-1.12261329374,0.219531425186,0.0669499232943
-1.09100063653,-0.889389253903,-0.180569791636,-0.488028430197,0.459922538577,-0.755644188986,-0.0219309015167,-1.44946168122,1.02654602323,0.879074230088,-2.30066008692
