x1,x2,x3,x4,x5,x6,x7,x8,x9,x10,target
-1.64703630943,-0.8124157487,-1.90479903208,0.572362020307,1.40366759211,-0.916220392392,1.48638588675,0.659713275821,-0.113626480846,-1.2460446056,-4.10131006409
0.208061362223,-0.845214019368,1.34152850525,-1.5141992429,-1.40745561684,1.21906739316,0.613089943995,1.99545414412,-0.948228643008,0.259104671033,2.46235495981
-0.213291594966,-0.678064336644,-4.20628259477,-3.17525379669,0.493860423978,-1.00604493341,-1.57663610542,-1.150906325,0.587369601725,4.00291414624,-4.67390172557
-0.485937063882,0.019288341357,0.324598946499,0.460719037404,0.449444298902,1.38816120807,0.547698672523,1.35470021424,0.381115960736,0.499311672506,-0.215726664765
2.51633367798,0.566478638809,-0.014444142378,0.582771748305,1.7791627603,4.34667218122,0.397997588325,0.833940524765,-0.439628550214,0.558458000326,4.56344650753
-0.309410017106,1.36031793823,-0.873602177701,-3.17282260462,0.505110779654,-0.151557032394,0.736083850318,-0.734776343795,0.800063518446,-1.24741917905,-4.08456301193
0.656605090335,0.297183482432,-2.20004679744,1.496402181,1.68101979431,-1.12496716426,0.901315380176,-2.94861331238,0.395242986974,-1.06200118249,-1.99847366936
0.141859231668,1.03857751716,-0.0466442807025,0.312980431857,-1.57409886867,0.0772544177347,1.2420716294,0.860262582523,0.632664934706,-2.1858376937,0.379194755239
-5.39161948337,0.66798145482,-0.954935601856,-0.676770531026,-0.0774737047827,2.52810212911,1.87879808139,-0.958020368501,0.957984376055,0.439928285977,-7.44111106073
-1.88653095905,0.171432750754,0.440349547742,-1.02642480241,-0.199469505185,-13.1481371039,-0.759642222704,0.543404527865,-0.970541086381,-0.593899466987,-5.07602623983
0.702629601339,-0.981032160983,0.636306067263,-0.138328829082,0.522287402992,-1.58034485732,-0.632808207481,-1.25569836607,-0.11197248252,0.506936649195,2.43452619258
2.69286217058,-1.19536111069,-0.173355669797,0.121456497075,-1.13031730584,-0.588870572304,-1.65921189438,4.83324023798,-11.1095759709,4.70695187523,6.11824510651
1.20761466335,-2.54933410234,-1.46204492795,0.589493927445,-0.455398327151,0.252347044774,-0.942956008354,0.24158294446,0.632006557346,-3.20134775786,5.20715746744
-1.24315723167,0.4352803639,-1.10344711983,0.563959727254,1.24132119665,0.426186841214,1.79933753446,-0.365509293833,-2.76065664416,0.045056005213,-4.06754284473
1.40383796574,0.631564844706,-1.2861787109,0.577931458403,2.70676314445,2.47438089453,0.370825971133,0.25422170196,-0.958277648717,-0.87271807039,1.45881923325
-8.11374313715,-2.23008197756,0.603932514828,-4.85935291941,0.0596220352567,-0.810553897398,2.17248691287,0.134039656869,0.429152887697,-0.46089913872,-7.35473046908
0.782876369012,-0.128269523803,-1.11215849554,-1.37387087632,-0.221282583043,-0.857029119224,-3.94419094112,-0.578344998338,1.39767664293,-0.597072850482,1.494957022
-0.518517405336,0.964526686173,0.30564631573,-0.678957384459,-0.190973911583,0.771857062969,0.0627274478628,-0.0513160499361,-0.859079042438,-1.28630963028,-1.06026431195
-3.03817980874,0.310553398604,-1.8662420744,1.3651261784,-0.226787222806,-0.659024810878,2.45056553068,-8.20495809499,4.30795288219,-0.910512084531,-6.17986249439
-3.2220344176,9.18738613566,-0.627186522361,0.632600356215,-2.02819546084,-2.0759585063,-0.31661755784,1.74197309362,0.556827550347,1.33774848017,-4.7183265422
0.0963500258718,-3.12957047654,1.08982896837,0.0736359731041,2.40708140523,-5.9640764475,-0.529622589343,2.35322467196,-1.78224820701,-0.390172743589,2.0852468654
0.308467842076,3.54616750737,0.473521610652,0.35826430712,-0.110473321966,1.32059429865,-2.52648538168,-1.47055024524,-1.07426076561,-1.01198566505,0.87061503242
2.19271344496,-0.114135586822,-8.43512147576,-0.301262864522,-0.303116222696,-1.71775948832,-2.26984142047,0.0522517819982,0.0363286004469,1.51103157434,-1.18400661406
-0.904935985602,0.212390254722,-1.30765470328,0.628393404434,-0.175667565332,0.146217474212,0.159770990318,0.989393660275,-1.19389560353,-1.64310794516,-1.94531954051
2.37178175857,-3.47839035289,0.327082639806,-1.74551173271,0.646923920611,0.12596035791,0.640111459458,-0.241827202029,1.73352078815,-1.17729646883,8.37146601369
-0.226716200051,-0.04680097282,-0.382597794134,-0.0859236323654,-2.84490314936,1.2549695029,-0.766322150924,0.58006857127,-2.29475605329,-2.60272162575,0.888613404685
-0.731867292891,-0.943845499072,-1.30440058511,-0.047132280504,-0.18956814663,0.0111701687047,0.611751051937,-1.19853860804,0.288148803338,-6.61817722974,-0.453507918525
-1.83512067314,1.12349659584,1.32671199272,0.0539142862135,-0.334632305828,-3.48672576308,-0.119203966698,0.983379860621,0.747840407159,-1.49326047525,-3.50622005163
0.453757968557,-0.145632704509,-5.19426540759,0.296730020785,0.0373698528714,-1.39047455147,1.14262611132,0.841148147451,-1.48841917712,0.794327660886,-3.31367038537
0.608434031953,0.282895707193,-0.870619812468,-0.93089368171,2.69315283117,2.35708567879,0.679218599129,-0.141201005762,0.626472202305,-0.326076489823,-1.00848722133
-0.0946829499293,2.39197125181,-0.034626413913,-46.0932952048,-3.28749701328,0.252866558639,-1.12727968875,3.53336939754,-0.654546629464,0.273219472136,-2.72082630417
0.298311372758,0.506372624821,0.921339935188,0.186388614082,0.623380523885,-0.586958487536,-0.268689351559,-3.37855666888,0.0222064566433,-0.52616172417,-0.0450124203194
0.9422118849,2.33564079113,-1.74723288456,2.20489398203,1.16243256236,-0.27293990495,0.279051996263,-1.78955393774,0.687727618672,-0.857322463924,-0.776268627299
1.18328574081,-0.438369145211,-1.61197437757,0.322789802967,-1.24909475257,-1.14127555217,-0.49704466226,-1.50794958415,1.46902328055,-0.756255414336,3.14131950562
-0.00374970294653,-4.73353636432,-0.133337583531,0.377783309083,-0.848169164999,-3.79349873111,2.32116547489,0.61434558859,-0.358193131625,1.07183436874,6.41857756941
-0.16496097098,-0.246003488763,-1.13874436725,3.80411308026,-2.45088346821,-2.29593463677,-1.23503095589,2.38250475793,-0.30951114567,1.45491278132,2.36011742297
1.11868810867,-0.482966901103,0.313915131083,0.669994998703,0.250774680762,-0.131295149333,1.99578291176,1.03052869129,-0.222698123236,-1.54859426176,3.30269111603
1.31792171186,-1.51018240273,0.448599235051,-0.504977681592,-0.0974553271793,0.277113802269,-1.32381607871,1.05314445439,0.707606477197,0.0606136060501,4.67591466307
-1.96344824134,-1.28211660425,0.642882270608,-0.849483808186,0.825776510315,0.0235825510747,-1.6539425126,0.807357982767,-0.0698460838944,0.690876706049,-1.0732255393
-1.94283216658,-1.05834166523,7.89734000615,-0.503746103406,0.0399770441335,2.21606212213,-0.0301723165108,-0.493000934215,-2.31221366225,2.41184512057,2.2766149284
-0.199380443639,1.00125831054,-0.384442082001,3.48952789347,-2.79698982081,-0.370380174035,-0.23466684813,-1.70791986552,-2.33433542923,1.50443453037,0.320648054548
-0.0946452483221,0.233954365637,-1.39634828208,-0.875444669724,0.783603389215,0.525464497171,0.463925266696,-0.0315909271543,3.58090252545,0.201866656029,-1.28925538596
2.50290082343,-1.29857067324,-0.260844696044,0.746959946839,0.696947195664,-0.602069086242,1.33519493494,-2.30288934161,-9.05664012162,-2.64601083584,3.73424294219
1.37777098547,-0.300200075572,0.244988599255,-0.874840042252,3.22574331584,-0.859321807051,-0.665195629717,-0.553822728207,1.08120262336,-1.20341419403,0.970367772781
-0.171931086885,1.87634980803,-3.53288729638,-2.32629155456,0.792946980173,2.54238929382,0.448319495065,0.508758709869,-2.95505339824,0.151873434539,-5.55392347865
0.778235621554,0.413987970656,-0.964440784483,0.436639066777,0.940599560904,0.17684435573,-1.2274611442,3.77449947942,-0.0986467333593,-1.39503076937,1.82000737213
0.297099541086,-3.36643791006,7.10758746717,0.546518035877,0.633299233504,-2.23831846181,-0.0785057911447,1.73396975974,-1.34172446969,1.24443008261,8.88677137663
0.0680618195094,0.0436096812651,-1.72256006818,-0.00557048700018,0.757094126796,0.192912134202,-1.31527321883,0.823359141614,0.511846687294,-0.365458143986,-0.830518101141
0.17833315268,0.82315635112,-0.673148635627,1.29252341272,0.386300312714,-0.812912811711,-1.26586080763,-0.665493107594,-0.835463280938,3.25286771237,-0.905332372958
0.313189482292,-0.126514190079,-3.58227137695,0.235612356083,-1.00339198918,-0.316105880964,-0.0362510922088,0.190538939919,-0.518810791279,-1.16580204811,-1.712362645
-1.94801441738,0.969661648272,1.4436563439,0.183102995374,1.25385725343,-0.683970448854,-0.863724534239,0.625549228595,0.60239778314,-0.234492268285,-3.70212763553
1.42068625718,-1.86891209386,-4.15756437711,-1.70410978255,-0.551125232404,1.05630919946,-0.728523340047,0.443640094032,-1.98561653198,0.495722515458,1.38467811648
-0.275443329062,0.493628277721,0.971746556748,-0.351513053924,-0.628515476735,0.0563666109601,-0.622924019258,1.41585258306,-1.9254934724,0.827670305588,0.840024294583
-0.24411689564,-0.536674266659,2.13290390223,0.42904419497,0.682539552968,-1.62536801893,3.44854459801,1.15615159368,2.06018932782,0.968614211033,0.540598368387
0.741316452705,-2.54230087507,0.497700477511,-2.73808972587,-0.189141315764,-0.529596713466,-1.6916139562,0.264696650154,-0.168012142999,-0.589554732311,3.9152795259
-0.532118872956,4.82378577759,1.74433695084,-1.78537164467,-1.82832097274,0.000972043821364,-0.549849589529,-0.813326355369,-12.5979530678,0.99658250991,-1.10571032194
-1.5489777809,0.405085847104,-1.51421550376,-7.30126828147,-0.477656631113,-3.4673011732,1.48145601387,0.615889914972,-2.11633315507,-0.0833345785279,-8.33004275804
0.131818018871,3.76134497471,-1.19190489554,-0.842492427206,0.951380969134,0.569793431313,-2.16627632993,0.0619964596254,0.47844107955,4.39536083934,-2.51073860865
-4.16500047886,0.546459410882,-1.73853236009,-0.452346247291,0.155197792121,-0.299534893011,2.25381607667,-0.439050966371,0.452324734365,0.202456207382,-8.09464624726
-0.790463244612,2.53760869102,-2.88028560679,-3.55509581494,-0.322409224538,0.517637492673,-0.265533756553,-2.44477903721,-0.673506093262,0.579568969336,-7.4836490765
0.816577163569,-11.0002640485,0.410283716654,-0.432637576872,-0.314198811455,-1.62967803394,-0.130521471886,-6.60866175066,-0.40873411278,-8.35168316489,11.130726946
-0.659164002202,2.08946327087,1.47407444014,0.578959071133,-0.87118113278,-0.441354731249,-0.742458104552,-3.89084508434,0.144846874927,1.26390121936,-1.35844370263
2.08601826442,-0.607281465533,0.638418537243,0.288645425659,2.9017389314,-4.69942395271,-0.381117522876,-0.875951878266,-0.617376349811,-1.17851823348,2.22267532645
-0.914721120032,-0.170914887939,-0.280733265931,-0.430407916084,-0.230881675908,-0.674236623064,-3.07007826954,0.0047889777227,1.93436850667,-52.7050172914,0.0450423279219
1.11695176097,0.339679249049,1.66450192886,-0.160378960003,1.25227481544,-0.435548288744,-3.55803134963,-0.738662262608,1.17945052399,-0.195577829783,2.27194880699
0.253498291058,-5.11608706713,1.52524633583,-3.37333367093,0.466844201179,1.60379175926,-1.56866077792,0.64988344193,2.15976669667,0.142217154265,10.0002833821
-0.640908191004,-0.0630656773166,2.76926761846,0.4048593252,0.403983027363,0.678971563069,0.536522430885,1.19579774665,-1.02252615538,1.41626206733,0.594108664146
8.63048542254,0.480979870019,0.140591418636,-1.85463285696,-2.47309589755,-0.983613524889,0.700134548682,-0.901969950504,0.972134792601,1.17880701384,5.76959717611
3.46349159558,0.064831599996,0.982984398387,0.38514158486,2.24126316434,-1.48923501335,1.1916842063,-1.02420142556,4.25858008932,6.20747894246,3.36330296898
0.182434728268,-0.0390385024009,1.49041432984,2.34663153323,0.0923756945594,0.862805448982,0.760935308188,0.575459756983,0.886508252391,0.760122501777,2.28289331706
-0.911083569707,-0.479960546317,0.278436324824,-0.0986677043677,0.721454508089,3.24544331963,-1.65446995777,-0.773752318464,0.283469482117,0.218177005613,0.622015387034
-0.874313676897,0.256832367825,1.03983327219,0.428893009261,0.341176149398,-1.50202812938,0.802861505969,1.87040165176,1.98426347548,-1.23045325847,-0.519666898608
-0.952925475001,1.03047347383,3.11060253641,-1.32227250296,0.609474349404,-0.327547922666,0.194814227941,-0.548181777187,0.0798782361881,-0.974977596657,-1.36831022779
0.423843038,3.87259586868,1.24931209157,-1.6811418453,-2.08635749709,-3.69183486232,-0.100846096294,0.572509136102,-0.0903765665775,-0.850393551412,-0.553366624301
-0.13819850387,-0.0936959663889,-0.99913296244,-0.55128270756,-1.63271943888,-2.14153078322,1.73188555867,0.180885275029,-2.21197609533,0.841219436656,-1.62499034102
1.35604910372,3.99260911009,2.34989548861,0.619557390156,3.87174120694,0.0900756360299,-0.439957131599,1.53945637041,-1.66240670139,-0.617082648796,1.46077397322
-0.522000969622,-0.248828687597,-1.04270395398,-0.0194043576902,-0.391188003441,-0.592635183154,-0.85059787272,1.65757727894,1.63820746489,-0.288430146573,-1.63991267887
1.24105745103,-0.29048027736,-0.991097245611,0.614275107353,-0.776817958708,-1.23565501915,2.17899468061,3.44199025709,-0.109992538172,-0.88270280863,2.01878149137
-0.396270905067,5.63884254098,-0.342415386306,0.189370244944,0.92663706745,6.65193717922,0.106180712478,2.44935529606,0.615787219643,0.539311987887,1.35773127298
3.3722378409,-1.14331977838,-2.7389865328,-0.832220987448,-1.73979294776,0.0902181051401,0.417877484185,0.676402041993,1.1983527167,0.104099984022,4.88271520089
-0.365601434632,-0.172300395384,3.26090446118,-2.29591601418,-2.65925148178,1.35704300857,0.258762904377,-1.66223017696,1.97623500994,-0.105689231316,1.92881244474
0.120483819967,-0.440567226515,0.276290591292,-0.326175897758,-0.593365798225,0.48338085912,0.713126545235,0.0138854691782,0.907452550291,0.329647946736,0.853995647839
-0.378939307701,-0.408043192543,-0.0341446197646,0.238745485194,2.31449158457,-0.477553283069,0.166422699909,-1.11520262224,-0.19859189463,1.01766586324,-1.79508875757
-0.636217050911,-6.94359635315,0.102582434648,-1.06748365413,-0.288846470909,0.66611251366,-0.547975542952,-0.291709685223,0.315898693601,-0.236093244913,10.6890350406
1.45515183009,-0.592163480737,-1.44683430677,1.89760780771,-0.943401463508,0.739967034877,-1.28987863699,-36.8289147915,-1.00924292074,-0.076978841669,2.8616183578
0.142704874252,-1.04784279858,-12.6476666131,2.50935920409,-1.11886019899,0.529225647441,0.433245346189,1.26030404832,-0.0429752799001,2.49188649988,-1.88814798925
-2.30983057391,-4.33273875415,0.656639362747,0.00708281722448,0.600180141811,2.71727321836,0.112356871992,-1.16409074793,0.324603596942,0.531959074719,3.54400218233
0.449467324354,0.018625639095,-0.347596556388,-0.553123682763,0.166477698382,-0.782383103371,-1.51763404136,-1.20365172456,0.358522633496,2.26257897936,-0.262559842067
1.069305204,-0.305542178037,0.648096807742,-0.0227080185178,0.924137272477,-1.14383726554,-0.102474156915,-0.277487346766,8.34193642065,0.928892820021,3.29544346226
-0.508637647853,1.95651469302,0.0447318285741,-0.985681814181,4.78160134116,0.332480973911,4.64142206156,0.416343868439,2.44304950077,-0.379177349371,-4.49426899599
-0.0358122180172,3.2790491202,1.94676958887,0.282806994613,-1.34120829549,0.597499437065,2.66096908886,-0.923065696874,-3.78287531966,-0.443574350689,0.0170381795567
-0.0517145406691,-2.09054851524,-2.06722765992,-0.048316262577,0.607127412064,-0.33443765959,1.85031651307,-0.564295266722,0.879797521798,-0.307268918905,-0.332104355775
0.222016136546,2.02120850396,1.01653059261,0.607570711807,-0.538411486474,1.67344968099,1.44040437702,2.79060965408,0.298969180693,0.720500228689,1.70903769267
-0.525466083763,0.54723822729,0.437903957427,-0.656302889203,1.24413658202,-1.92963930783,-3.2299029674,0.71686296562,-0.925993300509,-0.332450318449,-2.03082835129
-1.25011697741,0.641420049967,-1.40911985652,0.505417270022,1.93075807742,-0.46134316987,2.02921007392,1.15923239983,-0.989469770783,-0.20277273781,-3.59820804962
1.04113891898,-0.686376259831,-0.546231281507,-0.290693056409,1.4389632891,-1.44461306602,-0.440430419038,1.19137676652,-2.44183590084,1.1135770077,1.10252111649
-0.362422244426,0.31190718018,-2.44560727871,0.559169324591,-0.325777361483,0.326045081233,0.0228121811123,-1.52978834088,0.782623917712,3.93631842038,-3.27453441717
1.55166031148,1.71382443287,-0.293890437069,3.47814599747,-0.686159291559,-2.51584880695,0.36626170517,0.137193131259,-1.21599246161,1.78868082932,1.97251680894
0.891673393468,-0.153275021209,-0.413555645095,1.09303657707,0.638278618389,-0.620650872377,0.612519477104,0.673399111233,-0.730746568542,-0.413152470887,2.09906815476
4.49305244898,-0.0832493135269,0.379154731117,0.959431236966,0.116234945464,1.75367003631,-0.00520825263435,1.10965115105,-1.3882120238,0.225352876692,7.35722055484
-0.775265286902,0.231074101154,0.380988261825,0.320468756791,-0.21092952929,-0.229705048638,-1.10820520859,-2.12163658534,3.66634676026,-0.0886995065842,-1.05891042389
-0.931289519599,-0.287513403045,0.38358279814,0.825085494416,-0.650569606062,0.588348313534,0.437402663618,0.209650107856,-0.423108259398,-1.40903475998,0.391961605254
-0.25877433915,0.192550285861,-1.19584839886,-0.148602127683,-0.345836313706,0.325358322997,-0.0370804637174,0.84575455177,-1.08004956261,-0.0677264119298,-1.90692102851
-0.0620165688912,0.0286713994159,-1.85595071171,-0.0307449034037,1.19729751459,0.180548507658,-0.562791533085,-0.849544981055,0.308409128654,0.66741911149,-1.41400951783
-0.218641997436,-0.513233881047,0.81261073973,2.61445730304,-0.261459527342,0.823909706211,-1.83374421178,0.829263404282,1.55752660911,-1.41880443855,3.58123039803
-0.38336228349,-1.0379190977,0.769270619663,-0.152054416614,-0.512241321238,-0.842562250699,0.4197607442,-0.287897147961,2.292260769,-0.32134262402,0.903948545758
0.195436418381,-1.58336099396,1.61389338598,-0.226698114068,0.289086584603,-0.472664758836,-0.292604668784,-1.08455724107,0.515207741583,0.0803961987182,2.91580206447
-1.74959556212,-0.0360862781499,0.377147117578,1.72727738903,0.789028276069,2.39658982352,0.00341057732069,2.68843480739,-0.254859725965,0.641535253651,-0.946630718045
-1.14724715571,-1.09497284877,1.73070269772,-0.491502583923,4.78249247613,0.382119512529,-1.34233959122,-0.559560949092,-0.665446724565,0.474141506989,-1.53015940418
-1.09325068505,-0.510161423499,2.55447794159,-0.756471420395,-0.0585968276517,-2.10266087407,-0.259526330406,-1.11381239558,-0.907752067782,0.19215196345,-1.0554892459
-0.27730740399,-2.01730801835,-0.123995075577,-1.27860373419,3.61738070357,1.59433576594,0.239341166519,-0.284563096646,-0.215355993171,-2.19406634959,-0.0509367534126
-0.129893103761,-1.59932507388,1.78782967853,-0.972518491443,1.05687487382,0.587010522479,-0.418250399954,-0.823479068218,0.610161079194,-0.764935886629,1.98227594108
-2.04680969346,1.28348874135,3.61895643717,0.192389550899,0.25299471588,1.96021480923,1.02008414561,-0.669860042044,-0.288736636888,0.97103628399,-1.13697166243
-0.0155329490137,-0.412081585227,-0.61538178182,-1.97020501227,0.53260911331,0.528463135317,-0.684600285389,1.4450358791,3.13786641168,-0.39093185119,-0.439068578446
-0.0800882915444,0.734897044073,0.186235630644,1.21683892501,-0.191070735146,0.669252744436,-0.860844236695,2.16694629921,1.94683424248,0.382570563173,1.47204392702
0.588894617829,-0.421160288706,2.28913113032,0.625444409181,-0.319386469387,0.951745641407,-0.11073832068,1.08488616697,1.49007665995,-1.93142709322,3.9046287234
2.22214055303,-1.58447648814,-1.81314700572,-0.51706211334,-3.03926363985,-0.499339263532,0.582700969942,-0.341532455449,-0.258723456796,-1.55479268027,4.28840099101
-0.748145390483,1.20671482166,-1.01685645819,-0.487971043673,0.0590449626122,-1.83278033313,-1.00911289693,0.961039020187,0.0601519602759,1.1534568797,-3.2928134163
0.442241400289,-0.537250205102,-1.84846735739,-0.00623316236663,-1.25853084392,-1.7150628554,-0.457803977981,-0.647169195558,0.0872595619444,-0.520346770032,0.379132012325
0.902925190625,1.39486514843,1.16821182792,-2.18898451441,-1.38918316316,-3.37404938757,0.452414677091,1.11704501856,-0.867852379411,3.02760308375,-1.34992685925
0.550320034399,0.481353060908,1.15676901847,0.128418102654,-0.469328474372,-0.777732393749,-1.16211656989,5.59064222027,0.616283540913,-1.70368696529,2.73133938867
-1.95323326072,-0.912914889289,0.089927979377,0.497522422343,0.165807360046,-1.08804398404,-1.33378366252,-0.600755738312,1.63037637969,0.52119724597,-2.54304177379
0.021695455948,0.880769598746,1.19171911886,1.14554964604,-0.581443068206,0.593534206406,0.484771874005,-1.84638085652,0.571666423588,2.00128604295,0.875660423521
-1.91452248034,-1.95417744498,0.637355963956,0.237781652958,0.420519289083,0.715791457759,-0.0395007425186,-1.23884078448,-1.14947671944,-0.627879702505,-0.6403360714
-1.27231094614,0.350877636898,1.51564969905,1.65530209057,0.28626022604,1.53210052978,0.761155341842,-0.254296246114,0.844008531777,1.33171016093,0.414174326755
0.38309526972,0.347563710955,0.61154531436,0.900293151301,-1.64129481992,1.05939846184,-7.13884098708,0.776585000468,-1.93862259377,-0.256928166045,3.82003565638
-0.97381035899,-0.521361175104,-2.99216423621,-4.13853923746,-1.54626029674,-3.97854399053,-0.42164438951,3.43814171191,1.33083129176,2.27119255957,-4.31843226503
-0.710810916948,0.101943985694,0.810401236928,-0.25145863881,1.12016187999,0.9562826155,0.79025731722,0.704133202922,1.56139840389,0.316688422467,0.57856330797
0.605563171169,-0.48198006028,-4.09761421082,-1.07293049856,-2.57972031635,0.804296918476,0.761795107952,0.34562524173,1.34766581923,-0.288209714034,0.0322220734124
-0.527280816893,1.36036320239,-1.21485734444,-0.927930341762,-0.549861763669,0.223643060457,-0.800119283015,-3.1382615778,1.40960311261,1.92911403815,-3.59717384196
1.03820507177,-0.943985100161,-0.532342653571,0.0824197169876,-0.920873948147,0.651846910758,0.605698748231,-0.82125999271,-0.502326991137,0.00532814404851,3.26339587966
0.583752055258,0.337197587304,-0.663104274177,1.16066978487,-1.34876760093,-1.73416418326,-0.91081195674,-0.862246200604,1.83506223161,-0.915757507104,1.45617235899
-5.0073888935,0.999123157651,2.31233321632,2.54262099161,0.486081091315,1.49592961777,-0.693622150203,-0.0522835974081,-0.988258959344,-1.90893143098,-4.04645739165
8.49000250938,0.597576064522,0.48283344084,0.745783171211,-0.758477494549,-0.834471662255,-0.0751255027798,-2.40902367584,0.0515453406183,0.103217781514,7.9661010123
0.279090192877,0.555887439388,-0.354582389485,1.46738004533,-0.553772835282,1.28163188659,0.598229523014,11.4586549691,-0.413907485398,0.330298432451,2.26647267233
0.17103069535,-0.0334027258943,-0.0394691390825,0.0668535740012,0.160071124462,-0.122754557042,0.81339564971,0.765967982041,-0.559041319448,0.0517268560428,-0.554928776017
1.38544373772,5.5729468645,-1.50842143345,-0.810450383208,1.23651879252,-0.19625234442,0.0738404269466,-0.445606100008,2.16505291384,-0.598712190748,0.343324683883
-0.778623740664,-0.696857300765,0.661124949251,-2.39015034841,-4.97405880807,6.22085230319,0.897211951867,0.0368374703273,-1.70001545371,0.23461155835,2.03638899106
0.577895395675,-1.11489687177,0.3054732027,4.37474285001,0.00140121069656,1.57795905928,-0.457925218246,2.02798656953,-0.496532815987,2.52892773015,5.55586407317
-0.333885649982,0.544575431919,0.158355142227,2.06182112504,1.22380990467,1.15147361551,-0.623125065666,3.30924669791,0.684924338617,2.35773926539,1.40698074344
0.317547890717,-0.912008754225,-2.64110620321,0.736606450416,1.49312872187,-1.39437292207,1.17255071902,0.712057775537,0.117810757549,-1.0068229611,-1.49133180192
-0.589770107153,-4.24371377578,0.75498983024,1.94489962089,1.87415146423,-0.472230032959,-0.616583574106,2.95978015216,-1.41895963175,-0.39672701865,6.74153297796
2.81619707621,-0.0411309673623,1.54512824739,-3.53165708096,-1.8397201996,1.75726766475,0.0284009381498,1.87799346642,-3.13650237926,2.76442394445,3.66400128519
-0.0250515738947,0.60400307071,-0.06598052143,2.3196841657,-0.888264068045,1.4852124787,-0.194131677847,-1.35627044739,-3.39931682576,0.149706486147,0.754593217722
0.571897830055,1.09164367306,-0.0981913957468,0.0768252519207,1.42539627177,-0.383868044213,1.61309910573,-0.247337514815,0.833264935511,-0.587240972187,-0.257343376684
1.24038211293,0.937101266847,-0.579314638702,-2.33045803944,-3.31683565447,0.20313455431,-1.20299908427,-1.26770418399,2.27784194497,1.04927347073,1.38963488323
0.324810952553,-1.53879883558,1.10288377006,-0.773675295896,0.422151861271,-3.46822151627,-2.12570714815,0.286953084122,-0.802715108586,-0.890479791437,1.72107406205
-0.823656318233,1.36123913668,-0.959542265754,-0.711649290507,1.06847969113,-1.32708937917,-0.458999605069,0.486649412876,1.09034951849,0.272460485075,-3.66096595749
0.202180336308,-0.41782994073,-0.845564704135,-0.375121082118,-0.260954078699,0.250310825056,-0.528417061065,-0.3657643187,1.02579036921,-0.686841263585,0.770305042709
0.225814000992,0.052357228672,-0.700835393586,-0.154108967807,-0.528100843123,-2.99783752851,1.24268498096,-1.26193453151,0.475636099952,0.841569444002,-1.45989252529
0.517628649962,-1.60742029517,-0.348007743905,-0.304349691342,-0.854962043912,0.185576403291,-0.26962746569,-1.68276295043,0.0499986953153,0.176956302501,3.41313832635
-5.13833822607,-2.25504250214,-1.02803040346,4.00269207192,1.41176558966,1.44090294716,0.0730536692531,2.22698450865,1.61792972314,0.893164234654,-1.62594474592
0.964704489002,1.98385511516,0.118946695193,0.151106697152,2.75844017449,-1.8626854063,-1.21734572627,-0.229541347484,0.542079779654,-1.88613460671,-0.924221606881
-1.52220761542,-0.498878378418,3.79802621881,-2.83459346411,1.69237519215,0.661684778515,1.52254887861,-1.34365081349,-0.465772253087,0.164424501075,-2.31641363109
-2.98343233963,0.362743480329,0.181874472488,0.191093082667,1.35870437449,0.123126853494,-2.27190495712,0.727465210952,0.00499654965897,2.59691220339,-4.26434712218
1.67076297952,0.324180436295,-0.711604327001,0.405505178001,-2.01600195858,-0.896386534881,0.00468848447989,3.5050070552,2.28825434907,0.0664355555776,4.253003463
-1.84002557201,1.36379855451,1.14443840427,1.02444243677,0.291622166086,-0.213361392931,-0.413504171366,1.29865591504,0.27637242055,0.656225834364,-2.00648048264
0.278759433495,0.605824917245,1.85213241199,-1.24389255363,0.386892474844,0.504922226035,1.72109323905,-1.1554966864,-0.130042434875,0.942854343467,-1.47084473989
1.07744014759,0.33218902785,-0.492446825327,-0.852839947777,-0.198586827376,0.146717068501,3.25429329761,0.928188906651,2.88707063092,-0.673530842665,1.29289413284
-6.60412428965,0.043083596921,0.519433716286,2.2317552958,-1.97851614944,0.516932377997,-2.46145427994,-2.43733877484,0.71535643831,-0.0996087955056,-4.88822297421
1.31442312137,-0.42686235548,0.416426753701,-8.62005168984,-0.563407145138,-0.322112185744,-1.02364850175,-0.86382404389,-0.88454694252,-1.10950796014,-0.0789881756757
-0.0873107967814,-1.0830757166,0.156365988278,-0.811140421648,1.57658886358,1.24456743216,1.34425780437,1.60739679114,0.154015229828,0.988341267843,1.36062355094
-5.17189699611,-3.90598732488,-6.02516724951,-0.0603156830943,1.11034736797,2.62084377951,0.738101407463,-10.3864998586,-0.105220763422,-0.618848296446,-6.30421582002
-1.98824380123,-2.30937882916,1.45528451637,-0.10117364168,-0.109624380661,-0.341779979378,-0.969805681322,-0.32569872365,-0.557200484112,0.454486431008,0.445602460184
-0.395330376461,-0.285428528465,-1.36261808795,0.337489077997,0.343596539969,-1.81730157991,1.81629754889,0.690700366421,0.743361834915,-1.826722123,-2.53234790706
1.34120499391,-1.77697988519,1.56222641264,-0.505403119557,-1.10873087773,0.239323710025,1.15021462452,0.212217135168,-1.95440632006,0.738909514838,5.2611518352
-0.911524954479,3.46794712982,0.848591785059,0.398967195267,0.429976472175,0.126070762066,-2.11292658207,1.19777309827,-0.39037503003,1.2441729464,-1.77107014794
0.634452041818,1.86527816118,-2.9028421689,-0.71761573472,-0.953527419527,1.06582182469,0.904066722548,-1.33164032678,0.0754764845711,-0.21026920325,-1.92066344225
-0.203051987284,-0.599494036216,-0.851047202416,-0.447065849942,0.971864872679,-0.539246409076,-0.643771593803,-1.09985139709,-0.74130278225,0.980134577735,-1.08005405836
-1.99396603862,-0.0618644928462,-2.65969845765,-0.161188866782,0.521109266973,0.718755247032,-0.223432245861,1.14752132201,-0.281123474865,-2.2702704269,-3.88315619596
-2.12838897088,2.08296768019,-0.772956738729,-0.903502362888,-0.058235706986,-0.459237285651,-2.19817004489,-1.79368628999,1.06201763982,1.07023060167,-5.71749312206
-2.04437378172,0.823756064831,0.626550071135,-0.586461779654,4.24546621739,1.18625123181,2.46201363202,4.4985677067,0.170159191738,0.966177158947,-5.0521308842
0.38043788431,1.45399738884,-1.06357190877,-6.34218556985,-3.01113038839,0.563569574123,0.0314949883007,-1.14860034998,-1.44849783461,2.46745626238,-3.28621147901
-1.90883255789,0.604025559492,-3.74167898105,-0.985569036848,0.539853288466,1.15894618667,-0.296694867677,0.65831266843,0.0293197547256,0.391023339492,-6.21732377343
0.772255988434,0.464206785913,-0.847070652109,-1.94718760084,0.187175632039,-0.0502863511287,-0.444845245229,0.401664316941,2.67553335266,0.039404466915,-0.197730976247
0.296137241916,0.76624413219,0.446192515347,1.68187515788,0.21228369129,-0.203420562463,-0.870542549908,1.05656049792,-1.12425972044,4.64219589256,1.08288540007
0.719818957812,0.63718930815,-0.965609894366,-0.130550506919,0.0381547400688,-0.384822419608,-0.877053425513,-4.31460444421,0.504408905977,-1.2188245568,-0.438396563248
0.226104381685,0.709792877803,2.07153074489,1.8181881677,0.818317739911,1.02986932681,3.82449371673,-2.21756499373,-1.68695973604,-0.207688017347,1.00476845862
-0.104407121168,-0.399774730236,0.332741789396,0.837598269666,-0.334787931951,0.188549036144,0.974813612512,-0.519444551008,-1.14466092,-0.100427284637,0.5467675651
-0.13273194957,-0.62615965945,0.912269344571,0.204367564045,-0.139045071842,-0.550727201421,0.979902484891,1.43563208157,0.244438450329,0.246235229906,1.43591242355
-1.11978059418,0.371087552106,-0.726681395693,-2.18474997711,-1.01853721553,-0.252803349217,0.228672412156,0.776282863692,-0.116179519408,-2.7416373353,-1.75598035034
-0.319019321575,-0.530231971955,0.0945268836345,0.480473602316,-0.0478468310306,-0.578086518389,0.165758871999,-0.174556964691,-0.115816969623,0.356632719039,-0.166396556609
2.99238245523,0.672629375701,0.643163484268,-0.273585174644,0.964553810016,-0.940184857514,0.547122445354,1.64808437466,-1.05267754499,0.867265618607,3.46770529167
-1.58577490598,1.98077558045,2.1208883583,0.616365978829,-0.524682268357,-0.196293438729,0.582708332739,0.9691896107,-0.619552647381,-0.460510315039,-2.25007296639
0.0574582887492,-1.03678012122,-0.180742974334,0.486364199508,-2.2490758778,0.48097327207,-0.059388037878,2.78585979416,-5.41395859799,-3.23338091286,2.94915103039
0.883895314918,-1.08170882093,-0.437987589841,-2.10659594716,8.62012942578,1.81377837343,0.380829928691,3.69685220672,-0.783705402181,0.432803019513,-0.930051963835
2.77377142363,-1.95349944789,-0.698437982931,-0.290253526207,0.0658014594659,0.184286228723,-0.557648954834,1.5899481536,0.75933865552,-0.0687721893816,6.94311957966
-0.987165355874,-2.82325854658,-1.4793148767,0.136241326153,-2.77700132001,-0.840185370283,-0.9099434232,-0.784299069855,1.0799629884,4.14718736671,2.03199066394
-0.929413283785,1.79516954289,3.07176646263,-0.56491742584,1.76770583024,0.888784908692,0.550575661682,-25.8864564964,-2.1770272991,0.375921868932,-3.15802198942
-0.0958324100903,-1.08940391754,-0.690355159482,0.864922294702,4.49699124056,1.70914085871,1.38485975006,0.301792871991,-2.27062880667,0.719073310216,-0.75505327374
0.967270055418,-0.511179669077,-1.43717003892,4.85294045106,-0.760101835998,0.590334970402,-1.76195054519,1.60116175666,-0.154016943426,-2.1773657059,4.84459147243
0.785527463891,0.519773762067,0.101109105209,3.26857884058,-0.132063701625,-2.7437292689,2.59011951336,-6.77751081937,0.399708120962,0.144431988609,-0.319101814737
-1.71793136899,-0.732845509642,-1.51782884802,-0.237338620214,1.06603405279,-2.60856402873,-0.564981349521,0.683629358481,-7.16232041163,-0.285575416767,-4.99413506723
1.78785185902,-2.78353313407,0.105596405929,-2.40579742026,0.373559765256,0.914012658785,4.25743201795,-1.32357068466,1.47011882832,-0.115310505769,4.70650921248
-1.23430758628,0.210326400198,-2.58152497326,-0.0919718579245,3.69526250315,1.02355563423,-0.250229199955,-0.453123506532,-0.121602166244,0.695279171999,-5.34115427236
-0.752269822918,0.558406691355,-0.938578728475,0.955481204665,0.0420620375987,-0.813093346941,0.34449671034,-0.800251379066,1.70807790451,0.3254868683,-2.58772771439
0.441323622258,-2.48785918849,2.78913420592,-0.465270269251,0.900151579473,-0.340448985794,-3.48032291738,-0.0275321194802,2.87413305414,1.14595990685,6.8831722141
-2.52118054102,3.80469833486,-1.27033391332,-0.52387982766,0.206243459524,-3.32584101541,-1.33176407762,-3.60775895057,0.66903636052,3.09026614911,-7.80608369081
3.45099953555,1.02462267627,-2.02214334509,-3.83267717362,0.563953499999,0.677652690541,-0.587768442582,-1.00509947525,0.094676574578,-0.0415373968655,-0.323491669882
1.07364125747,-1.27486532506,-1.37748202706,-0.847246884889,0.594335468326,0.124734946994,-0.537593662353,-5.64076770211,0.923405893777,3.38623445847,0.998269523216
0.0231050747975,1.94198669707,-1.04876476859,-0.648132387995,1.52982232203,0.198335688655,4.46009107018,1.64565855888,-0.207805658186,0.206973553004,-2.75493941659
0.011813856379,0.406501604272,1.13318598587,-0.713939014192,1.78341805763,-1.23078519027,-1.02748448163,0.877348756375,-0.384102988161,-0.328777537565,0.325983473133
-0.920122351069,-1.89580456952,-0.406382585979,-0.0952154669057,2.12366477269,0.193466619066,0.332635683173,-1.08118842133,0.513133136393,2.43157300625,-1.32496028494
0.139360157901,1.49308914065,-0.0950551230943,-0.0488600424842,-0.28429537657,-0.612687558841,0.502879618814,0.129590609959,0.512275526054,0.253233110048,-0.671798908605
-2.21365196189,0.324211898184,-0.134928289224,1.15690403919,-1.65440795358,0.599116218259,-0.330596448403,0.919848732442,-0.253890386071,-0.874926124851,-2.33742985735
-0.203134056586,0.324207398119,0.921982800602,1.92285616,-1.17823048721,-0.445383125475,-0.429287879765,-1.17881220422,1.33913035206,-0.986744305052,1.92990968348
0.328820257952,0.158954648223,-1.1760401952,0.252012162007,1.19976958253,-2.59075565532,4.48728238299,-1.08393501138,-0.471812417235,0.986065714171,-2.8069728033
-0.297711289015,0.192251068236,-1.38800171487,1.05840553672,-0.427768999646,-11.5497741931,-0.0213060484073,-0.850293702887,-0.754406784979,-0.0617330624108,-2.76041150015
0.992839594767,-0.233340530781,0.579361323505,-0.327521759328,3.12783431923,0.55902400864,0.194211624336,-0.694636106756,-0.592947129572,-1.43136880773,0.369788110089
-7.21743083688,-0.38648526869,1.00901714728,-0.126490508072,0.534879357576,-0.496419914323,-2.80067781759,-1.26778462268,0.363365905504,-0.861310502933,-5.70870155561
0.0934324421553,-0.062400985782,-1.04866562812,-0.441264417633,-0.34147248525,0.399860777072,-4.65288882698,0.0401820917523,-0.314463454351,0.231581139654,0.912045890945
-1.76505809712,0.799760493987,11.3293302453,0.327084037536,1.32269633732,-2.65674498885,-1.65971669314,0.173105503412,-0.203017314604,-0.375157740812,-0.172485254771
0.293439410136,-0.620998047555,0.119636775481,-0.356448799117,-0.0840651313813,1.48012698055,1.36958646313,0.716911881761,2.602630815,-0.695131685073,1.35250218276
1.37079316676,-1.05732972176,-0.0903172874587,0.653164055077,-1.41531794086,0.015135525888,-0.446175984889,1.23128961649,0.968007798183,2.50718535126,4.35390101836
0.0628512935688,1.08755863371,-0.65930645341,0.983862436961,-0.879898930042,2.52479758338,-0.84868601785,-3.98257268264,-0.833601369698,2.65380736594,0.282310421373
-0.525187492138,-1.60268175489,-3.88166358008,1.38737520883,0.0154690454263,-0.289423345389,-0.734813544379,-0.324572591437,0.121974422335,0.483810163729,-0.355687580297
-1.01903675247,2.25733569057,-2.06557522632,0.937226421146,-2.07826009494,-0.710736122414,-2.88306278516,0.615802306262,-5.55532330225,-3.0368272156,-3.3465638901
0.843021434113,0.449166586258,2.37235819157,2.67658268619,2.48888365039,0.325789336991,-0.0828231692149,-1.15012549773,2.13893666845,2.11557028934,2.58875815561
0.717619286007,-0.340082466785,-0.204776692345,-0.496936502767,-0.451564078226,-1.44293714404,-4.5460740046,-1.41584893276,-1.88539289692,-0.355728229914,2.05514798017
1.22847827168,-1.16566203645,0.505948711414,0.262208606275,0.138116084435,-0.413503567991,5.30599212398,-0.379846903948,1.5205115298,-0.664571000768,2.17468803241
0.683943491889,-1.97621844461,0.248078175391,1.39054971052,-1.30673548942,-1.64181271587,-0.578684110826,-3.98559825236,1.75914541242,-1.14571688618,5.00147294348
-0.660359418536,1.5341069884,-2.2622222705,0.00855777815948,1.04008518346,0.14953311436,0.271401149288,0.0226628374096,-0.0461425955012,-0.518641206696,-4.04800881844
-1.13937213617,-0.962677937117,0.631068543643,0.0305622523887,-2.22814342679,-0.927828268101,-0.251849691534,0.679424487356,0.820089504162,0.607500772789,0.535568453167
0.313430975388,0.158086721673,-1.19174095193,0.129546679014,-2.00448998879,1.64208823312,1.47536558357,-1.47892758654,1.04935374451,0.861567020634,0.581171781779
-0.0584540220686,-0.257904576023,-1.51243540118,0.84579851379,-0.869730674385,1.64179677929,1.4496201079,-0.513933424729,1.42284968067,2.80740572165,0.212057276782
-1.04170159423,-1.02351911179,1.84557084444,0.986215014965,-1.78738278943,-1.17163225392,-5.42731058344,4.52240513955,-0.615464030096,-0.222119974802,4.72764008216
-0.245543034662,0.228365719531,-1.31924276422,0.00609230532227,-1.37134986899,1.43713867412,-0.938831573196,-0.924417539673,-0.77249270095,-0.988149202475,-0.664280492756
-0.178847725042,-0.0111950017342,0.979145966771,-0.0178114564246,-0.130899379121,-0.714998524665,1.21824867529,-0.207806934983,-1.2034883824,0.0100891018864,-0.524068034623
2.04551474031,0.523522577113,1.2717505554,0.535218298907,-1.52672204027,-0.0651257246049,0.721096205701,0.786701752042,0.254659670523,-1.03546364897,4.73586387028
-2.18137774535,1.15093156867,0.11327852667,-0.0886716840115,0.961063670966,-0.373657595976,1.72803239768,-1.98636731208,-0.554586188702,-0.041747262307,-5.63097395119
0.0764141399854,0.760872321576,-5.4619927202,-0.961086310182,-0.272685263014,-3.62180595804,-0.500540334148,-0.00798455971395,-0.660905120667,-1.83504628768,-5.82524660342
-0.0899771261965,-1.50424651086,0.218463012771,-0.818331036228,-2.98355885215,1.17542972075,0.119575201072,-1.05810836678,0.187164325418,-2.84034585715,3.48399921254
-1.09490360856,0.602761851553,0.11402857504,0.163234434822,-2.89008501272,0.605794697395,0.778058239386,1.21987193369,-2.50941342925,0.831126438684,-1.66078608297
-0.683207150472,-0.66953810274,-1.18149584483,-0.232900573321,0.550732692058,1.22856862976,-0.717190611539,-0.0488167653205,0.832342802453,-2.28044489724,-0.68998267616
2.10801273695,0.0673126590913,-0.373208558023,-0.0820425065368,1.06490167499,-3.13935252312,-3.77467838039,-0.048550691383,-1.13543543854,-0.532208856303,2.0019579856
-0.634393451222,-2.78160892697,-0.246101102034,-1.2715887328,-8.57988226167,-0.79794733041,-1.92668531444,0.909497709184,3.89709386994,0.980565932641,4.87291434837
-0.584182945716,-5.68150255928,-0.697511792106,0.476676326987,0.463329014452,0.738337187017,0.867928851339,-1.00656797394,-2.24787995575,-0.132344153465,7.73739485396
1.05478201854,-0.581961562029,0.985002313163,-1.96033560326,0.978920462786,1.16629121378,0.710185103733,-1.83064696798,-0.14716132087,1.47797233086,1.27777427044
0.83228228493,-0.810198123609,1.00405790373,0.160584795597,0.270644175465,-1.48057068751,0.237523650148,0.0837130686589,-0.603625090822,0.314196380274,1.60250772705
-0.328453991077,0.00274568365362,-0.12193979252,-0.795114811037,-0.453470022284,-0.727633598149,-2.34294334093,-0.542660382175,1.31240651866,0.883034916968,-0.82175064452
-0.323024034264,0.311032238216,-0.442497081535,1.01530431983,-0.135894239446,-0.540904231917,0.295217586985,-1.91664303138,0.81086895273,-0.318724003339,-1.33745914012
0.218141567617,1.43757656331,-0.490315305785,-0.255434193616,0.980834182226,0.00558410307606,1.20101157201,-0.468932859935,-2.88757241097,-0.270514362251,-1.86097741654
-0.89542436113,-0.939162435836,-9.72609365002,4.29738013985,1.46068025157,0.093501241954,2.31834699014,0.861666941402,-0.0184369218867,1.45894461114,-4.38152310553
0.364746683984,-1.30240684264,0.277709670808,0.903807670945,0.322743386832,-0.258415413467,0.291926674873,3.11739031393,-0.939904327228,0.66726680882,2.94015429111
-1.24386740171,-0.0026301940477,0.0124607072766,0.730988149657,1.48345935089,0.302841268978,-2.1233303389,1.83801903425,-1.18316149178,-0.0127143831319,-1.23400716662
1.56518592578,0.744437110777,-3.57213437623,-0.99179521915,12.9660327124,0.844861027923,-1.72937608267,6.29789193108,-0.814276951838,0.0514543986524,-1.18492932935
1.41733001384,0.458794191544,0.464461857423,-0.350657477492,-0.986324157206,0.574761166334,-0.435786358315,0.725080870312,0.138034846484,-0.469789016042,2.93209845954
-0.424902434729,-0.752117438076,0.375045469398,0.371808498849,1.75680490754,-0.411546667495,-0.558788356555,1.73296843706,0.947490931416,0.138968233775,0.273587256438
-1.78283115185,-0.0480046388966,-0.271560351552,-1.48801700467,-2.15092218266,-0.215954415191,1.89726917109,0.97884416252,2.22945173217,0.154011817509,-2.53439764199
1.12402195371,-1.05798495488,-0.331198812083,-0.743205829187,0.493209855485,-1.1539763269,0.205679439509,0.932235357619,0.577808227266,-1.15503961802,2.54580642505
-0.208606117961,0.876204530034,-0.160118162891,-0.421160548065,-3.10697263901,-0.619488232955,0.468676719878,-1.91528567645,-0.274409393044,-0.0949947590671,-0.0598048037784
-0.0613797057225,-0.393554362923,1.67027189436,0.438784710568,5.04945125669,-4.23128885483,-1.74645882924,1.01145420867,0.571086597313,-1.97405202083,-1.66663775042
0.371621305593,-0.526447731175,0.203645062588,0.970689124861,1.19378644506,-0.78606784385,1.32467309295,-0.82090843572,0.728993969679,-1.20419911963,0.788304618537
7.40980226132,-0.8861150836,-3.40830798359,-1.05770570061,-0.659634706166,-0.317862184299,-0.558510351744,0.647223026629,-1.49023691318,1.24780509067,5.23951621614
-2.49611091948,1.40612145323,-0.0841575936248,-0.352097054871,0.0912162358495,1.28885340623,1.1469305357,1.17238204858,-0.324085643426,-0.0356886973669,-4.62535315543
-1.07568310769,1.60553169904,-0.61334990226,-3.77933716071,-0.0197556966785,0.329397170042,-0.692092612021,1.66267648895,-1.7717272136,0.410720336583,-5.33497567797
-1.85898086998,0.180824964245,2.75576206362,0.588183090895,0.324733011994,-1.12298090655,-1.58134263638,-0.208647993463,0.150051935186,1.44808334866,-0.773365274509
-0.497460978473,1.92002962663,0.414504705117,1.39891844672,-0.350398315545,1.54430751647,-6.69327086686,-0.697968116104,-0.540734055174,-1.19743650369,2.25888362542
-2.18182806643,1.10293341444,1.39875329437,-0.696257336755,0.134807179108,-0.923628922008,1.55699246011,-0.288069711577,-0.0526711142994,2.70514323929,-5.3379134983
0.02560590897,-1.08764136826,-1.41798164924,-1.67082562185,7.19447444277,-0.194767999817,0.0126324881299,-0.00385034702569,0.426988805295,0.0353658411402,-3.33041038793
-0.819721709565,2.15853119724,5.14334844916,5.924591419,9.31450824037,5.01013565898,0.0442668148457,-1.00280111723,-3.02704956839,3.11642681369,1.18378056754
-0.200599992291,-0.727545937839,-1.19688355097,0.287140642545,0.222595675948,0.435505078131,1.19667338841,-1.09730494704,3.35950675686,1.54703875117,-1.20949268221
2.74971115293,-0.339848871919,2.96479346068,1.70727059773,1.12734165759,0.152464931665,0.160223288179,-0.462308024452,0.0975257018231,-0.0577464358468,6.68180810191
2.82663290689,0.594899586436,0.219112656886,-0.163381792377,-0.423259927108,0.489315390675,0.368124435845,-3.9016447926,0.666401014557,-0.938843379614,4.21211963237
1.30345023334,-0.68656653337,0.251213104288,-0.217248461207,-0.688683164921,-1.24305441065,-0.885497474329,-0.559836195681,0.0657462726856,-0.227283404923,2.84585715822
2.60024327983,-0.680407806742,3.47439721233,-0.799188387018,-0.648497663429,-1.02367646736,4.52073732767,1.51550994299,-0.387319317183,0.719010370462,5.23710667101
1.13045324546,-1.50532851651,0.491825783435,0.365928874175,-1.99744946034,0.66802177541,6.50043032928,0.101662118351,-1.09078486694,0.464944603965,1.61625006576
2.51448201326,0.192177829411,-1.97468863262,0.526734387228,0.0120328601584,-0.908488746527,2.85788076401,-0.31057311591,-0.065639863234,0.844517038091,2.10677115975
0.489196859617,0.814489259958,0.371925724177,-1.15308726159,-1.20039906608,1.2409118167,0.132484491857,-1.07210378227,-0.522045690278,-2.16252054773,0.193770900573
-0.289409056096,-0.906975584804,0.158848253913,1.46639578144,3.08977558504,0.39804080832,0.0311150599971,-2.34856243366,1.31807495358,-0.0350066598025,0.343916554503
0.151650357308,-3.3976610953,-1.27879850227,0.309722641771,-1.17212619429,-1.90108177144,-0.217713260515,-0.0736989444634,1.45277007468,2.01326306379,3.9028738241
-2.28390267131,1.74020867264,-0.931673289593,-3.77304503739,0.140533694555,1.92813744255,-0.343253767246,-0.253326766324,1.43969913262,1.55669180622,-6.70798882531
-0.297207882083,-1.03008167078,-3.22972636019,0.0823008280732,0.84218095716,-1.36024233096,0.279806236097,0.31641818705,-1.30971554936,1.21993251428,-2.63550571764
-0.978362389905,2.23730586808,0.24302620292,0.464365484044,0.316959252238,-1.07415266365,-0.28284214218,-0.573373794107,-0.292428697165,-0.940515938013,-2.66210698239
0.366459802679,-0.43349064055,-0.356150249782,0.176123827688,0.343158583484,2.84078937549,-2.81671912734,-0.565377129604,-0.425458219384,-1.53970610275,2.51944099645
-0.898483970646,-1.93714251617,-1.72538916625,-0.892221799176,1.91234885939,-0.186993466176,0.36156467896,-0.802225868288,-14.5014123105,-0.534449348663,-2.26537470264
-1.22082653457,0.185082111044,-1.30271130112,-0.249663744685,-0.157195818912,-0.871633992998,1.15132529159,-0.277356751347,-0.446894843294,0.794313722688,-3.89780914117
0.0451573110254,-0.858452219384,-2.08367973284,1.43757353592,0.102272628571,-1.25396437318,0.0128183783814,-1.57987405234,0.438052394165,0.235858943642,-0.693675914942
0.655394121046,0.24299922545,3.11001916466,-0.349603691419,-0.304608029221,3.39746407459,-1.03357767557,-0.427338938354,0.598320990226,0.497913104148,5.05206920669
-1.88708255061,-0.0160502158027,-1.56705026518,-0.807636660374,-0.01980536994,-0.434969764582,1.76954423379,2.47032969245,1.29677434758,-1.1419465539,-4.484750211
1.17727105023,0.802097757778,4.62093795973,0.167128387164,0.585531174271,0.109870412781,-0.317335343489,-0.338327221784,-2.23316772231,-0.297200714357,3.96027397202
0.337457236834,5.17491331776,-4.02158662386,-1.85432277361,-0.0523244848863,-1.41041750375,0.290398536379,-0.0695134621437,0.670146671234,2.3927106733,-5.00501515128
1.08198762679,-1.70324584087,-4.55548723427,-0.86649391904,-0.875324893653,0.236971555496,0.211357623927,0.569983895018,-2.08032059384,-0.113388428071,0.379142717234
-0.76771448979,-0.663271577076,-3.08561802883,-1.39213723166,0.914839135337,0.292792385396,-0.602694077542,4.11373154968,-0.930316412803,0.394378256023,-2.95948756239
-0.199560156362,1.00175509847,-1.03575307127,-1.48638109918,-2.90272270127,-1.54875055669,-0.16685650153,-0.39647760306,-1.36005224742,-0.71869470427,-2.56248626483
0.177915386114,0.115541053153,-1.34190636023,-0.242242293792,1.51401647705,0.649796327772,-0.9455136733,-4.22915836376,-0.546603073529,0.395285717183,-2.35735161816
1.65997662017,0.462155020826,-1.55340077329,-0.0136709470875,-1.29374436448,1.35993797284,-0.713391976994,0.203072796677,0.719934816927,-1.35290829235,2.7878655256
-1.93048235148,1.00469653205,-2.21317145276,-1.02532796327,0.683271106895,1.29561644181,-0.109591638654,-2.60142594255,-0.959838470457,0.793615043924,-6.88866636354
-0.846263973983,0.286077267031,1.98932113707,-0.765787863781,-1.04611418067,1.05453820284,-0.561372121697,3.23935629194,-1.04497359543,0.12763253332,1.0243714629
0.614194722131,0.741679150611,0.395218446988,2.33448686956,1.1388782424,-0.219141116314,-0.903126395962,-0.945860647219,4.56612317429,0.481969804451,1.58917714863
-0.0442287093529,-1.59885343577,-1.47592652853,-0.406614548415,-1.18589305911,-0.463187945243,-0.451904533599,-1.57333636334,-0.772700809288,-0.923861576329,1.10215220685
0.744608108766,1.12341964255,-0.714709276759,1.27361424829,-0.356947774948,-0.571484769719,-0.504181906466,1.90820834701,-0.0127829943077,-0.507290686122,1.01645300173
2.59288751078,-1.1647862462,-0.669724478952,-0.602069120893,0.0742504250785,0.660601916446,0.456355777266,-1.08036327848,-0.00430835631937,0.326440499668,4.3570900141
-1.15548513453,1.11787315968,0.653468519924,2.07218698516,-0.0419742645783,-0.179645880333,-1.81366704118,-1.38728868226,-0.963128446174,1.12680368037,-1.45080598418
-0.346924173964,-2.18963055104,0.25104512747,-0.665911683404,-2.02023914079,7.32014013286,0.513559460339,0.701429450937,0.483848323436,-1.74215999753,5.24975479039
-0.921779263997,4.79531168672,-2.43110458693,-0.161661816351,2.146815123,-0.117204268525,-1.49849640731,-1.09347468647,-0.385709666647,0.285711640009,-4.37671214628
-0.291925214998,-0.229353786625,0.594276390346,-2.8267542078,0.856762446467,-4.63104093883,-0.760216073538,-0.0107868573247,-0.372596279504,1.18688790651,-3.51656315248
1.02542681025,1.17481900339,-2.26083605581,-0.714791249648,-0.483915145209,0.604807163774,0.707729550396,0.816870332616,-2.6923792863,0.518981902712,-0.814237699827
-0.899401530353,0.835368699648,0.420248858211,-1.49930714586,0.424041242272,0.0276548960526,1.85723978667,0.72431613929,0.0705269399833,-1.11621062296,-2.29738498116
0.0184821147673,1.91995495626,-0.971295534389,-0.866000613319,-0.256712378306,-1.78835690048,-0.347552791249,-2.64205029541,-1.44024754995,1.83759193147,-3.6171861759
2.52520755409,-0.867605928616,0.632440313398,-2.14894897963,0.375924425652,2.19002000584,-0.689020567477,-1.48033870429,-0.130199605178,-1.5091261153,5.04542019902
4.73310403055,0.318642565553,1.66506781886,-0.536382451323,-1.29815816365,-1.42808787031,0.0372754220463,-0.207993163205,-0.266454118267,2.52259459374,6.46318432141
-0.034142976685,-0.135199933289,-0.779679120882,0.0563478099553,-0.0510437908921,0.400163039835,2.94380781103,0.696614586384,-0.715873118789,-0.16260619231,-1.60516226737
-0.599744504796,-0.762762287087,-2.24182229874,-0.493487237178,0.00699399255293,-1.94260099895,0.882684513295,-15.83418307,-1.75310557032,-3.8711257693,-4.16740376769
0.458585580756,-0.986331821105,-1.08998813853,0.718938318496,-1.33408108871,-0.353778897585,-0.496939914413,-0.0186209116763,-0.651067016429,-0.70841147409,1.97273053446
-1.39901751849,0.152360951315,-2.84771111789,-0.0953953859706,0.94234161671,-0.42899164309,1.64833514752,-0.107283142069,0.874772209982,0.736967175263,-5.57278141983
-0.961364683237,-0.659479326094,1.04720351308,-0.857799719189,0.113092833105,0.837439471738,-0.483286999578,-1.96383226494,-0.474486776058,-0.475593210336,-1.08097869422
-1.12243409415,-0.863929731036,0.195331981692,0.100980437971,0.102612864566,-1.8287856912,-0.754172974079,-1.67627364871,-1.83088548857,0.88351744893,-1.65421329514
16.9973123189,-0.107213874844,-1.11492672515,0.894423905134,0.102413662041,0.389018894088,-0.527383692701,-2.96027763691,0.0294364519543,0.249326943921,7.18744218221
-0.611836567603,0.537121865492,0.745500549627,-4.0790864177,0.395055290386,-1.24486069708,-0.816719092985,-0.365633244327,-0.461574251325,0.354450458575,-4.58227437747
0.540003982352,-0.887119689164,-0.39261565615,-1.77325409888,0.307349431299,-1.16468800765,0.88873381968,-0.201866701733,-0.72228313684,-0.812115887043,-0.14034192145
-0.64183250793,-1.49394327171,-0.610712565969,-0.156405497369,1.31586597182,1.06403211067,0.851001247973,0.0293233606926,1.89082276344,-0.135209303333,-0.240234224029
-0.911305179931,-1.31469560517,-0.298396783643,2.8970442578,0.255531068722,3.48354617991,1.18675060846,-0.647881437363,0.548740208552,1.0227691256,1.85754981981
-0.330157751283,0.317815060075,-0.332554826123,1.13533274841,1.08823426982,-0.303172795134,-0.0850308393954,-1.41159721195,0.687754552645,-0.0460485088753,-1.18944110615
1.69644068482,-0.139391096885,3.08941672559,0.0426721841486,0.972514055171,-0.278228035966,-2.21255173758,1.80110664093,1.40389532123,-0.476315778336,6.02871527129
4.20737480813,0.825426628559,0.193036890213,0.42581268115,-0.554899866719,2.95649071277,-1.59194645195,-2.82374009414,-2.27403910325,-0.435961550428,6.15108004294
0.499717551424,0.781529982351,-2.11555632651,1.65445028134,-1.64026762132,0.0412654903375,-1.24560164231,0.220039790371,-0.745290731518,-0.856297707131,0.954426258821
-1.58232843573,-1.32345305018,0.7294279446,0.605288474398,-0.341758723913,-1.57711926288,-0.617260897307,-3.09025568084,0.189716128528,0.233100073614,0.0382740657895
-0.506390011153,1.68554611231,-1.58968591618,0.00104933986026,-1.06419594351,-0.20661061743,1.87965077573,0.565596540518,-0.117454454789,-0.107682236911,-2.52683200758
-0.205960623694,0.921956960002,-0.0887249363395,-1.44604414627,0.340180231463,1.03291376647,0.468111951701,-0.877833442343,0.355206304353,-0.246207423861,-1.79494716789
-0.865959728168,1.23879871136,24.6134123565,0.239734295662,1.50448604771,0.641919873295,-0.0752980086291,3.40079730915,-3.50390987891,-0.744212751691,2.41243525394
1.52513439118,-0.0134651868073,-0.815016969516,-1.16642501002,-2.66515132257,-2.45458000222,1.7097252977,0.505980891556,1.29019280623,0.100055131074,0.459141460659
-0.169867135184,0.00636466149908,-0.154911255646,1.22648839586,-0.397379139735,-1.01773987947,-0.00654640912915,0.537967117504,8.7500256967,1.75162801904,0.777150131195
0.520322837983,-0.241059115723,0.434839133387,1.11910961586,-0.117103380353,0.0136658286543,-0.722679122376,-11.9737934021,1.12160397727,-0.0605646657932,0.791946926698
0.732703961453,0.605142363663,0.633568357434,0.428473195084,0.379255343177,2.73614771625,2.00128407465,2.68418536547,-0.146121395782,-0.542097250473,3.46902430684
2.47002648565,0.973791375666,-0.203690232007,0.106365917354,0.182511012344,-7.08577246647,-0.620001612372,-0.511247734611,0.188445559783,-0.4319507191,1.21201203978
-0.159913211797,-0.104755626134,-1.20877650225,1.87314361673,-0.0655711703488,-0.798395094916,0.882050384054,0.946251435263,-0.648215270782,3.12963517944,-0.23794996169
0.690104055616,-0.297705346805,-0.700391050157,-0.330500081156,0.46757573588,0.802778991991,1.01260371142,-0.211270841031,-1.20347877269,-1.15072419648,0.898334752656
-0.00542555839522,2.99100660132,-0.815310645248,-3.47876005761,-0.525153370471,-1.60421647516,3.02357892382,-2.12065331809,-0.757714676676,-2.94877388814,-5.02735372442
0.453835127624,-3.20144607601,-2.62430876661,-0.385349290075,1.51273369902,0.527057832798,-0.532397133666,-1.53393281194,-0.921002931778,1.985749174,2.36265805974
-1.41174678747,-0.285098360858,1.40134636807,-0.0744656593076,0.474525342303,-1.7737399992,0.732646463127,-0.0609704171111,3.07801517958,-0.17307762423,-1.90643326315
-2.14055185481,-3.54600638215,0.577989614952,-0.206600712514,0.720683002174,2.38042293273,-0.0503258967104,-0.626008591661,-0.323810308529,0.108709432985,2.12840545643
-0.134964656642,0.503920303648,2.22829604734,0.388439345229,0.273951902349,-1.25796952505,-1.07465541921,1.27599716301,-1.56237020277,0.655117983171,2.03042958907
-10.6384577793,0.0699153593718,-0.0035721198329,1.85877242719,0.216441076541,-0.0735440877658,2.59405285755,-0.923788267871,0.185912235085,-0.15531206388,-7.48662651973
-0.316195974948,-0.390340670236,3.36320483837,0.423318319199,0.1634785771,-1.19434507516,0.38201676617,-1.1316837779,0.888944134719,-0.115952162599,1.69504033682
-0.119912134426,3.83774634025,-1.31485801332,1.16929299061,1.66087832877,-1.18205640628,-1.85984025762,2.81167894359,-0.674304256409,-0.482473316317,-2.09040352132
1.613370166,-0.225232538692,0.815630480357,0.294183936304,-0.344401453582,0.309784650281,-0.516838970103,3.26928032173,1.03402652489,-0.638800349171,5.00631795774
0.0480753766191,1.33232057404,-0.506251568444,0.524646165093,0.193738569307,-0.268036396649,0.795502454427,-0.318501909992,0.289559620107,1.9662109369,-1.46396278254
-0.424081661172,0.378289606243,0.86669624339,-2.24018549239,-0.578026434156,-0.222784315488,-0.679485976622,1.08045934754,-0.842115662786,-0.465743060741,-0.800543625386
-0.531867631963,-0.139448959951,0.0778619613735,0.119168341166,-2.38910422154,0.508406817303,-0.345142879751,-0.58655512952,0.782860685206,-0.815373483181,0.628412717069
-0.938691544266,-3.63221159741,1.16312492529,0.172635767388,-0.694383638827,0.661547352763,-0.804993850828,-0.179115743739,1.54488821423,-0.0649932236245,5.17000639758
-1.17728299402,-1.06583480485,5.49064170484,4.00753943787,2.99439618245,0.884267025448,0.63267825928,0.158002941379,2.03968963319,1.19154088506,5.16552158742
-0.360477188557,-0.00773094042486,0.832738744705,0.571999829849,-0.1995167472,-0.663047848379,0.146296632297,-1.65320068425,0.917822255417,-0.236082085964,0.266091825625
0.781004186849,13.0385719495,-0.962668423191,2.25292920911,-0.540661745133,-1.24268988791,-1.39887020687,0.815806497385,1.42847011646,-4.58128215742,2.82336778139
0.606525111557,0.410996103083,2.63029338815,1.35851470559,-5.29705785257,-2.06760187404,0.00180643591156,5.23507396102,0.223031856214,-1.50020775283,5.79106652733
-0.336636331584,-0.709891036339,-1.54907177504,-1.99810947556,0.959796894707,-0.158152548613,1.51906515396,-2.54848713261,1.77029321962,-0.56584814448,-3.05427357797
2.33573504867,1.177103599,-0.386428093404,1.11565556591,-4.07138835662,-3.04428101863,0.0964366031182,0.638248615158,0.232203272045,-0.479143584394,4.17853328393
1.0506231749,-2.18352850462,0.746232974921,0.521241606884,0.353543900885,-0.891242829211,-2.46651551278,1.45219567358,0.432195398378,0.513328144433,5.68318616751
1.47698679368,0.791088057216,0.424068818478,0.32784432745,-2.98921453826,0.58757439674,-1.3123484555,1.33851704805,-0.522232008602,-0.624724285405,4.69555633741
-0.374156424199,-1.59451870331,-0.129231885189,1.51217684184,-0.92800150296,0.379952566237,0.875116168118,0.321610102577,0.141406857313,-0.115486185271,1.87123715946
0.194373019685,0.465926762567,-2.16807361536,-1.97199087307,-0.715484291072,0.373361734466,0.983688453469,0.00686748579394,-1.20671746263,1.36422047967,-2.59089293395
-0.189159883796,-0.430485186457,0.778400399419,-1.67428278989,-0.941592316744,0.238850733528,-0.741542046955,0.485961631769,-0.877662172126,0.410246425821,0.99887635199
-0.812696580153,2.3854879128,-0.913366340425,-0.00422926704271,2.17378459569,0.188417793169,1.26850359836,-1.13690570242,0.496141919292,-3.30633845701,-4.38445249441
0.0595901976287,0.468905646839,-0.804013891414,0.403970838219,-0.118785363829,0.396990846718,2.03613371567,3.5741803146,-0.592333211993,0.658289378154,-0.94452872082
-0.489474893144,1.2001383862,-0.0101320223165,0.844112794802,3.9492665519,-0.214801222805,2.34778698062,-1.54962574113,-0.912572450226,-2.33746487511,-3.56721420891
2.7056192338,0.0365145960874,0.0741936606176,-0.50258403984,-0.445664355903,-0.765381197148,1.15974519923,0.128178688712,1.05295042507,-0.56280315572,4.41876200893
-1.08609485182,2.21244125957,-1.08809627521,-1.22229175365,0.0191838006477,-1.65195309606,1.17577138047,1.52280222704,0.474150982317,-1.8661424764,-5.31561791704
-0.0322933463101,1.52908758095,-0.188010436305,-2.26809205319,0.707973324252,1.1856030216,-0.130579937262,0.0181979295509,-0.133751370718,-1.29806418631,-2.52555686699
-6.56724258699,-1.68942521524,-0.364260280125,-0.462600890731,-1.93255267239,20.7114704918,0.162760087647,-0.0154550671912,1.59498254021,-0.376668773369,-3.09251647479
0.0371052351757,-1.11923549775,3.90284627755,1.32080500099,0.30307887345,2.21290741488,0.560681482296,1.25107854207,-0.604481604806,-0.296427340711,5.35717721893
-0.164982545072,-3.531066798,-0.0692721700366,0.741965973198,-0.480485403426,-2.5673438392,0.0838252981645,-2.54165034779,-2.35411538902,0.108696892171,3.55483718255
1.27022458838,1.19550346176,-1.04320573624,0.818151158603,-1.37335386109,-0.425902938171,0.877607663715,0.678239010376,-1.41962762326,1.99081167713,0.822470779571
-0.16784986708,-0.387481292137,2.71590437427,-0.485154759452,1.10295260433,-0.856563545465,-1.57719725292,-0.329785789906,0.924651374189,2.29715167102,1.26415617891
-1.12452961186,-0.412609968512,0.0495201004567,0.123151844143,0.879486022216,-2.45315361851,-0.0596846731367,-0.108132012265,0.735207496707,-2.71685822546,-2.45020856033
1.29171579026,0.357969857795,0.275591784392,-0.206965717235,0.07003491384,0.27492028714,1.65465737058,0.834943563135,-1.00507262485,-0.474821034309,1.81014964634
0.090179137481,0.524663896774,-2.03212172922,-0.827594546333,-1.20216111247,2.75024752239,0.606951456794,-4.36070107884,0.0685214666993,0.862236177159,-1.36962529495
0.223677744193,0.918575401281,-0.758001329709,0.82827460456,-1.53980961942,-1.31780387231,0.365224130872,0.378174754734,2.42376723279,-1.80256172828,-0.0846407546487
-0.884047730425,2.24178114703,0.757053768852,0.774557816036,0.622154160188,-0.21060565919,-0.382272742848,1.23032282888,-0.596559086751,2.40886040069,-2.29003799
0.96782720097,1.30649030623,-0.602972200135,0.102154982037,-2.12014090675,-0.624154295919,1.11192457694,2.06171349981,0.0254144265321,0.0501366687044,0.737327606957
-1.5298983053,-3.79026646428,1.88457909231,0.762907981613,-1.18010268811,-0.732175472436,-6.80781055079,0.983924469677,0.32793201874,-1.24497610305,6.86279634922
-1.47224379782,1.28188767002,1.08843831689,-0.7072036384,-0.180770587566,1.01262265776,-0.701529704066,0.0577667017269,-0.0900457043711,0.0504082505947,-2.1027340731
3.67684030018,1.11062754155,1.25287587164,0.458720852394,0.465691278004,-1.71081544223,2.5986583262,-1.77324105731,-0.67054234084,0.268100986592,2.53831844084
0.825794167505,1.92819830463,-0.146059523828,-0.688962719125,3.64147794433,0.614025491404,-0.106809912546,-0.206755316244,2.77301968011,0.786232442912,-0.843221785483
-1.03034732921,5.13089291146,-2.2331852939,3.45335940862,-0.170112164722,3.20397805395,-0.467294896944,-0.241098432984,0.513580549076,0.388112637557,-0.289124897741
-0.927705966837,3.61328748005,0.068428037871,-0.173962959886,-0.00109863196569,-1.14009448492,-0.363277315542,0.813436573701,-1.13363055129,0.782678713882,-3.19818457753
0.203279581765,2.67988583734,-0.813226050976,0.751820799818,-0.223415623117,1.71919198273,-0.249050830275,-1.54006830798,-0.369024481447,-1.92190596808,-0.199212353202
2.13760238045,-0.292707565807,-1.87211375047,-0.642370883991,-0.469572369411,-1.70110709859,-0.265514282195,0.440867622283,0.188243221813,-0.708974200036,1.98572410018
0.568003445636,0.957188185065,0.201582143866,0.445527647179,0.781993700492,-0.0493170609131,-0.495885382353,0.0594054272577,15.71624717,-0.465046473659,1.42198424131
-1.89145648733,-1.2010822012,-0.282948890553,1.17684147034,-2.61396467432,0.575562724821,1.06607157052,2.69827180947,-0.221688113757,0.397198778892,0.230524637782
2.03818928459,-2.06704236224,-2.75425370124,1.14846407424,-1.7651589565,-0.22866931571,-0.828715009766,0.500616547607,-0.844628800964,1.69730231613,5.17765104021
-1.6952777523,0.567742888362,0.525328917434,0.555807959266,1.27590850554,-2.02376940879,0.887532163616,0.539194885544,0.233941159415,5.29957834271,-3.95640968841
-2.39944080047,1.18501076385,-0.442686653294,3.53945378378,-0.207531736353,-0.154427713287,0.94093332134,0.523198256671,-1.71985760345,3.57050779362,-3.22650833794
1.19391540934,-0.474945462036,-0.661508878564,-0.125180166028,-0.479014825532,0.305277155916,-0.364552343828,-1.09970200561,-4.3679585713,1.87207768373,1.60425469215
-1.08151545827,0.144528847856,3.46982150239,-0.933676969938,0.150787732787,-0.0666095469743,-2.3325546658,-1.07510237298,1.46050592634,-0.224586981405,0.286157088477
-0.160895362906,-0.414754047981,-0.549082051115,0.167386800312,1.23603115219,3.01101332908,0.372783444587,0.191934644696,0.197386520332,0.0246406963347,0.506882910043
0.403855173763,0.459836227717,-1.72432325469,1.32764590139,1.52330981205,-0.225301049118,-0.358850412545,-2.47480880008,1.3079963406,-1.45587166745,-0.312640758961
-0.494870954831,1.04027645045,1.34813965324,-0.124794063954,0.422843343664,0.998931383716,0.174994796594,2.27824714526,1.37269614527,-1.00487443261,-0.443809111598
0.188958249656,0.146572312174,3.63610212411,-1.46694115978,0.381419748088,-1.32369413249,-0.0418137940549,-0.701422971039,0.230054601567,0.142950579562,1.16091447851
0.171666444654,-1.32567667788,-0.716352406243,0.527397627829,-0.325887437713,-0.0600063898306,1.14318684079,0.839358857659,1.77201882618,-0.0906949231573,1.8076622034
0.274925531382,-1.75041084039,0.210300074114,0.22742050407,-2.67485960652,3.21179830767,1.22438942843,0.592666182799,3.04919886207,-1.14856751985,4.8598757515
-0.418368512178,-0.848976587466,0.401274287986,0.54955294821,-1.61360966415,1.8319822733,-0.516040587454,1.91308775571,-1.7781477962,2.4208596024,1.90205763566
-0.697639418387,0.298019232173,-0.194952884302,-0.1739704154,4.6969305517,0.620980518575,-0.68417666209,0.384709451711,0.211567707167,0.624550011416,-2.5563340412
-1.38699275708,0.0356641112184,-0.436593780693,-0.00466972569493,-0.370517325717,0.386736213522,0.0585634076534,-0.649781105659,1.9453581385,0.542974367192,-2.29573401788
-0.240471545806,1.06735100461,-0.141044747215,0.244208074188,-1.86249919585,-0.00908562757431,0.697952285545,-1.50548360372,0.492513572907,-0.147139294319,-0.872897125294
3.60414624588,1.48327164642,-8.10228328044,-0.231317221033,1.55056996128,0.465265137058,0.527265899056,-0.574882793626,2.0359982423,-0.993483470915,-1.48770484985
0.500549716389,0.478670910648,1.36333503468,0.140339115119,0.465356457128,9.93482856025,0.575064149025,-0.883293866054,0.746001670695,0.067713628086,3.95488865258
-1.17624893721,0.191497982566,-0.274604968454,0.0861475686069,-0.869732993427,-0.0671661910353,-1.6436419568,0.691721705321,0.876909068775,1.65083022778,-1.29750665165
-1.44008158899,0.178293816813,0.320596921238,-0.744919435982,-2.22877349813,0.23679224886,0.068273285268,0.0163539207329,-1.55049661257,0.387021963895,-2.67659819975
-0.782680647973,-1.78035829913,-0.949739867384,-0.223051253222,0.852960906712,0.215506790384,-0.616635660278,1.52858339782,0.0766857790224,2.2151948258,-1.08829939307
0.137074188079,-1.49296382962,0.986901846899,-0.621541492421,1.34166807857,0.946334662516,0.101090985665,-0.140875427724,-0.689268793168,-2.09745235735,2.84716557454
-0.00920342429741,-0.606696813233,1.0889081518,-4.29451410639,0.845052333973,-0.634725085614,1.43049422932,-0.871869086299,-0.406295803447,-0.335086695196,-2.30511792901
-2.59475422538,0.308603131644,0.820202228327,0.883933552939,1.92890437126,0.572380259206,-0.279350949167,-0.651558930467,4.01355457127,-0.887188077463,-3.34038464372
-0.49103643546,0.0650010069535,-0.0807767299907,-1.63164812347,-1.4788999906,-2.1853247402,-2.46918431448,2.28686893546,-0.511653417901,-0.0305446312927,-1.2054811754
-1.16894324238,0.31811624827,-0.518419372469,-4.75557901938,-0.40813157029,-5.20510613409,-0.0220697863918,-0.654216278919,-2.83003078289,-1.39152263171,-7.77943660823
-0.925061728894,-0.552479037273,0.0423316980789,-1.16408853179,0.951153613858,3.23423011856,-1.19682025257,0.953384213634,2.33445493137,-1.04459200236,0.42902003466
0.673801949105,-0.845309828184,-3.09740127732,-3.31074946361,-0.557078013242,-0.665158891156,0.0552242018365,-2.01059857675,1.85331493831,-0.0563865029207,-1.96202615782
-0.477791909209,3.34910684757,0.468450541937,-0.806979024853,-0.0543433454988,3.10400204018,-0.0504100374564,-1.91180485069,-0.219336936701,-2.5556035559,-1.23170790411
0.675467552003,-0.348685441214,0.875588279958,0.767975917128,0.117815036235,1.12481454273,-1.07445754907,-0.570114167615,0.201768065318,1.89103401394,2.459940746
-2.54508024313,-1.3431337792,-1.22354083808,2.90488102211,0.896915657479,0.165260658427,-0.862609480527,0.377825301711,0.18000095357,0.00803845016042,-1.90792283035
-0.283318485025,-0.412385714977,-0.0328309352341,-0.679682578104,-0.172865564511,-0.47752473838,-2.13932847486,-2.59371740529,3.18941131225,1.01821187094,-0.839765480556
-0.971157139342,-0.0517369153071,0.420344742467,-0.246992337844,1.07623142209,-1.07864546841,0.226552568135,1.85988704392,-2.11825457432,3.00066725863,-1.9181377986
0.894545897097,1.34751781682,-0.120726009619,-1.39314023585,-1.10459101242,-0.821135506798,-0.680800655169,1.0446146947,0.716520380741,1.17659763315,0.361759316668
-1.38468643871,5.9842000294,2.0818549578,-1.37933222586,-0.31304660888,-0.227656712103,1.49450018668,-0.532417559923,0.0906318598448,-1.24462292732,-1.67687839164
0.744115921915,-0.75489384271,-0.557777332698,-0.283541708682,-0.412056436384,0.114056456889,0.830627354834,1.43482208211,-0.396412571732,-0.626296202888,2.22944187552
0.25190362119,-2.05142512163,0.180295510803,-2.12302321027,0.509226423715,1.36184434257,0.104059524207,2.20938397862,-0.310699611988,-0.855625007714,1.86988380859
0.292839892507,-1.47763965623,-0.783802919343,-1.69740004728,-0.380797755804,0.609024924338,0.556213887324,1.12341127246,-0.882939495089,2.01313655317,0.698805935232
0.912778949044,-1.14585250572,-2.28003163628,-0.492064657887,1.27074145078,-1.9999618359,0.487422818553,-0.911946892733,-0.29464830138,0.171042862592,-0.510710689853
-0.423048556105,-0.482846113074,-0.26279693836,-1.47912915045,2.13555727849,0.0186810532757,-5.91477252712,-0.0301501054916,2.89358180372,-0.768216646889,0.356395715191
2.66110872497,-0.286270080273,0.225058981557,0.67952571724,2.7876989302,-0.0108441007149,-1.52133318013,-0.160741312347,0.235991392259,2.04533574421,3.99032610072
3.81819540453,-0.52395926312,0.545735652419,-2.63533450995,0.609527752201,-7.13184730845,-1.29055682142,-0.182548946016,0.606663959391,-2.21499176754,2.93417835932
1.00840583534,-0.566170506443,-0.451831072112,0.106676875453,-1.99086742966,-0.986621427485,-0.789952106011,0.896206715595,0.383877778353,1.24074609622,3.10424199922
-0.160375923604,0.310666766411,0.105235008514,3.03837035065,2.69506930564,0.0429849886856,-0.18347069677,-0.0798065049691,0.0518172406272,-2.96910663119,0.141114697012
-0.933486474971,-0.471790276356,-1.01473790239,-1.13059658652,0.663069063463,-0.666404300203,-0.456472388617,0.669673144138,1.35597904668,0.5773934598,-2.33777863833
-0.957697109222,-0.43416666438,0.34702176601,1.48798485993,1.66212071675,1.2215049466,3.37704425482,1.46205112075,0.735087960334,-0.681807239743,-1.21944786627
-2.60277011048,3.56641944167,-0.814497923233,0.203952221407,0.902694894082,0.246083961793,1.03169286025,1.90719309506,-0.432039148266,1.8263352512,-6.0965622888
0.118982507539,1.64098312685,0.847479979004,0.933558757964,0.613589973722,1.78989351119,-2.3246507208,0.844170272165,-0.169108032518,0.566963276409,1.38723641243
-0.56281461426,-0.521335696437,-1.70032765112,7.32104175983,-0.42059244469,1.7392394909,-0.096463661718,-1.03624653233,-2.44342682863,0.372213229981,1.27371784348
3.3932265632,2.73216889896,-0.832011627801,2.72926522783,-0.485378932602,1.68415195272,1.13685843896,-1.67804015963,-4.80687326025,-0.45590918126,3.68249907658
-0.946566150601,-0.99790357789,1.47321423877,-2.4047648692,0.391151244229,0.217280912505,-0.167512176522,-0.429484056349,0.778652839609,-0.732951790285,-1.52343765491
0.435515489074,1.21444155752,0.909706822544,0.874897938816,0.0561800489589,0.567916591928,-0.480598473062,-2.60466859711,6.33422571363,-0.721781176538,1.52669907734
-1.36396244165,-1.48620698623,0.628851168235,-1.63189751518,1.7144472267,-1.69744191293,1.56409833439,-0.157005832384,0.663902371094,-0.0388032182144,-2.99327306865
-0.0980283197448,1.76039942875,-0.10512864146,1.41558589282,-0.62599045141,2.78085188577,-0.721834350582,-2.38125819801,0.897609394909,1.96788954667,0.196287016692
0.534409208945,-2.25105559413,-0.69609477613,1.22306141385,-0.0603016891968,-0.661972630871,-0.164338152321,0.274828952832,0.116651401794,1.0731294606,2.92483620422
-2.83980512781,0.190211666963,0.353246491044,-0.687597011147,0.949327002453,2.53681344387,-1.62203013392,1.52361261968,1.0751010025,-5.04598028962,-2.29637654968
2.69872422889,-0.59194147822,2.17618875646,0.822016859334,0.914075209168,-0.4792337048,0.454514768667,-0.0131925930081,-0.833258890013,0.690480103102,5.85644914944
-0.0195216892119,1.21786817028,-0.959565326412,0.716284586615,0.606145966556,-1.24800068415,-1.1576413866,-0.229608694116,1.1036830615,0.557579422665,-1.00520903969
1.67845544324,0.777951890156,-1.10967262223,-1.28959064708,-0.625315131989,-0.575848342896,-0.0701088087912,2.17704201686,1.77368591757,0.397300650598,1.62379593161
-1.00272260416,-0.448155851606,-1.541590974,4.34740979067,-0.376469759328,-4.17352514875,0.808139053572,0.254180152359,1.71606284777,0.0576982657549,-0.41324732506
-2.17190823833,0.106451118667,-0.63786149214,-0.269814413909,2.04654064892,-2.37675126071,0.345459112589,-2.68948465072,0.448920837329,-0.789118056937,-5.3788376368
1.71383946167,-0.672902882279,1.16764726056,0.0419418470096,-0.211910679306,-0.13028848088,-2.20213844221,-1.57102886465,-1.59598542858,0.635516339747,4.51815123944
-1.02267845135,0.139747604913,-0.495668010637,2.77094554076,-1.4471692908,1.46093631637,0.714920030014,3.55870035834,-0.593227447266,0.392027062343,0.779761165515
-1.12588676727,-0.839173997686,-1.27821118761,-0.866347939393,-0.836869511646,0.397007918662,0.167190463313,-0.42572704307,-1.13642730724,-2.02098156101,-1.55841043262
1.44141714413,0.0332510576044,2.64803421182,0.677644051173,-0.115097383564,-0.401410788404,1.22064147598,-0.16349322902,-0.0660508984786,1.00875569222,3.79201179485
0.452139812158,-1.31020529881,0.338105993113,-0.606203590697,-0.123751756707,0.18038052662,-0.818138284227,0.343106503987,0.0953396455007,-0.434904125617,2.79330150435
-1.02916069302,0.926889950095,-0.716582574233,-0.622242372334,1.01109242842,0.137538433612,0.368352272412,-0.363985466921,0.0524377707778,0.47030412272,-4.30971820066
1.94894363192,0.792737134265,-1.31960369424,-0.437993107987,-0.824318754032,-2.43147234227,1.07835741239,0.648921586171,0.186401962131,-1.31482632849,2.06912293215
0.991468985713,0.673040560749,1.05013674684,0.607377538712,-0.126936072438,1.7368387328,0.918112410355,2.41978286805,2.36972229983,2.78626065776,2.86650548453
1.12963150584,0.92126650624,-0.722134013196,0.908993131931,-3.93253156193,3.90884059062,0.439748287373,-0.954825644475,-1.38874399157,0.802829884666,3.08214948351
-1.36941986275,-4.33488551022,-0.86319153711,-1.06724952522,-0.309253832079,2.37410967427,-2.27576328709,1.53979561072,1.73991808092,-1.09127876006,5.86055486775
-0.677225544115,-6.73256091257,-0.0926489086703,0.974945990584,2.47520029015,-1.19303938283,2.32947798459,1.27249695078,-0.478927962915,1.39928018176,8.70123375316
1.23854789103,-0.459765346983,0.456499561558,-2.56583802495,-0.0926528237627,0.823161328292,6.15264515337,1.5677262498,-0.295870875929,-2.80414128038,1.4226822721
-1.05054686419,2.57319353546,-0.777642503676,1.32405422017,2.14521427876,1.03231090786,-0.802841821064,2.15290384528,2.68650639464,0.0799521001385,-2.44479098248
0.56787717291,0.956283451866,-1.34237698268,1.73514382294,-0.0179566167101,-2.32549444295,-0.14698745223,-4.53152410209,-1.00140121565,0.221762632427,-1.38952847155
-0.731552064444,-0.765411433387,0.0889598850109,-1.09914998219,2.38801769083,1.53296721434,-0.114282478511,-0.169011773703,-0.758849284348,-0.30446705177,-1.31939627217
-0.179261698235,0.241616617248,-0.946461723917,-0.815795294983,-1.20301738198,0.723096591889,-21.4899147538,-0.117713924968,2.54320256448,-0.50510712862,1.49172092064
0.338054498295,-1.2320974432,-1.10326919265,1.71501297412,-0.461616644976,0.45492199484,0.815486071163,1.30460692777,-0.395465451072,-0.20811569664,1.78915374274
0.4962268393,-1.52599720444,1.57463624408,0.99305992647,0.625093847242,-0.102955915279,-0.26817007859,-0.750920200052,0.314778182114,-4.0077841921,4.55333113265
0.0429419417816,0.66912888476,2.42479733605,1.59321902948,-0.213976014001,1.28013011568,0.0869578389867,-0.0695867490871,-0.628891525408,0.484198479764,1.75550416587
-0.26849119459,-0.40849146098,1.28326568809,0.430033308263,0.457759155515,-0.176358186179,-9.54905731239,-2.78796351596,2.46567709192,1.50408307766,2.71719777844
-0.200420495768,-1.42382138282,-0.492252598745,-0.534979894197,-0.587346509076,0.0939329484728,-0.990297512527,-0.592079223297,0.356269745192,-1.21129517676,1.83222217393
-0.614959593172,-0.155215196769,-0.042082175505,0.58339974761,-0.981600625914,0.11433935939,1.85376429765,-0.148772736525,-0.323505462381,-1.23222775618,0.0476967615042
1.18706022397,-1.23411840333,-0.917327557869,0.410841009322,0.738814566027,3.82029852903,-1.06192826446,0.788835204728,0.209879622637,2.03312326183,3.86069714253
0.351369199812,-0.372561996444,4.3313870358,4.22121879947,0.825819126849,1.83695569795,-1.78287063832,-0.406880424793,-0.787886757873,-1.0981367573,6.78390836291
-0.701502541032,-0.149354224671,-1.22053682873,0.283670236626,1.84610403919,0.139936975723,-1.55751628088,-0.494567722187,0.746833498224,-0.942951370398,-1.58433444434
-0.0770511310674,0.702983535277,1.21562836238,0.50951273198,-0.616186256472,0.688517565725,-0.480853823886,0.414553531374,0.641848459476,-3.00300791403,1.82649471535
1.0868558165,-3.99063715361,0.46933322127,0.0322215433865,-0.62973113392,0.465026150312,2.0367794421,-2.28904665276,0.962284639594,-1.55994891952,7.86572478002
-0.576625347643,-0.347084328155,0.762367124325,0.321431924192,7.406629399,0.600531267223,1.23859704787,0.363806327821,0.590288252138,0.0394650988375,-1.58434865288
-0.708156608617,-1.66995969775,1.00857569171,0.615732653986,-1.95152315234,0.133291354929,-1.08524037524,2.16508695044,0.621699270675,-0.615864515168,3.2006632256
-1.57553840599,0.0152430384452,-0.446946199337,6.2256630008,-4.49793024104,-2.01382888947,-3.034529757,0.971783043211,0.217943327639,-0.150460566779,2.41945650487
-4.75509504889,-1.33184415103,-5.24137641217,0.817439755294,0.701619595329,1.48886236307,0.280482410618,-0.684450022652,0.926684861814,0.138246256588,-7.44232459315
0.991551240187,-0.233014454557,0.902571694349,1.86495666637,1.78722979475,-5.14606061749,0.343538980729,1.52651476017,1.17150186842,-0.0494653694433,1.6010062698
-4.67837255901,1.28194971915,0.618967697998,0.695549878355,-0.716456335733,-0.515529459426,0.516400927197,0.166891290055,-1.35360427154,-0.139138644363,-5.82693392522
-0.509412458202,1.16011121411,-3.6513670135,-0.0128791664801,0.468345454633,2.7484225352,0.0100609374921,-0.704556122522,-2.15613810199,2.73880428921,-4.86055395723
0.505827452755,1.82359365863,-0.961522193499,0.267934483277,1.89102536552,-0.394546496251,3.62810092925,1.01587137072,0.84955289816,-0.199571291356,-1.48382264959
-3.96735166034,-0.309645836248,0.270013834538,-0.253149237183,-1.85989237516,0.183850451781,-0.926790464724,-0.670757178565,-0.858931536409,-1.07111966516,-4.49017747025
3.28270179066,0.0265540362154,-0.144350263175,-2.86854083974,-1.01354294678,3.4275835952,0.651631041901,1.03647735217,-0.650009300641,-2.36589207816,5.13181161095
3.22318901857,0.606515799419,2.99716076589,1.44810743141,-1.39743311719,0.268169098595,0.466763019286,1.13863637097,0.505120939084,-1.77553113633,7.57788532568
0.0159515518732,1.17531006216,-0.411501562175,-0.521030355859,0.389168998403,-1.49583857101,-0.326197974549,1.34798165356,2.18231410255,1.80607734792,-0.762748047787
0.810822505551,-1.58308858706,1.84515670356,6.22837790567,-2.44652549116,-0.614241916703,-0.0742715323729,0.362766161383,-0.156943192334,-0.257130001739,8.87500654814
-0.466109972334,-0.0417384927815,1.5237957383,0.64264048758,-2.18321869136,1.7485364279,1.38501955669,-0.273447925343,-1.21809463467,3.3665571662,1.74121695576
-1.88933769616,-0.497579503448,-0.457420070684,0.795818074903,1.37451386507,0.976022962383,-0.2170013677,-0.657683707145,-0.627629955711,-0.187237664862,-2.60383905884
5.47899403469,0.63640424198,0.890150175197,-1.07539351359,-0.580499381279,1.78196294771,-0.759057467964,1.42231541774,0.72899415007,2.23019574607,7.25725342576
6.63737146445,0.89947101787,2.17561647491,0.994968197983,-0.140361712081,-1.40864917175,-0.662027782493,-0.142217424963,-0.697197673402,-0.0929487116143,8.81121553348
-0.718592573979,-0.33502131922,2.18649565209,0.912356095878,0.541643269562,0.0312343876597,0.575347219942,2.08626203772,-0.386961560026,0.677482534796,0.598053213056
23.8191261821,0.0541733828571,-0.128521809251,0.680542410262,1.18779665302,-1.81536827227,-0.796899055902,0.769610622748,2.15768732235,-7.32566029839,7.82289158019
0.0131710874488,1.15872480723,-0.484487202436,0.38559617857,2.34235635911,-0.574289344549,-0.869136142283,-1.17930948649,0.289439285743,1.59791826252,-1.28907387068
-0.375429300535,-1.62229047927,-0.432468300468,-0.438016817104,-0.343889165175,-1.01885870084,1.56196339051,2.48063207012,1.76291600963,-0.0548610184096,1.27036080454
-4.55098677284,3.89055881716,1.10381957062,-2.64150051519,-0.817232076947,-0.429582887637,0.249107616113,-2.05866011321,-0.410158538843,-0.927487322511,-8.11866413672
0.846427959644,1.12086914685,-5.11079232345,-0.697695809459,2.21072530003,0.185907491779,0.39484039804,1.10979273207,0.611374232065,-0.679556067579,-2.82237457271
-1.83352838877,0.13453584274,0.0293123407454,0.752765702594,-1.46349922916,0.29437656701,1.16823271655,1.39058621886,1.47598457211,-1.05913811132,-2.04656975507
0.323443850463,-0.301506457031,0.841672990611,-1.49292915735,-0.0116183323898,1.49555763892,-1.1611157783,-2.73288854703,-0.459502102275,0.377246894369,0.997834943849
0.310790606832,0.139047674204,-0.924512361813,-0.352909504391,-1.21219456151,3.44016761754,0.064069887111,1.43133439606,0.937800172306,-0.521028574463,1.30910369608
0.0255491510923,-0.532111800076,-0.544371796414,1.43269523186,0.971461729834,-0.412685637463,-0.786626929486,-1.24934512041,1.36378807267,0.8050564607,0.63872779089
0.273456093861,-2.1568526581,-0.48787959748,-0.0469318831636,1.04253731956,0.370742021672,1.22759036821,-0.0449957002973,-0.309175167114,1.45884724176,2.03761829384
-0.355891107217,-0.963246423225,-0.981466510625,-0.584870983253,0.396524388926,-0.471743805778,-0.21322248133,-5.95852410914,3.05743376309,0.0438247891661,-1.14056475677
-0.0425758431045,0.387547117009,-0.553706957401,1.0080396251,-4.22955641705,-0.856748741084,-2.58875501841,2.88025799918,-4.41476846321,-4.7197036017,2.56417027345
-0.939566494801,-0.512163197533,0.0268403093513,0.81894749558,-1.5680777679,-1.89472063112,0.21751742819,1.29025189793,0.725883578465,1.76638692401,0.420974882637
3.81828089828,-1.58878918064,0.895274031482,0.325175053822,0.0759491467029,-0.612356006427,-0.12975296238,0.121268180743,0.263507172905,0.979229392501,7.86954455425
-1.04501394735,0.204306786649,1.18296251394,2.10956933377,-1.66449411029,-0.415753797734,-0.786116254059,-0.729195475478,0.484145817957,-1.32812920209,1.35709952336
0.0379442500841,0.972717223894,1.33633451987,-1.09862415049,2.61830498534,0.399101205871,-0.178151370294,-0.659088699224,-1.463348579,1.09055067761,-2.6099040259
1.7318902386,-1.54696313331,0.266911094718,-1.87588770477,1.77511744295,1.72489544562,-0.543238120705,0.860156543386,-0.199230446016,3.309980173,3.35385424983
-0.0217946302242,1.5066675742,2.01662690134,1.03469388353,1.26903436963,0.504436118428,0.256182524308,-0.840240402023,0.367353529179,1.68153507623,1.48715190512
-0.614107978827,-0.50718491857,-3.0367570034,-0.419438804702,-0.727793744586,1.05865399567,1.56411668522,4.47600457535,0.927383615225,-0.0366728335511,-1.78405402731
0.623111636862,1.57322798704,-0.398540727813,0.279788207187,-0.26629056441,-0.0181986372454,3.20131062867,0.318249158586,-0.317145396647,0.98408336371,-0.279300222474
-1.06391226028,-0.18986737375,-0.901980192211,-0.93957596345,0.119880532244,1.03248788096,0.0842873419822,-0.0379300994728,0.725146170969,-1.53490276336,-1.9232699657
-0.979660187974,-0.240695503385,-0.255526289251,0.811998046947,-1.50038454364,0.42691980315,0.926241143534,2.04919819786,-2.01207751193,0.287679360595,-1.85035145191
-1.5132046187,0.468251356516,1.92049177675,-2.336317572,-0.225708972203,-0.196642231556,-0.266871714531,0.774267502832,-0.56054488033,2.67157283132,-3.10052845722
-0.852073779834,0.205077696103,0.613728168122,3.45102657844,0.146375945526,-4.25776654087,-0.235464441217,-0.775977108678,-0.668349173807,-0.332386078028,-1.11878126165
0.406851247907,2.44634241439,2.75713813327,-1.11743559954,1.49071676556,0.492840513818,-2.55970930104,0.0431741872318,-1.44116417911,-2.48340576924,1.60958965517
-0.106549305593,-2.03985400215,-4.59115597189,-0.932580967329,-0.525508267499,-0.381944162409,-3.86483404509,0.228453790416,-0.799984542822,-0.0471420779396,0.159002178033
0.470815873734,-0.33105837799,-1.36480857516,0.203815801349,3.40034541193,0.430068754703,-2.12706538747,-1.08900228465,-0.22458937701,-1.25998120106,-1.12272846477
-0.305920106519,-0.445709487954,2.92114038258,0.363648384039,3.86967128464,-3.17241045815,-0.025049218063,0.0568125174795,0.466054648175,-1.41379870468,0.0206832250597
-0.618182670393,-1.11724821025,0.37996053981,-0.276262760378,-0.46104357793,1.40207044212,-1.13413647524,-0.38359323051,-0.12257470499,0.450829119608,1.48239634255
0.782549740722,-5.72275595379,-1.32951602853,0.562365511726,-0.588852404394,0.139325989015,1.23090228683,-0.973741495179,0.597465481075,-0.285008800744,10.180541282
1.07199806498,1.63107336689,0.0321508612361,2.38326137879,0.982480781423,1.31138057058,-0.141558116114,-3.43336954135,-1.62336142473,1.58751008165,1.09416269342
0.831400328832,-0.628396096954,0.259040516514,1.89848575901,-1.21740808902,-0.83455390123,0.033791198413,-0.0237842560059,0.90153473883,1.54457869291,3.17955568868
-1.40800764553,-0.110102301076,0.933235302086,0.915457800739,0.973154442308,0.498121562694,1.12823789449,0.382345694713,3.87651468096,0.486139363763,-0.491054151866
0.0364935030586,-2.1016749137,-8.24847064166,0.435540905552,0.825146511786,0.121994487043,0.559859017036,0.954875778152,1.1734453148,1.3070660514,-2.45350609607
0.362941758868,-0.360343734322,0.0941612694407,-1.79152245081,-0.189091100017,-0.000466054192728,-1.74960114948,2.59665929652,0.445774093523,-0.774310905628,0.924854529003
1.15088699218,0.334435047961,-0.500312567757,-1.55752082154,0.166445193267,2.49613931546,0.861475786084,-0.982913013301,-0.528487136064,-2.87269792829,1.51922001423
-1.42954749228,-0.119499606615,1.89328536682,-0.657056226139,0.651561653811,0.820699589087,-0.193598018985,0.0564966560498,0.940034606621,0.0463910416519,-1.3533581029
0.584483662408,-0.0639618463322,0.477637653513,-1.61340522011,-2.18892982492,3.1784955567,0.465797142284,0.143691009473,0.057536673372,-0.5824971729,2.45261227699
0.65797228663,-0.241269964445,-1.90463432736,0.169948603022,-0.561745381329,0.812201146405,2.03698766148,-1.09255876855,-1.57056960138,-4.73435734567,0.612312797055
0.871089887855,-3.30043087696,1.30477763767,-0.183193847363,1.86784386998,2.40287034081,0.392138848323,-1.0906049325,0.228336137332,1.66209637533,6.5343478274
2.09380633423,-1.26293850806,-1.620395037,-0.907026878023,-0.91034770488,1.71433725682,-2.21099643243,-0.0146908699538,-0.646401384537,0.541710425201,4.60547073012
2.09809984509,-0.905084849772,-1.30801589166,0.285797452333,0.421484391126,-0.628598972249,0.599284951103,0.374842205281,-0.503745320116,-0.102433328735,3.11184836706
-0.410072384872,-4.20051707332,1.63494254878,-0.169934415477,0.782942469996,-0.645836370217,-0.193975774205,-0.0820972640077,-0.660245030298,-0.282022926172,6.74064569694
-0.338558185827,-0.921212750916,-0.596872193088,0.669713000926,0.935274375251,0.0228216132303,-0.149045547822,0.596675031007,0.251397400477,5.04479073999,0.24885789242
-0.178836480423,2.20642840835,-7.46224649999,-0.255095008475,0.000672622285485,-2.97787140472,1.15820526984,0.735249717445,0.433503671122,0.901463406612,-6.66124188429
-0.84104180997,0.323694657127,1.08971183476,-0.737397951362,0.141695844076,-0.425502708999,-0.260705840311,0.658182139866,-0.110622368236,-0.752287727474,-1.6430670941
-0.709771510173,2.74697829327,-2.33935803139,0.357053188448,0.983764373636,-7.38702715216,0.0703159024093,-0.792683241959,-0.29661442487,-0.409881731822,-6.83100712253
-1.0508716827,0.695323210396,-0.751552918219,0.178776167504,-1.67620539877,0.150525485832,-1.74930099588,-0.699824121165,0.0301747863373,-0.482048701557,-1.99481654469
4.83089359818,-0.44415001391,2.06436693976,-2.16764628773,0.385840104345,1.12289341019,0.971858925911,1.01668310846,0.146068569328,-0.523899338228,7.34882405294
0.21145785386,0.645683217775,-0.459632599284,0.0571338401884,-1.65400653302,0.743212327368,-0.021275902363,0.435255556812,-0.622362639129,1.13777554287,1.0253521492
1.36191222117,-0.837150065054,-0.310128948742,-0.975635780711,-1.47875807801,0.473772687174,1.93468066297,0.528295570826,1.69029432816,1.58552669572,3.0341856239
-1.17683977132,-0.174799715581,-0.501035674932,0.452944568056,0.5710901503,-0.394727425201,1.97675125218,1.02071920257,-0.394163966042,-2.58889144893,-2.47968622169
-0.322159022322,-0.907016640007,-2.35389507955,-1.08353368227,0.766795938876,0.175702418683,-0.879041694113,-0.463149535708,-0.196482994217,4.35511232529,-2.51185172037
-1.87794469642,0.964147324655,-0.0298394123977,0.115264641089,5.53902596947,-1.9386271694,-0.555247632382,0.0941053517834,1.35021972198,-0.250452213853,-5.79871612347
1.41420945989,0.13088677823,1.23451876942,1.15337793429,-0.52719935232,-2.28334220032,-1.66152117013,2.90137905801,-2.22605802359,0.757312646279,4.30865037338
-0.518918736713,0.435999353426,-4.11290896688,0.236350831482,-0.303916580266,-0.884808130245,-0.244871613168,0.0230395160413,-3.34628706849,-1.33090115116,-4.03499820326
-1.28930470077,0.143743222215,0.15623148685,0.653861828966,1.29272141428,0.024390445128,-0.715351839493,-0.16463037388,-0.406403367888,-2.14746377005,-1.85935382367
-1.72327158824,-0.402545623692,-0.181226129902,-0.347633495428,2.56207466377,-3.47868826169,1.7168841968,-0.112353646715,1.7355321472,-0.279465774625,-5.04340325012
-0.0819190311427,1.23018676823,-0.367972220575,0.421517618459,-0.178597135939,-0.729940015831,-0.148168153824,1.36608933382,0.577809133699,-0.63865285851,-1.62153794525
-0.435375053257,1.6608999522,0.586177897651,0.221528387021,2.43649222633,0.0507907993056,-1.45145878721,-1.17970451547,-0.159966374161,-0.814521106107,-1.84835038269
1.76254969385,-0.171690416541,0.361862698399,0.915708930714,-0.417683848856,1.33550145876,0.678362016951,5.62797401586,-1.2778419451,-1.25477562494,3.88885693131
3.52596057759,0.720112095608,-0.735127023784,0.0816835367929,0.587721729141,0.391067816346,-0.346373233758,0.00721885788053,-0.55300385252,-1.12800700849,3.73742955548
-2.28781833995,0.462532650679,-1.00820176245,0.466065804727,-2.50152005784,3.10232341217,-0.175185305453,-1.47802571706,-1.03581281593,1.11558565959,-3.1886827614
-0.462668588628,0.00889839145667,0.482755366328,-0.214618891547,1.60313756969,-0.536502117668,-0.969095679304,0.153529362393,0.662064946519,0.0607167673283,-1.33133612332
2.36121089631,1.03318735699,-1.31695279781,-0.718403389924,-0.78586042825,-0.456583576427,0.150621739789,-0.643947506673,0.0483838576156,0.345049395773,1.60427955457
-0.192568317613,0.985496458691,0.729506379847,-0.0767900157415,-0.493383064913,0.298730398048,0.436775501777,0.818818832682,0.250990871468,1.5014309844,-1.55419965802
-1.21884624839,-1.13349099812,-0.0493379175344,-0.320964898505,-0.0136724379312,0.751661274654,0.176130363767,-0.169948940276,-0.221133647446,0.543775182489,-0.585145009581
-0.0887117866108,0.404243294356,-0.276552068968,1.98504508625,1.98347981474,0.270713718023,4.71134728503,0.228625625458,-0.453018427926,-0.0984592165792,-1.62760645683
8.44256367942,1.51990521699,1.8132334919,1.04575537298,0.249496455559,1.44056074874,0.271116531873,-1.40319484002,-1.71028760731,-0.380781659565,8.57007566619
1.13689690718,0.415528067832,-0.836528951712,-0.262372036197,0.350457342969,1.30991160438,3.27245758499,0.710204710364,-1.01678739344,0.796012403188,-0.28027318219
0.982925924052,-3.60027018153,-0.872797191302,0.345353433798,-1.67486036758,-1.39930522017,-1.23785718499,-2.17691266186,2.06063531581,-0.311019912489,7.03623244928
-1.56879553224,1.53543417727,0.0982728597931,0.252176020308,0.561363146305,0.523693775815,-0.195913456351,-7.01090336551,0.192732309131,5.5813558705,-5.65913657705
0.648926941089,1.39413368432,1.20697203456,-2.01995058461,1.21566331567,-0.0358216470859,-2.14570099128,0.677517150593,-2.09542591359,-0.53806193472,-0.26238020438
-0.538367060006,-0.223541242261,0.00385162268956,-1.40641736333,1.01414441105,0.00113803076665,-2.90225364786,-0.863343691491,0.218017059628,-0.0507697262607,-0.30094634355
0.807623503012,0.530459230759,-0.0603184301446,0.60665952931,-0.635674598808,-3.27225673791,-0.592591536145,-1.77002258554,0.0455430018565,0.98184464376,0.253657985269
-0.993930795996,-0.970352524681,-0.800056496343,0.499979055983,0.0790782450724,0.279696478587,-0.15222828735,-0.679353158939,-0.229922443298,1.99594995206,-0.711387124635
3.35167173899,0.139049123332,-0.2955349983,-0.183546249819,0.145717012255,0.0444202877149,-0.519310292607,-0.402475840375,0.323040910517,0.280034771191,5.24698669673
0.0304307906601,-1.81422849102,-4.39885929577,-1.82189011463,0.349235503412,-0.720169188024,1.14160599325,2.34119239776,-0.910396679511,0.0241853632415,-2.57767610534
-2.6807941335,-1.32827841181,-0.013354332679,-0.504343339429,-2.10143595466,-1.04054728975,1.39308198337,-0.0307617155808,-3.78437057913,0.0801344055326,-3.72853110364
0.491523078744,0.268024265245,-0.503926793431,1.04545102623,-2.31461652884,0.011467188171,-0.695287983078,3.17861570566,-0.26404261914,-0.809280639156,2.62721076079
-1.88521474062,0.51549699289,-1.303871616,-0.463797614971,0.13218276327,-1.42594152949,-1.39704376616,-0.0700281334322,-0.199916919639,0.982752850624,-5.30866532381
-0.353429060562,-13.822409561,-0.45920579945,-3.56106849064,-0.127506068489,1.06723030167,-1.90728723287,-1.22352741882,-0.936590533857,-0.891481109721,8.94028993318
3.26596789411,0.0252684102024,0.0173711567586,1.05132677275,2.15957238512,-1.73450854067,-0.938401978501,1.13729955454,-0.866547343074,0.388197062649,4.25630517304
-0.664662610511,-1.21035317672,1.21927737142,0.00633529929616,0.156046026172,-0.173946008196,2.78913025597,0.66670496879,0.0243898335109,-2.03773381709,0.361710872047
0.273791793824,1.89633628801,1.07211441247,1.04532318453,-0.0747219046262,-1.83437783206,0.414315765066,-1.5801854751,1.783483645,0.828164009202,0.0333582904362
-0.427471853826,-0.217075136651,-0.367682308659,2.61759312645,-2.30962880057,-2.5768838465,0.412618690527,-0.729713866057,-0.357504723007,-0.187829845159,1.62293204773
0.0108162565802,-0.87121414959,-1.26568436488,3.31080328496,0.0783844314967,-1.17973480098,-0.990139730393,-0.352930656585,0.348668156599,0.500857412924,1.55249675908
-1.84153766954,0.51510898515,0.543920210376,1.65892381856,0.047932109761,0.555356343677,2.59645927333,0.101630203125,-0.119633717376,-1.10986500106,-2.24496218712
-0.837003076754,2.26370363245,-0.632422935293,-3.77326900811,3.25975852333,-1.22443136726,-1.23823904849,-0.456287559444,1.75787280572,-0.198151647452,-6.48150240797
-1.06882089566,-0.123380555048,1.28638351867,-0.967295562204,0.456738769123,-0.573342257893,-0.525973024355,1.3717571254,-1.4145931268,0.376358053692,-2.6238112814
-2.01329819664,-5.67831484111,-1.14912381377,0.675869009754,0.0679954764612,0.501603522093,-1.35456538763,-0.781260774069,1.5341239424,0.124642774684,7.06590771307
0.318998433909,0.464118584785,-1.71848066863,-1.00415855702,0.51373411596,-1.1444254504,0.150658768787,1.13455899397,-0.0494932596365,-0.0578858036839,-2.09051975626
-0.0324653946187,0.20777548795,0.469847814036,-2.02518328981,-0.947749102712,0.314041533728,-1.23718510384,-2.1530208882,2.70544006498,0.415507685611,0.181616317647
-0.917461840532,-3.36632310994,2.71167771875,0.896212553395,-1.67364854443,2.0757087855,2.2631536087,-0.820404164111,0.127498180096,-0.77033666436,5.91625991479
0.349078027032,-0.27809021186,-0.106734005161,1.28288757053,0.116609376502,0.274059397027,0.165529095027,0.887908557801,-0.686080149605,2.10454530123,1.15774739316
-3.03274126923,-0.0491784954499,-0.416808557403,-0.693471981861,0.19929644149,-6.13491854333,0.447374409301,-1.72801910818,1.41791444801,-2.11822192388,-6.86298021362
0.0543306543363,0.428701273494,0.416273516599,0.252242029722,0.817964746757,3.00195778557,0.773495930084,-0.704669933703,-0.211956571206,-0.650444142706,0.869937974638
-2.59654521125,0.125267065892,-0.450131408804,-1.06110703976,-1.50403100239,-0.166833212293,1.12976335261,2.32827845314,3.89716982466,0.00336881559978,-3.59604944243
-0.382767938386,0.202243879907,0.00370794354006,3.08174993523,-4.8785625918,0.376594128625,0.287973229714,0.667998064681,-1.57378346669,-3.07972758363,3.75136324532
1.82934178678,-0.486289640778,1.83507571801,0.892218944064,-0.586616143643,-2.87308492378,-2.57700652418,0.231671069538,-0.600566069675,1.66961694319,5.33653116189
-4.10204794554,0.260612721082,0.265409926946,-1.84792075403,-2.04475591976,-1.226572741,0.279282425853,0.12449808737,-0.302321621445,1.33316876397,-6.05878042112
-0.609651830398,-1.30421137438,0.507704883902,0.579484067794,0.562492804242,-0.677507774874,-0.535325988814,-2.72823771723,-1.51007796382,2.20871485436,0.865164863157
-0.889280944671,-1.25320986707,0.890784705323,0.521831735772,-0.711833638288,-3.45327957396,-2.77833004687,0.163368383864,-1.69642987184,0.0141077069309,0.65675541268
1.41951386225,-0.992660425568,0.431234479462,-0.790362348032,-0.449742224382,0.336090777453,-0.36260374224,-0.181216379734,-0.0550974161819,0.381142015813,3.53696563962
1.26768846213,0.809740743741,-1.28571068067,0.810885001326,0.600695412515,-1.83555838649,-0.253521828686,-0.145085579998,-0.442450819882,-0.0810836669298,0.714926662443
-2.24467130136,-0.494246497645,1.06555509247,0.0195324124936,1.01827612926,-0.989616391985,-0.0297715363366,1.12202268358,-0.144041849036,1.40333859177,-2.32388082646
0.421265371557,-0.510116291637,-0.338869438251,0.341972209578,1.59774069587,-0.537675744556,-0.483602012015,-0.154692179052,1.3228902438,-4.33990398545,0.257216519496
-1.34469157413,-1.48595563782,1.92046217786,-2.45138122051,0.929878713933,1.23517742125,-0.880755349489,-0.817532680707,0.686735939937,0.0992638574274,-0.353902842262
1.29451529696,-0.914352643861,0.474492567783,-0.815422675062,0.279112132232,1.3708431206,1.50353461886,0.375997118188,-0.0670561897522,-0.179679610104,3.25139099309
-2.0764117894,0.517253844548,0.377974584646,0.286119739659,-0.090259407163,-0.951894223334,-0.356196136138,-1.23704660082,-0.0437902815045,0.782698522748,-4.08667276502
-0.271726061186,-0.291650928916,-0.343010550254,-2.22303979384,0.228358845668,-1.31906653192,-1.01711318681,-0.243482839399,-0.275038414733,-0.338166971921,-1.61681357274
3.17763633318,-1.67326893282,-2.65862542491,0.456983466903,-1.8905985299,1.09796960762,0.0305298360918,-1.51629785785,1.96855654722,-1.10551227629,6.25902419053
-0.389883968371,-1.39687990125,-1.08961613258,-0.0646282613828,-0.96822946539,-0.575175045695,0.247284263425,-1.23809902031,1.64678030618,0.968451051624,0.926230074054
1.02537276595,-4.19095191282,-1.09599468019,1.50988012093,0.114176864814,-0.0542284729738,2.44273701883,-0.972547278737,-0.09227749394,-0.459887028942,7.07793211544
2.02028175208,-0.784894984746,0.798846103585,-6.83312224854,0.367330949211,2.43030790343,0.888466609159,3.52265882891,-0.765191863325,-0.721657178444,2.82395783572
-0.620434825179,1.86276656526,-0.0359969837817,-0.0341989735634,-1.10415693523,0.0297454457945,-2.03048481969,-0.254625247272,0.904175754517,-0.932173983764,-1.51905411038
1.29090321898,1.62685774758,-1.01770245438,1.32136127759,0.986604099419,-1.3922181991,-1.12764879559,0.126578046946,-0.52924589097,-0.852250849252,0.989270848498
1.72084585237,-0.216725270334,-10.8994731795,3.68577132296,1.01729039723,0.703316524278,-3.58074520722,-1.01489600326,0.151716393031,1.68830439973,0.639801050748
1.0122268193,0.593103018331,-2.68438660836,-3.00230880223,-0.410693794852,0.107646529942,-0.465110511161,5.08659527402,1.50565781371,1.23384081286,-0.999116891149
-0.0282108463621,0.0980160212215,-4.23506083476,0.624779607702,-0.246773581796,-7.93183757783,-0.773606579858,0.865587510302,1.51911995941,0.350723779842,-4.67832496807
-0.859522318215,2.40384064454,0.361308503834,0.496271373718,-2.59931487889,0.146060894153,0.392545215108,-2.42356640539,-0.660641351428,0.0378941783747,-1.26045045783
-1.48343772521,0.0477723020471,-0.876062456636,0.768318327194,-0.424517176747,0.0238870198616,0.135753135593,-0.17908305082,-0.169447613112,-3.76643818392,-1.39078965768
2.15713001969,-0.938521309483,1.56779538667,-0.249190722757,-1.4915193083,0.0147937428068,0.0688533693612,-4.64629837204,-0.821620187875,-2.80347920075,5.226468126
-0.138599759933,6.86142028772,0.3331713562,-0.138129287292,5.04428452134,2.09053140236,-0.0876443781548,0.681596622516,-0.42705392994,-0.928426233616,-0.932273116927
0.222653024916,-0.72046298636,-4.07524361328,-0.0652273290611,1.21586191219,0.683730229364,1.26414682591,0.478226277465,0.378740150318,1.01937109963,-2.05542864161
-1.17100472837,0.979675111569,-1.01680416623,-0.639518920987,0.281633016282,-1.38708968194,1.91689913241,0.720917426394,2.14348706656,-0.898199158927,-4.38870606773
-8.62161477918,2.8760374656,-0.655577622713,1.77950091153,-0.229508035554,0.232923831969,0.612728289971,0.48693203114,-0.310152030373,-7.15581973334,-7.59102188999
-0.219645583906,-0.0891187073155,-2.36492248272,-0.337864743164,-1.24398108495,2.95659664642,0.294312576022,-0.905828888987,-1.6898706042,2.54322331916,-1.2750638957
0.885517019014,-0.981437752878,2.77794412529,-0.390886350521,-0.159439004534,-1.4227302881,2.97311637434,-0.168527807411,-0.40095344329,2.39934765787,2.61132529491
1.09357046475,-2.37733693522,1.96734274372,-5.27768149956,0.588949272437,0.195618009941,1.09145842141,2.84789383221,2.15558249183,0.324098465848,4.33358302331
0.247079692316,-1.45778091852,0.647362639666,1.74400248284,2.43076911652,-0.0901608589712,-0.0799176184267,-0.713201907503,0.319203049884,0.714946212315,2.33556260981
-0.292220527137,2.82371278972,0.852538942107,-0.296382894974,0.629245359824,4.07099855543,3.96865728861,1.20615165253,-0.66320636935,-0.326954705345,-1.87298468632
0.749284614129,0.16330693806,-0.172547467186,0.318586165972,3.64759062977,0.216985376294,1.85771899814,0.147498346044,-0.828995716817,1.2151719593,-0.581944960761
-2.77441933823,0.0976913622879,-0.956111717927,-0.998070669132,1.13750252714,1.21450410026,-0.518440155613,1.70250414867,2.10291853201,1.15179517298,-5.09173129759
-0.279339137543,-2.09283579176,-0.790301795427,-0.0365170139392,0.507850861965,0.399104582935,0.812094252687,-1.1626955759,-0.726483855244,0.105657092153,0.574781002868
-0.17133913998,-0.0180232944129,0.0508956819862,-1.24681791071,1.53400011482,0.164213119313,-4.26840251469,-1.36001172067,1.47924764644,1.97727002895,-0.637470021466
-0.715339959556,0.0353092595533,-2.93143892697,-0.182355119086,-2.10229563088,-4.12417785024,-0.443592652614,2.14444336612,-0.0639144333125,0.010560156895,-2.86034320803
-2.06836193506,-0.143035649349,-1.83477622457,-0.410738533977,2.5743564872,-0.495422808428,0.623679690058,-0.0364965502246,-0.265401132523,-0.708951147203,-5.44618259445
-0.940276248123,0.323204519654,-1.12894911298,-1.62041713514,1.47238076263,2.45716839538,2.55893296368,-1.36132668445,-1.0068682146,-2.46879249461,-4.60728176134
2.28341305653,2.65246823964,0.254049714036,-0.404721998422,0.482277921555,1.28706452119,-0.450348041794,-0.240860120892,-1.67654051268,0.0198375647923,2.50477127706
-2.5455092838,-3.16296553249,-0.227518827906,0.62924654158,2.28403355233,7.91519561558,2.81099663272,2.24713844509,-0.579686162623,0.361991560994,2.29207588935
-0.720394437344,-1.95481290431,0.261293293817,-0.840989213924,-1.00975523021,0.98099756503,-2.09304987934,0.0129055596161,2.24253487597,-0.949617990067,2.37532279647
-0.593327440646,-0.840686770681,-1.95583222954,-0.151266732541,-1.54598630611,-1.29117151454,-0.358397145046,-1.2334215943,-0.194821573864,-3.89870270167,-1.00836494877
-6.97335499644,-0.196915458477,-1.52082009959,0.799310420992,1.29987336307,1.69941712086,-1.70393806854,0.132385150321,-0.894346175714,1.39572282332,-7.55450236649
0.724939130281,-0.292443878438,2.45050236031,-1.08725951032,0.787753851846,0.609112111303,-2.50667867415,0.613947560839,-0.767151261076,-0.0641875018657,3.52267429746
-0.351338799061,3.72270762503,1.6943483196,1.21287498318,-0.0202643060462,-0.242365162927,0.190805167258,-0.6670674784,-1.05621464122,-1.1608070201,0.214504501877
2.52743782209,0.202910071988,2.33119135594,-1.15692956403,-1.5786992092,0.219122558885,0.281986278128,2.17350994827,-0.568328621935,-0.734588986518,5.62826217078
0.674148638237,0.260372688499,4.3934208752,-0.888505930759,-0.486354544913,0.878749640579,-0.237759976713,-0.849789394863,0.241123691879,0.143925270906,4.50012959902
0.70141439029,-1.55198675696,0.515721431676,0.665415636556,0.645851608389,1.05962020467,-0.0764341923662,-0.221174245875,1.12326756954,0.167642081164,4.16290536767
-3.7260735611,3.16982256491,0.0158294737832,0.457441452293,0.228532532746,1.5473596815,-1.42847878819,0.571281506015,1.51382376519,-1.65306268093,-5.26959483576
0.403402894195,1.13208999323,1.48534586266,-0.461968715515,0.622324959455,-0.784569714683,0.703896072534,1.17329654873,0.474731245897,-1.53768139979,1.20972035195
0.683209010661,3.2231198194,0.640352502003,-0.377828471978,-1.66258107697,-1.79473480204,-1.5378862575,-1.20111910083,1.16535908939,-0.360388186347,-0.207231545771
1.04948113276,-0.243645823838,-0.332241451967,-3.0710155419,3.21628973803,-1.65691250478,0.169470717823,-0.0675641327428,1.00956860728,1.44114227675,-2.62806031099
1.87348885239,-0.661244202403,0.890468062178,0.929498782526,0.244244994328,0.679173049845,-0.941610185149,-0.334019567114,1.06724590168,2.49962961607,4.81463801808
0.295005160421,1.09985112153,-5.43471744014,-0.0795893727939,-0.318580662795,1.44158163678,1.47881952091,-0.807006051219,-3.09476232482,-1.57254529162,-3.55770882362
0.80834271332,-1.62608697778,-0.368331153167,-0.443803682605,-0.506507220275,-2.70232506958,0.881536065319,-1.06585270546,-3.21330386187,0.950219565171,0.884655896932
-0.161118517656,1.25139556414,0.538156991914,0.770119990855,1.87081534241,-0.744865866791,1.22327626715,-0.242062556555,5.54023571376,-1.89211695506,-1.59513832734
1.25898814182,-0.739955223678,-1.4110222487,1.22784256758,1.30322649353,0.600193710388,-1.77197387235,-0.202910302511,-0.519794086272,1.00670192796,2.7552510986
-0.326915785117,-0.437257815881,-3.25990954296,-0.163678126689,-2.58243517417,7.4565768977,1.57483721452,11.6661729148,-0.695947466286,0.937789383921,1.60247261583
0.677778308687,-1.89739852174,-0.663592425253,-0.112630409333,28.2977429397,1.35828360624,-0.72529786518,0.307911786129,0.0889112123851,0.341777228375,1.39299183606
-1.25231994062,0.772704033619,2.04804185772,0.347702421071,0.352875152566,-0.521621705907,3.60996187817,-0.24187326406,0.681121703581,1.01123478651,-2.13085116784
-0.624552052992,-0.197552007472,-0.142506795944,-1.25846481979,2.16707738517,1.05772697315,-2.21800102908,0.715300578344,-0.685771685722,0.563882244783,-1.50785629976
1.22857457719,-0.0479546278234,-0.186064904085,-0.0476896951407,-0.944353037607,0.774947853159,-1.18731432947,1.02188508615,-0.742388693904,-0.088202789835,2.93813807746
0.132125116385,-2.1663669285,0.0564588791163,-0.356314493558,7.08177522015,-5.19608637666,-0.271370660226,0.448125230871,-1.64147189858,-0.0226171373687,-1.5162309334
0.175441718673,-0.217057261614,1.86954349165,0.141121723977,-0.344943626994,-0.245000502251,-1.9073339498,1.35903121499,1.01669196489,-1.38000599809,3.5718214801
3.15102806295,0.711578745936,1.17149919372,2.79092927055,1.01745953326,-2.14409596794,-0.924222121494,-0.101492008224,0.207619274446,-0.0654228176897,4.89631306927
0.712639629275,1.17107663463,-0.485062122141,-2.78820515463,-0.229055383921,-3.17241750619,-0.00924903722014,1.57624188727,-0.223244855877,-0.538901456213,-2.30520473914
1.28050706638,0.561630139303,1.12123220347,3.90795094037,-1.56471159869,-0.0519620259108,10.0436419954,1.00166309179,0.423288167567,-1.16837104019,5.19248315449
-0.795723960092,-1.58153633035,-1.89788399659,1.95879010739,-0.582613054757,-0.902292307404,-0.534328450286,3.94728775562,1.61784865549,-0.573373192208,1.33179898229
1.67316099457,-0.495295679679,-0.689381169941,0.435172187785,-0.960335522316,-1.25902904333,-0.970192116502,-0.214148840558,2.49142229318,0.19233651,2.71986297652
-0.76693512155,-0.77155066742,0.38492229484,0.956991358108,-0.657633670549,-0.757481620167,0.750540257012,0.0288822151418,-0.122010106536,-0.112698569395,1.39400015908
-0.940082939831,-0.554680694892,-0.101954357097,-0.0443417996987,3.91485350763,1.44930555481,-1.01971028291,-1.38959515998,0.386013267808,-1.77074144676,-1.17073301126
-0.504224267668,1.96765387576,-1.09013381563,1.41812490438,1.2933401777,1.53108514102,-1.17100081962,-0.763055779063,2.02656418055,1.9577062983,-1.4305214089
0.871905399635,1.905780448,-2.07071407328,0.889219673145,2.45687801149,0.498700104741,-0.678418197528,0.718565153561,-0.522831958623,-1.9594511336,-1.15007580639
-0.151721700273,0.944964411805,-0.187640123686,0.707921898801,0.351652964266,3.41260349349,-0.233187430535,1.80161518898,2.80211670985,0.247213651202,0.280452695922
3.58267847535,-0.166664737156,-0.178842131723,1.66910600722,0.437715456254,-0.792970149189,2.40199372034,-0.0153360298694,0.659866944829,-3.40665849437,4.37621075163
-0.673902067182,-4.04441045813,-0.00912715480076,-0.678140442137,0.825436495286,0.0757591828897,-2.44531577251,-1.22053118778,0.344974611756,-0.324270092041,4.9569177066
-2.85615231051,0.780521000947,-2.30416320507,1.01323105593,-0.496474743771,-0.728766749094,0.91749757156,-1.24950162997,1.38337709358,-0.64164158934,-5.98054762691
-0.196610593275,-1.81974269821,-0.394535378675,-0.214972322699,-1.04267059858,-1.93253595051,0.76631983957,-0.183259741227,1.81199119257,-0.540109185999,2.20586392289
-0.416920203195,0.0788239973933,0.70011773866,1.19697265456,0.904819303519,0.884439183817,-0.282669173527,0.857195994226,0.778022667956,0.641228051795,0.521699125802
-0.0645958423529,2.3863129052,1.11085440114,1.86980584439,-1.67512275058,1.15415839736,-1.37212944048,0.602397992163,1.31435427266,0.145714683596,2.18526532514
-0.635324213954,1.99120540605,0.393380921812,0.417991904525,1.1725543318,-2.41552588585,-1.64328285155,-0.0264835737585,-1.06160681244,-0.254199510018,-2.67401183522
-1.05112354194,0.740699958068,0.131508731559,1.10237565687,-1.01465490624,-0.482944032402,-0.331852322516,-0.186101636234,1.29029305729,0.0139039414625,-0.804675093798
0.0775628671479,0.465225390865,-0.696339497033,-1.00099005041,-0.579761114645,-0.080687845158,-0.205348381624,-1.55534034022,-0.319166726337,-0.624125694055,-1.63314123422
-0.741483979434,-0.755069013489,-1.24709355514,-1.47809408496,0.610379983368,-0.386234011705,0.49636547434,2.66000723054,0.77364974958,-1.64363231477,-1.31202077581
-2.46480575578,0.327021528687,2.0621840237,0.165896546094,-1.17426811949,1.87202250598,2.93110477195,-0.473573931183,2.07433650964,-5.66421596391,-1.54963051084
-1.4766993949,-0.0278965733203,5.00878976282,-2.37799318877,1.11581080271,0.433890523207,0.646507491551,0.0159634537471,-1.27531924801,2.31979411974,-1.71662961668
-0.14342698046,0.216755241234,2.1697611861,-0.521059299442,2.15638197388,-0.501151101222,0.205640687655,0.987731768442,0.422452411535,1.81988522512,0.449202788315
1.34760001525,-0.586574777971,-1.31112069339,-1.52533592607,-5.05551561484,0.317748664269,0.706118496035,0.653613318566,0.674820848239,0.412287834777,3.41428137492
-0.752271884029,-1.84565241602,-0.126861409437,1.13523875602,1.00195564728,-0.320674125443,0.0677862481285,-0.217878415402,-2.33131621875,-1.64750647489,0.797988820942
-1.26822237887,-1.0718039698,0.193281909742,0.0995542083043,-1.88669650134,-0.195052421995,2.13872459385,0.461502306698,0.00445964538593,0.189665771652,-0.139811027921
-0.0188915744625,-0.192404440243,-0.822508348367,-0.191224827027,0.272885544059,1.21473423952,-3.90729929326,0.198952655136,2.01236638255,0.249753309079,1.07471234049
0.744038574316,0.23530222586,4.19230621705,1.08320164725,0.878193916702,-0.895998048026,0.819619996778,-13.4394029279,-9.77995698459,0.0639411766237,1.16750329973
0.227621415445,0.716869379328,0.218095832054,2.53872878503,0.221115902936,-0.622544175847,-1.52924068284,1.22521310988,-0.770922128928,1.08997383336,1.52833633168
-3.75158783249,0.752491540536,-0.0513656950463,0.696896117056,0.872873953614,-0.810767931436,-0.532933101434,-1.15574832836,-0.0570183434762,1.38890173984,-6.17368653486
2.19911266692,-0.304799553054,1.01046114231,8.55393051618,1.86704630999,2.05275167985,2.48413316403,0.518727911533,0.363229201345,0.397279647803,7.24497186187
1.12083976226,-1.95588698835,-0.39661331173,-0.319600816233,-0.219670426762,1.04403047191,1.43474730665,0.212509278399,-2.58582244978,-3.1311077157,3.68281298849
0.750742844692,0.0912354566388,-1.38252831126,0.0214707079729,-0.0706660280202,0.184701214891,3.98778767952,9.84195342318,0.0414567997929,3.19419680559,0.744596444602
-2.72072181496,-0.868829380388,-2.92744353159,-2.17575825393,0.17906074416,-0.0180599358086,-0.0385395396651,1.00289608139,0.489756669172,0.489006266208,-5.7894329277
0.468006411356,1.25328120949,-0.516055397771,-1.68909460797,-2.33997633317,-0.221282265626,0.863852729074,-0.0234104453919,-0.282647624125,-0.101688401888,-0.247670232912
-0.577129226138,-0.703024055012,-0.518607321525,0.257747616308,-0.991524917418,1.71068809123,0.594876055975,1.64501454488,-2.41783079773,2.0926142618,0.375307042842
0.170991410083,-0.140139625882,-0.890076602202,-0.689738834771,-1.12630264651,-2.76695768985,0.3848483395,-0.321182045614,1.39523805137,0.129454478105,-1.39376914118
0.85245182196,-11.7182355327,-0.105181578491,-0.734796281618,-0.0357953521999,-0.0479972791996,1.69447022851,-0.508651348668,1.03381781539,0.20286606589,12.2245610636
0.876370451292,-2.86561416422,-0.202307266477,-3.52101138529,0.578119960855,-0.49300217998,-0.912228756286,1.15643779078,-0.697727206027,0.801873012901,3.50419644458
1.16665265807,0.786392211352,-1.03740624643,-1.8335722496,-0.229435928499,1.23521557192,3.31809236132,1.57998552807,0.44694177701,0.53275691322,-0.464262539894
-0.922162035837,-0.282409982785,0.9721559676,2.08072576146,1.34382381943,0.14901508551,-1.29382085452,1.11589133811,0.745119833341,0.178234535744,1.14175596786
0.433759833774,-0.117654482473,-0.301202310995,0.4871023738,0.97064058807,-1.80691312923,-1.05407107812,0.513952704764,-0.118525250509,-1.61011267936,0.702413087447
-2.10089141877,-0.49160400943,-0.598132417205,-0.0542252245273,0.831823938825,-0.353864305639,2.34393657902,0.384947868013,-0.446629042128,1.25282203151,-4.09505025534
3.68540191365,0.371184666982,0.890104909944,0.812803966957,-0.231563067514,3.18315999296,-0.264217569608,-0.370081841889,0.133024832112,1.18501647829,7.13255239641
-1.36142059721,0.246039286397,-1.68619376524,-0.688607580814,0.225636260182,0.873099373165,2.27331400892,2.61985793855,1.95640937343,1.41370909475,-3.35032014847
0.280476411463,1.49600343695,1.39326863321,2.19068759798,-0.466222860705,0.0821505977019,-0.942924135438,-0.438987945136,-1.11254343665,0.728622732378,1.4552213171
-1.33193900975,-1.54058362853,0.313689976181,-0.960605685893,-1.47317242769,1.48412692084,0.38763768107,0.940301484579,-0.678965196372,1.53067423831,0.501835640089
1.64514363506,0.0138754683418,-0.157024975745,1.63086125243,2.46101707297,2.6042709152,-2.39569144149,-0.59759349879,-0.970187172275,1.79476676169,4.18383760825
-0.348231236594,-0.0645906139862,-0.400320364318,3.40073633777,-2.0716914663,-0.480465505378,1.55496475655,-3.58650004095,-1.24022123699,-2.76932979114,1.21207726383
0.143046884762,-0.0399695476497,2.9092045146,0.599953903252,-0.137352938424,-0.420548289641,-8.56971048763,0.247875760206,-2.19127958322,0.0964995277704,3.9187208258
-1.18754257189,0.213941562803,-1.05057841102,-2.30239525417,-1.58604393694,0.674013617799,-0.19938266006,-0.0482906106125,-1.46357282488,0.661863746238,-3.56158135537
-0.00410301227797,-2.72802433709,-1.37287318974,-0.87944878731,-0.0522912145831,-0.0846720833936,-0.948542617956,0.468472912334,-1.1975011665,1.70064514682,2.29913733934
-0.917254699836,0.569634449616,2.67991009031,0.955941075077,1.25108354041,0.595317783773,-1.55977394928,0.0507896236021,0.462768723997,-1.67203541923,0.41982794774
-0.297086704827,-3.21095476895,0.779578113881,1.48434216242,-1.6085195807,1.06340228993,-0.57323107464,-0.128925440608,-0.428470493038,0.928702973619,6.15719770135
-1.3917093097,-0.0655351972029,-0.913450727761,-0.408335192161,0.459871482103,1.18766192083,-0.862815270671,1.05892350338,-0.823740506903,0.352262799853,-2.86581710647
-0.655250855597,0.35314562777,-3.59102287665,-0.434927784232,-3.94679024248,-0.108742777981,-0.486746975118,-0.776743678748,-1.04841797018,0.0572218646056,-2.34115356944
-0.906527144654,-0.46697150618,1.73847762092,0.763906054162,0.0454066346331,-0.368980945737,-0.660450904389,0.216367215756,0.811472680524,6.14945308615,0.0679704044565
-1.95047414674,-0.188007069499,1.03174038009,0.451454524729,-1.32614669113,-0.746504123222,-0.848700676442,1.82473863507,1.063283298,0.292659881477,-1.09827343177
0.723766166189,1.68528374667,0.12738595472,0.499873605122,0.951697218524,-0.11528868228,-0.517070999351,1.18973423343,3.11077947004,3.72182602932,0.444486292459
3.38500449133,0.324574540671,-0.456297893261,0.192288066668,0.434907001814,0.920136460579,0.533952639378,-2.95030878708,1.00971654473,-0.312607465809,3.34108657299
1.24030502705,2.48414190582,0.235764220266,1.4199513216,0.0935895812454,-0.0628553921388,0.946452632272,0.501548994251,-0.472871908687,-0.68408657281,2.15233400943
-4.72913878396,0.991888527212,-1.84694578192,3.79048671777,-8.42889681393,1.72929047389,-1.03732038026,0.769898759789,-0.0128586772925,0.18755951724,-2.57185418463
1.00558809115,0.261723388964,-4.6892645023,0.698475211408,-0.00494368640849,-0.975878629268,-6.18523470788,-0.211079836259,5.26651165034,-0.105665656253,1.41794232624
0.689206181155,3.20775413437,1.18782344008,0.890208806463,-0.491234791796,-2.87123768124,-1.51935975634,1.19436589317,1.18427598275,1.02496185728,0.589670649421
-1.39414670196,-1.37793878962,-0.609787005128,2.04920018018,0.713911074493,-0.26976079528,1.43046693707,0.398607438877,0.628754267965,-0.616442350154,-0.274210304519
-0.0938178447953,0.523044203491,0.172136219346,-1.11685554844,-0.789336406145,-0.309110543393,-0.491383073727,-0.601401746114,-1.4499009291,1.34127599359,-1.67654897704
0.944003100656,-0.42883444909,0.578907527494,0.244943082678,-1.32533928183,0.361317932081,0.260981421493,0.0316111636458,-0.105580528067,-0.372915755457,2.84815706345
-0.0193137977944,-1.70384451568,-0.960346076306,-1.35916943391,-2.15174477001,0.332606674292,0.883371256135,-1.60118802739,-0.00787199366502,-0.854912747392,1.08315050669
-5.08547143035,2.60804878465,1.08315871176,-0.00763802990382,-5.39718718547,-0.0363976327503,4.00824323129,2.0471960719,0.0761148709903,47.3111042935,-6.3852093559
3.11764035522,-0.0241153456374,-0.416318130923,0.0695932480488,-0.652264960027,-0.509656759294,-0.854110448704,1.00883667925,-1.37701399944,-0.32722574475,5.03764890981
-0.1201847603,-2.92981794582,1.08761787312,-1.37579828707,0.0902398200453,0.423112035188,-0.557553785072,-1.35618356455,4.28200496953,-0.504402749065,4.72056553776
0.271393374209,-0.527591966307,-0.591769338032,1.59494992577,4.99171471135,0.409017220384,-1.3459397985,-0.909901993471,-3.55846584147,1.62941574769,0.431290315862
-0.946804679636,1.40114916225,-0.841837279585,0.628429595779,18.2962269433,0.439887656997,-0.230907312659,1.94566733178,1.29239834621,0.539631658125,-4.37060492232
0.179788553637,0.979247450952,-0.303562104908,1.49304130129,0.0430538330137,0.440617042437,0.141243195826,-1.42942111671,0.101618272597,0.641001756275,-0.299220568657
0.0362989697072,-1.2256124865,-0.612960399526,-0.397292471502,-1.29910592095,-1.67887715366,-0.442145634709,0.509797265741,-2.13593818107,-0.0556164240053,1.21984590105
1.34336437911,0.0266781989832,-0.0196492088312,1.40506114639,1.1002714254,1.12941779995,0.878291776443,-0.676809937987,-1.78924692053,1.463690733,2.18532403047
5.57580641667,1.14211160349,-0.783535730742,0.952570510922,-0.436800477841,-1.1046109574,1.24875452315,0.0366723778404,-1.16152811363,1.09524678919,5.53656072081
1.02485359394,-0.252467810875,-0.277983828013,-0.661618584679,-0.0927415056428,-0.201057075191,-0.425920696532,1.40944774489,0.354936327943,-0.792025597255,2.38375829682
-1.50163120395,0.575402724472,0.0501828975785,-0.262257656616,-6.02588210888,1.51942162486,-0.693970732041,-0.510210152361,-1.27968750823,-2.5682124689,0.173615199246
0.141007640276,-0.597169822867,0.150208952962,0.519750844296,-2.14149453044,0.496506766835,0.410535613343,0.773596149932,-4.73592801458,0.212612275075,1.95841398447
2.03003444206,-0.892444170218,0.84020131066,1.78604984891,1.95246564158,-1.18258032049,1.41709074264,-0.0870928324148,-0.811714671573,-0.964988132182,3.47441941194
0.306072073314,0.650519224422,-0.340411730706,-4.24266007001,-0.749188821146,0.196235078511,-0.205333401135,-0.984289066036,-0.570752795742,-1.79746818265,-2.08611893018
-3.34709307341,0.851171260257,-2.38018475769,18.4231101263,1.85812673147,-1.9160318234,-0.282426183443,-0.113123170602,-3.24271756757,0.682021756229,-7.19057616302
1.68660823564,-0.337209014681,0.87255436395,-0.750597792453,0.906020048457,0.0137813941609,-0.67531604173,1.23857342246,5.61965931652,-0.341727310783,4.64861666018
-1.8312669636,1.08404389979,-0.87033144544,-1.94854444161,1.43436126765,2.25533138022,-0.691192260187,-0.641942231842,-1.53987165895,-1.20604127272,-5.37075253396
-0.503003175058,0.224612606567,0.699170069546,-0.711745768511,0.913381620748,0.679454056435,0.967138542737,0.131876005004,1.18837243064,-0.30164166816,-1.84531652399
-0.468745246259,-0.522788098068,-0.572892853419,-0.600525470321,2.58519073063,0.776565650042,2.11860253222,2.5898434937,-0.428825624312,0.614798735635,-2.50266137497
-0.0158130920232,-0.615796267586,0.217605750972,0.515582040167,0.415752715549,0.235209836627,1.00752674921,1.66058692581,1.07266439058,-0.538726802242,1.95371741982
1.34889186962,-0.540081441553,0.321146638006,-1.617823198,0.0434361004142,-0.873174940212,0.995146627914,0.423167274103,-0.394208273477,1.58720910867,1.59302026349
-4.77511035546,-2.89686671557,-0.00380918080947,0.842328794869,0.185341659857,-1.22191231677,-19.2912293173,-5.51842340269,-1.57242255843,12.4693806337,-2.89224097866
0.866108959075,-0.649962551475,-1.57580786261,0.331354517109,0.890561865381,-0.758480672718,-0.262852195667,-0.470587861084,0.375831028984,-3.07043184903,0.901248807856
-1.05913131682,0.129911171756,0.784454565275,-1.87912721212,2.24791669306,0.740878063953,-1.02561826404,-0.168500482135,1.51743894315,-1.17412003085,-2.47557749892
-0.204998257545,0.18382596287,-0.788690753365,2.4382205938,2.92386509572,2.41542082806,1.92409878257,1.04178277891,5.25245724162,1.87036666677,0.412299690422
-3.22464482367,-1.15375215907,-0.528317994855,0.914167007777,1.19010114411,-2.02653953851,1.26981814502,-2.19015503938,1.12202114342,11.2712807424,-5.88739119767
0.449223038807,6.9483935175,0.262070018049,-0.293312974198,-1.46444396703,1.64198762795,1.00263976867,0.8912394947,-2.43545195955,0.708238593309,2.10676574231
0.328092929603,0.0460754587679,-0.843734030521,-0.558113324816,0.703108288933,-0.927206588744,0.81366207352,-0.87124363953,1.13848199249,0.470747123873,-0.658505045168
0.494252531325,-2.19433977559,0.502505430043,0.087715961451,0.976351397155,0.696664455368,-0.640724879657,1.04163725435,0.484522242695,1.09702588257,4.6763168633
0.0467801647535,-0.837344331859,-0.586044004758,1.04179422344,-0.288192201256,0.332984158645,-1.77987958262,0.791969211438,0.214482531822,1.23940042406,2.07992867355
-1.07383803976,0.0254672533951,1.72480009554,-0.741674504885,-1.71311198974,0.394429115909,-0.306382568041,7.42414890062,-0.658656154855,0.260784100963,1.3588431006
0.0448485823156,0.887926980924,0.358308583095,0.323268695983,0.096604845231,0.36352077967,0.433644843495,-2.75894431345,-0.110670083075,0.520037533216,0.00519737248401
1.73367288771,0.250119183517,1.05981276535,7.21087478534,-0.755763731658,-0.302620482718,-0.0501735923682,0.133997696673,0.116542034017,0.720866635925,6.22353830801
0.393229917462,2.04993529229,-1.1982601828,-1.14509998891,-0.462542226705,-1.35845051255,0.275546950275,-1.10206191184,0.265305175437,0.57974856719,-3.02254414009
2.08546503663,-1.44023252528,0.80338320958,0.136646535425,1.48382696595,-1.22993736575,0.798450928491,-0.011903236674,-0.390493146345,0.286841423048,4.39578166034
-0.801501025119,-3.54803178115,-0.585928233323,-0.476524487258,-2.38466708251,0.333351365393,-1.12762981545,0.0905511702105,-0.237057330572,0.777098900033,4.82165661898
-1.37588963666,0.265810832384,-0.569389161912,-0.439227051443,-3.56304973057,-0.252016057332,-0.333731654298,0.674805379282,-0.162476689275,-1.18543491294,-1.38135533179
0.273658324716,-6.03813215997,-0.676013085287,-2.63950168058,-0.0204738240797,4.38596313512,-2.70825055597,0.119816740014,-1.04837863553,3.44846880331,11.204183229
0.507726743366,0.804125292858,0.361507350938,0.141923211043,-0.125567290344,0.937844851665,0.532609238164,0.603533186422,-0.1537939562,-0.69483512536,0.658431379269
-3.18208728984,-0.803949491278,-0.753023054982,2.29555211215,0.826439363301,0.14062687487,0.398437751199,0.247452479639,0.470007072398,0.234450457033,-3.04523823074
0.880230980443,1.44920247127,-0.194437639749,-2.05201836009,0.736892088045,-2.00534031906,0.985297148067,-0.021228907012,0.327580250904,0.818341219138,-2.01498892058
1.10558835908,0.673855256188,-0.620292984378,0.0314911105498,0.300976689926,-0.0362977462414,0.777716954898,1.22793199231,-0.764310137194,-0.917140619747,0.961658056924
0.555826387374,-0.212961668136,-3.09893210682,2.31558691061,-2.02851316819,0.216257923506,-0.382404959756,-1.93371249212,1.28579465076,0.468955595453,2.01324208355
1.8555426598,-0.927528481087,-0.56265836263,-4.63857656646,1.17855446256,3.90951614133,-0.122181210926,-4.53495510624,0.568733291753,0.919742448613,0.592531882551
-1.40619885404,0.765946009982,-2.89704504274,-0.410285686876,-0.662114483399,-0.245360859278,1.27469539245,-0.58617451667,1.34420943823,0.54883848568,-5.82966176725
-0.969103634897,-0.0389772237411,-7.20825846687,1.59266336303,6.59506567315,0.901544888458,3.08556314288,0.441608501472,-0.8501114517,1.57234902762,-8.34934882729
1.64399328254,-0.456930768562,-0.309075390991,0.701481831306,-0.213189642917,0.238973031705,2.24291164751,-0.441866751527,-0.77048525061,0.669959099686,2.45557074354
-0.0897115626287,-0.853733083229,0.951729735816,-2.53533435526,-3.24943773171,3.03066100844,0.54479209614,0.450718047268,-0.120167333151,2.8180619908,2.56813234839
-0.325263709341,0.899419956333,0.472205689905,-0.270324405768,0.0855903013519,4.49087961319,-0.0295883709383,2.82387170159,-0.502447130099,0.590415314576,1.15070510908
3.80415008247,1.45858813078,0.211948602779,-0.626239257158,-1.74844679552,-0.939914333124,-0.106832241421,0.509266389643,1.41489150954,0.589485977704,4.18684701742
-0.913248524814,0.84428682364,-0.800529401496,7.54434782765,-0.987445581073,0.397374057087,-0.652734130019,0.769141838764,13.0589685122,0.895133299765,2.28995789405
-0.335605570106,0.194528697869,-3.32277685852,1.64492530654,1.9473630144,-0.567937571132,-1.29235792132,4.44655444691,-1.98147728225,-0.465453090967,-1.85074635397
2.20929101503,0.409500308859,0.218159074732,0.688699926665,0.837035892805,0.730134533398,-0.254218496532,3.89025376678,-0.248204843623,0.928113784836,3.58165363492
0.681412705077,0.180034544717,-0.29453827796,0.917490903809,-1.25885007987,2.33311772587,0.935572573312,-1.23377879076,0.0452229591923,0.812912547941,2.44356571629
0.404402708298,-0.0688195847632,0.740926428855,0.766064755282,-3.77675489676,-0.581877985158,0.174621078452,0.47143750209,-0.13398029479,1.59487594242,3.34842792733
0.660314427619,0.878965057415,1.79351048494,0.525947212137,-0.146075995153,0.462150135932,0.434629496766,0.536986225331,-2.32536305357,1.80908843033,2.67776513721
-0.678638478817,-3.66921819667,0.0619399884312,0.351524478243,-2.08211491153,-0.956508754229,-7.9216620024,-0.708413029828,-1.29405574324,0.140561623343,6.36170723553
-1.27857732908,-1.45660396791,-4.7451498571,0.0708723030706,0.822005846881,0.798841068203,2.20507409959,-0.747907966729,-3.04632619185,-0.733610988184,-4.71570733528
0.0688547120719,-1.63801686444,1.00343694793,-0.0226003364611,-0.618008219376,8.12555370792,1.09543731372,2.54294145208,1.74510598299,3.31376290847,5.18282490503
2.30665878648,-0.0997096569653,-1.41437203343,-0.284238692123,-3.45757291357,-1.365668958,-1.29278145553,0.762306239261,-0.817285746024,0.141884179134,4.05754447164
-0.34387129461,-0.166288338945,-0.573623747273,0.242038431027,1.46462161844,-0.579310444125,1.21984081282,-0.271706346552,-0.876470496402,1.02509669237,-2.18574855762
-2.95232608989,-1.08309607668,-0.103555309311,0.56808072952,-0.521326402021,0.799356677363,-1.91669493077,0.136174708783,0.349322766441,-1.66672743428,-1.35871795913
-0.607151888227,1.82997715937,-0.218537525179,0.731477724809,-0.720433551956,0.866984255435,0.475350358003,0.357409490552,-3.89911257892,1.36043852123,-1.92697601615
-2.28972634484,-0.0460406472406,0.256623247849,-0.955279481306,-0.145383979638,1.36125547065,0.293702052399,-0.413150976397,0.966318089471,-0.979923196779,-2.43451359648
-0.448059132824,-0.129037567591,0.251572210042,0.470867665298,0.263620490667,-4.09053732627,-1.23554176122,0.0505718284977,1.37489420364,-0.190115837889,-0.149549638444
-0.90827309652,0.0769022491299,-0.248526305428,-0.713016288565,-0.585597287369,9.12883768268,0.397824387781,-1.12510386379,-0.093649451016,-1.63424293044,0.0604852066772
0.0990394484497,-0.574349880925,-1.87571237172,-0.553012057767,-1.14042976744,-2.02824610975,0.655672074037,0.924464587531,-10.2739617089,-0.230072336936,-1.64630989906
1.93657888989,0.369740232643,-1.84876841259,2.16250180265,0.418641228179,3.0622762701,-0.0856279722553,5.80464580573,0.456434236706,-1.10163524578,5.38702403557
-0.707389906023,-0.409200309198,2.46749332845,1.31900766459,0.590676367541,1.018979128,-1.92007137508,-0.0401839610705,-1.43704419804,-0.282335442671,1.86894071424
-0.51724051021,0.373843515731,0.212262384072,0.272621055718,-1.64592432998,0.967619610218,-1.4342443206,-1.65358740317,-0.0648410773669,-0.493688041642,0.0565218311791
-3.82325890972,1.27548194664,0.829584240306,0.134113243944,0.506892076818,2.46019115095,0.657035859116,-0.315954679955,-0.388935155912,-0.788520697333,-4.92350409908
1.00311465168,-2.44484706727,-0.850752938139,1.5235209105,-0.302291869025,-2.29715343216,2.16589569809,-0.569263261001,0.347138585958,-1.24961796941,3.61977490735
-1.36372821019,0.483139384872,0.297988455833,1.05087916821,1.396762449,-0.669950512663,2.42608902524,2.6378148501,2.83561162352,0.179959648143,-1.53239076803
0.419725529298,-0.120546626425,0.00723818309356,0.357637241625,1.559326901,2.24804658494,-1.24785988771,-2.29306758488,-0.52343851242,-0.0528937793358,0.838020279177
-2.6154008014,0.882650218164,0.476411604286,0.577175688424,-1.09277292306,-1.70219711603,-0.563018810251,-1.05940090384,0.403405608665,1.12291226802,-4.56788245756
-0.464395122495,-0.802300031648,-0.787952731687,-1.4328102998,-0.270076702895,-0.601967438494,1.1119232724,-1.43018847132,0.306096515377,1.35380419369,-2.02835561628
0.513953538347,-2.63208516107,1.48215713647,-1.79591886642,0.62274618039,-0.652479356389,-2.42715032697,-0.852987785813,1.45175931467,0.553446100681,5.22934655275
1.56476246278,-0.064717386682,-0.680061862983,-0.391193773411,-0.905075950601,1.97705215931,-4.25190745773,-3.74043852377,0.220907762659,0.0786810716193,3.86671653764
-0.0154940755537,-1.02525805797,0.735632932663,-0.0912832020695,-1.34345727507,0.800943950879,-12.1615366815,0.161998449568,-1.1759277234,-0.828908312377,4.03166258321
2.80054276642,-1.32232510617,1.83822080977,0.921249049703,-1.03392487044,1.33183909332,-0.060383514793,-0.127712244836,0.724762346132,0.08556883319,8.03705227936
0.642104907007,0.20028924294,-0.0637249307096,-1.17812709678,-0.503785456467,-1.10673672059,0.913406369106,-1.47683231658,0.0981552780533,-0.688485224303,-0.0359165299408
-0.640747049351,-1.39366689714,0.621342507746,-0.394349105518,0.129095461763,-1.49909909248,0.647665055582,1.91138162773,-1.10743330339,-0.108081498123,-0.0289895149373
1.02883218755,2.63982258343,-6.18280542593,-10.4205980424,-0.851895679006,2.55381774073,0.280267248825,0.0517416674769,-0.0311380615124,0.206683826452,-6.64065733505
