x1,x2,x3,x4,x5,x6,x7,x8,x9,x10,target
-0.781207647558,-0.0977740154863,-0.0199251477809,-0.4286129147,0.372738327271,1.92190158984,-1.42638568236,0.381480031416,1.61876383199,-0.478513325459,-0.966311885621
0.215451002055,-0.919853335874,0.578224010157,-0.282927130492,-0.223863574706,-0.816878541325,-1.95300051636,-0.643350310009,-1.11514957946,-0.495674769931,2.43508003745
-1.39693487491,0.448543108752,-1.30770443494,-0.125765653579,0.70602406287,-0.187975391974,0.422104093336,0.232592974004,0.17191163403,0.627052038512,-4.82866088945
0.881125826688,-1.48040827963,0.207469766744,-0.260612156955,-0.523049505099,-0.592871499934,-0.149105994512,-0.954794383838,0.604814494733,0.953796339665,2.59625361602
-1.38423353895,-0.513995255048,-0.409939924234,0.205011554394,-1.04497328192,-0.361818234055,0.360197406157,0.466626362147,0.120084697626,-0.684024341294,-1.35869718043
0.00699032164605,2.28510845067,0.269246580153,-0.611798905364,0.363690904468,-0.239821604666,0.597174967688,-0.0831163386918,-0.834072791245,-1.47212847202,-1.78620475805
-1.18917485165,0.143049634656,0.892719924366,-0.392499060118,-0.031186278736,-0.839447736648,-1.02666003909,-0.793149368777,0.182814135825,1.71417360675,-1.53217453439
-0.359880640796,1.17830123539,-0.614476684984,1.63402859201,0.664287531556,0.316620659848,0.96598299061,-0.138042494589,2.30424197588,1.05826139551,-2.08207118573
0.192764721685,-0.224391768976,0.271608453706,-0.241591289258,0.702876074853,2.79875388617,-1.19910996281,-0.371708629905,-0.784666211471,-0.767175802274,1.97602189577
-0.789943317611,0.421053576668,0.413354279831,-1.70444973512,0.894827246859,-1.09241906079,-0.867669029195,1.32250399017,-0.653359174335,-0.152955248997,-2.2087697551
1.2491395936,1.35715575908,-0.0287118395343,0.313438934716,0.52791730802,-0.862948534769,0.28071142667,-1.92229912265,0.260318636676,-0.490160127083,0.182432421995
0.691775942763,-0.700450429481,-0.615934339176,0.464539348802,0.510665073816,0.120527370641,-0.425060037249,-0.862550791923,0.513457033204,-0.2907885801,2.35316481145
-0.903812471512,-1.97400730336,-0.47489696602,-1.19976978888,0.901222767125,-0.513342606888,1.823792073,-0.624064412685,-0.683311310824,1.04191576311,-1.95536713025
-1.12691168494,0.0834157545558,-0.499004514482,-0.124841092306,-0.590991925909,1.30838336378,-1.18871295732,-0.679674049325,0.240680503804,1.58663270276,-1.45244165393
1.22955086688,1.26301255967,-0.66817400646,0.0983851727315,1.2596428387,0.929756307843,0.503897802132,0.579281811076,1.13426895985,0.976932832204,0.507976265485
1.3295483834,0.360945307766,-0.658854939078,1.45570050804,0.575532428892,-0.0977942084477,0.732034514262,0.346422761142,0.304539283174,0.485976825729,2.21877325634
0.140978758504,-1.03564197184,0.636971363184,0.806816647244,-0.468471314549,0.923691907767,-1.24013201706,-0.780235851619,0.787925437405,1.39298213928,3.91569596517
-1.53238276975,0.361150898766,-0.740319930794,0.0681902729675,0.887509712117,-1.35450566368,0.0799774556102,-0.514268542863,0.347658900906,-2.60730765813,-3.78107239616
-0.185126604744,0.043088722386,-0.733930539268,0.749231897355,0.059833150482,0.590383385105,-1.23221284061,1.23720853318,-0.880896212814,0.519396998337,0.191453109442
1.10373295431,0.401932922634,0.908524266636,0.619172369624,0.723006180887,-1.01207577365,-0.965761571938,-0.730695209143,-0.572013240055,-0.103246432773,2.51771737833
-0.260356130496,1.36027376074,-0.32771630023,0.19233985094,-0.0202328921592,2.08567427929,0.373814734657,-0.173186797511,2.00763219091,1.6798504845,-1.36303019048
1.04381593802,-1.15035730647,-1.77134645457,-0.302345610977,-0.0089799912761,0.326752644099,0.782585737877,1.75395840673,-1.41747148839,-0.6674084145,1.74229212624
0.623312340864,1.41339351893,-0.513588757183,-0.70637823812,-0.269565489106,0.808239897534,-0.0903074698126,0.294201303483,0.389177933857,-0.471163545929,0.543948603729
-1.45581330755,0.327694720148,1.37739654347,0.235672084229,1.65557580682,-0.730332674257,-0.145362509803,-0.393461600979,2.11024874767,0.653057416818,-2.63566066941
1.30760986128,-1.95929913789,2.10278782083,1.81524800894,1.9822508104,0.878397846029,-1.3070916612,0.85717350214,-0.0412819509213,-1.66851838943,8.36066114526
0.750923984397,0.635305739386,0.38508774211,-1.16349783488,0.881475805114,0.732257610904,-0.337767880406,-0.879132285008,0.0468400384363,1.86259764817,0.688767190017
-0.549415271214,-0.72343950735,-0.369393172321,1.77893294206,0.239149171724,-2.06866452493,0.457401123321,-1.28118785011,-0.13907369258,-0.244475697948,-0.163437240409
1.17758893654,0.238809676928,0.562340624499,-1.02454783219,1.95646411315,0.288578138535,0.497154751308,-0.28040197563,1.37261102611,-1.1933109726,0.85096443111
1.93258527543,2.70102716918,-0.529237642045,-0.798481606009,0.451560049371,0.840467121523,0.927013762689,2.61395782192,-0.388131536737,-0.213958936401,2.05829108573
-0.423533330998,0.558847565551,1.48395152988,2.04625340002,-0.442005996843,-0.252152601766,0.111077006466,-1.24702513448,0.228674521212,0.137868629804,0.905698916393
-1.28576155138,0.657987236935,-0.314405538812,0.123949616549,-0.435710240649,-0.431142322471,-1.10980051637,-0.962870385692,-0.179247879507,-0.673992242747,-2.86921680281
-0.0472232796407,0.282840471336,0.208541665345,1.2245548645,-0.917401380659,1.88227329257,0.445721262894,-1.57712911734,1.38713550533,-0.0242244850778,1.21952646975
-1.3420883948,-0.711309502651,0.244812396685,1.16526904924,-0.331772725022,-0.452508434316,0.719167941245,-0.0193382941407,-0.509686830639,0.948590352075,-0.619840166805
-0.504905783085,1.62059326011,-0.568060185904,-0.441161479602,0.315138440425,-0.814437135705,-0.175977338579,-0.148045718847,0.0950658444815,0.920667262061,-2.79613416415
-1.45334898148,0.176328615176,-0.321588433199,-0.778547284817,-0.684976990704,0.884841989707,1.93545002139,-0.778627686406,0.723578850363,-1.37811163281,-3.69064889073
-0.60079414585,-0.492170430322,-0.433338726119,0.151854480017,-0.454326085855,1.28453168322,1.02340602906,0.0759494832204,1.26963517971,0.650622585641,-0.00348775131144
0.0971410756572,-0.0716211493088,-1.04690379275,-1.57575200126,0.396510795295,1.58821448137,-0.356711359952,-1.68333861065,0.395202770501,0.226338022049,-0.990300595542
0.452209230353,0.415899011152,0.989588046183,0.684744197473,-0.654320976825,1.03643065451,-0.593284950654,0.430372657496,-0.445417786664,-1.87418487614,2.47935329639
-0.27754975704,0.0758004275955,-0.844309512444,2.46734542031,1.13017765638,0.624565568429,-1.04852025096,-0.168936249377,0.40751021383,-1.02883334502,-0.392509764406
-0.404382125573,-0.518404029603,1.18724167363,0.634382027555,0.25834471992,-2.28600377512,-2.03993169429,0.115154306334,1.59794635761,0.0309060916982,1.1895710675
0.735475139855,-0.901087057909,0.427482090982,0.836898776292,-1.01559040385,-0.497644490605,0.840973738433,-0.761203348793,0.0956444169448,-0.170245562217,4.20046280324
-0.402370743324,0.455378648952,-1.09390864068,0.723905160442,0.4066480543,-0.572473678544,0.231928590253,-0.734686247772,0.962298624211,0.585823883211,-2.72165954223
-0.462123031545,-0.772212300993,0.112327533912,-1.46456281572,0.964318649758,-0.203964804625,-2.26310118207,-3.44146464676,0.897603689846,0.798896733202,-1.29326629435
1.01208805071,-0.0688857376403,0.0703739548372,1.19696204072,0.938671081624,-0.498428849663,0.520574485113,-1.89363655551,-0.768704342483,-0.754628903889,1.69574971453
-1.33404532371,0.507394969734,-0.511996823522,0.763261286449,-0.561542289891,-2.50504159423,-1.29386154031,-3.0924994183,0.661211534401,0.122403961341,-4.01525369158
-0.0788840480458,-0.688413867481,1.12077333181,0.301404601291,-0.745969917227,-0.347807936332,-1.00557151823,0.387394027559,-0.775076846098,-0.148229231587,3.38201874631
-0.0998962085051,-0.774325672495,0.524193176396,-0.199815221216,0.205301204247,-0.210410819076,-0.648870918954,0.877057260336,-0.286115599048,0.58821056333,0.981727926176
-1.25402562782,-0.178916084604,-1.50503594307,0.00590911756511,-0.0693572677912,-0.416563257451,0.435081210652,0.828426901105,0.487888297374,-0.102881345498,-3.68265696183
-0.916785796729,-0.375535292341,0.324227540364,0.362650729447,0.608176858989,2.31079357591,0.359938604157,1.03818820202,-0.463536055868,-0.46522864989,0.222888458664
-0.0541102027286,-2.01700552519,1.66200735897,0.571460194791,1.05027957355,1.81856989394,0.486863096743,0.815770593328,-1.9764740011,-0.60892454063,4.96257397824
0.648532449154,-0.501517510123,-0.869881625476,-1.66860508008,-0.169493083859,0.563104298705,0.245345553157,0.652116785774,1.2617484597,-0.166985892877,1.24641660296
-2.00956011626,-0.582203284129,1.7486935214,-2.21912118044,-0.270862217363,0.558214793433,0.12360522129,1.54403988162,3.03064691613,0.803958002056,-1.31634190317
1.6225941829,0.415135817859,-0.136004946616,0.783905068794,0.316226717444,-0.123382506549,0.21282016129,-0.750637504793,-0.322967608762,0.972951672665,2.45650189277
-0.860499569071,-0.152721854284,-2.02018870721,-0.391788768019,-0.33264081661,-0.750330662432,-0.486604339749,0.39753801608,0.819546279192,0.0551943942593,-3.17334655855
-0.723512383788,-0.890939696163,-1.50443842431,0.91250930578,0.46702399635,0.945226056904,1.47957334707,0.197827133438,-1.87013746196,-0.967289054779,-1.69548853346
-0.622713342957,0.597173627586,-0.670192875887,0.821146707441,0.696611014852,-1.35558469014,0.57817692616,0.199556619422,1.92629754336,-1.13280764983,-2.73268035821
-0.408563497013,0.96135411616,0.418607536037,-1.79381914669,-1.15123106456,-1.51690836706,0.351373720584,0.977077283259,-1.07961167821,0.588090997693,-2.86409752213
1.32849969101,0.0931934254666,0.479113187308,-0.0642380841477,-0.539561917731,-0.456935702317,1.70524039766,0.275240464772,0.627848518207,-0.186551015118,2.79568860024
-0.186780394673,1.47362554658,1.87381488225,-0.78988062159,-2.25478249041,-0.300436518179,-0.783403564669,1.57160598677,1.8970482035,-0.442619989517,2.04600458571
-0.687664508804,1.9644016606,-0.633837917664,-0.203991353733,1.15599188953,0.65456281529,1.5094094505,-0.949036971813,-0.826972895397,0.831215956074,-4.04722548383
0.406920985974,0.0614964402578,0.718264152361,-1.12161454011,0.979988424916,-0.729385303979,-0.0340507505203,-0.287963521203,-2.10392169877,-1.58827845139,0.158197785624
-0.360817414198,-0.703167547278,1.91396515935,0.601365370282,-0.081286341094,-0.628503863629,-0.585679644102,-0.494617394302,-2.17421061845,1.1569398482,1.9015586762
-0.342563558949,-0.840325346369,1.2215030121,0.859222439527,-1.62365182468,-0.447342250296,-1.627832815,-1.34266360045,-0.374220150502,0.80535208968,3.08619756431
-1.96435053054,0.905666967279,0.231103402347,-0.0836565509271,1.70129053204,-0.496108488635,-1.54126748504,0.26720542128,1.44172777491,1.04551487611,-4.50440503618
-1.56335098979,-1.20885282598,-0.305860477155,0.821095539197,0.0485479903574,-0.836094876589,0.834314782139,0.673634696854,0.362170780785,2.1224732013,-2.18866705503
1.65465253773,-1.88391658811,-1.36963379113,1.25914999207,0.543200963844,-0.555290548197,-0.830415922203,-0.679223859395,0.446862002781,1.18190525924,5.04839066676
-0.30714510465,0.98421190808,1.45715640961,0.214805975566,-1.43172709895,1.98846795042,-0.410115994344,-0.38868762605,-0.136719516923,-0.418281107976,0.232223023663
0.787310319577,-0.392627305066,-0.187279732483,0.520483479391,-0.0134016093389,-0.0752722767535,-0.531285830441,-0.697110666111,-0.409121058573,-0.876648326303,2.38286363164
1.67501780724,2.51260703459,0.738917106278,0.225761866018,-0.78015702053,0.385005175289,-0.863770769376,-0.329336416505,-0.343028345406,-0.387638970778,3.21813129961
1.42132535438,-0.0861707053918,0.348789754783,-0.930833091569,-1.88290665396,0.855890375403,-0.564324664137,-0.546345655357,1.2153344129,-1.2055779064,4.27454976276
-0.0647324023628,1.35503730674,-0.823578670013,0.774422619312,0.520400308658,-0.827464442412,-1.49165934272,-0.258349687364,-0.302494200682,0.491819775884,-2.22503817696
0.963187501104,-1.64532258551,-0.531678263459,1.56160057057,0.626852701729,0.121962876942,-1.08315690735,0.13045808664,-0.197561189418,-0.691141618943,4.28005759868
-0.126518920386,1.41089126811,-0.583952013265,-0.0776835443564,0.0749950817076,-0.534568786636,0.942399445476,0.0055407785924,0.533681024736,-1.24243934056,-1.77306848256
-0.285281115334,1.62348368659,0.322064053443,1.08007254474,1.17594702629,-0.600858919878,-1.00872050907,-0.393232083082,-0.368309627698,-0.681810907567,-1.57057498586
-1.23902351315,0.0648514213409,0.65433470659,-0.00126830708935,0.358193102399,0.417409927336,-0.34732179789,-0.485254622645,0.803678579462,-0.851811566509,-1.79840147231
1.70115204302,0.326768194657,-0.579874960163,1.20550132747,-0.579802527663,-0.56526385781,0.332911478599,-0.505264829341,0.856451583133,-0.466344871817,3.73848671343
1.24833281711,0.355044997311,0.0614375058908,1.22365949703,1.44340528779,-1.04452167228,-0.370599810419,0.798261566794,0.0167281261461,1.03319061977,2.64486256284
0.848784484063,-0.194579757371,-0.780123546143,-1.88067611114,-1.23431262967,-0.242016858029,-0.347319390288,1.82821974237,-0.676877309861,0.738370974235,1.06458699781
-0.479440805758,-1.30837879252,-1.07537749873,-1.32364707067,0.21706557197,0.291636664265,0.198820914588,0.891488462443,1.59101210651,1.08153092394,-0.183898056463
-2.09455440583,0.828844024952,0.452497515108,0.113321969103,-0.211830120614,-0.754839379275,0.797202656424,0.474162593936,1.37728270541,-0.977482569404,-3.85235805711
-1.10736443225,-0.316324770898,2.51777622377,-0.413472179539,0.174427705669,-0.394380548562,1.89650893577,1.33297296152,-0.498305301028,-0.45465894471,-0.181059783103
1.38439718147,1.06555888741,0.996630458155,-0.964244694965,-0.64859504624,0.336569676058,0.0935261655772,1.20326300574,0.758273694939,-1.68530183464,3.23277632115
-0.429238585148,-1.35074224455,0.463953809257,-1.80495433605,-0.245149889146,-1.44077370791,-0.601162622403,0.630309141027,-1.46898875714,0.788840720146,-0.264234332325
1.04721928979,-1.06677565547,0.68531951914,-0.0922620901112,-1.51764630168,-0.123777302057,0.110253086581,1.46546886336,0.938345173649,-0.889417932008,5.23940112552
-0.254743710242,0.304498212642,-0.56428393497,-0.146091892192,-0.200041697702,0.579287186845,-2.06333251709,0.284634790523,-0.369454178969,-0.478407260159,-0.577154346444
0.140997974744,0.989239835368,0.790803582759,-0.396892008431,-2.60871143007,-0.869167892446,0.778982141941,-0.0660217172836,-1.51384747952,0.270301621493,0.522751231643
-0.0333621224854,-0.473519814084,0.164503505562,-1.8236428018,0.519012027784,-0.257647841921,-0.633575819176,0.00522959846908,-0.865657102968,-1.2633710563,-0.448432445477
0.847252284566,1.60328393596,-1.01411392375,0.0644557943482,0.0811954246969,-0.812534433058,-1.20483909938,-0.674655573131,0.282210649744,1.49948369134,-0.445525958962
-0.0723785695135,-0.750829044797,-0.402451360545,-0.453289523506,-1.42733545634,0.624537829923,-1.46322396283,-0.985680767086,-0.827040301868,-1.01121125527,1.62018605721
-0.798141370784,-0.27470515505,-1.38194351952,0.130225534754,2.05928403726,1.10453499235,0.910670594888,-1.4889522239,-1.35528002149,1.73921217658,-3.57433858152
0.191092712965,1.23043224762,-1.26979096292,0.293159104659,-0.672947399807,0.369606241255,0.357672521374,-1.48108838857,0.936923828333,-2.03616210103,-1.30354925569
1.48757883922,0.766339765657,-0.529770474252,-0.115001175722,0.237448165873,0.514064108849,0.709112865462,-1.14353505778,0.86028599007,-0.678004977612,2.41137755324
-2.46934552148,0.273038042757,1.50240343008,-0.564448574661,0.907852121637,1.73978729207,-1.80139384548,1.01647712749,-0.233391868855,0.470000295764,-3.49117659123
0.242609949111,-1.87041977417,1.44413215914,0.46593778268,0.10121793251,-0.726784291364,-0.0502075193336,-0.59995453288,1.02556793286,0.805222422954,4.47419851034
0.462143301618,1.22899624673,0.826420859198,-1.42356211696,0.509771466607,1.69146749293,-0.0204871213141,-1.2225941557,-0.737369002166,1.26131640767,-0.192352188455
1.7773337618,0.447359097658,-0.997887110577,0.445436090769,-0.598191378078,-0.288773333181,1.18228914509,-0.119045892693,0.0584496358926,-0.93185355651,2.75954849576
0.193339141689,-0.735068255831,-0.459061323135,0.626954490331,1.22087826988,0.21051651988,0.843562116881,0.376848955493,0.989600772844,1.28401353544,0.3117142813
-0.610347163094,-0.586891654746,-0.456906059761,0.914544526534,-0.472683625348,-0.143475903822,3.04765836345,1.52181013407,-0.454904671687,0.0821848149352,-0.424821425381
-0.342145836668,0.722418319333,0.878137820893,-1.73139537414,0.653337742756,0.643808710768,0.948121414378,-0.409908642469,1.19621412502,-1.66296652469,-0.953788285068
1.82214789428,1.00664813986,-1.05883229317,-0.0566570618746,-0.805405709175,0.0590230953805,1.06712159166,-0.143919479156,-1.17464751784,0.948696066755,1.43288525217
-0.941127699879,-0.408669474412,1.84413187834,0.829960822939,-0.734721701031,-0.0690126130034,-0.0559635607099,-0.883189747488,0.526788724223,1.47660332898,1.5860705827
-1.58784563945,-0.436907595255,1.52312029171,-0.0804618134175,0.361666706856,-0.990670167961,1.37959619219,-0.1803571638,0.481349636654,0.256497955644,-2.71114745945
-0.220892800753,-1.57406940374,-0.511190640246,-0.289462482626,0.20242486706,-0.0487170125549,-1.85019391918,0.457585739317,-0.620065689718,-0.806303994265,2.34607364185
-0.721310121931,0.162484260644,-0.70440858103,0.181680944901,0.812367370115,-0.271969720351,-0.207661824108,-0.546799054236,0.447456202605,0.152538171261,-1.63267217818
0.476444983099,2.297977194,1.30318767812,1.30871249748,0.591361985816,0.31918173122,1.73755137141,0.226168050332,0.213682104044,-0.0514288400092,1.37009490451
-0.653729426942,-0.956060178837,0.694697263346,0.648448516134,-0.295880936568,-0.913124716521,0.74661522368,0.48749456549,-1.72767303788,-0.0162108117631,0.541143718269
0.522300487918,1.47516266986,0.0789822728748,0.262504023141,-0.572089751258,0.856800637385,1.1929824363,-0.0335025749432,-0.736368211619,0.406452631711,-0.158796683575
-0.137129463407,0.836015777356,2.03966391625,-0.238001434479,-1.58148559843,0.905753144679,-0.41508785632,-0.337030623162,-0.720440018567,0.592025739889,1.42431717199
-0.876105355877,0.644090437002,1.21991783545,-0.672405731025,0.167505643512,0.648283187226,-1.61126569135,1.79026278161,0.728091404414,-0.301662047627,-0.713150676423
1.95457206096,-0.817178948032,0.930423893385,1.1922279301,1.21598510472,1.38895463604,1.05212681794,-0.893875755279,0.774202566604,-0.531117074584,6.27822621656
-0.419773749587,0.790315220507,0.328863781958,1.24452440504,1.43472379596,-1.09042822477,0.120394833887,-0.0601045233805,-0.0799724620397,-0.354206464239,-2.17828726195
-0.91863897683,-0.420416290509,-0.418450799011,-0.142673882625,0.287191519372,-0.114420701907,0.778219010337,-0.666557500603,1.50102806932,0.43014820318,-2.32238842342
-1.27659506347,-1.46266692709,-1.87648806074,0.385371800045,-0.212117249233,-0.809638045862,1.05906302484,0.181459536389,-0.495646898169,0.372199993819,-2.28723477556
0.0273018852558,1.2166575523,-0.661539201765,-0.345960424591,1.33608520885,-0.992791907832,1.31582612874,-0.549584690356,0.95999803363,3.29879163978,-3.72966881267
-0.0303582633714,0.344454089547,-0.0320047037732,-0.968316007577,-1.95113836107,-0.406747141046,0.77895797108,-1.36024192851,-0.106375673826,-0.26463261099,-0.9022742363
-0.297199480087,0.341306125522,0.839444613745,-0.689707429011,-0.869844417618,0.367695186413,0.32586927527,-1.90379432901,0.938454302043,-0.635832727337,0.213137165358
-0.10661561611,0.576361599887,0.0662057246676,0.0685620258045,0.669382724278,0.199815854336,0.104996568928,1.06458102636,0.528297150444,0.756173856482,-0.306110024411
0.188932027328,-0.159781320777,-1.75752391284,-0.0670444959124,0.738092624681,-0.145367650878,-0.963179199004,0.294258279971,-0.481014391496,0.631135760213,-1.28191253963
1.25910677583,0.840915974091,0.329375333981,0.372164155791,2.50237599199,0.410456195133,1.54557618814,-0.669253321197,-0.646333804873,0.989440518813,0.383776963331
1.76011940142,0.00894109750204,-2.46665112355,0.340403628745,0.100409375378,-0.388726075987,2.36057013477,1.71106685364,-0.110668184522,0.516600321285,0.802489693187
0.700508719807,1.27382405498,1.75784542766,1.11067901754,1.6129051596,0.13746900892,1.29602416628,-1.47646725471,-1.126765541,-0.357259802786,1.13084732905
-0.361912449525,0.649944358712,1.21528148971,0.0842972889588,-1.34777281546,0.26983318299,-1.59062339599,1.17411058937,-1.08125885484,0.202096782513,0.899697488432
-0.389461540385,-0.794492318191,1.6822650245,-1.14495579437,1.18071487765,0.423637462844,0.983874442203,-0.135013820131,-1.40618009647,0.473964024698,-0.0245707351634
-1.93746241195,0.867054326285,1.21822147211,0.399463773616,-1.90762277263,-0.868284796705,0.616572006428,0.685063729123,-0.162736636177,-1.30894211305,-3.9137438171
1.02607852162,0.898743514205,-0.0422653457457,0.785730841437,-0.230347468135,0.932205490465,1.12070972909,-1.64191944008,-1.72247153245,-0.260717218578,1.83812350548
0.0443665434423,1.36648453492,-0.268493825837,-1.44013217699,0.655784333541,-0.489412087531,2.02127918735,0.825713617698,-1.19055634219,-1.44582479562,-2.8996523899
0.71116587634,-0.525691686688,0.764572317882,-0.325231157587,0.678178958269,0.579121879094,1.35253365486,0.314041688251,2.43235909804,-1.00786418864,2.63808535182
0.198667866071,-0.57099003211,0.350545834005,1.04430826473,0.352864761217,3.02978188409,1.05552330277,-0.0894276168344,1.46362094612,-1.36771695069,3.40639512204
-0.878404334149,0.264355010338,0.348355653754,0.17315019906,-0.2183137369,-0.467443132704,-0.99131518101,0.892484221669,0.264967698218,0.210834292569,-0.438084683363
1.02917203839,0.862697727049,-0.977361534325,0.707782396623,0.759470271956,0.576862780301,0.557303745354,-1.49804643482,0.174468309364,0.589016922889,0.549931037003
1.0931101128,0.799847446828,1.15869537676,0.717850528135,-0.156494460003,1.65005747292,1.05684186852,-0.327853920603,-0.923242367683,0.296131546485,3.53276207763
1.16493573203,-1.74956717639,-0.495266034079,-1.29530270279,-0.894467870408,0.414004614702,0.199412076411,-0.794499604536,-1.35868599033,-0.592850826978,4.01079820863
1.12288309321,1.53658016294,-0.0661900766664,-0.515477306881,-1.49654120567,1.06136232072,0.543371881232,-0.76136367303,-0.855130447524,1.64311691955,0.610865412785
1.43004133769,-0.135381588292,0.85815062913,0.730466383462,2.37065500425,-0.979841607214,-0.514639934659,-1.51871220831,0.904149464246,-0.733625102882,2.57712163312
0.132469085905,-0.104706322533,-0.263681720158,-1.94372232601,-0.770727257162,-0.170266281026,0.613838700023,-0.62930789086,-1.97559590542,0.297446682224,-1.52970828102
-1.46480517275,-1.31152483883,0.24692907894,-0.21156785897,-0.744710727353,1.26180302867,-1.99270971376,-0.2837763527,-1.28360109398,1.8722073856,0.408250626601
-0.677280271161,-0.760424865878,0.515739096716,-0.59251706281,0.283012429939,0.887800002451,-0.330132996337,-0.381382108166,-0.166226322892,-1.50732602078,0.681338088345
0.896720367166,-1.28138639777,1.16048400735,0.954497072367,1.20717962169,0.555189949008,1.04581726789,1.26057796192,-0.603948071493,0.218724052194,5.06566329081
0.268698318171,0.387206853062,-0.269231487135,1.54513335329,-0.176098329806,0.367252050754,-0.697719629143,-1.06423340305,1.24615006718,0.264682346668,1.13616883478
-2.73071186866,0.749045998346,-0.115386865056,-0.0943846129399,-2.43643125108,-1.17979458236,-0.534545900655,-0.302663192116,-0.570908407017,-0.523496586626,-4.21643996494
1.51486588589,-1.24130639132,1.37287703159,-0.588564673407,-2.03108661466,-0.246195318006,0.0565362621853,-0.412851376669,-0.610076600546,-0.281320543379,6.25780064339
-0.618069530279,-1.23502603553,-0.505391694136,1.03808936677,-0.108379668693,1.93052151298,-0.137984812291,-0.260297665652,1.42948201777,1.19487095052,1.26632240551
-1.88340985694,-0.838775819414,-1.97134074988,-0.650939009446,-0.0943934532508,0.130000610269,1.80706022618,0.24908225335,-1.53759355387,0.977042798786,-5.29162709425
0.659727370323,-0.805022471654,-0.928169091291,-0.714754134061,-0.73907024963,0.0458015266971,-0.703113740896,0.574317282917,-0.168336358486,0.799750394211,1.59441658942
-0.259159397644,0.010742755101,0.662662447378,-0.442715839067,1.34590841475,-0.149322350599,2.60231565913,0.23436305994,-0.104745013133,-0.0524176182416,-0.876652267108
-1.27156081406,-1.53177101227,1.61830482238,-0.911285973372,1.20305339809,1.11722744486,-0.130988736011,-1.02491979666,-1.00510791981,-0.0869330980397,0.301344560746
-1.21583853914,0.00894235286311,0.14543610087,0.298200187184,-0.458173672507,0.577313207738,-0.299350766535,0.441133782017,1.22746189595,0.867859042379,-1.25197272477
-1.55338661329,0.238176180663,0.298855110675,-0.0667309640773,-0.925417602054,0.0734124568739,-0.500620259113,-0.222807868666,-0.522570902498,-1.36604467089,-2.48374619382
2.21909831969,1.79067758033,0.369507442678,0.699023040466,0.0876940400487,-0.198246830263,-0.0520994326999,-0.385211630773,-0.760793273968,-0.188806814377,3.15148520692
-0.0408837578587,-0.0688244901933,1.47541117822,-0.584567673866,-0.0382704026084,0.051145354451,0.0519775794055,-0.867832994675,-0.0149363586721,0.268209011951,0.843771372651
1.38919310801,0.077299227125,-0.955821901,-0.240613127694,0.718515804135,-0.330058148127,-0.552800767829,0.714355006563,1.07220902482,-1.99673752854,1.90159453517
1.5625264536,-2.35205340552,0.0871119996563,0.484783768131,-1.02232592607,1.23226178637,1.47126862797,0.852201001629,-0.119833766101,0.360874729357,7.87701944409
-0.906178445932,0.598112387978,1.38995416567,-1.25922360594,-0.369760183354,2.08625994888,0.48529701485,0.50298006303,-1.01347324898,0.0154613464266,-0.337624940956
2.75709572846,-1.03225450669,0.164187263085,-0.482792494109,-0.163252907179,1.68527448413,0.216487978168,-1.72747216797,1.5297316971,1.1057911929,6.16371487266
0.113660982034,-0.5172441081,-0.51379096572,-0.481018655502,0.843914288185,-1.24350825481,-0.103019465157,-1.88888313542,0.908720039795,-0.590207221547,-1.45418083093
0.0917992331145,0.57340158902,-2.81576363797,-0.117294603653,-1.08701761153,0.975543625503,0.610039585074,2.19219741054,-0.0910575238721,0.526788113445,-1.24746882309
-0.0655360446172,-0.537985407352,-0.0624093400314,-0.343848396163,1.62581895249,-0.619762261657,0.500909929163,0.67195936926,0.280404708669,-0.397407771309,-0.696382202329
0.447293251204,-0.189466921778,0.648081384329,0.923385975311,0.678708167653,-1.25842513999,0.855204771666,1.09898356768,0.169388356633,-0.434098366568,2.24760001634
0.109642933794,0.874252957883,0.0378614120981,-0.894787425821,1.90043023072,-0.662884479454,-0.184681347808,0.948728878944,1.86837779169,0.719731327101,-1.75376192715
-2.70260741552,0.721661742951,1.18411756851,0.0154629626927,-0.634904758675,-1.16792473344,-1.2477430734,0.193417254982,-0.646708957665,-1.65885669082,-5.28994948846
-0.0391398434243,-0.923403385894,-1.3266097018,1.49120066733,-1.08425863553,-0.936097289738,-0.381275634214,0.729763372824,-0.203004204837,-0.0295702219055,1.62727266194
0.458762460788,1.10647909141,0.993325559538,-1.38987610738,-0.215309882657,-0.332414666769,0.102543044387,-0.452159272846,0.0297128705942,0.718066924075,-0.915414284759
-0.728504638051,0.557561020761,0.575720861437,0.220377911586,-0.508964236342,-0.68023723203,0.472721974744,-0.255926628821,0.0859662421638,-1.49621012076,-1.61452736935
-0.311672780142,1.45641365284,-0.0149058073401,-0.510430153093,0.465221373823,-0.422379500649,-0.525364017756,-1.79547613177,-0.0488111795765,-0.760159878169,-2.74540726279
2.34327128361,0.0953702056684,-0.290690809571,-0.259134261814,-2.41389270046,0.572718746641,-0.587067410171,-1.42189763831,0.947348294158,0.959014741363,5.48855753516
0.771555698783,0.344955790105,-0.204955046474,2.53690264222,0.488111794769,1.22536578636,-0.102584209477,2.01383512581,0.0137462916642,1.35351782912,2.76691122803
0.636875065014,0.931539379437,1.9124073414,-0.0671800078123,-0.695051487051,0.761474210876,1.23634224087,0.356865273428,0.345826385167,-1.12528274532,2.16919242821
1.08122313121,0.12930868047,-0.181093821446,-0.298276582019,-0.962003168452,0.210560865556,-2.19043837526,1.64906446392,-0.316185163527,-0.424988289696,3.59736093141
1.25791619577,0.780187784202,1.59616092754,-0.718324422282,-0.746973360083,-1.88186654931,1.38212795791,-1.79059974785,0.42892210872,-1.25860502729,1.3991826147
0.382206602279,0.239885475288,-0.121153786405,0.477891886873,-1.03595159559,-0.508181440565,-0.546482831632,-0.00252602927401,0.609268628062,-0.350589310796,0.743031220208
1.42838937226,-0.530313513409,-0.428365339718,-0.600947290431,0.248043465793,-0.517757123033,0.589206139348,0.433056862226,-0.508847343798,-0.931966456744,2.64517008317
-0.123967229793,0.330132039659,-1.15503556588,0.150149262513,1.2823200213,1.48626068686,0.94350150795,-0.993502152636,1.4536742323,2.84820027593,-2.43751603172
-1.23555899147,0.692028048407,0.136940911791,-0.87820663748,-2.19214996609,0.534797662151,0.348739900918,-0.142331598532,0.194293166324,1.22916789117,-2.1598092583
-0.317411162356,0.0393664841896,0.616049422244,-1.61309553234,0.049792237098,1.31768536859,-0.394395649189,1.01236568588,-0.801089765036,0.385248959818,-1.04424329192
0.314931542784,0.0187127755417,-1.91614222005,0.72912616371,1.00103038809,-1.71091300413,0.143460416789,0.297221067909,0.98019769179,0.653419884822,-1.43135172927
0.863459364979,0.489350796297,-0.843407234582,-2.1121542795,1.2206439711,1.21820830896,0.324147743625,0.0178284887213,0.0618746739042,0.368763902474,-1.78702550818
-0.438823739483,-0.162957528615,-0.113670525337,0.535983111624,-0.116014884448,0.0609505959036,-1.15506639137,0.725857685878,-1.67674907821,1.30800999747,-0.815616618925
-0.250639782947,-2.26263870727,0.301730400321,-0.772016737037,0.579690122518,-1.58037625511,0.206531724733,0.0877073353267,-0.0122509996796,0.660599273181,1.73697253459
0.751208661491,0.705808751955,-0.0664105589737,0.0184169692574,0.32146288197,0.685227510861,1.51637353534,-0.812423374025,-1.31794710313,0.354361083105,0.0773490568417
0.442188092861,-0.450476228324,-2.23949875839,0.700843362895,-0.128047819075,0.944554298419,-2.25104351696,-0.908577438161,-1.95536116037,0.67911798066,0.247963964315
-0.0688778051043,-1.25563746375,0.342781890285,0.280246870509,0.595812165008,-0.184002709952,0.476061984606,-0.688688323585,-0.0214866393515,0.835120810503,1.65758564456
-0.314545305898,-0.307335023147,0.47598496456,-0.0703609210624,1.44434863858,1.18985462227,-1.00793191623,-1.27057899701,0.816507319155,-0.23297848165,-0.128588657087
-2.5420811701,0.196581474572,1.46484890363,-0.127265618444,-0.949208958727,0.879117579118,-0.674122681188,0.347152553479,0.529464247026,-0.446754523945,-1.91962261682
-0.214713425812,1.17242417121,0.921189048088,0.640275149062,0.655751098627,-0.777719645359,-0.849796520884,0.684577039208,0.602800448062,-1.1819789454,0.21421840665
-0.571758358112,2.04415727353,-1.77636965849,-0.0590136658646,0.147214765867,-0.744274604479,-0.390904283979,1.43515638501,-0.761620565332,-0.940443361123,-3.9875445983
-0.410788196451,1.59297486413,-0.0292543252711,-1.47455159923,-0.53488586209,1.07796510128,-0.377043932751,-0.465995457062,0.185003296497,-0.171007955521,-2.2024257537
0.233634560411,-0.700793133196,-0.0534834791434,-1.41988566818,-1.57467660344,-1.01896092721,-1.70868981915,0.335522884526,-0.0412448898518,-0.00300669145953,1.0569488497
2.22820135696,1.5263255892,-0.0244579805136,-1.37846786259,-0.469038965591,0.464917927787,-0.687282101014,-1.6119108777,0.377635155409,0.45674103212,1.69132927729
-0.126042241741,-0.872085607843,1.39355730809,0.0850210171916,-1.30892671953,0.194523355201,-0.853072056431,0.964387099172,1.26832185107,0.708764942815,3.87203249967
0.553954190547,-1.67344679323,-2.77297861955,0.281930841083,-1.87400102901,0.661678849829,-0.355927170989,0.97945150143,-1.32534841884,-1.00455458816,2.94079668438
0.724600230409,0.00281063589833,-0.0256664753212,0.390519100187,-0.239457951542,0.179592105565,0.35614850262,-0.479935238829,-1.46449749791,0.57856776713,1.34967801418
1.45713393233,-0.0796939616408,0.138004871618,1.50176432564,-0.455233871785,-2.31148252457,1.46938227369,-1.7696811745,-1.15939383556,0.619205216151,2.36146925311
-0.772294074704,-0.724748931787,-0.681590148039,-1.29541094633,0.0693726868353,-0.609718394803,-0.273931142964,0.911296540751,1.3682187758,-1.69220425477,-1.50866953797
-1.76214430255,2.76543274272,-0.0264636172292,1.16185952697,-0.79994175962,-0.48986251032,0.844767575036,0.100059784645,-0.46003983417,0.634114771931,-4.00789692151
-0.169863025577,-0.364910316686,0.446326812945,0.72226903821,0.099839283466,0.691486520319,0.071361391586,-0.877860404887,-1.36991738954,-0.0355459740879,0.57681935727
-0.848447509945,-0.0753570359786,1.08907745421,0.555067456893,-1.6963046517,0.0598300994548,0.506494349651,0.249643272247,-0.895588885289,0.13707178203,-0.270300740565
0.433507501361,-0.520633704852,0.527482220965,-1.77056607233,-0.116375481009,-1.82029834784,-1.69216493641,0.256245264263,-0.168200985765,0.814773661639,0.937240615938
0.592493740777,0.913707310123,1.21007627703,0.430195830637,-0.656390493221,-2.10789569677,-0.291269499409,-1.04631873386,-2.59170961026,-0.327446204879,0.058703443468
-0.390494776102,0.0231709357573,-1.19662413727,0.989066947683,-0.477336666919,-2.57041959879,-0.388705783038,-1.12465422955,-0.916921398289,-0.866263182257,-2.55812919721
0.24815203831,0.822151562871,-0.308995578005,-0.52557627016,0.431056689393,0.448555645214,-0.0693789985221,1.42126585852,1.14630644879,-2.8904467611,0.317022165194
0.963682428217,-1.10726961383,0.84987000173,0.783238331381,-1.37513282137,-1.53196811723,1.19514747098,-0.596772061374,0.104868744186,0.848366566892,4.34226496782
0.560077663944,1.70905247804,-0.778792098214,0.668998359079,1.42119250974,0.262525453554,-0.348995568772,-0.283916032661,0.19980657697,0.533736549258,-1.69987199336
-0.598644233688,0.00987994436616,0.835697646599,-2.5000455975,0.192065407072,0.513720739136,0.0734674561132,0.0135589339149,0.383473662897,-0.511368321148,-1.61761196605
-0.0788786994605,0.239307109365,1.01148229289,0.641888825737,1.52677640933,-0.222624898828,0.211344814388,-0.399157350771,1.00648001855,0.318102623749,0.0238021585106
-0.223652362531,-0.488650386571,0.740812825346,0.678988471141,1.52047179713,0.0248508844619,0.508183309157,-2.04121150674,-0.896936498765,0.508536570125,0.39208447666
0.886366783211,-1.17001407554,1.58234563236,1.01229365554,1.38121376532,-2.04365190936,-0.173777714305,-0.672358343725,-0.783696818946,-0.334413828435,4.15565679639
2.11552298123,0.91250863708,0.204213535619,-0.0980597687958,1.11959289434,-1.04062623006,1.39801603706,-1.76496639737,-0.0732396616317,1.19888004,1.30016335468
-1.67903621214,1.05200784011,-0.511379635644,-1.40069295129,-1.11773174349,0.752082734704,0.645246754061,1.26462301868,-0.810018687494,0.714624603411,-4.43574010348
-1.10993519107,-0.706334662703,0.245810392964,-0.448189655164,-0.621782461079,-0.297062113629,0.613549024072,0.698872938411,-0.829983334037,-0.0295210616461,-1.52611828013
-2.23245906017,-0.509667199531,0.459703343164,1.52270416477,-0.375141252846,1.00727622215,0.353913000089,-0.27925323878,0.0636493382478,-0.44196664678,-2.45911622761
1.38421061053,1.31878322728,-0.601084587071,-0.051385474609,-0.344723334716,0.71015586607,-1.41723054162,0.291666459372,0.0347358481765,0.273867356318,2.47804157346
-0.250247475493,1.59815293791,1.25416292185,-0.628262611579,0.774464695654,1.01194346206,0.230517113193,-1.57740756111,1.66120369133,-0.235360522428,-1.08339584403
-0.98093694817,0.976299146489,-0.866354909043,0.546893742308,-1.12274386537,-0.223718726159,-0.834741903042,-0.60632968681,0.720475799684,0.425853334776,-2.63138970727
0.230079776302,-2.02783905966,-0.280442568038,-0.877031419921,0.0940599560846,0.295392969275,-0.0946615627268,0.409680980396,-0.722896409878,0.230249432108,2.04257852874
-0.870780575872,0.518023313042,1.88383811802,1.24253014749,-0.756101522181,1.5617802987,0.206522466996,-0.403813554361,0.570494011525,-1.08865577805,1.72825923106
1.54151217337,-1.04753774133,-0.974164155242,0.6733372416,-1.38923228325,2.2349558324,-0.0715525641652,0.355324268097,-0.172583502417,-0.467450638493,5.60961960187
0.157468081931,0.464706780684,0.198325345987,1.02161431628,0.193555177521,1.27160622474,1.22808740882,0.0794815979108,-1.33295893663,-0.586129734663,0.568371860842
-0.153610914351,-0.652130789103,0.829883815071,0.649166331689,-0.456285790958,-0.492272107193,0.826669516971,-0.146078968616,-0.0609588442953,1.21348301758,0.859641005657
0.153286340453,1.98480979609,0.111929003273,0.754430673389,-0.887252840981,-1.21156236634,1.01686338265,0.682843544088,-2.1922061449,0.176342584788,-1.49794995549
-0.410223425718,0.255805744773,-0.566152616414,-0.0725473387185,0.158098903437,-0.26861566392,1.47945039265,0.123631855251,-0.531797403948,0.0139236298159,-1.88947162729
0.595047816006,0.25923551625,0.283888040053,0.361411906115,0.553136702822,-0.583470662331,0.850304318745,-1.45115891022,-0.456605769378,1.02131707451,0.182778166872
-0.0865552904314,1.15628197105,-0.0724327415744,-0.454257260555,1.46825651168,0.436328418726,0.156348422498,-0.408602170877,0.139636010221,0.805146070935,-2.12308715596
-0.166183495519,-0.765800848593,0.242682355441,1.03300816555,0.295427168012,-0.395261027674,1.11162190022,0.918228742775,-0.69702822596,-0.481049034152,1.32877115869
-0.582455983471,2.07754341563,1.33665893994,-1.60765488901,-1.0136565363,-1.84406859015,-1.38313495653,-1.60713876229,0.768770417407,0.535547041152,-2.59445677811
-1.13200409028,-1.61691292768,3.14415519389,-0.675828859695,1.42169091708,1.40930464053,-1.6032402047,-0.495722540405,-0.852409037754,-0.727719844306,2.51712968223
1.08286632148,0.284983990254,0.0724869680309,0.0139920212668,-0.362222190134,-0.218985228023,-1.02131995203,0.0321496076818,0.612086266812,0.56851262738,2.57144626061
0.884507375246,-0.428172020621,-0.638689631425,0.251231165852,1.57323043719,-0.362139719591,0.14530884621,-0.938603595401,0.528529937362,1.3357989462,0.289432951381
1.20443871166,-0.239715189661,0.696180318639,-0.200752878353,1.11935054755,-0.748308137126,-1.47594569143,-1.69625971793,-1.49653967883,-0.291326886213,1.58927125705
0.11433844033,1.69993165967,0.475337722543,0.855017738572,0.884047988793,0.93636444586,1.08134595003,1.53248074107,0.301135200797,2.90757945411,-0.558154674315
-0.762139837562,-0.0681879168241,0.0588306908652,-0.0850641180937,0.0477816132477,0.604610040011,-1.80511875461,-0.997366969449,-0.477882231415,1.72755273577,-1.22716699178
0.000512606569786,0.020956588842,0.379271469458,0.238881208484,-0.725966572623,0.135244466325,-0.553688078667,-1.39110356985,0.904744715942,0.726850890561,0.902660537403
-0.11722221776,-0.662841512218,0.708084410506,-0.240566363853,-0.460813863722,-1.07726671973,-0.306585754486,-0.63981859083,0.0949579762104,-0.906924748251,0.313677848882
0.437111853854,-0.318060813554,-0.814030586531,-1.77357048013,-0.938201555179,-1.25119930582,-0.570842293491,-0.161237648841,1.03877765649,0.304774512298,-0.120842532485
1.21573356336,0.410166005238,-1.27647629395,-0.676800469366,1.527931458,0.286944108621,-2.52283756415,1.86498002847,-1.59050383381,0.902045931185,0.632113605597
-0.216840502832,-0.37777005992,0.986934168193,0.479831776239,0.83368253651,-0.572593844043,0.912558580522,0.85509020436,0.793451480571,-0.98394974323,0.743087185626
-1.84897390029,-0.450292874871,-1.0368946593,1.18801617319,0.458483525714,-0.200323259861,-0.500794144011,-0.308902693105,0.316795938351,-0.545180530121,-3.81725813984
1.37813189427,0.467545895797,-1.46394578093,0.565798304675,-0.525171199929,0.272409290001,1.77054023777,-0.424203043022,0.0034699567565,-0.400629949277,1.69054772472
0.68006800801,-0.539730106494,0.635725959842,-1.73253553469,1.30404917216,0.158189268138,0.221252090125,0.0162549385116,-0.277525146582,0.340734447961,0.683844085457
-0.251673069848,-1.08443821157,-0.0495006510725,-0.109098581304,0.975769896582,-0.167357280944,0.113591963405,-1.12165929987,0.0272576974889,-0.514352320421,-0.0567002999384
0.328315533512,0.298922093933,0.179705047029,-0.457371979022,0.482202175593,-1.30121610643,0.0660826553495,-0.494489145405,0.677732372928,-0.513969858911,-0.917401910064
0.475130525383,0.626439899574,1.31053313324,-0.331366520047,0.0277430207107,2.06984585694,-1.01478448755,-0.578924430246,0.623381549527,0.999956962834,2.63887618969
-0.236100073107,0.355488303966,1.64390305506,0.91618462477,-0.942773512967,-0.461256967081,-0.577919809402,0.134353799726,1.17084393163,-0.276293126821,2.85688449422
1.60198448325,-0.258613726984,-1.29201820791,-1.36488888028,-0.655248334087,-0.775657264242,-1.28346783364,-0.468309916452,2.13919545194,0.440008665884,1.45298095138
0.0548955132449,2.27803465929,0.941210158243,-1.57374060263,0.271377919589,-0.560031816114,0.209362869311,0.599133651362,0.164520281449,0.305736694445,-2.13597098225
-0.250021819771,1.5559931973,-0.66071258952,-2.00277910546,-0.146267529233,0.857932400805,0.587445999018,1.47100116761,1.10622573099,0.961865675148,-3.13321035272
1.16567117627,-0.475456095501,0.260940266011,0.948140496629,-1.7270400598,-1.60476628556,-1.51157196548,1.69209982142,0.909516954697,-0.367425625952,5.19514100059
0.936717606425,-0.944372921533,-0.0408435255166,0.61963733708,-0.248261433608,0.571851229497,-0.394948453457,-0.308715360161,0.312927142273,-1.18507182105,4.53984798492
1.6381489995,1.2920118494,-0.840906720653,1.39850713688,0.0130120585795,1.2881956993,0.239231485552,3.0498990219,-1.94271700157,-0.785744821131,3.30826519737
-0.515362489897,1.25987147371,-0.213549406152,-0.431247077849,0.64783961902,-0.258131869263,-0.403685233894,0.337309213806,0.852169160921,0.184323042971,-1.95797026224
-0.204300824977,0.434929335464,-0.536754506462,0.0238029513933,-0.663477094975,-0.233563895329,-0.675877774478,-1.056919463,0.818175328764,-1.22977957479,-1.73487837199
-0.696496818404,0.748341121352,0.723836758396,0.291384127838,0.899084091849,1.40949589028,-2.01105800111,0.823309379999,-1.11727109318,1.29242579047,0.373258361338
-0.102370917684,0.775523800607,2.03152330247,-1.10651192313,-0.00799678309974,-0.00499025816373,-0.10377519281,2.32363232115,0.948620586849,0.853368235165,0.636752738136
-0.5576956643,-0.342202377582,-0.0160293299799,-0.514747207782,-0.76159734115,-2.50055025145,0.541630013546,-0.273621718034,1.50030003792,0.047906859984,-1.367374086
1.84408545928,-0.190649584415,-0.15790808075,-0.985430265963,0.731401119317,-1.63712150157,-1.89201104318,1.04040788697,1.11464226769,-0.866252087325,2.48010259312
-1.28688901122,2.01627871245,0.647292441563,-1.03870577529,1.39706989055,-0.627781007559,-0.9420960782,0.125808557427,-0.337260674945,-0.367845211371,-4.76822412255
0.189612566498,0.373598957732,0.952841620809,1.88430878057,0.731516270363,-0.439934306393,-0.974585161945,-0.0245470870483,-0.81682281544,-0.182132314465,1.93797444672
-1.78531870699,0.946620441136,-1.64720227456,-0.150729106455,0.559428538885,-0.27815499648,-0.227356228196,-0.775820813767,0.476139273633,0.80248268013,-6.23058317763
0.514026726618,-0.559623883127,-2.6749722806,-0.512755424992,-2.48239541239,1.84510005469,-0.0145466941551,-0.9314477178,-1.76762239652,-0.884511961025,0.764172468
-0.933404724352,-0.0780155279651,1.40285457102,0.728950859242,0.351375758255,1.02916473927,2.09612289748,0.741134118724,-0.166052721756,0.976811406007,-0.598667650606
0.305518629389,0.958820140806,0.196288702398,0.503503657664,-1.4327522416,-1.34652080855,-1.22458363222,0.194360592137,-0.474567472774,0.233088024989,1.28915865844
-0.671528426697,-0.367345750028,1.00518153845,1.35514088591,-0.396312844161,0.0939243911887,-0.594229513764,0.238946004306,2.59593652009,-0.610395944734,2.02373585663
-0.599442315112,-0.483785541574,-0.412976342727,-1.03944262839,0.857317103576,-0.456245671789,0.321590478765,0.468191275274,-1.22183053799,1.50407285361,-3.12938746344
0.159761441328,1.70181837349,0.126744664491,1.43924727197,1.3944445119,1.38704511911,-0.213710315494,-0.733350821931,1.11884143851,0.942529941953,-0.583487730265
-0.243830416986,0.146727087257,0.379006493583,0.0726122561924,1.08460777912,0.711507819331,-1.2463955599,-0.189361984835,0.52458810675,0.5821579842,-0.181427925538
-0.633090435451,-0.652834199284,-0.331933040098,0.525048846309,0.135027715031,0.524324228484,0.167363103544,-1.71049335363,1.23033846913,0.61934238431,-0.381839320047
0.658797154322,0.726591813913,0.620827342913,-0.103449890232,0.471628982721,0.107211246136,0.655263942035,-1.43827297391,-1.52139495836,-0.0779736542187,-0.210428666387
-0.580014480329,0.484849921715,-0.480769434238,-2.56796864911,1.21839986136,0.201222594899,0.130504175495,0.533202381835,-0.663373186195,0.878392698872,-4.55530251278
0.510527156926,-0.260573671773,0.438600399852,-1.72283988212,0.789250670368,0.518962350087,-0.787670792987,-0.571698448336,0.605292200187,-0.939462414658,0.253194627621
0.391464101587,0.355837053063,0.897857984551,-0.190928702416,1.82039619605,-0.661970472779,0.455072858823,0.224699471057,-0.586648317387,-0.374686208795,-0.259518211081
-1.67637186694,1.11392894073,-0.300563076073,-0.450502477175,2.89000880709,-0.488992147351,0.232586406444,-2.01117844531,0.194265644393,-0.589446060537,-6.58297827451
1.29904636454,-1.87477368599,-0.215899299459,0.733794590295,0.167033567922,1.34768331173,-0.137342769536,0.129384950465,1.46066464775,0.687758923895,6.55699640069
0.170102691047,1.19043897636,-2.47558013815,-0.190282624308,2.7907323355,0.20481939351,0.826332273283,-1.18710784275,1.25011995763,-0.0410368090634,-4.76874669122
-0.194895335069,-0.259802862391,0.641397791193,-0.269278035872,-0.610714733605,0.124172625087,2.56638437147,-0.0408310698742,1.02742323056,-2.64681817601,0.302952971926
0.939272448908,0.565019005285,0.6321332061,-0.5355330648,1.46342883083,0.503821766771,-2.02873699397,-0.0968978654122,-0.266772686708,0.120304522181,1.32522783624
-0.722187745942,-0.557433422866,-0.625440500788,1.29351458375,1.51317191713,1.37307975496,-0.203082850014,1.06803782821,-0.434721757138,0.730851619345,-0.162510726623
1.02441555574,1.02343696518,1.0885205728,0.354176537193,0.470007185041,1.58040183381,-0.619324901251,-0.870711108242,0.773014063965,-1.26313056031,2.88569987123
0.534624635949,0.412498973346,0.88481038059,-0.69397491744,0.20370398583,-0.520789799461,0.170628323179,-0.526548649168,0.757319610052,-0.464584666569,-0.11629210425
0.422161791283,0.0278907420135,0.563337954634,-0.535255766976,0.875815339658,0.793141548343,3.06598719776,0.122999005041,0.889415165193,-0.266385948658,0.754902834436
-1.22957644989,1.46642632979,-1.11822234163,-0.438205978343,-0.960045936637,0.384524103167,-0.448186005949,0.847459755451,-0.620511853958,-0.416271921326,-3.32883377135
-0.553231214789,0.51576793359,-0.693990673269,-1.10060652613,-0.710178475671,-1.22321194292,-1.73576393778,1.08777556657,0.0211088511649,0.355154109286,-1.99331901997
-0.606353033488,0.306281818611,0.242084683274,-1.20694733165,-0.631679336993,1.1419376808,-0.0619763046628,0.899447472136,1.84447648105,-0.116745422674,0.0416192439974
-1.24472118041,-0.139953388876,0.80168718404,0.68789343677,0.569196063716,1.8288398159,0.385060367366,0.551587877449,1.43581525624,1.48834536105,-0.60663350601
0.674192627987,0.471685471817,-0.68042682301,0.719335045881,-0.272115290284,1.93539873674,-1.88330883383,-0.340502870828,0.849395685647,-2.13484277838,2.27728055737
0.448770164341,1.44488129577,-0.590493969925,-0.799716529166,-1.40472300017,-1.11900573691,-0.262850586239,-0.51178515672,-0.127264820948,-0.145027510748,-1.06798721138
2.01419347384,-0.966508578959,0.902130962897,2.02324753505,-0.457795908967,-0.318099256897,0.270008720607,1.67124906894,-0.720052201097,0.289162429073,7.18029263922
0.743112142048,-0.172632217062,0.0494194040367,0.171085250121,-1.57830148251,-1.70243701955,0.677053566593,-0.750109349552,-0.267427419769,0.911853133208,1.12150802787
1.06230167298,0.119740918383,0.954985543236,-0.495311108822,2.18913108625,0.0285660025342,-0.64277993972,-1.62517221423,-2.44897257943,0.000758182367371,-0.106569852988
-0.403069156717,0.629108137748,1.02166858074,0.737800071564,1.47320228739,-2.84183273628,-0.0404402617923,-0.94675144514,0.0698146246873,0.209550428327,-2.16522068674
0.105489884044,-0.134264062496,0.67819514315,1.13435890752,1.4286469508,-0.263785617638,0.123524126836,0.581767375116,-0.490342865602,0.490353708774,0.81988528739
0.578692838022,1.98309906008,-1.24502858912,-1.00490769245,-0.243202742748,-0.88736793721,0.107581471474,-0.536600277145,-0.0216185907084,0.643254327859,-2.05705087368
1.32769547003,0.340655632167,0.412598941827,1.08017146435,-0.682213682562,2.22521954013,-1.39732833204,0.704411101498,-0.317651277124,1.59867140985,4.61910780206
2.73318964322,-0.763847593669,1.32140966207,1.69500763189,-0.84820733167,1.41793632888,-0.194287076035,-0.318421751182,-0.407698046799,-0.694445695138,8.66875915618
0.642905258476,-1.32610912462,-2.80730565943,-0.203446615767,-0.738342501912,-0.858101773917,-0.0212544088667,1.82556623846,0.770349235013,1.01885428896,0.690460606556
1.1905080777,-0.625968388039,-0.58173696834,-0.160111252363,-0.923841070792,0.569564121187,-0.303862321995,-0.948409905243,-0.479821612795,0.637568441131,2.4600943423
-0.375491872553,0.0393037394634,-0.870668939834,-0.42092054097,-0.956696627018,-0.565862591952,1.45949253913,1.37125875193,-0.603284152173,0.56205790776,-2.0653775232
-0.746785609595,0.953616479393,-1.29149860344,-0.236238379142,-0.534692247908,-0.727435787853,0.895930985409,1.73903172546,0.105340649198,0.856488523554,-4.37053662067
0.871068080614,-0.527257916203,-0.464295917548,0.551045568333,1.84649529019,-0.908201030697,0.652417623245,-0.410083557166,0.0527082259946,0.122303607536,0.70105585973
-2.80996304513,-0.398071809865,0.295374926193,-1.43995523689,-1.48506876727,-2.11093751805,-1.19577032135,-0.811972683072,-0.509840364539,0.459127718587,-5.10470717531
0.572763849135,1.48542593622,-1.55439091502,0.765330646457,-0.525461277439,-1.77497774842,-0.217860581378,-1.00016522429,1.04141645246,0.602753262585,-0.694481859931
0.232604411889,-0.350146432537,2.17120757506,-0.383110605109,0.512800847939,-1.27478530507,-0.406585569329,1.3906245211,0.0745399922715,2.32782658109,2.79781596897
-0.0133457968617,0.454015716939,-1.62292106919,-0.987390837606,-1.06811396812,-1.48494294877,-2.36660306946,0.0549780857186,-0.343198314431,-2.27390422093,-0.614756827578
0.177505674069,-0.0511746112237,-0.316504088806,-0.332148382884,0.911860088771,0.450376269002,-0.479124546151,-0.844461652927,0.0899362469218,-0.381041023268,-0.227262613926
-0.52548632438,-0.556731072378,-0.128251314031,0.617001317298,1.30028195247,0.731900458011,-0.118321573338,-0.471808465507,-0.332110111581,1.79769203172,-1.27456298856
2.00332232053,-0.149361668582,1.8611681108,-0.487173979143,-1.45173893496,-2.2339321708,-2.13880622341,0.364357819718,1.82664456178,0.976331996382,6.14600206864
-1.22458311423,1.09425440935,-0.294657195707,0.595313213377,0.453061166273,0.312357753195,-1.17735347201,0.870232615414,-0.84857279529,-0.5905899204,-3.07082833214
-1.32530256062,-0.969323271368,1.80104708092,0.745034003862,0.350677462943,-0.977383564926,0.0118030150629,0.567621570112,-0.25162850876,1.86059828533,0.0547669548398
-1.38137137452,1.54790498496,0.596732099719,0.510991441605,-0.835611517519,2.12487609617,-0.474001287975,-1.48036629236,-0.298715460579,0.732300802737,-2.2161856013
-1.73865639341,0.479979956564,0.988174718773,1.1477085788,-0.568304353971,-0.194504577542,0.91700906495,-1.34686881192,-0.702715736313,0.271497480075,-2.32973482307
0.606730776319,0.763053675747,-0.686196398965,2.25164852638,-0.780129464274,-1.14018906649,-0.673381344138,1.10218783958,0.683662533438,1.00070320834,1.05901785841
-0.49780531968,-0.0644339110255,-0.304355207422,0.23176022862,-0.480706688171,-0.330881031532,0.866975396008,-0.0594432551076,1.89465846061,1.49836622334,-0.280165893279
-0.283683283731,1.43966161727,-0.429281545609,1.14462369912,0.445195827585,-0.240237490753,0.203194272907,0.561953159643,0.859116567821,1.80311365048,-2.03752039698
0.0664645318447,0.429842577515,0.225344572132,0.883260120011,1.1170886977,-0.206134611904,0.420609034282,0.79813578633,1.0924330316,-0.8227809841,0.100330692968
-0.585984223109,1.3360244371,2.1570350186,0.700237314612,0.394467458658,0.489010773052,1.53530621439,0.712685833914,-1.31119256721,0.152109959335,-0.859070774965
-0.125611878628,-0.240287106666,0.563904581777,-0.806032150752,0.563132694717,0.237826273487,0.995678913268,-0.902456319551,-0.366778717802,0.0446064635058,-0.56959022889
0.591581812036,-1.77104920905,-0.188603109222,0.21257368216,0.638266378028,1.61020058888,0.583873282275,-0.313277173891,-0.220701077371,-0.256437299077,4.20911923213
-0.668310908332,0.538396184418,-0.295008691635,0.516357496755,-1.34845374467,0.366957310592,-0.639860911723,0.050190711768,0.525325935724,-0.135851020794,-0.389538703935
0.399080138753,1.45249116176,-0.554644172661,0.535519848624,0.853154408732,-0.0909839130224,-0.00457729901619,-1.26463334214,1.93049667667,0.950912682774,-0.708324688856
-1.11644938614,0.374501573278,1.17941072818,0.258102121336,0.448742232221,-2.3106971914,0.253666619187,1.1441118327,0.145735709839,0.110199236732,-2.13652886426
-0.649111794378,-0.486959240764,1.66059763371,0.735205337445,0.355091525502,-0.889880634902,-0.342861802878,0.80557953321,-1.00605623592,1.33547528046,1.15203020706
0.702066246422,0.820100229115,-1.82179995528,3.34193523031,-0.123109128244,1.47915972612,-1.42971319717,0.0878668668764,-0.727514645898,-0.74488957405,2.00371637854
1.61838339861,-0.875860333344,-1.11824442072,-0.411350546746,1.25083842582,0.491128090855,0.758466990879,0.48125861732,-0.492357576317,1.01171174167,2.17159837364
-0.63831064975,-0.992706178031,-0.473658323448,-0.339078853497,-1.57124907485,1.13365020588,-0.119877925641,-0.0824842345069,-0.75275049561,-0.261409281599,0.368918550578
-0.207192927808,0.224506912593,0.10076868831,-1.17611706889,-0.258848993991,2.07267753785,-1.90519017167,0.717203798284,0.380295140473,1.19303635565,0.170073349022
-1.19222621967,0.236628298317,-1.0600252566,-0.788508617091,1.77564086244,-0.63141005433,-1.30877980141,0.704264762838,0.857951785985,-0.917660518083,-3.9293878694
-1.35418679428,0.978093632763,-0.792948922693,0.999149231816,-0.697841027962,0.449932619677,-1.27758174517,-0.0246272107643,1.36765882941,0.79915320825,-2.02641202758
1.90453806819,-0.571097249306,-0.194391067885,-0.18753796718,2.08693477859,1.73116488493,-0.287742381175,-2.15213609607,-0.916687324056,-0.278452847292,2.94578515957
0.0807226843776,1.90663084395,-0.0823586756118,0.15508386717,0.560632766457,-2.30097522332,-1.06972018337,1.40062887935,0.185959336161,-0.241137896691,-1.43070095042
-0.820369342742,0.08629311169,1.872188957,1.15553355621,-0.325345834671,-0.25105722627,-1.96366879944,1.24368474722,0.799711766753,0.00990752146719,1.98856916315
1.01404323548,0.0452679226472,-0.32564440522,-1.17972678262,-0.615679793537,-0.260270864993,-0.998081956304,-0.163407135839,0.617811682734,0.598812729416,1.50746507154
0.479890342114,-0.200419082547,-0.3711339742,0.558029953102,0.988651994365,-1.79425797949,0.927091215523,-1.51829019808,-1.03219888541,0.976274507119,-0.205655668086
1.80109055369,1.33171775641,-0.830969201238,-0.657470970799,0.138446940996,-0.556884931866,-1.7186214939,2.86338986083,-1.09984936857,-2.25870856578,2.62201212825
1.19117863994,0.817547662569,0.782717118752,1.41745881228,-1.55070507712,-0.88135159927,0.455246992256,-0.209047786428,0.134103071953,-0.576492364057,3.62170430844
-1.21484860173,-1.39647913911,-1.90787938402,-0.524070961149,-0.121266401427,-1.21026264679,-0.511444292746,0.199069694311,-0.9741088477,0.160287389914,-2.91248141907
-0.602970546092,0.436261034581,-0.861351803054,-1.02277182935,-0.294342362321,-0.566571713599,-0.245280504605,0.179670893987,0.588870747718,0.728984528634,-2.91461687353
0.860830799656,-0.822104812816,0.00517409584618,1.30409865962,0.0411840662031,0.91806886789,-0.299969469484,-0.642919306604,-1.56562983587,-0.154048623911,3.28971214195
-0.450077583554,1.62092923685,0.951866529363,-0.618692670158,-0.273693972481,0.83355855103,-0.173942269021,0.133179801316,0.300043208129,-0.0449746669427,-1.19729784847
0.102092982117,-0.995522505574,0.309086617112,-0.331368405245,-1.18535129287,-0.539155087233,0.611180139104,-0.316174883239,-0.3684749255,0.0489538957315,1.89765098931
1.00587040656,2.3383455203,-0.264163040235,-1.72053380252,0.755081478882,0.0118134172491,-0.173877693822,-1.67591857049,-0.76279176192,0.289719365439,-1.1450639478
0.277684224381,0.856004614941,0.0544233576457,-1.00835152174,-0.32485206173,-0.483244686393,-1.42102690651,0.411207036518,0.532043369062,0.0955867957473,0.198809833893
-0.254569906057,3.42306202785,1.41150818052,1.13056526194,-1.23200426903,1.28982271028,-1.43486403983,-1.00155390487,-0.79979766232,0.239448224263,1.26556616516
-0.246029126469,-0.203794307908,0.373656022727,-0.678571695649,-0.393016836891,-1.89665235086,-0.318820898997,-0.0503000597132,-0.495341788207,1.09290901669,-0.615153079444
-2.72494107885,-0.718676692584,1.01121628603,-0.899308425504,-0.10564874831,-0.275934169007,0.00645743448826,-0.0994365510936,-1.38094946566,-0.299203680015,-3.61802008991
-0.69997120241,0.326217840716,-0.850502710967,-0.926097844871,0.261305712228,0.683200052572,1.08858278526,-0.462637236014,-0.564771810017,-0.121014652309,-2.596132462
0.169054860048,-0.76948649614,1.40980395308,0.948099451487,-0.14908689044,-1.20379503725,-1.51701940101,0.244216687164,-0.0569014344198,-0.27013226606,2.45841581204
1.49039202403,0.480572303796,0.154161501579,-0.739757055096,-0.959896314816,-0.482412046573,0.760521686375,-0.618151448644,-1.80228160204,0.185710280557,1.81411046893
2.21990192466,-0.391260743159,-1.00016349992,0.167340387217,-1.85561605995,0.691877628389,0.347683939095,0.959580531522,0.580154371325,-0.125624971588,5.46243607517
-0.747260837413,-1.03671587016,-0.265655661533,-1.84559704587,0.586483062467,1.08733372609,-0.307889254075,-0.918569901046,0.550135140564,0.478496069021,-0.881927750938
-1.33718019769,-0.268992403343,0.463675326442,1.02982343526,-1.94509051757,-0.325124435532,-0.314176509374,-0.737829580052,1.6893602654,0.79490436127,-0.299962443837
-1.41898242596,-1.43822385651,0.879009324752,-0.455421168652,3.15992144912,-1.6778353083,-1.3939079624,0.486408225485,-0.695807782941,1.72655037409,-1.93740052002
0.712166029783,-0.208007898015,0.158096594022,-0.918286145652,-0.269111158707,-0.550690609508,-0.176718598357,0.68579682182,1.14255045406,-0.947642775238,1.38414627459
1.12784856284,-0.225680913372,-0.478071174454,-1.11971898161,0.692962117201,-0.853999026899,-0.23721080747,-0.733433269842,0.988304457957,-0.747078783152,-0.38364788101
-0.0913078339112,0.407576912597,0.128569938129,0.485100867644,0.257682623061,1.38028769934,-2.16435203856,-0.181276575081,0.383139257547,-0.9491569934,1.88721885633
-0.662992732528,-0.00145544932619,0.0585421939477,-0.311434516151,0.292511597769,1.10971652565,0.434462508768,2.18123097917,1.44101745771,0.582205809521,-0.907803203447
-1.09702976861,-0.554348908919,-1.66086175319,0.510919953438,1.42505929276,-0.769549542354,-0.182879462491,0.397567995446,-1.47570353005,-2.08784996686,-3.56651218863
-0.341876427539,-0.446343508384,0.135541622225,0.117988110762,-0.624150270898,-0.867052192818,-1.02760926488,0.160193144429,-1.30378209623,-1.67709813333,1.01499977838
-0.130412214041,-0.338881533034,-0.675432083824,0.191399192153,-0.929416985629,-0.459205799425,0.731637919597,1.32428318257,-0.971305203417,-0.227707129874,-0.110175791136
0.221259125345,0.429170963165,-0.978298167734,0.286636080379,-0.531865340376,0.243429795907,0.149496198217,0.229717785095,-0.0354469939347,1.19773079517,-0.380156983842
-1.30111295252,-0.538605007454,2.01505449111,-0.134677347017,0.554167384287,0.246020146999,0.996903484376,-0.116351562641,-0.949991712428,0.827914703251,-0.249009083288
1.45596628773,-0.019567953404,0.081000974273,-0.824685488856,1.74461982289,-0.439410280547,-1.05899797302,1.43964921923,-0.441490347047,0.0559404946753,1.33559818947
1.03471729852,0.762429794554,1.18041741722,0.802124106453,-3.5399021897,0.184687978006,-0.561338805046,2.23656166468,0.377319668803,1.43122296693,5.06271902443
0.342915136474,-0.72752208156,-1.96944407333,-1.97500927848,-1.10825643496,-1.30509613313,-1.16212420703,-0.513154424042,-0.45639554635,-0.76280632857,-1.34483234441
-0.309415317254,-0.975942087262,1.00746116977,-1.49847401022,0.834656685717,-1.6952272336,0.027129753554,1.08477654821,0.171451540379,1.55673715466,-1.15768471245
0.630902329858,-1.39904575237,-0.508131027829,-0.553947889667,-1.08766655235,-0.207174805559,1.01706558917,1.36272058297,0.0508533038121,0.190669773826,3.60161343475
-0.289802491636,0.447511188976,-2.0648893846,-1.09629257716,2.01301875561,0.833162588372,-1.2773399529,-0.951672961653,-0.393361774662,0.247307935782,-3.05496361843
-1.23763302145,0.859943557734,1.37154382608,1.32481189853,1.22140372376,1.97359242915,1.08988272956,0.00413441526373,-1.39640246143,-0.615919175049,-1.36691869166
-0.206795323106,-1.15051272531,0.419824192077,0.217534974422,-0.735284726668,-0.772375153588,-1.13695620812,0.285751241491,1.40835876554,-1.22737450792,2.6291419532
2.51047981556,0.519992469898,-0.123711242156,-0.590680341564,-1.66288421471,0.396065186763,-0.579007135152,-0.205892514497,0.0196480517102,1.3611274844,3.96209343365
-1.3928620542,-1.75634246038,-1.15753992097,0.577623381749,0.855543584118,0.662585683588,1.38371826591,-0.102695996662,-0.00171165258055,0.099359793994,-1.24615350357
0.19773409495,-0.0891721285278,-0.549823705109,0.258654947393,0.949743345342,-0.0982238551981,0.44096979056,1.22577284155,1.47427076065,0.500730401634,0.532759614446
-0.84994053266,-1.4355602197,0.353396728881,0.214847833816,-0.161928397662,-1.09863390535,0.204512046901,0.229214454344,0.42434571296,-0.450590728593,1.52171271099
1.70355171467,-1.81434868968,3.78836926283,-1.32417726205,-0.505934421759,0.477904258162,0.826862359852,-0.23333151378,0.495413534927,0.273562745998,8.5527420342
1.06927497275,0.449928589009,1.39619385856,1.80986662477,-0.121946761557,-1.50112367653,-0.191220730654,0.695900535982,-0.274158908546,-0.406034158294,3.54445075632
2.1674452884,0.798215498705,0.659454185716,-1.50426191032,0.480346976745,1.85886831533,0.259969089085,-1.05727595155,0.855181618879,-1.43863722454,3.03851219408
-0.898345788887,0.610872890007,0.965890981973,-1.45028381612,0.87196109931,0.513716356516,0.399671120309,0.296342745741,0.0924597983252,1.65944520848,-2.24261736915
1.21105137487,0.278171381675,0.0593542222865,0.0905353095773,0.226813433732,0.568248368768,0.228089577307,0.133250204243,-0.376701177972,-0.660458294382,1.74518402366
-0.0969579183733,0.762001870677,-0.718359858469,-0.0838867189016,0.305089730703,0.12921833251,-0.205015413449,-0.441619126972,-1.81047281755,0.360628056637,-2.37634096258
-0.875424760186,-2.25723581967,-1.37040418296,-0.801268068168,-0.077666217786,-0.0192613485149,-0.146885158925,0.413557012764,-0.456870549789,0.627684327246,0.154103761108
-0.626411149236,1.67106178226,0.304571669356,-0.127510323102,-0.640608112243,-0.295711933368,0.442951882135,-1.09105542199,0.964468507744,-0.177342896155,-1.79589728883
-0.282800283575,0.544991179308,0.547231105752,1.2121827423,-0.642947494155,-1.2687773683,1.38329611117,-1.4784000533,0.529414613743,0.584757378253,-1.06882132009
0.94602768042,1.0859954241,-0.59443290788,0.328815638114,1.37429493173,-0.615836350745,-0.248406691626,1.20158528837,0.567583095984,-0.487330296701,0.61616768133
-1.2563903356,-1.87615158405,-0.911514566156,1.53717528577,0.17898424186,1.03766761411,0.263888252318,-1.60852846553,1.13567303705,0.722553151661,-0.0975295350033
-2.08808995727,0.278726138079,-0.44996110656,0.220860805088,0.728402646546,1.30100384283,1.07418012263,-1.26730430681,0.24793059381,-0.99182934563,-4.63476921304
-1.10988880796,-0.33009398357,-1.3358106866,-0.694272136932,-1.66793841222,0.221856380933,-0.461500733738,-0.0396384470677,1.81700199791,0.251910301894,-1.47007218624
0.668431413815,-1.63354172931,-0.299369862153,1.15627368911,1.69625167857,-0.496617251088,1.00152059824,-0.451236301206,0.358913452311,1.65041183953,2.16169751124
0.0703012252784,1.04527410289,0.233436612897,0.0726798805346,-0.416047824027,1.55231866535,-1.39491962921,1.70234671039,-0.356636753165,2.40505819263,1.21617816487
-2.28463262634,0.702406752743,-0.473355879565,-0.711784673402,0.195592125193,0.266839488654,0.0801545122458,-0.383025555852,0.492388913792,-0.249785919337,-5.81424930291
2.01900974388,0.22597739973,0.427803053004,0.317194332933,0.381051190514,-1.50663343109,-1.55561794184,1.66046979943,1.5195940006,0.251412006425,4.79999205101
1.17681335328,1.39424888341,0.278128702949,-0.353906959301,-1.12187750408,-1.45053165472,-0.886834054427,0.332272059957,-0.566596825507,1.610464355,0.755993286976
-0.692207744674,-1.14401560166,-1.82265038783,-0.0256355906754,0.602189954565,1.72388402059,0.455734413817,-1.61923355636,0.271762671258,0.898105022525,-1.84529129878
1.53766614405,0.0843469688494,0.939427381121,-2.74542038909,-0.22113651001,-0.414535923603,0.7405809379,0.0796177847309,-1.03522113944,-1.78492507595,1.13507634414
-1.46364886166,0.0471059637224,-0.186485555587,-1.3748733925,-1.162037384,-1.80413135655,-1.07733822389,-0.0688649478942,-0.433360829898,1.83836782649,-3.87349798502
-0.114520517022,0.0699673083889,0.649175847337,0.475207340372,-0.169189543311,0.144606856885,1.44474483018,-0.488731995839,-0.186302797208,-1.447871494,0.256624926005
-0.336101725438,-1.52979258766,-0.930435189937,1.30371647675,-0.942178817657,-2.26772973683,1.45543172928,1.13504525586,0.0829145165706,1.00228186561,0.761176494751
0.838632869789,1.48088866861,0.092521557329,-1.75007324541,-0.18399035923,-0.0869849048909,2.50721735244,-0.741844731595,0.373089571591,0.368026339282,-1.38431929255
-1.80420158882,0.228130481178,-0.36026310082,-0.874924268508,0.0515137989817,0.437519039927,-0.877460711129,-0.218003769543,0.805108835425,-0.0396265786532,-4.41332580178
0.197330994172,0.258471464155,-0.137117230702,-1.56948448841,0.586031062712,0.663127901232,0.629742554235,-0.46808782583,-1.11787628531,0.880048291795,-0.353988043277
-0.711191429708,-0.5042117046,-0.723826739221,0.280615203465,2.65303341463,-0.520399068699,0.329752073113,2.00039550554,-0.552056756402,0.249056394842,-2.13792667658
1.71256254192,-0.637418413189,0.120622627851,0.350957276665,0.783117904239,1.86295281893,3.04595453303,-1.47157249528,1.03401052776,-0.421456008619,3.83353366993
0.762254011298,2.08130379624,-0.296497108093,-0.14403946867,-0.898986080881,1.56649836701,-0.564041311877,1.122119703,0.602657437096,-1.53154080283,2.21363469004
-2.70405981298,-1.23866106168,-0.934729023119,0.574641707128,1.7583595048,-0.125337602149,-0.0409353564723,-0.785060785664,-0.119156513849,-0.294799321406,-4.9567560423
-1.19127121692,0.503947673092,1.68175004894,-1.47319584417,0.629991555339,-0.155668064532,-1.35166889695,0.739341342508,0.354879370158,1.45417233345,-2.06728251779
0.969160700654,0.22534954757,-0.0698646359687,0.43098540675,0.147545993224,-1.18175401875,-1.83612869935,0.603924950493,0.433485483441,0.359403183569,2.88809262722
1.94152309136,0.202738007601,-1.15148553569,-0.812256329396,0.104634852893,0.551112826639,0.299048597768,-1.34567158424,1.55569775606,0.989420885884,1.85468293146
0.810612904268,-0.786586680339,-0.131983110781,1.35318406711,-0.634863797089,1.85126662694,-0.467573343563,-1.79001940156,0.995421200499,0.00331895036934,4.40236850682
1.22354487143,0.403319099214,0.101835084119,0.949669683561,0.615885942012,1.84101830424,0.120680189884,0.185814023711,0.210678066292,-1.14322625296,3.17713725548
0.476091808068,-1.27585916321,-0.720767457251,-1.32417438289,-0.575361211804,-0.285851824167,2.02049591015,-0.816046736001,-0.995210278985,0.133434041149,-0.328229328289
-0.798397163984,-0.261433767003,-0.240137893804,0.339468907224,0.593656856097,-1.67603780554,-1.35565216306,-0.378025527321,-0.433641281674,-1.29151321424,-1.96478725483
0.420027092614,2.06112082281,0.806852803343,0.246723134123,-0.230005174374,0.0664316461033,-0.48480976786,-0.0122999958443,-1.04264032771,0.257765945414,0.515657613998
-0.398279672931,0.6992940996,0.699194120216,-1.89614186384,0.464834777603,-0.182902799741,-0.655713168681,-0.603258414936,0.0813198881983,-1.4408954672,-2.1594165022
1.29495189555,2.28421165049,0.0961531655152,-0.61342578091,1.38364597419,0.92569793081,0.924825788174,0.23258596632,-0.888919916291,-2.25853525715,0.533866784482
-0.186343180531,0.0386915569919,-0.409460101873,0.256825714171,-0.958007015698,0.406679214275,0.981109119176,0.0486930367892,0.801737283688,-0.736776165336,-0.341986857265
0.267346247659,1.05221044445,-0.651409795521,1.26189248336,0.0114500879317,0.215346348407,-0.808784637245,-0.522070477597,-0.201562266187,-0.693329985122,0.029843282052
-0.381052173718,1.99481042388,1.29341814486,-0.121942731893,-0.958610220824,0.686033545148,-1.23933525915,-1.54746235748,-0.803893593845,1.66075366546,-0.561888962828
1.4636303237,-0.915175335165,1.34080422889,0.0538367326628,-0.416633746573,2.87169561146,-1.35044846612,1.05214383109,1.88148754939,0.84360743764,7.99134934779
-0.809904847002,0.68825209046,0.188960406781,-0.0206177407773,1.32033256294,-2.27746406314,-0.476792643258,-0.456535797859,0.769627582633,0.383920639036,-3.06959206235
-0.230285366522,-0.254728212709,-0.797460826561,0.622257006554,-0.251947028219,-1.23936408793,1.78200261585,-0.392077016388,-0.658536134907,1.30661872393,-1.87785365715
-0.188486895957,-0.173256014542,1.63102967284,0.813805610922,-0.529686861459,0.513440888755,-1.59051588933,-0.834900404091,0.166174956141,-1.15071435017,2.70204367269
-1.15745509077,0.258516052005,0.601090864818,0.941503127251,-0.121059852774,1.34327668289,1.12167097946,0.71616348721,-0.232130276549,0.100251555607,-1.83263444039
-0.496040602007,-1.47888237172,0.890593949933,-1.94899594284,-1.14161776952,-0.825125202765,0.645829436448,1.34138605971,0.0246744699906,-0.627963137494,1.10768336445
0.95445621968,-0.0358092914424,0.840195390469,-1.52865574682,0.512162686044,-0.135584370603,0.832480823266,-1.12672120359,0.66353658991,0.256450633077,1.05310006605
0.108252742065,-1.89216870169,-0.286543121966,0.00335224080366,-0.147462591944,-0.221592825556,0.462433139714,0.742172283602,-2.24953816621,-0.0721680142763,2.17558201595
0.857050368783,1.14708385436,0.201739395434,1.50176179053,-1.40482192601,-1.60653835972,-0.147199043832,-1.67943958966,-1.08772913906,-0.0644773634414,1.18447341557
-0.030508139328,-2.25028729065,-0.00791770332455,1.02708316734,0.0936214942997,0.876595438084,0.751704936507,-0.459186959184,0.882408465859,0.371754406213,3.91271468281
1.65002053732,1.04481170893,0.0835392917563,1.82304757007,0.703123547932,2.53120138267,0.082082906138,-0.808621522056,0.344667220962,-1.21851689812,3.37535699214
1.59428727135,-0.507019948208,0.80975050113,-0.38572854591,0.289792482757,0.782959688956,-0.0529404448279,-0.830976207516,-1.45775551978,-0.283567206122,4.38408435676
-0.536829584163,0.0901702338397,1.43513941385,0.86855609841,0.13397219519,0.109132211682,1.78978395195,1.35959460262,-0.19703223514,0.689402347767,-0.00939465946025
1.40338620176,0.291654390689,-1.33863313409,-0.575100790893,1.36808384655,-0.148519498359,1.6631078572,1.04343179849,-0.834094963085,1.76850084686,-0.599634747445
-0.792960455967,-1.76017753916,-0.425485207328,0.0882492634198,-0.934479228367,0.746943027307,-0.151860392663,2.10934073774,0.818585376577,1.3404909627,2.58091443272
2.35846821026,0.0679838862341,2.42178264919,0.883088565622,1.26343956113,-0.746739854906,-2.78258152035,-1.41966043838,-1.73648916292,0.315262267442,6.17541327592
1.15575230128,-1.1962127788,0.91825327872,0.549658266811,-0.314473912997,0.58689321627,-1.23217782228,-0.815017498653,0.775733536751,-0.173785952639,5.62389273044
1.47533425641,0.943259552935,-0.271566304575,0.0614298156919,-0.847530763227,-0.328978403151,0.361289489544,1.54185402587,-0.236087193467,0.660454147687,2.47121807389
0.477822963246,-0.866404854537,0.0825133360932,0.631123534778,0.175737400875,1.12842910711,-0.308485103398,-0.276624880504,-0.499596912293,-3.10361930191,3.29554910954
-1.73866738845,-0.248115522003,0.23662437428,-0.900229172465,-0.958456959095,-2.20721843215,-0.230899181139,-0.0695560227317,-1.07755887594,-1.50143919702,-3.09107657299
0.351087211029,-0.780579606528,0.026221406086,-0.800316058943,1.1371807136,-0.743222862873,-0.591687417527,-1.04987400541,0.320798788965,-0.964225688326,0.622507990821
1.23611965052,1.1221642883,0.502289939145,1.87954121614,0.0197712401757,0.967570300093,-0.756047339516,0.816502943153,-0.796143881881,0.901517325225,4.12029535002
1.2489075746,0.015093301913,0.455742306104,1.11782690378,-0.0389179053577,-1.44155539133,0.400622132299,-1.50622055587,1.30657081104,-0.7013768331,2.71950709183
-0.353874472412,-0.703564364198,-0.80216680983,-0.736083091575,-0.421569609837,0.207854666227,-0.0684229261134,-0.509273330249,1.29070622887,-0.170157260211,-0.0958919103013
-0.141679634397,1.23326831468,-0.0481793447412,-0.237845474248,0.509033842889,0.360524983229,-0.878448714397,-0.974296506072,1.45583544286,-0.17261606806,-1.81002975552
0.860961129102,-0.175899011839,0.22124511577,-0.831229072311,-0.358717426457,-0.265339183176,1.22350503436,0.906599341482,0.244218927558,-1.09955199141,1.13669276083
1.61832416473,-0.61075147536,-1.36768763416,0.0967933295749,-1.40252722841,-1.24113830807,-0.656237016704,-0.728294591898,0.333741451911,0.924838327267,3.34208078438
1.87482818838,1.0764111691,-0.562081619786,-0.688708661899,0.0263131891191,0.372824949197,-0.411861437591,-0.036525165489,-0.882596185296,0.162298059303,2.17250293958
-0.128365903938,1.53925465329,0.498457780531,-0.203482611403,0.143562170801,0.511588258884,-0.229203280835,-0.00107202182352,1.90002916401,1.75895806421,0.364971825981
-0.794749166402,-0.51834051022,0.67123028188,0.418447801255,0.0924541975636,1.86258118062,1.40573762937,2.55878850188,0.500863056433,-1.46976265903,1.36316942452
2.06989103656,-0.0475758741037,1.82175578849,-0.104439180689,0.605972480917,-0.0269676820824,1.24329842512,0.201289521321,-0.512456258186,1.97269705596,4.5333084365
1.93716983253,-0.352303177234,0.860750102912,-0.159602125989,0.169742857387,-0.319254604669,0.784965422197,-0.661040753104,-0.784283115912,-0.72470172857,4.67146058236
1.03922834836,1.53001762788,-0.965116118474,-0.664136862483,-0.897482603057,0.295324626115,-0.691592412736,1.30225494835,0.00837197874856,1.81764696538,0.257672878674
0.16611391783,0.375902740586,0.774446438146,-1.19239093151,0.181287165364,1.21473774205,0.646662088183,-0.348519853822,0.115522870124,0.159589882197,0.979859711158
0.928596600696,0.406517378663,-1.08343510121,-0.827840383546,-0.87717958373,-0.103108319868,0.471743917349,-0.424618333826,0.570153369154,-0.197690958699,0.0367217083972
-0.49649368552,0.950907184282,0.999362804233,0.311245304629,-0.954971308509,0.698237302604,-0.949756523534,-0.256983023129,0.342471850059,-0.851354087137,0.129826593109
-0.366598572447,-0.291469448447,-0.533861578015,0.460280604933,0.38896662299,-0.713118819558,-0.70297502823,0.193320822635,0.527335393665,0.403483786957,0.24055452938
0.0197905993229,1.47033574235,-0.0881725758547,-0.867351945115,1.12131036849,-0.937760723972,0.997393934764,0.324809783883,0.0603973511314,0.166957529682,-2.00499048142
-0.886558113119,-1.54545664682,-0.313043336081,-0.395454676453,-1.16227667764,0.782424726754,0.551249901391,-0.352959255566,-0.469487320049,-1.46529776029,0.609942580748
-1.00996725183,0.135165445325,-0.802019425119,0.663893808606,-0.142902005652,0.543501406485,0.314927945744,-0.892173487755,-0.273093996475,-0.287093418511,-2.05621978609
-0.116069345982,0.0456416681116,1.19515762476,0.0963753921941,0.55244523641,-0.565822719119,-0.154116316407,-0.0107242239036,-1.93528197837,1.01787991108,-0.193886554642
0.0220047659789,-0.863195327944,1.68962993757,-2.57840356757,0.410618664227,-0.514084407171,-0.848525753565,0.76772060074,0.474327269079,-0.111688424396,1.0148517152
-0.41951670736,-0.629389045919,-0.200881794773,-1.34242619182,-1.24157216001,1.3773343915,1.92906100875,-1.52903325359,-0.677855879883,-1.4138112117,-0.960168517514
-0.487719969237,0.176305883775,1.41384503974,1.16843494668,1.08373281052,0.369229588299,-1.19775711045,1.55473991031,0.0407188018437,0.352299065416,1.48042171438
0.101882005021,-0.272232077287,0.503082299428,-0.0741849363787,0.463449179671,-2.38747186886,0.499638676762,0.18780162728,1.40292004663,-2.76115420958,-0.11495607196
1.54728088649,3.15837436048,0.340560796039,-0.160294994954,1.01901466359,0.48043854535,2.2017225469,1.0994772466,-0.51213426787,1.62342134437,1.08954471099
0.800219065268,0.211544900276,0.89437605647,-0.201182800277,-0.850694375463,-1.92301454492,-0.0252451921225,0.586089607382,1.30413410283,1.29894498561,2.92520718718
-0.834166748968,0.716150236686,1.26366061237,-0.87099194276,-1.05523048273,-0.460083173611,-0.764984534141,1.24302230586,-0.548721990839,-0.728822473716,-0.503956356822
-1.45965178143,0.543094693535,-0.47751550092,-1.40961516873,-0.0073770079138,0.764571803154,0.0469724285203,-0.384773208056,-0.171117228848,1.00611879567,-4.85025294346
1.142423856,-0.542802565275,-0.621682052276,-1.84526561375,1.74133123089,0.490802857358,0.880446043779,-1.31533868277,1.11427816007,0.323238253968,0.397770181421
-2.82943215914,-2.39091147726,-1.03458206223,0.957456053734,-1.33111545436,0.60822632216,0.511499954566,0.309228710065,0.330871257724,0.194134422266,-1.31926985094
0.26014070153,0.0209487366486,0.179097038508,-0.295259459585,-1.94666657477,-1.00466315318,0.339012624594,0.0531789327986,-0.5314510422,-0.826705447388,0.705663170411
-0.497474621111,0.69053913602,0.0419409587365,0.131120176114,-0.39778900547,-1.35367460483,0.659114608975,-0.175258902827,-1.5807876934,0.142812138715,-2.71046320321
0.0016978608762,-0.719353044295,0.996736084203,0.747185802714,-0.646955808139,0.502785303601,1.38652989032,-0.389326521162,-1.44565878378,-1.06351972823,2.19726142351
-0.55786039022,0.53146257389,-0.137558490619,0.422379336455,0.495943082581,1.35364297959,0.545430839397,-0.706262625716,1.15761052324,-0.120271119759,-0.848856266342
0.39246368109,1.75761658999,-0.50340414475,0.0421123265388,-1.69159180639,1.37017468291,-1.3939416917,-1.47539848901,0.547390950948,0.495140344611,0.907040927651
-0.188387690431,-0.588169860101,-0.357963339147,-0.594345167934,0.851762649183,0.590928469043,-1.07112376785,0.647422578539,-0.477811967481,-0.675973156282,0.461656570692
-0.264991089497,1.15904344891,0.383091015225,-1.71491054247,-0.647042248264,-0.621976048725,-0.819559888893,1.00869510549,-0.385559775612,1.37604002269,-2.00926589718
1.09863389984,-0.201315075805,1.81705407054,-0.123766728062,-0.394374479506,-0.880424979388,0.328798950381,0.269603923989,-0.401917521694,-0.0650611487007,3.61984422178
0.815542614537,0.641708227868,-0.179712247004,0.195139098777,-0.347062235733,0.989672405206,-1.96056684458,-0.193226671626,0.742965430187,0.815393943327,2.06896723148
-1.85360335042,-2.38302176628,-0.518605186505,1.0370833354,1.61800026583,-1.88126322307,-1.18381514427,-1.04316394083,0.508311724567,0.775859969178,-0.583996936621
0.383320803752,-1.21303567402,0.27224214773,0.872217486361,-0.249392836371,0.548060067456,1.05064921678,-0.981540583133,1.49626815843,-0.568859333654,2.51161060473
0.74272669747,-0.216461334114,-0.221746366,-1.06409374348,0.460782189147,-0.634515592648,-1.74951442225,0.895974741514,-0.599722754593,-0.533964844645,1.3723821322
0.805794033763,-0.129389906075,0.375861946823,-1.61450312982,-1.03052435803,1.28302237544,-0.967582274802,1.22586382115,-0.219857089694,-0.466237547417,3.12030878843
-0.40218179403,0.179992817253,0.273429554806,0.0652815562839,0.806790754574,-0.205947284757,0.809445040044,0.222435658795,0.925968622964,-0.0365892624453,-1.05233018546
0.436791384528,-0.148261344464,-0.139267706306,0.620827267329,-1.38295789001,-0.92931664763,1.17735965799,0.0363251081373,-0.283948848658,-0.565956672558,1.15123163097
0.213534234843,1.01979371953,-1.63287826099,-2.1119472802,0.083167601558,0.465970089886,0.836590894954,1.1878055553,1.43651972256,-0.97071620844,-3.55264873864
-0.119545334214,0.51207645388,-0.966349131549,-0.872559455369,0.935059299464,-1.40834632941,-0.0086147994411,-0.056059982539,1.44176652753,0.658514837128,-2.42306622548
-1.98312499704,-0.451665090627,0.2858612601,-0.129660103244,1.76027560435,-0.598742013307,0.017303549706,-0.146543680177,0.236672671224,0.880789999047,-4.28711704988
-1.57602230713,-0.131464008511,-0.686957540951,1.10951055174,-1.78875117303,0.0854254070837,0.234444815903,0.959673551979,0.12282022719,-0.174794437529,-1.28878201509
-0.48945602594,0.636348252291,0.469202394123,0.529535823167,-0.9394495685,1.848366046,-0.23998691133,-0.820886647098,1.22455018504,-1.21961276547,1.19464567302
-0.227184100444,1.45978533567,-0.125784729423,1.85365070912,0.720341849504,-0.457826915609,-0.84143894037,1.08518566763,-0.518350476899,-0.582267105983,-0.531220615102
1.16249978016,1.07929734818,-1.03196938101,-0.554035268896,0.160305981298,1.67132229458,0.394504951152,-1.01287457032,1.52500644352,-0.674658017033,0.753403389402
1.27231488246,1.1009260936,-1.212544966,-0.932139302222,-0.0668910494435,-0.173853380428,-0.499512241014,-0.506201144684,0.752065139112,-0.790516104369,0.317565606748
0.803220218664,-1.91930435112,-0.167809956122,0.579390601879,0.557172126691,-0.347148687441,0.683579524048,-0.419454721535,0.968139211252,0.599901039894,4.48606428294
-0.315105915512,-0.158700916469,-0.122785256547,-0.494839230411,-0.865571959664,-0.207683020765,-0.520882372921,-0.294141474271,-0.0806160596074,1.13803395052,-1.8435950226
-0.574328817534,-0.314080814849,0.188663666516,-1.11841382798,0.153496262298,0.317967271262,1.13316562517,-0.0538601142153,-0.281731740788,0.260617256652,-2.06432016969
1.2371821458,0.692696467517,-1.22052718769,0.316244678039,1.59534736478,0.904830047166,0.581235525921,-2.0827838442,0.16700645424,0.235914283403,-0.143688469218
0.0129720573776,0.774852620499,-1.29701390101,-0.906854299263,-1.68718101981,-0.944097000379,-0.187735273531,1.05719781515,-1.06854793357,-0.765801579614,-1.66922590852
-1.08067317321,-1.45546093733,0.115733005858,-0.0278003169725,-0.557425555655,-0.442915364477,-0.488226435591,-0.251482023299,-0.881555368663,-0.91894825759,0.81973104879
-0.556598747115,1.64264217831,-0.861855278865,-1.33883621744,0.444125849,0.0556195594433,0.71792809091,-0.305965522254,0.428661715332,-1.4968562073,-4.0301699459
-0.89376911632,1.55589666835,0.138042496807,-0.964517113659,0.239702467215,-0.765311186602,-0.682848215374,0.0706841651943,-0.00627368052972,-0.564361740557,-4.12726577764
1.75622819745,-0.0929423048299,1.62919874835,-1.21392721874,0.16548959573,0.399101322325,0.140596633525,-0.371353030374,-0.322766701125,0.145545834445,3.28008588754
1.07847042107,-0.1576133013,0.717394085197,0.0425401155754,-1.32835078684,0.819883968814,0.886033326698,0.471670651209,-0.635002125411,-0.0934264831204,3.79945019385
-1.97401102672,-1.89427953729,0.766187737996,-0.0670305934611,-1.40193139953,0.651636120324,-1.17203700746,0.740634466884,0.264757649711,0.0692461463438,2.16540027308
-0.210240764216,0.0645356161238,1.13137118277,1.18042206665,-1.28535516106,-0.462724485526,0.0526129899168,-2.33673201944,2.98537729687,1.27658176716,1.24434593223
0.714653670316,-0.273055945426,-0.962078488038,0.474096421816,1.21109488432,-0.301432736017,-1.87433409513,-0.947344543537,0.157643401478,0.078407138571,0.00327330454679
-0.111798980292,1.24075652238,0.645133882794,0.376173687097,2.61587987274,-1.33202328495,-0.527069427572,1.36350087893,1.14386252037,0.490088652343,-2.23127353269
0.788431630693,-0.467955724945,-0.602216065132,-0.0431367903455,0.285118257827,-0.907964634768,0.284634366044,2.5766853109,1.36256312688,0.539645669462,1.73686890337
1.09826351543,-1.92439363824,1.64779242782,-0.161684556102,0.991813181703,-1.04746625016,-1.87058662605,0.735173807574,0.75847608554,0.253702316225,6.06149606086
0.425441073946,1.55048194955,1.58209715942,-0.387405478512,0.980699234593,-1.40894714813,-0.0535565279869,-1.09617016001,0.24131880056,-0.462770976757,-0.260724277211
-1.35566850571,-0.699392511769,-0.0644235834136,-1.76669843606,0.648236976693,-1.73463490075,-1.85123361133,-1.72088123432,0.138964581447,0.179432510638,-3.84990422177
1.87831169924,-1.52363224507,0.799706428622,0.342291265879,-0.607818035807,0.885778168751,0.857834813245,-1.52319032585,-0.144578122009,-1.7069710753,6.6806674277
1.22980781805,-0.492290546078,1.55205135413,-1.43466512541,-0.00168298616418,1.02750147127,-1.29647489017,-1.19395688221,0.517016309526,0.148401057121,5.27389998468
-0.204886628616,-1.19742448658,-0.59206365782,0.178508525469,1.27186549378,0.558832687847,-1.09438399614,-0.519991786839,0.901672361169,2.52500657414,1.38617519479
-0.0816519386062,-1.44373184733,-1.19565170429,0.200975944194,-0.945003534672,0.960598135727,0.466698185293,-0.14955856275,1.09169284571,0.486403477212,1.85544374819
-0.654524582454,-0.57079873108,-0.434143806089,-0.149728656948,-0.766731074812,0.149192469067,0.0617396027591,-2.5537606675,1.84625025466,-0.722480956597,-1.09734536934
-0.0906277786614,-2.33177238158,0.296599485548,1.18519194958,1.97134963591,-0.604608143954,1.50246597776,-0.372437091801,0.37188966283,0.68464267466,2.33982002217
0.137907153226,0.0402640259011,-0.369316254906,-1.37976803554,-0.206606831217,1.26604791813,0.97094322886,-0.312857186221,-1.24522444303,0.820405550937,-0.941808497633
-0.944978563695,0.0135151394449,1.69964292194,-1.01301009361,0.737448768479,1.3994139811,2.02752982488,1.2955100128,0.830953204727,0.474896650162,-0.704109271803
-0.392843373848,-0.351441730001,0.36430099493,0.286648108878,0.935097162671,0.559342436593,0.515433927083,-0.24261956603,-0.660512372184,0.842812422504,0.0976117261799
0.192481462166,-0.332151611353,0.470059206706,0.105146909477,-0.186035895342,-1.62394872424,-0.129123750688,-0.345429635608,-0.0218340111281,1.36711432585,0.604436047772
-0.117330514285,0.750479093148,0.623066589101,0.72817589825,0.556539976573,-1.22856458604,1.64938356065,-1.11637625735,1.54145331521,0.113285764637,-1.45648114906
0.41653368208,0.368895102037,0.329634645738,0.834347332414,-0.646962937309,0.213985686718,2.58303485307,0.412897785977,0.493698842887,0.544181113529,0.872091563032
0.380050472351,-1.17451418541,-0.70095498882,1.65132573798,0.141916262924,0.517486444163,1.16097096034,-0.397777131014,-1.32556979907,0.197244461038,2.55248727307
-1.11419225021,-1.7743795541,-0.591749241896,1.82737638121,0.384873783305,-0.652860705054,0.597916156589,-0.397475159084,-1.60441788418,-0.481760020746,-0.354908449664
-1.16489882999,0.247321144215,0.736671162122,-1.15682924532,1.5418909221,-1.6744689992,1.31199637488,-0.0538156206017,1.93740100882,0.821116807494,-3.39294885907
-1.31253585027,-3.19863931957,0.676461239747,-0.6118335196,-0.523102782374,2.52958378061,0.27317144424,2.08626619119,2.10157980631,0.59367027162,5.05433056337
-0.0127659291926,-0.540082675164,1.53828919966,-0.149253025513,-0.575705250706,0.8614354085,0.147073973963,0.777769233795,1.38117641387,1.75791468155,3.11377178258
0.469892496662,-0.611029674429,-0.00902440585211,1.73541165101,-0.805324799982,1.35037005281,-1.76938988657,-1.20799658244,0.753131100278,1.2233565681,3.08106553934
0.689661941093,-0.410434439276,1.40630247922,-0.100241351259,0.34429032407,-0.506313891064,-1.19083360235,0.916684031652,0.804562927829,1.28837186941,3.77847050144
-0.869000296897,-0.793214642369,1.49778966141,-0.174789362022,0.6657258967,1.47443522526,0.629358935989,0.0638425435001,1.31319915688,-0.0325839068653,0.857607024895
-0.411423640734,1.84007058979,-0.94088445722,-0.704008423608,0.31028823696,-1.02262811397,-0.460675914608,0.00801829028297,0.411080710825,-0.591743328231,-4.32795558375
0.775721802345,-0.524152517055,-1.20561400609,-0.757593341097,0.0757321189697,0.808466016884,1.27132165933,-0.0718202321909,-0.174486515647,-1.26596081093,0.259974814254
-1.37880649965,-0.441642139965,0.56381645739,-0.112498439575,-0.837212783291,1.26298309893,-0.362275409511,1.29197578139,-0.857243860298,1.21627867959,-1.40127492491
-0.206435751903,0.187881707851,0.443752318501,0.00661916916878,-0.202243237066,0.306014554929,-0.406580723603,0.566723821945,-0.181496844358,-0.380749992188,-0.101457938899
-0.586703894582,1.25587141046,-1.07283161168,0.797660154782,2.25719275574,-0.33046523871,0.529350175247,0.0777092797033,0.684981858628,0.521081700271,-4.24885875102
-0.96956599421,-1.63095605409,0.784825726339,-0.64076847238,-0.560198976342,-0.738306265994,1.11092976027,-1.44557995118,2.08190497902,-1.25867856279,0.851838115545
0.720199476951,0.488488112455,-1.39458156811,0.888560923325,0.326566860123,0.774036240091,2.09243733423,-0.0711258255964,-1.32470870788,-0.42717723669,-0.540330177645
-1.42387031838,-1.11862975722,-0.835250846619,-1.42256314826,0.163325756533,0.812822538183,-2.23358743189,-0.717432697189,-1.06925287962,0.789025542574,-1.92164273299
0.144690881197,-1.48401027381,0.0437991435452,1.1228269851,-1.17400944328,0.900892746604,-0.942141300452,1.23340583811,0.0367571098766,-1.5049244007,5.30741991083
-0.689722695383,-0.0161234639046,-0.585224199299,-0.73920200691,1.17329912163,1.05158527218,-0.371013498159,-1.05005774444,0.427054430481,0.05635331237,-1.90248160202
-0.237355435593,0.336785171465,-0.745212815639,0.110679184773,-0.220536647787,0.858123563524,-0.00613157261949,-0.535134000613,-0.570120648884,-0.710719428639,-1.2291618882
-0.72829235206,-0.515908340717,-1.32715452379,0.85232070326,0.122827198915,0.0871937301636,-0.318799981547,-1.23346057559,-1.67258149663,1.26823594484,-1.44124112336
0.290613267414,-1.07758819972,0.883656995417,-0.300578822172,-0.186203120055,-1.09527943086,-0.177616168484,1.82328185441,0.63967973999,-1.42810866123,3.22026828714
-0.93054038008,-0.978473110837,-1.04739358068,0.307852891407,1.0212473209,-2.08235375645,-1.04498649183,1.58144799265,-0.355693957677,1.1448532418,-2.19253897881
0.724082105736,-0.121087570138,1.20136543534,-0.29907915499,0.474836390878,0.00699376906006,0.309635804653,0.00616892246623,0.282743585714,0.7066157307,2.70040128277
0.378390158827,-2.13965330134,-1.14453584977,-0.358518044005,0.156310456932,-1.54027913613,-0.691394642958,-0.58449654227,0.123179793837,-0.90924078853,2.3357143083
0.538286880154,0.769835768001,0.101073846688,0.69713244843,2.10017787986,1.85665344288,0.105483559563,-0.543383973985,0.950185742141,-0.674347710991,1.12097389027
0.142485693159,0.429850680257,-0.105079016928,-0.0836876876102,-0.380104888001,-0.000536922921976,0.749922768722,-0.944262599137,-0.192151451457,-0.994686469384,-0.301774559447
0.375292905677,-0.467807404695,-0.824690913255,0.362822134208,-2.04810529668,-1.2707061069,0.654401263981,0.951331927306,-1.35686097971,-0.2866265106,0.493621194282
-0.0392971548724,-0.0140272285594,0.345364045505,-0.757851957182,-0.137788936171,-0.0192570031325,-1.03940122326,-1.21248477715,-1.69268341947,0.312719850488,-1.10645892779
1.48338344939,-0.659630957482,0.39283187154,-0.518626637615,1.58827946068,-0.9390019834,-0.832971022661,-0.736198971118,1.73841028041,0.456381197204,3.53642750306
1.99872921245,-1.08108523922,0.680100846113,-0.13604065094,-1.14636598648,0.443643828865,0.955176219484,-0.411248460098,-0.207363983166,-1.06083041823,5.48435533636
-0.137135486507,-0.240861140833,-1.38035334583,0.218968302809,1.95371515229,0.194542043212,-0.913652422875,0.0248283384359,-1.45866103439,1.0470529102,-2.3230912641
0.0942216991288,0.044458317305,-0.0131767099466,0.163008643824,1.60223486218,0.878547147125,0.342591872418,0.896059840129,-0.0817109107017,-0.489008056733,0.326258720096
0.826830700231,-0.217065612046,-0.805630782189,0.511864068645,-0.448877740305,0.688161342052,-0.748140560609,1.57124324395,0.00676637018529,-1.16315442455,2.91142051899
1.1030879649,0.83394376891,-0.687782881227,0.556360350156,0.784559169052,-2.30361841181,1.62022644843,0.837961275545,0.148277579613,-0.886452172766,0.405261384106
-0.403685763556,1.11899185176,-1.35013033746,-0.76242777519,1.45469950666,-0.238908501903,0.817724511006,0.730136895212,1.8830961027,0.492403177759,-3.60890473517
-1.32398613996,-1.93563669005,-0.220234889175,0.887156885089,-0.0703931346004,-0.756519548102,-0.445591428633,-0.333251723293,-0.945484987662,0.0644423012992,-0.336835143028
-0.262956060532,1.29707036008,-0.0198633808962,-0.193936999377,0.181339167674,0.767816735905,2.76421417616,1.16184502289,0.186485513216,1.68859027925,-2.59258415338
1.38865430854,-0.517205730658,-0.752162969305,-1.28950049747,0.796929509968,-0.141934148902,1.86005896457,-0.516417820019,-1.18135710648,-0.401086359141,1.2068733176
0.582718586639,0.111428723625,0.0941918962573,0.292615199283,-0.683540277232,-1.41395454782,-0.881948104414,-0.0819244172636,-0.154446710492,-0.284003763014,1.09979508983
-0.873182045388,-1.95296625476,-2.32356018359,-0.160314487199,0.329505713032,-0.709120346667,-0.784991653496,-0.183031456477,0.914832997926,-0.338613318596,-1.11856537081
1.33600684762,1.68617873172,0.414519137832,-0.98454850915,0.366694519602,-0.0607853656883,-1.38440139282,-0.161539270761,-0.218551020938,-0.152808282113,1.83066766309
-0.641770022831,-1.27868759284,0.344194156331,0.682318372362,-1.17633608545,-0.229791076025,0.131469431041,0.208901715427,1.99299414305,-0.764588892409,1.67604852356
-0.33727309627,-0.904039835057,0.692230998684,0.721814560701,1.13303439874,2.08739014002,-0.214478918626,0.358940759169,0.21789967946,-1.62566920902,1.76448131023
-0.503944986211,-1.33282760362,1.7914960683,-1.24681041316,-0.935117031324,1.22716185865,0.242649423408,-1.92049597575,0.843502227337,-1.29092901793,1.43491807777
0.644783612417,-0.217892160377,-2.29609251577,1.13369468153,0.0716063529521,-0.823339252087,-2.31531592494,1.03136014277,-1.09213063275,2.6254424854,0.619065546313
1.78916917397,0.319157681558,1.07648470887,-0.896046714615,-0.259579952263,-0.467288173082,1.66840138052,0.434471799727,-1.50931296329,-1.10077888098,3.27588006364
-0.728282374441,1.09469097019,1.03311384177,-0.976222445978,1.63365026216,-0.787809754917,1.08107014902,-0.284531587407,-1.75064176465,-0.0368525198246,-3.72123141388
-0.416300754448,1.30766771134,-1.42330336543,-0.506190592584,-0.0262444558997,0.786392247129,0.00175789205164,1.33508621481,0.423699530007,-0.673815538333,-2.50423346464
-0.392804578289,0.910439695993,0.965803784979,-0.125252996359,0.765509696402,1.03342795815,1.03900601269,-1.1417900103,-0.700955578599,-0.189487527986,-0.598113816989
-0.104814080834,-0.000795786677278,0.372860811789,-0.0202536868536,0.971510263904,1.31944861581,0.180439274657,1.4050125931,-0.352702548097,-0.203398111409,0.784222737373
0.152811103667,0.17465058543,0.219207998918,-0.117402284697,-1.37483906147,1.04823934861,-0.60999076146,0.25961565102,-1.87129299635,-0.465715047252,1.91493145406
-1.67663088134,-0.383576790951,1.35299124634,2.33507653486,0.890121986018,0.647894214341,0.533107882342,-1.01426981047,-0.453136002879,0.542243254432,-0.85806694748
1.01285845128,0.137546873883,0.468479147771,-0.892928708156,-0.175744769647,1.09280365579,-2.6204261051,-0.922265182592,-0.62368640885,0.759621924557,3.38283014613
-0.21802823743,0.14875268687,1.51744569198,-0.39681892618,-0.639594662499,0.566980531516,-0.410552393411,0.755634012322,-1.13495032572,-0.255209645973,1.791493689
0.977326526358,-0.0603451441669,-0.962398236211,0.809055442791,-0.0273007591797,0.603054301015,0.315085959442,-0.828409198855,-1.85838962776,-0.188162165833,1.2697225715
0.0980985990078,-1.35549831809,0.304785189803,-0.381478928,-0.56800168172,0.345692321951,0.103802915792,-1.10569453799,1.54037015282,-1.37352832882,2.61049474613
-0.769692922131,-1.79247021187,1.4945757309,0.439262381772,1.38833733934,0.0414750252351,0.0852624068127,-0.604589082713,1.36465667454,0.86363122417,2.20616875143
-0.278981083751,-0.463790129089,2.07456031225,0.318521019321,0.0138560868355,-0.536827665542,1.71101287389,0.371683027894,0.544255679496,-0.993138943454,2.12584889254
1.94557489766,1.8267383032,0.677769126462,0.205276417299,1.45096837052,-0.136434104066,-0.781015891492,-0.188429165575,0.318162709486,-0.0256622633802,2.45733173981
-0.292847787881,1.42668540703,0.406370978662,-0.739055897833,-0.544190408584,-0.772637274002,-1.31162902737,-1.24793932173,-1.32659664491,-1.25875497291,-1.66056818976
1.08277859759,-0.323764940009,1.35990185619,0.266636180806,-0.204934419239,0.873032278066,0.0170620074577,0.326313219373,0.110165942024,0.573398751062,4.5049529482
2.00104486378,0.410168731122,0.727596054946,0.485945723153,1.10905421852,-0.484730396718,-1.85024570415,-0.0623842070291,-0.0205877731479,-0.645131306753,3.97658275882
-0.749185580354,0.0318420770608,-0.556491285555,-1.77656698144,-0.856738892614,0.647388446415,-0.96529879019,-0.792423573703,1.7110675258,-1.69292733903,-1.95102322766
-0.777560111139,-1.27395620042,-0.780591464243,-0.204064074136,0.178767516635,-2.21639130877,0.946054514177,-1.48157105279,-0.213474974866,-0.638252171682,-2.50165440152
0.580598454279,0.853203235162,0.438762059938,-1.31830527416,0.867165395761,1.4754547607,-1.36617870739,-0.660173367587,-0.464500711691,-1.05257351521,1.13591098018
-0.565259209137,2.11780523848,0.613450151878,-0.227787058385,0.211669992941,2.20739096967,0.698123607754,0.764660422025,-0.499182016321,-1.66141277083,-1.64399069976
0.999161620559,0.0777884838436,-0.433264153191,-0.0987838138149,0.894150172291,-0.411796623031,0.66097156434,1.11242842656,0.102367938861,-0.57160450819,0.321627821189
0.912905569021,-0.736502785057,-0.419307103984,-0.189068973038,0.0336169257274,-0.00390540924209,0.826149320223,-1.14577475093,0.973868503664,0.849389868314,2.32993554496
-0.660930320805,-0.724920510374,0.96582994131,1.07814247796,0.33750616983,-0.56813166825,-0.430278959766,1.14903162443,-0.402429483089,-0.383718792722,0.995609210855
-0.862381131263,0.613036353782,0.304263241901,-2.14954715145,-0.776571127839,0.243733479727,-0.966131272635,1.10005151594,0.779385940224,0.278554212251,-2.34223421378
0.959589367837,0.00584923259327,0.491902475113,-2.06111516123,-0.35642853056,0.84433733316,0.685257822731,-2.75366406663,2.07920670248,-1.33579169287,1.13759605229
-0.101549996355,0.41956107319,-0.180524505673,0.309102481682,-0.499238996445,0.127931565917,-0.777118386268,0.624746997873,-2.08385963679,0.496906921537,0.343061742568
-1.32375849734,-0.111611471467,-0.509159813944,-0.0293652043864,1.65253769396,-2.22868423943,-1.87903934507,-1.39986900805,-0.905171380511,0.410800641724,-4.42368698985
2.01512495396,0.117390025594,1.04672581939,-0.997243213941,0.116617267381,-2.76486771131,1.0829339047,0.996889764365,1.50452857059,-0.105896028145,3.02487428769
0.718380341699,-0.302525349388,0.165668204445,-1.31171875099,1.36269881282,-0.491015964709,-0.468637438504,0.831505434714,-0.956006606533,0.678671196251,0.583174237861
1.59999242612,1.48354623736,-1.46572180972,-1.24181556628,-1.91362312899,-1.22832730198,0.601892972259,-0.869721691533,0.853827933855,-0.24608791883,-0.397369324179
0.854727202395,-0.694826559159,0.406992297529,-0.218590948798,0.211310475664,-0.128805283311,0.105649016217,-0.031321646914,0.530695253706,0.243739366979,2.90040718321
1.1564243595,0.562453449692,-1.83528766289,-0.209743353362,0.377903027358,-0.0585464438615,-0.0610581196925,0.0593219266293,-1.11865638417,-0.431908595899,0.199180761029
1.75020139446,0.0511115790479,0.883004060252,2.43818280648,0.892284008742,1.5289354839,-0.145450529392,0.268578350685,1.44911262491,-0.51592229417,5.90387121698
0.238836820626,-0.368428122998,-2.15688322354,0.224816423039,0.263175544027,0.85070225015,0.704123556133,0.131478918702,1.16269486479,-0.384404183197,-0.77993294012
0.957521209372,1.69488773683,1.37236510449,-0.115642902391,-0.888677226319,0.168912423004,-0.42522337104,-0.0206107203336,-0.362149378431,-0.0745676465161,2.13484479996
0.365066367873,-1.08805538773,0.197609520364,1.12214747691,0.132558944558,3.13497071491,0.938571237848,-1.78779372016,-1.21531337819,0.436005208424,3.47656944167
0.291383364699,-0.319097477199,-0.383187492505,-1.68617249826,-0.82500891104,0.0348550363866,0.436025163171,-1.45210638179,-0.220066339326,0.194865381693,-0.779535133937
-0.355388735636,1.63714987896,1.22441368445,-0.76720688244,-0.208461037509,-2.16413901443,0.91211681598,0.927920351861,-1.42696154821,-2.06058816958,-1.29590562079
1.13329595971,-0.169203931307,-1.69917939229,0.931749877581,-0.23545412984,-0.24424268596,-0.481679945936,-0.149106513176,-0.084205748925,1.54836087132,1.02542881353
-0.312049317588,-1.13320691292,-0.943112014664,0.260606855176,0.940449435534,-1.250082567,1.0464792087,-0.472074003729,1.83586989089,-0.687430672714,-0.55941030906
-2.41917453491,-0.915255059905,-0.44455052676,0.000548653990851,-0.740446782846,-0.187360208611,-0.607320396757,-1.92248702141,0.252680923856,-0.33259648345,-3.05412144839
0.356790490448,-0.15077275502,1.20450562098,-0.763927306006,0.451247853097,1.39186925957,-2.51603011323,1.26308083792,-0.650205560221,0.268425323877,3.72522804221
0.730479722348,2.25948819672,-0.734135395435,-0.351002506704,-0.162645833057,-0.187798927263,-0.251016971117,-0.85111720736,0.0876507766931,0.289172082209,-0.998140941174
0.520389564828,1.92114649101,-0.0628663831758,-0.796745311759,0.827010619335,-0.368016384856,1.28799889542,-0.42541110912,-0.138184845966,0.376557785696,-1.63462172828
0.65738839191,-1.38337204465,-0.425510911821,-0.0754211044093,-0.943278210504,-0.0569988772032,0.367439513493,1.26008124751,1.57995141859,-0.0239426166114,4.01721156422
-1.30123236026,1.90280860832,0.214594609356,-0.0611363047878,-0.592030037729,-0.671229688055,0.262241644581,-0.63682139671,0.611578449313,-0.540708031243,-3.57307247939
-0.170326931733,-0.0925897477547,0.251303867422,-0.642911964779,-1.24274104562,0.0845087000982,0.0529874460362,-0.294599082351,0.50716329318,-1.11562730889,0.462739940632
-1.78353825733,-0.874984864935,0.0985645456363,1.03867446303,-0.376044099501,-0.626828770619,0.934926924163,0.792135058764,0.0959159190052,-0.598237766421,-0.996932810781
0.0379795360899,1.7960390127,3.45367192073,-0.513889096592,-1.17169639219,-1.48164433711,0.865447304031,0.821220748561,-1.1693964905,0.442212144391,1.3193750986
2.15131877875,-1.5136449737,0.228722761361,1.13194107405,0.223046759147,0.851700660701,2.15613576625,-2.06564471177,0.364180219092,0.0683488047105,4.94459659992
-0.407125878812,2.99515929507,0.0142854379529,0.61003827246,0.570468933057,-1.10785015872,-0.374141606052,0.129817219918,-0.210751675257,0.436633405192,-2.37513794477
1.89511317001,-1.20244206746,-1.02501830315,-0.138241333575,0.586010909337,-1.18201683261,2.62580157244,1.13736759727,0.193292777177,0.687404680516,2.80623449928
-0.227001231976,0.975276725949,-0.414839565824,0.230769008151,0.0233926213784,-0.0176871613037,0.219115074466,-1.15062591439,0.765567974673,-0.844952048062,-2.69135717497
0.9145191389,0.787463134326,0.181549711124,0.724338719227,0.335602097989,0.822253841569,-0.0405846967245,1.02348370684,0.50467258927,0.109555540862,2.0546961325
0.374212514351,-0.609430404289,1.54816498395,-1.14606881004,-0.905845540422,2.78649884863,-0.760703218325,0.726275043718,-0.266610665058,-0.17870107984,3.50014895957
0.634704540974,0.979067284218,0.0878460489237,-1.73469562185,-0.869989487884,0.500019514244,1.20885879195,0.727807838235,-0.222460134773,-0.638227754681,0.222634584467
-0.71149549833,-1.48074203531,-0.658485755926,-0.205640083641,0.835051119582,-0.683010904781,-0.854310181983,0.664156170803,0.484013551359,0.138604252033,-0.0508526877881
0.729259960824,0.0658397325859,0.117200881345,-0.52250027324,0.551886977123,-0.411097930428,1.1820479179,0.974102062279,-0.212278334747,-0.42626480324,0.395102603542
-0.979193103921,0.788304280255,-0.871177564495,-0.716534724539,-0.735493628139,-1.04628899735,-0.387326455632,0.819590760887,1.56208795614,-0.856445586555,-3.13307805499
1.26813427423,0.578534861194,-1.91616170693,-0.0346275996499,-0.103499969853,1.3936136021,0.888189619027,-0.0974559380566,1.7702523376,-0.0121737389047,0.751009301924
0.88601177739,-0.442480221764,-0.251330887787,0.611669178762,0.838805908869,1.82122877395,0.92988262247,0.607804357357,-1.26746775648,-0.988267744843,2.97384104359
0.373428269995,-0.963418881287,-1.09111288734,-0.199808955606,-0.110000382044,-0.932838884781,0.767149292389,1.3097782506,0.466068649754,-0.122454031353,1.16984656572
0.217304844109,1.36635472629,1.64430683524,0.365893121703,0.0944391851414,0.0440749119412,0.321900931456,-0.0726505698001,-1.39851095154,-0.747701586896,1.14719154206
0.286425775337,1.48139945272,-0.0763907040831,-0.449234153686,-0.748554048214,-1.28697101908,-1.70438982793,-1.03402651874,1.14314388774,-0.432411569317,-0.673621276414
-2.44837621846,-0.415490734246,0.424421327472,-0.331692837606,-0.792523211011,-0.950643743897,0.3275141879,0.876027673967,0.274512513831,-0.774607242774,-3.4316438735
0.096999459303,-1.35753056326,0.894538125648,-0.936353768039,0.534568551307,-1.65154787708,0.174561865222,-0.370456897499,-1.63489524969,-0.121421936467,0.160850695268
-0.286825782037,1.19196685996,1.16372971886,0.263437572196,1.1281139074,0.278061817278,-0.648796716418,2.22322377507,-0.701366159746,0.976867336266,1.04694573033
1.7170783123,-0.0522189604784,1.11126012131,0.940745661911,1.03191845392,-1.11841312893,-0.676771927732,0.693444987546,-1.72782426141,-0.538603878518,3.39302802628
-1.43598769378,1.80140134805,-0.378511794026,1.59577101821,0.881608295725,-0.20084685061,-1.58554616021,0.879582894147,0.555137210385,-1.23347655307,-2.38875105129
-0.153245696115,-0.909393815203,0.481420068348,0.533895877093,-1.3273246211,-0.68879486512,-1.14367860453,-0.408865922705,-1.06504037016,-1.6131387345,2.80075731022
-1.05389335714,1.17483729382,-1.54170577104,0.409262980693,0.758255217373,2.32707982585,0.392260467107,0.521113259273,-1.2617222365,0.281638320134,-3.31680344209
-0.652990815524,-0.279058225722,-0.76393172236,0.35964405268,-1.58691824694,1.50785894493,0.970881098815,0.116366780863,-1.03757502786,0.478739742929,-0.776705169088
-0.37105469346,-0.566396111436,0.971220423874,0.916360658834,0.876138136628,2.67273704984,-0.0480518540981,0.135199483921,0.64574497814,-0.506219257958,2.16352098807
-0.200390211305,-0.826727753324,0.618581647124,-1.67520438072,-0.656942549513,-0.267753056939,1.08156135285,-1.60651780865,-1.02705733523,-0.606330169819,-0.131236599012
1.2370849918,-0.806544384243,0.187263754895,-1.55582555803,-0.997174996892,-0.508775325755,0.568751372629,1.29061111274,-0.627667332533,-0.151171047594,3.27580536135
-0.693003424232,0.305357588751,0.348302528004,1.20184992279,-0.0154290119016,1.20989202705,-1.11962049693,-1.71997183938,0.0139671053862,-1.16965850099,0.175758101504
0.47652764817,-0.390548132695,-1.03085260155,0.564872531483,-0.211761807271,-0.421488770754,0.486989815603,-1.3572268384,1.73991791851,0.754399601911,-0.0186005133199
-1.07703591581,0.430395295781,-0.173150697832,0.641861162246,-0.744397830514,-1.7651585004,-1.06278230598,-1.92297785607,-0.653093935836,0.901492079801,-2.71898448783
0.218079460751,0.51983339778,-0.0705468083151,-1.35229985004,-0.614014061466,0.539576342779,0.779347115462,1.17416558464,0.730253402306,-0.158092814994,-0.210562321808
-1.33052355103,0.759080024156,-1.38888408067,-0.707011572898,0.42641473625,-0.173334344892,-0.31042411608,0.269434396458,-0.980740183113,0.717407211107,-5.27870051532
0.746463130796,-0.640897569809,-0.468698542639,-0.432977863556,-0.306853814704,0.0458007384707,1.80878806223,-0.474734931472,-0.471014931021,0.254945090787,1.18485936209
-1.66622190433,0.470699941712,-1.13059949013,-0.866435408453,-0.526430649501,-0.273292977823,-0.7883919165,0.565950706956,-0.203596083578,-0.580538314857,-4.91754388151
2.52625826496,-0.136808347966,1.84039682939,0.304569039761,-0.931762366493,0.19303182179,-0.120570169306,0.490623819793,-0.00463234991749,-0.635552951191,6.68106548558
1.17476720687,-0.974859647917,-0.137815576182,-0.0180725813084,0.244417574793,0.306483585754,2.07053592739,-0.488136419103,-0.690217299436,0.541856072939,1.59411473554
0.615039736195,1.51045466543,0.409607223289,-0.711328539905,0.918916483122,-0.412345123159,0.064472806326,-1.15480694289,0.816520466634,-2.03542715705,-0.520940183037
1.15241000047,-0.924666133511,0.550674576766,0.15199281396,0.10270743459,0.564854023381,0.996001648377,0.501107550394,0.594118061099,-0.521403341683,4.2125858797
0.580618727709,-1.02018593345,-0.0872225873244,-1.91097456514,1.64691958442,-1.91511492585,-0.593879665688,0.0633057660552,0.556414062375,0.595891157454,0.853417082085
-0.387784730863,-0.839701460004,1.31809605285,-0.134467612074,0.503359248225,-0.270078220924,-0.304850265072,-0.535772589067,-1.15847873099,-1.18753324154,1.33125912152
-0.819385348466,0.932740768187,-2.19678716887,-1.21275603812,0.252623164545,0.71763740128,0.167647402707,-0.323372609637,1.65531158144,-0.149510992199,-5.54715136877
0.079902318816,-1.05927777651,1.29364414396,0.290420296155,2.00945349804,-1.90661049882,-1.51376774034,0.598128158089,-0.00259838902762,-0.251713156984,2.07287880771
-1.09769952166,0.414894698694,-0.331107736489,-0.481769335652,-0.431761488338,-0.788616393168,-0.796205867392,-1.20327317348,0.419473827895,0.343407879472,-2.9850550277
0.886060303192,-2.64390777057,0.528586159137,-0.64008328258,-0.627614495546,0.0255569218173,0.556296531709,-1.07650718883,1.28433572588,-1.34279399567,6.99545023889
-1.37069883764,-0.0479215806968,-0.188097061499,-1.29676084754,-1.186219079,0.392993708478,-1.87349756036,0.0696929250641,-0.0774739067918,-1.3062831486,-2.51017785077
1.31023436098,1.67692233555,-1.98831582326,-0.627620952577,-1.32802952838,0.685861264592,-1.02865327343,0.285051678198,2.33279386523,1.80065530068,0.421211655155
-0.0666800432887,0.502664606197,-1.7887829993,-0.283788818555,2.01161728549,2.24003547071,2.23146506294,2.30701497083,0.136848933903,1.17534070853,-2.42320631513
0.564046214822,-0.126755258226,0.365263183024,0.542029484984,-0.351769684204,1.38337841879,1.78620246856,-1.02678420879,1.11950460037,1.39245094548,1.91274978171
1.30547107737,0.840329568286,-1.37014052513,-1.19457869421,-0.233922929299,-0.936428931029,0.708450195673,2.00143509842,0.15837187284,-0.127356877927,0.0573042887674
0.232029890618,-0.144048889481,0.562384352541,0.872136422748,-1.4793347875,-1.34174483054,-0.876091405424,-0.934637112739,-0.355783300461,0.309790975362,1.84515271607
-0.406491838787,1.16570783891,-1.2543033684,-1.97755425573,1.76289343721,0.885807994325,0.0233180746024,0.720617940198,-0.664674560511,-0.849988636956,-3.75937782988
-0.588257808715,-0.919537196819,-0.470925410649,1.01640816923,-1.54504038793,-0.344758078967,-1.02801710593,0.393869263771,-0.159170406657,-0.61476028446,1.62599744409
-0.16183841911,0.361190954064,1.03330735921,0.352731303193,1.62409393657,-0.010841642769,0.596482249659,0.349848625251,-0.0470146085136,-1.18681669227,-0.233303495577
-1.7281653103,1.03720099701,-0.316721325572,-1.0053152823,-1.86280235673,-1.13958108029,0.841980494007,0.651893353195,-0.881066709315,0.362696952441,-4.92139433081
1.93243099233,-0.806643454191,-0.67835396096,2.00396204643,0.777966638939,-1.6388912162,1.37352116782,0.616404691859,0.313872580253,0.28901478096,3.92024555131
0.0282786395551,0.16196424816,-0.147885035429,1.43983072536,-0.164219926156,0.609013628504,0.0582568010297,-0.389859707221,1.07475968235,-1.51125068848,0.910130068265
-1.03481530514,-0.0612670527789,-1.51971430567,-0.842311322755,0.77077035572,0.681702271087,-0.048010963234,0.273490149075,0.470503937861,-0.60747058434,-3.89778720965
0.363970867332,-0.242293493194,0.0508820131951,-0.901147954521,1.79896098979,0.171797008083,0.539470195016,0.026375218606,-0.737905637448,2.05735204618,-0.440946792326
-1.78883581731,1.07799494875,0.120187799332,-0.62246956684,-0.187471305121,-2.0016259312,-1.43362473274,0.489549390761,-1.21251867818,-1.39498884486,-4.33814426627
0.262867109425,0.258654011127,0.356323348222,-1.25699535812,-0.0620118728711,0.113947124048,-1.29806101812,0.605042250615,0.378947951819,0.63740293785,1.19241752831
-0.727581220661,1.47956490338,1.42536487727,-0.55094960189,-0.938312667738,1.35510047888,0.643439666033,-0.0525678494848,1.18887383227,-0.509848865541,0.412184269952
-1.65570888363,1.70667845653,0.935322243309,1.78828518329,1.2570695308,1.50786407329,1.58649526167,1.41998889334,-0.849004663646,0.120221425351,-2.45478431232
0.890576012928,-1.6910126325,-0.761876144272,-0.650710081288,0.799102621999,-0.540184407543,-1.15533137255,-0.386560784962,-1.18463577477,-0.368535920842,3.39284074676
-0.338961171671,1.7719801075,0.299661386124,-1.58172537187,-0.497347629427,0.410693666343,-1.14995460663,-2.02724705836,1.02227373591,-0.372946533575,-2.74855631005
-0.778562188154,-1.63760223025,-1.85964865389,0.140379354606,-0.546601353804,-0.803020369789,-0.331081436431,1.37546908806,-0.916892524528,0.806542770109,-0.0327854741303
2.31015585617,-0.357512221404,-1.1652183289,-0.218438369355,-0.370810283093,-0.699253466155,-0.53467354677,-0.793727662453,-1.93100622029,-1.17621413263,4.25603069652
-0.120845428262,1.04530981902,0.083357205291,-1.42074964145,-1.21369966036,-1.09340627802,-1.50235119098,0.639043398348,0.0638594506537,-0.790833807611,-1.09031703897
0.0279058390437,1.67012351108,0.907106540593,0.639171819776,0.212310175812,1.40562186389,0.127208945539,1.50690718139,1.21421992392,1.75449114307,1.4960638527
1.1069066099,3.10250295112,-0.338914157754,1.27742174041,-0.556542642317,-0.296702273261,-1.0619105789,-0.785066851029,-2.85756297994,0.826954738778,1.4190816996
-1.66025769033,1.1284288734,0.0495894289947,-0.0626228357,0.522067229137,0.413671889692,-1.23588002555,-1.04059808263,0.00516645212857,1.12818759696,-4.70641324872
0.932581406042,-1.13239741473,0.922702782226,1.68468733285,0.907857826598,1.31727179185,-1.25526930696,0.291967741151,-0.47586431443,-1.04410295737,5.56760444907
0.214416409701,0.110431276118,-0.246386449842,-2.20077018342,0.23415374445,-0.589760106992,-0.13783181454,0.449905166254,0.312536667572,0.410293545469,-1.54196455013
1.33189246036,-0.598418615492,-1.8473046056,-1.57950157505,-1.00534111974,-2.18374039169,-0.682909333449,0.232032950722,-0.786727212572,0.642421145038,0.972198834103
-0.309857928195,-1.59955883859,-0.253848472304,-1.46985377896,0.114289198489,-0.646244898684,-0.470707937961,-1.62170857172,-0.97613872988,1.03296781235,-0.36618427618
0.3382055914,-1.01797940184,-0.852346786952,-1.40305547487,-1.41392902438,0.0640050990082,-1.39192092797,1.25013383952,-0.0210156471247,1.30970045239,2.06081311339
0.580424084677,-1.10728265358,-1.2741299427,-0.130004624087,0.00999713270128,-0.881505218089,-1.56431475809,-0.45430031264,0.31978944267,1.36883361259,1.53129081972
0.593499667998,0.00381556776342,0.491558870743,-1.1150929828,-1.02518490441,-0.244661460289,-1.19955649508,0.000157144357067,-0.539730628926,-0.219762199497,2.50491858324
1.08893590356,-0.814849793783,-0.503740600668,0.513924631237,0.971116276693,0.122977800251,2.06770410752,-0.598788203283,0.192394701414,-1.15616132162,1.91681481712
1.96450226496,-1.13808743893,-0.561193029644,0.03020957499,0.517253592215,-0.652475327608,0.344815046849,-0.151517466022,0.89692856536,-0.541777599565,3.59959899547
-1.02112470487,1.16158896811,1.42202297685,2.48062096687,-0.126847260615,-1.0570448711,1.30861603901,0.673473692571,-0.977603784293,2.77122044403,-1.67016562178
-0.513431909633,1.79959717293,-1.24525301503,-2.15222857231,1.30077838216,-0.661156030173,0.909402280823,-1.18068091749,0.446703717226,-0.56195586711,-5.65353850505
0.00184801513475,1.27591447121,0.871462146389,0.462366524658,-0.794298970751,0.106684971125,1.24198826901,0.697928935141,1.29860561364,1.07146149025,0.521015189488
-0.609674950332,0.402733804193,-0.45992184789,0.354912071921,0.706777975104,0.347901129208,-0.0470949079264,-0.541417331332,-0.171010771014,2.37830939554,-1.83381690892
-0.127701849715,0.642964992401,0.970432263562,-0.23504579347,-2.04689495184,0.230291567279,-0.554539282478,1.03020418455,-0.974433714939,0.985369889928,0.244223578981
0.21873533907,-0.792959135399,-0.109653855352,-0.123602632801,-0.828581955917,-1.2585866104,2.13329880928,-0.057552251786,0.0302647552099,1.54344305913,1.08332893032
-1.30404392073,-0.734624378869,-1.54495887922,-0.324868432764,0.559528884886,0.539446814237,0.431967465895,-0.425649672784,0.674733197943,1.03136076619,-3.89389679439
1.62129159175,-0.108776791219,-0.396057583781,1.37688088403,-0.406954217662,0.75166276547,-0.789469182969,-0.00484368166564,1.35503261218,0.618580296321,4.39058401543
-0.947878843801,0.26188281771,1.27798466166,-1.23861196557,-0.0848849907149,-0.907918603392,2.3427741688,-1.4102699608,-0.804177445834,-1.93896278401,-3.67463794962
0.279923697903,1.81289602034,1.02794799861,-2.17644681669,-0.939115597255,0.427315707783,-0.169535971172,-0.416462095352,1.12690105363,1.30431984743,-0.41743605771
0.523852922514,-0.560229183893,-1.58616185926,0.23061503644,0.12803274974,-0.376323488883,-1.51205374366,0.51529768841,0.230541472085,0.0888284934657,0.508164065952
1.59270310084,-0.412804141525,0.259993941416,-0.365538951128,-0.986699674731,-1.73173911511,-1.9264748825,0.303514073187,0.970520496789,-0.51467581177,4.26214485122
-0.400641003123,-0.0435440041288,0.564775713106,-0.907395784956,-0.0965594521797,-1.41379587106,-1.03701838685,-0.308731881754,0.839513455513,-0.776783681279,-0.38979777538
0.7924813623,-0.725301584625,-2.17623297807,-0.53043762904,-0.639144089857,-2.39064395873,0.393016111444,0.380690687481,0.915882014869,-1.00182506885,0.494630918289
-0.258066841893,-0.878884645713,-0.251933717273,0.974806892737,-1.04252690371,-0.525813048907,0.540337209087,1.09577668256,1.65726320252,0.841673516404,2.18578945313
0.871240518678,0.302026202603,0.384907543027,1.10004876208,-2.39533325906,-0.625723656592,0.0767185226192,1.17298369723,-0.677909592913,0.492229835598,3.77271756992
1.67588996083,-0.0812841238315,-0.0411500604993,-0.133887972773,0.78204477114,0.317994613771,0.929100278551,-0.546583268968,1.32881380925,-0.776883193473,2.89095910597
-0.233893739705,0.723212081289,1.429463114,0.744440321086,-0.868986935735,-0.406333125846,-0.477109872715,0.0151815842493,-0.0818235232117,-0.682140078991,1.27679260137
1.69321197764,0.812199144912,1.40111434825,1.37852872953,-1.41367494662,0.445929824663,1.84661062964,2.35621747632,0.807586491771,1.13201512246,6.08102884314
0.172012025388,-2.14928677176,0.916392655673,-1.72998386901,0.248890257478,-0.124485751662,0.96334637635,1.03423469822,0.779878266206,-0.656066419625,3.21403517535
-0.725934668265,-1.08099819938,0.263710101225,1.86681289711,-0.0831884327395,0.350709561914,-1.80814706709,-2.16765796609,0.192650717478,1.11389997813,1.2549965092
0.520881289321,-0.846882832853,-1.60880069113,1.12637117366,0.937402456505,-0.178821253623,-0.387046297614,0.334810512313,-1.6390149743,0.725906453189,1.27050835069
0.819375890864,1.19662164848,-0.162634372401,-0.856535794636,0.903813268565,1.12345234233,-2.17698722359,0.727080101161,0.910442374777,-1.18433792961,1.41005601249
0.657417885482,0.434549132143,-0.929769085085,0.180527247546,0.750286267936,0.120686732063,-0.509995865877,-0.721904381229,-1.69290395686,1.79690290458,0.163349438571
0.147507255973,-0.361821933541,-0.770255090994,-1.08996102862,0.109312648719,-1.63319269583,0.482538502418,1.27699439689,0.528832039921,0.0533527745014,-0.454387925782
-1.01519349582,0.00993158978045,0.682870757735,-1.3028646941,1.35254864062,2.36649394023,0.201139134524,0.885145449706,0.967021344562,0.666290698704,-1.76819849981
-0.178451459108,-0.718745660536,-1.35183908418,1.21794637457,-0.520910111995,0.127912626589,-0.766181885103,0.717963977011,-1.79720385442,0.451855176081,0.814093345688
-0.262399958659,-0.46736419071,1.00940592658,-0.664942846593,1.79690023939,-2.63205344711,0.89476987985,-0.179585490488,-1.25256570253,1.29304963147,-2.42823136767
-0.851743339278,-1.34706523587,-1.54985898152,-1.73131058403,-0.082341912565,0.195749786284,1.10794578764,0.872531266446,0.331157468638,1.52898761413,-1.99212966741
-0.00141014437538,0.564846390944,-0.444147806986,-0.518031549756,0.742986916036,1.49192656041,-0.922064536022,0.734525306908,-1.02321050752,1.74340921173,-0.733862333258
-0.56118167821,-0.598942610199,0.453505266396,1.6310210373,-0.56493582261,0.56015469387,-0.804215714333,-0.349811397448,1.18668027261,0.627242002402,1.48726101815
0.146631861795,0.427863198631,1.69397243316,0.872685475395,0.880309038468,0.36257722754,0.212989316532,1.00059658976,0.58810016856,0.175211800721,1.29425654181
0.219854691379,-0.132401209571,1.77604600943,1.43707904424,-0.619801281236,0.146950436264,-1.59866474309,0.314632260497,2.04356237065,0.818959960481,3.92824112981
-1.12718402929,0.222834579855,2.51582992626,0.521379859839,0.822023298832,-0.902813054664,-0.832771310252,-0.301510098315,0.576712830305,0.0148711761362,-0.685125092189
0.525916561932,0.0155661242245,0.617502286459,0.00378387877846,0.812690376069,1.51125147429,-0.272434867333,-0.0478710239786,-1.46382989352,-1.46022737258,1.80246894079
-0.0892714156704,0.203195342313,-0.935909855302,-0.687357723004,1.50060988512,-1.12015562317,0.048722882563,0.602036255458,-0.0971377674816,-1.19077031565,-2.72752326375
0.500215830861,-2.71690744121,0.460924710335,0.627655122363,-0.966836393453,0.438043989642,0.652209774932,-0.61026166135,-1.82905634999,0.396799049623,6.58378374897
-0.673717606969,-0.530898452623,0.0361020991569,0.685519438583,-1.09412264929,-0.737610750596,0.102905553188,0.0333596616459,0.597756589774,-0.0178870645436,-0.0396576919863
0.182850437785,0.049690280261,0.243756082732,0.0117489633067,-0.906363196148,-1.44685667472,0.927197311751,0.950687416141,-1.44030596584,-0.832073527554,0.0316020616911
-0.97689587519,-1.09246632263,0.460866727214,1.06771035297,0.110663517289,-0.316139712259,-1.45694238263,-1.3263131915,0.728064825894,0.314755241449,0.459213644952
-0.666267598401,-0.239064047088,1.41711641082,-0.109337094338,-1.37043814068,2.20955145352,0.484759532046,0.528288755418,-0.27045015173,-1.5357424661,2.03446505878
0.559157537571,-1.20403653311,-0.435228600922,0.571286383373,-1.3891365145,0.630809715115,0.569311027499,1.27576072395,-1.8628356884,-0.859990349166,3.58399337629
-0.0614032892903,1.20489197538,-0.25381866084,-0.196130007347,0.250925731513,-1.20605217049,0.204423054858,0.253906024397,-0.87097890998,0.335656949642,-2.21104504185
1.05896754969,-0.873827154298,-1.81929875032,0.0374532998021,1.20573197395,1.50723814036,-0.195951999541,0.246083137572,0.294031367939,0.130444283258,2.15594383268
-0.455072296236,-0.059065714717,-0.169235840654,0.264689470687,1.63021160531,0.766088407838,-1.31337679843,-0.76788029413,-0.4075969593,-0.934029656769,-0.727555973415
-1.1931841093,-0.261656658151,-0.453938167215,-1.66473403167,-0.355029834605,-1.32712774387,0.313099986332,-0.076293870151,0.406307254129,0.98942508307,-3.74722250204
-1.75407620306,-0.302182619986,-1.71769359107,0.03165149358,0.189259849975,0.83307714567,-1.16344869378,-0.0681456390968,1.54271021897,1.96635143553,-3.20099774271
2.14392347821,0.460992056588,0.311167002689,-0.567066859127,-0.683881268088,1.52180891885,-1.15390547398,-2.73650998858,-2.5247605168,2.51698107936,3.62819009936
-0.716413735375,0.901339641201,-1.26717873077,-1.47819452946,0.412689966578,1.75476125802,-0.0538638417696,0.423340193503,-0.638386363933,-1.01880770674,-3.40402804598
-0.544717446689,-0.0119085847982,1.27514783803,0.0825565351905,0.808357470425,0.281284340152,-0.183186481306,0.0222031684405,-0.421705202397,-1.08490154691,0.379745159775
-0.949010923713,-1.15934092322,-0.921652425795,1.59467630249,1.02309725337,-1.331075015,-0.0835054596484,-0.808578561141,1.31064604363,0.956533644311,-1.63450784693
-1.11189862053,1.96804214099,-0.861848203633,-0.965519230388,-0.599954260091,1.40149564842,-0.28378404955,1.42831761458,1.87674176483,-0.484019209953,-3.34245438474
0.53651870928,-0.832579413853,-0.0493118244211,0.568236287056,-1.13366615339,0.756676041508,-1.5381697533,1.80225373295,1.52863440115,0.222693345246,4.51504769873
-0.990547435343,1.30098994766,2.34634358296,-2.15855008176,0.679020793053,-1.33151746717,1.28256013757,1.30366045877,-1.103835478,1.95069061462,-3.12887690848
-1.90716066757,-0.241990102916,0.801460634549,-1.99551105181,-0.326587258356,0.0890968895602,-2.52813245326,-0.653055996441,1.35093731053,-0.78602220407,-2.80776923946
0.253409701218,-1.41023619726,-0.526445653705,1.67804480634,1.0538733011,0.0838289228887,1.25541054427,-0.18430829249,-0.378752585879,0.247882405893,1.62232726776
0.857220808572,0.772136816399,0.298645632621,0.0397200872175,0.445339433396,-0.454969663375,0.082657570377,0.833271330082,0.473448862227,-0.36948063731,1.42557720239
0.284671296365,-0.0715331614311,-0.816662342367,-0.440122776198,0.589335769018,0.811637265473,1.58458806018,-0.433000728939,-2.16862772644,-0.282262185007,-1.21074177624
0.925286479901,-0.63600101657,0.745374190441,0.312284602318,-0.721649030088,-0.780385218583,0.642184662092,0.288434033877,-0.269670744347,-0.642313266119,3.52657145584
-0.159597451725,-0.547753637868,0.681020586763,0.964452611255,2.66299196211,0.098787817823,1.31474303837,-1.56877988926,-1.18371702062,-0.171409983921,-1.04513309788
0.463597293078,-0.290095345782,1.27734674879,-1.82247853196,-0.432800809456,-0.30078054668,0.413348491596,-0.487821841151,-1.10596292566,0.91536504929,0.985228012341
-1.84849698626,0.668120666337,-0.259415373654,0.414325481799,0.543619662119,0.0345320723241,0.0269232854936,-0.25020939057,-0.540390882808,-2.23218675238,-3.90969765803
0.547491072615,-0.562198256266,-0.844126266154,-2.43398295446,-0.47018220481,1.62830041988,-1.01810163414,-1.3841387988,-0.812945975948,-0.475794695106,0.51237372081
1.38391332616,-0.0433817378462,-1.2577667037,1.23395696483,-0.86416829983,0.482105832738,-0.0542612433012,-0.357051928251,-1.42451722454,-0.888753965045,3.20375812448
-0.587122904781,-0.873387973936,1.00617839171,-0.252586622857,1.09132861253,-1.3785182189,0.429369498426,-0.960493636344,0.994789188416,-0.610251781168,-0.993326602516
0.382609506489,-0.688690544593,-1.11975043855,-1.19878689682,0.251800347414,-0.465458488793,-0.77444521818,-0.495449691332,-0.00810620803782,1.70967759884,-0.541272293135
-1.48547604609,-0.418001308785,0.912041267227,0.110739177391,0.476257257072,-0.72000610462,0.68781922706,-1.67435395342,-2.02158190503,-0.639049618114,-3.77184867029
-0.170208644446,1.18002022442,1.23984869523,1.79797886167,2.29534626406,0.0306111677597,-1.43232193898,0.817613080444,-0.533947645488,1.21911167852,0.701181449854
-0.0909699073002,-0.32619487859,-0.0552465425859,0.755251091975,0.817182846576,-0.455081528733,-1.12183929942,0.0868926836921,1.91373851935,-0.0206265080086,1.30048721318
0.395984093214,0.180529963058,0.226700592453,0.642386412223,-0.677089837694,-0.202652224617,1.0313689119,-0.584439665018,-0.106466527098,0.974046093952,0.673088631366
0.0657278467437,1.83373621704,-1.06148643329,-1.34968271802,1.51202741043,-0.386034284728,-0.830565451621,-0.990677442438,-0.231157486533,-0.602469759208,-3.37806560653
-1.30630656549,-0.870900056921,-0.646397137767,1.191112709,0.0682719288381,1.73620976992,-0.0354823187091,-2.13971317794,-0.37774506978,-0.793751258655,-1.43127892026
-0.408732341864,0.699923687505,-1.07111141817,0.987138775942,1.58117640041,0.957108356691,-0.224973526678,0.030824640919,-1.0588833019,-0.343983493103,-2.18298354361
-0.970382582002,2.16780025107,0.405852849954,1.77322399709,-0.0570462303553,-0.512061738396,0.138834446961,0.196077346638,-1.5258636469,0.734402248317,-2.75500325551
-1.23611973622,-0.391994603408,-0.873197979815,-2.10505217363,0.696196729211,-0.435879716672,-0.0517940537462,0.851899168106,1.52995044832,2.32426424254,-4.77010363532
1.32182606673,-0.909036674638,-0.190595715002,0.14198928069,-0.119509102124,-1.32238575168,-1.14438116551,-0.0388310816729,-0.549818357257,0.289019838196,4.23096323478
1.58054475543,0.114909048559,0.001646245921,1.15046863815,-0.884758663456,-0.0259427280285,0.276139939202,-1.70708525735,0.0876534018768,-0.25301732676,3.24126005911
-0.166480501091,0.243106031225,0.0163318736619,-0.91680996144,1.41714800105,-1.33357055008,0.8923700644,-2.17654905567,0.733304113758,-1.55785032032,-3.16307279297
1.59183618327,-0.102403563904,-0.5829584524,-0.69014602426,0.328574599774,1.03469562099,0.62978350695,-0.660456723241,-0.721721461444,-0.319008971826,2.57558974641
-0.9131881078,-0.388367710529,0.405650887503,-0.21698099246,1.93019874474,1.00385293528,0.736667679266,-0.482037511764,-0.550604418409,-0.198152896729,-2.05816685407
-0.293201150882,0.0475628187482,1.70158217498,-0.979890438117,-0.209820454859,0.343116091004,1.65228812467,1.20991213604,1.19503629245,0.357672596738,1.15888698177
0.270571556445,0.371645213439,-0.829700429127,1.38590290288,-0.250581541254,1.12000432795,-1.11460590936,-0.925056341768,1.14737991205,0.386554846448,1.13818983795
-1.67676795318,-0.327489815822,-0.123268539799,1.11205920993,-0.974754762844,-2.23181629649,0.632266287295,0.652350838689,-1.32423731645,-0.989928665915,-2.74130829393
1.05908123296,-0.425087294188,0.0375167013451,0.833547848393,0.859480151303,0.297688737388,-0.498517914639,0.880102552035,-2.39689078956,-0.275512033384,2.99859554878
-0.561537772403,1.12889386403,-0.158946614238,0.220801634128,-0.876510625031,0.455560661159,-1.81833657614,-1.1532876132,-0.343084076277,0.0522320416887,-1.44882974319
0.750802878771,0.454469289812,-0.341483518857,-0.259569359861,-0.0267303221034,-1.34831397357,-1.14023832563,0.387475215542,1.02671901287,0.900182049056,0.980873001868
-0.209374704699,-0.361664234411,1.65767452734,-0.314432788687,-0.569680686241,0.302275445418,-1.11357527259,0.468959285062,0.351472480681,0.31126642829,3.19333113359
-0.259288902929,0.546943874154,1.0140983384,-0.035260018602,-0.66529800073,-0.0679551448898,-0.604314225544,-0.548204190267,-0.277967240667,2.46066395923,-0.262356426364
-0.862116366649,-0.917532041548,0.680472176,-0.15580999953,-0.990016393631,-0.434058046309,1.48379540909,-0.916310867547,-0.139472169437,2.13130570923,-0.553395506059
-0.156985453236,0.653897224827,0.550356634056,0.0888953371,0.317187620065,0.385933012404,-1.81009982257,-1.43299811619,-0.385594686087,0.0578248753708,-0.789665572018
0.112968992359,-1.70777688082,-0.010806616637,2.18653797813,3.24704550172,-2.23400448182,-0.0208508098022,0.81262388409,-0.286090738066,-1.18374715513,1.91231123061
0.144179621918,-0.914739536326,-0.678683310621,0.708706879999,-3.68068740441,-0.675357324167,0.416634801379,-1.24298356553,0.354711888543,0.257529441589,2.96175436892
-0.183524338404,-1.15183625788,0.601669807593,-0.401374032312,1.80118836765,-0.136749857247,-1.33847030138,0.249619782641,1.11833798337,-0.129910679149,1.31385522281
-0.0173174041852,0.7952042263,-1.13047032469,-0.898699096706,1.00654490166,-0.741866905783,-0.090808915073,1.60343585098,-1.78832317255,0.164963368047,-2.26446280351
1.82609245474,0.0874210290558,1.49998420131,0.00959519667315,-0.213071642807,-2.04452053593,-1.89170891792,-2.73615935806,-0.365331327152,0.229036987309,3.38216509387
1.3667250803,-0.651880807952,1.04728726439,1.1351995486,-0.307207001581,-0.716949691319,-0.310882422948,2.14146329392,-0.293319545864,-0.112454949207,5.20976736226
-0.462675063715,0.39299566093,-2.17764492852,0.99120753878,-0.219094000066,2.15043537919,-0.245483832342,-0.263973348537,-0.334609069002,-0.629777288238,-0.732854317051
0.26519495976,-0.919240528419,-2.0756235771,-0.532351447093,-0.227612081076,-1.06064336613,-0.935202912112,1.71832453795,1.21356308151,0.596044053881,0.572616565043
-0.364451584297,-0.462773565299,1.01297601726,-0.45531823978,0.254287785947,0.634046169288,-1.1312623908,2.99219197818,-1.30936668134,1.54463143716,1.0280164968
0.619506470458,2.18062932595,1.93278191552,-2.04940266265,-0.52617689549,0.719089471698,-1.30386879396,-0.471981761166,1.23593294921,-1.22908280888,2.02296075895
-1.61613651684,2.22608045521,0.0232656744467,1.24937243084,0.01330382682,-1.08017902486,1.29070104738,-0.305883581802,0.990411161515,1.50637046257,-4.84649313628
0.293103806655,0.180018723807,-1.27847287734,-0.89286459576,-0.56654470012,-0.184790638782,0.584497279361,0.914125960289,0.212840039555,0.36348100798,-0.901433940971
0.608969101153,0.960246761054,-0.433792533306,-0.445127024892,1.11707801733,-1.48147120947,-0.661252206256,-1.34624924918,-1.1886923158,1.00048344925,-1.37567502543
-0.164221117667,-1.20029087268,0.992606706733,-0.245986811791,0.375556565649,1.37787448187,-0.0411889399947,-0.22574244456,0.778759934193,1.35265882678,3.00576804675
1.98470158738,0.427365229797,0.717968930993,-0.819281112203,-0.229988974744,-0.0673099234595,-1.35416031585,0.151462665449,0.961622006801,0.687953981067,4.1392326144
-1.7342642252,0.496416546096,-0.531173778458,-1.98290992868,0.341860784265,-0.422052297615,-0.906998969866,0.290227419535,3.43027581771,-0.496458821891,-4.07133633811
-2.17357127138,-1.2589942864,-0.114776865937,-2.1411475921,-1.10160660598,-2.11805315016,-0.481816728104,1.29738929501,-1.69318738423,1.47264928116,-3.60011256739
-0.133039870531,-1.00656557423,0.488014705647,-0.13926558551,1.67788457454,0.666250927417,-1.32260450417,-0.926028833729,-0.204868146048,-0.180689796384,0.968264691449
1.20504781262,0.868375063506,-0.758009125967,0.604049753505,0.767091185469,-0.117558200717,-0.923081177759,-0.24133075181,0.28848186877,1.57078306329,0.719193159209
0.303569324064,1.15352063093,-0.321624672344,0.611188800416,-1.61985172565,-1.45853785432,0.994048225989,-0.902430321847,-0.871966120322,2.6218907192,-1.55420065687
