x1,x2,x3,x4,x5,x6,x7,x8,x9,x10,target
3.08889460504,0.98811698956,2.60286630197,-1.59576603718,2.71602078257,1.74867753649,0.760040523306,-1.99146587894,3.25476324478,-1.05579726924,2.41829114733
2.56339561709,-2.24676456477,2.51016405969,-3.32151482107,1.57002544975,2.36488067621,-2.42947864702,1.0652438101,-2.90234724926,1.49635572972,2.62504953258
-1.85546048676,-2.80886977147,1.98991632627,2.62536727659,-2.87976786303,1.66337826411,2.963813481,3.27062185477,-2.24625163966,-1.40153081362,1.20603361331
2.56405041094,-1.19381616342,2.28909105771,-2.15360176738,-2.07832518649,2.82038567554,-2.81592058866,-2.25396785089,1.22488667931,-2.1409830629,3.26137439583
2.22827108497,-2.69445031841,-1.98036225504,-2.95681320277,2.34652953669,-2.20546235721,-2.66287766639,-1.80901596571,-1.94343266964,-3.08704590001,1.3709162934
-2.71245711956,2.37081525491,2.17865814293,1.75313047064,3.4595776292,-2.65265223207,-2.17936204012,-3.4220361434,-2.41018734125,1.38530630828,-2.98160713148
2.84708733832,-3.22334833776,1.45317127676,-3.37835124398,-1.95823903908,-3.52677474736,2.27821047068,-2.02282564596,1.82637077477,4.39332093158,1.44166693266
-2.08719026985,-2.16032433234,2.27436536396,-3.76270772007,-3.73022047666,-2.77672240586,-1.74589403982,1.59798629914,3.61035898198,3.59546138873,-0.35557690056
2.04415051073,2.21285989937,-1.86105187127,2.22447923318,0.638386357957,-2.77493499536,2.57206360647,2.25245033486,-1.49458100639,2.58380884772,0.407483124829
-3.20572506717,2.84000437583,-2.76160932171,2.34163901964,-3.10481151671,-3.23435849377,1.8991407311,1.72938097063,2.16819322703,-2.25682796114,-3.50427848541
2.96507197949,-3.40085602873,3.5472113896,-3.45247978741,-1.15488221315,0.900307210949,-1.72854648722,3.10778557026,2.34346124269,2.81247889036,3.96688211431
-2.18903000797,-2.82952175585,2.73103599855,-1.53041115231,-1.64133043745,2.8280634716,-2.55021124332,-2.29588474924,-3.81471565937,1.58851786478,0.644183631642
1.51233803466,1.73986742426,3.22833235386,3.12545858057,-1.35404275416,3.24891511787,2.00444139175,2.97701223308,2.94301387516,-4.08108888236,2.07624843954
2.29582511773,2.0001673031,-3.40332839917,-0.621789809299,1.84110286815,-3.06389385409,3.00540248564,2.55401278505,-1.79524409231,2.56972215543,-1.34829036046
-1.36695414853,1.22567402615,-2.77062196634,2.45601998227,-2.69110131705,1.19121062022,2.51920887657,-2.64828084338,-2.39299575643,-1.08677174407,-2.08011896068
-3.06698525063,3.38201498593,1.93731714125,-2.25963717744,2.22806451624,-1.29086888278,1.66298367708,-2.48700346304,2.4474254934,1.40024695594,-3.48812891038
-2.75077791309,2.5662881612,-2.25734187301,-1.81870186359,2.60622118386,3.08708774034,2.29881271154,2.47193897035,-1.73400083962,-0.311885018609,-4.01910049809
2.59205637619,2.28973405585,-2.36920400274,3.24910658998,2.1652747487,3.00147158892,1.31869560573,1.85970271424,2.38773825316,2.60412947316,1.30436296425
2.89728426195,1.29481217137,-2.20019033647,3.29121732107,-2.06565790647,-1.42217919333,2.84700680731,2.40535482434,2.04670086945,-1.82500516356,1.49554662497
2.28751961701,-1.03695858544,-2.87618328045,2.33742764694,0.234432359234,3.37211169302,-3.26893840411,-2.47259546868,-2.15242896518,2.34339267387,1.54751077696
-3.3438013667,3.09771972298,1.47748975759,1.5704044145,1.85272484062,-1.89625321236,1.51949987968,-1.26983486655,2.68763559291,-2.92712120668,-3.87617681315
1.92826844518,-4.01623709757,2.60529894967,-3.28470377465,-1.75874609777,-0.344207652062,1.39597453469,-1.07639037518,3.17230824578,1.83472588977,2.38678543668
-2.11685019363,2.19266650443,-2.42882954225,2.34803939232,2.65957325714,-2.62803971994,-1.38908318164,-1.39184636953,-1.98363526584,2.03298050228,-2.82116985074
2.8005043773,1.45087898593,2.91708857945,2.59373497569,2.36056576474,1.7713434779,1.70972831861,2.69163260306,-3.22264438387,-2.58269300572,2.36702332596
1.96885190841,-1.09597279097,2.04206725061,2.96139416822,2.840756017,1.88900860334,-1.24540760872,-1.41916779224,2.47708344285,1.24957652131,2.30791414982
-2.47161300283,-1.68874574348,-2.28948115545,1.51684576894,2.48112967554,2.93066420107,-1.17098515681,2.3151303196,-2.60688177508,1.00231370443,-1.06211582588
-1.78853913166,1.95134628266,-2.53441543651,3.03739067048,-1.01352999292,-2.62185214628,-2.56966196841,1.91738750992,2.8529743931,0.362872586167,-1.30078661844
3.5200677567,-1.89087839246,1.30565498407,2.33523131158,3.00364027488,-1.09759170852,-2.73664366679,-2.34395350402,1.67538752458,1.80725989711,3.77800493508
2.68126494486,-1.11923609637,-1.87045593098,0.784807204885,1.74468800111,-1.42216740148,1.96385737313,3.074502234,-3.46871243707,2.39328235661,1.7832459423
-2.41455302568,-2.83056356095,-1.95000254885,1.83243085034,2.11063246973,2.9893124031,-1.26829809353,-2.71923612511,2.52588833762,1.89790956236,-0.884381909213
1.74306262182,-3.45377062375,1.45170285278,2.27087242344,-2.90872666055,-2.48679622553,-1.67047777704,1.96627302617,2.72246019492,1.92647053855,4.37305959452
-0.893728504176,-2.74566910354,1.66930177173,-2.05337474698,2.03301358803,2.38086226921,2.0739731286,2.03824441035,-4.22192407164,-3.12311685169,0.500656663379
2.40596702711,1.74675180347,-2.91351549103,-2.71207890674,-1.26692014389,2.37648086527,2.41831923688,-2.4548387311,-1.98017418414,2.36976580799,-0.340109159674
-2.5353439122,3.17325898573,-2.73091368009,-1.40480194747,-2.35104490868,2.35974214151,-2.3924559286,-1.55688321608,2.62369586861,1.66013868244,-2.77236791065
-2.3385246448,-1.88555659932,3.02087843942,-2.59735543329,-2.12920324951,3.00043149559,-2.19036160754,-2.29038427612,2.6443547373,-1.72185354995,0.383654111858
-1.07605409536,2.49424915869,-2.33322299038,1.05207111496,2.37465558549,3.09495738593,-1.66049125799,3.01252623814,2.51294677022,-2.81028453243,-1.43823583045
0.184693913186,2.37316799606,-2.14875795386,-2.41379548092,-1.96913511782,-3.15411840332,3.14841157751,-1.12379205423,-3.14301618844,2.29974272363,-2.67239603935
-2.45973230661,-1.95143273704,3.32913623122,2.02132749763,-1.13520290891,-1.98059747053,-2.46961545308,2.70248436359,-1.64521744194,-4.3197497348,0.424686078117
-1.04778378301,-1.92586014389,-3.59343034903,-4.7924188722,-1.73739852376,-2.72763241548,-3.11840422607,1.92112321622,-2.84768188983,1.8695258375,-1.66344491657
2.42209147,-1.97946487371,-2.80052727505,3.81938250341,-1.37022998813,1.94437218215,2.63088692572,-1.27954298616,1.83016852111,-1.61716373874,3.21209179506
-3.15503101996,1.44871089638,-3.45924121947,2.18786264776,2.40010701773,-3.22394625335,1.95334690479,2.37105760258,-1.8724699656,2.21950523615,-3.38412258663
1.0257574737,2.36640886831,-2.86022416967,2.0750914975,-1.64806767759,2.23938935317,3.23186297355,-1.15252376935,0.753353097438,2.86868440117,-0.477953656019
1.73366655827,-3.61533754295,-2.08328193725,1.52812320676,2.19629977926,2.43591334463,-2.20763737924,-2.16867039616,-1.92324209839,-1.72335974324,2.27547161484
-3.72648906388,2.83671937654,2.71240306096,1.28384606341,-1.46135669064,-2.57501586505,2.07733894639,-2.83497560512,-1.52453987921,2.00039602844,-3.42197788668
-1.2077978684,3.13578654866,2.27259320926,2.96114460193,2.5896944709,-4.08495514661,2.89691458725,-2.28981542243,-2.56143161602,1.94730131688,-2.72684572189
2.65041700439,2.61702978658,-1.34400517322,0.587961225678,2.32171364748,-2.63937864789,1.29997197101,-2.40324634627,1.14684413517,-1.56290670315,-0.090963153135
0.86322877328,2.41093575031,2.28337480433,-3.31521582645,2.13516978644,-3.17747915456,-0.24847591068,1.84068778329,-1.75645309203,-2.17498927084,-0.515125092076
1.66434157316,2.38758305276,2.17392659615,1.28690229341,-1.70798590309,2.22171995343,-2.03122579548,-2.03927668626,2.13908563911,-1.96920271294,1.60126525164
-0.773981006221,-2.65880087598,1.34351215462,-3.02359688087,3.01612256908,-2.12600676705,-1.86426574518,-2.12601926628,2.35586622327,1.8578590759,-0.161546150744
-1.98717300368,1.43378777475,-2.23746623138,2.15105711158,-2.71840931099,-0.933822726688,-1.64463214184,-3.42574254517,2.22531599788,1.50915440845,-2.22323144195
1.54092528883,-2.0196283258,2.04008794643,0.937740840325,-2.0937265798,2.21063656143,-2.20522396798,0.931657579357,-2.20134881696,2.47800409853,3.56423038126
-2.93741735164,-2.03602361443,-1.67511186258,-3.28723065593,-2.83109539621,2.01202595981,3.44760208999,-1.02998040331,3.32431179463,-1.81557274777,-1.63421438116
-2.32027039604,2.91405464618,3.07485778692,1.96893814895,-2.16893434187,-2.45164316874,-2.80379921545,-2.66766862956,-2.95676282801,2.67138153658,-1.51406350899
2.02889018967,3.47164490185,-0.25200542321,2.91867604778,1.68491849213,3.67714443721,-2.45330606226,-2.21932878539,2.61095164459,2.01248142432,0.942611431247
-2.13907243064,2.75956955573,1.26457077261,-2.46515605484,-3.22390686751,-1.89456132331,-1.22823452593,-0.95497369433,-3.46411549513,-1.83045389553,-1.77870040858
-2.59493307341,3.64489383025,1.59176189626,2.54103880055,2.9574814476,-1.72687267217,3.00293159766,-2.37010455381,-1.48599805942,1.90246940073,-2.68225670385
2.64025845825,-1.80984076821,3.26723841615,0.875986290716,2.54956444325,1.20793407486,-2.29301837932,1.94714209496,1.2859448388,1.75106605054,2.96326526652
-1.71232796486,-2.38801073839,-1.47232732529,-2.29899003076,1.97658839118,3.20937922571,-0.503162788436,2.23655853572,3.09982468173,2.1826003509,-0.507767548395
2.1982142355,-2.23387867607,-2.97559591408,2.05423848741,2.70024180247,2.24911576079,1.2725741297,2.37946685387,-2.57950561942,3.48087138467,1.46257600509
2.76773584073,2.15799006178,-2.48522012645,2.87541498953,-0.871186438611,2.43082613537,-2.87052824866,3.31322202885,2.59084338818,-2.96512385123,2.23070823131
-1.65510160832,-1.6832000747,2.29614753162,1.52877304525,-2.98033484062,-2.56661347077,1.18334582193,-2.60517611222,-2.20501863786,2.11960115593,0.507677692625
-1.58490307609,2.24150294486,-2.76220033704,2.70399764696,-2.70001953354,-0.926031260302,-2.59654913444,2.20497823251,-4.29047736845,2.35642159491,-0.99302929617
-2.20545857062,-2.99308910442,-1.81926861022,-1.55866537662,3.39273852805,1.75772210131,-2.09387741495,1.74243872096,-0.449689070612,2.11470483364,-1.39878331651
-1.72463918094,-1.65518438832,-2.39390691633,2.4891950282,0.344105506926,-2.69770137149,2.53269345961,3.09171682539,2.43045357902,3.19810349157,-1.41833464499
-1.38037477457,-2.09152164788,-2.3202890276,-1.71376028721,1.56858846395,-3.71429074989,-0.754965975444,1.21040231234,-2.40314911257,2.0972255229,-1.72897309677
2.5744455785,2.65397923054,3.15650221341,2.34538089202,1.44955140268,-1.95405073176,-2.37495415156,-3.46059737889,-1.38430178104,-2.85901862025,1.85190903251
-3.25048606884,2.34793512525,2.07028862485,2.29906381713,-1.14568233383,1.88309987556,2.19809296462,-3.84086626754,-1.40550903479,2.14403254556,-2.29840748514
-3.32192480754,0.767652235546,2.76430620765,2.3425095255,2.61505922165,-2.1440917969,-1.36870670224,-1.72364721905,1.87186771387,-2.51231927348,-1.47557412678
2.42851922037,-1.93701163333,1.6187508351,1.88829626169,2.68264913906,1.92573813188,1.46563141606,-2.35871059203,2.2481495626,1.51149265192,2.76904197729
3.31233818901,-2.82715210009,-2.84047189654,2.95478370889,2.83976328088,-1.60612583631,-1.92892145955,-1.35044212344,1.28701317997,-1.06518258929,3.2417911403
1.92336101499,1.65463744302,-2.7344288986,-1.30452326745,-2.84191300665,-3.75261474275,1.88195798024,1.716610784,-2.93953975516,-2.84432450892,-0.897026528106
-1.80282006754,2.44471873775,1.56657351137,3.24203204308,-1.50425671389,-1.76756895722,-3.15605679339,1.94162654842,-2.35357351284,-1.70702078726,-0.253309617362
-3.8309751119,-2.57687409971,-2.42044457913,3.1939784195,-3.2961221984,-0.469652584402,0.515653792174,-2.6448769125,-1.53732992223,-1.88372227904,-0.827949918144
2.6823503985,1.82859561257,-1.79200101941,-1.86707335509,-0.985551622684,-2.85041557284,-1.44632908773,2.21765136112,2.27528710809,-1.9513219439,-0.199443333299
-1.84516507567,-2.55553938056,1.94128853844,3.05377937263,3.11950271579,2.7397484913,2.74319458487,-1.36380158528,2.88248442258,2.10820673573,1.05423787181
-1.89917170788,-2.40252430875,-1.5457826988,-0.403127091863,1.70749158183,-1.78564132219,1.95866938433,1.56142697442,-1.538361983,-1.93484841477,-1.67479313686
-2.81728987708,-1.24504838789,-2.8464978775,-3.31507868397,2.29718264347,-2.921212376,-2.95000778249,2.59954661779,-2.6213797227,3.01613463628,-2.60294125067
1.34336941482,-0.92713792727,-2.2378827144,2.80690661736,-1.73113120438,-1.7301806094,-0.744629283232,1.47238931642,-2.629627244,-2.87213549294,1.28719438837
2.10833531875,-2.45774025893,-1.92210416974,-2.86769562476,-1.6673634798,2.00003446761,2.8419691071,-1.91481134896,2.15847424002,2.28438490843,0.527363436103
-1.17818560756,-1.70058620403,-1.49171803189,1.80160522754,-3.11837727062,-2.27431313355,-0.728627284402,-1.50581111238,3.2642285262,2.12983860534,-0.0176874678628
-2.28041665458,-3.31155062658,2.41111467515,-2.92931686638,2.31790035494,-3.21593458006,-0.437275126603,1.88978813708,2.82108135651,-1.76969125695,-0.267972159564
-2.50050305426,-1.30498674132,-2.7513642817,-1.73523052914,2.28707788476,-2.06074123708,2.04969997889,-3.82645257674,1.61644481714,-2.45206744367,-3.03147433048
-2.62052259989,1.52856889827,-4.15803951587,1.4017699433,-2.03778150174,0.71287906814,1.37270045691,1.21632401016,2.57843270227,2.88534372403,-2.76206498113
1.55304838936,1.24902343532,-3.40789069536,2.70495247275,-2.66026043642,-1.53936459092,2.29133889197,-2.51907122628,-3.45567093175,0.827114991833,-0.598373313252
1.92306882732,2.9809525503,2.17339090287,-2.36602535079,0.0774257405783,-1.08896207081,2.81545665853,3.17433844727,1.69378198961,1.80906403126,0.868616079901
1.83924362097,2.98801784168,-3.32040944066,-1.45915380982,3.57688723329,-0.926355220385,-1.87833227821,-3.13872758457,1.83664866292,-2.55870041551,-0.865860212324
-1.82579356549,2.01086417659,1.66778120798,1.52002353274,-3.56934545241,3.55971833231,1.84403315218,-2.4750438079,1.22058839523,1.04776033183,0.155901149937
2.50860826582,2.59579376801,1.81005672903,-0.572215125023,-3.67271208731,-2.88670853938,1.80327816205,-3.02926942742,-2.89623613963,2.98456592684,0.643171020818
0.763610996563,3.02273763578,2.33770342183,-1.66697142577,-1.58906005308,-2.36467751397,2.55352720682,2.36133601468,2.25371997369,-2.13362321173,-0.255660983401
1.52240785431,1.48225824735,1.03778383353,-1.89187657655,2.03233912919,2.05479579205,3.81174745781,1.34577966587,1.68451625687,-2.87148740117,0.0912465799443
1.82491665704,1.04838753457,-3.03077066794,-2.40350807178,-1.59509568604,1.70463500165,-2.75579555846,-2.08926410392,1.86237158697,2.32415956584,0.0594762821917
-2.30449671226,2.67207867451,-3.03276843336,-2.30142477454,2.32699337291,2.94103632948,1.80351864164,1.30802713238,-3.28495925091,-2.5299997461,-3.68609049789
1.3729558889,2.26174218115,2.17697241379,-1.37421674596,-0.995560250808,-3.03267428684,1.5006847871,-2.28020411404,2.32061490281,-2.87282361693,0.0537565221178
2.19848945966,-0.999054040288,2.77523314182,-2.03759437592,1.72511977312,-1.42211509692,-1.81259677316,3.2477354321,-2.84113887177,-1.1638319255,2.20579650551
1.90989019453,-1.80276233184,1.22980393107,-1.98287735985,1.98698280638,2.58230015085,-1.48569992036,1.02720325894,-2.65666752532,2.26936844223,2.03005093326
0.801349942305,3.00387301106,-0.930712458849,1.25647854091,1.26244744515,1.9233189799,1.8047269954,-2.03829017435,-1.66362640638,3.03223818081,-0.74882086703
1.19694132042,-2.2349166828,2.24106672486,-2.40311271388,2.10025185096,3.05764546686,1.21916625493,2.41015385603,1.58400156578,3.3882157125,0.900967767054
-2.77788330116,-2.7079822929,-2.77629965547,2.56529980696,2.53622897536,-2.00025099592,2.36877811138,2.29704028308,2.67457790387,-2.06755575961,-2.05510557819
1.19990597833,1.57582780128,-2.50151944844,2.17138900284,-2.07765545077,2.30810247477,3.25830180729,2.35985775137,-3.29813094676,-1.22822288459,0.260760710498
0.354866093035,-1.64822802601,-1.70990617446,2.19474238424,-1.82135776831,2.52210408649,-1.95835799259,2.03732266719,-3.37865759272,-1.77073848233,1.90396906737
0.964753172588,2.77563339109,0.88344892646,-1.67372629161,-1.0976186492,-2.28207731195,-2.38025573002,1.63808711572,1.82324680664,2.91709584408,0.276965199878
-2.68278824473,3.37349286321,1.14864214119,2.65132102423,1.58626119643,3.42037216076,-2.1719513438,-1.54557361051,-2.89833036839,1.73105420468,-1.79766900039
2.22248901092,-2.24957931003,-1.8679470007,-1.56124673536,3.49208648143,-1.55914736264,2.61576924147,1.44206616576,-2.6584188237,-2.37429453191,0.284219452836
-1.34225326912,1.80147390203,1.51489593401,-2.40481492853,1.39960643952,1.39272508994,-0.920982427746,-2.54270890512,-2.86342991945,-2.3926119221,-1.76574920734
1.73323013767,1.85928303367,-2.78478035013,1.90999548155,-2.46476712298,-2.92444954482,-4.17143304031,-2.75404396158,2.27841572307,1.53693677974,0.659684085193
-1.57274767587,1.21968533803,3.18682115078,1.31683905063,2.30531328996,3.8191802164,4.38962681058,2.54165946357,-1.49452660852,3.29087265847,-0.102382362495
-2.36996957053,2.77920305028,2.3193565593,-2.78843539488,2.13116489804,1.96854660509,-3.9344049411,1.64731481338,-1.14763149153,1.57914963906,-1.80928343825
-1.16985682791,-0.163576257333,2.18507279721,-2.88675484965,1.6562365831,-2.11339479946,-1.823443789,-1.24157475346,-1.31013904011,2.08519151153,-1.36384312061
3.69373611791,-1.95915297973,1.51260061889,-2.26535385294,-1.43709673935,3.65542037472,-2.86534139823,-2.000234905,2.38607107814,1.84955665147,4.12790101147
-3.22198342001,-2.77709621377,1.75394376246,-2.53810971862,2.23103922736,2.56385911924,1.95177702085,3.2930191969,-1.46807567396,1.92783673753,-0.565563255222
2.30232102434,-2.05223911521,-2.43768552587,-2.36060130903,2.51387930023,3.17137244747,2.84322199204,1.31753341388,2.51788846727,2.27586131085,0.716173291285
2.06803290623,-3.31896963473,1.92634060509,1.40584169864,2.9232044487,-1.59919434502,2.20391260915,2.2058343322,0.823619071467,-1.61751076923,2.65463958248
1.37107099219,-2.59697649877,2.87403011521,2.22958287733,-0.548892270845,-1.15613332283,-3.69722902306,-1.01450814063,-2.6900767084,-2.5145392539,2.58726353636
1.4011595627,2.16133756708,-2.19947182787,2.13771867027,2.23825747354,-1.91709361224,0.538613650659,-3.50328130789,2.21036787138,2.88443053838,-0.473869848321
2.51768695047,-2.06453805951,2.30182152129,3.0916920406,-1.553770815,2.43865511348,-2.48234410068,-2.53754307298,2.74243274266,2.11748524655,4.23460389805
-0.578632147567,-2.33021823191,-2.40705953002,-2.64273468596,-2.036163992,2.78622918371,3.09339679102,-1.1361931194,3.01277283504,-3.5066264152,0.697027286571
-2.23884780458,1.76945944157,3.53779016179,-1.55901630065,1.0879461087,-1.7364328645,-2.2956551758,-2.53070279837,-2.6065568971,-1.41893775777,-2.00965929599
-1.7995572815,0.851968327794,-1.22546832927,1.13699636834,2.21093197981,2.46182445115,-3.05416172581,-2.68332392029,3.60434138809,2.62363599041,-0.972645384728
1.83839202861,-2.44325329743,-2.72293518246,-2.51616663437,-2.69942324724,3.62203801551,2.92791224046,-1.37923435545,2.24209191963,2.53366839057,1.24324183941
-2.76068857121,2.69809120999,1.89968422677,1.85520503544,-2.28019233831,1.70721591317,-2.08775885041,1.7005890368,1.21960091217,-2.54897645672,-1.35969100524
1.38865715121,2.64267122326,-2.99326767893,2.94473957531,-0.963229597743,2.01700058514,2.7386546648,2.52630325818,-2.52224773867,2.90952667153,-0.235429328975
2.33054207414,1.88165737127,-3.71355075979,2.70828547761,1.2824761802,-0.254622352341,-1.41295604518,1.40125670195,-1.90529949741,-3.35431532407,0.550137435116
2.27115559877,-2.2638570526,-3.4834008923,0.533717979512,-1.31611319099,1.65218570711,2.16768209791,1.94132418002,-0.134335849424,-1.41973437351,2.15844250805
2.43256399659,1.22654522744,2.90852923465,-2.22236248565,-2.3890184385,-2.86303745438,2.44106655428,-2.74829542976,-2.10420236534,1.44275029266,1.66468693029
-1.61217448316,-1.70600559314,-2.30048516182,1.9713634312,-1.95920107879,-2.36351563728,-2.70809313933,-1.88882590618,2.88443058646,3.18032878947,0.0355149097486
-2.50372881976,2.26595604356,2.39590463362,2.64179450764,1.66936930364,2.64113963027,-3.36715478616,3.09401788619,2.18275110151,2.05763801577,-1.31064738371
-3.23107328071,-1.23302851174,-0.763249415046,1.3444135699,0.562983358298,3.09621441427,2.37793531104,2.35213891446,1.33497365743,2.97775182722,-0.701944973386
-0.850338526502,-1.76982782908,2.37264659872,-1.14177293926,2.62223408837,-3.30635727012,-2.93101640423,2.6448112033,-3.14104794542,-2.58171759621,0.676810229002
2.80335056199,-2.17385691725,-3.49065240444,2.03578140418,2.6041937954,-1.96841318222,2.84038704587,1.83559823099,1.7695778891,2.87294517324,1.08660465507
1.84613701076,1.94462600147,-1.87745058031,2.82771934204,2.56624316445,-2.17421332725,-2.39960151085,1.13202075104,1.41614586875,2.18518587671,-0.18631744077
-1.48696628442,-1.77269357739,-2.84663400368,-1.13606924325,3.05814580044,3.88717282045,-2.25974802418,-2.40212908634,-2.66420595329,-1.700611609,-1.1073207805
2.90586170613,-1.85583990072,1.10093878656,-3.43479626776,-3.14389842858,1.63415498218,2.68960861891,-2.84633653547,2.39539458927,-1.93326819057,3.28997527784
4.00237585777,-4.36984549565,2.90861639511,3.46334593185,1.43661928791,3.02122545185,1.97752186305,1.83164155531,2.19404159686,1.42753618081,6.19833935709
1.74342480943,3.53017387454,2.46232160921,1.81288565141,2.52451635367,1.17221174734,2.16179635019,3.13070622137,3.18315987443,3.17643545372,1.0517375316
-3.53571244733,-3.22710030752,-2.14205972956,-1.65724827173,-1.73986940951,-3.18405715344,-2.09100566212,-2.51429669343,2.8026971089,-2.73514016876,-1.52524584077
2.49049772916,-3.05849910313,-2.23799186312,1.407281577,-2.17601478406,2.26928817685,2.80008074391,-1.87723027719,-3.99664529324,2.36122403733,2.36203748285
-2.98093107532,1.17644172037,2.38790452469,3.92030345065,2.61456552224,2.79661446807,-1.71452872416,2.48672561134,2.09162827918,2.22035993881,-0.411837614598
3.19147024449,2.08621704917,1.74382074238,2.53731558509,3.10714756577,3.10096204907,2.58175925609,-1.86061839904,-1.98278053467,0.332850413336,1.50970139936
1.82552647946,2.42431256881,2.39624253998,-1.6616185871,-2.28484928563,2.48176239408,-1.13889891768,-2.85906644337,1.87262595348,1.5814370992,2.00478349274
2.75875120194,3.14004745084,-0.709970307589,3.60793554482,3.45615978522,-2.75107528406,-1.875278763,2.12142743711,1.52844099169,-3.10581237268,1.03832034926
1.74215176346,-2.41378087331,0.832005674589,1.6676240824,2.75944996211,-3.4268376903,1.86729138576,-2.7702375176,2.47144464578,-3.39977703442,1.84205553884
-1.48825217899,-2.42887236182,-1.88343566285,2.05402298414,2.16488042472,2.62203063848,-1.83466903052,1.93800230327,1.98489575493,-2.45231853978,0.377155308668
-2.04064588692,-0.855971105055,-3.06312508613,-2.18001569293,4.07859689332,-1.85349968779,2.11759245111,-2.16285720163,1.19162999299,-2.67396325651,-3.21192236009
-1.42601684181,2.31503162736,-2.42577985137,-2.28643538483,-2.29165069353,2.47579074235,1.36325205432,-2.15583392695,-4.11515973796,-1.21002881982,-2.01084552776
1.4245943384,-3.66945336036,2.67897899844,-2.73860050838,-3.18565568916,-1.66481094304,-2.46543366254,-1.26832039871,-3.64881511948,-2.47793949627,2.95670730078
1.66776683596,0.25811994846,-2.2300197443,-2.52386836101,-1.93572795612,2.43049260032,-1.33459251506,-2.91084488423,-2.10141953035,-1.90468610861,0.185083038846
1.53465108406,-0.451387158489,-2.37460632695,-2.24630268802,2.59313863067,-2.81443230243,-2.45839495969,2.17743348923,2.31152253079,-2.10608167727,0.172497431671
2.22596014346,-3.24092640271,-1.09223280649,-3.17242223013,3.27719482721,-2.70394078175,1.53213476146,-2.9515296328,-3.0287830874,-3.23257961561,0.974888666862
-2.14010738406,-2.0462215301,-3.07306997281,-1.25342191935,2.12127370787,2.43950895637,2.62276940928,2.58493610374,-2.46539282728,-2.51650869879,-1.98730589823
-1.95126484287,2.61332319587,1.17924417134,3.08039973179,2.53633921903,-2.06425039753,2.77734366722,2.87801327023,3.21724999164,3.21410722588,-2.49534099174
-2.65846255179,1.32800853747,-2.60531807036,2.02915372313,-2.09206455954,-1.69254802834,2.24047638956,-1.03145647791,2.28387401362,-1.64801799628,-2.13994843544
-1.62439628891,-4.29516337223,3.11853234506,1.58164911211,-3.5549524437,3.00851654221,-2.1086974332,1.76382611258,1.98466076454,2.20734779215,3.16720045072
-2.78776178055,-3.25975774368,2.03157180958,2.35685691581,2.15324360192,2.27615139068,-2.46915188306,-1.52523081607,1.00973879538,1.84781033488,0.602496725749
-1.27822816833,-2.13844582023,-2.48880364615,1.20371155069,-1.57354172598,1.52802400147,-3.53282651319,-1.787339981,-1.15893806555,2.1382688971,-0.494634007201
1.94408083918,-2.14371957222,3.57239622097,-1.86749549809,2.46137803965,2.54065631696,-2.35236962689,-1.30409019775,1.33202485162,2.59564542298,3.42851662844
-2.38597105251,-1.94206264887,-1.20800218441,-1.68278340073,2.28676564902,-1.74640389087,1.93051260345,-2.84226517009,-2.21996068239,0.325254410264,-2.23019634272
2.65540097677,3.72982264201,2.79411755141,2.01992548838,2.18382812103,3.68733650948,0.686064854984,-1.45398623456,2.23677296659,2.42535841433,1.78959945878
-1.1503613673,-0.48784971172,3.73426737787,-2.23217370896,2.70837100661,2.45851894435,-2.01695617126,-1.9310584278,2.99595474646,2.71963795784,-0.171267053431
3.12447186229,-2.51691772338,-2.3379519167,1.43141159863,1.71233471997,-1.78941345729,-3.19871666446,-2.92853159751,-0.0435344393637,1.25381595912,2.42515839879
-2.31997610303,2.63612898241,2.38631725284,-0.776861728137,2.26351547761,2.16037453068,2.63683546313,-3.47938938275,-1.95051966985,3.31160717162,-2.44504308673
-2.61137701588,2.2334069524,-0.949284560618,2.08905213873,1.90943396801,1.88464227632,-3.14571693379,-2.77858398438,1.71422457084,2.18435387789,-2.52025826973
-1.6438271937,1.4993693825,-2.3428564648,-2.64538692776,1.70153101932,1.46774209137,-1.32666147115,-2.11824808103,-2.6041820364,2.21605538583,-2.78138282347
2.42860820712,2.15473919971,1.26022935185,-1.69408165575,1.32552366538,-1.8335396666,-2.27544170586,-2.26129288224,0.649016821446,-2.53814745215,0.74524786861
2.01451183028,2.37533699893,-1.77308013074,-1.44014882545,1.93485382683,-2.1130834161,-1.41439391929,-3.20465513808,-3.3343787461,-1.9415899773,-0.0489548540062
1.05331630455,1.84502142138,1.3399250335,-2.34902992017,0.538688243021,1.05400184217,1.73216241251,-3.2009389782,-2.95528426582,2.4355954767,-0.397049496758
-1.53009938355,2.13351261117,-1.80950527934,3.54967143782,-2.52792350692,-2.25148840342,-1.95633594827,0.421866219572,2.75894929517,-0.195710443077,-0.593966088747
-2.74008643709,-2.4623117665,0.361656049669,-0.843310720874,1.80098997243,-2.68586355589,2.43465863592,3.50563207779,-2.62675253373,3.37513549994,-1.57705340927
1.61957071668,1.60168075738,-1.1249153908,2.3322754805,1.23159612344,-1.66740910801,-1.4939221277,2.39636541115,2.53316651616,-3.09426034353,1.05969841933
2.54175805869,2.28024212491,-1.91018423537,-1.63203517181,1.70612695479,-2.42226758654,-3.33416976067,2.50893858663,1.10959804746,-2.4463823084,0.279609159619
0.317104977584,2.27091272896,2.90046236728,1.83443641271,1.50031616321,2.60827108604,-2.43355803017,-1.19373794381,-2.79149334682,-2.32873885825,0.559635292176
-1.83287634701,1.79664846971,2.09440578238,1.64863737388,-2.34768483428,1.34481204223,-1.21023987751,2.38301919288,2.53251012518,-0.971168900965,0.687503007488
3.84377627155,1.44252989606,-2.525948646,-1.42676309797,-3.22346040489,2.38021189341,3.73941849686,2.41539919419,2.44621565098,-2.36304379251,2.32536291325
2.23253115329,-2.42836515899,1.92447983002,1.36497390032,-1.02831534673,2.75983146334,-1.895624487,-3.75375051172,3.09859154175,-0.647357069063,4.45956305903
-1.3164895619,-2.71113088501,2.47890414474,-2.80085337539,2.54601158097,-3.73278963454,2.96242694747,-2.76149020801,2.48133383382,2.27541065782,-0.965401274791
2.09331744535,1.45139014092,-0.82740438432,-1.10934283186,3.4940099201,2.87836946251,-2.38349445211,-2.5896777083,-2.25882018728,-0.437174217286,0.877428101934
2.66153399769,-4.033441902,1.07296580404,2.92592169072,-1.32738924348,-3.27347048798,-2.8902690349,-2.46426044226,2.21760804608,-1.12707726494,4.30911272093
1.48777651291,-2.59965864406,3.36247933933,-2.45028925528,1.85918048232,2.81587166005,1.20320557343,-2.55236991262,2.03736719309,1.95654952574,2.51811126156
-2.695351422,3.29963197451,-1.75670945167,-1.49111642351,3.38269170927,-2.34973058844,1.4707766162,-2.59571041958,-2.96930273331,-2.34090688202,-5.29870114398
-1.50126199037,-2.78945521355,-2.03089527929,1.72195292876,-2.08988888496,-3.69400972478,-2.17507538511,1.1207012214,-0.429390826175,-2.10588143083,0.49980010891
-2.85570590666,1.39303537008,-2.11486828712,-1.18823819451,1.30104571506,-2.08471817673,2.3435297512,-3.50136230612,-2.07268774151,2.49919432084,-4.1909342762
-0.942514189193,-1.89793210013,-2.73043738731,-1.94023095,-3.01964681413,-2.39769214323,-1.11790089927,2.45672174586,-3.1615183081,-2.32671213091,-0.223560212102
-2.01725790187,-2.70651260622,-2.56606984711,2.39056466864,-2.97664424606,-1.65883019314,2.43245521986,1.67782419096,-3.54419721803,-1.62188049038,-0.278931897172
1.42765233644,-2.88195046004,2.12676327464,-2.22503096094,-0.952064651375,0.895418623972,-2.55691828414,-2.34729544121,3.21527665084,2.85886027923,2.68209399464
-2.36033753071,-1.56522717955,2.90269899307,-2.28262778085,1.97086698464,1.51648690406,0.963452509617,-0.791028833138,1.48790338561,2.57592320894,-0.877922024383
-3.16218143574,1.02581935001,-2.0627288154,-2.34047378814,2.1250225395,-1.87593904859,1.63192260458,-2.99545090781,-0.982288257709,-1.31413936341,-4.4072238127
-1.50614384128,-2.12437321235,2.76128155946,1.78163481864,-2.51029350824,1.33235575953,-2.83979901363,-1.28863737175,-2.15240270836,3.0469772479,1.40715066878
-1.60309867619,2.82019903079,-1.48113337769,2.81722379556,-1.90355276532,-2.78760766537,-2.24440825167,2.17639692666,-0.884043023212,0.642469952057,-1.55400229005
3.06517918895,2.64505422555,-1.20519479109,-2.92324760246,1.92170382553,2.51116737643,2.14524693767,2.66967374911,1.75819707944,-2.31259396379,0.682855674861
3.9891537043,1.97619008025,-1.34773383931,-3.47460099121,3.08982159796,-3.19725631577,-2.01022219144,3.75212550626,1.64773425163,3.03280402558,0.519499713303
-1.86266701122,-3.15528134495,2.55296608009,-3.00015736142,-2.52913744558,-2.36733021643,1.8161247608,-2.79645994568,-1.42751520637,-2.08365252011,-0.113160461438
-2.04722567167,-2.82589757785,-1.18427903582,-2.60843114559,-1.47593356747,-3.32052206715,2.95860551762,-2.20754434203,-2.19123939328,-1.28066348075,-0.929800251948
-1.4797177842,-2.59043722664,2.52364077344,2.51601882852,1.74712093274,-1.99778590603,-2.09051361681,1.80039873942,3.31965994115,-1.42244381104,0.93084014282
1.50373371421,2.85728374064,-1.83204907854,2.47690725234,-1.58999715704,2.92393529473,1.59390824571,-2.1967711692,-1.91590722826,2.01619794503,0.598951400736
1.90687574612,1.99796308713,-2.03103785331,1.97446222434,1.76081513026,-2.54685166075,1.85276249318,-3.00297695631,1.71951398407,1.72789887339,-0.826023401303
1.57337138904,2.03970589788,1.6524052978,-1.57843539228,1.7940971141,2.37607640347,-1.76549301223,-1.15924241575,-2.30128934919,3.48187527224,0.188569214144
-2.25608039955,-2.62082040781,2.1290300978,-1.58879550923,2.12221646931,-0.740886870813,1.79344897362,3.88374279747,-0.772319207425,1.25914836065,-1.37031752281
2.78131287302,1.46776830859,1.94967262088,-3.08874025737,1.03642389745,-3.68017090543,2.09514607381,3.50834463877,2.93395955931,1.2162706496,1.53153433363
-1.78826295681,-0.982994509108,1.4701000259,-2.51466117681,-2.17442801525,-1.33347072178,2.59882809328,1.47396695325,2.65596392137,-2.35998839094,-0.787893235332
-2.50581708204,-1.66333366119,-1.74429154997,-1.70252387838,-3.81012865348,-2.42189126792,0.488067372401,-1.49657993583,-2.82926049785,1.39943816579,-1.52374717295
-2.29399974481,-2.19226874996,-1.28764988212,3.21545351931,-1.18546341525,2.27122280089,2.44378305342,2.06350980161,3.24063522202,2.30296808417,-0.63739866786
-1.82809280818,2.96018423089,-1.95034257886,-0.736712385798,2.41604528737,-2.98089290768,-1.95788542044,3.77713395068,-1.95315047177,-3.54246619564,-3.15524671991
2.02609153836,2.2241326164,-3.12959780081,0.946397520667,-2.39641777295,1.8526164317,-2.31941591338,-2.3224998604,-2.01171468505,-1.91795543947,0.493199212735
-1.69528051616,-0.471607024918,-2.01188078353,1.86474837467,1.63768254082,1.54711996235,-1.24146166514,-2.26792558401,-1.23808995171,0.915909991538,-1.38724998609
2.89674394626,1.81574399861,2.67631901864,1.74224969438,2.00508072245,-3.81567792232,-2.16054882765,-2.72392901469,-1.95549918016,2.89917892405,0.716012622255
1.9342231125,2.99415750552,-1.83891172834,-3.56146154483,1.12202673508,1.65138213073,-2.50238607881,2.5992001562,-2.98652369146,-2.11736393849,-0.397566052149
-2.29339109569,3.18644528478,-2.73603540212,-1.02052587891,-3.94150584633,2.83260778349,-2.85430184619,-1.78263754416,-0.901493504432,2.53655350112,-2.52424504571
-2.67672842586,-2.05502446,3.47150042523,0.95757344747,-1.03389074572,1.39709916191,1.71955489923,1.76573012195,1.57048840845,2.01866452695,1.00022858291
1.25050022605,-1.93510357461,2.12475135494,-1.22341688737,1.75521664478,-3.13092965974,2.37888335229,-2.33145435012,1.63638349683,2.91203362963,1.06857935995
2.35082337237,1.75289527717,-1.9306788389,-1.65415584066,2.33260394627,-1.41154362092,-2.79835585195,1.7197943199,-3.39796506593,-3.2923024188,0.923278373637
0.999182962912,2.65400890959,3.13572520351,-1.81110114332,1.98398490069,1.8104567092,-2.70015949514,1.86477863147,-1.18760720929,1.51805332505,0.266526898202
1.53853093273,-1.97879335541,-2.8556751343,-2.18890976175,-1.02249214903,1.81705816655,-1.22762079445,2.01520358788,2.32257362559,2.22879973186,2.36373898593
2.81140777913,1.49213626199,-1.21755285087,-1.7501677906,-2.9865682431,-2.40857177599,-0.74912150204,1.61475700022,1.84387456169,2.21579566458,1.16013129418
1.06848989532,1.89235257465,-1.47200113767,1.58973209892,1.90417798776,-2.07399565752,1.99993677226,0.628772142846,-2.94799219491,-2.23130802858,-0.783789005577
2.92172355296,-1.10114954461,3.02584807629,-2.34766564499,0.92606411134,-1.99284513534,3.27339588053,-3.86125240666,1.49376810371,-3.43454297686,1.84533283893
2.363932883,-2.5032940852,-1.71635065278,2.68400679591,-2.35215482407,2.29935465294,-2.04238145692,2.59494381178,-1.20324291044,-2.58636908629,3.41873154053
2.7238525107,2.8733328968,-0.797542006087,3.60902042753,-2.70738617373,2.75263426068,1.14612642752,1.79782261428,3.18746078486,-2.00889941585,2.12369816269
-2.48504906978,-1.18493573167,3.04237786809,-1.36236892765,-1.88455027337,-1.55504373257,1.96778473454,-2.4346736978,-2.42958301288,-2.52996526196,-0.828549899449
-2.19579868208,-2.09600776816,1.58614857574,1.34058323002,-0.693174409671,1.59549565855,-2.81970831018,-3.10901089503,1.84216469689,-2.92391594501,1.20369399751
-2.17283294018,3.60555347505,-1.63100150856,-2.9090836235,1.59741066524,2.95738157947,1.73287488537,1.91002512292,1.61667319596,-2.71034680149,-3.17332699861
2.66510007588,1.91413721743,-2.64791586973,2.4222955959,-3.06173154566,2.45890690021,2.54248323059,2.44541273713,-2.27878360587,-1.46363336036,1.94580822558
2.02589355352,1.85854646399,1.95420331913,-3.01471772846,1.41974404516,-2.52690888993,0.0616936532479,-1.54577177128,3.3870694579,-3.36701888013,0.403436293515
-2.67396034508,1.92032199331,-1.73284648851,2.55259471074,-1.42172553731,-3.41581304423,-2.23737273852,-2.39869244576,3.47321688389,2.81732985635,-2.26184975293
1.90384504712,-2.46477151864,-2.16611464344,-2.08928710107,-2.24292452327,-1.14256708977,-1.77284930753,-2.28765003093,-3.13558041258,2.18009439572,1.1283477788
2.11700098725,1.61377703625,-2.7451544299,2.73265996491,-3.74726967688,-1.29695171486,2.22096307948,1.74467783417,-1.37956842174,-3.17262610281,0.16978625069
1.74456689147,-3.01718456256,1.16107336258,-2.6819926017,3.21973587762,2.3441561288,-1.6994580178,1.94624685982,2.69485584631,-2.80391602994,1.61400336336
1.93939153869,1.60994924497,-2.6117347836,1.45149935771,1.97331267664,1.97130109788,3.17889904202,-0.813486632386,3.31522650848,3.72733770225,-0.163554446344
-0.653344035176,-2.60281143065,-1.82831487444,2.37487701994,3.16332120945,-3.93414580529,1.66292827183,-3.41144105668,-3.16527386828,2.22526752271,-0.966532429596
2.88892672002,-1.62585405579,-2.5738224983,2.24358188852,-1.47445620845,-2.79888521081,-2.32219384099,-0.819008151464,2.29495918404,-2.64625518133,3.02594751639
1.06029616562,3.23892551158,-1.47856922352,2.00763122648,-1.43973662424,2.68430601244,-2.29973129399,1.87392893123,1.47628356001,2.26247330348,0.104957974782
-2.47937144716,1.42497142618,-1.95124421788,-3.30160612901,-1.5716908119,-2.24897062884,1.92139086011,1.83000222313,2.17944926115,2.87209780822,-2.44324434758
-2.56012132237,1.66732664505,-1.19638694828,-1.84381978786,-2.79940599104,1.0326520401,-2.86519505803,1.52757135875,2.01522651505,1.74864094701,-1.6659253333
-1.5856146512,-3.03867248454,2.48536744001,3.8133900704,1.67215270303,-2.37275712975,1.42752325927,2.22748907283,3.24544808458,2.27312535276,1.1202429054
3.30688573072,3.93679998542,1.94618169046,1.78933726627,3.6277258298,-1.9493215035,2.59784739522,2.42459459799,0.165898867585,-2.60833805451,0.822118266788
1.96054103331,-2.29698846301,1.31548663634,1.3825323617,2.7278357763,-1.35252424693,3.11192244754,-2.65685906249,-2.5557137152,-1.35467807262,1.3610667661
2.1606667936,2.0142480106,2.38101546792,1.10693809549,1.55502070913,2.07854274959,-2.84277951558,1.91165187799,-1.3384340227,1.46015724363,2.15832436336
-1.16915869573,-1.66622634774,0.0949336677015,-3.2002484104,1.55270733628,-1.65880006526,2.28531004511,1.740027016,1.88761455942,0.879954406044,-1.26492579071
-2.05608316982,-2.63797659039,1.71287144753,-3.33885764224,2.70894409647,1.6343044054,2.75280378967,2.41089198335,-2.35455735114,1.13813614326,-1.14200823776
-2.12828183285,1.22261277572,3.2451997502,2.587606048,-2.63289505493,-3.87331903076,-1.08908281459,3.39838230555,2.15367460464,3.50576159476,0.884711667231
-1.61835904451,-2.42695688971,2.00781096598,3.03098507418,2.1174907998,2.40703103692,2.30538464061,2.65758056551,2.61056307287,-2.62548954647,1.84998839914
-1.8672545624,2.34328713273,0.632934580352,-1.31016100657,3.42893886053,1.79756690943,-2.34665529308,2.23656280424,2.04805974985,2.26412935637,-1.66026803126
-1.95955807445,2.7045928869,1.12103032826,-2.90085888904,1.07485109121,-1.85037735179,-2.50642528867,-2.0402177574,-1.41421763561,1.12321934501,-3.08273844802
-2.31550235034,2.37809873693,2.88558734639,1.20133109382,-2.14887902352,-2.4768197196,1.93188792781,-1.50527170603,-2.41938099159,-0.12998811803,-1.6898781268
2.10997478009,-2.78009035219,-2.39338081963,2.76687401084,-1.93833330296,2.1387952433,2.78730548774,2.17699164043,3.29776280218,-2.4146641585,3.71740272627
-2.3496263357,-1.88075260676,-1.41044487277,-1.12554399391,-2.19817592308,-1.49327184346,1.49753305344,1.57640984931,2.40432827778,-1.83019588059,-1.60951372152
-1.44130734802,2.72935339525,2.74997128926,-1.23589392215,-2.76740198646,-1.51017719733,1.54555811367,-1.75382302571,2.43034744868,3.83197416497,-1.49483600952
3.56072777119,2.44891169607,-2.25652730452,-3.72930134876,-2.49020572249,-2.85388249811,-2.49742084467,1.70627687535,1.22974282927,3.00208626016,0.339931648771
-1.20856440057,2.0383778626,1.56556722858,1.92684730646,-2.9226991389,-2.35253812303,-1.81619577356,2.3140722307,2.35825361549,-1.24059241684,0.504360903914
2.00996446535,1.95798867726,2.20968666647,2.24738430911,2.54246102257,-2.11423303024,-2.28510500968,2.68073753519,2.79767040668,-2.68154158939,1.69122585025
-1.94061151601,-1.94713787546,1.29946718415,-0.673552694036,2.9435524228,-1.2579199981,2.20017195518,2.13383104993,2.00217939021,2.32579893648,-0.711049484847
2.56433328892,2.13008788125,2.0681154666,-1.45024954361,1.92306263224,1.84844574886,1.13402303562,-1.67284046739,-1.1823156082,3.0157602586,0.85867445344
2.5858659191,-1.71629452213,2.15191600596,2.81411475437,-1.92387669702,-1.37504797432,-2.69707540284,-2.65516391179,2.87157405577,1.38798529199,3.49087576622
-1.47488763979,1.77440176112,-0.974675362161,-1.82124493281,3.19058299862,-3.24455763012,2.82856371269,-2.58200736213,3.53039899692,-0.939485175204,-3.30448209667
3.03582497684,-2.76752752477,1.98475217233,-2.30459730774,-2.95509594654,-2.46093002394,2.46895902406,-1.63494709832,-2.96767571488,-1.6054186126,2.40176581126
-3.83691539613,0.831092211244,3.07138961801,1.0775047565,3.38469404796,1.41378152168,-2.38521303903,0.311191553427,-2.16899144498,-2.41896395849,-2.14206318794
2.17820935998,-1.39443692207,0.726587398631,2.30738079506,-1.37327203751,1.83711875528,-1.97339942866,1.34414832622,2.32065189192,-1.33523992307,3.7568752149
-2.17798524905,3.18802589996,-2.21234903325,-1.46400457703,2.13572874416,-2.95262953568,0.956310953603,1.98797217779,1.90614399435,2.96079686227,-4.31229501299
-2.15504390254,2.79034089342,-2.61651188365,-1.4284152477,-2.26756506594,2.71032725751,1.57583151938,-1.92613017194,-1.92673772934,2.99358066635,-3.65624030427
2.35479030833,-1.16195812712,-2.59065952777,2.81451973802,2.49639330993,1.60927861676,3.84921779061,-2.26203113904,1.93556758903,-1.70766678071,1.23896477019
-1.05546509365,1.66881516922,-2.50144788987,-2.40637216389,-2.20593184944,-1.72301793621,3.85260465099,1.39025582042,1.55489447283,2.20406552557,-2.73970138955
2.3661881408,-2.48051113074,-1.38102585065,-2.12094051788,-3.25366425137,2.78948193652,2.34571765028,-2.14547370496,-1.19877460966,-2.68820858671,2.81590346317
-3.41097175029,-2.9300062364,-2.32158787098,2.27262746485,2.88745237011,2.82265494086,-2.32310917975,-0.993527136059,1.98608963631,-3.12431503408,-1.48379612502
-2.63437380585,-2.14203862309,-2.0716177723,-1.23093938391,-1.63152799815,1.68082323119,1.937452845,2.07102446048,-2.04714509581,1.0043881665,-2.32598139924
2.55845948114,-1.18072695105,-1.77600889333,3.23050026131,2.28676490263,3.80541087004,2.22596980319,2.22230707742,-2.90640438856,-1.61567225503,3.38918377055
-2.49867553963,1.37058322221,2.3656311699,1.19154875297,2.6600863877,1.48363644069,3.93656050172,1.89146054532,-1.47592349659,2.32483539576,-2.25816218536
-2.41926750271,-1.82638164753,-1.1360049341,-3.13767939385,-4.54373262069,-1.7055203971,-2.59866450648,-2.05405851978,2.00382944482,1.18969921427,-0.972474016079
1.09626351331,-1.43537243048,2.57139035599,2.91493324452,2.55766564215,-2.49150670078,-2.94578321528,2.2693968114,3.09770168241,1.63363778185,1.99386940252
1.3387125496,1.79001761544,-2.42540994789,1.91339019789,2.97164073933,-1.40546027819,2.0700695567,-1.42385086262,-1.25187908373,-2.16041480238,-1.02814008331
-1.88336242131,3.02522363741,1.18113307912,-3.61204628779,0.788317237422,-2.01874856464,-2.48211319637,-2.22430249798,2.13042279871,-0.0955015271397,-1.47491350013
-2.89549029143,-2.27988074943,-3.05487047213,2.97510047462,2.31549531025,1.81649478428,0.970805981682,2.27104249352,2.38841997828,-1.0429773767,-0.473118602762
-3.52033207724,1.44331219372,-2.02716817341,-1.70901380901,2.92283339573,-1.50730933421,1.42290449642,-3.24059919183,-1.52604350577,-2.00850775096,-3.73706052963
2.12684824253,-1.8969045557,-2.54293229814,-1.86587084314,2.69836457685,-3.10764598783,-2.16546740917,-0.818317334192,2.081737195,-1.68987311042,0.629653574184
1.73168486753,3.40103403688,-2.89047895168,1.77905615192,-3.36864844593,2.3356631806,-2.29430133996,2.07122614127,1.73066801792,3.04061213689,0.944140541152
-2.51763408155,-1.68440666167,1.65717970798,-1.9190423736,-1.4521175823,1.83630897597,-2.69312040531,1.89727454708,-1.76789453098,2.26441978581,-1.06495508397
2.6899846255,1.58928652166,-2.93985947171,1.73453401854,-1.66604213511,1.30517512906,-1.45468852357,-2.28834398747,-3.44822999809,-3.89882186582,1.11283649482
-2.46687139883,1.84379102785,-1.64847981078,-0.385072192101,-2.56578082016,2.15200935258,-1.96584704405,-1.21701886832,1.66494370502,-2.11336498762,-1.40674329695
1.99104240623,-2.48149992058,2.87971142807,1.66732348175,2.06847842943,1.57821118419,1.48718713288,0.633140291377,-2.7656366186,2.15723423666,2.65837519541
1.70989583035,-1.06990146853,-1.62430129155,-3.38969004392,3.13128658617,-3.25380572337,2.55214494871,3.04196580994,-3.13694319263,1.83062262431,0.478614378601
1.67097623052,2.38987083992,1.35658745821,2.02314508493,-2.17841983782,2.53899462786,2.37529013821,-1.85724332234,1.19790467346,1.53882532798,1.28022726459
1.02802359256,-3.15572787365,-2.95402030108,0.831997566666,1.70364468774,-2.66497305188,-4.11077964077,-1.70249271724,3.49789121886,-2.6665755488,0.808311408796
-2.99925925441,2.32179650222,-2.87393748388,-3.38881548222,-3.95780724716,-3.16448268673,-2.00894407187,-2.12598017669,-2.46620925684,2.3815136025,-3.48102401823
2.44080639711,-2.40002619078,2.25403082014,-1.9377703575,2.45671682241,1.40364308717,-1.54904520572,1.05008549445,-3.64702710097,-1.23487901324,3.44002239208
2.61238496292,1.66965810779,-2.25078632043,-0.832201328018,3.0485385289,-1.12449675802,-2.54858266717,-1.19433750799,2.16490500026,2.76063137539,-0.0342799447484
-1.42344472094,4.26819701235,1.58369571882,-3.16302116927,2.32852376831,-2.84045259485,-3.56681149785,1.08340096815,2.52604400634,-2.3223013185,-2.09815203709
-2.46329367094,1.08369909489,-1.90866127017,2.56626678576,-1.99812587134,-1.96820460436,2.38356866413,-1.29867644512,-2.37659076829,-2.98401863373,-2.24501283246
-1.8922742686,1.14382875028,-2.87589274773,-3.11257228989,1.79487581463,3.78663546353,-2.06755554216,-2.63122294285,-1.56068072616,0.674055882166,-3.12006771151
-1.56364377871,-1.30203759512,2.99521301747,2.46086940523,2.86313410016,3.12624657971,3.1360016119,-2.94642094922,-2.14508671412,-0.924902458163,0.686815610343
-3.10771545312,-1.19047062518,-2.4699013894,1.8922952143,-2.59343345458,-1.87363117818,-2.25203271508,-4.04272166092,1.74425408285,-1.02865272264,-1.3703455578
2.14562227098,2.18670838737,-0.994959145556,3.44751116976,3.27802710135,3.11795082085,2.24782980471,-3.12217738689,2.63498998028,-1.93442543074,0.588934390727
-2.62046047034,2.03857984084,2.37989951618,2.12907014698,-1.34792433383,-2.69581240222,-3.02251545052,2.8793308889,-1.81212984626,2.09199272025,-1.43162348295
-1.89042366236,1.10441652128,-0.034829925548,2.67168658431,-2.66321954646,-2.31750409927,2.98471181954,0.911917654057,-3.38580067638,-3.22507786254,-1.47043694887
1.40396849887,-1.65533765183,3.67876764554,-3.05894182571,2.33546989387,3.41412245782,2.52318462356,2.48368756018,2.94399304331,-1.38515765131,2.1263423966
2.45603662127,2.76332999013,-2.714273786,1.27594208641,-1.48166077064,-2.1382355543,-2.07563272253,-1.53572347737,-1.52298847354,1.53280307691,-0.940135153452
-2.1582383917,-1.46425381709,-2.53677501055,-1.0892196245,-2.6903875054,3.07899306174,-1.41839154352,2.00102913222,-2.19734457524,2.84917159386,-0.968434563953
-3.15602871143,2.39900179366,-2.51304333971,3.497823712,2.99565333067,1.91508903511,1.56805034537,2.09816385711,2.14418666171,2.59285808067,-3.62351488117
-3.10434480638,0.916110446935,1.32532908596,-2.34189791698,-2.50789809923,2.40047426511,-1.18298511947,-2.4836817057,-3.08276691857,-2.88398635211,-1.26911374664
-1.74502532003,-1.32027635124,2.40763367045,1.81990959105,2.78376216633,-2.67896335982,-1.80410624137,3.48562816308,-1.72565885749,-0.808921462575,-0.298556512507
2.54442500985,-1.85541536602,3.60207900081,-3.26805768379,2.15585889726,0.962901344064,-1.56274976625,-1.83243579839,-1.99787545411,-2.24959709359,2.59584447072
2.86820412493,0.887873895261,2.18366225722,3.10319195428,-2.87773562702,2.12590444385,-2.10061094964,-2.92038291214,1.97830014819,2.54994955012,2.66419067729
1.48058413778,-2.09181706613,1.87550024256,-2.1366432635,1.89756746687,-1.88504009322,1.24365992087,-2.51461721596,-2.71244734543,2.41699434935,0.222408304022
-2.57450649471,2.76595182892,2.41303784139,-2.53438660214,-3.207474276,-2.60056511872,2.30343493838,-2.03802803359,2.21361743461,-2.38176795551,-1.1886488893
3.28556719569,1.22915777683,-0.974139228739,1.62161153634,-2.92238056103,-0.927892993929,2.77399026132,-2.46707104223,-3.36787982085,3.04302179723,1.12704500629
-1.70428059098,2.36087596524,-1.88562091413,3.39120043423,-2.24450421008,-2.0323046824,-0.99922542891,-2.9943390575,2.35123609114,-2.98506873352,-2.73220201688
-2.75922848649,2.89373717012,2.70907073078,1.77372054966,3.0254615198,2.92309629348,2.14161149263,-1.98742094113,0.34570833815,1.84143166093,-1.63586709757
1.86826746253,2.66328809737,2.61134813153,3.12875174574,-1.23019870053,0.89124149197,-3.31717268781,1.67391813436,2.29111511273,-4.59388208417,2.87723483101
2.52109597149,-2.19331325848,-2.25679473221,-2.08804488098,-2.19326872229,2.2246920898,2.51760395359,-2.18921958369,-2.09115289168,3.48698501115,1.79794527276
0.783868330934,-2.78616137955,3.59385114959,1.66126728932,1.32337643866,1.50876000875,2.82394271211,2.47614137257,-2.32755239651,1.62463838728,2.06075381664
2.09253178666,3.46506609437,-2.41591875731,-2.18736080843,-2.26525970726,1.25403035128,3.32690133233,3.05499634765,-2.34973465479,2.69915254147,-0.069091679389
3.28232284282,2.59235393724,3.11555407732,2.41684214711,-2.77862780076,-2.17165463346,2.08279833208,2.97153596062,-1.3258972454,-3.23714722592,2.97345204051
-1.50121067727,-0.143963591642,-1.98263100546,-1.75595538871,0.946491549476,-1.01186630224,0.954589255227,2.22285357279,2.62731045413,-0.86274095884,-2.53126745662
3.12727755984,-1.65415943245,4.24153953273,1.84639489883,-2.33636234857,0.571686401624,-3.26898299114,-1.50632397248,-2.67155866139,2.63015010446,4.54661113618
2.89352459546,-2.45356634814,-1.42692737258,-1.72061108893,1.2361492041,-3.53642265126,1.47294300252,3.53933144225,-2.21171602026,-2.99143982674,1.88902026454
-2.55448491059,2.45541960077,-1.51486065769,-1.9023919507,1.91917736997,-2.99089905515,-1.97374503669,-1.89697016177,-2.11076338887,-1.27794163549,-4.41785619166
2.31603488026,1.82806225036,1.68616414678,-3.3347162873,0.969013262357,2.09883952883,-1.91413366686,-2.21864326706,3.58521827192,2.00398013658,1.15437292912
1.45325186679,-3.27929322399,-2.42802042696,1.63511554956,3.05960602458,2.12559069246,0.943932672038,-1.47547645746,-2.39687672133,-0.938376331053,1.692975724
2.88657908945,1.51347543973,2.08541832481,1.8047368473,-2.74725805137,-1.96262345892,0.350805339999,1.84101692789,2.06035433718,1.41312439039,2.33590248725
-3.3071902026,1.71328599096,2.42970920135,2.11192041847,2.33128085037,2.37500294864,3.30319538247,0.874233300112,-1.97830396999,-3.48130010267,-1.61569908534
2.35069110292,-1.03409581441,-3.04589753105,3.26481071751,-2.22712691943,-3.09984366707,1.78423413387,2.59418637695,2.38999660042,-2.24634692752,2.47272536285
-0.674907018025,-1.44798269765,2.43191137257,-2.81845882945,1.99132945039,-2.40314711542,1.80990175488,-1.25888168021,-2.79674053436,-2.38895230394,-0.962622146451
-2.44213095483,-1.66617690198,1.73807292823,-2.35765379373,-2.54960694981,-2.2485443543,2.79980687675,-1.35096141936,1.94008706431,-2.78903701892,-0.900768114668
-3.13249484845,-1.95820115846,-1.68721387242,1.77965726821,3.24404967694,-2.66841343843,-2.98218060648,2.36133801569,-2.77200990799,-3.35745978402,-1.98197458461
-2.61563058188,1.33509605034,-2.55806945429,2.45656315368,1.48636437941,-2.49677858436,2.29901920365,1.05374378787,0.502678653128,-1.39317365152,-1.93497234196
2.16873047252,-2.28018599456,-1.66801854967,-1.90272615246,1.2242294467,-1.88641997433,1.69107463891,-2.72095636065,2.03462530778,2.86094262111,0.797705847323
1.98802726676,5.03928854272,-0.818186739008,-1.10700770253,2.31313480772,1.05504533542,2.01706872109,-1.48489773569,-0.0149600063298,-1.22671146833,-1.15393601263
-2.51538770702,-2.04826587435,0.944133078018,2.97407948008,-2.81399721356,-5.05017694442,-1.70417210924,2.22037721272,-2.94689961948,-2.54155807847,-0.550875941101
3.18320563466,-0.384022414728,1.47411755406,1.91283718382,1.81117390207,-2.46678720898,-1.53190390291,2.43034402472,3.14097181622,-2.31991861441,2.84685793908
-2.86468508204,-2.52774411445,-2.53345821549,1.59104412719,-2.08142113385,2.19825668563,-1.68638613109,-2.82216045156,-1.77830277672,1.2734863991,-0.754185245117
3.00485807239,2.88676451456,-2.79058238307,1.62624712776,2.48385091126,-2.45172523859,2.34394056882,-2.77605693636,-2.7688546988,-1.39027066904,-0.201234950401
1.85035743549,-2.78894769702,2.73780746008,0.963805345973,-2.72335525678,2.47907715032,-2.54960643706,2.28413522005,1.99181079076,-1.48837408225,4.72511677154
1.97922459045,-2.54065929628,-3.51145217951,-1.39100715509,-3.2171564336,2.9924556981,-2.20166398186,-5.01518606243,1.67672473825,2.95168264196,1.68600511014
-2.46506693511,2.95602200494,-3.26077119665,1.71132158896,-0.900697107295,-0.965864884959,-1.19868661296,-2.57518138331,1.75365436979,2.96051723153,-2.81657563977
1.83261781783,-1.95707303783,2.09841236162,0.96985727442,-3.07134256187,-2.47839046309,-1.58770501609,-2.21976347282,-2.11476498319,-2.03751764275,2.57340620179
-2.62848726301,1.4606908062,-2.00763053358,-0.480220041131,2.47397362861,2.4335367714,-2.34167860814,2.75584087382,-1.71778504102,2.08078865151,-2.70225658777
1.08608604101,1.32935947001,3.33781726959,3.84605166531,-1.50200778689,2.30992564686,-2.07825592297,2.82764064499,2.05403262893,1.72630312615,2.69127055976
3.4064879467,3.18798109932,2.92382545524,2.15809582744,1.86525067401,1.98834973085,-1.59381950044,-1.50128930888,-1.92132233547,1.61073735042,1.46052356437
3.18020180824,-2.24702655366,3.28754826417,-2.71136951333,-2.32470520757,-2.42795596368,1.35973745926,2.62162747318,-1.26826344715,-2.17846996792,2.97304679912
-0.889237820292,2.05610852372,-3.19789191876,-2.02681712001,-2.48483341055,-2.22492055695,-2.53757083321,-2.18710696151,0.631095896454,-0.313256621504,-1.92287277447
2.44385863443,3.36183514623,-1.7931232827,-1.70299385377,0.745653277361,-3.39814401395,-1.67077163121,-1.73508035949,3.83475422716,-3.04175569833,-1.66472487775
-1.64118801542,-2.072183047,2.71574990031,2.6391211937,3.61724507618,3.04235727065,1.64555141875,1.97334930911,1.670708673,-1.56325900174,0.665623112054
-2.53893703986,-2.53446075743,2.00955748531,1.18092590424,-1.3975054689,-2.65834976792,-1.56753344957,-3.25938050836,1.97047147805,2.5190948382,-0.252670796721
-1.48802495171,3.2380844184,1.53213495505,3.10487071959,-1.8062326879,2.58537449085,-2.1062703351,1.90714506723,1.8547700979,-2.09452694587,0.304038824715
2.85916225323,1.38917396582,1.41850160808,-1.82928099835,3.0684672026,-2.36301929386,1.38357779231,2.405349381,-2.67894089271,-1.31321710629,0.360950176942
2.5798307329,2.59931937121,2.0059103996,2.14772925701,1.68611680945,-2.06524328041,1.37663476399,1.81986423477,3.34462950023,1.62912461469,1.21325279442
-2.57351919269,-2.80780279842,-2.24311129611,1.34029963384,2.71833117999,-1.2959045859,1.93260334903,3.41241734504,-1.84358285033,-1.1160059434,-1.23114922953
1.87347318852,1.95743261876,2.6964849186,2.09635095266,-3.20623907115,1.84265287972,1.2967609214,-1.72531025779,-2.39832468844,3.00548997019,2.34698781863
-2.7757964976,2.47950912302,-1.27300113136,3.93565281901,-2.59618729217,1.33422301328,2.53442130487,2.68095299248,1.07061512001,-1.74779072665,-0.647556718043
2.83583896024,1.26483239828,2.39909333239,1.56031900833,-2.30406872998,-3.25888355331,-2.1201951214,-2.08354994327,-3.54754942369,-1.23071830064,2.92212163808
0.974081804111,2.04175253318,0.276424978283,-1.07894081142,-1.9733955667,1.91516315922,-1.32936364394,-3.00205564123,2.66356824817,-1.72071994903,0.756390572188
-2.34858159465,-2.88890549124,1.35069990186,2.32748379369,1.9278286489,-1.62245200591,-2.69610084064,-1.6487666014,2.4406186337,-1.11563242432,0.191344695215
-2.44597902406,-1.23725352633,-2.02051319946,-2.30591201521,-2.66716413389,-4.07940829877,-1.0071867863,1.98492923973,-0.217668418343,-2.93016661464,-1.64970682811
-1.20425585953,-1.12706965536,-3.30009599813,2.61849460283,2.7992338392,-1.39156180267,-2.70223586699,-3.02201079097,2.74670519817,2.88139659074,-0.900002961723
-1.41902970901,-1.89159878347,1.44569572622,2.47154844406,-2.16937431689,2.64524960782,-1.89220133491,-2.68962444559,-2.12851061435,1.4234862631,1.45441040285
2.68850553305,-3.49525090986,2.60711879141,-2.54036042917,-4.2356936396,2.43943069794,-1.37680840891,-1.03679389393,3.72635868155,2.76662344053,4.63092654528
0.616531025502,2.33509481671,-2.15299419702,-0.854956577911,-3.05715406397,-2.4650473088,-3.13970303304,3.55012925079,-0.595063685883,-3.14308377176,-0.143270222414
-1.79833034662,1.56567552356,1.51719414753,2.03920354283,2.19306933803,-1.93538186967,2.19337572395,2.61569881745,3.13194552197,2.07122720939,-1.78919043283
-2.26848757123,-2.3224005752,2.22695247417,2.47650657682,1.70823180283,0.600966069279,3.05164004327,-1.53521863731,-2.67951204617,-2.31654607687,-0.58188635824
3.45624595974,1.95619192723,-2.21587764902,2.29277651958,2.5156138395,1.77472390896,2.35234598709,2.69412338809,2.39434018106,2.23298108944,1.35741126374
2.44700367828,-1.51857346484,-0.375172029725,-3.90923105005,-2.05119520181,-2.49848454116,-2.85318597969,-3.10141101075,1.2095142019,-2.81738539968,1.82485779402
-0.291831568769,3.3717780601,1.41995148584,-1.45342054081,-0.913620648045,-2.33502364904,-1.49907775606,-1.51538494399,-1.87642087782,-2.11368660495,-0.665641696989
-3.20847579048,-2.13108607645,2.6030631897,2.71542986136,-2.68618003394,2.10294592636,3.03037809571,2.94919258979,-1.45823722531,-2.00539093537,-0.245256158594
2.88129730695,-2.27120648055,2.16903018708,-1.42377487166,1.58847750018,1.40049059955,3.29764833791,-2.23162853293,-2.22362835315,-1.71187488718,1.85279856963
-0.890453919,-2.29630446924,0.206158085222,0.709583353125,1.83425614122,2.45114248626,3.17843534671,1.58835248489,1.84632489238,-3.17938482273,0.441510950691
-2.62798891926,-1.77902184083,-1.08028166359,-1.47533785805,-2.4695497496,-2.42983007623,4.13156825342,1.99743242608,-1.79527138869,2.33909538507,-1.69919167696
2.68900714624,-2.29689448251,2.04647199552,1.10434653381,2.00906450613,2.88637349262,-2.29894305662,-2.45294945001,2.06679873055,1.17169915964,3.2980553787
2.53804382232,-3.74237270902,-0.923970819821,3.9466316096,-1.57957446913,-1.6332382958,1.4958967699,2.12368722146,1.58019899792,3.67899097988,3.3862605472
-1.59582482552,0.718586508571,-2.44251632213,-2.56286255277,3.14073191377,-2.48236708223,-2.74462216662,-2.48354053955,-2.63722449651,-2.13487281295,-3.54176791052
-1.48958080986,-2.63161532417,1.60668049143,1.13181911852,2.46428527176,-2.14114857715,-2.75659020315,-2.30878459343,-2.21978541641,-1.8654774399,0.759923543496
-2.03878934125,3.77915500639,2.17563991937,-1.03327096086,-0.39318669497,-0.640400925326,-3.50485492562,-3.39815270864,-2.16957540002,-1.77612771597,-2.71920306909
-1.95965109607,-3.15877117803,2.52252107472,-1.581622047,1.39097436858,2.63625520624,1.55418867356,2.04372477205,-2.06869227806,2.39853308167,-0.188529286549
2.69007130644,0.988428182914,1.84743549956,-2.84233889015,-1.86801865925,2.58523060384,3.197804014,-1.88525121818,-2.85515578169,2.90061503138,1.05642654397
2.3543037398,-2.79892920421,1.71020999167,-1.55171985952,2.53847595616,-2.66487495316,0.857402851698,-2.91041306841,2.110882943,-1.8347866299,2.23980553421
2.18017077266,1.21237053085,-1.28231460483,1.26935636667,-2.69198054096,1.70763219106,1.81947835037,-2.99942591172,2.09659917737,-1.82224941021,1.35266388275
-2.26909675817,-2.76389729966,-1.34971028939,1.21521456426,1.61254260134,-2.29864883349,-2.66035598482,-2.85132712869,-1.61847314018,2.52586314299,-1.13888450462
2.29517448879,1.86585307557,-1.92355699702,-1.7018938292,-3.26517119716,-1.1087976855,1.67907609151,-3.03668742569,-2.35288465757,4.30036041045,-0.191429366279
1.44683218322,-0.633474320103,2.76182255424,0.802171054664,-1.70209459545,-3.59373069232,-2.55299436521,-1.87445623574,-2.21799604212,-2.23013404251,2.32134473542
2.23937761269,1.37265742295,2.98387829409,-1.8664393133,3.26459291725,-1.61287625447,-0.516938646698,2.3909305326,3.23056372145,-2.14035846544,1.65179831716
2.35904413802,-2.74177552814,2.08861506101,-2.28527187659,0.728646449715,-2.97055159789,-1.15943258949,2.28286538713,1.13010544914,1.18871883614,2.69944955594
-1.47841663364,1.7200573154,-2.11924949441,-1.40222501813,-1.72586838115,-1.34764764301,-3.70628814621,1.4933256649,-2.71088981107,-1.61097297489,-1.40695656291
3.89026045367,2.58466509922,-1.54509201472,3.16261597224,1.84367859737,-2.75780140808,2.37435857471,2.22703591927,1.2265055721,-2.06435091222,1.94772037551
1.80282678307,2.16141409956,-1.53461817403,1.75252810016,1.15450764718,2.05758418232,1.72078794178,3.24693861362,1.84627630222,-2.29348542479,0.975511373625
2.54885519437,3.21212874186,1.84248868368,3.67787917104,-2.08574461743,2.27878317743,2.40532380889,2.42555132224,-2.58239725476,2.87203549566,2.22186948086
-3.33617694916,-2.05478889435,-2.51056035035,-2.3382463138,3.56784850466,-2.42293717593,1.0590714842,1.88924456691,2.62744370684,0.939460967718,-2.93549839116
3.58883654153,1.9732096841,-1.57451061158,-1.57542203999,1.58311451527,-1.55538654696,-1.66522497598,-1.25946019718,2.39624511332,-2.65283080758,0.580709004536
1.46160832713,-1.47183774372,2.50811157722,-2.56666234411,-2.13980731675,-2.32249077166,-2.91130043274,2.2026435829,0.914822993594,-2.34565669628,1.86287034947
-1.63310692454,2.10522880453,2.12236079186,2.89963029239,2.97381825165,1.72824564259,3.27116838229,-0.993644900462,-1.5026994683,1.74105822378,-0.712237654656
-1.14822633447,-2.76364878831,-1.64982641402,-3.25415368594,-1.27146804924,2.24727840115,-2.75075666557,-2.12430977281,-1.0235736968,2.54240576049,0.541808011564
-3.61543246852,1.83805812678,-1.25578591732,-2.30682514464,-2.21053632166,1.62296972915,-2.14118372259,-1.98793070412,1.78658817929,1.77490345167,-3.28788713687
-2.62472503195,-3.10558637103,2.20670464728,2.93739297196,-1.63202996856,-1.65192295992,-2.26809514115,2.17508732274,2.73079331696,2.30617858412,0.169351299671
2.97197401212,-1.72463081126,-2.10366966347,2.29430177403,-2.30810685143,1.61222103015,1.55848571973,-2.7657521967,2.67035491265,2.89533078813,2.70578939703
-2.43921078023,-2.17204566102,1.49896972268,1.76524301013,0.897030685295,4.33116958796,2.49886614368,-1.82144538493,-2.89845485357,2.2984206267,0.512546857584
-1.99573601345,-2.15695535081,2.63903443689,-3.0914001249,-1.58868474747,-1.24894522273,2.22726870456,1.2689120362,1.74423484586,2.52455944908,-0.821505326908
-2.43512905005,3.28174174268,1.96429975167,-1.45259273909,2.59291220147,3.66081582692,1.87096947949,4.1536434153,2.27888804856,-1.61526199294,-2.11184841389
-2.30634620505,-3.13041392697,-1.73700511287,-1.61678045249,3.20132401571,-2.16734434179,2.1998927037,-2.39425486144,-1.664385413,0.735524463085,-2.08758592533
-1.94194486125,-2.14953742638,-2.72223330614,1.10378393607,2.00383796025,-1.78121705841,2.60913544583,2.37637331913,-2.03224219341,-1.85087397429,-1.40749078649
-1.943565819,2.93036094805,-1.93405629505,-2.71369058905,2.95950033982,2.87488465087,1.57221106148,2.33078956532,-1.90180274271,3.0729805142,-3.27811022932
2.38972590069,-2.50937980555,-1.53587828228,1.43709934785,3.51388937415,1.28436043518,-1.33226260738,-2.8314132584,1.01064129547,-2.0214598994,2.20576692059
-2.80763033717,1.82112578763,3.31755920238,-2.68500289084,2.38640700769,2.46068469549,1.44396557958,-1.9823833477,1.39996753397,-2.76756891408,-1.96569017927
-1.59034169556,3.62390003253,1.93450629921,-2.44754481342,-2.50961917989,-2.92592206876,1.21257202711,-2.8703848621,-2.61970274717,2.36808600521,-2.91483997648
2.89167271726,-3.60145268152,1.8891337548,-2.3559811791,2.6706346319,-2.06967846503,1.66429788636,-2.98240382533,-2.24541494813,-2.55234597703,2.54398079357
-1.69204512331,-2.85742915676,-2.85546215395,-1.16569659375,2.28488771991,-2.89534888365,1.39821258934,2.07384599416,1.55771014744,-3.23150775199,-1.31746321417
-1.39609873914,-2.88879916809,1.49284504699,-0.986361811098,1.95667126667,-2.41033877228,3.33916189693,-2.32679791206,1.89730992333,3.03733350857,0.236850901933
2.36949443259,1.93431732983,-2.94149907355,-2.45618567311,1.80448236487,-2.30253040946,2.43900904476,2.350496449,1.61342575058,-0.539173030045,-0.380963605526
-3.44096214045,-3.91883178254,-1.41635887937,2.41541963638,-1.42312530979,-3.80877406683,-2.42937655787,-2.71402754021,-2.45666396398,-1.83932923832,-0.570612459375
2.62178456162,2.60320389586,-0.927746706588,-3.20965615562,-2.1839834315,2.01464903108,2.48068503265,2.221035963,1.90405034635,1.18802407264,0.563083922995
1.38607472793,-1.73399773541,3.84929614202,-1.82161606393,2.6301652878,-1.74370901053,2.12351978446,1.37610744744,1.45836827363,1.82136066637,2.25156108702
-1.95103669206,-2.52953112815,3.05290637093,-2.76932181788,3.93809284597,-2.89383075795,-3.04743303916,-2.24650368758,1.63208568324,2.12885988307,-1.39721650415
1.5810628167,2.02987088937,3.15919394789,-2.59328049176,-2.52441024453,-1.57116381707,1.71636757968,-1.9047689659,-1.86424277574,2.00982225003,0.588403770701
-2.01858800236,-0.275709511448,3.47998242666,2.35963428554,-2.6400076553,-3.20965546103,-1.77284942202,-1.38293188929,1.41745194024,1.74864511235,-0.269702573777
2.83922957849,2.22033457239,2.81865234416,2.91493255284,2.58758652006,2.49256281038,-2.76591286601,2.42593251513,-2.27661864246,2.05041208604,2.63025415668
1.59606624151,1.97488124719,-2.46075215019,-3.2141100761,-1.40260002285,-2.88493995929,0.600929988607,0.910805218509,-1.7872459301,2.44124299738,-1.11473456885
-1.24229156565,-1.92700620047,1.73039773974,-3.9339267634,-3.25600489046,-1.39251069629,1.53147469406,1.76709793729,2.08423722161,-2.73759375071,0.972173693897
1.85574913233,-0.856302604716,3.5389486436,2.06393187349,-2.50271548961,2.58286454833,1.39038695116,1.01095967405,-2.37024148815,-2.24797476744,3.18028522379
2.93905553362,-2.14821234566,2.09849164054,-1.96044290742,2.19536353234,2.8032304129,-1.12549991446,2.20593758242,3.32108081744,2.49680266738,4.17366492829
3.35331701009,1.79148687608,-2.48178306295,-3.74335388385,2.01783216591,-3.36858640845,-3.69467279955,1.04754264391,-2.12946298881,0.785192130656,-0.0912601576338
-1.09694429678,3.0409753215,2.29208332664,-2.22108235371,2.58995369838,-2.15226478158,3.45339404413,-1.86168234029,0.802865186857,3.11919760789,-1.5830212798
-1.94889218907,-3.56701839121,1.84788410754,1.88166404416,1.66929854847,1.40332041583,-3.06495074393,0.67346137153,-3.28381959571,-0.894921555344,1.58143324424
2.09349089816,-2.29718909635,2.62031896157,2.24398987546,3.22734750407,-1.82037892191,-1.91432891905,2.83099628666,1.32381321332,-1.8430195991,3.93454202007
2.20366937022,2.01787998156,4.42123084259,2.97302094865,1.49236140179,-2.36166291681,-2.4079300463,1.6993350939,-1.76783280914,2.05448192663,2.77957393728
-0.804748586855,3.32659602758,-3.71049957223,0.260129727785,3.03587111069,2.18881246965,1.80875175214,2.48863159711,-2.1016697871,-2.37081631035,-2.50104798311
0.673455202519,-2.04023039973,-3.37056811681,3.02131857807,-2.03084059275,2.18950165192,-1.55054667926,3.6105766357,1.22796203385,-2.23000820808,1.15688340047
1.47492268434,-2.55880615105,2.43472080513,2.9325333707,-2.42266471229,-2.41837165367,-2.08010340951,3.4303024874,-1.80332738157,-3.35395788397,4.09815390519
-1.61802498239,-2.61436230621,2.35543141663,-1.10803629404,2.18828773064,-3.60122058596,-2.87169206983,2.49382666227,-1.29747642795,1.42734427462,-0.05844484682
2.83323907379,-1.34209348621,1.08281611923,-1.88308122574,-2.11357225789,-1.82830195101,-2.94274532006,-2.02417356655,2.53219715358,-2.06380351824,3.33268505514
2.67825414418,2.3613825281,1.89782008227,2.60353473466,3.13943672434,0.920879841173,2.19361834611,2.06265783864,-1.82363264621,-4.05281263631,1.47196454189
2.33681490003,-3.35772188656,2.58792018478,2.29176769928,-2.01708737336,2.69880541246,-3.69470307019,2.83069513458,-1.27582613645,-1.78928068967,6.02691577008
1.37585061,2.40841119356,1.61640220276,-2.75631637651,-2.3039314707,-2.2696066212,2.22866038762,-2.87828731102,2.27561141862,-2.23466105432,-0.148319076949
2.37774617588,-1.28461754804,2.56629453776,2.80424360189,-2.0418082194,-1.72068991049,-1.55377432886,-2.28491477628,3.41919096204,-2.78485701996,3.68248629659
-3.69435780088,-2.73150302538,1.4042985922,-1.71663066503,-0.72124820587,3.41674629497,-2.79091852068,-2.49914504607,2.21480953277,-1.04361984166,-0.176572649898
-1.97913811241,-1.14718715625,-3.17357588212,2.55711238277,2.43337348748,-2.33998536102,3.22535690098,-3.17426877051,-0.618080769103,-2.49961122081,-2.09987876812
-1.7235505332,1.52314541387,-1.57076973532,-2.31652687659,-1.92356614944,-2.60292784122,0.78472706614,-2.85316703831,1.63780717384,-2.38114681516,-1.52969714987
-1.72020130575,2.07967315534,2.65238776139,-3.35021110139,-3.52638109971,1.48600464797,2.18956589796,-2.48455876606,3.7747931535,2.62354115893,-0.425964727081
2.72366789347,-0.229821692617,3.02007517628,1.09787134673,2.25924952619,-2.49108646535,-4.15223773717,-2.45947582322,-2.3363883001,-2.69886611692,3.41820568864
1.97490461,2.83670657444,2.24463529395,2.3667174495,-1.06057067917,-2.62718425664,3.04402058336,0.719221713663,-3.22729953101,1.59281599652,0.250038259246
-1.53656728543,2.48796858266,2.43108786298,-2.78331613071,1.27057238503,2.88851180004,1.13593297434,2.45144350286,1.74758624459,-2.48485757429,-0.69999535666
1.99196871159,-1.97935755154,1.59574495603,3.52603605087,-2.22778256135,2.79483973318,1.54896909991,3.02991022435,2.84779669878,2.04696942077,4.20737692312
2.91868505068,-0.523785383284,1.71190421876,-1.530409255,1.17544629331,2.08443221463,-0.949502974931,1.56951472868,0.628669921338,-2.77814457251,2.56213531422
-3.51794444218,-2.65066486126,-3.10081853776,-1.64480205766,-2.53797876848,-1.55308204243,-2.35692270096,-2.95077280134,2.62762437683,-3.04290975342,-1.65670011656
0.0470843725696,-1.60126371264,-1.87854534669,-3.33053433932,1.89057175125,-2.18424380418,-1.90299448735,-1.24429519464,-2.5068256681,-1.84160038309,-1.28086654101
3.24622030759,-1.89580386848,1.85612699008,2.53559932194,1.60536475597,1.79610558021,2.03414184411,-2.63663213221,2.60735889371,2.82142730154,3.54662952507
-2.87799863504,-2.0156122277,1.15728947977,-1.22336931617,-2.21040832805,-1.95584864858,-2.5747004684,-1.28034381273,2.34532749507,2.69482222056,-0.995740094443
3.06038683553,-1.95498018132,1.86456539132,-2.14532182353,3.4539127203,1.83901130038,1.98168915995,2.59917264099,-1.05699550955,-2.28127377864,3.18968433502
-2.40798857345,-2.4842530606,-2.4149457491,-1.5227568137,2.53243429279,-2.63521950716,2.40107701383,2.20461391206,2.89147709469,-2.96892985105,-3.01661598187
3.00156173217,3.20468302677,-1.82205597555,2.49091644262,-1.38202993321,2.67415138386,-2.37336454036,2.35693331339,-1.72918965425,1.21319105005,1.42631644041
-2.95915225371,0.484799998719,-2.34186741191,2.78902696886,-1.46017897701,1.81557109853,2.55710476966,-2.08003734649,2.92627843046,0.883011290338,-2.0464858255
1.94555280778,3.13318538499,3.70604075949,-2.58282835196,1.20346472342,2.49336962868,-1.03474713604,2.47367000864,-1.88688666538,1.797658778,1.27522500059
-1.6445030729,2.84788511417,3.12226006228,1.49014850174,-2.03966532326,-0.646694662144,-1.13551928844,-3.41825756815,-3.47562898404,1.63552499063,-0.18352397782
2.29108741705,1.11632070328,-1.96305290044,2.23819923663,2.8565740632,-2.00562094989,-2.4855329976,-0.995171301308,2.62575800829,1.23842139058,0.68715609039
2.43971071865,-1.68013785164,-1.72628616756,-2.27844586011,1.82185528358,2.38674037612,-2.3018745123,-2.60180938185,2.18730931028,-2.40451546587,1.96533561627
2.08421717072,-3.77726645121,-2.28048303691,-2.39852582419,-1.3503431326,1.13348787307,-2.97736948572,1.43375304064,3.08623446918,-2.37883047718,3.4145489688
-2.13107451242,-1.8405083379,-0.421012544522,-3.16051766179,3.04763348641,2.02577383074,-2.25210544068,-2.28277392264,2.27141708354,1.15825032509,-1.28157583478
-2.04876891987,3.23126286884,1.36846386113,-3.0770210542,-2.88323403011,2.02864472453,-1.68069840054,1.36762085162,-2.22818683191,3.18593247039,-2.07055969604
1.83329606985,-2.12035510165,2.04183180836,-3.77417947897,-1.02587783538,-1.5959967504,1.59269728255,-1.08297766527,-2.12463875315,1.9362732837,1.46546681713
-1.86457579001,1.81745126931,-1.4415357781,1.83341123618,1.77359573324,3.12702557573,-2.74240103025,3.31950995794,2.1649447697,2.59542346216,-1.44070520373
-1.46973491218,-2.14726164724,-1.3751006489,-1.33569164298,-2.32200847331,2.50075870602,-2.15837342608,1.91065439881,-2.44413596527,3.56822898928,0.112096442116
2.41018609305,2.42709037587,2.70449921672,2.17603504649,1.88718733834,2.53414124665,1.89681662375,-2.05550540709,1.3392735054,2.67302549147,0.97429029928
-1.8665993734,-1.40616279945,3.17791317374,-2.10100058701,3.06055348955,2.48892419092,1.70043504067,-1.11819819087,1.04797443052,-2.32980341595,-0.519192707801
-1.92672449554,0.836626069594,1.14891092321,2.68380523208,2.71974516846,-1.54596717049,-2.73153194767,1.82373404772,1.5006705961,2.24552203308,-0.614809488688
3.64183090982,2.81025104537,4.03344692184,2.21356670137,2.15048754197,-2.16607088503,-2.45630500889,2.08853829332,-2.49984860944,-2.96238155484,2.61618940882
1.66733295133,2.78643305471,-3.10587770744,1.78313286972,2.15419226758,-3.0641327124,-2.55869292893,2.21177428683,2.19257263493,2.34412968494,-0.339717191385
-1.42928369638,-3.06506264464,-2.93237839077,-1.91528892846,-1.85305298108,-2.23001918766,1.64086854651,2.80361637204,-3.46351857972,2.89965701074,-1.56736507798
1.41261695946,1.88262438848,0.858448069885,-2.06412085318,-3.81419247889,1.31738860517,1.75499258352,-1.79886577994,2.64950721771,1.69626616959,0.630291113821
1.82941181732,-2.56336120815,-1.53915154564,-0.784591262072,-2.15963014533,-2.45717492358,1.54692913333,2.03780401022,-3.64330920477,-2.35071751293,2.24947819718
2.3978753238,-2.65205233653,-2.39603354986,1.33216328704,-2.1502814185,1.59387553812,2.72639973356,-1.20535175748,-3.19431283912,2.17154765812,2.01068429689
2.06434044484,-2.61723049806,-2.73368736658,2.59920701254,-1.56118565967,1.57668411936,-2.22588149241,-3.13347091726,2.2249674254,3.05338822752,3.32843724701
2.03215367627,-1.35441991739,-3.69792252835,-2.29929530684,1.17832345666,-1.428944703,2.2483824836,-1.79588953871,3.03243771537,1.85594482959,-0.806832227632
-1.66784945066,2.60635544243,2.4995013753,2.40902989262,-2.35070651524,-2.82484334426,2.34073473059,-1.73570545365,-2.17647270329,1.4295304196,-1.28273440739
-3.08186285157,2.14892965255,2.43616481817,2.08159192502,-3.04280396173,-1.75953710362,2.07051487232,2.04460822915,2.14695623512,-3.22172433172,-1.47025198576
1.48498888973,-2.62100932774,1.75874445692,-4.01840802982,-1.93528540624,1.98547060208,2.29202888167,-2.06280719494,-2.99524579837,-2.11552792387,2.44329455243
-2.55203770679,2.76802359337,0.859025463333,2.10210043154,-1.92626739722,-0.842318130573,3.67037092833,-0.4150059375,-3.88205667925,2.78047192633,-2.43467649743
-2.39281058157,-2.49219979344,-2.5798959976,2.88356062628,-3.40979078829,2.65461882137,-1.83847651154,-1.39863709707,-1.69278720888,2.67757993738,0.597953683526
-3.45566693871,2.46962013434,-1.56281318107,-1.34354465789,3.36445253416,3.49461398566,-2.92929519518,-2.51268769016,3.16772443233,3.53351490713,-4.03093982217
2.09074510856,-2.13994234004,-2.41416013177,2.25370077736,2.94462200027,-1.45766108265,-2.41216073059,2.64237628466,-2.20954780991,2.96366143986,2.54406594293
-2.81700644628,-2.01516379009,2.07044870626,1.60852190998,-1.3634428355,-2.24440655408,-2.87525962083,3.90110465755,1.99202892107,-2.31128478211,0.780348908621
1.74208402881,-2.51181530005,-0.926176748111,-3.62114672492,2.22378447206,-2.05874939009,2.10375808691,-3.65405386941,3.25088431642,3.00285732193,-0.46039780003
-2.43960872024,-1.99808381179,-3.46408755276,-1.24970026337,-3.11229942564,-2.96979639999,2.82997505842,-1.65632741844,1.46317714446,3.21107473994,-2.5323731803
-2.11361727212,-2.62467625676,-3.1007750636,2.20814591205,-2.4633160174,-2.24348375475,-2.88514659428,-2.39342708675,2.96262705724,2.75743096387,-0.59382552998
-0.84976824233,1.01919482596,2.46706182626,-2.39653972544,-2.35417245202,3.48335225525,-1.2126424068,-2.91737535914,-1.94526878544,-2.39207734142,0.378031706166
1.94358429885,3.50908698286,-3.73508732409,-3.08401887059,-2.26689421821,-2.38163161656,2.44584189833,-2.9954757788,-2.42232696304,1.6526501808,-1.73463719311
2.49843228318,-1.42533280359,-2.11701402324,2.52207050618,2.03185949897,-2.38561975841,0.958733795259,2.03237705501,-1.03343708621,1.15776784152,1.61224294074
2.77152772775,-1.41870314873,1.81383391919,-2.93983277579,1.2802474846,2.56374356074,3.00160401497,-2.25541821812,0.211018169097,2.45526637635,2.26582553919
-3.25168495163,-0.868072689481,-1.62434933277,-1.30812183097,2.99748793917,2.34865473071,2.43277757366,1.69996095919,0.512460367603,-1.59299373961,-2.68860239095
1.40820312132,2.4250622794,-2.19927731624,1.20015128901,-2.16111019039,2.18882344393,-2.50923911801,-2.0885314095,2.12151473361,-1.86957217803,0.599012388129
1.46673181938,2.83359393592,2.23239009458,2.29226676294,2.5151681565,-2.39676198947,-1.84470245022,-2.56077590201,-2.89334265581,1.23366771668,-0.0652760717609
-2.46536715301,-2.21125842273,2.97362943892,-1.74542287868,-2.22511239854,-0.634450796482,-2.48550682304,2.83923901707,3.25006715803,2.71284881144,1.21697515381
-3.07844009191,-1.17491738009,-2.5234971169,-4.1566309272,2.19981773244,-2.26646237975,-2.46518362222,-3.02775263956,-1.86840723292,2.79710766059,-3.19064991315
1.36752653259,-2.03034404448,-1.01689867955,0.540006652035,-1.63445883068,1.6614109372,1.90927024314,2.59086189327,2.2466525715,3.19614484555,1.88238409531
1.43750516347,1.58878546737,1.36943776803,-1.97181804619,2.24777642701,-2.62921237539,2.81722773207,-1.79497934057,2.95108910735,-1.32552360041,0.479208000422
2.4663168481,-2.31577479585,-1.57568646344,0.831216481553,2.44989750868,-2.85776459519,3.0313343911,3.2517479518,1.70712057927,1.18803720845,1.86756083463
-1.94683544541,0.477688927144,2.61706144016,-2.33350705471,1.09052362763,-2.09656345723,-2.29166608189,1.54173099371,-1.46221768139,3.30214665088,-1.06259405489
-1.88245684547,-1.8234650951,2.42615605592,-2.24467949402,2.22567151191,-0.950382176454,0.429469810642,1.62269036673,1.32734616229,-2.55731374731,0.11884337677
2.85261992884,3.25563894111,-0.787914551262,1.38623340512,-1.12599656309,1.67672180704,2.77396481862,2.01942326774,-3.35620641878,2.8638135841,0.642067385657
-3.42264833815,3.50541773255,-2.15344315895,2.69892021228,-1.95518223184,2.17345219379,2.38159167043,3.08863742034,-1.96366653672,1.23303195015,-2.56147466706
-2.39022663545,2.98898616441,3.10516221839,2.36643427531,-2.86409387283,-1.53905706563,1.87184836717,-3.78092627809,-3.21841674111,0.73784660705,-1.5691852553
-3.25945646127,-1.71932750446,-2.24310998617,1.9676685762,-3.06862253061,-3.24556999628,2.77685749249,3.04375658388,-3.0444987795,1.02338037506,-1.61251172365
-1.25838051809,1.17826745828,2.4293963729,-0.561586975277,1.572422084,-2.34741134028,-2.25789013143,-1.99696339589,-1.17440581222,-1.87077657731,-1.32736858471
-2.14234240264,-3.18720170316,3.05231015401,1.72943087711,3.17123286942,2.09514743102,3.30752223135,-3.26976104333,-1.8465110562,-3.01417528256,0.71968278499
1.38820176637,-2.52416703059,-2.65275916385,2.83815966895,-2.94095480061,-1.62065386068,1.11023073185,1.64770450689,-2.3470886311,-2.49560519075,1.3639265903
2.5231101417,2.02268269851,3.19043051361,2.7991452311,-3.02506118436,2.83444691032,-2.47861209229,2.0696315494,3.32040417936,-1.24410779334,3.63433383681
2.14601780463,0.542183255743,1.39970955549,2.0330905454,-1.81599502113,-1.11357539474,1.61103393343,1.99074035974,-1.28845003606,-1.29744153701,2.57175679299
-2.35839322876,2.42730477782,-1.37433849947,-2.36226559409,2.48171750653,-2.78932463184,-1.98097398298,-2.00056113317,-1.27169419064,-2.35622791663,-4.04129873434
-1.27471575471,-2.41240076397,2.5361228983,1.67290621516,-1.63764605698,-2.71257412325,-1.99603064737,2.50778137779,1.10279775159,1.91870316083,1.35647184297
-1.78832616891,-3.39273254415,-2.05687478943,2.20112281393,3.83504692535,-2.59604216805,2.01741892046,1.32636410389,-1.87541060066,2.10343470326,-0.611048648804
1.50100990263,-2.27223076574,1.64165686921,1.8936179947,1.71797089458,2.51761109006,-2.7789998092,1.6098190025,1.80231356234,-3.10290044847,3.75228697508
4.3181354898,-1.33145790596,1.29109999398,2.89511566196,2.94108576972,-1.24780503251,1.46582531714,-0.811182102247,-2.73987677678,-1.40147825012,2.61589151751
2.18884151074,-1.25077298525,-3.95176425867,1.13648330275,1.93686225116,-1.5317583825,-1.76191097432,-2.63837330218,3.55006991798,1.61373616482,0.702031864313
-1.50958026071,-2.66522903138,0.612858692447,1.47560598003,-2.87167776259,-2.79859041915,2.16777959349,-0.976736854711,2.15667102267,-1.3239043688,0.730717581785
-2.73152718221,1.34267669598,-2.57641071048,2.29183458707,-2.9876021907,-2.36578173792,-1.89375646353,1.71220346601,-2.01752783989,2.24516445634,-1.17453793142
-2.9555118258,2.2156690121,2.73720558571,2.15576258052,-1.79699963419,2.70709339601,3.1623732211,1.17255519245,2.26812192053,1.20454877437,-1.21467428786
0.654335409203,-3.42552693547,-2.45405722308,1.12069140577,-1.65013147367,-3.54647770464,3.17261313319,0.899972080828,-1.87212751823,-3.94610225591,0.926678122193
-2.61024138136,-2.91652567873,3.24330471876,1.07113409903,1.60875392676,2.30492358048,2.24886185565,2.11800057019,-2.30918551468,-1.88701123981,0.59641737769
-2.26490506747,2.3900715961,3.15389105829,2.87866658563,-2.4077925079,-1.70864078575,1.41905061966,-3.56449168386,-1.91476132463,-2.92273988657,-1.11574847949
2.67955092924,2.20783586732,3.15084622326,-2.08669972549,1.62379048549,2.48382031532,-2.41842551409,-1.80288527365,3.55961662852,2.66156757487,1.22916474362
1.79663313875,-1.82635962952,-1.39413913259,-1.83748139088,3.06236400181,-2.18622520767,-2.2261383686,-1.544951005,4.12721837274,-2.42705244412,0.915400242985
2.00533046769,-2.55484060578,2.36818191109,-2.24181737589,-2.55819617516,1.18906837317,-1.53603619104,-1.24715938604,2.52472806442,1.44353671962,3.80337590837
-3.18684085314,-2.29950969338,2.64180790187,1.52157504163,2.11046515584,-1.83969440457,-2.91202745797,2.97746304576,-2.78271051969,-2.47982858007,-0.0373856807774
-1.79623717276,-1.64200854391,-2.11940275656,2.8694929242,1.70585300198,2.63180156748,-1.47203818918,-2.86323357395,2.1801674678,2.25096222892,-0.907075879629
1.53911714546,2.09187035943,1.91055485521,1.05617361024,-2.68124155152,2.5247126254,-1.48059800905,-1.82295553221,4.0605367928,1.44509314833,2.297354673
2.66155274698,2.1603804427,-2.49127907754,-1.3314878779,1.82424839719,-1.72497581827,-1.66078071709,1.86474944673,-1.6273551964,2.66850017659,-0.480306556056
0.604469945454,1.39546562296,0.704616945213,2.81506544362,-1.66244194778,-1.64975939032,1.81727624978,-1.54096058255,3.62301661884,-2.75094445537,1.4231396798
2.5348301167,1.74485062315,-2.64403767273,-2.25333762121,1.79922381301,-3.41135621664,3.53478755148,-2.10419917492,-0.729614501068,-2.45443770432,-1.18465376764
3.24387890506,1.43728773348,-3.20902048604,1.73270883044,2.46337989851,2.56511427074,2.02291295706,-1.2236842838,3.00822395652,-3.8923418015,0.716110860659
-2.38920286231,1.0845941219,-2.28881544736,2.51995904295,-3.67868559649,-2.4678462191,3.06885108357,1.18059915474,0.725915386529,2.11124291405,-2.42587449291
2.12687835786,-2.56988233092,3.05779665319,-1.89388133092,1.02355449539,2.09961539028,-3.23617744841,2.9310005993,2.55836963156,-2.87077463678,3.34909639539
-3.20883934056,1.56012097713,-2.79756845,-2.76882162484,-2.4657506781,-2.44150139741,-1.7910218041,-1.99431157461,2.79457606887,-2.36098997144,-2.96942125789
2.91145090109,1.12314575779,-1.74337578233,-2.818565241,2.70054682007,-2.2360405177,-1.75217629042,2.95484009862,-3.1662299406,-3.34766113155,0.73921049495
2.03543161963,-1.97758260777,2.04493163456,2.4696648312,2.1592573682,-2.51375846516,-2.48762829237,-1.67074633313,-4.44772867001,-2.13677910722,2.41227051419
2.76645001999,-2.13541266456,1.27199414525,1.79754754984,2.1357174937,-2.28557355252,2.62589753614,-2.55235766666,-2.05677149736,-3.07731346666,2.48406935612
-1.04769526551,-3.29515736934,-1.55098586277,-1.30637225637,-1.42702117086,-1.23831636048,0.763682901619,-3.59361408439,-3.41648099783,-2.05911055319,-1.00294180864
2.34731551133,-0.786382408505,-3.43650747829,1.85937557228,1.11870080962,2.62538542821,2.71342128019,-2.79743917225,2.50817591352,1.82177731322,1.52427079237
1.55716479952,2.3035315973,-2.82408569004,1.46966253344,1.75781200435,-1.25408687848,-2.89565628374,-1.77052719673,2.48145659111,2.03871258756,0.2656942807
1.94759963695,2.60799356508,2.31428101718,2.54523788687,1.92222323332,3.22758376816,-2.95185716021,-4.60169286938,2.72490303608,2.03196906535,1.02781604237
1.79705565273,1.50294587543,-1.43224322025,2.79982915418,2.41546378674,-1.68546634955,-2.58968167327,-2.07122439193,-3.00216744651,-0.402980860141,0.21761485637
1.72258817607,1.87188505721,2.18187794404,2.55595819284,1.66937591096,-2.37515165674,-1.84236718419,-0.955109287588,-2.73157784459,0.70532692546,1.20857711328
-2.52395254712,1.52214130114,-2.01514467647,-1.93376810463,-1.89499614501,1.40215507748,3.3296392662,1.41760961665,-2.80686099822,2.99346547195,-2.74385657897
1.15813031663,3.34316231662,-1.59816624693,3.1152732147,1.30001473741,-1.6724813276,2.44743698235,-1.8785485466,0.300113604064,-1.71677564468,-0.129394555744
2.07463429344,2.75192937839,-1.62653106192,1.37153116701,2.48460574981,-2.75310939643,-1.97627262209,-0.74146710009,1.90943855651,-3.46569276719,0.548190626845
1.72386547997,-2.7305867278,-2.18408731063,-1.18733294755,-2.50345156482,2.57626990656,-3.74680288914,-3.12691441659,2.52810902401,-1.4465628194,2.05707588213
1.22130098008,0.546129030991,1.51424262769,-2.6031477672,2.93171713489,-3.43225809935,-1.94698119475,-2.94818236611,-1.95928646469,-1.45726576305,0.184354586861
2.2588974936,3.34742391828,-2.19968365186,-2.41113910407,-2.69334287362,2.33821082358,1.84170660509,-2.31283503884,3.15499164142,1.96463210706,0.296908431301
3.58838273429,2.41383674316,2.47740467988,-2.38473157575,-2.37896283455,2.46758837867,2.13485318485,2.19630030466,2.24356384518,2.53005587734,1.93464448313
-2.53077468006,-0.753185805205,1.569223668,1.38472760202,2.39311622983,-2.2140390076,2.2896477009,-3.11836950848,-3.35079549066,3.18873445528,-2.0569576884
2.1854308019,-2.62543588911,-1.67284885032,1.35437127867,1.95891994105,3.28130022189,-2.86935452371,2.25483569591,-1.68375921806,-1.68031373444,3.59979132606
1.65454680026,0.964365197806,2.37970351335,2.24950705659,-1.44644422552,3.51011036034,-2.37536758273,-1.70813049952,1.76865300083,1.08883339106,2.31113385388
-2.90730468989,2.78360159982,-2.33708545836,-2.99463407532,3.2149426678,-2.08416896027,2.03362648109,1.34251730617,2.36837502634,1.67330945714,-4.12644479378
1.74387058304,2.13659076997,2.02060891526,-2.7388650411,2.7585825509,1.91424875112,1.72543496369,-2.08202471249,2.46338803956,-2.77371974403,-0.32877655975
2.09460691502,-2.53837840827,2.17992817166,-2.90234542387,-2.27255723989,-1.91608905611,-1.8828944458,-1.80584536899,-3.28450672895,2.1977661159,2.08220531728
-4.00977364621,-2.35535386128,-2.63813618281,-1.17796840655,2.31557812382,-2.47041580904,-2.98907986589,-3.32925390194,2.59511554103,-3.20743316822,-3.08036660172
1.98609889296,-2.24341178367,-1.52945704635,2.37809808593,2.60115813737,2.81192968125,2.15835387681,-1.41210395096,2.55828978562,1.19468267868,1.73628721026
1.77979529176,3.18217285167,1.39530191197,-2.47185140827,1.48939353178,-3.68910789304,2.25382337682,-1.54597086394,2.46147788527,3.00834173732,-0.940452128966
-1.42273710039,3.13443149498,2.55084719794,2.94164697959,1.52664742221,1.7295493604,-1.90510502006,2.68461523132,-3.02393190811,-2.06697273084,-0.66636252131
-0.766851601452,0.457961055619,-2.22801504861,1.70435848172,-0.462128377593,2.33127572374,-2.14521402866,-2.32296501403,-3.12115401036,3.9069162517,-1.23277121923
2.78834942693,-2.93176366265,-2.54481243101,-1.63195973295,-2.46248995186,-1.92481539437,-2.77433562835,2.6366586148,2.75560485457,-3.32247021329,2.63144129033
2.93778406072,-2.43228865406,2.03007534663,-3.17480748575,0.321015957014,-1.78771667412,2.02662358922,2.5710263565,-2.48048797612,2.63500974201,2.55372641447
-0.625602980602,-1.4687120255,-1.06000742478,0.854059437373,-1.79366476806,2.7371499727,-2.57957843223,-1.93999999869,2.37419268524,-2.37803689803,1.41905955004
-2.51440673315,2.8311710033,0.279221298223,-2.91282352267,2.47028053086,-3.81138039416,-1.77591411087,2.06292307739,2.87280291858,-1.53709285358,-3.00530781582
1.52656192485,-2.09222359196,-3.01174615803,3.53470301877,-0.186971147807,-3.06780724249,-1.87230777461,-1.89693552796,-3.08614686736,2.40985022188,1.34278030628
1.08282178735,-4.25924084596,2.01602857604,2.10174626308,-2.9425213149,1.72108850731,2.55841391578,-4.3194748541,-1.64679132608,-2.38240213951,3.8943083827
-1.80905251631,1.65101646629,-2.0876103239,1.94551000512,2.20186269743,-2.53118739026,1.90451244074,-1.23897288903,-1.23669707403,-1.91708120921,-2.89372510888
2.1850004945,2.15561697891,2.16774346149,-2.44225699007,-1.60534224493,1.97202630271,-3.28531695501,-2.50502949064,-2.66582028702,-3.07856693011,1.65859405748
-2.44233447029,-2.83242931599,-2.97009227952,-2.80419932958,2.67516993571,2.38705197339,2.5078909976,-3.36398228749,-1.14989513426,-2.60384870563,-2.10339383031
-1.72799022587,-2.10325568282,2.71933190603,2.73667194345,2.23750706812,-0.630527882958,-0.768172895038,3.88269896395,2.83517096308,-1.95706015318,0.919323160072
-2.50595232699,-2.01049677416,-1.02575529285,1.46331588662,2.16607154784,-2.70929823393,-2.06529525688,-2.14824988223,1.67577678487,1.39801788205,-0.521287081064
-3.44310332568,1.85155819966,-0.73689936701,0.852545099848,-2.13653983602,-1.28071341012,-1.22901814024,2.01485492749,2.56285486572,2.71061931199,-2.12619944267
-0.285999334755,-1.11067040739,2.12261481502,-2.73383211358,2.79938054395,2.81925778463,-1.80254803112,-2.03957317758,-1.64753065707,1.33754477888,-1.20719302893
-2.55366521631,-2.49120174686,-2.8399373021,3.91330616091,-1.77189997298,-2.97418588828,-2.17109020175,1.72009629824,-0.811620746017,2.34079375039,-0.972491016918
2.95527557385,2.58149148653,-1.26949110671,2.6403201247,2.73332406747,-2.83274753398,-1.86669773499,1.86354047352,-1.30889403868,2.55493596418,1.04277217467
1.48861415857,2.42128806682,1.17067700597,-3.11450698866,-0.30631894969,1.05784027712,3.1139468015,1.69102124044,2.64812935562,-1.44057431243,0.32014052142
-0.910405909249,4.10394472686,1.16976294401,2.55777069562,1.30958348991,1.9239566393,-2.22789901719,-1.79358353958,3.3234264247,1.81722857918,-0.520661041009
-1.11028861993,1.7984766039,-2.40136357136,-2.50849569129,2.45228960128,2.62075004662,1.95650197472,2.28182036896,1.48978835337,-1.68094544147,-1.84099195322
2.18892699463,-1.9775606549,-3.34126060687,3.14163719539,1.89934495317,-1.70352567719,-2.21093005047,-2.6707579956,3.19413196585,2.31271417746,1.98352488064
-1.63167834499,-2.93208311473,3.18794650875,-2.85304838591,2.9029259143,-2.58163245991,-1.12218892942,-2.17669190078,2.02176370854,-2.8278301892,-0.59034868832
1.22882545561,2.10115595584,-1.95866352123,-1.91295352955,2.19382115655,-2.05451198418,-1.57504570909,2.33418037935,1.93558608677,2.87514067446,-1.29472489111
-3.18063679644,2.70705393593,-2.79084311277,-1.99055253496,2.10525749682,2.05194470853,2.31018355797,-2.36713176358,-1.80837984983,3.03425295396,-4.59206747079
-2.19118347395,-2.15133127235,-2.62029682867,-3.09790314598,-1.68453454755,-1.46657266259,1.78285051838,3.39604758229,-3.15716895484,-2.70105213479,-1.20060300746
2.97279784178,1.23284479101,3.14109206314,-0.791418248829,2.38001760266,2.2221066267,2.64375127556,-2.69627559863,3.32889378652,1.09083639297,1.75441712642
-2.317492053,2.43878476956,1.94440076103,-2.73360407421,-2.71755236417,-1.80201490101,-1.13353035687,3.12472093471,2.10971407226,2.95849851148,-1.44875518787
1.92824729349,-1.69955576782,2.69630781359,-3.41656280568,-1.87080300466,1.64896874263,3.08515114462,2.91574331639,2.24318641261,1.89747486434,2.90978375646
2.62140227465,2.80990158539,-1.7396761554,-2.83174523227,-1.91778150942,-1.64970021159,-1.23354039706,-2.47547343658,-3.03119941879,-3.83958242943,-0.822864438453
2.02861425224,3.06487163748,-1.50965634017,1.93983420958,-0.71440303227,2.88415776373,-2.86616124345,-2.46326833929,-1.27400948042,1.91836517935,0.0715957251858
-2.16213047585,-2.70852815859,-2.65669774465,-3.02851402013,2.74509113307,-3.13510844449,-3.15411226979,3.38206519113,0.902378354411,-2.51439785069,-2.4242751772
1.49178674659,-2.84939418945,3.55731547274,-1.6868063303,-1.56142987618,-3.14436358501,-1.41999140967,-2.47343083554,-3.59375694658,1.47876018987,2.28439751122
-2.83455891947,1.52123288069,2.470962272,-1.52192343507,1.41699506907,-1.76438942583,1.01850214654,-2.67264435141,2.35404440218,-2.12111399475,-2.8291551206
2.73358117474,0.972223862231,-1.86530740438,2.46948414859,2.15234269987,1.86879383799,-2.08150853703,1.50757099853,-2.59250290447,2.81647163971,1.64755569485
-1.41393084279,1.75756563883,1.89396999959,-3.3399774806,3.36750777542,-1.72931538598,2.25857733607,-1.03739454682,2.39286855584,-1.93381199231,-1.8400056879
2.76814678215,2.30177115259,1.76905482892,3.11021604214,-2.31208499791,-2.15456589822,-2.58623080227,-2.73714289116,-2.91220607834,2.37255443275,2.13637369227
3.11432197973,-3.5736237448,2.60109905516,1.02684341939,-3.51208119026,-2.04536139682,1.69352778296,-2.83561089153,-1.27138527504,2.28210055444,4.33187327966
-2.64398693738,3.20021097613,-2.08114397768,2.91970622342,2.28867983348,-2.98769212285,-1.40761490385,1.90691417825,2.00090272933,-2.28426699492,-2.78223498756
-1.75368140245,-3.26814907393,2.33857232424,-2.35295562594,-1.51043230354,2.2411403819,-3.3799206104,-1.91757808198,-2.18362451305,-2.78475131,0.501469371646
0.320517059266,-2.41758730127,-2.29268231311,2.81298637656,-2.18673069892,2.36261670715,2.09515205544,-1.59501178452,2.70185332496,2.54047260784,1.36907516323
-0.395798795461,-1.57979093632,-2.55797092319,2.27771859018,-2.7122879925,1.674321911,-1.64103017967,2.52139854439,2.06935663912,-2.94930294215,1.46982922558
2.56812076264,1.45486264941,-1.5512708278,-3.01440297886,-2.16940744966,-3.20556903234,-2.20627852778,2.38517184877,2.34437926766,2.34951774408,1.1789867167
-1.36689943394,-2.08815943656,-3.1344026458,-2.4468982816,-1.8970693328,2.85321480324,-1.95010888026,3.95565448064,-1.34818994259,-1.31327817745,0.302571784761
-2.88507629021,3.00117721473,-1.58096866458,2.47452558189,-2.55778674417,-2.51673448278,2.92822659094,-3.10666682461,4.46180155308,2.49389640747,-3.59445016641
-1.18862555221,1.0233793194,2.04380560922,2.52043694877,2.17143164504,-2.77547147631,1.59215114677,2.17758450543,1.37081828829,3.10290945493,-0.598254981391
2.23767813841,1.66829737641,-3.38774903245,-2.49290151856,1.22369484155,1.95712174702,2.34439122784,-3.66766094819,1.6783631366,-2.01600240814,-0.229841924373
-2.26378300698,-0.603821981038,-1.80701019458,-2.42050868819,-1.73393639649,-1.9624575524,2.76439442381,-3.22936283815,-2.14766917676,-1.12103339287,-2.43906648603
3.51090410351,-2.36676803672,-2.94613809711,-1.82076103737,2.30709200256,-3.34821037958,1.78109920154,2.17069636926,1.8983656882,-2.19466390029,1.60456303782
-0.690938067648,3.3017006962,-2.62922745126,2.27654095889,1.50905210393,0.975838171899,2.34269857339,-1.44509547418,1.83313908948,1.27257404023,-1.16908514023
-1.87798734175,-1.50020574169,2.92881734479,2.71456610335,-2.86194830091,-2.02982590715,-2.34571420506,2.13670366158,-0.953503221658,-3.301220064,0.99137190824
1.89749491484,-1.88257752027,-2.39477683033,-1.36767977351,1.91110561528,-1.35878342153,1.80797888795,-1.36771318064,-2.30599750451,-1.47448655564,0.657723744178
2.48997056318,0.872112194929,-2.88705003079,2.41167894344,-1.48805394329,-1.49661502457,-2.20912554824,-3.91173804657,-2.65755452699,1.55051713148,0.559558407432
-1.43897685274,2.85887252242,-2.73874471644,2.16348263079,-2.26858026655,2.40892440638,2.23455770372,2.73950048684,3.21821188146,-1.08956470696,-1.06802310518
-0.609832956903,-2.64195859517,1.6002179285,-1.44617626495,1.82019784734,2.17982711142,1.57121596172,2.82699639996,2.84634764969,2.741214287,1.61063181583
-2.35905722532,-3.37475076621,-1.2801822957,1.94504440006,-3.77897338598,3.45360993414,-2.34087942206,-1.62241519469,-2.54064033624,1.22512200826,0.927921927368
-1.58582493098,2.87287161831,-1.60840361171,2.29227819224,-2.05733470919,2.52870997557,-2.77695714554,-2.33266500251,1.20077535945,-4.18341065362,-0.481872435833
3.08595082491,2.83873877945,-2.16973456814,-2.42712910757,1.383010998,-2.70088403259,-1.66384898292,3.03257974881,-0.862613594729,1.27929019966,-0.38791002094
2.07117663053,-3.23433309067,-1.13579315113,1.93176848716,2.12568453187,-2.46475730437,-2.09292436964,-2.55395015472,2.62584737565,1.74881201874,1.87328691362
2.9289930015,1.82666106022,2.06077148413,2.3756960294,-2.53971108178,2.49603360366,-1.99222559911,4.32187474514,-2.62294212478,-2.69905649341,3.69750779417
2.73106369533,-3.19095932527,1.4346652475,0.469312085228,2.21179110181,-3.13007047,-2.13731549693,1.70703813789,3.13252321487,-2.77924774026,4.07119693647
-2.68426169403,-1.30745745036,-1.39808670915,-0.819586306955,-1.29838788663,1.3795190637,1.75661530074,-1.21963279139,2.41139276158,1.82651553322,-1.35615064641
-1.95250333993,1.79622243862,3.27903963801,2.57076417606,2.12854755552,-1.6197538377,-3.46246572798,2.05234425495,-2.00906696912,-2.5113979303,-0.601184847497
3.67213775798,-2.7616859713,-2.10591172712,-3.80563630438,-2.04117010678,-3.28570074849,-3.08416864646,-3.03521336307,2.72384387846,-0.917175229139,2.50566204412
1.6492272178,1.04233523156,2.13084534914,1.99539313241,1.72088050754,1.76459150482,-1.02096726524,-2.75112879688,-1.97464655103,2.31752563472,1.28806624924
-1.05500523737,1.51076106928,2.32724819401,3.37499647329,-4.10173294155,-2.31453021645,2.75913775635,-2.3000020614,3.10757228549,-1.36091274404,0.409765190076
2.40222758937,2.22495569875,-2.4977874771,-0.704683478397,0.479306067642,1.91444190266,0.923624001198,1.75534376965,-2.06214324403,-2.69837674321,0.0893892326107
2.21649178699,1.34121579983,2.40989736104,-0.0136272968001,-2.69119616146,-2.21510176484,-1.74918799874,2.12679445667,2.24543961068,-0.989305837793,2.18730629336
3.27988366919,1.61615748958,-2.50337231979,3.86951810343,-1.72182696609,2.44191508923,-1.35987477629,-2.03663556333,2.80281042281,2.47568526248,1.78050245316
0.998190025258,2.97855708253,-2.72131413358,0.594378981002,3.64943080405,1.31785922695,2.51379493406,-2.30275171958,-1.58184810219,1.34966272892,-1.91377765217
2.67717456504,-4.52708851498,2.16694730606,1.72723822512,-2.31331326751,1.33653242556,-3.67376771362,1.72792380865,-0.722145891368,1.35625518255,5.57492043512
-2.18106393306,2.39746367297,2.77019582743,2.60730696031,0.705473112432,1.35979245079,-2.57223938987,2.53236079008,-2.93295619878,-0.476525573855,-0.213061450646
-2.96646815993,1.77932630125,2.90274395215,-1.86940545416,1.49509946175,1.5492785706,2.04153640373,3.79626868881,2.28554676707,2.23548997574,-1.44049124633
-0.961059688342,-2.12431660656,-1.5648692624,-2.61191457627,-1.24387821922,-2.09729200329,2.42295189767,-1.1911987943,-2.11780506481,1.90464558939,-0.784565001154
-2.90067779389,-3.10813917085,2.84412516566,1.95747529338,3.57298879292,-2.87844577073,2.64480423665,1.54693252784,1.42902541801,2.0801497635,-0.0975712764563
-2.07025090483,3.0067005251,-2.70216752368,-1.82968709784,-2.87216058508,-1.40424832769,1.8002090564,-2.45749467438,-1.90836924491,-1.43265614816,-3.74429838214
-2.69704049369,1.92382265431,-1.69098582026,-2.12265126222,-2.17418939557,-2.29213500009,-2.44183304146,-3.98787737398,-2.54724060466,3.71422219771,-3.87846399417
-2.06862437288,2.27480584625,1.44525867166,0.901612969543,3.17657039924,-1.33793849737,3.31338545512,-2.49362853068,1.11939317316,3.06908844875,-2.40715557252
2.47976719566,2.08159147586,1.80440774654,2.44086933309,2.37937552275,-1.87191878686,-1.89780999802,-1.94080558025,1.44832653956,2.02428104031,1.26355136371
-2.60941003638,3.88908891964,-1.38541591963,3.2303891255,-3.18965221936,2.22974096222,1.29272620174,-1.80156396476,-1.54215385904,-3.15665804518,-1.75715063762
-2.55567494923,1.43722853362,2.01116179369,-1.2032585218,1.22386803309,-2.56879366759,2.11669038831,-2.15835708713,2.67266258863,-1.81317906179,-2.89406818401
2.08342463734,-3.43493440025,-2.52396074765,-1.37404338651,-1.52755107472,2.10348092245,0.896070368892,-2.23984432498,2.2921284114,2.21053922642,1.94774032813
-2.16509336876,1.82888308615,-3.15148223947,2.37270773571,0.972313479812,2.3245342028,1.94227406132,2.34835915169,2.13215608632,0.543147682417,-1.44307460266
2.89506201235,-2.1849185936,1.61290909173,3.08432741498,-1.7804131371,-2.26669951546,-1.25722826667,-2.45224965696,-3.27848213439,-2.01408902685,3.46473960729
-2.54133088258,3.08686554585,1.09174172352,-2.2731662057,-2.36929128757,1.94647896666,2.55950550388,-2.50784193168,1.42970266192,-3.41584831846,-2.71716459671
-2.00813888504,2.27136363373,2.23675129903,-0.809710419661,-2.06523513211,-1.28477976898,-2.17721699179,-2.56785461142,-1.56890952463,-1.31502673074,-1.2460508568
-2.05649464516,2.7059799281,1.56796670151,-2.74246276154,-3.59071614734,2.08584500938,1.95966995641,1.78212642938,0.791492047854,-2.57536631964,-1.45373103597
-2.50877444526,1.79727970035,1.90299282882,3.42322040984,-1.93647813485,2.9955385155,1.13847743697,1.69249200143,2.09773134444,-2.82651982897,-0.416392827225
1.66278850187,-2.29353061966,-1.88232610202,2.00076023717,-2.45599261138,-2.24002714663,-2.2516630622,-2.45841439059,-1.08110871589,1.97695809061,2.12627822522
1.89282878745,1.7881303231,-2.61427917315,-0.999128827492,1.73504775542,1.99427183708,3.37219519082,3.03295800768,-2.15855944558,-1.13439184347,-0.716013685745
-2.12496048189,2.61678175575,1.92837034138,-2.05285881585,3.1911755548,1.34868435711,0.470068323572,3.18590686819,1.43994620567,2.32694818745,-3.2997329755
-3.1007565184,3.12794114436,2.66120621312,-3.74562847473,-1.31867451773,3.45882590585,1.22870177124,-1.71065837262,2.84401255243,2.37657748783,-2.41468922187
1.6631458031,2.44211834487,3.0354423628,2.91947021915,-1.64723002094,-1.94238447322,-3.17654677961,-2.77677569837,-1.14464604453,-2.15007129711,1.65483878054
-3.13902534387,1.35629483213,-3.15673452485,1.36542700918,2.6357213417,2.90089247948,2.35496035184,3.37818075851,3.56285324637,2.2749276129,-2.66438782149
3.29863898558,1.85931667152,-2.88774665373,-2.51025306385,3.00010838025,1.53292697157,-2.98510457989,-3.00358801862,2.04342643771,2.18173530565,0.782629457794
3.37754019258,4.02887646384,-2.01002505889,-1.50358066107,-1.94501620251,2.27913685589,-1.21257060189,-3.67497963919,1.24698665664,-1.87124693531,0.746400355005
2.39762711047,-2.36244979114,-0.516543509816,-3.5725864225,-3.61285632571,2.33565037036,-2.02403282337,3.32160964908,-2.86357765654,-3.11402771689,2.22967808293
2.04779571156,-1.57252758171,2.13932300875,0.88674693285,-1.95009604358,-2.47997763222,2.15892944443,-2.58086906633,-1.9753647669,1.25049122191,1.82250967026
3.44288616182,2.62858745042,1.76996865787,1.74770795202,-2.62647236096,2.28461920093,-1.05232068234,-2.1926468652,1.51043225894,-4.09352379474,2.49653290509
-1.72766021227,1.53127231957,2.84490992086,2.65512420087,1.38568010522,1.56397539839,1.47186866192,2.14447349277,-3.03723432005,2.43731474073,-0.907223186908
1.83500499197,-2.5452773356,-1.29096610826,1.10083232531,-2.49171400001,3.92320122733,1.53573304134,2.57609063456,1.66104746865,-0.874493786546,2.48417902665
-0.61758409052,2.36861632394,-2.25009822866,-2.22052668858,-1.76338308885,1.60460838195,-2.69459582669,-3.88722640576,-3.06724699909,-3.0229564269,-1.275891706
-3.75274745845,2.83329612201,-1.74319588366,-2.9807178476,2.388340587,-2.00678673959,-1.57650452114,1.84595007608,2.40992516535,2.43186253683,-4.35124013662
-1.85857216563,-1.79904497409,-2.61885891044,2.45103130121,-2.58233961054,4.43556813177,3.6891783227,2.67123474536,-2.47462412931,3.47592079848,-0.409720589542
-1.36313017197,-1.62816394548,-2.58473993821,-3.1960472414,1.31535047836,2.11848524899,2.4610213185,-2.64918556002,1.43736607399,-2.03936428409,-0.978357935288
-1.26732753971,2.08009844771,1.43623389843,2.09142315368,-2.0777924724,-0.193482755949,-1.32742571232,-2.9140020087,1.57203198894,0.908439466366,-0.594097535741
-1.4888789709,1.25399962805,2.4281793594,-1.8617286202,1.76946949109,-1.5708652975,-2.60285456675,2.14189778867,2.63233256018,-3.62032304664,-1.01350653863
-0.448312187931,-1.67917505691,2.78729196989,-1.99543743777,-2.68919556069,-1.91571922231,1.32863313887,1.41370030604,0.243616185768,2.84989842128,0.612363567375
1.7393350233,-1.79767870648,-1.8060914578,2.08766245073,-2.30258366435,-2.8880624993,-3.7577536404,1.99770335061,2.32561175132,1.97392789203,3.16673786243
3.05390002429,-2.38202836766,2.31154591247,0.926862869888,-2.95595611397,-1.53126139628,1.34842318281,2.411833776,3.23894583637,-2.21264776269,4.28544365595
2.1276514307,-1.91239523689,2.54676367267,3.01836943466,1.56064787079,2.49496570839,-1.87241281786,-1.88084652108,-3.10466580502,2.21751881503,3.25199268364
2.33137719276,1.72669568642,2.29183701172,-2.47763954528,2.36975841844,1.57657184801,-2.52296787338,1.3801591286,-1.82757472593,3.50475074744,1.24154324157
2.11508716123,2.29239837871,-3.19584088005,1.87632496623,-1.45966715329,1.93687806374,2.63165646584,-2.08984143018,-3.50930818954,2.49515154399,-0.668679291291
-2.19902279046,-1.72256537781,0.891060790208,-2.06272386151,-2.56133184337,1.948476154,3.90221194795,2.22169768802,2.99853181754,-1.70124060117,-1.28748651857
-1.35982736562,2.62572654988,2.7315065497,0.572891154509,-1.48550705139,1.71689741135,1.8579155678,1.37971741124,3.98833086282,2.0608254143,-0.996534120993
-2.23556622544,-2.64480253236,1.83872217852,1.79286330414,1.75540582777,1.05918543205,-2.87289730829,-2.92244020092,-4.06247940234,1.72073664606,-0.203278168892
2.84915758058,0.60266386294,-3.41643672599,-1.44027237884,2.03458286258,-3.44030905326,-1.5449507454,-2.98570871106,-1.40362276051,-1.92578511354,0.349856471873
-1.29383599802,-2.80742352805,-2.03835775556,1.1473320614,3.5013542478,1.68578390886,-2.17308581299,1.29940556898,-3.17027023564,3.30914578035,-0.0216783174017
-1.42254396674,-0.24201356876,1.7014005621,1.61906147796,2.03757387056,1.61104730128,-2.21366329519,2.38340573916,1.96206522941,1.69768807197,0.382204473837
-2.96036710684,3.73867409059,-2.38366485831,2.86901680503,-3.74753266795,4.43128652736,-2.48853531885,-1.10439408834,2.28299079631,3.59154497815,-1.97318619442
-2.31176535185,-2.32019570703,-2.51210367328,-2.35620443565,2.05141609551,-2.7182577259,-1.9800873759,2.36004321732,-2.03910090389,2.54565647164,-2.52445933255
-2.50140733498,1.89582458945,-3.94206362337,3.71664349569,2.09633101495,2.30719729732,-2.25957664898,-1.93586076403,1.68488041044,-2.40295203241,-2.08745999122
-2.24606698096,-2.06962038231,-0.857465841114,1.92847545665,-1.76258996166,3.07224437133,-1.58498431393,1.68616091933,-1.5081375479,1.76537399327,0.514915955702
3.13808195903,2.32292495075,2.48456517333,-1.8285072026,-1.78699070231,1.99361057658,2.33784567958,2.62291249349,1.73173903771,-2.5003886845,2.38680608145
2.46532997661,-1.83591418764,-2.5327960425,-2.49827478962,2.15048936691,-1.32356450111,-2.8490801408,2.48681841824,-1.18892476697,3.29582186031,0.775040713369
1.54108033833,-1.91356287462,-2.17464369243,-1.99165575547,1.71230110192,0.378472572858,-2.21684128576,-2.56558854049,2.21236987143,-2.92580985867,0.819892101532
-2.79183428977,-2.19922252472,-1.9082869299,-1.33805474393,2.80607985158,-2.80736960478,-1.93542742572,-2.35904085951,1.67836377723,1.49076320546,-1.93103731868
1.89725897941,-1.89527643928,2.13157595397,-2.27412441615,1.61469810273,2.60671446765,1.76702395089,-1.82758732776,-1.14660045032,-2.18436748166,2.83384814717
2.86701800308,-1.21188168401,-2.39371834519,1.57114291683,1.51706446621,2.24463290496,3.32028584798,-3.50172347759,-2.7064371724,-2.81933285584,1.2414221693
-2.49248621472,1.75216310237,2.04328461209,-3.38578175599,2.75704459365,-2.34749869032,1.34609678249,2.5462751717,1.71580549811,2.55564402308,-2.41774937499
1.67521308135,2.97093001214,1.64068713805,2.2022496805,1.67570355846,1.96068513681,-2.14662621601,1.62347440098,-2.48781731699,1.91082118475,1.77380138719
-3.03134202932,1.70500926758,-2.14025505903,1.64023311429,3.57143963521,2.44948259302,3.03812606165,-2.68010232332,0.0817524347295,2.82537106111,-3.4768392943
1.99704299253,-2.68714303494,1.81250133194,3.22036038218,-1.53210014178,-1.77947767828,2.28531368863,-2.22485034838,-2.10529639713,-1.7798193342,3.48399781439
-2.05866396382,1.71723254438,1.15845155789,1.69397398453,1.18915319089,-3.10865898673,-2.62565754367,0.849962489249,1.45588666326,2.27907683931,-1.33887162565
2.05205242876,1.02434441184,-1.68648493185,-3.05364745913,2.627547937,-2.13982541721,-1.24917227799,-2.1037184898,-2.5179931132,2.77837397922,-0.279229374506
-1.19093785247,-2.48761284407,-1.85452627139,-2.26913576051,3.13508400098,-1.23406436607,-2.32710366011,2.71831143499,-1.74261861729,-1.52210641615,-1.31599254254
-2.64707576987,-1.9268740223,-1.78456154811,-1.46568708646,-2.49734216998,1.47819561672,-1.92855611498,3.18318278937,2.84018718367,-1.25396504517,0.403783338135
-3.37038851801,2.3164340138,-1.97113234273,1.6548513634,0.137111047397,-1.10472730026,2.76499869254,-2.82847861815,-2.64076970608,-2.15159745328,-4.90997474249
-2.62747455024,-1.42243507082,2.21161915638,-0.967389490288,1.87382714981,-0.7371750147,1.9365749063,-1.44226377176,-3.36055092014,1.89339103337,-0.572450329186
-2.54356049419,-2.86057840633,2.97633240869,2.51954597033,-4.50290791494,1.4092111793,-2.24476210523,3.75100425363,-1.82922303027,3.04388716651,2.26676159505
-3.53425894,2.78997060182,2.839529678,-2.9355982067,1.15508202875,1.2083811841,1.87351539871,-2.52655995662,-2.19992922125,-2.69102810645,-4.01328682723
3.46564621893,1.86399017191,-2.22120124943,2.25517644955,-0.952255907956,-2.37993258179,1.49776204682,-1.59926893174,1.08795295989,-1.8921432752,0.958685419114
3.08229409617,1.52252179476,1.53867148859,-2.77390825233,-2.17635046789,2.17605878546,-2.11093287052,1.72226618915,1.72859330381,3.01546457204,2.29040621123
1.29485140969,0.961806142135,1.42671316217,3.14462383897,1.26309014051,2.48434057678,2.20694097725,0.844938866139,-2.79380865577,1.53421873163,1.2942454827
-0.949407210191,-3.29841004473,-2.65396060153,2.92594654667,1.85284937754,-1.82674748529,-3.10544552698,-1.9113770908,-2.71115076368,2.09447830056,-0.016383911672
-2.18555342256,-2.62459696971,2.62731539928,2.1467843853,2.60635049089,-2.04726845215,-3.31428023065,-1.95033350515,-1.75090703782,-1.98223265798,0.679737293564
1.7427477454,-2.36104598598,-2.65313995661,1.72607936184,1.382095257,-2.13397671241,-1.714421982,-3.24133241722,2.95796400873,-2.92220050082,1.94776371804
-2.01765953421,-2.26238977389,-2.42603526584,3.14724120234,-2.75118954741,-2.29141496133,2.32119618612,1.87902225004,-1.62941010805,-2.81835318752,-0.563669561459
2.72370970897,2.51530016432,1.57886122527,2.69130274281,1.34390644112,-2.18985648292,1.64784027011,1.34040071899,-2.70399584279,-0.853248456054,0.484673743755
-1.47922739851,0.487219787994,-2.14861485649,-3.24020570869,-2.21507438901,3.27825132681,1.49044733937,-2.56267691247,-0.7800243208,1.33755884459,-1.72975566457
-3.22856413452,-1.44344937814,-2.61021564564,2.84948180133,1.70549676923,-2.40408779038,2.62274377035,-2.45218814397,-2.58282475706,2.87362398432,-2.44925638309
3.25947955302,-2.85468884228,-1.38878817783,2.76534381516,0.558467785303,-1.57278553979,2.28000747586,2.69716480605,2.41373230992,1.70117789023,3.53460397291
-2.62909933465,-1.53237333259,1.81036331779,-1.74836435389,1.66805863608,2.12229242677,-2.02861015228,-2.05852588699,0.938626360863,0.883083287593,-1.18739669893
-1.65908902175,3.28270592845,2.11407978413,-2.06187980251,-2.60138607012,2.89117417547,1.49394408476,-3.15908194921,-3.06007847256,-1.99859119014,-0.793074306657
1.16779315152,1.99950743352,1.79930695269,-2.30863004007,-2.92396166854,-2.61650638573,2.43320292152,-2.33955265337,-3.32824783986,1.50072719341,-0.916856989113
2.31824519724,2.69713332972,2.26528006634,4.68060168398,2.09534018158,2.76845467288,2.29150802969,1.69470680495,-3.13840871006,3.48169334126,1.54980966381
-1.89418360733,1.06398938258,1.74180670637,-1.20622164452,-2.38623138969,-2.66062523658,0.985845161414,-1.98439029424,-2.3528138043,2.04405544603,-1.08732163122
-1.89745444052,2.04157966683,-3.7148407965,-3.42073611803,1.90592082642,-2.69696373627,-3.05746097324,-2.12913481986,3.10787581198,1.90837578445,-3.99548396767
2.4099150048,-2.03315894157,2.24326919149,1.11023847384,-3.16572750221,-1.07756447658,-2.86089569119,-2.04697959558,1.62930353287,1.93236427458,3.93507837349
2.27648942632,-2.12842000065,2.47842278975,-1.83676826679,2.12893391656,1.96952903912,0.111567857438,1.60079719947,2.84482321684,2.69978887641,2.87533641487
3.0975715521,-2.78757501998,-2.01944195156,3.16784265303,-2.37868654194,2.16227841636,1.67529214444,-2.66397691662,4.15639414299,2.09347818192,3.49668513293
-1.80090815186,-1.57698792884,1.99694039417,2.91691815448,-0.223920006519,-2.89091826716,2.27206805605,-1.98847015894,-1.08010114451,-1.95908637073,-0.685440748166
1.91896437256,1.66336356332,-1.99354291549,-0.534526215991,1.76010951574,2.26873756735,2.2620719733,-1.87869520969,-2.90318122571,2.23496891653,-1.02370783548
1.92905360531,-1.99006247948,-2.09518239046,2.06326656378,-1.76331115197,2.66683069966,2.87135761614,2.26008889458,3.44178481634,1.61036436082,1.97686058919
-1.86423107229,2.27646924109,-2.24896838339,2.28335254578,-1.27549190019,-2.2858189986,2.87090111704,-0.993328122692,1.40156224665,2.12528829463,-2.34880000757
2.76721099861,2.16954488284,-2.67018342359,-2.94116552443,2.09067360335,-3.58167944881,-3.76585012165,2.84438416529,-0.671171445215,2.43357873217,-0.328726638894
-1.62476622341,1.78278622811,-2.13991883861,1.99206721337,1.55675077996,1.9062910455,-2.94678347498,2.34225606093,-3.51778189623,-3.23820690307,-1.07830092518
-1.49747145851,1.81991013347,1.6133777368,2.48909963942,2.06482802497,-3.17741755841,2.29974943087,-2.76096124163,-0.960166703267,2.0153953584,-1.93111410547
2.07265818156,2.26190021118,-1.39952023039,2.45881457884,-4.12108396223,2.79029741801,2.02291488787,2.16941621162,-1.92154256903,1.57140738336,1.84060723094
1.87969335231,-2.74408749804,2.73338309998,-1.95754916013,-3.5376722389,2.83103562154,3.6918515025,2.78959787905,3.37488932583,-2.91664843078,3.63237351478
2.78128624289,1.93305551236,2.48971156405,-2.76962301054,2.13860894278,1.77533158941,-1.03084102993,-3.09399509038,3.19223366561,2.73465829332,1.40973218107
2.72091482515,2.14542253077,2.88319482244,2.01349602721,1.61750974603,-2.42145155466,-2.42454754723,0.927005921073,-0.856275163463,-2.00363026802,2.40225293719
2.39216912888,-1.07205040059,1.46349421576,2.164858556,-3.5497024842,-2.26815588884,-2.17305521643,-2.57856194156,-1.85437591944,2.40253315789,1.89195523278
3.18985918949,2.8430106787,1.88412267599,-3.2535524174,-2.21888958704,-1.47079954035,-3.65440142417,1.59956204415,1.73110787437,-1.9518506739,2.16690172172
1.78073683534,-3.22251858486,-2.69467835315,2.68924281615,1.68238373242,1.79904281887,-2.81647276386,-3.28702658029,3.07791442358,2.28037479085,2.86671327112
1.5518619206,-1.40698712423,-2.61632461357,-1.53252514196,-0.910008089427,-1.18136447645,1.19825909813,2.06344543818,-1.30821381004,-1.54719585168,0.529448409845
3.06218936348,2.83233294717,2.70543687294,-2.93929497113,2.50259033313,-1.76140794334,2.60218374199,1.72571339854,2.00468888546,-2.28447099373,1.46509046807
1.80351473816,2.1983334579,-0.566580322118,2.04670041411,2.77226052083,1.62268065087,-1.53666227243,-2.14402905699,-4.02882324774,-0.864749384236,0.0318593506521
-2.50417622539,1.53111970468,-2.04953272288,2.54070874218,-2.58786727222,-1.87972368371,-2.48011695367,-1.99607021822,-1.8271768316,4.22766946557,-2.43158241928
1.71788544388,1.47851354829,1.67596715084,1.64071796072,-3.8893418654,2.12453010708,-1.6965165993,2.96196005894,-2.97062361569,-1.57276778685,2.10951084624
-2.10797403021,2.03463836269,2.19644417744,2.32423490002,-1.95526791316,4.00300667024,-3.07234644436,2.52672504722,-1.401976785,1.24627127969,1.09888021649
1.71471234258,2.71992334561,-1.71903659101,1.73947494079,1.86773714038,-2.69029499838,-3.16703063509,0.762198642379,0.869396068698,2.39556169388,-0.807710744684
-1.36754246324,1.77372949995,2.6213348599,1.40486616824,3.14452134106,1.7766558995,2.53317700647,2.65966648464,-2.2698739106,1.97205231253,-0.638023634493
2.20114588125,1.45698582794,-0.979192531126,2.50984241699,2.04048002122,0.582317427728,-2.07128145366,2.0183155892,-1.18865170017,-3.37331300242,0.465080914966
2.11928668634,-0.800645436926,-2.68025370126,-2.60936416377,1.16162205697,-2.38461978193,-2.11974503591,-2.22492165402,1.49398247005,2.39666692681,0.455152889793
2.5850425693,2.05425480286,1.19439403257,1.32208583769,2.30826160602,2.67721044399,-0.587567367091,-1.6258138701,2.77816844939,-3.11894302027,2.3860965056
-2.90432588732,1.03747279737,2.06963891137,-2.70355341757,2.61598881206,2.47971331251,-0.765238042829,2.05381323588,2.59672242966,-2.92805038299,-1.81963898193
2.00066484927,3.15446338691,-2.24865548786,-2.68798856547,-2.47330538087,-2.85474391249,1.25323058183,-2.51591452759,3.1675391349,2.80062765582,-0.447253721723
2.83073696384,-2.01208318705,0.793035638102,-3.17596220956,-3.03471594655,-2.07649625299,-2.56657851286,1.8945244088,-3.1057949078,1.80544844265,3.25108306714
-1.57607416475,-2.17297311043,2.47483663192,-2.35215986705,-1.74163375587,2.44447317452,-1.76997967492,1.66454022935,2.36770252224,-1.75245208563,1.31160500253
-1.96131740217,-2.93050854354,-3.19379921462,1.29655260389,-1.7424748844,-2.28947924294,-2.68958510042,3.38319583845,1.84695825,-2.76198638989,0.116675139523
-0.908180695554,3.23626814459,-2.14387829966,-4.02213809443,3.45012541308,2.24681732809,-1.50040062894,-2.12658458399,1.97739207306,1.92599272047,-2.67933158104
2.73590609554,-1.5116575918,-1.23776239456,-3.03303346783,2.53104098428,1.95817779603,-3.24850047618,-1.81527566619,0.600059107711,-2.92573148387,1.67799987331
2.25292417958,-3.09538380243,1.46832633922,-2.82492501151,-2.80464474857,1.86519094187,2.38183467479,-2.53235845481,-1.43932485903,-2.34079263122,3.62151490466
2.19338016606,-3.52828316695,-1.46302758041,2.82561325796,3.3247299269,-2.48407660199,2.29251046539,-1.4001613046,2.33225516677,1.59696124745,2.17007180997
-2.06328347173,-2.69526184014,-1.64127120713,2.10729333082,1.35116620415,-1.54858248594,1.32649453843,-3.38638642059,-2.24625046354,-1.97628394896,-0.652881058711
-3.40445706796,-1.99240383492,-2.23425229926,-0.140625066988,-1.91433704645,2.95735647326,1.99990720864,1.56451914847,0.385796476233,-1.47654166663,-1.00300825998
-1.76307423004,-1.18874851722,-1.31114571393,1.78249347026,2.0781678665,2.29626549026,1.24713453548,2.89621638885,-3.07422392252,1.44408281088,-1.50980124721
2.58150288667,2.41732378889,-0.791880057084,-2.15317567678,3.10187446802,4.30788917945,2.68216975951,-1.88432724595,2.37103338317,-2.75256643974,0.487148798965
0.901876242994,2.43553243269,-3.95120112181,-2.06940280311,-1.99517686026,-3.53016598349,-2.72654518823,2.61419310803,1.5004802668,-3.14817178599,-0.952892296642
-0.924377430522,-1.19301323584,2.2970842742,-2.80048224246,-1.62438518792,-2.00651405384,3.33103429234,2.93383406063,-0.611324800331,2.69609002465,-0.454066932597
-2.58500366055,-1.00920622333,-2.53156806079,-1.79062534034,3.79719075795,-3.08679939102,-2.7947327179,-2.81043419829,-1.74315758361,-1.24472660167,-2.47520002207
2.76257078664,-1.6756334902,1.7431721816,-4.12014557931,-2.50958959128,-0.824053619163,-2.22472631222,-1.57799597668,1.98935147763,2.6121378356,2.21304385256
-2.2639334966,-1.97643057359,2.3850891151,-2.34168968904,-2.93710986169,0.826989743481,1.32761859698,1.90894698332,2.60448406046,1.95143367707,0.503943796675
3.12918820906,1.64448399974,1.68718443491,-1.71584043511,3.96036958908,3.42253228371,-1.7678159531,1.69391169418,-1.98089894527,-1.94084205096,1.59542918953
1.34745200692,-1.89236197546,0.644446532918,-2.92035908973,-2.54181987326,1.93160145821,1.27834326337,1.75946695047,2.35504801539,-2.22676762627,1.80199059365
1.03215728396,-3.02466025141,0.670792209509,-1.59951492746,3.10927192574,2.08702633259,-2.51994681466,4.32690751898,-1.59434667877,-2.36434812032,2.22094441601
3.04915000379,3.21049121631,-2.04173755847,-1.48103485131,-1.75895986485,2.62832419369,2.50347267934,-1.22129151888,2.43879316657,2.95400581154,0.884214841445
-2.55922695274,-2.36852682548,-2.47166207253,-2.2077183095,2.43415756544,-2.33575118375,2.51504660908,2.44108657578,-2.96537363135,-3.51161580552,-2.4305430729
2.54360461923,-1.57069345901,3.75748289863,-2.49401934755,0.936464296609,2.2422690271,-2.26089523556,1.61139840085,2.45777145896,-1.92868249751,3.22680497086
-2.11052925872,-2.31369311341,-1.97267109353,-2.88295386378,2.47653935398,-2.81834978249,-2.50034979288,-3.02277668683,-2.11860766817,2.10570449725,-2.17560440543
2.94953021453,1.7569124233,2.86341719178,1.81134685672,1.57644670441,2.25026169064,1.15655564038,1.70124120895,2.76212916613,-1.99931831892,2.54457651226
-2.89680690355,-3.10170449658,-2.41027139354,-4.11176817538,-1.41800339153,-2.43013858358,1.79675822141,-1.88197214791,-2.2921352633,1.7615244544,-2.22269949394
1.96411427072,0.529157256382,2.05370483584,1.50094236384,1.74602854522,-1.98649360038,1.79484981722,-3.15865050853,-1.36332403375,-3.54793158432,1.29286106678
3.74530016241,3.41450224741,2.52329009565,-1.77120069307,2.36358924008,2.98986408237,-2.62893558297,2.83190428815,2.59364152538,-1.06178703045,2.44813710392
2.74306500311,2.34174865108,-1.91766513274,-2.53342217633,1.21737403712,2.15555267768,-1.91485662918,-2.50129351413,-1.79964289961,-2.96530067834,0.0558275883159
-2.07399502687,1.72304791776,-1.28270631798,2.05244303357,1.88871238511,-3.91267174575,3.72023172763,-0.826667739766,-0.708878090828,2.05678521823,-3.09865495426
1.86341426791,-1.64639060153,1.45637737075,2.27424858027,-1.82261216732,2.25102358406,2.18194700214,-2.87508908091,-3.20859843178,-1.17633116476,2.27160509476
-1.2731467587,-3.04008239069,2.10221500569,3.74219518611,-3.32116032399,2.31798602325,2.34289267905,3.39966231112,-2.1157711069,-3.13879628757,2.63018721688
2.89438679953,-2.6623957107,3.48354876477,3.24302825013,1.71132522541,2.24942476098,2.43203529814,1.78271748377,1.44549572006,2.30660307579,4.10565465516
-2.99288538898,2.53748850996,1.41729715494,2.37351786196,2.92985601836,-1.84631411483,2.84714009855,2.39901072661,-2.12926661601,-0.819887729175,-3.15017552165
2.96611993565,2.50064489237,1.29595205762,-2.6612809198,-1.73775590549,-2.02489038962,-2.52786613618,2.47294634404,-2.1206681828,-3.34577707069,1.63402894971
1.51345156237,2.97310655297,-2.88498963172,-0.896794992702,2.72285729988,-1.79402117252,2.08642057592,-1.67134891862,-0.802969241508,-2.41437750314,-1.80454340135
2.46324229247,-1.18456026955,3.09024419936,-2.35739506316,-1.68923766891,-2.22749927158,-3.03216068798,-2.97373442281,-3.18810294714,-2.42034036784,2.24014914129
-0.89461241707,-2.38288392074,1.76822055053,-1.70331846808,1.06760462167,-2.49288341041,-2.04887598952,-3.218016066,-2.67733789044,2.90410368746,-0.24158042655
2.85850158101,1.88712930189,1.94774217483,2.46877406144,2.29827202213,2.19743296428,0.968722420155,-2.96699990012,0.970852063629,-2.99863193337,1.90102788091
1.4987625847,-0.997204016225,-2.00821400317,2.78935508941,2.44767774212,1.65355692108,2.91880881307,3.4082762741,-2.15606822156,1.75757102633,1.40588350425
-1.98235335033,-2.52425387528,-2.27374841238,-0.0960187037019,2.92956367201,3.24286132756,-2.19433097463,1.61060850967,-3.38133172924,-2.60846794459,-0.351473742461
2.75522902307,0.959434839144,-3.54248991463,-2.80629362992,3.45616925259,-1.73742027013,-3.18135962661,-2.42352806525,-1.79115434307,-2.09268744328,-0.582044566602
-2.03703598465,2.79994177938,2.3797266334,-2.79355398106,-2.45270117444,-0.737687795771,-1.9274930722,3.56206474368,2.20105552194,-1.11037744,-1.35388337131
-2.45657330544,-4.66765924807,0.773809841247,2.08366017402,-1.3517962814,3.23376747044,2.91727388553,-2.98932387325,0.579849338484,2.59270830247,1.41515065993
-3.1617783351,1.68691991237,-2.81609903894,-2.25835284876,-2.07328391298,2.53410648898,-3.27318592083,-1.74347843959,-1.78541882113,-1.60811229469,-2.7673997391
-3.53277692093,2.47261156465,1.82690738885,-0.714359455535,-2.18311074641,-0.888355615929,-2.58390410297,2.16408185132,-3.58735819197,-2.80870246621,-2.91786325405
1.26868140456,2.14850957416,-2.28657550013,-1.19987356894,-2.2684429155,-2.44740011273,3.00155862799,2.04030652726,-2.2705803836,3.46085240894,-0.819577852877
-1.85592995581,2.79336456842,2.64217860103,2.4476988758,-3.41882716384,-2.89264814374,-2.02368732123,2.23208784245,-2.27726696902,-2.49038655571,-0.263025363577
2.08311162895,-3.85543627837,-1.50875816624,-2.2442574371,1.9166886766,2.52788611647,1.82929705155,3.22326265613,-2.71983834001,1.93312910374,1.12536602303
-2.1346863971,1.87586317094,-2.15963045872,2.20227413186,-1.22096761433,-3.20498841675,1.62101371886,-1.54901153275,-3.51550989702,-1.97222751893,-2.40078595316
1.36076746427,0.912593304425,1.88598991183,-2.17439100745,1.92553080013,1.63170877442,2.10861509381,-1.62947529205,2.99539228347,3.67995115088,0.263450739409
3.94382533765,2.40178904913,-2.59680587288,-2.68816914015,-2.47032292689,-1.76662630693,-2.55496723463,1.35842857297,2.77489401709,1.71262325412,2.09563387555
-2.54160863485,0.45536104713,-2.41204108701,1.18890680244,-1.54434240443,1.62228140556,-1.38382163656,-1.77050603377,-1.98823481185,-1.71697812006,-1.33640627807
1.21470256307,-1.86756205947,2.44324325273,-1.4228154783,-1.70312288005,-2.34694817949,-2.86340513272,-2.63781666682,-2.55806982098,2.04376118381,2.17075764079
1.74284934401,3.33555693821,-2.43359938551,2.68693655346,1.80364349675,-1.6737243395,2.22042681457,-3.38139920664,1.84021786835,-3.21833765287,0.21457803417
-3.24074627581,1.19369767702,-2.60389401925,1.66741971293,0.797224486012,1.71338908096,1.76884670789,-2.26640651631,-1.68439201024,-1.71716206395,-2.46891217725
2.74623006463,-1.7097572342,-2.70225528939,-3.06532544572,-1.27649893201,1.98526872509,-2.44226578892,-3.16619465372,1.77813081935,2.21803375215,0.939768641958
-1.30603602763,2.76124704244,2.46036721131,-1.84722468824,-3.00661830118,-2.00978478851,-2.95228215345,1.93055102673,2.93160669003,2.40171622723,-0.105080191079
1.14465406747,-1.90608756575,-1.49290890428,-2.85200199594,0.927829412878,2.70206211862,-1.7765280902,-2.34851953995,-2.81872898021,-2.40597625243,1.01926084472
-3.56970216517,1.30023044531,2.39875596241,-0.407295750504,1.6289865961,-1.24341498317,-2.34730667661,3.41716407407,-2.26627616813,1.94037122284,-2.00978012623
3.59226919467,1.63455309757,-2.49595847669,-2.61398798043,-1.80781640111,2.71646647322,-2.56977031581,-1.69600428583,-1.37739050437,-2.89691390383,1.73668918901
-1.66473536563,1.0076608554,-1.65864481509,-2.33297306024,-0.156801825058,1.87680889991,2.82667988278,3.24346397391,2.06270045255,-1.73894372461,-2.23153425133
-1.27345576821,2.96793432378,-2.13958759088,1.94896229694,-2.35063633778,2.50151001041,-0.596743557626,2.45815857506,2.1416939125,-3.98082365051,-0.104047435623
0.560525650274,-1.16533983851,2.50003891145,-1.66299803124,-1.61739535026,1.6180678114,-1.80038544105,1.51249761494,1.947914732,-2.25790470284,1.93613072155
-2.10863654801,-0.897706614764,2.89232761485,1.75580177753,-2.64001416958,-1.88259855985,-2.46274222513,1.6609181326,2.27837859583,-1.99798837918,0.864980022716
1.30102574335,-1.79459520233,-2.00845638012,1.51825207492,-2.6011829852,-2.97510185433,-2.33422434911,2.61695886311,-2.40973558566,1.0572671204,2.01049187959
