x1,x2,x3,x4,x5,x6,x7,x8,x9,x10,target
1.78713960249,0.22755083541,2.36110031742,-0.425877140698,-0.468769499646,-0.430390239398,0.844849302805,-0.538168431236,-0.0732794315108,-2.09613970267,5.35879025197
0.441150061423,3.2618035098,-0.30733142217,-0.925022882219,-2.35092373536,-0.401447284372,0.0106695274216,-0.212560132126,0.999643605183,-2.39263483198,0.666675898702
-0.53787832681,4.19771398248,0.114811702733,-0.298347491236,0.546412319751,-0.55403458758,1.18097989138,-2.95774401255,0.0180515197374,1.52512318617,-3.62342932079
-0.851569067146,0.0231002175933,0.0941416830969,0.1626538031,-0.320455473319,-1.9111537127,1.46291299634,-0.705114949439,0.585585737077,1.59967036332,-3.42135243831
2.96084668456,1.10004761445,0.765005625791,0.702517163731,0.725176075995,1.47088549108,0.146929328373,-1.3389625854,0.318600573786,-0.813773760575,4.48755299888
-0.292706286451,0.579753124986,-2.5901938027,0.213212492225,1.08218721714,-0.260017439093,0.0684097846017,-1.38112414944,-1.27153500344,1.48807736095,-4.57960811259
0.0332441764925,-2.85186202098,-0.147273740346,0.835178853879,2.2092648084,-0.141011999627,-1.21623028758,0.417303863625,2.71202831687,0.6723728995,5.31689899932
1.15910206868,-3.46918165996,0.440681432529,0.673796154569,1.34680044429,0.26755604457,-0.149975331338,0.165036505836,-1.00445477294,-2.39741137417,7.8933356616
0.903647453386,-0.231029456995,0.0400696158604,0.411837586603,-1.38764435759,3.52829950613,-0.606200790795,-0.161881293097,-0.892026150802,-1.55847153153,3.86259359451
-0.726790771059,-1.64556438306,0.321733276608,-0.497424658481,0.265267853246,1.17677542998,-1.84846469723,-2.05291385491,-0.0438514567935,-0.218826305456,0.806353130826
-1.09004361625,-0.85852858729,-0.514967314958,-0.544492620907,-2.94877544503,-0.381543101051,0.641208944296,-0.178283478322,0.760667409147,0.937088492185,-1.27435356979
1.61936795213,-0.585599306536,2.26256671613,0.445169656615,-0.333784478754,0.433896806008,-0.0948369082185,0.339117615089,0.466540011908,-0.386787597233,6.73200023912
1.00898912247,0.708127499473,1.26709331351,0.169293995726,0.165276977808,2.24098420551,-1.41975149315,1.07991867406,-2.74509168949,-3.17239067542,3.86196887473
-0.986438178411,-3.02987808171,-1.26190364696,0.249184692942,-1.23787642356,-1.10608677222,-4.52727950574,-1.67967275543,-2.86230366065,4.04436704155,1.93508786923
4.28979863687,-0.553179623981,-2.12424212647,0.992259049886,-2.33773631144,-2.17721012695,-1.87427909244,-0.883551932372,0.000561356246907,0.456534242769,6.0573313166
2.10712468656,0.631334798314,-0.132303404138,-4.00197375928,-0.846840914056,-2.71319466153,-1.0794742429,0.871772816984,-0.412344147873,-0.511306376925,1.52260184444
1.22811148814,-0.366179760607,1.47107015698,-0.00563467482654,-1.66668100604,-2.38887818573,0.077165371317,0.766434038973,-0.842242636901,-0.02034609932,2.72122527461
0.0673536946533,-0.552442525416,0.501782829057,0.456385170218,-1.78291547433,0.50458953034,-2.62233787559,-0.748346504721,2.71698629583,-0.592389161274,3.31962280779
1.12737644532,-0.225299756763,0.0339842770455,-1.39006138693,2.19958295479,-0.811481027894,-0.229733291579,-0.413997175181,-2.00128131903,-0.44062108108,-0.354633740606
-0.224836654069,-1.43437058091,-1.30727642917,-4.84045232286,-0.0451337089814,1.00767183425,1.19556325158,-0.19289239588,1.90327771239,1.65809264644,-1.89373434825
-0.0496028265054,0.223367325758,-0.11805490556,-1.295464675,-0.396711693636,0.893823702629,2.7594402336,-2.09788368978,-0.891586863235,0.491009625222,-2.75569969309
1.50282703006,-0.605235600194,1.21107092403,0.221267359117,-2.47239801114,-0.0337055966882,0.165116348945,-0.330182318427,-0.556332261551,0.262155328101,5.41845495112
0.422340065612,-1.68133392974,-0.420464020421,0.618599312,1.33637626134,-0.273529385335,0.416331755249,0.314813324143,0.679122252864,1.46673005246,2.18101735411
0.797168664718,0.600493085193,-0.367344951432,0.361251584962,-0.743872045153,1.4724335062,1.0219669078,-0.092935666773,-0.116485211886,-0.736467936031,1.46723459819
-0.90095281423,-0.0210650669021,2.14265581264,-3.14770229159,-0.154019470575,0.727407817271,3.02549195626,3.88254257313,-1.53873710711,0.528788404974,-1.15546729899
-0.166573862945,1.23610967263,0.947731766627,-0.306260255556,-2.47067680242,-2.42140382184,0.143623821332,0.0290660466966,-1.14267704327,-0.0260285634909,0.27693418524
-0.793609606296,0.35044520896,1.16585894317,0.135168371753,-1.59576396329,-0.120360498688,0.0210040588048,0.164094616541,1.55672113838,2.37633961996,-0.731888543856
-3.18947980017,-0.940393137897,-0.929358884263,-2.11491445255,2.16483383434,-0.936602813448,-0.11126504766,0.737084798579,0.301381791024,2.0688607761,-7.74999236257
3.23759075568,-0.342473696114,-0.889147567422,-0.79912430532,-3.27902449879,0.138058114141,-0.214910939879,0.225313705629,-0.593514641992,0.305337934812,5.90461411736
0.129739240396,0.17245170357,2.44893589781,0.424725337272,2.30433576591,-1.3289563644,-1.1120715896,0.557825762612,0.434373608672,0.241578829503,0.78880750509
-0.40822403399,0.968290090139,-0.563813508561,-1.18708700378,0.709407952096,0.16030210616,-0.620363699072,-0.0626014977895,2.4741762511,1.82642675203,-1.93875917312
1.37127518263,0.502258447885,-1.06589994685,0.594048891142,-0.173287716638,0.0741181139473,-3.78297673656,-0.453616245857,-0.233962873123,-2.66112537649,3.4500000533
-0.773454417697,-0.495075184694,0.287689300049,0.199366154511,0.602347009427,0.336597477412,0.82577972536,-0.877184864971,-0.36442758057,-0.203529194399,-1.21762580337
-0.294181754231,0.381472119661,-1.63676981329,-0.333860338078,0.418216823342,0.190244637495,0.457593219044,-0.158946067223,-0.136125961946,4.35897157813,-3.13402466217
-1.59985381702,0.937061379689,-1.01868905908,-0.503752637708,-0.778515986535,1.18992689986,-0.854274636184,1.22821719342,-2.60202094203,-0.687848292953,-3.42208480476
0.721656591036,0.852027021639,-0.878697665537,1.06621708497,-1.03124289744,0.716451613973,0.336343487974,0.672834151323,-0.602017952431,0.814311277999,1.08433714454
-0.167483882381,0.192034501789,-0.793018821901,-1.07680804902,-0.54932488539,0.760761796764,-1.45790995301,-0.809870072263,-0.591065731983,0.150244677511,-0.807207653838
-3.56814160425,0.0334461277573,-2.67208937633,-0.325889234113,-1.6242322587,-1.97355536394,-2.384148138,0.348992027948,0.750743591732,-0.0211723155076,-6.9112014635
-2.64747375297,2.90630239459,-0.595819765055,2.81164314719,1.40860044444,0.957523145948,0.47975578206,0.0444826740031,-0.598684268219,0.0745116144117,-5.26191504001
-2.52306254465,0.573682084336,-0.0979920920325,0.0596905284778,-1.25769945892,1.33579088956,0.634564897736,-1.3309162999,1.50839738009,-1.83702154986,-4.20129941851
-1.2009346007,0.0844976011983,1.08870000745,0.456767332062,0.198602890772,-0.52306964274,-0.276243884877,0.0338391677432,-0.665498360775,0.862287489019,-1.72429889241
0.942332894178,1.20692346617,0.325415466053,1.1704850859,-0.40438589693,-0.986227018571,1.03259679633,1.83012113235,-0.633908879093,0.122587038747,1.48912405253
0.484054598615,-0.407605552897,1.73556202153,2.3858409557,-0.17203924929,0.780259635837,0.701521611512,0.677000078091,-0.19016350125,-1.59090150664,4.94710128916
-0.345252347537,0.265622927915,1.26826647709,-0.929724059001,0.426300700807,0.765739322997,2.43611541776,0.0641432071861,-0.377300282418,0.132056260607,-1.1620057046
-2.29018694401,-1.37732351851,0.467694667779,0.874459927366,0.0680004018401,0.911900229249,-0.726629117445,-1.47405651796,0.618126069444,0.801455769236,-0.726008536591
0.250751062474,-1.20308734093,3.21518127722,0.774963306831,0.184084846792,-0.911736143972,2.59300235927,-0.420402945443,2.73391887156,0.0649633126245,4.23952939365
1.14247391725,0.822893530089,-2.67083370055,-0.837700614219,1.80534260652,1.0077750865,0.329695831494,-0.440242372629,2.79643185181,-2.96731914305,-1.10230919189
0.324034974412,-0.0424462023225,0.82556964302,0.576565392978,0.807876859059,0.935221850165,-0.438869890951,0.00927681291885,0.185732139748,-3.39869345786,2.51089116601
0.991256047219,-2.98196460169,-0.0234520904169,1.24422326403,0.245253929319,-1.26548873006,-0.122603818791,-0.923593945965,1.80261065071,4.13695912641,6.58131494933
1.55882112382,-0.530614735784,-0.103180884192,0.476146063831,0.591013982285,1.28745848843,-1.00630428982,-0.970222310913,0.0145670820192,1.31888744498,3.65490179805
-1.22628574419,-0.595067843703,-0.314003204137,0.365394893703,0.658936164475,-1.10511139843,-0.774615030538,-0.603993404149,-0.117971304595,0.690924967913,-2.00134760001
-0.62224787852,-0.518934102755,0.11607149972,-1.87659693435,-0.293944959384,2.14035418742,0.0243703523473,1.85615488955,2.44276733079,-0.133226311355,-0.045838687254
0.367573990788,-0.16957146595,0.177121288852,-1.26101293927,-0.636518006851,-0.791176193096,-0.432963001367,-1.23255221111,2.35397183313,-0.464839947067,1.71517268479
-0.0617532811305,0.587245284055,0.0290661322936,2.03484157852,0.428701027653,0.552136797928,1.12240765103,-0.124303692681,-0.555654313425,0.792397052049,-0.296165942355
1.60426074216,0.378321646568,0.659861702598,-0.701135961016,-0.26604842084,0.169433221053,-0.521136489838,0.235975632063,2.29829532601,-0.903615462009,3.6696505562
-0.773491981222,0.368214358401,0.260505008561,1.66370090383,0.745450278422,-1.54402323541,1.90024885948,0.226126885123,-0.0706019340287,0.70569989978,-1.27622971314
-0.0303647317865,0.925512505426,-2.57333048168,-1.47679860218,0.70369137183,0.865315747282,0.190327054971,-2.50211010402,-2.86871067217,-0.233856477079,-5.14041642384
-1.65458688948,-0.0208651774037,-0.361640565179,-1.86546047869,0.558262822044,-0.407090096138,0.00017458645303,-1.20660199337,0.153537702233,-0.130016501461,-5.30435525083
0.491459180392,1.97145065814,-0.720134521686,1.94244579977,1.64696916782,-0.348138956453,0.760664105982,0.725147567722,-1.73785362968,1.44334460297,-1.48410139192
-0.699901970548,-0.0926543778798,0.629621149895,-0.903052522716,-0.316251628467,2.37196970518,-0.353017371158,1.69753105895,-2.67138677712,0.689542617018,0.204549051924
0.167392012521,-0.0693649870704,-0.896883467172,2.3948353009,0.48978675015,-0.324075283515,-2.84494517186,-1.06279023298,-2.74987206129,0.559846790027,0.457447179456
1.09919648063,-0.919180007726,-0.164234416212,-0.229485238288,-0.719147698859,1.08333189514,2.42585552032,1.78256525352,0.23255270135,-1.76257433799,3.49614315231
-0.136216698172,-1.64506914442,0.440009019811,-0.711811114706,-0.938354342544,-2.26624522926,0.490011164151,3.89049139098,-0.704028752155,5.58551101437,1.48836742397
0.0205672698646,1.7791128308,1.02021935131,4.1082420283,2.53815000155,1.96234580263,-2.36662847612,0.0631708457173,0.186238930205,0.122770386929,1.86637611782
-1.09217705816,-0.024924278469,0.0579648904332,1.42099484363,2.10369660894,-1.93414091573,-0.133100970093,-1.49888306286,1.31341116592,0.409436417884,-2.74285862955
-1.72961613985,-0.910466349576,0.270609536225,-0.322847911979,-1.47060028494,3.67680897864,-0.225587155366,-0.447323537411,0.572653106286,0.941560673666,1.25431771976
-1.54830072789,0.86849172438,0.394641698092,2.16354429445,-0.887036158746,-0.121771495834,0.688392426524,-0.0415451451742,2.09012604673,0.446046557509,-1.84561876972
1.98859006203,-0.695537288662,2.29654083178,1.05862241154,2.39665711984,0.184304265628,-0.163826704295,1.17710468392,1.59917068747,0.229002693391,7.75881695884
-0.172203392181,0.516210496529,0.873733778649,-0.890730810781,0.531119157948,-3.09308866551,-0.719326781619,1.8616809556,-0.609378026919,-0.000870711292566,-0.49301144678
-1.79735072365,1.33974630248,-0.0929054907885,-2.78052140558,-4.82932673397,0.65689580698,-0.704716432973,-1.5953518559,1.18621398563,-3.46500570961,-2.54354150739
-0.251543632588,0.644568050392,-0.516568579769,-0.510900948895,4.34477234705,0.234033298686,0.403774684492,-0.437337379372,-1.99718470052,0.157612697506,-3.77770676437
-1.15611596703,0.191701462168,-0.776180405283,0.0365136115531,-0.981277170545,-1.70742202468,-0.339585755235,1.02785293578,0.0352338758747,-1.93325461352,-1.85141834707
-0.839857382854,-0.55766077999,-3.09047380231,-2.39144839505,-0.808320294468,-0.100503043841,0.485489319826,0.2140810868,0.80356016085,0.830467542655,-4.10141840721
2.41969261465,0.317882450234,-1.90339605164,-0.1076119573,-1.29473234976,0.343954721482,0.674422717088,-1.5015232831,-1.94252899269,0.556956243595,1.50015901735
-0.909294717312,-2.0245408628,1.63063711281,0.262486846856,-0.720904551985,-0.00902175113217,1.49964209414,1.25812391894,0.763497245288,-0.214532098453,2.62029288782
0.683687070199,0.258283533312,-0.711742754399,-2.28638459547,-0.679923695848,-0.780695278449,-0.83179882505,-0.00183501934611,0.398779796336,-1.10478739641,-1.0569622811
0.011432806425,0.802897267163,-0.590591396929,-0.513357069538,-1.80962352781,0.552340236028,0.641934378974,-0.0297188036559,0.169359098902,1.26393784982,-1.03696644191
0.290221494816,0.747870254779,0.862389065166,-1.7687194279,1.01152290981,-2.35064979235,0.860905453847,-1.76197067071,-0.321212905732,0.190646921725,-2.82977299227
-0.128404812985,-0.452050940694,0.611252586954,0.220406575493,0.476698001098,-0.536216256897,0.1522063902,1.63997854275,1.99574691567,0.190481779138,0.871718220729
-1.2520545725,0.22267964787,-0.347027081253,-0.178951313979,-0.609676683106,1.41062259534,0.156478425524,-1.17547991493,-0.0853718982358,-0.643625525925,-2.55348488672
-0.291140522734,0.474782725916,1.76222499077,0.160157054321,0.195663511594,0.0709643767541,0.322595181477,1.63718470848,-2.98736828941,-0.258107018494,-0.46253934825
4.75312615698,-1.71946700456,-5.88342333883,-1.14127502705,-0.303382636249,-0.289584853194,-0.107881564042,1.02642397932,1.18820368404,-1.38023832944,4.39593807184
-1.05211371942,0.282226215225,-0.120130918949,-0.381595260962,-0.312213276005,-0.358751715748,-0.805867674327,0.722631637418,0.246484113713,-3.01686243008,-2.28372782482
2.88707122065,1.41560733508,-0.366160040148,-1.36466834843,-0.0700644364057,-0.0291997643562,-1.07339939903,-0.473366306829,-0.957533035979,-0.0702530953166,2.86317118057
1.19502341031,0.0186835433594,2.27764696386,-0.228561027045,-0.577832163576,3.13987717997,0.443368939922,3.91323283382,0.566393920372,1.95118326938,5.57043402329
-0.995836738964,-0.0823726614257,-0.0586859875212,-2.14913565788,0.406492534146,-0.483506507614,0.71174555326,-2.09196289317,0.829100319191,1.1747932827,-3.48033123012
0.367390376998,-0.272595319662,-0.0424214622992,0.431806897025,-0.343615122483,0.726392390941,2.19722538833,-0.165070885522,-0.359545535475,-0.50224901094,0.248031688297
-0.427493421555,1.69309078831,-1.35568761528,-0.0748293698153,-2.10603387725,0.684410129976,-0.0816694057923,-1.35682411164,0.422182521157,-1.16634953198,-2.08784052889
0.137672881991,1.49618528948,-2.23664271574,0.5406371338,0.496558318842,2.34231801142,0.245124034748,-0.137092047067,-0.631001619253,0.0197293158876,-2.44967337515
3.34795654948,0.699828559446,3.09108284792,-0.50493825385,-0.770190668317,0.0184995276309,1.67754626648,1.2669766667,-4.91863886437,0.370233057224,5.24273231173
0.74304711969,-1.67027680255,-0.376534535433,-2.90507490509,-0.856501928114,0.0748669158282,1.53443726607,0.580009182076,-0.178763418084,3.90175159529,1.99474427638
-1.17993828629,0.0338152560138,0.825904464617,-1.18015954501,1.6929839632,-0.741360486486,0.51770901604,1.92423075813,0.378004830472,2.03340662711,-2.27226279687
-1.19759122177,0.914161524814,2.85645113054,0.717565003723,-2.77930244509,0.622039590037,-0.960716380884,-0.621865515464,-1.60799476362,0.708214159934,1.01482010614
-0.788049851919,0.0753256763905,0.912273162804,0.361568885613,0.729749004366,-1.21798613304,-0.0986959468438,0.72576668698,0.235755542604,1.25870290424,-1.50063112118
0.094167829405,0.223079042469,1.26240819864,0.198030302828,1.01229528155,1.43430750122,2.14153059405,-0.327368032701,1.43866019369,-1.61874474363,1.36352461721
0.0921741729185,1.99426049406,-0.00901124048757,-0.0938805008494,1.06303443783,-1.95052631913,-0.550020517382,0.615545755768,0.40850051102,-0.479086932906,-1.5327626557
0.077110853857,-0.27711827206,-0.799026362695,-1.11243009702,-0.0853940644501,0.367230364059,-0.49695530103,1.1955109204,0.00415361942101,0.400748647418,-0.186145716681
-0.584555474888,-2.26834723497,-0.131865261568,1.21099724327,1.47126390383,0.00190675471668,0.789784072958,-0.978927775881,-0.0527244537405,1.54376172956,1.63275975301
0.300154635485,-0.721499847324,0.747937787965,-1.43739718327,-1.19094278503,0.66713535763,1.23057516792,-0.141367064612,0.744248289949,-0.659350459679,2.02158770469
1.85247954964,0.130979745133,1.40244049348,1.6400445588,-2.38461479016,-0.437656479147,-0.593896833903,-3.56191262144,-0.381624206999,0.496596770449,5.99021166561
0.966152400335,0.331590323184,0.236645429152,2.94842026332,-0.836903154332,0.639974131903,1.36522368222,-0.796790407877,-0.583384385008,0.790634822487,2.63434377187
-1.16070837905,1.01761001313,0.0565462562438,0.568042905599,0.431229772563,0.463008754513,0.437230454894,-0.319613199192,-1.37360461793,2.87257907075,-2.28678639675
-0.585926271041,0.396292244584,-1.09293901807,2.11612779566,0.152781884102,-0.080334811584,0.685529933384,-1.25101525318,1.43314687157,-2.29791434178,-0.801613728675
-0.136013682747,-0.881436418372,-0.466396816645,0.686280888936,-2.66203039649,-1.73808498926,0.262953292815,-0.0330725304999,0.406729888402,-0.0805550686445,0.463094105188
-0.125832090769,0.296296998929,2.61734180624,0.876173883431,0.698393076056,0.0447847005463,-2.27242186387,0.0639517771535,-0.786300345715,0.502975056558,2.58743589552
0.42370875043,0.712449634017,0.1138109386,-1.85617290205,1.24768945522,-0.893538841466,-0.282333301055,-1.24542610161,-0.153272722508,-1.54107157795,-2.12187272874
0.107341302646,0.219008825032,0.738291502953,-3.577476033,0.000110378627852,-0.290904839158,1.49084379128,-1.46513060237,-0.227946022126,0.361537235863,-1.8990982824
0.87847920851,0.385728337412,0.256356776389,-0.848489622502,-0.12107899152,-0.397622867766,0.501047706934,0.484880431779,-0.56414674003,-0.602348413353,0.595341800194
-1.84412880291,0.987087271818,0.118423168649,1.70946937383,0.236142698474,-2.07012182816,1.75702502033,-0.294920817854,-0.222718220704,0.483477566554,-4.3754525969
-0.00272863877931,-3.59021956855,-0.499460680366,2.33266042454,0.894917390027,0.304986397392,-0.405546447732,0.240643377678,-2.73615914076,0.203708370859,6.58473189456
0.21771946362,-1.06170099424,-3.08846866678,-2.0122595429,-1.64422145148,-0.918691779764,-0.904329182486,0.247495668364,-0.143681528581,0.203979306986,-1.79900919411
-0.196190957363,-0.386247437251,0.376712217603,-0.00991524385049,0.10402515679,1.06068430504,-0.900516191427,-0.759468988972,-0.590449798198,-0.0211144642832,0.195695023824
0.538819939484,-0.163423273503,-2.72565485079,0.66482814557,-3.01477580321,-0.974180129801,-1.48548363859,0.872643632473,1.36109180302,0.328445194682,2.19963559298
-1.07572820558,0.596011366896,-0.0113987484259,0.903754371695,-2.29660393511,-1.11498426559,2.35282452615,0.335341089441,-0.444919820285,-0.0995408277043,-2.66747779302
-0.145212293023,-1.37292597182,0.816624831701,-1.43297229356,-0.598870710896,0.619298234501,-0.654946199322,1.01289767404,-0.264132658601,-0.252584490811,3.0958685055
1.60625824005,-1.66490398527,-1.7118212284,-1.24047769341,0.0535521812496,-0.567060825617,-0.753113265389,0.59312122878,-1.62727935299,0.763884128819,2.44238753987
2.83008493082,-2.7003103768,0.257456449818,-0.0534820188657,-0.304415026441,0.707945481207,-0.51536579042,0.801526837634,-1.37680641023,1.885187497,9.6963123114
0.396941030881,0.560164463199,-0.915528415608,0.722953458023,-0.272074772691,-1.19731050256,-1.52387360606,0.842813757594,1.66301763227,-5.01791128672,1.19644907758
-0.223102367735,-0.180255871592,-0.0285084791735,0.382631870881,-1.04995315911,0.393440322797,0.41237404787,0.0700163885479,1.272690798,-0.190397279916,1.0949079319
0.0644529887074,1.79607529232,-1.51184594793,0.188261893969,-0.882407985945,1.1055731734,1.51117838679,-1.67472204706,0.102473816923,0.357740533461,-1.92477516362
1.07801412879,-0.0642528038306,0.705646215126,1.75190654415,-0.615860289567,-0.824495243936,0.566635111738,-0.109066947152,-2.09169148879,-0.650671456457,2.40223468288
2.56326217273,1.11229546023,0.300506494616,-0.124456418333,-0.235434673258,2.13327745438,-1.64652311869,-0.0525413459194,-0.264907633269,-0.21908952067,4.96437218436
-0.485515498153,-0.142788475703,0.912109044903,-0.0140880164864,0.76680993355,-0.0251401853768,-1.43827721633,1.83181754716,-2.19988874675,-0.974435118239,0.65890313337
0.239020675685,0.527032654688,0.0594540713304,1.06902320695,0.110544565198,-0.302336518392,0.0478320902133,-0.0120904921982,-3.15484685112,-0.217680025152,-0.438806078282
-1.23690098017,-0.465258368266,0.656770194768,0.938902887623,-0.551010725271,2.14657320512,-2.22686687139,-0.198225408181,-1.03094043507,0.169750084912,0.700605698562
-1.59763934957,0.123469490887,0.766878273687,2.20515244199,-1.25305438153,-1.43972159658,-0.413749149459,1.01600332805,-0.0835903686053,1.49090616278,-0.984791884375
0.486400084543,-0.684098772579,0.274939437709,-1.94198314212,4.74437416707,1.10874698036,-1.6784840267,0.188262962897,1.66576818932,0.849618630655,0.00953963757381
-0.570805827003,-0.482715733966,-0.506565087752,-0.0437094105903,-1.46529024362,1.46501039533,-1.29601408453,-2.80890532585,-0.593407703113,-0.17463387226,-0.48107518199
-0.43233310547,-0.908446401351,1.80926187287,-1.09213292529,0.43026012734,0.438447919211,-1.02024231927,0.0520690131907,-0.819242058716,0.0295819246281,0.972807132953
5.67749758014,1.06778007263,0.182997698553,3.8928563445,-0.111526398686,-0.295029641001,-2.63926606309,0.596335429879,1.29949146278,-1.32849109222,9.91603107618
0.709505425092,0.452238558194,0.304214211763,0.621916695472,0.108974761614,-7.2123959394,1.91125673613,0.525938994744,-0.732980815687,0.158752205267,-0.788091752441
0.31308493725,3.52277555237,-1.42916298359,-0.410580614026,-0.339704612112,-2.26778796469,0.268565818429,0.164529879729,1.77196386345,-2.59239311492,-2.27928282672
0.913101313126,1.95255343387,0.101095351193,-0.481621248278,-0.72430611851,-0.265595219422,-0.543023106235,-0.417469156485,-0.460279583927,-2.88515432381,0.948437376492
-0.44668863666,0.247691007462,0.360933577906,-0.0288088104791,-0.0100677270957,-2.85759537327,1.6985205922,0.587065221686,-0.544869709718,0.453413139356,-2.63931023832
-0.656061123421,-0.102959315778,0.0207060547346,1.87366050779,-2.94486988734,-2.11349789601,-0.120170766253,-0.754568679112,0.275218520171,0.611600914805,0.464367469122
-0.291280513327,-0.234615514249,0.543713031273,0.47620082932,1.00917402846,0.351241429358,-0.685429298909,-0.0145215202768,0.530295358749,-0.618598227568,0.245980983604
-3.94392751168,-1.45269019599,1.92248374269,-0.123476256994,0.282328547591,0.103567166181,0.285535273579,-0.326742063749,0.605176417779,-0.226469179245,-2.21695619406
-0.514584373827,1.28951527828,-0.189816505468,0.615172609946,-1.5803309428,-2.86934382824,0.839488640685,0.00808561660485,1.35853434511,-0.372131786896,-1.70789422972
-0.796594897301,0.275510709263,-0.0284268599755,-2.22378346832,-1.316795329,-1.72291789856,-2.9360559205,4.29177702341,0.160279576905,-0.643329337751,-0.987542517408
2.38989629729,-1.11478581911,-1.17410243944,-1.46505854856,0.39370423523,0.981809093203,0.143726938915,3.80399851164,0.0407329964599,-1.09512796111,4.82454989161
0.538899277306,-1.13972039278,0.900896087667,0.422347165244,-0.212456831807,-0.323768231497,0.312498671072,-0.0757996066638,0.151904360004,-1.7681657041,2.59781438783
1.28161171863,-0.712938741778,-0.431068120655,0.295368407813,0.556095906622,-1.28124610119,0.0596017260125,-0.26577917574,3.93408947747,1.02325443263,2.33714757521
-0.703694791395,0.900265206729,-1.4787429786,-1.73217708351,0.810269632477,-1.49736135954,-1.94440680544,-0.559742031202,-0.943079455031,-0.0783858129946,-5.2040014798
-0.624002074591,-0.0932447534506,-0.90187833201,0.0502000570611,-2.57214240663,-0.205045456132,-0.792054952512,-1.36853411686,0.504304818902,0.840712736665,-0.392607225614
0.576694372055,0.249406516806,-0.692015166568,1.1463616987,-1.58859870111,-0.795951918946,-0.470996722041,0.379403999193,1.44314057441,0.208160360096,1.17577122518
0.780685846541,-0.0371257773043,-0.0547769659626,1.64502005044,-0.150567006494,-0.0838611585143,-0.0235826638203,0.0558196622169,-0.227884829194,0.218003093144,3.01208435062
0.43047031578,-0.314758649854,0.244076543256,-2.89056579476,-1.78254859138,-2.84278919829,0.576700202656,-0.476758655218,-1.95978422243,-0.134203697657,-0.395045476311
0.57846821808,-2.17667658122,-0.42038479976,-0.595323608053,0.273854030319,-0.20801782519,0.0345264280378,0.0550198222031,-0.43403126094,-2.75317255252,2.84193256867
-0.398352661391,0.0390539100916,2.1233769203,-0.187097842375,0.219383695478,0.730143686364,0.718185782588,-1.6664700628,-0.360414346646,-3.48957305622,0.958442828634
-0.239552923617,0.954515462895,1.52573846056,-0.765940205025,0.96505333898,-0.735139651024,-0.236386703742,-0.720990605221,-0.90266115493,-1.57131252988,-1.13477682452
0.271312295644,-0.220912217848,-0.540322879129,-2.84004070761,0.451019107654,-0.464015595646,-0.857268558493,-0.146831021218,1.67604732913,-0.418306114085,-0.667869077505
1.37372685274,-0.093544578647,1.26012930999,-0.205903280651,-0.0430494110351,-1.1447998331,-0.142320626632,-0.356700465057,-0.0789528733421,-0.522932714672,3.86776908745
3.04001240153,0.1446061937,-1.95779457632,0.77581380156,-0.890941585704,-2.92448473421,2.95640514913,2.33655344399,-0.124151699754,2.91418501901,3.35818098864
3.85821859789,-0.163649939927,-0.0186501757466,-1.01094450607,0.303409337923,1.95663745931,0.00772662306087,0.761183423145,0.499088137586,0.0167216128172,6.60652215891
0.778180526086,0.263786096053,-0.577312823279,0.296399413293,0.293094264595,0.666745825456,1.77138092662,0.0543682435324,0.861220634136,-0.317244302424,0.422584335211
0.118030685682,0.159428580963,-1.84712699431,0.0282413834304,-1.75497644699,0.905130644528,1.2664374262,0.068075029807,-0.458149884265,-0.577071620044,0.283780262155
0.492009580437,-0.54344313522,0.7727216781,-1.49648418051,-2.77431542372,-0.245988086254,0.301193720651,1.50773277545,1.65531647441,-0.582748699546,3.95340994014
1.49307305066,-0.0605260383256,-1.01965017196,-0.762143025167,0.42777678197,-0.0762005088446,-0.0348202308274,-0.735404288368,-1.35297143809,0.775475815638,0.98753027723
-1.19200770236,0.708775633687,1.78861130342,-3.09775249221,-0.321358777528,-0.0136238722282,-3.02644242403,0.267953466584,-2.11071670274,-1.09333372158,-1.92708069798
0.108840189112,1.51373484918,0.565809965728,-0.451624645506,1.10198061698,1.8476140046,-0.761862291743,0.470957229078,0.198096164109,0.754623030971,-0.0486680817703
0.207724376611,1.18449018761,0.564457906004,3.75919830163,-0.31041879784,-0.417933301962,-1.80846129359,1.75509390439,0.968844448678,1.11553444412,3.07610881629
-1.01933420229,-0.494386862665,1.02921445428,-1.31756966087,2.06249593151,-0.365666632894,2.26479906351,1.90974359068,1.5542798983,0.383432823987,-3.01922708044
-0.547245417701,-0.359300063991,-0.590539169421,-1.18287656319,-0.823640234736,0.939958416572,0.922720489811,-0.560387171234,-0.0852483319831,-0.931933280193,-1.72250721138
-0.891879596969,1.67101132801,-0.221991419352,-0.491204869221,0.491008737501,3.32384569256,-0.571051233037,0.436136748832,-0.52775076429,1.19406392356,-1.82555824653
6.38085654277,0.958934956159,1.22762739679,0.0168188042031,-0.986995501833,1.94190190877,0.769159742761,-1.00113666325,-2.91145433081,-4.69578659348,8.62471525668
0.324243477619,-1.09256102368,0.746291866668,-1.42889216503,1.94676245977,1.18743206336,-0.0227890293309,-1.08275189711,1.44202434604,-1.29987622642,1.10638177744
0.397961271699,1.05740898454,-0.166942923276,-0.816183512593,1.35153245221,6.40244200862,2.52237000624,1.48408451258,0.440578472341,0.157852572064,0.0452592363072
-0.0256517974029,1.14559251307,0.794658481637,0.00491679534595,1.41860694182,0.830909263031,-3.13788484303,1.69768790016,-1.94885994739,-0.225279677161,-0.0579683163257
-1.10951388021,2.12675332507,2.9992344635,-0.968246786177,0.588356033286,0.0463475210515,1.2174580014,-3.20338160589,-0.491508666878,-0.422123545118,-3.58974166297
-2.41777769165,-0.947582413742,0.472181952045,0.828486138701,-0.143889726917,-0.311478182327,0.666921241594,-1.03985584152,-0.0441564967129,0.947303159035,-2.98029111943
0.318669421494,-0.18090569181,0.290384601899,0.139967363944,0.133113744529,-0.159145081026,0.931623451335,-0.808773080506,-0.13046142901,-1.12395157774,0.328840209327
-0.833025460226,0.611983746255,0.0188707601989,0.250089393374,-0.273331669388,-2.31691371799,-1.07535907979,-3.01621058956,2.40046625145,0.386214456253,-3.41808487578
-1.21421367427,-0.373323999379,0.722717854244,-1.18415102768,-0.532169805813,-0.292542192265,-1.31573741759,0.505001988901,-0.406907828931,-1.42522525153,-0.549607637061
1.28201512769,-0.247585460438,0.493457872124,-0.176016371029,1.82147763854,-0.402628891138,-0.614155809438,0.684124882055,-0.100611030394,-0.810007126024,1.59666388867
2.45807121499,-0.386108890008,0.261924254627,-0.277278503286,0.741901421493,-2.25370702843,-1.20495098096,0.288728252476,-0.247279912246,-0.71781996553,4.39908470436
-1.14363105217,-3.43770871727,-1.18679591733,1.06969998735,-0.277575984825,-0.105502011293,-0.772531191609,2.6340741973,1.0119471085,-2.3226284856,4.87698972584
0.614597318639,0.735578532269,0.562036497331,-2.89773439408,-0.710720417292,0.280933179611,-0.972537058591,0.887520453277,0.228337900593,1.23667938912,0.491626175683
0.750673080272,0.526449515287,-0.0430823415322,1.42866875062,0.234366998078,0.14429840553,0.649463935916,-0.451043559938,-0.829724358476,-0.645767343898,1.32368352334
-0.0555839004197,-0.625967713889,0.129933562725,-0.419220320924,-0.00227332422193,2.10010972922,-0.929063365997,-1.50054373612,1.25773531023,1.0522099636,1.13167471568
0.813427945424,-0.18707386069,0.249575772227,0.460958881856,0.47018015754,-0.16737044749,-0.749130801224,-0.162729469473,0.31516124224,-1.22280485039,2.41892650913
-0.409133632075,0.930162538209,-3.17781916317,-0.990395094944,-0.607134704439,0.010203725582,0.167167205084,1.91512002434,-1.87013646064,1.27321455476,-5.1950271656
-1.00229645793,-1.29991622744,1.62979090943,-0.152805858638,-0.521642939733,2.03943200145,-0.0100755154458,0.850789972201,1.83642253049,1.24856421144,2.76260591431
0.684398617772,1.98744793486,0.757224079715,-0.177960765179,-2.1878180394,0.294376785711,-0.283902325276,1.62925707875,-0.414502459298,-2.94525883202,3.05834316892
-0.418547259416,0.363771714144,-1.09739774628,-6.59778618176,3.28062538573,1.22489135988,-0.246459695226,0.450399234874,0.671939972254,-1.64496233619,-5.19478364477
-0.65842748387,1.13827865376,-0.76485339152,1.0798503031,2.20135764198,0.0334131562927,-0.357997425552,-1.94470481733,0.131874494539,0.635186866078,-3.49418059544
-0.771573712788,1.40822856338,-0.868121453237,2.39507649179,-0.816154527757,-2.45230574782,-0.30375498941,-0.187282363069,0.72220097367,-0.704943152208,-1.99314835788
-1.93064984084,-3.2091154784,2.28332198126,0.300509257069,1.87288274033,-4.89887572174,-0.0757106852084,1.17742419456,-1.36685476246,-2.46005945343,1.34051321315
0.234537118907,2.75599897447,-1.63134596747,1.69827882978,-0.348569906864,0.662830352399,1.69315484054,-0.558155201097,-0.663599513525,-0.315891451397,-2.34698507018
0.904655772646,1.30984837892,-0.655175239545,0.146728481154,-1.03346766943,-0.735033152777,-0.258083212374,0.0445981825666,1.4455512603,0.127629032117,1.53318451358
-0.246064713991,0.636249565535,0.153124507818,-0.777237443489,0.0717039382784,0.714857728227,-1.09124343091,0.241503535958,-1.23839842886,-0.341635415529,-0.99182203582
0.600819789425,-0.412968121488,1.46087017106,-1.66567700353,0.19829270761,-0.803575779177,-0.268903596407,0.446674202398,0.729377504206,-2.28472510183,2.27694490909
0.798397245233,-0.471610801833,-0.303384812439,-0.274721937716,0.256648878419,0.304823956987,0.559624881507,-0.401832599562,0.139317660805,0.420802161724,1.7433126387
-0.0921746706996,-0.36118626977,-0.724838434454,-2.49066299286,-3.9359334491,-1.04889600184,-2.02224717557,-0.350167613741,-1.18327189572,0.0314761325156,-0.00434575165932
-0.141390969888,0.470653258733,0.401025298929,0.568989794166,-0.305217404885,-0.850279825827,1.49647655332,-0.135669951979,-0.0657989426014,-0.969646379701,-0.570252362558
-3.48328937,1.108430659,1.54374043534,1.28272119941,-0.185004535951,0.433375095893,-0.292716869203,-0.41920987545,-0.158508118028,0.387658425471,-4.41904950936
0.633647763779,0.863452957736,1.30774977467,2.50984807516,0.906830647107,0.0568403641705,-1.01308330168,0.634155559055,-0.508386021091,0.310105611025,1.92498788817
-0.203855023731,-0.0564613828997,-1.77024116793,-0.38082921904,-0.304989945187,-3.15422889318,0.936350161474,-2.7571389129,-2.74683625589,1.09481256358,-4.23972297535
0.180533209118,-0.210992826115,-0.0689793015463,2.41423545142,1.82111859736,0.0805045463489,5.06966930896,-0.408697728979,1.00653317808,-0.862376440015,0.33629184431
2.9499785274,0.968903809739,-2.3233301893,-0.406772051344,1.47231855968,0.0678135419581,-1.73092486136,-0.936843244848,0.204043658146,-1.9075924824,1.6649719719
1.74894789016,-0.73592180507,-0.0548977322094,2.18624650476,-1.75472349872,2.034215395,0.529742234085,1.16457063186,0.117749148262,-0.736553692411,7.09810498256
-1.60920479356,0.281431469967,-1.15314808524,0.177676802088,-0.0245728284991,0.110758125173,-0.497016618255,2.29713194254,0.20849948348,1.64565987207,-3.13667716556
-0.197082014062,-2.64306038389,-1.70764559108,-0.929553879788,-0.728232194768,-0.383491135852,-0.248351797932,0.121729969586,1.62772159004,-0.180068336256,2.50269721899
-0.550607778095,0.154745333534,-0.0422122736692,-5.03678612441,-0.918442354987,-0.65771806718,-0.569885856388,-0.288290359592,-1.95849746466,0.00302463944923,-3.88948430933
0.493956529958,-0.375472952312,-0.301524366113,-0.482603395657,0.248455445465,0.585812469206,0.246138955505,0.192938469845,-0.903159671228,-1.5372285923,0.519470050109
0.658306411967,-0.52663102951,0.709339183625,0.891390231507,-0.849583549965,0.634950230146,0.120713475847,-0.459776374751,0.962914258782,-1.62620908603,3.39760950732
-1.81746548737,-0.544305605706,1.18355136291,-0.80388783357,1.0034353344,0.435158121045,-2.24814368105,0.264736332138,0.718913680066,-1.09615633749,-1.52747292304
-0.835918346893,0.135828982565,-0.0018373651086,0.318345623751,1.01559648516,-0.994941907636,0.114446156237,-0.0920808101539,1.08326136775,-1.5903290897,-0.936603107078
-3.68465344565,0.466762606028,-0.364153074239,0.993633417131,0.161335651855,-0.455486034188,-1.12760350869,1.1882570493,0.203284878812,-1.07265458794,-5.3447172123
3.16769714336,0.99153468062,-0.00330827102041,1.1279569339,-0.827217940223,-0.392818322975,-3.55613856708,0.350789833513,-1.4064992268,-1.38476855474,5.60735898739
2.92887994281,-0.679660015338,-0.300829766209,-1.50199515347,4.6853458691,1.55912426753,-3.35084872182,-2.04887816119,1.6478911652,0.127021061119,4.08052526107
0.000976325532879,1.14396571864,0.0644715735472,0.0348536682687,1.94773800603,0.164513833063,-0.230791737026,1.88501880934,-0.032437698666,-0.1376871015,-0.52144832092
0.219499429237,-0.0805680815218,-0.101601698532,0.226618684601,1.13595487224,1.67964849265,1.91482771707,0.514996789373,1.01502081979,1.08830339629,0.533604647233
0.596127562461,-0.119430397141,1.30807734671,-0.93446123468,-0.243058735047,-1.91141173973,-1.11932126068,0.213054198986,-1.27329200689,0.410711366109,1.36300989766
-0.44144705417,-0.436229818161,0.888467217773,-4.26787498543,0.0522839791815,-1.83011420076,0.0714612004519,-0.00249087464394,-0.550987402363,0.982431214196,-2.3543063022
0.680530327124,1.82367582506,0.230822762643,-0.0661971839177,2.55623877021,1.33835017985,-0.118331248917,-0.539474744328,0.283204701632,0.0992230372124,-1.37722522817
0.407976863178,-1.23634318899,0.346697631889,4.22520529862,-0.274474564849,-0.0320678203221,3.23295308816,-0.110101056205,-0.309988802425,-1.23103504072,4.32792499942
2.10121009474,0.767439044891,-0.26335949376,-1.00423548156,0.896487871301,0.0418849897084,-1.76445039248,-0.0470089720502,-0.743001829374,0.327276656969,2.66449746646
-0.230948057152,-0.332160490271,-0.928564863131,-0.115249665729,0.38627516483,0.782446878974,-0.265842069869,-3.04335724566,1.22563776533,-0.487553525232,-1.25682249045
0.356534041609,-2.72886632431,-0.0791528105723,0.870204188137,0.716902002544,-2.11397108992,-1.13775878234,-0.774963990777,0.784606144207,-0.606339855102,4.21392834681
-0.242376023899,-0.724617558311,-5.43667874311,-1.85763455118,2.2167778626,-0.852067068819,0.580169528419,0.626044165071,-0.553840868791,-0.42525186898,-5.64200533002
-0.239697868669,1.33430715479,1.56811335886,1.02110723067,-0.0293148562934,0.467226272403,1.15464289109,-2.61990396883,-0.910157526527,0.0205132354738,-0.704751341173
2.72753935653,-0.843418700713,0.677891166266,0.510535579852,-0.27146408985,1.7134320269,-2.4433118402,-0.132731337208,4.34810550159,-0.729800798241,8.72521694148
-0.568101848739,1.17048009899,0.285301519841,-0.0807561717524,3.17901424692,2.1984320346,-0.44583923195,0.170672342642,-1.05573887839,-1.04118672448,-2.68590097047
2.02680586118,-3.24734293917,0.700627118183,1.67467034768,1.85328955615,0.280622033256,0.161683292553,1.22740918694,-0.0994262240884,-1.73948826219,9.31790389744
3.77606704385,0.125686606556,1.73095813038,3.7490922791,0.1062904805,0.361954237653,0.307615933481,0.843867166585,1.55478013516,-0.380382282956,9.59419414749
-1.26191206838,-0.34929357378,1.02572629664,-0.304865233461,0.303181707735,0.735782699477,0.209669289114,0.690834210838,-0.121113572018,0.148692017877,-1.24672524043
-0.317657417151,0.68785552015,0.143231733736,-0.230456651843,0.0108572913508,-0.0708518400243,-1.19719220395,0.144325659107,-0.885404545028,0.398827578019,-0.552244614515
0.532429607361,2.93782395788,-0.0343953868823,-0.315882446804,1.95809905858,0.681878002737,0.210548206509,-0.337997526666,1.35316163215,1.59171195468,-1.0213928675
0.691677635527,-1.48594328398,0.517562361993,1.2291700779,-0.389754534869,2.68425373827,1.21023041996,-0.590815312859,-2.7287189999,-0.143016421563,4.69228634802
0.101046855154,-0.195221715655,0.965503750823,-0.543026140547,1.6297215456,-0.590279823307,-0.65040691123,0.335346265663,-0.551413254565,3.13581055554,-0.760285809734
-0.335633196888,-3.40544324375,-2.58526662942,1.13146629038,-0.551485818396,0.939904187989,-3.14112268708,0.376815232008,-1.48592620335,1.87549975635,5.75504112591
-1.27035818862,0.216329537018,-0.0704151970563,-1.33120549352,-0.904813066514,-0.0386518002602,-0.17797891198,0.776407659962,0.504000750376,-0.202847194266,-2.89948950584
0.395403298027,-0.137110386945,-0.212529066541,-1.63737609172,0.719816070785,0.287773811481,-0.778567427446,-0.81666371527,1.86814821399,-1.57004544119,0.496868694183
-1.05889238825,1.42501526634,0.590744677465,-1.03099322832,1.2442993411,2.02842155703,2.71144255312,1.2069763584,0.0352749744462,0.660409408126,-2.63527820716
2.00996536913,-0.596186085557,-0.0768839225368,-5.40823345938,-0.1057950305,1.86324796315,-0.17454645066,2.21542613359,0.257553123453,0.540047745424,2.40759619953
0.140613929408,1.66058588007,0.638184464038,-0.205484731152,-0.426836287601,0.807672333107,0.632528194927,-0.721767429524,0.783013479592,-0.0878664358044,-0.7042703147
0.775263914105,0.452921135504,-2.72351146738,-1.50788378073,0.550061464605,0.346878258252,0.613559199607,-1.99486508,-0.668718903297,1.10095550989,-2.99459227919
0.174674519705,-0.558769716814,-0.169607982001,0.888766104332,0.0935085309607,-1.72634065615,0.755338025856,0.204908931332,1.18389862595,-0.129026830668,0.631411510397
0.610593353407,-2.84246354429,1.61071262282,-2.59888618337,1.51695757002,1.39653796742,0.59119644303,-0.768648965329,1.76645551253,2.50397403437,4.60478718524
0.995519691804,-0.391947690478,-0.736175230867,0.194642047083,-0.560319636227,-0.693047444762,0.0492978692549,0.234377176526,0.286553757642,0.291706430611,2.03716437608
-0.913361704035,-1.29351944799,0.349137277839,0.00393172116873,1.6394120775,-0.858213253344,-0.737866771584,-0.438690343957,1.00096666777,1.31986498411,-0.871477146252
-5.01942765923,-1.14153447138,-4.91579346267,0.920568126547,1.08490697873,-0.346797132893,-1.47953134637,0.325284728524,0.31153861408,1.40857658245,-9.30423670388
0.515019355878,-1.1356925406,-0.837483722865,0.297085597844,-0.722305677148,-2.00309045365,-2.66801767836,0.122292159369,0.340673936222,-1.06770990109,1.35605789679
-0.295153455773,0.95587488104,4.12894598127,-2.01350986209,1.21718135954,-2.93858236587,0.772353784887,0.306969791322,0.0135855080706,-2.57278953657,-1.14406974842
0.266452741197,-0.116868122059,0.150075261624,3.62432267518,0.804948106036,0.395361112428,0.612947678902,0.727277715638,-1.46076136431,-0.641787019866,0.98600779461
0.180118437112,2.34065526166,-0.239239765295,1.82659608344,0.269542454696,-2.60028350721,0.0317778438804,0.333826285291,-0.215221015977,1.76477712573,-1.48182963186
0.0939093638513,1.24157462715,-1.02870339221,0.0794891648211,-0.124590377447,2.2080318189,-2.64886411965,-2.20902562651,0.478559517964,-0.632054099756,0.723522629827
-1.23220082425,-1.0544257667,-0.657569236709,-0.882084684524,-0.632743020121,-2.34110063737,-0.107285207598,0.494361771338,1.98435914578,0.528117791476,-2.15120816672
-3.48207465731,-1.30043830217,0.239305381727,-2.55630041682,1.12914095425,-0.0994636092419,-0.0897639909696,-0.559744738797,0.150217560247,2.54835244352,-5.4522752031
0.879178555437,0.113719140862,1.01066573084,0.129625369517,0.906452985352,0.533545804289,1.00947430639,0.497382343363,1.84203781912,-2.25271113127,2.72230219593
0.30600893829,-0.092009357943,0.159557441333,-0.148734804507,-0.621038472108,-0.900561283371,-0.146044099942,0.384626039972,1.48426551185,-0.582228043484,1.34977212892
0.700139796518,-0.739464712288,3.41612269991,0.186321116995,2.536447464,-0.262311724292,1.54875777082,3.23889945396,2.74458751245,-0.0802728880082,4.61965079425
-0.719673253284,-0.0145802511792,1.37941995061,-1.08286091383,1.5796737115,0.457140961994,2.13903504197,-0.0198430300029,1.070467195,-0.0728921793765,-1.06316553325
-0.38667954411,-0.542482545042,-3.7189764655,0.493717098714,-4.33232993378,1.46651710522,0.761765283776,-1.98929735677,1.00884215225,0.127480232922,-0.556060727561
-0.226413163279,0.788282006857,1.87290270793,-1.0375999171,-0.423555065572,1.51774959196,0.963388516049,0.26231517389,-1.16009724286,0.0879217103269,-0.428841522489
-0.275583257409,1.42633148322,1.17196919545,0.895520632761,0.124013270296,2.15478063788,0.292360464504,0.144742140436,2.59214711711,-0.64852136805,1.31155627183
-0.328845670395,-0.0800601061922,2.988977465,1.35786989747,-1.77457277269,-0.0340141206205,0.216655069051,0.0553715221303,1.18985276606,-0.239088085665,3.59843109052
-1.33973837718,-1.03297776729,-0.886110464882,-0.573510450465,-3.22083208964,-0.0408159797047,0.236645009609,-0.137320234259,0.0440446278976,-2.63380380081,0.0227347682411
0.245720559537,1.46839733436,-1.44392664882,-1.41822511301,0.0723463786697,0.296972117972,-0.413353136639,-2.64391807187,-1.07482610114,4.25914333824,-3.4237706791
0.978937238313,-5.40907155739,-2.09164503037,-0.255647723892,0.820230928129,2.63998696904,-0.283326793729,-0.0162961682641,0.0401893677835,-0.177567450315,11.3116056673
-0.366483518215,-0.390227192216,-2.8270320456,-0.499959747069,0.30392378371,-0.080530561596,1.28421921255,0.139062149753,0.184452758348,-3.59944869955,-2.54274168777
1.31156100499,2.22879576959,-0.527557481327,-0.0323179654225,0.452617187725,0.0490358171116,-0.103547267437,0.738745050783,-2.24826894972,-0.293387084066,0.596429706681
-2.90031852983,-1.58485239097,-0.447095859196,-0.925684467725,0.906946966362,-0.590216860842,-1.04653659111,-0.260218202819,-0.672510101885,-1.46749433193,-4.36219870399
0.853787486688,-0.301153954064,-1.67143973811,0.409976856515,0.235095210432,-0.020644674308,-0.890654008094,5.26760970337,-0.140444995323,2.28664663018,2.50924240246
0.626826687725,0.742938337197,0.740410007982,0.512723205003,0.499271000185,-1.25545876396,5.26889497724,0.952981975846,0.159232593827,-0.309622356429,-0.0939835939431
-0.609569362527,-5.85986425927,0.394293030617,0.385596970712,-0.307268051087,2.08771813934,1.0574561812,3.00337044851,-0.545374879,-0.968755842672,12.169713606
-1.0172756895,1.17681544307,0.798337449169,-0.107290677051,-0.584952530578,-1.81359278141,0.314207201272,0.151267247102,1.28991374321,1.59349534886,-1.93963206139
-0.405984085267,2.89724965066,-2.73040343269,-0.729691355535,0.268121366012,2.13355310548,0.1077747761,0.852280844519,-0.263832810304,0.0324622406016,-4.60927924429
1.06693043039,4.2099279473,-2.92237190196,1.8969912805,0.140394814248,-0.765560706875,0.109592685311,0.782418189268,1.06182615828,0.403735840575,-0.793756204919
-0.326168572455,0.795260339481,-0.417848747119,-0.0505686001433,-3.2116407925,-0.449190153356,-1.01733437896,0.0382727056484,-1.04320047045,-1.57237002142,-0.0150284303199
0.615010884043,-0.851016015376,-0.0540944793659,-0.350831589486,0.957305943004,-1.32384515386,2.54805926022,0.253735492619,0.735041472373,-0.739460593698,0.160535220479
-0.276004849902,0.683517200405,0.321799759144,-4.998760218,-1.77399810369,0.440886119809,1.36009834444,1.30754489126,-0.138572255409,0.0349044201244,-2.74440415477
2.13846558159,0.0336173283085,-0.1783873927,0.159590504327,1.36052226172,1.06813683154,-0.876886602187,1.56294722268,0.0959008220912,0.740305559988,3.61953777177
-0.805062665277,-1.43637877489,1.76363185936,-0.82262729211,0.547132773998,0.482966699727,0.0945722536205,-0.0795145755528,-0.800727191302,-0.920172670227,1.37150469134
-1.02540932821,0.530692276183,-0.38918755592,0.173823135555,-0.0901605534588,0.654487945026,-4.5738850996,-1.79492297955,-0.298448633116,0.105869805803,-0.522056135513
0.14562639203,-0.310052237062,-1.96632047005,-0.508675753995,1.65229766627,0.107345142981,1.17725030573,-0.518833823813,0.606021274004,1.45182619461,-2.30517588333
2.74686751028,1.52306904212,-1.50753140489,1.22914112734,-3.26910958288,-0.319013929195,0.451177404282,-0.517752318192,-0.287103475901,1.04506960762,3.06689124462
-1.08492297481,-2.04497176214,0.271012475111,0.787361881112,0.2085547071,2.0607293088,-1.1072668232,0.230597710844,0.0611584490168,-0.0634965633089,2.35830009874
2.60036056721,2.50093187496,-0.0646499165996,-1.0545806652,-0.531163838474,0.021198889713,-0.868023738055,1.15674949675,-0.690070465277,0.610611426134,3.28873392291
-0.987189280714,-0.972007872725,2.11406135864,0.439245404537,-0.671506133459,0.0879325739488,-2.29640542372,1.22593044693,0.154282232921,-1.19774740057,2.47642367073
-0.706760057796,-0.1756450027,3.25166459275,-0.694488255857,1.03673262656,0.773770042044,2.66636782772,-0.472417490656,4.89036762443,-0.525531571134,0.986735613832
-0.734467928602,0.237761588791,-1.88921031695,0.171788543699,1.74476132747,-1.65553336634,1.24105029105,2.19391994017,-0.492655972042,0.331149365072,-5.17521686781
-1.34017030452,-1.91580780176,-1.31394144759,0.801772290251,0.120344505813,-0.0582884699751,1.37875518257,-1.30449762063,0.419526918513,0.297549001934,-1.70771984809
-0.806362703871,-1.61031180748,-1.07475927548,0.890805496201,0.445708480605,0.0786008130076,1.92433920447,1.16664053518,0.579455351776,-2.31801598694,-0.273382305087
0.264335020461,3.63977472843,-0.120653736724,-1.89795320322,0.550654504466,2.22377926347,-3.36063361022,-1.1753942688,-0.680242685629,-0.28121095264,-0.234708058175
0.24720300222,-0.813782735861,0.298868720575,-0.362236835679,0.0863271006105,-0.65370646465,-0.602539451386,-1.51468152222,1.08982997994,-1.33721237799,1.08744029373
-3.03393684305,-0.293361612242,-1.70670725517,5.03051265629,3.54080124049,0.577186573035,0.378538003481,1.0869902388,-0.0343762364231,-1.2357541252,-3.63500543225
0.829335125333,0.918420511622,1.58701881114,-0.485047251424,-0.380658590293,-3.24887073684,1.67479192585,0.357582350066,-1.87063884008,-0.402389479532,-0.174308283806
0.235107348941,-0.671558520449,1.52801163676,-0.688384737417,-0.413646986805,-1.52262754454,-0.0995266504032,-0.0460964750339,2.29188493908,-1.6190386355,2.15765479551
3.67008387323,-0.610372489959,-0.530474383655,-0.164561550385,-0.142968516435,1.1055084137,-0.119959461597,0.198206682864,0.644862221058,-0.875747895605,6.38080566834
-0.247175328363,-2.50094316424,0.161654462684,2.50868146263,1.92649925242,-0.327052743789,0.113306079944,1.0231026501,-1.40743307665,0.216254717608,4.3854355028
-0.0923652442756,0.21353185936,0.625496783698,-1.10303318814,-0.978415306122,-0.288387296416,-0.756573492572,0.315517764933,-0.330786409266,1.29049668217,-0.178041789642
0.625075109598,1.31275393094,0.0124307920085,-0.276175744056,0.179166509572,-0.576149488875,1.59833120729,0.220460027348,1.48361976935,-0.876076695286,-1.04967394258
-2.69996676815,0.390711233459,-0.731922851999,0.901195695624,-1.17200466214,-2.34452092924,-1.53924443124,0.281112542073,-0.82085656915,-1.05657117949,-4.53757183674
-0.438485029853,0.400877770341,1.46232155537,-0.0930556217316,0.00939253738931,1.56602820834,1.53825333168,-1.54133976968,-0.159363383603,-0.557097053121,-0.0476395894403
-2.94150040695,-2.01307080424,0.682806580343,3.56268038811,-0.605532501079,-0.339963352453,0.884983233725,-0.692220166668,0.565531920578,0.0370190958292,1.0095778765
0.572408247306,-3.08300612364,1.27806216611,-1.12976180565,-0.149026529177,0.484211067937,-0.434774154191,0.840386661225,0.910785583789,-1.36356252273,6.83925272076
-1.1215673327,-1.71548773316,0.250349660569,2.6525008077,-1.2058956114,-1.32589423462,-1.53687597552,0.812872665698,-1.91635852672,0.627085713188,1.75710510301
0.448895904898,0.425854612737,-0.570461337642,-4.41894410764,-0.952810248784,2.35688566342,-1.78427086105,0.215620432549,-0.054140266864,-2.01408958502,-0.168586644592
-0.870838371417,0.36012920376,-0.0703070703998,0.577250019676,0.258076710918,0.0431858082854,0.0844184792334,-0.179688047091,1.94803182087,0.702627061611,-1.52403451597
0.383557837267,2.00707487773,-0.526682076855,-1.16345575709,-0.237927886125,-0.820412473637,-2.55587783594,-0.296165751516,0.480394130719,0.171939557552,-0.793256373227
1.40086720974,4.7962390796,-0.471643855423,0.524031671442,2.20705899631,-0.399492214992,-0.00544581205103,0.914301137886,-0.125511703108,-0.16366930676,0.949274024825
0.739584883136,-0.88677988202,-0.266962389853,1.17752361804,-5.18840142136,-1.54077954301,0.0321144739828,1.71545580844,-1.28775500401,-0.43049986997,4.35310998363
-0.563821367127,0.736849412763,-0.429838093304,-0.00395120867607,-0.929553916127,0.678642057921,-0.339321035643,-0.615554857993,1.01954351287,0.0269648596719,-2.3038398259
-3.32641505109,3.36829100224,1.04979046046,-4.71088398823,-0.177272848547,0.236594344042,-0.867091522365,-3.75818136148,-0.873157569564,0.449703599479,-8.84298987446
-0.94327840556,-0.856641636459,-2.52575958132,0.0747062895006,-0.284738334085,-1.51305272166,0.40548044228,0.0904155566502,-0.279798682492,-1.58631496347,-3.29818294752
-0.29743307431,-1.02463562554,0.0919747985696,-1.2633416364,0.164170706643,1.7638077258,-0.758143147012,-1.23480338091,0.596169677906,1.27981381404,0.792735881408
0.207660606005,-0.627998408179,-0.231847491742,-1.2370409799,4.9299826908,-0.465249046675,0.848437765762,0.187704592155,0.176461630755,0.563411626713,-2.42403988318
0.501775854292,-0.340395460634,0.571037860476,-0.630865933023,0.143555113769,0.174265464814,0.811140075043,1.69307512695,0.790320121706,0.0147998056291,2.28666196376
-0.332319278157,2.00028475724,0.108535775763,-0.0218525342144,0.963247427162,-4.98138221083,1.09570677984,0.0104480544278,-1.16318656241,0.0114327961196,-5.08283912055
-2.26695288817,-1.84316948136,-1.37313262501,0.716961436814,2.42511674374,0.59009142177,-2.44137607613,6.17992240967,-0.00402227772074,0.696889841016,-1.37343957596
0.0193515932048,6.50343559664,-0.529105277835,0.878681644485,0.958088293118,-0.808804202587,-0.861606916935,0.29560255528,-1.24280288463,-1.11467999093,-0.868268473408
-0.338261671707,-1.18093719806,1.29956748357,-1.47296259733,-0.248174207898,-0.636642153149,-0.259538871252,-1.55958920533,0.0878384205353,1.21603724091,-0.190084243024
0.785180286224,-2.22737656785,0.515415704018,1.36669607996,-0.0711098781,0.085524202139,1.39047288957,-0.2132595064,-1.7727464639,0.142442403275,5.68171721771
-0.782907617978,-0.480902699858,0.659791168261,0.193517959173,1.71736619955,-0.551870824756,0.641187726042,-0.363511880736,4.34016060344,-12.6862986343,0.196067293095
0.834701203252,0.391567130067,1.7027631718,1.42045262723,-0.891844333514,0.128072821911,0.0682605506279,1.86077752995,0.109277458272,0.276058678624,4.40923828333
2.5697547828,-2.72119394943,0.834931731687,0.410657657729,0.841113530164,4.78897604152,-1.93497406209,-0.830404432562,-1.48507457974,0.247260255724,11.3966490318
1.06513983582,-0.142040114272,2.02603244898,-0.327291339763,-1.62907673692,0.0932396869817,0.546332731053,-0.80157971345,0.168983187947,1.51634325667,4.05724562263
-2.06265846265,1.49048269569,-0.00784316299415,-0.808401082505,1.89466918375,-0.462389247983,-1.92793783934,-2.54782007358,0.172982392067,3.32489056149,-6.84030510777
3.19916177356,-0.734504263245,0.819711458915,-0.595194721946,-0.470615815001,1.37227279155,-0.716125737454,-0.433749495189,-1.61947349818,0.209068891547,7.4941260417
0.614845893142,-0.487076344718,-1.37455856636,-0.884626135423,1.42404752386,-4.38790334614,-0.0927364564782,-0.413339534248,-0.166617378601,-0.540840358977,-2.06179447305
1.54247845471,1.17979320537,-0.7915700503,3.17097227007,0.764041479348,0.391903796468,0.186536449683,0.0184031586187,1.77714312343,2.71289109417,3.28485705588
1.77491731949,-2.25124681041,-0.481249969957,0.289463919782,-0.50923129559,1.37469989711,-0.435248935242,2.56587724462,-1.20732914928,-0.392696746708,7.86658223881
0.716735147695,2.87723376703,-1.23838792449,-2.94169777467,1.20856806015,0.491947886128,0.963039565993,-0.858325433704,2.17106107252,-0.829057144305,-3.17357162054
-0.68028717887,1.5470799148,-0.866085802643,-0.868630512841,2.27521834136,0.111902750466,-0.164594121914,0.067428376917,-1.26663758668,0.291914248941,-3.95462234732
-0.352522249373,-0.525748289503,-1.53269448027,0.665881135993,-0.9779468694,-0.256594678617,1.08209245942,-1.80341613227,-1.95661256252,-1.44440850052,-0.860430749279
2.22781103524,0.101947909124,-0.540146029009,8.38858602602,1.39748910872,-0.71718212241,0.349231106947,0.275747220955,-0.791119351724,0.00380326236534,5.44479632003
0.458997622583,-0.900922803004,-0.316751509572,-0.111545548128,-0.327693183565,0.934342478372,-0.186049264976,-1.72740484147,2.95326271539,0.0619347320617,1.92685229284
-1.35668268271,0.110152980634,1.86133594147,-0.605465888437,0.202797305511,-1.38008599856,-0.756301515913,1.07227018184,0.162867221201,1.13213519038,-0.977588649236
-1.70275869527,-3.07038926194,1.0741917168,0.716096516584,4.73106367847,1.47074308129,0.136747478922,0.595009984433,0.335997056588,-0.706800686418,1.21334424407
-3.5303700791,-1.03857555077,-0.0463267294586,0.30580796025,0.297105172753,-0.721277801535,-0.000408194009895,0.496117645365,0.47443777087,-0.25306142687,-4.19903496472
0.0916875394098,-1.06567076171,2.60103504498,-0.137600219324,0.943697884224,-0.310216959766,-0.13815704374,-0.0178831421672,-0.0977747058725,-0.137977300175,3.20510492057
-1.53446034063,-0.113446190346,-0.838967685074,0.71400722609,0.524512667483,-0.202799904126,1.2855390099,0.563570940955,0.0701797019303,-1.43979029964,-3.29066441097
0.726997095191,0.621945023506,0.59858847655,0.285369939574,-0.0723291427729,-0.0342404890088,-1.10557168714,0.444029284566,-0.455470318281,-0.36485890688,2.23084785427
-1.14102117856,0.0173028566814,-0.680850340278,-0.416722369257,-0.694881099912,-1.30308755714,-1.4321776265,-2.05576224011,0.401455091716,-0.608106619761,-3.1483077018
2.80138382007,-2.49745108669,-0.849965487827,0.523275210349,-0.564871919016,-1.30862468411,2.77354704783,-0.719476683096,-1.45687210703,-0.344527270314,6.51927157606
-0.336123132682,1.12977886225,-1.18629519537,0.994040941229,-1.80996649765,1.48536298237,-4.75478027085,-0.123629430823,0.694242291283,0.598989253482,0.265272654594
1.02780888494,-0.215739720094,-0.0673710675511,1.81537510314,4.60672890669,1.09494193388,0.29701983079,-2.16835551735,0.208331486491,-0.0402092447532,0.79072110174
0.17439904272,6.10655604011,-1.48107459872,0.191221676061,1.20703346249,0.542524494591,1.6423160524,-1.11027995127,1.65227461995,1.5078264387,-1.94079312096
-0.807117225334,0.447291724747,-0.126619954627,-0.803439821052,-0.874978977546,1.3336714757,1.50688975547,1.97848131249,-0.632158518874,-1.08982305315,-1.16650199977
-0.185792049843,0.903084008024,-3.82987594239,-1.95981858487,-0.41835945571,1.0763037708,0.568462782016,0.124129981406,0.839232215268,0.471738486256,-4.64670764892
2.4629099634,-0.404311856017,0.509365596738,0.82528576733,2.31650618631,-0.0947613192233,1.3568903183,-0.116012062796,-1.86136182205,0.187605400234,3.4379881792
-0.0317683534947,-0.968010102941,-0.843599150842,0.040969038454,-0.993803065552,-1.31123493432,-0.647779430946,-0.0514369922603,-0.381900703416,0.0375869247069,0.398965919945
0.358209648983,0.376321377071,1.57780995169,-1.11474623554,1.32814358042,-0.604899480027,-2.49564550019,0.207738037053,3.36473369499,-0.713576574494,1.86078792728
-0.920919506056,4.014269015,-1.27572188126,-0.719452185814,-0.0881686159434,1.08736277814,0.172387601616,-1.65280397703,-5.7431449382,0.153341819128,-4.37011010213
-1.18875906302,-0.801684681407,0.444583317717,0.332327168019,2.93407470226,-0.93674426199,-0.790475336635,0.667492497264,-0.10443238361,1.07772294542,-2.19934695724
0.171729106225,0.832936560349,2.1898726277,-0.0466409874432,-0.211713786846,-0.282076432907,1.39510246933,1.81656475583,-1.40211603654,1.70703506797,1.42850838523
0.275862866947,-0.141854200056,-3.38473915433,0.25858999688,0.937487595827,-0.136140746625,-0.493203502274,0.86193150172,-0.286489068609,-0.435769539704,-1.89075570862
0.310902336168,-0.393296286402,1.54068885532,0.519031363946,-0.416220338692,-0.104917323714,-0.0764250030187,-3.50970404704,-2.46097091512,-0.562371844852,1.14293797598
0.581102791838,-0.134924458582,1.39307182119,0.208007842492,-0.536282998742,0.0389067024307,-2.8572159214,0.688627434551,2.6299172967,0.331464201366,4.0210372912
-0.349036254639,-0.0404611291265,-0.0449879679463,-2.61421187763,1.42346692915,-1.58282473079,-0.460226378946,0.471254047398,-2.72630850889,-0.212931144567,-4.09377093171
-2.13450016724,-0.0311039465293,-2.37040730199,-3.11816918715,-2.35107877845,1.40768226245,-0.284846838229,1.56404528506,-2.06113973053,-1.92049131217,-5.76831493312
0.688517674422,1.84805927111,1.99650152118,-0.499481063239,2.13119371271,-0.189954345803,0.475704840117,-4.62051670112,0.154975216713,-1.14142194235,-0.948466169079
-0.797530340944,-1.14021754062,-0.652279940014,0.964528346334,0.0599168372264,-0.733341476543,-1.08951648048,-0.548387580761,-0.0619592325667,0.368892452686,-0.320141048752
-0.583883123646,0.856577972207,-0.27903055719,-5.64345233514,0.6685394376,0.683288454448,0.0635312866254,-0.810025219035,-0.420795769318,0.702713797601,-5.17883957947
0.943136464869,1.04539326247,-0.0715412472032,0.244271689252,-4.46169370003,4.12984466815,-1.03636105907,0.405152966196,0.0868133730589,0.288946562039,5.09976063147
0.643844466996,0.667643087873,1.13347847136,0.593726261571,-1.78147783039,3.37938852142,0.239110848668,-0.61240933635,-0.13925292129,0.933850393948,3.31730773016
-2.97494621506,0.398263732576,-1.16512619085,0.170132514586,-0.0479280566725,0.621861469023,0.042907210694,-0.211653679941,0.180250902074,-0.663310250491,-6.14356960158
0.456522270228,0.976375678601,0.164281189885,1.41615974817,-2.98367069113,0.121811955321,0.419003873751,0.504923989343,1.32319015257,-0.474820202773,2.68018963076
4.13384235702,-2.08183314661,-0.895353033062,-2.76826067753,-0.100079513458,-0.255939537164,-0.485138708121,-0.261333662684,0.642177929817,1.26500455355,7.50627277334
0.228786500994,-0.398730211441,-1.57382660587,3.23825139676,-0.828273394504,0.972947352304,0.189245121438,0.348222520579,-0.551222836856,0.836115363166,2.20777676137
-0.109892085449,0.755265436658,0.57908876556,-1.62407231688,-1.31780020879,2.09913280428,0.625924554144,-1.22892414078,0.430171241755,-0.661748307561,0.314173807869
1.38702690909,1.10376523522,0.693003183796,2.39720632264,0.34571317273,1.53765858818,2.32759450179,0.863122604021,-1.30473367255,0.160646000081,2.5358042878
-0.194007518221,-0.733275549971,0.94315493429,0.0139976311495,0.354342159388,-0.17729513562,0.139999828158,0.143971198707,-0.172230415827,-2.11745709574,1.02412186948
0.800471309748,-2.72974416083,-0.270031811959,0.0450476348021,1.08493946078,0.345194300906,0.421019295664,-0.62231830233,-1.61267290478,-0.458184313952,4.18262027829
-1.301076432,0.258889297518,3.59929282625,1.81526688121,1.82604697285,0.0211751899952,-0.568715286567,1.89291807086,-1.04972288347,-0.188672805989,0.656005191449
0.129396574147,-0.102509931706,-2.03612187678,0.126606998547,0.830561493672,0.466605685666,-1.12497278646,0.190524121196,4.30047581552,0.544753964295,-0.0190076126425
0.389519855623,-1.26235132182,-1.55588599866,0.93118651791,-0.457704823832,2.71965703445,3.10193799222,-1.07345949177,-0.867565514867,2.48224250056,1.47902311299
0.241915713607,-0.650316864896,-1.73603033213,-0.262275726612,-1.08399275696,2.13048858664,0.0301770134244,1.08883067555,-3.72855466329,0.95596055983,-0.135359682414
-0.971984448235,-0.542879407081,0.0381590657215,4.40770518972,0.2847348799,-0.732430232811,1.20399889489,-0.973843040661,-0.880443044539,1.37386071039,-0.164757065455
-1.32394820278,-0.00746474196752,0.371675420645,-0.542716848803,1.86001171775,-0.520494578398,-0.418880007664,0.824498113791,0.366341328652,-0.000170217036059,-3.67357151443
1.12541457486,-1.78359850423,0.287834211901,-0.0320992772011,0.150827584349,-0.0159173031209,-0.970951731058,0.951103864906,-3.71330937516,-1.26837778158,4.54836552791
-0.39323309741,-0.705389092853,0.30939247538,-1.28231244763,0.914662095921,1.90965171623,-0.440018628593,1.05108889629,0.0422747291222,1.09583958389,0.524836856787
-0.0458324414344,-2.32190835371,-0.158008151504,-0.112315548981,-0.553671568937,0.483403483847,-0.83570384084,-0.224600304753,0.0555677171027,0.590858952139,3.74247202731
0.294829648573,-0.117972851577,-0.0799546198662,0.339240762219,1.46101461214,-2.99856251717,-0.672099919501,1.16884554197,-2.59566835583,0.330349096645,-1.81052073344
-0.415315942672,1.6372905459,-1.39306922481,-3.30436193091,-0.868470007064,0.200075001113,1.8046180492,0.412971076734,-0.192491821426,3.35492374099,-4.90028481014
-0.757843839717,0.0228580319191,-0.691491525212,-0.395621895928,0.104099779174,-1.71401550529,-1.09256824634,2.0685946578,-1.88059988475,2.11494544697,-2.76834306576
1.38389680538,-0.807157696839,-0.458073065979,-0.380845314033,-0.864598743058,-4.40386457823,-0.0787378753273,-0.156005981269,-0.120985763366,-1.34743064561,2.16221825785
-0.274703202478,2.98554428278,0.482877551478,0.829210088626,-0.552870084123,0.180289263109,2.0704124187,-0.15075260121,-0.787875264929,-0.252461610976,-1.82032205872
2.09249018797,1.4785239892,0.309770620382,-0.573953452996,0.139306477606,2.12706322308,0.621754681146,-0.113990531139,-0.0102067444702,2.29794237656,3.15460324218
2.12129516916,-0.619505936903,-0.044743274346,1.23119345248,0.309002923005,-0.264215656669,-0.340219794336,1.47393311872,0.0218991272295,0.334480386162,5.2400065233
-1.26370620331,0.106077613246,-0.343070461708,0.987732731242,-0.141174458199,3.05117536704,-0.928394615771,0.158805893873,-2.6471994499,1.98379042979,-1.58590784996
-0.0590002646533,-1.70132783911,-0.280368421738,0.0921311973737,1.54284940807,3.4012508894,1.71071421484,0.424487004678,-1.80332710494,0.21573381579,1.26351923585
-1.48428679154,-1.29721583319,-0.175888838293,-0.242982264401,0.119448184125,-0.0112505846703,-1.12185519582,0.695049198084,-0.665803702157,0.608103779857,-2.01161843186
0.965654148104,0.111513245475,0.308941656381,-1.4566027318,-0.493592515118,1.10709663005,2.67926231097,-0.411871297417,-0.612709343013,-3.11343260519,1.11044661084
-0.745068480726,-0.916808428298,-0.976675465639,-1.06012703739,-1.26997598241,3.55336210277,-0.00711178488285,0.490122067149,-1.13476270681,-1.89200189902,0.484309150098
2.07797778187,0.927680769121,2.03105375743,-0.680573022824,-0.867349295097,0.0620521679085,-0.839628502682,0.359638790585,1.00955646848,-0.309972426627,5.48713857088
0.54003234359,-0.142565874369,0.926417862303,-0.844725325564,-0.266760186314,1.34788087732,-3.07797689439,1.45964849588,1.36271011197,0.722880117003,3.97889354345
0.905228409473,0.0754677213778,1.78138881946,-1.13940471938,-0.815342500935,-0.180175670059,-0.205837809376,0.97618730614,-0.287521835747,-0.364983623395,3.00916026521
-0.302804583971,-0.520979522388,5.42695871937,-1.90699757543,0.190744248413,-0.641585671301,1.11019763316,-0.647272637445,0.111166680717,0.902603934316,2.44561742753
-1.83924637457,0.406680491478,-0.726706685305,0.75042034684,-0.548086824732,1.13892418149,0.35541241663,0.797049997646,0.764894844315,-2.5980073304,-1.57058000993
-0.339293661458,-0.0350684745606,-0.707285335837,-2.9380646957,0.465772353962,2.00541187667,1.47348035422,0.323336714755,0.182366912024,-0.106334650223,-2.17418562767
-0.703987981946,-0.287626465636,0.230366820328,-2.15306898613,0.117408373467,0.0285821514177,-1.41280873834,-0.0652944645105,-1.0489592764,-0.169293838439,-1.72735648139
-1.59008138313,-0.429091098395,1.94443973607,0.606735679718,0.442894178981,-0.138798403573,0.394019959959,-1.33131058537,2.08995910715,0.0955964958812,-0.947335078576
-0.27421829425,-1.21585624498,-1.84797304644,-0.308168382493,-0.0572313831617,0.368279302411,0.0809456519138,0.119970382494,0.412724183317,-1.83736505245,0.358572734583
0.444984898657,2.00753031105,-0.432343178261,0.616030630063,0.741034687678,1.48116495143,1.3443719823,4.75688109721,1.57970042461,0.24006952531,0.549279462243
1.50482319319,-1.53178120632,-0.621173143296,-3.93548988424,-0.710215494334,4.34776701715,-0.0029175114887,0.0771546687459,1.12931080219,0.258493196438,3.74059371959
-0.126893171215,-2.7108289269,0.93265054593,-0.69200157614,-0.547123452338,0.322360520452,0.0900901656944,1.24109917184,-0.683933940622,0.113354204512,4.5079033428
-1.22322974829,0.0679021274405,0.354674534572,3.02177154188,0.0252587685584,-0.321395517157,0.292291694146,-1.26560571727,0.453535418076,0.180139979225,-1.76601431583
3.93014053904,2.36337177684,0.841480787393,0.988290118326,0.0972574645405,0.0190999318968,1.03214307412,-0.953085725288,-0.0340570381332,3.16786182825,4.5799175707
-0.080890397481,0.0752538087576,2.32680781285,3.17698799162,0.0109078471542,0.113173503109,-0.882064517082,-1.22940221762,-0.192584126805,0.205193402505,3.0580806397
-1.60970560501,-1.87878020898,-0.692795063752,0.501810827649,-1.65253986695,2.19418862883,0.498506303108,0.0981126582495,0.409625980138,0.320372202912,0.625968504447
0.641290896527,-0.0207719528386,-1.71490874993,-0.252922422098,-2.04428312762,-1.01402914203,1.02655823703,-1.35037565702,4.64510032285,-1.2346667901,-0.0410562466855
-1.60101511912,-0.00957158263511,-0.642727936698,0.925349629477,-0.211097053952,0.279615356689,0.177291801075,0.30340789576,-0.0890953762038,0.253231420196,-2.41779395043
0.0955901820581,0.531784950738,-3.90632560413,0.216272604774,0.564630387787,1.43706871176,-0.0327124052473,-0.425393310353,0.255935244747,0.929569002277,-3.35337668623
-2.11140540203,1.66428057977,-1.34438514528,-0.00337541054586,-0.738754975865,-2.83496510663,-0.492384843038,0.129066672522,0.280088626364,-0.326760734429,-6.39894965401
-1.48080590758,2.25587637043,0.385341642855,-0.576274104425,-3.51274557681,0.98874649646,0.476849533189,0.231175122724,1.88289123127,-0.620246879731,-1.72817679232
-0.47040417536,0.140797923374,3.60807748698,-0.342764157162,-0.145418664407,1.19798166197,0.222576721874,-1.0118954673,-0.308123911725,-1.9327051638,1.90977720637
-0.551455744143,-1.40313006632,-0.0773868370995,0.435739865598,-0.392959094709,0.0143425577637,-0.320944947889,-0.122164023577,-0.782529618026,-2.39750971108,1.34368077286
0.0372633667466,-1.06579034523,1.11777072875,-0.146146875938,-0.665595799493,0.564553729926,-0.408130131262,-0.179238594122,0.440794437085,-1.25338471751,2.91080990741
1.48696552016,-0.488238787758,-1.38738688136,-0.204827100138,-1.58905618524,0.0629668001727,0.141061212755,0.520450223922,-0.30302397687,0.224925460734,3.16670401218
0.561762360374,-1.28607581741,-0.717166798315,-1.26604131047,-1.0617155105,-0.0947674333668,-0.870399088891,-0.893742987923,0.894861905122,-0.511315799844,1.34148340134
-1.31818540869,-0.806505294165,-0.50810582076,-0.0232367405675,-5.83753440604,0.230827507145,2.80477788775,-1.85258286264,-1.11939435314,-0.276400461161,-0.919485822238
0.781196798708,0.131107662024,0.283558564846,3.21904994694,0.422632647098,3.57988954536,0.141833002303,0.779123882731,-1.23431003187,1.84261604455,3.86301432632
-0.774499736345,2.45437480038,-1.85557907459,3.3397687522,2.12865102852,-0.0369077510318,-0.194410595576,2.07645550656,0.228344809961,-1.12384283664,-2.449733957
-4.79867098413,-0.039331529656,0.376877154593,-0.386088684784,-0.00719251417206,-1.48972241344,-4.23266092069,-0.0994520043309,-0.107146501077,0.559539277901,-5.37304516201
-0.376684791222,-1.9125149169,-0.667465936978,-1.18447609841,-0.236026720454,-0.963521982912,-0.0295175534942,-0.0901142742261,-1.74470158274,-1.28827748279,-0.124357027713
0.404230011864,2.57585526072,-0.0225935755971,-0.698283812765,-1.19631549826,2.18303669048,-0.0929528537313,-2.74664242318,-0.0612329597936,-0.227052572672,-0.689172585066
-1.7608223693,-0.14413580269,2.40576661893,2.07051237625,1.96091925114,-0.267238031713,-0.206266966408,0.719414613062,0.115615646409,-0.583370830021,-0.161286269915
4.62143251036,-0.110930727588,4.81564387822,-1.43059363921,-0.388126730704,1.6224407768,-2.08541956601,-0.963689179472,-0.0643485409831,0.995816992167,10.6858312928
-0.641821287591,-0.141439102803,0.595852527057,0.202803021371,1.86367402517,0.408080533011,1.37373851087,-0.810867289215,0.081217541037,-0.522014878757,-1.78134582097
-0.108919779551,-2.25970098506,1.1970599993,-0.216221021746,0.30276881979,1.83144995472,-0.0172510502586,0.0920692618658,0.9107809054,-0.567133256542,4.89929682569
1.16532658849,-0.39336441331,0.631119220228,2.32703355499,-0.0629642486632,-0.571450418406,1.26235668368,2.57752800702,-1.19657318678,-5.43476735522,5.66475506346
-0.441738967942,-0.899201464028,-0.615069018226,-0.80251308538,-0.0888819179455,-2.65006803755,0.395843244441,-0.948947332312,0.99425827768,-0.632291163877,-2.47330394145
0.951799779207,0.317078333589,-1.81601626449,0.720705972864,-0.137930030846,0.0788956453834,-1.47099249036,1.18563080092,-0.124515516903,-0.23238384653,1.08994139302
-0.138858317225,-1.11145236058,-0.0922681152563,2.40409838083,0.115747723175,-0.874931806889,0.214631085754,-0.281212270805,-1.01741924991,-2.17240682907,2.24916042527
-0.418369451674,3.09730336469,-0.755903337928,1.39016450021,-1.10837954727,0.00677337647396,-0.0728007497935,-1.90545617047,0.980057076852,-0.444670840055,-0.719223942401
0.664930385911,0.375868187172,0.904201028503,0.52674564653,1.13365035791,-0.574133838896,0.621465111907,0.83138717841,-1.43640734282,-0.10061795964,0.458191569224
1.6071651168,0.441380436643,0.0735877637459,0.100644166893,0.131794199234,-0.507084058836,-2.87547560953,-1.64124646024,2.8951732456,1.25030124055,2.84606801929
-0.114484857609,1.43583985905,-0.236969932999,0.615769339187,0.50037553566,1.6302728859,-0.164113507176,0.164832018945,0.885259205966,2.15277521975,-0.328871523653
1.21052843825,0.489224312462,-0.71340905307,-1.40654986072,1.86824791529,-0.648515110537,-1.08345291667,0.459033140731,-0.48263794602,-0.110666434179,-0.563441212762
0.259727491893,0.409955592507,2.69133412722,2.4549182081,0.169470398717,0.606705033657,0.820710291485,-0.53929457418,1.87528951264,-0.782344407739,3.11845356856
2.55309881884,2.11043439265,-0.0423036120426,0.307122816653,-1.71204417503,-2.57471626133,-0.472791147873,1.59329010221,1.24838657789,-3.44871030222,4.5541288006
-1.48424946702,1.22521303667,-0.722306613786,-1.76798526446,-0.346676138319,0.567670245755,-0.409668571444,-0.804037057431,-2.06151625475,0.671033727705,-5.49671740037
0.358862240516,-0.0337558521393,2.08801380414,-1.04849055928,1.98184427307,1.55078815416,0.0763564133941,0.228086598829,-2.20727107092,-0.491938455908,1.13711990562
0.269396500392,1.86973874483,-0.384758039991,0.00847718083977,-1.2525114061,0.770224082383,-0.304658453556,-3.00406106221,-1.93271491332,0.368833112429,-1.68249422732
0.27409909987,-1.61074170849,-0.619840561744,-1.11325200395,1.40027871829,-0.686005994259,1.27640850053,-2.49856564946,-0.994159519166,-0.173518243215,-1.38664771469
-0.3738921299,0.0306115003232,-0.611091088566,0.881335368833,-0.62307161172,0.340257391368,-0.041005858593,-1.22299781499,0.207230686037,-0.783120292954,-0.966228533778
2.56991627295,0.329205399657,-0.525033984369,-0.0317626644796,0.728267352418,-2.29689855176,0.741300697846,0.997019970908,-0.147107209746,-1.76029405969,2.26591277155
-1.21839632858,-0.619030622232,0.168990493734,-0.638632739164,0.16351586568,-0.214108052016,-0.976309036644,-1.63988143866,0.367807390492,1.51508807934,-2.1162245801
0.232285709782,0.346639106967,0.304557791362,-1.95684765794,2.35073689914,-3.40405082204,-1.49474653144,-0.310137683391,4.02373187672,1.08882751209,-2.38812847191
0.0610267235075,0.303803399934,-1.89555356653,3.63366363855,0.0523954816683,2.09397561792,-0.526859220664,0.702444525534,-0.428511643351,-0.100016850261,1.20054978911
1.98286956055,-1.08056806121,1.78611983858,0.247036957558,0.0236996031642,0.0919864250519,-0.518243265968,-4.14947266445,-1.56075621627,-0.0499314391207,4.26290738687
0.564440129413,-0.304629761537,-0.476200101249,0.0545351472518,-1.7076510165,0.632639144455,-0.413238179539,-0.0868360029709,0.202173565241,-1.44719898515,2.51218618172
-0.286988293258,-0.325270923232,-0.403603092456,3.9760940971,1.28027837497,-1.03806870409,-1.68780614183,0.0889296505525,0.218136127638,-1.92218572114,2.24066411444
-0.750471764576,-0.0730366459467,-0.909183378678,0.0362884186263,-0.502816659859,-1.23620508316,-0.759816402117,-0.265746452233,0.913051881142,0.202865358682,-1.79266713745
-0.024378399577,1.00547343755,-1.63569729405,-2.25171361313,-0.20843369197,0.0835550021404,0.00193982267534,-0.433959774259,-1.8330925556,0.180257907791,-2.5907486235
1.13300093661,-0.405229772551,-1.9403441778,-0.412888437294,0.732756098482,-0.0506445065298,-1.09085324649,1.30279452369,0.286209729767,-0.136789168145,0.477904581321
2.79567419419,1.00673146545,-1.1807794976,-0.386707583823,2.98298833707,-0.80046290083,2.12138654028,-0.438556401635,2.63288491044,0.1986739079,0.537479178067
-0.801407103491,-0.431083112272,0.601199267563,0.456892971848,-0.751958798692,0.079679910246,0.617785410362,-1.24831187898,0.139861605956,-3.35861773809,-0.246710868041
0.819613230301,0.758628236507,-2.06756320918,-1.3044078352,-1.65672870361,-2.62825467051,-0.145927333096,-0.111590051111,-2.27200000111,-1.99303274115,-1.51200355295
0.37332310717,-1.4684091593,0.349193876422,-2.96339860824,2.27943107036,0.84838730551,-2.23389759653,-1.68994229934,-0.416842109257,0.385883735392,0.773571317888
-0.356617414234,-1.05363559261,-0.442963934058,0.942441347123,1.14800165619,0.190796147622,0.506315560927,5.85687488391,-0.348028058613,-0.527061307518,2.23744070423
1.87951226183,-0.0700469993761,1.91357501627,-1.07177039728,1.78759936909,-0.65862582912,-2.28375213697,-0.0392119186018,-0.291527346273,0.89911679895,3.85954073825
-0.630265846716,4.50187941742,0.797919024665,2.52825568984,0.126405520868,2.65103508109,-0.69611317938,3.05230791896,-0.0913607356064,0.373398501569,1.85720741152
0.681942886915,0.0746727354859,0.586842246089,3.12761119144,1.82723131415,0.950177303879,-0.772716997522,1.08789966168,-0.408808007249,1.6263117706,2.4606285328
1.62128064231,0.151131725946,0.0494361641244,-0.142113794745,1.08878593549,0.141680846225,1.41021887281,-3.12896091166,-1.09401655387,0.452777393587,1.07635454594
-0.183299840034,0.337354338486,0.618141681409,-0.0702988448646,2.36468150295,-0.435310152718,-0.338397792035,0.00204196451553,1.90171338983,0.133804117502,-1.19130444144
-0.396763560834,-0.228396907763,0.171975152604,1.03582528613,-0.657586444083,0.863149865836,2.45518878172,1.18021981343,-0.508007521468,-0.168061943401,0.197723028454
-0.929187935503,-1.55392709758,-0.959177993886,2.31131769116,-1.42462738396,-0.992634163337,0.193767986087,0.934170265954,0.214828985663,-0.363006201179,1.55085859259
-0.0141749644428,0.0747195848351,0.734471572521,0.241781801127,0.350856684451,-0.659075341447,-2.12053126095,0.0614855628045,2.06318174558,-2.11987174711,1.80085902735
1.07602189633,-0.481836437921,-0.262140716552,-2.67141648613,2.05041771469,-0.105626500833,-0.792263058274,0.863952233553,1.72018461753,-0.824773998848,1.09973260492
-0.22597076919,-0.0499850788256,-0.0240239524132,2.06649432434,-0.753887944775,0.726677673478,-0.762108086379,1.5876878554,-0.57109241179,0.124538380046,2.18861962972
0.320674449317,2.47441133458,1.31716005997,-0.895188513907,0.212205886969,-0.13614531435,0.831909249138,-0.622863374435,-0.221656463465,-0.370124991615,0.0594031862401
-0.467130312095,0.0902740388313,-0.167762902103,0.373215633206,-0.130302953807,-0.119174490773,0.769353813261,-0.0229551591407,-1.67857373686,1.39264725542,-1.78305241922
3.01356382796,-0.67109864977,-1.01094775861,-0.832367554501,2.88570575251,-1.731002267,-0.0112998280226,-0.6902030758,0.506067400771,-1.01760042494,2.24090286909
-2.04522723701,-0.643440328706,0.518399738631,2.62557035046,-0.641944101929,-0.357074780961,0.361649634612,-0.912932412371,-0.520471182008,0.469473947808,-1.56054374259
1.85531721041,0.0320617736707,1.01573851279,-1.01871911291,2.68387884598,-1.76797844979,-0.138980855687,0.678510776685,-0.500347310981,-0.56136460797,1.97854147232
-3.51086417585,-1.0477459896,0.837456077035,0.321528415916,-0.196945761932,1.56457678836,0.132313317048,-3.82414730369,1.43365735265,0.558663808629,-3.51167282834
1.18221722917,1.21063575508,-0.574310840229,0.257911111767,0.257891897745,0.157891175936,0.497026666167,-1.70915607643,-0.053514027423,1.23148056616,0.194145519051
0.713053966314,0.116809601063,-0.0552244790612,-1.63267778749,0.871995653312,0.29964037456,-0.155680483188,-0.402535736655,0.0698838868271,-0.611822015769,0.287370826097
-1.69100860813,-0.374608051096,0.420297631544,0.252292396138,-1.78702946006,0.520595415649,2.70304025129,-0.736780762196,1.04202770913,-0.136349194855,-1.31075302983
1.47785837582,0.571404076925,-0.458216419149,-0.117269093042,1.61043694377,2.6447294553,-0.237195843882,-1.68273194464,-1.55703446304,0.249576594159,1.74105615673
1.60631986745,2.68762824861,1.38940627824,-0.41750475853,-1.5736344294,-0.174548202234,2.65165817282,-0.24790127551,0.404909572242,-0.729159662947,2.1645193168
0.982931870347,-1.60546419256,-0.207024765056,-0.417261750884,0.197924398356,0.801071881387,1.33176520333,0.127248063002,0.0775603153641,-0.0195095886948,3.45360022322
-1.20738533149,0.508193395254,-0.398800515008,0.173267719448,0.571754316598,-0.815236534853,1.55103650177,2.91970681842,1.47818183464,0.606559113469,-3.49047954094
-9.21902458059,-0.740938277926,0.0841697705093,0.289786054931,0.0589217873525,2.0036218499,-1.28789812055,0.650342187842,-0.447335920697,-0.947864670378,-5.93241009565
1.67572615367,-0.496219906477,-2.35430258919,0.166122360386,0.0944036984115,2.77418166661,-0.455221986313,0.15548058614,-0.715242498457,-0.457633409057,2.87422595407
-0.397794461649,-1.80472884885,2.40694929406,-1.57670740173,1.22026848044,-0.571221220763,-1.20706431648,-1.79361922408,-1.35306844661,-1.18367176599,1.9486774045
0.143938510923,-0.337113558591,0.152787267279,-0.678857238381,0.130072575922,1.24846087076,0.714127507922,1.13056037591,1.0527291941,-0.793327294975,0.756544328288
-0.287938760132,0.354513382749,0.130764298466,0.995342371775,0.378817679802,1.63996644067,0.261723434189,0.73148810851,-1.71955427296,-0.201943873124,-0.44588022263
0.529167839748,0.257490067705,-4.02592293146,1.31489646899,-2.08907839209,1.46218514311,0.458011603048,0.188661097614,-0.627165169334,0.501120327143,-1.12256099171
0.237284387711,-0.77877171008,-0.60973188551,1.41781525609,-0.690550399038,-2.44485094513,-1.15527504967,1.32219532096,4.85111342169,-0.676662564582,2.36977575133
-2.15712679787,-2.56656925846,-0.439734449125,0.549898174223,-2.57262978267,1.37868819513,1.65282496316,1.28370143494,0.609015157402,-0.638784261749,1.73391862282
0.086126251216,0.19648319691,1.05998187552,-0.301577574779,-0.497041135553,0.753425620386,-0.200146557247,0.125672264994,3.74128937498,-0.0587403400116,2.68949033799
2.12289793323,-0.65180295126,1.63088159024,-0.775468937787,1.84062115677,-1.70840497631,0.219211399751,-0.223980349506,2.1057913314,1.06017865343,4.50057064765
3.44171649159,1.70695136073,-0.731467851077,-0.344632493249,-0.847111620498,-0.117914001311,-3.68508844599,-0.596316995808,0.654984706171,-0.680563671972,4.31448607863
6.19070708341,-0.551504682741,1.52585277207,-0.449279831937,0.326931688594,1.17110816428,-0.57267565263,-0.183244057623,-1.868130011,0.6393837749,8.892373191
-4.95050174437,0.245232658595,2.34214140719,-2.89093504762,1.11623384706,-1.77134689916,1.08548523343,0.0921909718821,-0.501527884099,-1.56300449745,-7.719239771
-1.15924024871,0.192660547104,-0.666101703221,-1.02881342522,-0.58874486511,-1.2996276262,0.318964245553,-0.417250928024,-0.215519401689,0.444759622771,-3.70303336221
0.766868695351,0.198629615388,2.60833094676,1.53053244547,-1.82429671553,-0.435889438549,0.221484618775,0.403208600067,1.59537830512,2.97867818564,4.79659979621
-0.124885156741,0.144334383014,0.917857523606,0.256591383762,-1.17293008088,0.0755315805123,-0.709396786366,-0.00162057320992,-2.45232378935,3.44272101542,0.449840522401
-1.72706225439,-0.271320308195,-0.792841825361,0.0641473491814,0.560289131238,-1.82654183554,-2.24719069486,-5.66291750572,0.245962726512,3.07704389941,-4.68733271023
0.179491442543,0.207488315901,0.663375063919,-0.641362818616,-0.0098493397236,4.57252672891,-1.19342918677,2.06286692069,3.29313513546,0.00939115841649,3.14601327261
-0.283936810854,-2.18204899623,-1.76489547762,1.64210975005,-1.77903067416,2.32512152567,1.41496925828,0.121503458378,-2.56169267779,-1.64251068867,3.64417194955
0.0221547363321,-0.0986549034173,0.0150315246838,-1.29494697642,2.45585322015,2.22416292738,-0.689378725471,1.33473003816,-1.53306007477,-0.760507286642,-0.148167516508
2.31895851669,-0.345648285077,0.249766458926,1.89660732919,1.01405469234,1.57705560868,0.0443675682152,0.989924644589,0.889265305958,-1.13611931399,6.12834522527
-0.383066704282,0.0342767105136,0.000302647546001,-0.426288469414,-0.641965654904,-0.135945673185,-1.20412921144,-4.05315432638,0.955862287464,-1.38208353137,-1.24918173339
-1.72461872573,-1.60531431863,-1.74005766904,-0.963961424168,1.58069758701,2.62385921105,-0.619107901005,-0.764441118436,0.925666766244,-2.37951176702,-2.47710441751
-1.8479909534,0.2060011542,-0.114177370988,1.21967959922,0.641106475701,-1.02000935754,-1.23677202623,-2.12284863515,-1.00140298433,-0.580799701779,-3.9535845
-0.0906553856722,-0.628164368772,-0.899789240962,-2.59709303032,-1.39233278909,0.914730289766,1.05141214028,0.0126975413973,2.49197424921,4.46080969184,-0.701882818756
-2.30704737503,-0.241284010163,1.1111596497,-0.267385326332,1.6997921419,-1.10925259135,1.39701907788,2.10418478483,1.40054659691,-1.0583390999,-3.37190873037
1.17274719783,0.270395757155,-5.3095628203,0.536955180651,-0.26432900223,0.549530989737,-0.122528540793,-0.125143063248,0.740166084546,0.790266278166,-1.32046585885
-0.881752476735,-0.834097713603,-0.85421515762,0.421217046759,0.238168188416,1.10825321485,-1.14023440052,-1.09168271201,-0.539012049088,0.228443510709,-1.33886235285
2.08461585564,0.976064769274,-0.281035578563,0.143725279662,-0.814947699684,-0.308809930962,-2.36053116994,0.377405780639,1.43053843273,-2.54061190994,5.00228658216
-1.02567441455,1.50319387181,1.17394083062,-0.267675289863,-0.371449896187,2.13553374758,-0.268980690895,-0.236911111784,-1.21480807661,-0.499374889849,-1.63217733312
-0.346594511152,0.666531772101,-0.410854819418,0.470505962871,-1.92490654154,1.7381372431,1.41317322905,-0.140574361519,1.12846276615,-0.630610289622,0.437409336902
0.545740541579,0.577067035713,1.33669189333,0.247458157003,-1.2085882586,-0.359571200664,-0.332610207569,2.06745513548,-1.96363323759,-1.45717865317,2.75600783064
0.411923876056,-2.43805283257,0.140172569868,-1.1952674821,-0.349722595405,-0.874484799456,-1.29570945523,0.194765972192,0.850166834523,-4.1068404792,4.76936320873
0.946425787582,-0.00101245793401,1.70598562677,0.459069276194,1.7374681901,-0.657463024341,0.00963899458737,-0.954582057575,0.226704475855,-0.0924029722238,1.5131889332
0.290030223713,1.23833325673,-1.51051353263,0.356484986158,0.846843283989,-0.724368394121,2.34929952997,-0.655979325749,1.56090132236,-1.48646776963,-3.25519173518
0.375764509962,-1.64416124367,2.87855957032,-0.758971988409,-0.675039629564,-3.0129393412,-0.344534043524,0.289876351068,-0.43304934674,-0.067394545377,3.59281666184
-0.80049641971,1.1940844214,1.02902585574,0.292972278573,0.416144167745,-0.867850465739,-0.3469599908,-1.72364102037,0.245719707172,-0.048527300664,-2.12249278463
-1.24377242234,0.344440962609,-0.637445365154,0.0785588358486,-2.4799153584,-1.02353680777,1.34895601435,-0.508643161346,2.90493861929,-0.204730492775,-2.0315446944
1.24214650144,-1.94453034573,-3.3328974383,-0.646606584916,-0.850425104271,0.111749404668,-0.93482417235,0.510675241497,0.277833068666,0.607650214922,1.74152555982
0.492535881502,0.221681924018,0.113142089255,-2.06108593134,1.31668005438,-3.02390643737,0.177158769103,-0.925448532153,0.109448935367,-1.94943905504,-1.90371863803
1.38007272148,0.000835949315011,-0.0463054825112,-0.784472710414,0.928300038436,-0.926746645365,-1.14841897903,-1.17472788676,0.290077772937,0.317297818039,0.600650126929
-0.940728095037,-0.143489939152,-0.546157069856,-0.452073762349,-0.0846235496153,-1.58980270427,0.689470449186,-0.223123757923,0.683250613124,-1.48893779267,-2.69679024898
0.241464546835,-0.470158696709,-1.55207303983,-0.220495057295,-0.956842894813,0.590587190041,-0.354916594631,-0.889207821154,-0.0141409228317,2.35204133121,-0.282501998036
-0.96271084019,1.10317903817,-1.15473447215,-2.26594294047,-0.171194452463,0.786994223756,-0.182070016383,-0.280886547635,-0.761158442128,-0.674721220121,-4.83341425617
0.58153640885,-2.02733346353,-1.25011803939,1.32540021449,0.00206014757711,0.843470716368,0.0576376795484,-0.480824854759,0.336199604689,-0.503046883946,3.60784613307
0.0671145691646,-0.690757570418,-3.52405244998,-0.000940895284781,0.241680441008,0.587448021875,-0.0835986008328,2.46463054008,3.66249339736,0.61980922695,-0.200148422389
1.16629047735,0.268953335219,0.0995192142668,-0.503406779622,-0.22070763748,0.104489736444,0.515632716707,0.0483962215844,-0.836490932155,-0.890164879481,2.12802308612
-1.08826716697,-0.756828224047,-1.33014347715,-0.447737232269,-1.56348992271,-0.987255518579,-0.680830791971,0.255453871702,-0.166242781169,-0.340054474801,-1.38975086904
-0.0437791132703,0.170264093462,0.587603065141,0.853862821317,-0.551290738407,0.0472279081051,0.626679221828,-3.88591553018,0.372097001115,1.86625725199,-0.266211762758
-0.250867980131,1.26341117908,0.0947981079609,2.15232086275,0.458807721171,-0.137459386223,-0.0773051204848,-1.43630461549,0.508878231715,0.862698371875,0.00982939469041
-2.36377881943,1.5956572945,-0.594738697806,-0.677471063978,-0.793601772224,-0.62419036165,-3.78675417891,1.57777675762,0.0391190730572,0.498795058059,-4.40945555731
-0.867851594841,0.723303928411,-0.823021986046,0.325601817945,-0.134762564761,0.324315998193,4.22793879964,0.157695328383,-0.989239501312,-1.03400678724,-4.39519729921
2.17799696295,0.829018196337,0.747636992004,-0.112195397809,-0.0212835322317,0.494830127661,-0.308169611517,0.655601045732,-2.16659980896,-0.508776309907,3.34556444271
-0.777886907275,0.231020464828,-0.0872914151225,0.66442596075,0.0360998253292,-0.681907420226,0.226047116255,1.25380060642,2.23025429106,0.325894699429,-1.37053130101
-0.0213245142161,-0.0409970941658,-0.00206289374137,0.138646840053,-0.486342441293,1.44871523576,-0.432442190255,0.215658610011,0.93694237106,-0.328189273483,0.694897106975
-0.709321235182,1.70155036038,-0.233196831866,2.68618672881,0.229012088057,-0.72697166559,0.699967720957,0.402120115865,0.957939357583,1.27033885102,-1.00310076807
-1.23859660164,2.74818791034,-0.881786874726,0.123537260365,-0.147448964507,0.091080404266,0.564913547792,0.0754887259493,-0.526956174902,-0.00259758788648,-4.36704015083
-0.201094697754,0.222824359936,0.0272628051145,-0.329871330682,-0.363788573679,0.153862547193,-0.132764394316,-0.325108407818,-4.8400525177,-0.0922067291975,-0.989614556328
-0.247315537038,-0.858710871595,-0.149086759842,-1.01556665672,2.58404858558,4.97976865709,-0.306879579571,-0.265042056073,0.240170627914,-1.16926636519,0.704063035582
-1.71278228188,0.72979341045,0.0342082250736,0.557606714023,0.611184931477,-1.78670417711,1.51701580162,0.66367576542,-0.137571000333,0.0292724533712,-4.3471417606
-2.63833630382,0.0552547503619,-0.0431555298559,0.519520220577,0.561111043751,0.714794041567,0.395159245346,0.09666145214,-1.04283958496,1.96453385676,-4.91147415717
2.09766514921,0.540573868724,0.58710212583,1.13848395906,-3.15245443989,0.0791345863764,-0.240060887659,0.740455903906,-0.0314626927554,-0.139602459221,5.3901158776
1.02646341872,-1.02040842339,-1.68348029483,0.874607231111,-1.08715490573,-0.1076915436,1.47695401019,0.910192568513,-1.46990224282,0.569240333503,1.787534621
-1.30963399882,1.36640311194,-0.75242578545,-1.11073172308,-1.06573388519,0.381135905356,-0.344602091736,-0.842692247131,-0.500615549467,-0.875296799012,-3.82348167681
0.0185002554408,0.288333434194,-0.132288175824,0.631186881699,-0.315601640998,-6.07471595546,-0.97791680645,-0.140394984332,2.06198735735,-0.554187693926,-1.39545501686
3.54105631428,-3.67523229411,-3.63857227145,-0.590257440886,-0.293502169723,0.526073774806,0.980041883128,-0.782592535393,0.611987369465,-0.610642177305,8.32491120331
1.91728137436,0.275899410397,-0.586665914526,1.03675255719,2.06125198058,1.0121054806,0.731745945831,-1.37294086123,-0.0591367575379,-0.315885651503,2.45700150835
0.362320565473,-2.29484994767,-1.72523605993,1.54895640001,-0.922595850785,-2.86306975758,1.70161353791,0.38459382318,0.148643349885,-0.308451539004,2.41827224227
2.56506690996,0.975709048352,-0.644361478838,1.44863796138,-0.427029526923,-1.06814701459,-6.04795713428,-0.998098129749,0.695273068521,-0.386231289896,5.35957812343
-0.404516446427,-0.444593019623,-0.112018317087,2.67227625858,0.1703037601,2.75053107746,2.04867317004,0.846732390973,-0.842628539409,-0.296156877513,2.0785351627
0.136972068735,1.20397500767,0.589086733941,0.0855063431283,-1.43416849821,-0.0208566884352,-0.189378292369,-0.265676445517,-2.10317647693,-1.35359274726,0.018569980463
0.123479842942,-0.923736381213,1.41770042008,1.87932210844,0.749213997052,-0.92699528357,0.595124372758,-0.0524082932525,-0.0182204715949,-0.298148395718,2.16694026798
0.272987728606,0.91961299483,-1.40717136081,-0.459041012509,0.711024671073,0.209217714476,-1.22769670068,0.885941072146,0.816498499719,-0.759674828948,-1.35745731899
2.07951920673,-0.832448680036,0.52311185631,-0.833724461026,0.149673244799,0.60845471406,2.09652835795,0.59684630239,0.692443083376,-0.665947463212,4.70814031297
4.34397742289,-0.371909906392,-0.503491490132,0.504180058712,-2.55748634771,-1.44149423682,-3.75800954774,-0.968468962689,1.8098430628,-1.50283294417,7.94436343611
2.14605455405,-1.08266962451,0.401917401065,0.421664140162,0.169388441828,2.1751885485,0.00742271965881,0.640929724409,0.338868838303,-2.28208997098,7.37008727112
-1.25380133322,-0.348554311281,0.159636191443,0.812300290044,1.20661141134,-0.895867973681,1.15373261982,-0.736134355604,-1.51123019719,-0.956792722712,-3.01586486632
-0.689684709369,-2.28004405566,1.10294357998,-1.10014999953,0.654631247986,-4.91659540507,-1.80739047667,3.37257785665,-0.0644528930039,0.780752888453,0.427473127269
0.894344836252,-0.367175889258,0.245088077265,-0.781355190497,0.905849685251,-0.0492317742363,1.20759843617,0.289578844654,-1.22920685806,-2.08277458096,0.192568005258
1.05316453824,0.29600367899,0.0654873224584,-1.7226352974,-0.728629390059,1.29151933944,0.368350326264,0.425177408546,0.329693091733,0.0299327956619,1.08652966502
0.00582409120945,-1.05051076284,-1.81843357718,0.573664418218,0.132237199092,0.243674489437,0.1617430376,1.26596038702,-0.679324461644,-0.00112390125851,-0.00375594285917
-0.924717691226,-0.592502510235,0.137267629698,-1.02552937618,0.690023709347,-0.0752637653009,0.367004219053,1.01906398438,-0.553467713251,-0.827090358833,-1.35851106921
-0.222660953742,1.48445022444,-2.7158359602,-0.394701032562,1.06527781378,-0.219264240108,-0.397607388403,-0.163863119541,3.4489655848,-0.381332453387,-3.4999097278
-1.93501418501,0.610120100315,-1.08979765414,-0.82861281091,-0.0933337918041,6.74322812177,-1.30994673381,1.12513135088,-2.31139717993,-0.117668079694,-3.0643664614
-0.195720297488,0.462272648961,-0.2321477599,-0.375468407864,0.0504393195839,1.05033303325,0.0170052252123,0.0742134195599,1.93475010655,-0.180078114985,0.00516365119522
1.6844512045,0.572367407609,2.14612142157,-0.214021363438,-0.161765336911,0.486252554197,-1.82409839166,2.0430042359,-3.20471163129,0.222407510875,4.66939315452
1.87532375129,2.65097427242,-0.819702719659,-0.0866105949394,0.200831215285,0.379394889731,0.287293619413,-0.54538428745,-1.81155519457,-0.747391650019,1.07441402117
0.0751408409827,0.239443300474,0.209929698003,-0.576928295064,-1.24665575856,-1.04615775392,0.540657239795,0.851515209587,-3.28331063337,0.0791064525887,-0.559149300273
0.360636919904,0.816513397079,0.911601675281,0.669838822801,-2.62695641521,1.0993139038,0.999990883145,0.478129884053,0.359780395688,-1.46875871649,2.60919069108
0.123100400055,-1.00491371192,-0.368304944134,0.99357379376,-1.08403183476,0.485771907615,-0.46787160799,0.0583414380646,-2.9565248754,0.532410408577,2.65795172959
1.60461140377,0.296586878163,0.320446062801,1.4295606436,-0.10928230535,0.475111205511,0.574718987341,-0.0734016535973,-0.974767663974,0.218751606813,3.18388401893
-1.04776312507,-2.28092764927,-1.29954537843,-1.56058871235,-0.33419021559,0.528274087212,-0.847043605158,1.29136017853,0.494095859996,-0.297472011639,0.0257765458938
-0.243279484087,0.932681478913,0.107007432981,-1.1829228369,1.00207697402,-0.218441678166,-0.750387194573,0.523381593224,2.5638133249,0.417745533099,-2.37381560248
-0.544491855437,-1.27891397222,-0.107632030262,-7.63279797087e-05,-1.10599479237,-0.200911722306,0.297182365507,-0.407193825367,-0.212115626318,0.0517981231782,0.592502220123
-0.171632715844,0.0972662942455,-0.662187731153,-0.474720585522,1.69299039548,0.118596259833,-1.30901507999,0.0306195226023,0.0512796117712,0.498034399563,-1.31044191537
-1.16575186901,0.273952755902,0.0656753055953,0.491864525505,0.733027635383,-1.02409205436,0.532328474375,-1.25708174456,-0.61065410066,0.598466824394,-3.51559588601
4.86079254784,0.110306229329,-0.766606785536,0.80577054211,2.20432401565,-0.322698059656,-3.12027660443,-0.519992758794,-1.23531217114,-1.50073480715,6.12986118291
0.32251109876,-5.66733388331,-0.504767574274,-1.94799992385,-1.07461600704,-0.427469882708,-0.804185812841,-0.547640231078,-0.353850034398,-1.98317285744,10.4480064876
2.24598245164,-1.21233354007,-0.291166746769,0.594322470514,1.23893487347,-0.094251784596,1.09376461784,0.855038779968,0.0712202990408,-3.44392939718,5.37999297508
-0.529096037772,-1.06392005857,0.146295293345,0.0722373235737,-0.197340196472,0.794856289726,-2.27981196725,2.75518948887,-2.92194894135,-0.411445733954,2.06003362394
0.90148899845,1.80128611281,-0.714426857665,0.0893578358058,0.445621857359,0.657168862174,-1.51181177481,-0.664833764595,1.97857896588,-0.186074341031,0.258589462771
-0.732324840941,-1.24387380238,0.0953019256545,-0.785814387418,3.85926480292,2.69626683043,-0.142537502071,2.07640848775,-0.183514905671,3.17966398539,-0.93585106574
-1.2524080306,-0.226064327952,-0.485105269582,-0.294850408359,0.875365957607,1.00634579263,1.29434304815,0.739608762425,4.16225100474,-0.216481301141,-1.59976176157
-0.106047233869,-0.229628971287,0.233169116657,-0.171521343433,0.551987462122,0.160043939442,0.866339756046,1.03353808403,0.311321299816,3.95178608826,-0.4771142119
2.52775359078,0.375977197469,0.481263925343,0.415758730194,-0.346798483294,1.91019294296,2.0420258498,-0.0293439318324,-0.298412504308,-0.588486798793,4.94353252788
-0.000797978610309,0.808864145791,-1.93283929178,0.634019481942,-1.05833672668,-0.0693149576824,-0.0690868991219,-0.764634275043,-1.49980340704,2.10250934848,-2.97154229804
-1.03095739342,-1.80644075817,0.494816363882,0.0999171080879,0.101281141437,1.8160828424,-2.54841028043,1.47242874168,0.328937471793,0.152165069789,1.90244294327
-1.49029459424,0.735852275197,0.956845409322,0.0877969272399,-0.440503260266,-0.0178058103143,-0.37135429363,0.422240493131,0.352636939174,-0.599797781578,-2.42618362932
-0.0405223762567,-0.127901889269,0.24039574332,0.300886868648,0.291823932937,3.78307240578,0.822061343799,-2.43622245263,-3.98904153722,-0.103522166861,-0.295362734826
-0.77370827999,1.23120125243,1.28025877154,-1.6079260557,-0.237487773529,-0.0148215545432,0.884599623925,0.61094708566,-0.0222284817248,-2.15973168469,-2.11941976755
-0.304708484596,0.74704034594,-0.583792783986,0.115902399743,0.0655312589914,-0.329592231006,0.561349476034,-1.57023575932,-2.32386545316,-1.96605654026,-2.22617431355
-0.354300926308,1.31113407479,-1.15422274737,1.03468057179,1.3383809954,1.48940622436,0.614849699439,1.60154197474,-0.997534851266,-0.72973883357,-1.83364499188
-2.60006681901,-1.76121381056,-0.123018078655,0.215968364293,-1.65404432333,0.0574974511788,0.303764775985,-0.854592811581,0.228203402661,-3.20818282848,-0.952250676977
-0.0758285771718,0.34836123305,-1.31055967506,-3.49820200924,0.764154853262,-1.32691686876,1.03529437677,0.425080448677,-0.684828667155,3.57898191985,-5.57709007448
-0.492182175794,-0.115885718729,1.37104761208,-0.974632931857,-0.504742462244,1.15340456772,-1.54130124726,-2.27399279113,-0.499483302216,0.323664394089,0.00850946042693
-1.14835551796,1.44930878665,1.66283292179,-0.706096108373,-1.13717384292,-0.258160203533,-2.29536790707,0.0179179551646,1.09422674036,0.226073560934,-0.964815300264
-0.823247499221,0.0449330300993,-0.382182351606,0.0452186343773,1.13579481031,0.232283513448,-0.297600049172,2.39666347421,0.103741769468,-0.0925706956878,-1.96062770474
-1.45990406734,0.514513875372,1.04429494964,1.82933454683,-0.262129875308,-0.255864245169,-2.22927159817,1.0988643364,-0.375059049111,-2.44929111236,0.198559617754
2.79575556336,0.472626259329,0.494014043633,-0.92056519742,0.845831455741,0.0709678489425,-0.281438964394,0.180388797886,-1.06887788871,-2.38963550237,3.51937377004
-0.593950289348,-0.242245152157,-1.28307719108,-1.85140046427,-0.497535791268,-1.64008337708,0.000623957751851,-0.265630118426,-1.35244396887,-2.99095926692,-2.36783512972
-0.550965352137,-0.673367859666,0.670448593308,-2.92096782745,0.806833378776,-0.0166952929228,0.127585652946,-0.209002642221,-0.495112388528,-0.914890766274,-2.43329748829
-0.0311188532992,0.0187986597494,1.67752455395,-1.72880114476,1.34566273568,-1.47011165187,-1.40782692658,1.5824604302,-1.71957148409,0.946887444959,-0.459643826662
-1.14485185925,1.13310831113,-0.109410746446,-0.0812162289896,-1.63877790208,-0.753609812697,1.34770344131,-1.24485943614,4.81235690467,2.54894397776,-3.29448280165
3.90047442782,2.19239161137,0.354740540785,1.76925160963,0.412807914974,-1.31662751612,-0.161849064437,-2.68324125017,-0.656257903225,-0.640595860969,4.66352936815
-0.000207221869725,-1.88688309353,-0.496501002323,-1.70503904085,0.443223869456,0.583315507001,-0.155926156034,4.36985568407,1.1726410835,-0.159472466655,3.22958011152
3.37464880076,1.83143663898,-0.79120414913,0.0191068631629,-0.12404828469,-0.857866087009,-0.057424393843,0.635896745089,0.085831595878,-0.372027952476,2.89447605187
-2.74916824771,-1.09547914093,-0.0804098646314,-0.220683923074,-1.65365777215,-1.95318173707,4.70637253247,0.0517452086977,-0.964662255397,-1.31925779062,-4.67994744013
-1.42662623304,-0.192096090534,-0.0878025280779,0.351514592533,0.908719462138,-0.23284322852,-1.72631949749,-1.29606176016,-1.29236001386,-0.197729834125,-3.38807606214
0.0646920569491,0.203796330326,0.275277159347,-0.43096277853,3.0248093577,0.446713480096,1.47351292689,-1.85561063463,-0.173924905011,-3.44101218857,-1.94758492097
1.9619924834,-3.14361616726,0.331684192347,-0.0957704643727,0.126853426561,0.0785087033798,0.202825086933,0.410184706301,-0.0358058103716,0.0973685571497,8.35114131808
-0.0288402755273,-0.0258440739793,0.742485912219,-1.30445838329,-1.96873483246,0.228886113812,0.664871407717,-0.103640953825,0.525901168231,0.0220251789771,1.61941188839
1.47553030682,-2.61687204838,-0.580731140737,-1.95214451552,0.224398255379,-0.155680513547,1.01009750548,0.806797261683,0.335585641607,-1.83508572079,4.77176189805
0.353373586773,-2.27446188923,-2.04577966802,-1.84334354318,0.591014310565,0.0878355999685,0.713994856911,0.171124790864,0.0340073640054,-0.152354844298,0.602065596109
-0.200446033488,-2.32992948787,-0.0497760759405,-0.77686588419,-0.00555902453164,-0.778389436159,-0.490360114828,-0.423016960646,-0.537906338868,0.604993143498,2.08467895004
0.511240673299,2.36882415972,0.215518360305,0.464877066545,-1.94821873405,0.173626772251,1.58587146661,0.0883478805636,0.493969879658,1.09439080348,1.09388568047
1.55069386036,-0.949335771889,0.694728977115,1.62660700155,0.251598823607,0.0389090034582,0.911479781153,-0.785824529328,0.0233286373014,-0.0117785529993,4.36137627803
0.702981254976,-2.22518082215,0.113325305882,0.251339651481,-0.36297571072,3.9497178832,-2.25312984267,-0.519197428726,0.919350042151,1.76147260223,7.26553571529
-1.86187137449,0.439055324279,0.204895868541,-0.515095513953,0.963273870332,-0.412248922456,0.651696746437,1.11259500816,-0.304918960626,0.344608851124,-4.53464135018
0.345901015872,-0.0923895062894,-0.978219396568,-0.268174645078,1.2761714392,-0.388299407968,-2.14221635438,-1.34343476863,-0.958327675498,0.43572136166,-0.159362922195
-1.12041923543,0.420807311341,-1.04020931652,0.44293146382,-0.749337716098,2.40620192146,0.106039527217,-0.552433360315,2.09030438914,1.3200902243,-2.23309880963
-0.97258909634,0.383192703391,1.1290136523,0.00380828732867,0.785759948759,-0.639754245127,-2.01961123945,0.544578136361,0.703187432703,-1.13347412801,-0.993273686412
-0.0571979595606,0.124019851534,2.17133676966,-2.11192877716,0.193600425858,-3.2167132839,2.74681415965,2.25576685545,1.91420476092,-2.15003672173,0.481284418393
-1.02192945322,-0.114797392749,-0.0765517603376,-0.631632104333,-0.625898538587,1.69982147874,-0.240278250947,-1.56713561644,0.103774617422,0.150142735628,-1.8655306604
0.54311888036,-0.538051655493,1.5767633323,1.01778389384,3.15602814141,-1.07192977547,-0.176815504144,6.5470846355,-0.0751251823731,1.16122848357,3.01512921726
-1.01599008265,-1.89980298934,-0.14233012253,1.36945702937,0.723401035948,1.84382392824,4.19776722162,1.71594308336,-6.70494983231,2.34280518252,-0.665110641133
0.0910872786848,0.57710527753,-0.511833473665,-0.728994896309,-0.135695332383,-0.175362521359,-0.0657805296793,0.199813380044,0.475243404644,-5.19295762265,-0.252356269719
-1.56058732885,2.62706672936,2.23471598516,0.786289165087,-0.762214579984,0.203197651991,-0.548641729797,-0.31988817558,-0.628026025719,0.173873710708,-1.68900821219
-0.138248334485,0.292981256771,1.81318916921,1.25417480733,0.474111880928,0.816676387113,-0.883787928076,-0.142391561576,2.39554811127,-0.808912718323,2.47849965603
-0.0298254994083,0.899409866075,-0.0309220633717,2.38220594872,0.263925457525,0.0391373431476,-0.142505834435,-0.064656650676,0.112209072413,0.450101177051,1.06120894455
-0.335258048072,0.231820624735,0.778255844739,0.567134563975,-1.32456610075,-1.02451012624,-1.62511504318,-1.86844096739,-0.00330047399035,-3.08070617606,0.217088245357
-0.0805263077101,-5.41142685373,0.0284391486727,0.375852566371,-2.03625174714,0.915254447368,-0.221001774345,-1.01434690867,0.930174570954,0.865227387916,10.9943422317
-0.0380237816141,0.669034937605,0.114961299629,0.379966049815,-1.94173055256,-0.796553183013,0.123392268853,0.157330076373,0.443880260533,0.137310881297,0.773841152501
4.06167429408,0.536006847852,-0.301663722314,0.698392049407,-0.0357655434935,0.124631364249,1.41715774417,-1.52294196598,-1.15199617965,0.390752573288,4.23322819356
-1.29502968755,-2.08163081303,-0.54583401434,-0.0761365640548,1.29495563752,-0.210893029161,0.280104837175,-1.51588467552,1.07483154496,0.230976364387,-1.38383948638
-0.321359040687,2.11612156916,1.29769274624,0.0968397581438,-0.663687976517,-0.634155001144,1.05360150422,-1.08519164852,0.118120495136,2.30734497655,-1.42596984119
-2.69946760739,1.04264818118,0.664019151761,-1.16699291281,0.168955151381,-0.352108960056,-2.40704179584,-0.97731728159,9.86350787594,0.862991249925,-3.53031918171
1.14897722347,-1.9760437728,-2.13867033355,2.11086357203,-0.975874570476,-0.0539460070257,-0.0815178661062,0.356563353182,0.186527843948,-3.68528306813,5.07103861584
-1.24082535562,-4.28711323625,-1.67088255753,0.937123838947,0.903762814324,-4.04858419537,0.797783852004,1.3448128026,0.400719981186,0.572801196672,2.16271390071
-3.30089822692,-0.0853898734162,0.732506811942,0.771539708605,0.0880257666731,0.0273190968648,1.18259642744,-3.92397682162,0.946084156863,-0.278749641388,-5.02935902645
-0.0979895104809,2.50731352696,0.941120341635,1.25921978569,-0.436966871021,-2.84551270582,-0.22011639559,0.232402836816,-0.748816270821,-1.60000265349,-0.874635873129
0.585755900278,0.998199360921,0.756895412556,-1.14519731279,1.10957534386,-2.78658793187,-3.35242387242,0.315307316106,1.46415815696,-0.0494355683715,1.07918587215
1.69407599206,1.2828834224,1.80988058146,-1.9470524201,1.38002270266,1.35220212988,-1.27223096361,-2.07267089556,1.0942949997,0.770257243135,1.99444422291
-1.28119718456,1.68411830265,2.05688162115,-0.187687934978,0.0186613922824,1.81759448728,-0.128631207465,0.124666883968,1.97173497407,0.0966292987441,-0.84779303287
-0.379419239763,-0.251004056649,0.601037158671,-0.235617634365,-0.160205462629,-0.60484454079,1.31651726208,0.736189871954,5.75419973471,0.727369541617,0.668306964911
1.81859398475,0.390509455313,1.87099700855,0.664328999618,1.63873942851,0.878189368351,0.270156246684,-0.258525181987,0.496711167998,0.0668633198071,4.5519941959
1.71246984391,-0.999279644949,0.738159357259,-0.702886213503,0.223153887556,0.644041081865,1.58751034057,1.53653584974,0.654572297148,0.669981169287,4.29849612239
2.30761184266,0.671162472763,0.171478263069,-0.293570615347,-0.576347811011,1.21288439283,3.90048865185,-0.864264617618,-0.964297557523,-2.41712752403,3.35248560024
-0.687828695937,-0.112835233977,-0.442827921754,-0.474883100996,0.38254408172,-2.31598634638,-0.0181420922187,-0.718850384199,-0.407892105006,0.0508584265479,-3.45084393885
1.44584878673,-0.518126655307,2.18696956407,-0.530627922774,-2.99567168005,-1.68279859466,2.4381500568,2.96738980293,0.0793426650522,-0.0462052616825,5.67241990231
1.03585411661,-1.22524966358,2.58229217179,0.960299397979,-0.107775508427,-3.68031968675,-1.10835623875,0.647522300375,0.348933376506,-0.395664702315,4.96178087314
0.898691274448,0.958222697016,-0.400469627451,-0.060606530107,-0.123695961961,0.0689899143353,-0.210300979088,-0.546147078644,-0.664805561612,0.150872403871,0.546685516224
-0.3295600782,-0.801630749053,1.33284819421,1.05460139674,-0.406692487204,0.225104800353,-1.0398418358,0.609304418634,-2.81638471007,0.9674444965,1.97213765392
-0.469959664146,0.159810920232,1.84505415988,0.941349133215,-0.71085955349,0.141673956592,-0.208305403269,1.1629388388,-1.6970441559,2.39350528989,0.827499426988
-0.973438875093,1.05493589293,-0.369420234628,1.9193074592,-0.0171420536359,0.632146737808,1.42861585143,-1.08545847127,3.73764276914,-3.06449607588,-1.14894579642
2.05413492928,-0.615382927959,0.410502827662,-0.0445315544985,1.01103433259,0.0516315825535,-3.82319107817,0.32448647977,2.02374574179,0.476704997599,5.92394841223
-0.261977780109,-0.0348051127444,2.16061635902,0.0667746466717,-2.68955667069,2.17366901822,0.686981305623,-2.59349639608,-0.271654870337,-0.0772027791209,2.77683159027
-0.905152481623,-0.25108792139,-0.246991441564,-0.00855759242457,-1.4300628342,0.265547596689,0.0354653235619,-1.67798190942,-0.753166229393,0.501655770536,-1.21796153142
-0.479026819292,1.71213637073,0.348680511259,-0.33669441203,1.89419021846,-1.62399838314,0.900407790528,-2.76141436461,-2.42457939411,0.682396349142,-4.98267118751
-1.34907984574,-2.22445658063,1.29217806779,3.12502130832,-0.923025828707,-0.230845601363,-1.75650315032,-0.200151548272,-0.213213615386,-1.07472609373,3.75483991988
2.04595602538,0.153952641162,0.0346350442725,1.3078832812,0.21457530161,-0.570541820952,-1.82267109877,0.431368320658,-1.5312853253,1.0838128323,4.27176209874
-0.646457931423,3.2414018081,-1.89723951485,1.61919663892,-2.14827071835,-0.538395562332,1.1475230749,-1.57873836254,1.59739043062,1.20631750438,-3.1172065861
-1.93745797497,0.183367803305,1.39391016702,0.973529443903,-1.56758223252,-0.746544907146,-0.344338281343,-0.940484371845,0.284934945421,-0.899720336351,-2.13097304797
-0.473123153094,0.057310139953,-4.25119788266,0.503365344737,0.524710590561,-0.995436855093,1.03680741968,-0.447804835172,-3.66383868106,-0.418211325004,-5.55562849524
-1.36937839225,-1.35457382492,-0.779298504214,-4.50547869903,-0.0102011882199,0.518573657438,-0.0667689336781,0.422112850534,-0.309814929352,-0.360627324391,-3.93519690587
-1.80785879744,0.404943368212,-0.415872002354,0.029442896224,0.0625218681652,5.7679156396,-0.286507019703,-0.227074932142,-1.05393717403,1.02673188187,-1.92084202535
0.270045022321,0.191362641017,-0.322670259854,-2.38583599959,4.83643321111,1.55578933523,-1.59293913487,-1.99186544537,0.782309979659,0.875466021541,-2.8341990804
0.168122678559,0.790338015899,0.587879587166,1.05459005127,0.602223183009,0.129832190752,2.11464976653,0.699525062258,0.0637554100922,-0.146938915162,-0.62309404012
-2.27480093,-0.643834210526,1.0503289968,-1.14493505902,-0.581754932619,2.76970457504,0.914369674569,1.22634065071,1.6990767528,0.0749959083818,-1.67685015387
0.191655209597,-0.834078287014,0.139484176146,0.717977272396,1.09079858539,-2.6361677381,-0.136769344028,4.10901121537,0.734396561562,-0.287142151406,2.03972076562
-0.35897023691,0.390694308278,0.168799876218,-0.349130067886,-0.109049646439,-0.543056989597,-0.183865002527,-0.639015717556,0.281511140807,-0.0049539213399,-1.29229615693
-0.0788400258296,0.112144465224,-1.21894541234,-0.259900508028,-2.61969954293,1.45267863106,-0.917689129756,-1.21629987679,-0.194364540733,-1.793519788,1.35197822589
-2.32354858044,0.454692511631,-0.0415709409344,0.209807400802,0.638338207735,-0.172165002118,0.206558125644,-0.051860571803,-3.22913560475,1.04570492319,-5.64552837272
-0.390778486944,-0.0365861671363,1.15086152689,3.19288533856,-0.112739820861,1.52436188176,-0.142932003061,1.34944687488,0.83286687597,-0.830171479643,3.88297987231
0.0410032699825,3.81132135824,0.127269762808,-0.580787541212,0.978171272041,0.663596738004,-0.346197894541,1.16912472854,0.320995371065,-0.595227155146,-1.11385931431
0.201373014315,-2.1328117326,5.58959284687,-0.373364467818,0.0906371621391,0.211366618578,3.24803891815,-2.01095433895,0.98078023761,-0.602663644826,6.3964254502
-0.946597552077,-0.00875963573072,1.96206419468,-0.0950446700791,1.02418894458,-0.521640692733,0.169782155017,0.975755621308,-0.489051582726,1.6205517083,-1.22535330114
0.124958528701,0.0338928909083,0.898954588086,0.082286669015,-0.0301479574182,0.709182666341,-1.05237041053,-0.225103701878,1.06825157421,-0.124090791334,1.39028246316
0.925655954085,-1.89644065511,0.750971262649,0.874660010019,0.614016397632,0.00127732903238,-0.739569821492,-2.02329665334,2.19590993814,0.711390048455,5.10107640683
-0.0742843744781,-1.1125429318,1.15935887255,1.45396907921,-0.0436855745134,2.28647654135,-0.449465248249,0.278860935439,-2.03370658796,-0.00461851986947,4.37052454088
-0.0417450003285,0.950358643787,0.852056509699,-2.08155433218,-1.95882474347,-0.309928762915,-0.753885728412,-4.17675966961,0.537963733971,-1.07066987064,-1.41561522306
-0.119240797933,-1.28609525002,0.552464007831,1.05149453909,-1.45356278654,2.4039247959,-0.393988091464,0.784044922123,-0.174880469658,-0.385564243157,4.37088608771
-0.33055069246,0.843299963229,-1.69540035398,-3.55216431229,-0.278055992108,-2.62470307306,1.6217766445,-0.722150073654,1.28908428898,-1.21444514064,-5.69848851571
-1.69527738386,-0.904961122176,1.50689923343,-0.601199091829,-0.255776271399,-1.78332538279,0.0514310489976,0.478434639582,-0.893532082913,1.79089608161,-1.67251414429
-0.103933628786,-1.96810906816,0.690047381335,-1.20855322736,2.23477043444,-0.0428557572136,-1.40633353868,-1.59337998127,0.165922034163,3.34633318035,0.982583638625
0.0747494751142,-0.603158502539,0.0105249548488,-0.0104824350627,1.39426839333,0.553995657443,-0.328791167294,2.95931989289,-0.680106061603,-0.0794329097636,2.37708481917
-0.305585590801,-0.522692284009,-0.621012308088,0.0893085825354,2.89929678364,-0.490420090579,0.855994042819,0.168310959485,0.335382411814,0.150434092758,-3.54581129484
-0.57312978688,1.49192443077,-0.675388559592,-5.08291743302,-1.57552244006,1.67457469146,-0.697742060074,-0.402402746424,1.79916372794,-0.518037950165,-2.82526945095
-0.168052602574,1.06543575853,-0.766352979916,-0.00660957662267,-0.325756277369,-1.91703216693,-0.567661326508,0.150853887724,-0.314220595712,-3.07567962151,-1.74484994614
2.10941120633,3.86494987148,0.929605203616,-0.440961681089,-1.14493258987,-0.248506582873,-1.08519477014,-0.38303548525,1.38930914993,-0.867906745577,3.47352687368
-0.902383198353,0.421166033887,-0.0985810262756,1.30228697952,3.12615047851,0.442651222896,-0.694228186366,5.39325982288,-0.0463305937475,-0.363112148799,-0.412810311554
-1.39232757307,-1.30114809925,1.68993218275,-0.404288083924,1.92286112843,-0.958860686382,-0.547435046507,0.606056575205,-0.399607160333,-0.468628098636,-0.436343555982
-0.314665345123,0.668728130315,-2.23699540995,0.624603737052,1.92336816495,-1.66819177505,-0.310104801241,2.02389448277,2.15311558837,-0.56135908767,-2.94447695071
0.645760029029,-0.321327806833,-2.35822075038,-0.117727998742,2.12561222977,0.468431679903,0.46636504003,0.119157081932,0.762286325195,0.283128683845,-1.47713590913
0.643421962791,-0.827239370312,1.59804236841,1.05283436533,-0.423240819461,1.41628844172,-1.24288856159,-0.410250324846,0.575228513171,-0.272553874174,5.63716346674
1.04506003348,-1.63800825659,0.152968790366,0.22537847536,2.74204736123,-0.156684078337,3.80728443756,0.100170773402,-0.0831678015018,0.288991887594,1.69820988592
-2.89334333535,1.40490977411,-0.518431756909,-0.407924840239,-1.19363660467,-0.161241916021,-1.55846776471,-1.41664674099,-0.470067355861,0.233743206228,-6.16170744141
1.54082888594,-0.421784976059,2.97404377334,0.660081025267,-0.64657809566,0.446671716448,-1.61625655143,-0.0339960977381,0.348620849877,0.818846322975,7.61168441461
-1.05881162428,-0.582527892068,0.276571044624,-2.07526570823,-0.0416692473289,0.534452813928,1.19426864797,0.565886352383,0.263885491288,-3.45267616171,-1.93425003438
-0.313245383779,-0.0417465671715,0.393354391799,0.135113824639,1.65261856338,0.30687018754,1.49786075956,0.0930680788978,0.194325521916,1.40025792253,-1.58359008498
-1.34586799537,1.08636390426,-2.4493385979,-0.190162528811,-0.546323052504,1.37432690479,-0.641498276688,-1.62968088087,-1.14737527643,-1.15520191006,-4.17724275471
-0.916925926919,0.267649166424,0.078029488224,1.14363335943,-1.58612249798,0.021273027737,-1.29126198169,1.10619629166,-0.3599180974,-0.67866382239,0.0696625472078
-2.17499154025,0.674135224544,0.000575416143624,0.336252021891,0.173397237382,0.0108523937576,0.948376196025,-1.6599402476,1.04686371616,0.180719527319,-5.11970762891
-0.00958840675929,1.78558064874,1.24949585243,-1.63784847442,0.290026022057,-1.0406039502,-0.596976804828,0.130534131467,0.117627066301,2.42661867682,-2.36564429665
0.790178431668,0.928269402145,-0.0526062056623,-1.45705042772,-0.785671213285,0.679363950603,-0.867475187485,-0.475139519512,-0.115266084379,0.18244102416,0.820539447574
-1.28117771046,-0.758762166534,-0.874713370166,-0.479046566784,2.04941356977,-0.487183847125,0.580621116157,0.569629260044,-0.67061803236,1.30606849278,-3.74458272705
1.10031716751,-0.449210067404,-3.37013831701,-1.18654864543,-0.267337530399,3.1144974834,1.6703160565,-1.46038538566,-0.474219630375,0.603644067797,-0.0238173090385
0.485538321327,0.276027031546,-1.2368573014,0.640038624173,0.0258603177126,2.14307615081,5.8816093205,-0.0957539165294,1.29637109188,-3.15050104226,-1.0441042409
-1.10254001938,1.45403428496,0.697753055212,-5.95057760263,0.664833152427,-0.220639596303,-2.17782545184,0.87743204229,0.281166437072,0.11590162042,-6.08747413081
-0.477156806323,1.26269357514,-0.808608942291,-0.280476793036,-4.90232897625,-1.05038535409,-0.0532146267148,0.763934716472,0.116643764464,0.404837231866,-0.850371087281
-0.159858323254,-1.96209723956,0.180264392383,2.26568462222,-0.184168581857,5.59368212166,-0.572388511129,0.253501871366,-0.47337234422,-1.29239862455,6.20640047461
1.87069586867,-1.30000838354,-0.191599727246,1.86403579596,1.65281026485,-0.353666740894,2.6841682338,-0.439281220951,-1.79522066305,-0.367640445627,2.58754951136
-1.52524133471,0.258369338154,0.272275038372,-0.482433143947,-0.406552248395,-1.47730804943,4.22668786454,-0.173821711065,0.069235758263,0.639169667778,-4.40903778131
-0.680785108326,1.13225842977,1.53859860855,-1.07186403431,0.64741748584,-1.7029002592,-0.324254742055,-0.588560467412,1.67423439725,0.400420906409,-2.08749224135
0.616582845001,0.441750390328,-0.960802691476,-1.55833646726,-0.629343654418,-0.277000236996,-0.89436848405,0.0913141025151,0.0631378760999,1.42828289732,-0.699105244619
-0.265515370624,2.9174569029,-3.36622057902,-0.60615496688,-0.789936132491,0.260549490288,-1.18370802842,2.07177702466,0.844268167457,-0.163561363069,-3.24487383227
0.50965710094,0.708395332664,-1.24973046691,0.32850471702,1.9505916962,0.399754647791,-0.000592479415679,0.320906111805,0.240969327936,0.111228455443,-1.4464519333
-0.98858604853,-0.586630184294,0.80028882348,0.00210936009665,-0.122259713733,-0.474752210635,1.16938243364,-1.54916629464,-1.53779732873,-0.994929688769,-1.39786297778
0.0957858652978,0.8750918712,0.322967551333,0.701768786229,0.203929784119,2.46076364102,0.0741534955699,0.427126076927,-0.25135761944,-2.46892719434,1.01091520822
3.4129895752,-0.0330139406085,0.838496903889,1.24930801724,0.727315636835,-2.32591417688,-0.386368694117,2.1069118155,-2.99304068927,0.231662723125,6.90881519359
2.63044107839,0.927458549656,0.332429301825,0.145365517851,1.5144960679,0.960886285353,-1.43537789002,-0.839264694063,0.431043496959,-0.128313324959,4.33052926127
3.07651180682,1.92287849077,1.761134261,2.58296730116,-0.29916633546,-0.433967638132,0.230354485934,0.460885675762,-1.30382972724,1.87987387741,5.3150589943
-0.398523129141,0.206959516688,0.778760351037,-0.0908335485442,-0.423250278088,-0.698675674043,-0.510437192217,-2.87113763907,-1.11856083603,-0.46848321366,-1.58681734799
-0.338841029241,0.311535975186,-1.8300571934,0.827743022361,-0.0413229388595,-3.3402458231,0.34454145538,-0.544937231259,4.68962679702,-5.1315676276,-2.1964283966
1.96309949808,-0.164311673981,-6.97791947775,1.53927534326,1.06145860767,-0.920172126041,-0.586003651061,-0.480007777947,-0.170032450266,1.49021703634,-1.16499002653
0.638545696734,-1.58942760912,-0.549301973857,-1.2825080107,0.186046660611,-0.237539510812,-0.364369626433,1.49842604254,-1.54594138531,-0.372955099002,1.57311352239
0.052948858809,0.426473870513,0.200228108129,-1.1631490622,0.672761721868,0.223911124679,-2.74961443532,-0.137526520503,0.528772798133,-0.501013003344,0.24256018114
0.492746141275,-0.0135976429653,-0.732449304777,-0.11317098257,0.870985128276,1.88848131506,0.659775784875,1.96043296861,0.429251577472,0.256102688288,0.613115568396
-2.16024192958,-4.34584988548,-0.844133734612,1.75862061785,-0.220541859383,1.64940735376,0.147848290809,0.791078536478,-0.595032959527,0.636173861875,5.05369442467
-1.44062364725,-0.506067090816,-0.551114823401,-0.356498264071,-4.00439591685,-0.715106181698,-0.932410582402,2.418729291,0.146984480161,0.0409849575509,-0.0368808138418
0.33181959463,-0.917718165219,-1.8059537328,0.144698921856,0.655325229336,1.33779201596,-1.65777318696,-0.424841324693,0.564570520069,-1.27142406472,1.35938266834
-0.143553945135,1.07682502296,-0.673845131086,-0.19274091425,0.14081200747,-0.156793954775,-1.07075585137,0.0682375636011,0.277675557167,-0.0794289591226,-0.938546023633
1.42684881246,0.275125015245,-0.46854816609,-1.43516505585,-0.38026415474,2.37438750803,-0.1574290746,0.373703253828,0.32120532567,-1.85045203446,2.55397583322
-0.393390241743,0.953616053689,-0.369640021551,0.515610267709,0.811402083153,-1.74266065259,2.46020549687,-0.128502242526,-1.61187393057,-1.07118694991,-2.88251446762
0.170478127417,-0.525212929532,-2.39262020206,1.59680255064,0.470523166308,-1.45328708901,-0.729818651305,-0.411458989957,1.54491706204,-1.16343112808,-0.311292118651
0.15370239154,-0.689028815366,0.671562870424,5.73743225405,5.08384934983,-0.0550540195534,0.0409633438578,1.29116381889,0.279635820171,-0.427081861855,2.72174093674
0.459182073858,0.34943620829,0.0165422028887,1.00705542146,0.685385611529,-1.22318605334,-1.49849007353,0.35333832538,-3.24956960591,2.25077424524,0.251792940574
0.0266404211795,0.801923795017,1.35170202039,2.84282594193,-3.97514050804,0.162208631789,-0.462456183738,-0.80982226031,-0.43329283362,0.034008175017,3.29905711195
1.6569494797,3.31295219017,0.141787382782,-2.21225923036,0.0874158024639,0.711342129298,-1.83654346882,1.79639070066,-0.144154762587,1.01185048467,2.33142268521
-0.203775467378,0.410490309255,1.98941803989,2.22973956992,0.0163735415525,0.62560969089,0.190153867396,-2.33955974432,0.563534677398,0.483928993915,2.10036974679
-0.519871857997,0.203257640568,-0.506672564496,0.384232286277,-0.251235096566,2.03822796546,-0.609332069555,3.0629367136,0.0663422162032,-0.266920602926,1.21801608037
1.59839269893,0.200956175066,-0.567535812493,0.66413885086,-0.615741413334,0.326598397184,1.0983667005,1.08611058327,-0.58590402584,0.0110634743982,2.86907411948
-1.93625640665,5.34715142734,-1.27663293472,1.35617929386,-0.811035348477,-2.12669284184,-0.524782313304,0.496484050792,-0.616721775142,0.294415325736,-4.63286439501
0.872225902528,0.581005897914,-1.2457566625,-3.89784905149,-0.239070816721,-1.26373994512,2.080931635,0.256505941118,1.38019414992,0.70609604788,-2.53416643353
-2.19159366032,-0.596075029815,-1.16622354898,-2.19288010827,0.482986262545,-0.116595559613,1.21248717835,-0.022230351632,-0.497284113386,-0.0587272817655,-5.84151049444
-0.275935387725,-0.219311955193,-1.76706663109,-0.857278936235,-0.535324332963,-0.930293369854,-0.0788459160773,-0.747001669211,-1.26189926665,-0.00621703761616,-2.2974553216
0.108358115221,-0.117003723397,-0.0615493493879,0.67857298517,-0.944754466059,-0.549808234722,-1.2451762457,-0.757040848389,-1.07750421168,-0.0447758247714,1.4517035731
0.199590012132,0.775248442268,-0.606433942832,-1.02583218997,-3.27637560303,0.421165801143,0.513749374554,0.347250233393,-0.173312041606,-0.681527638075,0.215040137694
-0.416798921513,1.22016456022,-0.393320139499,1.63510868178,1.42104777987,0.494664204849,0.176747980901,-0.691977565758,-0.173564018236,-0.242968606253,-1.81956858816
1.20472833186,-0.0791104888683,-0.117039716869,0.08546573224,-0.421456650859,-2.52371252649,3.49619418117,-0.0862618490931,-0.245162396217,0.0364317338748,-0.175102595185
-0.328894249933,-0.701750477992,-1.68144655184,-1.92631271325,1.25188056974,-1.45486486236,1.44188313924,-0.904221175098,-1.13119017287,3.09151835859,-4.16864196633
0.144392919449,-0.0423986335836,0.633111182893,1.14271403633,3.25071975043,-0.380396153811,0.564649510845,-0.482923931196,-0.3368549589,1.76394566402,-0.948627161181
0.629773700284,-2.24234789788,0.681335115379,-1.18745630367,1.20052146079,-2.11763923699,0.213390952957,-1.20637328569,-1.24939168313,-0.0426524790773,2.08952366199
0.398495948011,0.109029737424,0.0308319673327,-1.57478035733,2.9640396776,1.72673702294,-1.06194905635,-0.823671668134,-3.01938423008,0.270492955362,-1.41699300902
-0.578536969957,1.46584880966,-0.576588784808,0.0994507826999,1.11765145161,1.69273856173,1.98110508973,0.160239629676,-1.2979197421,1.10546978625,-2.91902069691
0.991542111432,-0.232023864722,-0.0342704932536,-1.18101600601,0.311637350318,-1.40807654289,1.88443002326,1.93968157659,0.319365814202,-0.87267507735,0.567051631007
-0.88187291858,2.48561687674,2.19917169442,1.08492844736,-0.104423681394,-2.52291185942,-0.681360939196,0.892013520108,2.9738065699,1.47819488373,-0.971145335855
-0.770212848132,-1.80851787965,-0.467339997959,-0.424868650193,-0.993255210345,0.286321125293,1.80964104898,-1.30678579778,-2.84548018871,-0.0582608845,-0.0264657948195
-0.00613631565981,1.10319258092,1.01428032566,0.66841433816,0.836802208988,-0.224510604431,0.48181371594,0.153700441816,0.353321053343,1.33734651512,-0.701689213778
1.58843658655,0.020179343455,-3.61429734799,-0.554185037066,0.406639659123,-2.10642142222,-0.178378059834,0.275536401096,0.696067456243,0.826787659933,-0.96476046659
0.754764894277,0.992994143204,0.0581630011383,-0.748217390252,0.185905011032,-1.53959089635,-0.317763251781,1.00067388376,0.996133641316,0.88299504938,0.278331544968
0.0651651181008,1.35687994342,3.93337087463,-0.60131394036,-0.515939080598,0.784946738348,0.267582554773,0.596248557213,-0.429768818628,-0.398178368219,2.99643323653
1.42847157282,0.373136302878,-0.926976583875,5.45664223196,0.0124018290145,1.32093721557,0.444061623314,-1.21532767891,-1.61139324901,3.26241128345,2.89103363573
1.68377120201,3.28616143224,-0.995660631599,4.56714420296,0.570659760648,-2.62703694787,-1.5979735403,0.545164589447,-1.32990810975,-0.751767910664,2.55152565166
-0.201685745183,-1.30936106863,0.0772013468811,0.554885198205,0.351434334296,0.588883933273,1.46747018978,0.174478286163,-0.119227060913,-1.50839609338,1.39870781818
-0.980413327274,-3.12317760333,-0.450774332181,-0.219620052743,0.477497008444,0.481288414393,3.54404078037,0.995790510451,-2.38612608729,0.0733971409884,1.00881108596
-0.00634860506349,-0.0649657584357,0.378341192273,0.159309867173,0.00280339521097,-2.8816645074,-2.16676606852,1.48862181982,0.273944501033,-2.20948053184,0.66681904726
1.0730325989,-0.273528727497,-0.333923462573,0.627197695626,-1.69930631848,-0.856188113366,1.65294050378,0.556013660175,-1.21567029657,-1.27240979675,2.90516036116
0.856450849967,-0.0641668248779,0.841755523372,0.209229304422,0.130916110868,-0.0361587665506,2.26532082329,0.0872874406057,-0.525926336814,-0.703886038078,1.66468034622
0.185148498809,-0.464971103343,-0.719754885208,-0.927560827305,1.02786493243,-2.80696739844,-0.274230646651,0.0470712101727,0.816295795808,-0.684596740354,0.0110514438087
-1.76101390659,-0.329692758568,1.01803987884,0.0640239828825,0.28960164024,2.95627770006,-7.00672930568,0.321927167096,-1.38026132233,4.21055605488,0.120041747942
-0.24757836505,-0.750565595857,0.977000118708,0.549109081198,0.621516357997,-0.812527774634,0.148575524799,0.0457718562721,0.956320684233,0.0375967979134,1.51215130061
0.141527642376,-0.963786745006,-4.26050402882,1.43399127382,-0.716535487837,0.717020935949,-1.78283426423,-0.80247682824,-2.77318622962,1.07730151246,-1.9242626681
0.0310440930495,0.596817278865,-0.393731183141,0.411575647495,-0.229912222244,-2.16547054443,0.0124983236306,-0.527793240893,-0.0320555882585,4.20883627292,-1.6424129283
0.203548563789,-3.39568643605,1.02366965042,0.455769385391,0.343013415806,0.952701443646,0.764791129169,-0.290846670604,-3.19575159558,0.0708150603486,5.86542637194
0.137770193339,0.873613465889,0.313597781876,0.0963361433244,1.58424262484,0.236122346105,0.323937807999,1.07966369144,0.620379845987,-1.29246912132,-0.793546975394
2.07175600768,0.444403813041,-3.21452238783,0.654089829945,1.40434723827,-6.26752012674,0.0671680098827,0.8672241478,-0.0605488831415,-0.277881926184,-0.99930314908
-1.56919615681,0.00747592824499,-0.23003624801,-0.000595325075965,-0.440488580275,0.504954732156,-0.296571315392,1.2262979511,-0.659181825198,-0.130957282883,-2.96123977461
-0.112199324435,0.0862075732504,-0.100902562347,1.41202810796,0.00137323452873,0.3276149279,-0.616758271098,-0.601274021654,-0.140470062612,0.167256946875,0.382954435117
0.361718482099,-2.25438206134,0.487478339426,0.200286820974,1.53217160062,-2.7314966223,-0.269015904943,-4.47369455802,-0.368495974623,-0.731569056542,1.64267365399
-0.682363715226,-0.273442076559,1.32451752772,1.02524529083,0.570668922654,-0.239084311415,-0.994423853119,-1.12108207411,0.136223047522,1.49899480869,0.463636407324
-0.0827371618431,0.00489238000283,0.190238491192,1.21387064362,0.121808838263,-0.21017998541,2.02807865868,0.891773782667,-0.904284341929,-0.398352574622,0.116130854795
2.3040386813,-0.280852718101,0.15875184427,0.489689358199,-1.67807537962,-0.363696056629,-0.323239467108,-0.273798803905,0.00559059729548,1.57984957405,5.53968468114
-0.471472566122,0.44431308886,-1.57450044824,0.0618650257617,-0.356726589239,-0.830042107396,1.49972030036,0.301892560162,-0.0879218090461,-1.73369948872,-2.95325759681
0.871784171503,0.710060312708,0.168046582048,-1.51232554107,0.309165914271,-0.0766371985502,0.0684484817595,-0.961747951044,-0.872688782907,0.287156367731,0.409955660532
1.76734072868,1.28707564293,-0.643043000745,-1.93673831166,3.16138274118,0.0406247523227,1.23748753496,-0.0705501422722,-0.395150113316,-1.68347646582,-1.41933768826
-0.084493691287,-3.41803063343,-0.0599136016919,8.69203762073,0.935813940515,-0.0987721977787,1.09443890835,0.308223409844,1.00027818859,-0.397001637172,8.73580107373
-0.0390432682712,0.074549514399,0.157142877385,0.418938464894,-0.413162530896,-1.79844328135,-1.03202466846,-0.366642923137,3.03635500924,-0.799364098308,1.11837646518
1.18618527218,0.772303403988,-0.639271436336,0.971992451469,0.464524367979,0.0133969144932,-1.79155044179,-0.518170533332,0.509983089506,-0.445813606914,0.525993435318
-5.43253943627,0.469173219247,1.70630155022,3.53018345643,0.829262813649,-3.12809237433,0.0580084001769,-0.704330791785,-2.20277978246,-0.23322359173,-7.08577911247
-0.0347590518969,-0.813363606692,0.81235344602,-0.982848156838,-0.704844839545,-0.498204135176,-0.603987804642,0.0420857920846,-0.466640038063,0.535311648089,1.24775790699
3.81730993232,3.39095756628,-1.1032790502,-2.03777032888,-0.618347763673,0.695063643418,0.125220218205,-4.31271234004,-1.09106606256,-1.01101893114,1.00070802634
-3.91475604183,-0.941345415034,-0.163405276178,1.26033316186,-0.967286999651,-0.905379813497,-0.0586154048525,-1.5756628128,-2.10374619673,-1.36550147632,-4.19595300148
-0.717675735227,-0.20000990385,0.0451077652295,1.41000607612,-0.301737186514,0.608621077954,0.901587261769,0.925104123227,2.31265541751,1.01151579137,-0.386761206767
-2.06996419717,-1.56300278556,0.541923832777,-1.8989677394,-2.65574069504,0.541570223307,-1.27852785208,-0.288576555554,1.07265551626,-0.23946949725,0.36192665192
0.463754643641,-2.00036035131,1.18329355373,5.01616663857,-0.232598692739,1.32357725208,2.41092973381,0.614451317132,-2.70188875337,0.369055040555,7.91575713024
0.640127431024,-0.237492047559,0.0272208527097,1.00243521487,1.41887018364,0.221165750419,-2.12110543792,-2.10839878671,0.215703828517,0.453593452485,1.58133485909
0.218441839464,0.594664647096,-0.156568194463,0.162753715356,3.86315775618,-0.188678487463,0.359087933061,-0.167000707911,1.01871988124,-0.209575560878,-1.53507009333
-0.0536114510583,0.68102524568,2.02612123079,-0.808301775025,-0.700825267524,0.247985531458,0.719070845996,2.66239090244,1.93426576293,-0.749503836865,2.65430082183
0.849501558735,0.306391976444,-2.29170765965,2.23678032707,0.347219584746,0.0059695878561,0.0444407488429,0.694714573404,0.26457106838,-0.29369471438,0.951011479848
0.210283360891,-0.770335155938,-0.0186041506589,-0.169609414831,-0.356595095485,3.25889707457,3.93780404093,-1.20080573069,-0.729261424055,1.180941503,0.451456896133
0.671885517356,-1.35012480291,0.793236248255,-0.869456761151,1.41873428499,-0.219665251611,-0.416439328022,3.69447429241,-0.0289510666921,-0.483301439818,3.51021851754
-0.466192296745,-3.29807018708,0.517005481304,1.85348360979,-0.265273026283,-0.0908933290457,0.194701447875,1.29922319105,-0.143974548206,1.28769535646,5.84572035222
1.05601979761,0.688744535523,0.347357024663,0.2514242642,0.39586523699,0.267182754323,0.598778609091,1.36573264395,-0.620668227013,0.222042473672,0.841100341451
1.42533235764,-0.54558947323,-3.81759071926,-0.0755547564971,0.876884019058,1.30827652675,0.0803940339454,-0.412812389676,-0.435038832155,0.114074269978,0.670467287405
